{"type": "FeatureCollection", "features": [{"type": "Feature", "properties": {"artifact_id": "22f4c90ac1394da9b77e04e39bfe6f60"}, "geometry": {"type": "MultiLineString", "coordinates": [[[-100.87595290686006, 21.333379280960234], [-100.87591544490948, 21.33338782594828]], [[-100.87595290686006, 21.333379280960234], [-100.87594378662347, 21.33334418187455]], [[-100.87594378662347, 21.33334418187455], [-100.87590632468093, 21.333352726859985]], [[-100.87591544490948, 21.33338782594828], [-100.87590632468093, 21.333352726859985]], [[-100.87591544490948, 21.33338782594828], [-100.87587798295388, 21.33339637092828]], [[-100.87590632468093, 21.333352726859985], [-100.87586886273337, 21.333361271837365]], [[-100.87587798295388, 21.33339637092828], [-100.87586886273337, 21.333361271837365]], [[-100.87587798295388, 21.33339637092828], [-100.87584052099328, 21.333404915900235]], [[-100.87586886273337, 21.333361271837365], [-100.87583140078083, 21.33336981680671]], [[-100.87584052099328, 21.333404915900235], [-100.87583140078083, 21.33336981680671]], [[-100.87584052099328, 21.333404915900235], [-100.87580305902767, 21.333413460864143]], [[-100.87583140078083, 21.33336981680671], [-100.87579393882328, 21.333378361768]], [[-100.87580305902767, 21.333413460864143], [-100.87579393882328, 21.333378361768]], [[-100.87580305902767, 21.333413460864143], [-100.87576559705707, 21.33342200582001]], [[-100.87579393882328, 21.333378361768], [-100.87575647686072, 21.333386906721245]], [[-100.87576559705707, 21.33342200582001], [-100.87575647686072, 21.333386906721245]], [[-100.87594378662347, 21.33334418187455], [-100.87593466639187, 21.333309082787924]], [[-100.87593466639187, 21.333309082787924], [-100.87589720445736, 21.33331762777074]], [[-100.87590632468093, 21.333352726859985], [-100.87589720445736, 21.33331762777074]], [[-100.87589720445736, 21.33331762777074], [-100.87585974251786, 21.333326172745505]], [[-100.87586886273337, 21.333361271837365], [-100.87585974251786, 21.333326172745505]], [[-100.87585974251786, 21.333326172745505], [-100.87582228057336, 21.333334717712223]], [[-100.87583140078083, 21.33336981680671], [-100.87582228057336, 21.333334717712223]], [[-100.87582228057336, 21.333334717712223], [-100.87578481862387, 21.333343262670905]], [[-100.87579393882328, 21.333378361768], [-100.87578481862387, 21.333343262670905]], [[-100.87578481862387, 21.333343262670905], [-100.87574735666936, 21.333351807621526]], [[-100.87575647686072, 21.333386906721245], [-100.87574735666936, 21.333351807621526]], [[-100.87575647686072, 21.333386906721245], [-100.87571901489315, 21.333395451666448]], [[-100.87574735666936, 21.333351807621526], [-100.87570989470986, 21.33336035256411]], [[-100.87571901489315, 21.333395451666448], [-100.87570989470986, 21.33336035256411]], [[-100.87593466639187, 21.333309082787924], [-100.87592554616526, 21.333273983700344]], [[-100.87592554616526, 21.333273983700344], [-100.87588808423881, 21.333282528680538]], [[-100.87589720445736, 21.33331762777074], [-100.87588808423881, 21.333282528680538]], [[-100.87588808423881, 21.333282528680538], [-100.87585062230737, 21.33329107365268]], [[-100.87585974251786, 21.333326172745505], [-100.87585062230737, 21.33329107365268]], [[-100.87585062230737, 21.33329107365268], [-100.87581316037091, 21.333299618616785]], [[-100.87582228057336, 21.333334717712223], [-100.87581316037091, 21.333299618616785]], [[-100.87581316037091, 21.333299618616785], [-100.87577569842946, 21.33330816357284]], [[-100.87578481862387, 21.333343262670905], [-100.87577569842946, 21.33330816357284]], [[-100.87577569842946, 21.33330816357284], [-100.875738236483, 21.33331670852086]], [[-100.87574735666936, 21.333351807621526], [-100.875738236483, 21.33331670852086]], [[-100.875738236483, 21.33331670852086], [-100.87570077453155, 21.33332525346082]], [[-100.87570989470986, 21.33336035256411], [-100.87570077453155, 21.33332525346082]], [[-100.87570989470986, 21.33336035256411], [-100.87567243274535, 21.333368897498648]], [[-100.87570077453155, 21.33332525346082], [-100.87566331257509, 21.33333379839274]], [[-100.87567243274535, 21.333368897498648], [-100.87566331257509, 21.33333379839274]], [[-100.87596300808671, 21.3332654387121], [-100.87592554616526, 21.333273983700344]], [[-100.87596300808671, 21.3332654387121], [-100.87595388785705, 21.33323033962618]], [[-100.87595388785705, 21.33323033962618], [-100.87591642594367, 21.33323888461181]], [[-100.87592554616526, 21.333273983700344], [-100.87591642594367, 21.33323888461181]], [[-100.87591642594367, 21.33323888461181], [-100.87587896402526, 21.33324742958938]], [[-100.87588808423881, 21.333282528680538], [-100.87587896402526, 21.33324742958938]], [[-100.87587896402526, 21.33324742958938], [-100.87584150210186, 21.33325597455891]], [[-100.87585062230737, 21.33329107365268], [-100.87584150210186, 21.33325597455891]], [[-100.87584150210186, 21.33325597455891], [-100.87580404017346, 21.33326451952039]], [[-100.87581316037091, 21.333299618616785], [-100.87580404017346, 21.33326451952039]], [[-100.87580404017346, 21.33326451952039], [-100.87576657824006, 21.333273064473833]], [[-100.87577569842946, 21.33330816357284], [-100.87576657824006, 21.333273064473833]], [[-100.87576657824006, 21.333273064473833], [-100.87572911630166, 21.333281609419227]], [[-100.875738236483, 21.33331670852086], [-100.87572911630166, 21.333281609419227]], [[-100.87572911630166, 21.333281609419227], [-100.87569165435825, 21.33329015435658]], [[-100.87570077453155, 21.33332525346082], [-100.87569165435825, 21.33329015435658]], [[-100.87569165435825, 21.33329015435658], [-100.87565419240984, 21.33329869928588]], [[-100.87566331257509, 21.33333379839274], [-100.87565419240984, 21.33329869928588]], [[-100.87566331257509, 21.33333379839274], [-100.87562585061364, 21.333342343316612]], [[-100.87565419240984, 21.33329869928588], [-100.87561673045643, 21.333307244207138]], [[-100.87562585061364, 21.333342343316612], [-100.87561673045643, 21.333307244207138]], [[-100.87595388785705, 21.33323033962618], [-100.8759447676324, 21.333195240539318]], [[-100.8759447676324, 21.333195240539318], [-100.87590730572707, 21.333203785522315]], [[-100.87591642594367, 21.33323888461181], [-100.87590730572707, 21.333203785522315]], [[-100.87590730572707, 21.333203785522315], [-100.87586984381672, 21.333212330497272]], [[-100.87587896402526, 21.33324742958938], [-100.87586984381672, 21.333212330497272]], [[-100.87586984381672, 21.333212330497272], [-100.87583238190136, 21.333220875464182]], [[-100.87584150210186, 21.33325597455891], [-100.87583238190136, 21.333220875464182]], [[-100.87583238190136, 21.333220875464182], [-100.875794919981, 21.333229420423052]], [[-100.87580404017346, 21.33326451952039], [-100.875794919981, 21.333229420423052]], [[-100.875794919981, 21.333229420423052], [-100.87575745805566, 21.333237965373876]], [[-100.87576657824006, 21.333273064473833], [-100.87575745805566, 21.333237965373876]], [[-100.87575745805566, 21.333237965373876], [-100.8757199961253, 21.33324651031665]], [[-100.87572911630166, 21.333281609419227], [-100.8757199961253, 21.33324651031665]], [[-100.8757199961253, 21.33324651031665], [-100.87568253418995, 21.333255055251378]], [[-100.87569165435825, 21.33329015435658], [-100.87568253418995, 21.333255055251378]], [[-100.87568253418995, 21.333255055251378], [-100.87564507224958, 21.333263600178068]], [[-100.87565419240984, 21.33329869928588], [-100.87564507224958, 21.333263600178068]], [[-100.87564507224958, 21.333263600178068], [-100.87560761030424, 21.333272145096704]], [[-100.87561673045643, 21.333307244207138], [-100.87560761030424, 21.333272145096704]], [[-100.87561673045643, 21.333307244207138], [-100.87557926849802, 21.333315789120352]], [[-100.87560761030424, 21.333272145096704], [-100.87557014835387, 21.333280690007307]], [[-100.87557926849802, 21.333315789120352], [-100.87557014835387, 21.333280690007307]], [[-100.87598222953275, 21.333186695548264], [-100.8759447676324, 21.333195240539318]], [[-100.87598222953275, 21.333186695548264], [-100.87597310930505, 21.333151596463058]], [[-100.87597310930505, 21.333151596463058], [-100.87593564741276, 21.333160141451486]], [[-100.8759447676324, 21.333195240539318], [-100.87593564741276, 21.333160141451486]], [[-100.87593564741276, 21.333160141451486], [-100.87589818551547, 21.333168686431875]], [[-100.87590730572707, 21.333203785522315], [-100.87589818551547, 21.333168686431875]], [[-100.87589818551547, 21.333168686431875], [-100.87586072361316, 21.33317723140421]], [[-100.87586984381672, 21.333212330497272], [-100.87586072361316, 21.33317723140421]], [[-100.87586072361316, 21.33317723140421], [-100.87582326170588, 21.333185776368506]], [[-100.87583238190136, 21.333220875464182], [-100.87582326170588, 21.333185776368506]], [[-100.87582326170588, 21.333185776368506], [-100.87578579979356, 21.333194321324754]], [[-100.875794919981, 21.333229420423052], [-100.87578579979356, 21.333194321324754]], [[-100.87578579979356, 21.333194321324754], [-100.87574833787626, 21.333202866272963]], [[-100.87575745805566, 21.333237965373876], [-100.87574833787626, 21.333202866272963]], [[-100.87574833787626, 21.333202866272963], [-100.87571087595396, 21.33321141121312]], [[-100.8757199961253, 21.33324651031665], [-100.87571087595396, 21.33321141121312]], [[-100.87571087595396, 21.33321141121312], [-100.87567341402665, 21.333219956145232]], [[-100.87568253418995, 21.333255055251378], [-100.87567341402665, 21.333219956145232]], [[-100.87567341402665, 21.333219956145232], [-100.87563595209434, 21.333228501069296]], [[-100.87564507224958, 21.333263600178068], [-100.87563595209434, 21.333228501069296]], [[-100.87563595209434, 21.333228501069296], [-100.87559849015703, 21.33323704598532]], [[-100.87560761030424, 21.333272145096704], [-100.87559849015703, 21.33323704598532]], [[-100.87559849015703, 21.33323704598532], [-100.87556102821473, 21.333245590893306]], [[-100.87557014835387, 21.333280690007307], [-100.87556102821473, 21.333245590893306]], [[-100.87557014835387, 21.333280690007307], [-100.87553268639851, 21.333289234909852]], [[-100.87556102821473, 21.333245590893306], [-100.8755235662674, 21.333254135793233]], [[-100.87553268639851, 21.333289234909852], [-100.8755235662674, 21.333254135793233]], [[-100.87597310930505, 21.333151596463058], [-100.87596398908236, 21.333116497376892]], [[-100.87596398908236, 21.333116497376892], [-100.87592652719812, 21.333125042362706]], [[-100.87593564741276, 21.333160141451486], [-100.87592652719812, 21.333125042362706]], [[-100.87592652719812, 21.333125042362706], [-100.87588906530887, 21.333133587340477]], [[-100.87589818551547, 21.333168686431875], [-100.87588906530887, 21.333133587340477]], [[-100.87588906530887, 21.333133587340477], [-100.87585160341462, 21.3331421323102]], [[-100.87586072361316, 21.33317723140421], [-100.87585160341462, 21.3331421323102]], [[-100.87585160341462, 21.3331421323102], [-100.87581414151536, 21.333150677271874]], [[-100.87582326170588, 21.333185776368506], [-100.87581414151536, 21.333150677271874]], [[-100.87581414151536, 21.333150677271874], [-100.87577667961112, 21.333159222225508]], [[-100.87578579979356, 21.333194321324754], [-100.87577667961112, 21.333159222225508]], [[-100.87577667961112, 21.333159222225508], [-100.87573921770186, 21.333167767171094]], [[-100.87574833787626, 21.333202866272963], [-100.87573921770186, 21.333167767171094]], [[-100.87573921770186, 21.333167767171094], [-100.8757017557876, 21.333176312108638]], [[-100.87571087595396, 21.33321141121312], [-100.8757017557876, 21.333176312108638]], [[-100.8757017557876, 21.333176312108638], [-100.87566429386834, 21.33318485703813]], [[-100.87567341402665, 21.333219956145232], [-100.87566429386834, 21.33318485703813]], [[-100.87566429386834, 21.33318485703813], [-100.87562683194409, 21.333193401959576]], [[-100.87563595209434, 21.333228501069296], [-100.87562683194409, 21.333193401959576]], [[-100.87562683194409, 21.333193401959576], [-100.87558937001484, 21.33320194687299]], [[-100.87559849015703, 21.33323704598532], [-100.87558937001484, 21.33320194687299]], [[-100.87558937001484, 21.33320194687299], [-100.87555190808058, 21.333210491778342]], [[-100.87556102821473, 21.333245590893306], [-100.87555190808058, 21.333210491778342]], [[-100.87555190808058, 21.333210491778342], [-100.87551444614131, 21.333219036675658]], [[-100.8755235662674, 21.333254135793233], [-100.87551444614131, 21.333219036675658]], [[-100.8755235662674, 21.333254135793233], [-100.8754861043151, 21.333262680685113]], [[-100.87551444614131, 21.333219036675658], [-100.87547698419705, 21.333227581564923]], [[-100.8754861043151, 21.333262680685113], [-100.87547698419705, 21.333227581564923]], [[-100.87600145096161, 21.333107952383035], [-100.87596398908236, 21.333116497376892]], [[-100.87600145096161, 21.333107952383035], [-100.87599233073587, 21.333072853298543]], [[-100.87599233073587, 21.333072853298543], [-100.87595486886467, 21.33308139828978]], [[-100.87596398908236, 21.333116497376892], [-100.87595486886467, 21.33308139828978]], [[-100.87595486886467, 21.33308139828978], [-100.87591740698846, 21.333089943272974]], [[-100.87592652719812, 21.333125042362706], [-100.87591740698846, 21.333089943272974]], [[-100.87591740698846, 21.333089943272974], [-100.87587994510729, 21.333098488248126]], [[-100.87588906530887, 21.333133587340477], [-100.87587994510729, 21.333098488248126]], [[-100.87587994510729, 21.333098488248126], [-100.87584248322106, 21.33310703321523]], [[-100.87585160341462, 21.3331421323102], [-100.87584248322106, 21.33310703321523]], [[-100.87584248322106, 21.33310703321523], [-100.87580502132987, 21.333115578174286]], [[-100.87581414151536, 21.333150677271874], [-100.87580502132987, 21.333115578174286]], [[-100.87580502132987, 21.333115578174286], [-100.87576755943367, 21.333124123125305]], [[-100.87577667961112, 21.333159222225508], [-100.87576755943367, 21.333124123125305]], [[-100.87576755943367, 21.333124123125305], [-100.87573009753247, 21.333132668068277]], [[-100.87573921770186, 21.333167767171094], [-100.87573009753247, 21.333132668068277]], [[-100.87573009753247, 21.333132668068277], [-100.87569263562625, 21.333141213003195]], [[-100.8757017557876, 21.333176312108638], [-100.87569263562625, 21.333141213003195]], [[-100.87569263562625, 21.333141213003195], [-100.87565517371506, 21.333149757930073]], [[-100.87566429386834, 21.33318485703813], [-100.87565517371506, 21.333149757930073]], [[-100.87565517371506, 21.333149757930073], [-100.87561771179884, 21.333158302848904]], [[-100.87562683194409, 21.333193401959576], [-100.87561771179884, 21.333158302848904]], [[-100.87561771179884, 21.333158302848904], [-100.87558024987763, 21.333166847759696]], [[-100.87558937001484, 21.33320194687299], [-100.87558024987763, 21.333166847759696]], [[-100.87558024987763, 21.333166847759696], [-100.87554278795142, 21.333175392662437]], [[-100.87555190808058, 21.333210491778342], [-100.87554278795142, 21.333175392662437]], [[-100.87554278795142, 21.333175392662437], [-100.8755053260202, 21.33318393755713]], [[-100.87551444614131, 21.333219036675658], [-100.8755053260202, 21.33318393755713]], [[-100.8755053260202, 21.33318393755713], [-100.875467864084, 21.333192482443785]], [[-100.87547698419705, 21.333227581564923], [-100.875467864084, 21.333192482443785]], [[-100.87547698419705, 21.333227581564923], [-100.87543952224779, 21.333236126446145]], [[-100.875467864084, 21.333192482443785], [-100.87543040214278, 21.333201027322396]], [[-100.87543952224779, 21.333236126446145], [-100.87543040214278, 21.333201027322396]], [[-100.87599233073587, 21.333072853298543], [-100.87598321051513, 21.33303775421309]], [[-100.87598321051513, 21.33303775421309], [-100.87594574865199, 21.33304629920172]], [[-100.87595486886467, 21.33308139828978], [-100.87594574865199, 21.33304629920172]], [[-100.87594574865199, 21.33304629920172], [-100.87590828678384, 21.33305484418229]], [[-100.87591740698846, 21.333089943272974], [-100.87590828678384, 21.33305484418229]], [[-100.87590828678384, 21.33305484418229], [-100.87587082491069, 21.33306338915482]], [[-100.87587994510729, 21.333098488248126], [-100.87587082491069, 21.33306338915482]], [[-100.87587082491069, 21.33306338915482], [-100.87583336303253, 21.333071934119307]], [[-100.87584248322106, 21.33310703321523], [-100.87583336303253, 21.333071934119307]], [[-100.87583336303253, 21.333071934119307], [-100.87579590114937, 21.333080479075754]], [[-100.87580502132987, 21.333115578174286], [-100.87579590114937, 21.333080479075754]], [[-100.87579590114937, 21.333080479075754], [-100.87575843926122, 21.333089024024154]], [[-100.87576755943367, 21.333124123125305], [-100.87575843926122, 21.333089024024154]], [[-100.87575843926122, 21.333089024024154], [-100.87572097736808, 21.333097568964504]], [[-100.87573009753247, 21.333132668068277], [-100.87572097736808, 21.333097568964504]], [[-100.87572097736808, 21.333097568964504], [-100.87568351546992, 21.333106113896804]], [[-100.87569263562625, 21.333141213003195], [-100.87568351546992, 21.333106113896804]], [[-100.87568351546992, 21.333106113896804], [-100.87564605356675, 21.333114658821064]], [[-100.87565517371506, 21.333149757930073], [-100.87564605356675, 21.333114658821064]], [[-100.87564605356675, 21.333114658821064], [-100.8756085916586, 21.333123203737287]], [[-100.87561771179884, 21.333158302848904], [-100.8756085916586, 21.333123203737287]], [[-100.8756085916586, 21.333123203737287], [-100.87557112974544, 21.333131748645457]], [[-100.87558024987763, 21.333166847759696], [-100.87557112974544, 21.333131748645457]], [[-100.87557112974544, 21.333131748645457], [-100.87553366782728, 21.33314029354558]], [[-100.87554278795142, 21.333175392662437], [-100.87553366782728, 21.33314029354558]], [[-100.87553366782728, 21.33314029354558], [-100.87549620590413, 21.33314883843766]], [[-100.8755053260202, 21.33318393755713], [-100.87549620590413, 21.33314883843766]], [[-100.87549620590413, 21.33314883843766], [-100.87545874397595, 21.333157383321687]], [[-100.875467864084, 21.333192482443785], [-100.87545874397595, 21.333157383321687]], [[-100.87545874397595, 21.333157383321687], [-100.8754212820428, 21.333165928197676]], [[-100.87543040214278, 21.333201027322396], [-100.8754212820428, 21.333165928197676]], [[-100.87543040214278, 21.333201027322396], [-100.87539294019658, 21.333209572192953]], [[-100.8754212820428, 21.333165928197676], [-100.87538382010462, 21.333174473065615]], [[-100.87539294019658, 21.333209572192953], [-100.87538382010462, 21.333174473065615]], [[-100.87539294019658, 21.333209572192953], [-100.87535547824535, 21.333218117055466]], [[-100.87538382010462, 21.333174473065615], [-100.87534635816145, 21.333183017925514]], [[-100.87535547824535, 21.333218117055466], [-100.87534635816145, 21.333183017925514]], [[-100.87602067237327, 21.333029209216424], [-100.87598321051513, 21.33303775421309]], [[-100.87602067237327, 21.333029209216424], [-100.87601155214948, 21.33299411013264]], [[-100.87601155214948, 21.33299411013264], [-100.8759740902994, 21.333002655126695]], [[-100.87598321051513, 21.33303775421309], [-100.8759740902994, 21.333002655126695]], [[-100.8759740902994, 21.333002655126695], [-100.8759366284443, 21.333011200112697]], [[-100.87594574865199, 21.33304629920172], [-100.8759366284443, 21.333011200112697]], [[-100.8759366284443, 21.333011200112697], [-100.87589916658419, 21.333019745090656]], [[-100.87590828678384, 21.33305484418229], [-100.87589916658419, 21.333019745090656]], [[-100.87589916658419, 21.333019745090656], [-100.8758617047191, 21.333028290060568]], [[-100.87587082491069, 21.33306338915482], [-100.8758617047191, 21.333028290060568]], [[-100.8758617047191, 21.333028290060568], [-100.87582424284899, 21.333036835022437]], [[-100.87583336303253, 21.333071934119307], [-100.87582424284899, 21.333036835022437]], [[-100.87582424284899, 21.333036835022437], [-100.87578678097388, 21.333045379976262]], [[-100.87579590114937, 21.333080479075754], [-100.87578678097388, 21.333045379976262]], [[-100.87578678097388, 21.333045379976262], [-100.87574931909377, 21.33305392492204]], [[-100.87575843926122, 21.333089024024154], [-100.87574931909377, 21.33305392492204]], [[-100.87574931909377, 21.33305392492204], [-100.87571185720869, 21.333062469859772]], [[-100.87572097736808, 21.333097568964504], [-100.87571185720869, 21.333062469859772]], [[-100.87571185720869, 21.333062469859772], [-100.87567439531857, 21.333071014789464]], [[-100.87568351546992, 21.333106113896804], [-100.87567439531857, 21.333071014789464]], [[-100.87567439531857, 21.333071014789464], [-100.87563693342345, 21.333079559711106]], [[-100.87564605356675, 21.333114658821064], [-100.87563693342345, 21.333079559711106]], [[-100.87563693342345, 21.333079559711106], [-100.87559947152334, 21.3330881046247]], [[-100.8756085916586, 21.333123203737287], [-100.87559947152334, 21.3330881046247]], [[-100.87559947152334, 21.3330881046247], [-100.87556200961825, 21.333096649530255]], [[-100.87557112974544, 21.333131748645457], [-100.87556200961825, 21.333096649530255]], [[-100.87556200961825, 21.333096649530255], [-100.87552454770812, 21.333105194427763]], [[-100.87553366782728, 21.33314029354558], [-100.87552454770812, 21.333105194427763]], [[-100.87552454770812, 21.333105194427763], [-100.87548708579303, 21.33311373931722]], [[-100.87549620590413, 21.33314883843766], [-100.87548708579303, 21.33311373931722]], [[-100.87548708579303, 21.33311373931722], [-100.87544962387291, 21.333122284198645]], [[-100.87545874397595, 21.333157383321687], [-100.87544962387291, 21.333122284198645]], [[-100.87544962387291, 21.333122284198645], [-100.87541216194779, 21.333130829072008]], [[-100.8754212820428, 21.333165928197676], [-100.87541216194779, 21.333130829072008]], [[-100.87541216194779, 21.333130829072008], [-100.87537470001769, 21.333139373937335]], [[-100.87538382010462, 21.333174473065615], [-100.87537470001769, 21.333139373937335]], [[-100.87537470001769, 21.333139373937335], [-100.87533723808257, 21.33314791879461]], [[-100.87534635816145, 21.333183017925514], [-100.87533723808257, 21.33314791879461]], [[-100.87534635816145, 21.333183017925514], [-100.8753088962133, 21.333191562777362]], [[-100.87533723808257, 21.33314791879461], [-100.87529977614244, 21.333156463643846]], [[-100.8753088962133, 21.333191562777362], [-100.87529977614244, 21.333156463643846]], [[-100.87601155214948, 21.33299411013264], [-100.87600243193069, 21.332959011047897]], [[-100.87600243193069, 21.332959011047897], [-100.87596497008865, 21.332967556039332]], [[-100.8759740902994, 21.333002655126695], [-100.87596497008865, 21.332967556039332]], [[-100.87596497008865, 21.332967556039332], [-100.87592750824159, 21.332976101022723]], [[-100.8759366284443, 21.333011200112697], [-100.87592750824159, 21.332976101022723]], [[-100.87592750824159, 21.332976101022723], [-100.87589004638956, 21.332984645998057]], [[-100.87589916658419, 21.333019745090656], [-100.87589004638956, 21.332984645998057]], [[-100.87589004638956, 21.332984645998057], [-100.8758525845325, 21.332993190965357]], [[-100.8758617047191, 21.333028290060568], [-100.8758525845325, 21.332993190965357]], [[-100.8758525845325, 21.332993190965357], [-100.87581512267045, 21.33300173592461]], [[-100.87582424284899, 21.333036835022437], [-100.87581512267045, 21.33300173592461]], [[-100.87581512267045, 21.33300173592461], [-100.8757776608034, 21.333010280875815]], [[-100.87578678097388, 21.333045379976262], [-100.8757776608034, 21.333010280875815]], [[-100.8757776608034, 21.333010280875815], [-100.87574019893134, 21.33301882581898]], [[-100.87574931909377, 21.33305392492204], [-100.87574019893134, 21.33301882581898]], [[-100.87574019893134, 21.33301882581898], [-100.87570273705428, 21.333027370754092]], [[-100.87571185720869, 21.333062469859772], [-100.87570273705428, 21.333027370754092]], [[-100.87570273705428, 21.333027370754092], [-100.87566527517222, 21.33303591568116]], [[-100.87567439531857, 21.333071014789464], [-100.87566527517222, 21.33303591568116]], [[-100.87566527517222, 21.33303591568116], [-100.87562781328516, 21.333044460600195]], [[-100.87563693342345, 21.333079559711106], [-100.87562781328516, 21.333044460600195]], [[-100.87562781328516, 21.333044460600195], [-100.8755903513931, 21.333053005511175]], [[-100.87559947152334, 21.3330881046247], [-100.8755903513931, 21.333053005511175]], [[-100.8755903513931, 21.333053005511175], [-100.87555288949605, 21.333061550414104]], [[-100.87556200961825, 21.333096649530255], [-100.87555288949605, 21.333061550414104]], [[-100.87555288949605, 21.333061550414104], [-100.87551542759398, 21.333070095308994]], [[-100.87552454770812, 21.333105194427763], [-100.87551542759398, 21.333070095308994]], [[-100.87551542759398, 21.333070095308994], [-100.87547796568693, 21.33307864019584]], [[-100.87548708579303, 21.33311373931722], [-100.87547796568693, 21.33307864019584]], [[-100.87547796568693, 21.33307864019584], [-100.87544050377485, 21.33308718507464]], [[-100.87544962387291, 21.333122284198645], [-100.87544050377485, 21.33308718507464]], [[-100.87544050377485, 21.33308718507464], [-100.8754030418578, 21.333095729945388]], [[-100.87541216194779, 21.333130829072008], [-100.8754030418578, 21.333095729945388]], [[-100.8754030418578, 21.333095729945388], [-100.87536557993573, 21.333104274808093]], [[-100.87537470001769, 21.333139373937335], [-100.87536557993573, 21.333104274808093]], [[-100.87536557993573, 21.333104274808093], [-100.87532811800867, 21.33311281966276]], [[-100.87533723808257, 21.33314791879461], [-100.87532811800867, 21.33311281966276]], [[-100.87532811800867, 21.33311281966276], [-100.8752906560766, 21.33312136450937]], [[-100.87529977614244, 21.333156463643846], [-100.8752906560766, 21.33312136450937]], [[-100.87529977614244, 21.333156463643846], [-100.87526231419733, 21.333165008485036]], [[-100.8752906560766, 21.33312136450937], [-100.87525319413952, 21.333129909347946]], [[-100.87526231419733, 21.333165008485036], [-100.87525319413952, 21.333129909347946]], [[-100.87600243193069, 21.332959011047897], [-100.87599331171691, 21.332923911962204]], [[-100.87599331171691, 21.332923911962204], [-100.87595584988291, 21.33293245695102]], [[-100.87596497008865, 21.332967556039332], [-100.87595584988291, 21.33293245695102]], [[-100.87595584988291, 21.33293245695102], [-100.8759183880439, 21.332941001931793]], [[-100.87592750824159, 21.332976101022723], [-100.8759183880439, 21.332941001931793]], [[-100.8759183880439, 21.332941001931793], [-100.87588092619991, 21.332949546904516]], [[-100.87589004638956, 21.332984645998057], [-100.87588092619991, 21.332949546904516]], [[-100.87588092619991, 21.332949546904516], [-100.87584346435091, 21.332958091869195]], [[-100.8758525845325, 21.332993190965357], [-100.87584346435091, 21.332958091869195]], [[-100.87584346435091, 21.332958091869195], [-100.8758060024969, 21.332966636825837]], [[-100.87581512267045, 21.33300173592461], [-100.8758060024969, 21.332966636825837]], [[-100.8758060024969, 21.332966636825837], [-100.8757685406379, 21.33297518177442]], [[-100.8757776608034, 21.333010280875815], [-100.8757685406379, 21.33297518177442]], [[-100.8757685406379, 21.33297518177442], [-100.8757310787739, 21.332983726714964]], [[-100.87574019893134, 21.33301882581898], [-100.8757310787739, 21.332983726714964]], [[-100.8757310787739, 21.332983726714964], [-100.8756936169049, 21.33299227164746]], [[-100.87570273705428, 21.333027370754092], [-100.8756936169049, 21.33299227164746]], [[-100.8756936169049, 21.33299227164746], [-100.87565615503088, 21.33300081657191]], [[-100.87566527517222, 21.33303591568116], [-100.87565615503088, 21.33300081657191]], [[-100.87565615503088, 21.33300081657191], [-100.87561869315188, 21.333009361488326]], [[-100.87562781328516, 21.333044460600195], [-100.87561869315188, 21.333009361488326]], [[-100.87561869315188, 21.333009361488326], [-100.87558123126787, 21.33301790639669]], [[-100.8755903513931, 21.333053005511175], [-100.87558123126787, 21.33301790639669]], [[-100.87558123126787, 21.33301790639669], [-100.87554376937885, 21.333026451297002]], [[-100.87555288949605, 21.333061550414104], [-100.87554376937885, 21.333026451297002]], [[-100.87554376937885, 21.333026451297002], [-100.87550630748484, 21.333034996189276]], [[-100.87551542759398, 21.333070095308994], [-100.87550630748484, 21.333034996189276]], [[-100.87550630748484, 21.333034996189276], [-100.87546884558583, 21.333043541073497]], [[-100.87547796568693, 21.33307864019584], [-100.87546884558583, 21.333043541073497]], [[-100.87546884558583, 21.333043541073497], [-100.87543138368183, 21.333052085949678]], [[-100.87544050377485, 21.33308718507464], [-100.87543138368183, 21.333052085949678]], [[-100.87543138368183, 21.333052085949678], [-100.8753939217728, 21.333060630817812]], [[-100.8754030418578, 21.333095729945388], [-100.8753939217728, 21.333060630817812]], [[-100.8753939217728, 21.333060630817812], [-100.87535645985879, 21.333069175677903]], [[-100.87536557993573, 21.333104274808093], [-100.87535645985879, 21.333069175677903]], [[-100.87535645985879, 21.333069175677903], [-100.87531899793976, 21.333077720529946]], [[-100.87532811800867, 21.33311281966276], [-100.87531899793976, 21.333077720529946]], [[-100.87531899793976, 21.333077720529946], [-100.87528153601575, 21.333086265373954]], [[-100.8752906560766, 21.33312136450937], [-100.87528153601575, 21.333086265373954]], [[-100.87528153601575, 21.333086265373954], [-100.87524407408672, 21.3330948102099]], [[-100.87525319413952, 21.333129909347946], [-100.87524407408672, 21.3330948102099]], [[-100.87525319413952, 21.333129909347946], [-100.87521573219746, 21.33313845417847]], [[-100.87524407408672, 21.3330948102099], [-100.87520661215272, 21.333103355037814]], [[-100.87521573219746, 21.33313845417847], [-100.87520661215272, 21.333103355037814]], [[-100.87603077354589, 21.332915366965345], [-100.87599331171691, 21.332923911962204]], [[-100.87603077354589, 21.332915366965345], [-100.87602165332906, 21.332880267881315]], [[-100.87602165332906, 21.332880267881315], [-100.87598419150811, 21.332888812875563]], [[-100.87599331171691, 21.332923911962204], [-100.87598419150811, 21.332888812875563]], [[-100.87598419150811, 21.332888812875563], [-100.87594672968217, 21.332897357861757]], [[-100.87595584988291, 21.33293245695102], [-100.87594672968217, 21.332897357861757]], [[-100.87594672968217, 21.332897357861757], [-100.87590926785121, 21.332905902839915]], [[-100.8759183880439, 21.332941001931793], [-100.87590926785121, 21.332905902839915]], [[-100.87590926785121, 21.332905902839915], [-100.87587180601527, 21.332914447810023]], [[-100.87588092619991, 21.332949546904516], [-100.87587180601527, 21.332914447810023]], [[-100.87587180601527, 21.332914447810023], [-100.87583434417432, 21.332922992772087]], [[-100.87584346435091, 21.332958091869195], [-100.87583434417432, 21.332922992772087]], [[-100.87583434417432, 21.332922992772087], [-100.87579688232836, 21.3329315377261]], [[-100.8758060024969, 21.332966636825837], [-100.87579688232836, 21.3329315377261]], [[-100.87579688232836, 21.3329315377261], [-100.87575942047742, 21.33294008267207]], [[-100.8757685406379, 21.33297518177442], [-100.87575942047742, 21.33294008267207]], [[-100.87575942047742, 21.33294008267207], [-100.87572195862145, 21.332948627609998]], [[-100.8757310787739, 21.332983726714964], [-100.87572195862145, 21.332948627609998]], [[-100.87572195862145, 21.332948627609998], [-100.8756844967605, 21.33295717253988]], [[-100.8756936169049, 21.33299227164746], [-100.8756844967605, 21.33295717253988]], [[-100.8756844967605, 21.33295717253988], [-100.87564703489454, 21.332965717461715]], [[-100.87565615503088, 21.33300081657191], [-100.87564703489454, 21.332965717461715]], [[-100.87564703489454, 21.332965717461715], [-100.87560957302358, 21.332974262375505]], [[-100.87561869315188, 21.333009361488326], [-100.87560957302358, 21.332974262375505]], [[-100.87560957302358, 21.332974262375505], [-100.87557211114762, 21.332982807281248]], [[-100.87558123126787, 21.33301790639669], [-100.87557211114762, 21.332982807281248]], [[-100.87557211114762, 21.332982807281248], [-100.87553464926665, 21.332991352178947]], [[-100.87554376937885, 21.333026451297002], [-100.87553464926665, 21.332991352178947]], [[-100.87553464926665, 21.332991352178947], [-100.8754971873807, 21.332999897068596]], [[-100.87550630748484, 21.333034996189276], [-100.8754971873807, 21.332999897068596]], [[-100.8754971873807, 21.332999897068596], [-100.87545972548973, 21.33300844195021]], [[-100.87546884558583, 21.333043541073497], [-100.87545972548973, 21.33300844195021]], [[-100.87545972548973, 21.33300844195021], [-100.87542226359378, 21.333016986823772]], [[-100.87543138368183, 21.333052085949678], [-100.87542226359378, 21.333016986823772]], [[-100.87542226359378, 21.333016986823772], [-100.8753848016928, 21.33302553168929]], [[-100.8753939217728, 21.333060630817812], [-100.8753848016928, 21.33302553168929]], [[-100.8753848016928, 21.33302553168929], [-100.87534733978684, 21.33303407654676]], [[-100.87535645985879, 21.333069175677903], [-100.87534733978684, 21.33303407654676]], [[-100.87534733978684, 21.33303407654676], [-100.87530987787588, 21.33304262139619]], [[-100.87531899793976, 21.333077720529946], [-100.87530987787588, 21.33304262139619]], [[-100.87530987787588, 21.33304262139619], [-100.8752724159599, 21.333051166237578]], [[-100.87528153601575, 21.333086265373954], [-100.8752724159599, 21.333051166237578]], [[-100.8752724159599, 21.333051166237578], [-100.87523495403893, 21.33305971107091]], [[-100.87524407408672, 21.3330948102099], [-100.87523495403893, 21.33305971107091]], [[-100.87523495403893, 21.33305971107091], [-100.87519749211296, 21.333068255896197]], [[-100.87520661215272, 21.333103355037814], [-100.87519749211296, 21.333068255896197]], [[-100.87520661215272, 21.333103355037814], [-100.8751691502137, 21.33311189985767]], [[-100.87519749211296, 21.333068255896197], [-100.875160030182, 21.33307680071344]], [[-100.8751691502137, 21.33311189985767], [-100.875160030182, 21.33307680071344]], [[-100.87602165332906, 21.332880267881315], [-100.87601253311723, 21.33284516879634]], [[-100.87601253311723, 21.33284516879634], [-100.87597507130432, 21.332853713787966]], [[-100.87598419150811, 21.332888812875563], [-100.87597507130432, 21.332853713787966]], [[-100.87597507130432, 21.332853713787966], [-100.87593760948644, 21.332862258771552]], [[-100.87594672968217, 21.332897357861757], [-100.87593760948644, 21.332862258771552]], [[-100.87593760948644, 21.332862258771552], [-100.87590014766353, 21.33287080374708]], [[-100.87590926785121, 21.332905902839915], [-100.87590014766353, 21.33287080374708]], [[-100.87590014766353, 21.33287080374708], [-100.87586268583564, 21.332879348714567]], [[-100.87587180601527, 21.332914447810023], [-100.87586268583564, 21.332879348714567]], [[-100.87586268583564, 21.332879348714567], [-100.87582522400272, 21.332887893674016]], [[-100.87583434417432, 21.332922992772087], [-100.87582522400272, 21.332887893674016]], [[-100.87582522400272, 21.332887893674016], [-100.87578776216482, 21.332896438625408]], [[-100.87579688232836, 21.3329315377261], [-100.87578776216482, 21.332896438625408]], [[-100.87578776216482, 21.332896438625408], [-100.87575030032193, 21.332904983568763]], [[-100.87575942047742, 21.33294008267207], [-100.87575030032193, 21.332904983568763]], [[-100.87575030032193, 21.332904983568763], [-100.87571283847402, 21.33291352850407]], [[-100.87572195862145, 21.332948627609998], [-100.87571283847402, 21.33291352850407]], [[-100.87571283847402, 21.33291352850407], [-100.87567537662112, 21.332922073431334]], [[-100.8756844967605, 21.33295717253988], [-100.87567537662112, 21.332922073431334]], [[-100.87567537662112, 21.332922073431334], [-100.8756379147632, 21.33293061835056]], [[-100.87564703489454, 21.332965717461715], [-100.8756379147632, 21.33293061835056]], [[-100.8756379147632, 21.33293061835056], [-100.87560045290029, 21.33293916326173]], [[-100.87560957302358, 21.332974262375505], [-100.87560045290029, 21.33293916326173]], [[-100.87560045290029, 21.33293916326173], [-100.87556299103238, 21.332947708164856]], [[-100.87557211114762, 21.332982807281248], [-100.87556299103238, 21.332947708164856]], [[-100.87556299103238, 21.332947708164856], [-100.87552552915946, 21.332956253059937]], [[-100.87553464926665, 21.332991352178947], [-100.87552552915946, 21.332956253059937]], [[-100.87552552915946, 21.332956253059937], [-100.87548806728157, 21.332964797946968]], [[-100.8754971873807, 21.332999897068596], [-100.87548806728157, 21.332964797946968]], [[-100.87548806728157, 21.332964797946968], [-100.87545060539864, 21.332973342825966]], [[-100.87545972548973, 21.33300844195021], [-100.87545060539864, 21.332973342825966]], [[-100.87545060539864, 21.332973342825966], [-100.87541314351073, 21.332981887696914]], [[-100.87542226359378, 21.333016986823772], [-100.87541314351073, 21.332981887696914]], [[-100.87541314351073, 21.332981887696914], [-100.87537568161783, 21.332990432559804]], [[-100.8753848016928, 21.33302553168929], [-100.87537568161783, 21.332990432559804]], [[-100.87537568161783, 21.332990432559804], [-100.87533821971991, 21.33299897741466]], [[-100.87534733978684, 21.33303407654676], [-100.87533821971991, 21.33299897741466]], [[-100.87533821971991, 21.33299897741466], [-100.87530075781699, 21.333007522261475]], [[-100.87530987787588, 21.33304262139619], [-100.87530075781699, 21.333007522261475]], [[-100.87530075781699, 21.333007522261475], [-100.87526329590906, 21.33301606710024]], [[-100.8752724159599, 21.333051166237578], [-100.87526329590906, 21.33301606710024]], [[-100.87526329590906, 21.33301606710024], [-100.87522583399614, 21.33302461193096]], [[-100.87523495403893, 21.33305971107091], [-100.87522583399614, 21.33302461193096]], [[-100.87522583399614, 21.33302461193096], [-100.87518837207823, 21.33303315675363]], [[-100.87519749211296, 21.333068255896197], [-100.87518837207823, 21.33303315675363]], [[-100.87518837207823, 21.33303315675363], [-100.87515091015531, 21.333041701568256]], [[-100.875160030182, 21.33307680071344], [-100.87515091015531, 21.333041701568256]], [[-100.875160030182, 21.33307680071344], [-100.87512256824603, 21.33308534552264]], [[-100.87515091015531, 21.333041701568256], [-100.87511344822738, 21.33305024637484]], [[-100.87512256824603, 21.33308534552264], [-100.87511344822738, 21.33305024637484]], [[-100.87604999492513, 21.332836623796666], [-100.87601253311723, 21.33284516879634]], [[-100.87604999492513, 21.332836623796666], [-100.87604087471024, 21.332801524713354]], [[-100.87604087471024, 21.332801524713354], [-100.87600341291039, 21.33281006971041]], [[-100.87601253311723, 21.33284516879634], [-100.87600341291039, 21.33281006971041]], [[-100.87600341291039, 21.33281006971041], [-100.87596595110556, 21.332818614699413]], [[-100.87597507130432, 21.332853713787966], [-100.87596595110556, 21.332818614699413]], [[-100.87596595110556, 21.332818614699413], [-100.87592848929569, 21.332827159680377]], [[-100.87593760948644, 21.332862258771552], [-100.87592848929569, 21.332827159680377]], [[-100.87592848929569, 21.332827159680377], [-100.87589102748085, 21.332835704653288]], [[-100.87590014766353, 21.33287080374708], [-100.87589102748085, 21.332835704653288]], [[-100.87589102748085, 21.332835704653288], [-100.875853565661, 21.332844249618166]], [[-100.87586268583564, 21.332879348714567], [-100.875853565661, 21.332844249618166]], [[-100.875853565661, 21.332844249618166], [-100.87581610383614, 21.332852794574997]], [[-100.87582522400272, 21.332887893674016], [-100.87581610383614, 21.332852794574997]], [[-100.87581610383614, 21.332852794574997], [-100.8757786420063, 21.33286133952377]], [[-100.87578776216482, 21.332896438625408], [-100.8757786420063, 21.33286133952377]], [[-100.8757786420063, 21.33286133952377], [-100.87574118017145, 21.33286988446451]], [[-100.87575030032193, 21.332904983568763], [-100.87574118017145, 21.33286988446451]], [[-100.87574118017145, 21.33286988446451], [-100.87570371833158, 21.332878429397198]], [[-100.87571283847402, 21.33291352850407], [-100.87570371833158, 21.332878429397198]], [[-100.87570371833158, 21.332878429397198], [-100.87566625648672, 21.33288697432184]], [[-100.87567537662112, 21.332922073431334], [-100.87566625648672, 21.33288697432184]], [[-100.87566625648672, 21.33288697432184], [-100.87562879463687, 21.33289551923845]], [[-100.8756379147632, 21.33293061835056], [-100.87562879463687, 21.33289551923845]], [[-100.87562879463687, 21.33289551923845], [-100.87559133278201, 21.332904064146998]], [[-100.87560045290029, 21.33293916326173], [-100.87559133278201, 21.332904064146998]], [[-100.87559133278201, 21.332904064146998], [-100.87555387092213, 21.33291260904751]], [[-100.87556299103238, 21.332947708164856], [-100.87555387092213, 21.33291260904751]], [[-100.87555387092213, 21.33291260904751], [-100.87551640905728, 21.332921153939974]], [[-100.87552552915946, 21.332956253059937], [-100.87551640905728, 21.332921153939974]], [[-100.87551640905728, 21.332921153939974], [-100.87547894718742, 21.332929698824397]], [[-100.87548806728157, 21.332964797946968], [-100.87547894718742, 21.332929698824397]], [[-100.87547894718742, 21.332929698824397], [-100.87544148531255, 21.332938243700763]], [[-100.87545060539864, 21.332973342825966], [-100.87544148531255, 21.332938243700763]], [[-100.87544148531255, 21.332938243700763], [-100.8754040234327, 21.332946788569092]], [[-100.87541314351073, 21.332981887696914], [-100.8754040234327, 21.332946788569092]], [[-100.8754040234327, 21.332946788569092], [-100.87536656154782, 21.332955333429382]], [[-100.87537568161783, 21.332990432559804], [-100.87536656154782, 21.332955333429382]], [[-100.87536656154782, 21.332955333429382], [-100.87532909965796, 21.332963878281614]], [[-100.87533821971991, 21.33299897741466], [-100.87532909965796, 21.332963878281614]], [[-100.87532909965796, 21.332963878281614], [-100.87529163776308, 21.332972423125813]], [[-100.87530075781699, 21.333007522261475], [-100.87529163776308, 21.332972423125813]], [[-100.87529163776308, 21.332972423125813], [-100.87525417586322, 21.33298096796196]], [[-100.87526329590906, 21.33301606710024], [-100.87525417586322, 21.33298096796196]], [[-100.87525417586322, 21.33298096796196], [-100.87521671395834, 21.332989512790057]], [[-100.87522583399614, 21.33302461193096], [-100.87521671395834, 21.332989512790057]], [[-100.87521671395834, 21.332989512790057], [-100.87517925204848, 21.332998057610112]], [[-100.87518837207823, 21.33303315675363], [-100.87517925204848, 21.332998057610112]], [[-100.87517925204848, 21.332998057610112], [-100.87514179013361, 21.333006602422117]], [[-100.87515091015531, 21.333041701568256], [-100.87514179013361, 21.333006602422117]], [[-100.87514179013361, 21.333006602422117], [-100.87510432821374, 21.33301514722609]], [[-100.87511344822738, 21.33305024637484], [-100.87510432821374, 21.33301514722609]], [[-100.87511344822738, 21.33305024637484], [-100.87507598629446, 21.333058791173375]], [[-100.87510432821374, 21.33301514722609], [-100.87506686628886, 21.33302369202201]], [[-100.87507598629446, 21.333058791173375], [-100.87506686628886, 21.33302369202201]], [[-100.87604087471024, 21.332801524713354], [-100.87603175450036, 21.332766425629085]], [[-100.87603175450036, 21.332766425629085], [-100.87599429270857, 21.332774970623525]], [[-100.87600341291039, 21.33281006971041], [-100.87599429270857, 21.332774970623525]], [[-100.87599429270857, 21.332774970623525], [-100.87595683091176, 21.33278351560991]], [[-100.87596595110556, 21.332818614699413], [-100.87595683091176, 21.33278351560991]], [[-100.87595683091176, 21.33278351560991], [-100.87591936910997, 21.332792060588254]], [[-100.87592848929569, 21.332827159680377], [-100.87591936910997, 21.332792060588254]], [[-100.87591936910997, 21.332792060588254], [-100.87588190730317, 21.332800605558553]], [[-100.87589102748085, 21.332835704653288], [-100.87588190730317, 21.332800605558553]], [[-100.87588190730317, 21.332800605558553], [-100.87584444549137, 21.332809150520802]], [[-100.875853565661, 21.332844249618166], [-100.87584444549137, 21.332809150520802]], [[-100.87584444549137, 21.332809150520802], [-100.87580698367456, 21.33281769547502]], [[-100.87581610383614, 21.332852794574997], [-100.87580698367456, 21.33281769547502]], [[-100.87580698367456, 21.33281769547502], [-100.87576952185275, 21.332826240421184]], [[-100.8757786420063, 21.33286133952377], [-100.87576952185275, 21.332826240421184]], [[-100.87576952185275, 21.332826240421184], [-100.87573206002595, 21.332834785359303]], [[-100.87574118017145, 21.33286988446451], [-100.87573206002595, 21.332834785359303]], [[-100.87573206002595, 21.332834785359303], [-100.87569459819414, 21.33284333028937]], [[-100.87570371833158, 21.332878429397198], [-100.87569459819414, 21.33284333028937]], [[-100.87569459819414, 21.33284333028937], [-100.87565713635733, 21.332851875211404]], [[-100.87566625648672, 21.33288697432184], [-100.87565713635733, 21.332851875211404]], [[-100.87565713635733, 21.332851875211404], [-100.87561967451552, 21.332860420125385]], [[-100.87562879463687, 21.33289551923845], [-100.87561967451552, 21.332860420125385]], [[-100.87561967451552, 21.332860420125385], [-100.87558221266872, 21.33286896503132]], [[-100.87559133278201, 21.332904064146998], [-100.87558221266872, 21.33286896503132]], [[-100.87558221266872, 21.33286896503132], [-100.8755447508169, 21.33287750992921]], [[-100.87555387092213, 21.33291260904751], [-100.8755447508169, 21.33287750992921]], [[-100.8755447508169, 21.33287750992921], [-100.8755072889601, 21.33288605481906]], [[-100.87551640905728, 21.332921153939974], [-100.8755072889601, 21.33288605481906]], [[-100.8755072889601, 21.33288605481906], [-100.87546982709827, 21.33289459970086]], [[-100.87547894718742, 21.332929698824397], [-100.87546982709827, 21.33289459970086]], [[-100.87546982709827, 21.33289459970086], [-100.87543236523146, 21.332903144574615]], [[-100.87544148531255, 21.332938243700763], [-100.87543236523146, 21.332903144574615]], [[-100.87543236523146, 21.332903144574615], [-100.87539490335965, 21.33291168944033]], [[-100.8754040234327, 21.332946788569092], [-100.87539490335965, 21.33291168944033]], [[-100.87539490335965, 21.33291168944033], [-100.87535744148283, 21.332920234297987]], [[-100.87536656154782, 21.332955333429382], [-100.87535744148283, 21.332920234297987]], [[-100.87535744148283, 21.332920234297987], [-100.87531997960102, 21.332928779147615]], [[-100.87532909965796, 21.332963878281614], [-100.87531997960102, 21.332928779147615]], [[-100.87531997960102, 21.332928779147615], [-100.8752825177142, 21.332937323989192]], [[-100.87529163776308, 21.332972423125813], [-100.8752825177142, 21.332937323989192]], [[-100.8752825177142, 21.332937323989192], [-100.87524505582238, 21.33294586882272]], [[-100.87525417586322, 21.33298096796196], [-100.87524505582238, 21.33294586882272]], [[-100.87524505582238, 21.33294586882272], [-100.87520759392557, 21.3329544136482]], [[-100.87521671395834, 21.332989512790057], [-100.87520759392557, 21.3329544136482]], [[-100.87520759392557, 21.3329544136482], [-100.87517013202374, 21.332962958465632]], [[-100.87517925204848, 21.332998057610112], [-100.87517013202374, 21.332962958465632]], [[-100.87517013202374, 21.332962958465632], [-100.87513267011691, 21.332971503275033]], [[-100.87514179013361, 21.333006602422117], [-100.87513267011691, 21.332971503275033]], [[-100.87513267011691, 21.332971503275033], [-100.8750952082051, 21.332980048076386]], [[-100.87510432821374, 21.33301514722609], [-100.8750952082051, 21.332980048076386]], [[-100.8750952082051, 21.332980048076386], [-100.87505774628828, 21.332988592869683]], [[-100.87506686628886, 21.33302369202201], [-100.87505774628828, 21.332988592869683]], [[-100.87506686628886, 21.33302369202201], [-100.87502940435898, 21.333032236809874]], [[-100.87505774628828, 21.332988592869683], [-100.87502028436644, 21.332997137654935]], [[-100.87502940435898, 21.333032236809874], [-100.87502028436644, 21.332997137654935]], [[-100.87606921628716, 21.3327578806266], [-100.87603175450036, 21.332766425629085]], [[-100.87606921628716, 21.3327578806266], [-100.87606009607423, 21.332722781544003]], [[-100.87606009607423, 21.332722781544003], [-100.87602263429548, 21.33273132654387]], [[-100.87603175450036, 21.332766425629085], [-100.87602263429548, 21.33273132654387]], [[-100.87602263429548, 21.33273132654387], [-100.87598517251173, 21.332739871535683]], [[-100.87599429270857, 21.332774970623525], [-100.87598517251173, 21.332739871535683]], [[-100.87598517251173, 21.332739871535683], [-100.87594771072298, 21.332748416519454]], [[-100.87595683091176, 21.33278351560991], [-100.87594771072298, 21.332748416519454]], [[-100.87594771072298, 21.332748416519454], [-100.87591024892923, 21.33275696149518]], [[-100.87591936910997, 21.332792060588254], [-100.87591024892923, 21.33275696149518]], [[-100.87591024892923, 21.33275696149518], [-100.87587278713048, 21.33276550646286]], [[-100.87588190730317, 21.332800605558553], [-100.87587278713048, 21.33276550646286]], [[-100.87587278713048, 21.33276550646286], [-100.87583532532673, 21.332774051422497]], [[-100.87584444549137, 21.332809150520802], [-100.87583532532673, 21.332774051422497]], [[-100.87583532532673, 21.332774051422497], [-100.87579786351799, 21.332782596374084]], [[-100.87580698367456, 21.33281769547502], [-100.87579786351799, 21.332782596374084]], [[-100.87579786351799, 21.332782596374084], [-100.87576040170423, 21.33279114131764]], [[-100.87576952185275, 21.332826240421184], [-100.87576040170423, 21.33279114131764]], [[-100.87576040170423, 21.33279114131764], [-100.87572293988546, 21.332799686253143]], [[-100.87573206002595, 21.332834785359303], [-100.87572293988546, 21.332799686253143]], [[-100.87572293988546, 21.332799686253143], [-100.8756854780617, 21.332808231180593]], [[-100.87569459819414, 21.33284333028937], [-100.8756854780617, 21.332808231180593]], [[-100.8756854780617, 21.332808231180593], [-100.87564801623294, 21.332816776100007]], [[-100.87565713635733, 21.332851875211404], [-100.87564801623294, 21.332816776100007]], [[-100.87564801623294, 21.332816776100007], [-100.87561055439919, 21.332825321011367]], [[-100.87561967451552, 21.332860420125385], [-100.87561055439919, 21.332825321011367]], [[-100.87561055439919, 21.332825321011367], [-100.87557309256043, 21.332833865914687]], [[-100.87558221266872, 21.33286896503132], [-100.87557309256043, 21.332833865914687]], [[-100.87557309256043, 21.332833865914687], [-100.87553563071667, 21.332842410809956]], [[-100.8755447508169, 21.33287750992921], [-100.87553563071667, 21.332842410809956]], [[-100.87553563071667, 21.332842410809956], [-100.8754981688679, 21.332850955697193]], [[-100.8755072889601, 21.33288605481906], [-100.8754981688679, 21.332850955697193]], [[-100.8754981688679, 21.332850955697193], [-100.87546070701414, 21.332859500576383]], [[-100.87546982709827, 21.33289459970086], [-100.87546070701414, 21.332859500576383]], [[-100.87546070701414, 21.332859500576383], [-100.87542324515537, 21.332868045447512]], [[-100.87543236523146, 21.332903144574615], [-100.87542324515537, 21.332868045447512]], [[-100.87542324515537, 21.332868045447512], [-100.8753857832916, 21.332876590310608]], [[-100.87539490335965, 21.33291168944033], [-100.8753857832916, 21.332876590310608]], [[-100.8753857832916, 21.332876590310608], [-100.87534832142285, 21.332885135165654]], [[-100.87535744148283, 21.332920234297987], [-100.87534832142285, 21.332885135165654]], [[-100.87534832142285, 21.332885135165654], [-100.87531085954907, 21.33289368001266]], [[-100.87531997960102, 21.332928779147615], [-100.87531085954907, 21.33289368001266]], [[-100.87531085954907, 21.33289368001266], [-100.87527339767031, 21.332902224851615]], [[-100.8752825177142, 21.332937323989192], [-100.87527339767031, 21.332902224851615]], [[-100.87527339767031, 21.332902224851615], [-100.87523593578653, 21.332910769682528]], [[-100.87524505582238, 21.33294586882272], [-100.87523593578653, 21.332910769682528]], [[-100.87523593578653, 21.332910769682528], [-100.87519847389777, 21.332919314505386]], [[-100.87520759392557, 21.3329544136482], [-100.87519847389777, 21.332919314505386]], [[-100.87519847389777, 21.332919314505386], [-100.875161012004, 21.332927859320208]], [[-100.87517013202374, 21.332962958465632], [-100.875161012004, 21.332927859320208]], [[-100.875161012004, 21.332927859320208], [-100.87512355010523, 21.33293640412699]], [[-100.87513267011691, 21.332971503275033], [-100.87512355010523, 21.33293640412699]], [[-100.87512355010523, 21.33293640412699], [-100.87508608820144, 21.332944948925714]], [[-100.8750952082051, 21.332980048076386], [-100.87508608820144, 21.332944948925714]], [[-100.87508608820144, 21.332944948925714], [-100.87504862629268, 21.332953493716403]], [[-100.87505774628828, 21.332988592869683], [-100.87504862629268, 21.332953493716403]], [[-100.87504862629268, 21.332953493716403], [-100.8750111643789, 21.332962038499037]], [[-100.87502028436644, 21.332997137654935], [-100.8750111643789, 21.332962038499037]], [[-100.87502028436644, 21.332997137654935], [-100.87498282243962, 21.333005682432148]], [[-100.8750111643789, 21.332962038499037], [-100.87497370246012, 21.33297058327364]], [[-100.87498282243962, 21.333005682432148], [-100.87497370246012, 21.33297058327364]], [[-100.87606009607423, 21.332722781544003], [-100.8760509758663, 21.332687682460442]], [[-100.8760509758663, 21.332687682460442], [-100.8760135140956, 21.332696227457692]], [[-100.87602263429548, 21.33273132654387], [-100.8760135140956, 21.332696227457692]], [[-100.8760135140956, 21.332696227457692], [-100.87597605231991, 21.33270477244689]], [[-100.87598517251173, 21.332739871535683], [-100.87597605231991, 21.33270477244689]], [[-100.87597605231991, 21.33270477244689], [-100.8759385905392, 21.33271331742804]], [[-100.87594771072298, 21.332748416519454], [-100.8759385905392, 21.33271331742804]], [[-100.8759385905392, 21.33271331742804], [-100.87590112875351, 21.332721862401147]], [[-100.87591024892923, 21.33275696149518], [-100.87590112875351, 21.332721862401147]], [[-100.87590112875351, 21.332721862401147], [-100.8758636669628, 21.332730407366213]], [[-100.87587278713048, 21.33276550646286], [-100.8758636669628, 21.332730407366213]], [[-100.8758636669628, 21.332730407366213], [-100.87582620516709, 21.332738952323236]], [[-100.87583532532673, 21.332774051422497], [-100.87582620516709, 21.332738952323236]], [[-100.87582620516709, 21.332738952323236], [-100.87578874336639, 21.332747497272212]], [[-100.87579786351799, 21.332782596374084], [-100.87578874336639, 21.332747497272212]], [[-100.87578874336639, 21.332747497272212], [-100.8757512815607, 21.332756042213138]], [[-100.87576040170423, 21.33279114131764], [-100.8757512815607, 21.332756042213138]], [[-100.8757512815607, 21.332756042213138], [-100.87571381974999, 21.332764587146016]], [[-100.87572293988546, 21.332799686253143], [-100.87571381974999, 21.332764587146016]], [[-100.87571381974999, 21.332764587146016], [-100.87567635793427, 21.332773132070862]], [[-100.8756854780617, 21.332808231180593], [-100.87567635793427, 21.332773132070862]], [[-100.87567635793427, 21.332773132070862], [-100.87563889611356, 21.332781676987654]], [[-100.87564801623294, 21.332816776100007], [-100.87563889611356, 21.332781676987654]], [[-100.87563889611356, 21.332781676987654], [-100.87560143428786, 21.3327902218964]], [[-100.87561055439919, 21.332825321011367], [-100.87560143428786, 21.3327902218964]], [[-100.87560143428786, 21.3327902218964], [-100.87556397245714, 21.332798766797097]], [[-100.87557309256043, 21.332833865914687], [-100.87556397245714, 21.332798766797097]], [[-100.87556397245714, 21.332798766797097], [-100.87552651062143, 21.332807311689756]], [[-100.87553563071667, 21.332842410809956], [-100.87552651062143, 21.332807311689756]], [[-100.87552651062143, 21.332807311689756], [-100.87548904878071, 21.332815856574374]], [[-100.8754981688679, 21.332850955697193], [-100.87548904878071, 21.332815856574374]], [[-100.87548904878071, 21.332815856574374], [-100.875451586935, 21.332824401450935]], [[-100.87546070701414, 21.332859500576383], [-100.875451586935, 21.332824401450935]], [[-100.875451586935, 21.332824401450935], [-100.87541412508429, 21.332832946319456]], [[-100.87542324515537, 21.332868045447512], [-100.87541412508429, 21.332832946319456]], [[-100.87541412508429, 21.332832946319456], [-100.87537666322856, 21.33284149117993]], [[-100.8753857832916, 21.332876590310608], [-100.87537666322856, 21.33284149117993]], [[-100.87537666322856, 21.33284149117993], [-100.87533920136785, 21.332850036032365]], [[-100.87534832142285, 21.332885135165654], [-100.87533920136785, 21.332850036032365]], [[-100.87533920136785, 21.332850036032365], [-100.87530173950213, 21.33285858087675]], [[-100.87531085954907, 21.33289368001266], [-100.87530173950213, 21.33285858087675]], [[-100.87530173950213, 21.33285858087675], [-100.87526427763142, 21.332867125713086]], [[-100.87527339767031, 21.332902224851615], [-100.87526427763142, 21.332867125713086]], [[-100.87526427763142, 21.332867125713086], [-100.8752268157557, 21.33287567054138]], [[-100.87523593578653, 21.332910769682528], [-100.8752268157557, 21.33287567054138]], [[-100.8752268157557, 21.33287567054138], [-100.87518935387497, 21.332884215361627]], [[-100.87519847389777, 21.332919314505386], [-100.87518935387497, 21.332884215361627]], [[-100.87518935387497, 21.332884215361627], [-100.87515189198925, 21.332892760173838]], [[-100.875161012004, 21.332927859320208], [-100.87515189198925, 21.332892760173838]], [[-100.87515189198925, 21.332892760173838], [-100.87511443009853, 21.332901304977995]], [[-100.87512355010523, 21.33293640412699], [-100.87511443009853, 21.332901304977995]], [[-100.87511443009853, 21.332901304977995], [-100.8750769682028, 21.332909849774104]], [[-100.87508608820144, 21.332944948925714], [-100.8750769682028, 21.332909849774104]], [[-100.8750769682028, 21.332909849774104], [-100.87503950630207, 21.332918394562174]], [[-100.87504862629268, 21.332953493716403], [-100.87503950630207, 21.332918394562174]], [[-100.87503950630207, 21.332918394562174], [-100.87500204439637, 21.33292693934219]], [[-100.8750111643789, 21.332962038499037], [-100.87500204439637, 21.33292693934219]], [[-100.87500204439637, 21.33292693934219], [-100.87496458248563, 21.332935484114174]], [[-100.87497370246012, 21.33297058327364], [-100.87496458248563, 21.332935484114174]], [[-100.87497370246012, 21.33297058327364], [-100.87493624053636, 21.332979128040186]], [[-100.87496458248563, 21.332935484114174], [-100.87492712056991, 21.3329440288781]], [[-100.87493624053636, 21.332979128040186], [-100.87492712056991, 21.3329440288781]], [[-100.8760509758663, 21.332687682460442], [-100.87604185566337, 21.332652583375932]], [[-100.87604185566337, 21.332652583375932], [-100.87600439390073, 21.332661128370564]], [[-100.8760135140956, 21.332696227457692], [-100.87600439390073, 21.332661128370564]], [[-100.87600439390073, 21.332661128370564], [-100.87596693213307, 21.332669673357138]], [[-100.87597605231991, 21.33270477244689], [-100.87596693213307, 21.332669673357138]], [[-100.87596693213307, 21.332669673357138], [-100.87592947036042, 21.332678218335676]], [[-100.8759385905392, 21.33271331742804], [-100.87592947036042, 21.332678218335676]], [[-100.87592947036042, 21.332678218335676], [-100.87589200858278, 21.33268676330617]], [[-100.87590112875351, 21.332721862401147], [-100.87589200858278, 21.33268676330617]], [[-100.87589200858278, 21.33268676330617], [-100.87585454680013, 21.332695308268622]], [[-100.8758636669628, 21.332730407366213], [-100.87585454680013, 21.332695308268622]], [[-100.87585454680013, 21.332695308268622], [-100.87581708501247, 21.332703853223023]], [[-100.87582620516709, 21.332738952323236], [-100.87581708501247, 21.332703853223023]], [[-100.87581708501247, 21.332703853223023], [-100.87577962321981, 21.332712398169374]], [[-100.87578874336639, 21.332747497272212], [-100.87577962321981, 21.332712398169374]], [[-100.87577962321981, 21.332712398169374], [-100.87574216142215, 21.332720943107688]], [[-100.8757512815607, 21.332756042213138], [-100.87574216142215, 21.332720943107688]], [[-100.87574216142215, 21.332720943107688], [-100.87570469961949, 21.33272948803795]], [[-100.87571381974999, 21.332764587146016], [-100.87570469961949, 21.33272948803795]], [[-100.87570469961949, 21.33272948803795], [-100.87566723781184, 21.33273803296017]], [[-100.87567635793427, 21.332773132070862], [-100.87566723781184, 21.33273803296017]], [[-100.87566723781184, 21.33273803296017], [-100.87562977599917, 21.332746577874346]], [[-100.87563889611356, 21.332781676987654], [-100.87562977599917, 21.332746577874346]], [[-100.87562977599917, 21.332746577874346], [-100.87559231418152, 21.332755122780476]], [[-100.87560143428786, 21.3327902218964], [-100.87559231418152, 21.332755122780476]], [[-100.87559231418152, 21.332755122780476], [-100.87555485235886, 21.33276366767856]], [[-100.87556397245714, 21.332798766797097], [-100.87555485235886, 21.33276366767856]], [[-100.87555485235886, 21.33276366767856], [-100.8755173905312, 21.332772212568603]], [[-100.87552651062143, 21.332807311689756], [-100.8755173905312, 21.332772212568603]], [[-100.8755173905312, 21.332772212568603], [-100.87547992869852, 21.3327807574506]], [[-100.87548904878071, 21.332815856574374], [-100.87547992869852, 21.3327807574506]], [[-100.87547992869852, 21.3327807574506], [-100.87544246686086, 21.332789302324546]], [[-100.875451586935, 21.332824401450935], [-100.87544246686086, 21.332789302324546]], [[-100.87544246686086, 21.332789302324546], [-100.8754050050182, 21.332797847190445]], [[-100.87541412508429, 21.332832946319456], [-100.8754050050182, 21.332797847190445]], [[-100.8754050050182, 21.332797847190445], [-100.87536754317054, 21.3328063920483]], [[-100.87537666322856, 21.33284149117993], [-100.87536754317054, 21.3328063920483]], [[-100.87536754317054, 21.3328063920483], [-100.87533008131787, 21.332814936898117]], [[-100.87533920136785, 21.332850036032365], [-100.87533008131787, 21.332814936898117]], [[-100.87533008131787, 21.332814936898117], [-100.8752926194602, 21.332823481739887]], [[-100.87530173950213, 21.33285858087675], [-100.8752926194602, 21.332823481739887]], [[-100.8752926194602, 21.332823481739887], [-100.87525515759752, 21.332832026573602]], [[-100.87526427763142, 21.332867125713086], [-100.87525515759752, 21.332832026573602]], [[-100.87525515759752, 21.332832026573602], [-100.87521769572986, 21.332840571399288]], [[-100.8752268157557, 21.33287567054138], [-100.87521769572986, 21.332840571399288]], [[-100.87521769572986, 21.332840571399288], [-100.8751802338572, 21.332849116216916]], [[-100.87518935387497, 21.332884215361627], [-100.8751802338572, 21.332849116216916]], [[-100.8751802338572, 21.332849116216916], [-100.87514277197951, 21.332857661026505]], [[-100.87515189198925, 21.332892760173838], [-100.87514277197951, 21.332857661026505]], [[-100.87514277197951, 21.332857661026505], [-100.87510531009684, 21.332866205828047]], [[-100.87511443009853, 21.332901304977995], [-100.87510531009684, 21.332866205828047]], [[-100.87510531009684, 21.332866205828047], [-100.87506784820917, 21.332874750621535]], [[-100.8750769682028, 21.332909849774104], [-100.87506784820917, 21.332874750621535]], [[-100.87506784820917, 21.332874750621535], [-100.8750303863165, 21.332883295406983]], [[-100.87503950630207, 21.332918394562174], [-100.8750303863165, 21.332883295406983]], [[-100.8750303863165, 21.332883295406983], [-100.87499292441882, 21.33289184018439]], [[-100.87500204439637, 21.33292693934219], [-100.87499292441882, 21.33289184018439]], [[-100.87499292441882, 21.33289184018439], [-100.87495546251614, 21.332900384953753]], [[-100.87496458248563, 21.332935484114174], [-100.87495546251614, 21.332900384953753]], [[-100.87495546251614, 21.332900384953753], [-100.87491800060847, 21.332908929715057]], [[-100.87492712056991, 21.3329440288781], [-100.87491800060847, 21.332908929715057]], [[-100.87492712056991, 21.3329440288781], [-100.87488965864918, 21.332952573633985]], [[-100.87491800060847, 21.332908929715057], [-100.87488053869578, 21.332917474468335]], [[-100.87488965864918, 21.332952573633985], [-100.87488053869578, 21.332917474468335]], [[-100.87607931742103, 21.332644038373257], [-100.87604185566337, 21.332652583375932]], [[-100.87607931742103, 21.332644038373257], [-100.87607019721504, 21.332608939290413]], [[-100.87607019721504, 21.332608939290413], [-100.87603273546544, 21.33261748429047]], [[-100.87604185566337, 21.332652583375932], [-100.87603273546544, 21.33261748429047]], [[-100.87603273546544, 21.33261748429047], [-100.87599527371086, 21.332626029282476]], [[-100.87600439390073, 21.332661128370564], [-100.87599527371086, 21.332626029282476]], [[-100.87599527371086, 21.332626029282476], [-100.87595781195125, 21.332634574266443]], [[-100.87596693213307, 21.332669673357138], [-100.87595781195125, 21.332634574266443]], [[-100.87595781195125, 21.332634574266443], [-100.87592035018665, 21.33264311924236]], [[-100.87592947036042, 21.332678218335676], [-100.87592035018665, 21.33264311924236]], [[-100.87592035018665, 21.33264311924236], [-100.87588288841705, 21.332651664210232]], [[-100.87589200858278, 21.33268676330617], [-100.87588288841705, 21.332651664210232]], [[-100.87588288841705, 21.332651664210232], [-100.87584542664243, 21.332660209170072]], [[-100.87585454680013, 21.332695308268622], [-100.87584542664243, 21.332660209170072]], [[-100.87584542664243, 21.332660209170072], [-100.87580796486283, 21.332668754121848]], [[-100.87581708501247, 21.332703853223023], [-100.87580796486283, 21.332668754121848]], [[-100.87580796486283, 21.332668754121848], [-100.87577050307823, 21.332677299065587]], [[-100.87577962321981, 21.332712398169374], [-100.87577050307823, 21.332677299065587]], [[-100.87577050307823, 21.332677299065587], [-100.87573304128863, 21.332685844001276]], [[-100.87574216142215, 21.332720943107688], [-100.87573304128863, 21.332685844001276]], [[-100.87573304128863, 21.332685844001276], [-100.87569557949402, 21.33269438892893]], [[-100.87570469961949, 21.33272948803795], [-100.87569557949402, 21.33269438892893]], [[-100.87569557949402, 21.33269438892893], [-100.87565811769441, 21.33270293384853]], [[-100.87566723781184, 21.33273803296017], [-100.87565811769441, 21.33270293384853]], [[-100.87565811769441, 21.33270293384853], [-100.87562065588979, 21.332711478760082]], [[-100.87562977599917, 21.332746577874346], [-100.87562065588979, 21.332711478760082]], [[-100.87562065588979, 21.332711478760082], [-100.87558319408018, 21.332720023663597]], [[-100.87559231418152, 21.332755122780476], [-100.87558319408018, 21.332720023663597]], [[-100.87558319408018, 21.332720023663597], [-100.87554573226556, 21.332728568559066]], [[-100.87555485235886, 21.33276366767856], [-100.87554573226556, 21.332728568559066]], [[-100.87554573226556, 21.332728568559066], [-100.87550827044596, 21.332737113446495]], [[-100.8755173905312, 21.332772212568603], [-100.87550827044596, 21.332737113446495]], [[-100.87550827044596, 21.332737113446495], [-100.87547080862134, 21.332745658325873]], [[-100.87547992869852, 21.3327807574506], [-100.87547080862134, 21.332745658325873]], [[-100.87547080862134, 21.332745658325873], [-100.87543334679174, 21.3327542031972]], [[-100.87544246686086, 21.332789302324546], [-100.87543334679174, 21.3327542031972]], [[-100.87543334679174, 21.3327542031972], [-100.87539588495711, 21.332762748060485]], [[-100.8754050050182, 21.332797847190445], [-100.87539588495711, 21.332762748060485]], [[-100.87539588495711, 21.332762748060485], [-100.8753584231175, 21.332771292915723]], [[-100.87536754317054, 21.3328063920483], [-100.8753584231175, 21.332771292915723]], [[-100.8753584231175, 21.332771292915723], [-100.87532096127288, 21.33277983776292]], [[-100.87533008131787, 21.332814936898117], [-100.87532096127288, 21.33277983776292]], [[-100.87532096127288, 21.33277983776292], [-100.87528349942326, 21.33278838260207]], [[-100.8752926194602, 21.332823481739887], [-100.87528349942326, 21.33278838260207]], [[-100.87528349942326, 21.33278838260207], [-100.87524603756864, 21.332796927433172]], [[-100.87525515759752, 21.332832026573602], [-100.87524603756864, 21.332796927433172]], [[-100.87524603756864, 21.332796927433172], [-100.87520857570901, 21.332805472256233]], [[-100.87521769572986, 21.332840571399288], [-100.87520857570901, 21.332805472256233]], [[-100.87520857570901, 21.332805472256233], [-100.87517111384439, 21.33281401707125]], [[-100.8751802338572, 21.332849116216916], [-100.87517111384439, 21.33281401707125]], [[-100.87517111384439, 21.33281401707125], [-100.87513365197478, 21.332822561878217]], [[-100.87514277197951, 21.332857661026505], [-100.87513365197478, 21.332822561878217]], [[-100.87513365197478, 21.332822561878217], [-100.87509619010015, 21.332831106677144]], [[-100.87510531009684, 21.332866205828047], [-100.87509619010015, 21.332831106677144]], [[-100.87509619010015, 21.332831106677144], [-100.87505872822052, 21.33283965146802]], [[-100.87506784820917, 21.332874750621535], [-100.87505872822052, 21.33283965146802]], [[-100.87505872822052, 21.33283965146802], [-100.8750212663359, 21.332848196250843]], [[-100.8750303863165, 21.332883295406983], [-100.8750212663359, 21.332848196250843]], [[-100.8750212663359, 21.332848196250843], [-100.87498380444627, 21.33285674102564]], [[-100.87499292441882, 21.33289184018439], [-100.87498380444627, 21.33285674102564]], [[-100.87498380444627, 21.33285674102564], [-100.87494634255165, 21.332865285792384]], [[-100.87495546251614, 21.332900384953753], [-100.87494634255165, 21.332865285792384]], [[-100.87494634255165, 21.332865285792384], [-100.87490888065201, 21.33287383055108]], [[-100.87491800060847, 21.332908929715057], [-100.87490888065201, 21.33287383055108]], [[-100.87490888065201, 21.33287383055108], [-100.8748714187474, 21.332882375301725]], [[-100.87488053869578, 21.332917474468335], [-100.8748714187474, 21.332882375301725]], [[-100.87488053869578, 21.332917474468335], [-100.8748430767781, 21.332926019213556]], [[-100.8748714187474, 21.332882375301725], [-100.87483395683776, 21.33289092004433]], [[-100.8748430767781, 21.332926019213556], [-100.87483395683776, 21.33289092004433]], [[-100.8748430767781, 21.332926019213556], [-100.87480561485543, 21.332934563950733]], [[-100.87483395683776, 21.33289092004433], [-100.87479649492315, 21.332899464778897]], [[-100.87480561485543, 21.332934563950733], [-100.87479649492315, 21.332899464778897]], [[-100.87607019721504, 21.332608939290413], [-100.87606107701407, 21.332573840206614]], [[-100.87606107701407, 21.332573840206614], [-100.87602361527253, 21.33258238520405]], [[-100.87603273546544, 21.33261748429047], [-100.87602361527253, 21.33258238520405]], [[-100.87602361527253, 21.33258238520405], [-100.87598615352597, 21.332590930193444]], [[-100.87599527371086, 21.332626029282476], [-100.87598615352597, 21.332590930193444]], [[-100.87598615352597, 21.332590930193444], [-100.87594869177443, 21.332599475174785]], [[-100.87595781195125, 21.332634574266443], [-100.87594869177443, 21.332599475174785]], [[-100.87594869177443, 21.332599475174785], [-100.87591123001786, 21.332608020148093]], [[-100.87592035018665, 21.33264311924236], [-100.87591123001786, 21.332608020148093]], [[-100.87591123001786, 21.332608020148093], [-100.87587376825631, 21.332616565113348]], [[-100.87588288841705, 21.332651664210232], [-100.87587376825631, 21.332616565113348]], [[-100.87587376825631, 21.332616565113348], [-100.87583630648976, 21.332625110070563]], [[-100.87584542664243, 21.332660209170072], [-100.87583630648976, 21.332625110070563]], [[-100.87583630648976, 21.332625110070563], [-100.8757988447182, 21.332633655019723]], [[-100.87580796486283, 21.332668754121848], [-100.8757988447182, 21.332633655019723]], [[-100.8757988447182, 21.332633655019723], [-100.87576138294165, 21.332642199960844]], [[-100.87577050307823, 21.332677299065587], [-100.87576138294165, 21.332642199960844]], [[-100.87576138294165, 21.332642199960844], [-100.87572392116009, 21.332650744893918]], [[-100.87573304128863, 21.332685844001276], [-100.87572392116009, 21.332650744893918]], [[-100.87572392116009, 21.332650744893918], [-100.87568645937353, 21.332659289818956]], [[-100.87569557949402, 21.33269438892893], [-100.87568645937353, 21.332659289818956]], [[-100.87568645937353, 21.332659289818956], [-100.87564899758198, 21.33266783473594]], [[-100.87565811769441, 21.33270293384853], [-100.87564899758198, 21.33266783473594]], [[-100.87564899758198, 21.33266783473594], [-100.87561153578541, 21.332676379644877]], [[-100.87562065588979, 21.332711478760082], [-100.87561153578541, 21.332676379644877]], [[-100.87561153578541, 21.332676379644877], [-100.87557407398386, 21.332684924545777]], [[-100.87558319408018, 21.332720023663597], [-100.87557407398386, 21.332684924545777]], [[-100.87557407398386, 21.332684924545777], [-100.8755366121773, 21.33269346943862]], [[-100.87554573226556, 21.332728568559066], [-100.8755366121773, 21.33269346943862]], [[-100.8755366121773, 21.33269346943862], [-100.87549915036573, 21.332702014323427]], [[-100.87550827044596, 21.332737113446495], [-100.87549915036573, 21.332702014323427]], [[-100.87549915036573, 21.332702014323427], [-100.87546168854917, 21.332710559200187]], [[-100.87547080862134, 21.332745658325873], [-100.87546168854917, 21.332710559200187]], [[-100.87546168854917, 21.332710559200187], [-100.87542422672759, 21.3327191040689]], [[-100.87543334679174, 21.3327542031972], [-100.87542422672759, 21.3327191040689]], [[-100.87542422672759, 21.3327191040689], [-100.87538676490104, 21.332727648929563]], [[-100.87539588495711, 21.332762748060485], [-100.87538676490104, 21.332727648929563]], [[-100.87538676490104, 21.332727648929563], [-100.87534930306946, 21.332736193782196]], [[-100.8753584231175, 21.332771292915723], [-100.87534930306946, 21.332736193782196]], [[-100.87534930306946, 21.332736193782196], [-100.87531184123289, 21.332744738626772]], [[-100.87532096127288, 21.33277983776292], [-100.87531184123289, 21.332744738626772]], [[-100.87531184123289, 21.332744738626772], [-100.87527437939131, 21.332753283463305]], [[-100.87528349942326, 21.33278838260207], [-100.87527437939131, 21.332753283463305]], [[-100.87527437939131, 21.332753283463305], [-100.87523691754475, 21.33276182829179]], [[-100.87524603756864, 21.332796927433172], [-100.87523691754475, 21.33276182829179]], [[-100.87523691754475, 21.33276182829179], [-100.87519945569318, 21.332770373112233]], [[-100.87520857570901, 21.332805472256233], [-100.87519945569318, 21.332770373112233]], [[-100.87519945569318, 21.332770373112233], [-100.87516199383661, 21.33277891792463]], [[-100.87517111384439, 21.33281401707125], [-100.87516199383661, 21.33277891792463]], [[-100.87516199383661, 21.33277891792463], [-100.87512453197503, 21.33278746272898]], [[-100.87513365197478, 21.332822561878217], [-100.87512453197503, 21.33278746272898]], [[-100.87512453197503, 21.33278746272898], [-100.87508707010846, 21.332796007525285]], [[-100.87509619010015, 21.332831106677144], [-100.87508707010846, 21.332796007525285]], [[-100.87508707010846, 21.332796007525285], [-100.87504960823689, 21.332804552313544]], [[-100.87505872822052, 21.33283965146802], [-100.87504960823689, 21.332804552313544]], [[-100.87504960823689, 21.332804552313544], [-100.87501214636032, 21.332813097093755]], [[-100.8750212663359, 21.332848196250843], [-100.87501214636032, 21.332813097093755]], [[-100.87501214636032, 21.332813097093755], [-100.87497468447873, 21.33282164186594]], [[-100.87498380444627, 21.33285674102564], [-100.87497468447873, 21.33282164186594]], [[-100.87497468447873, 21.33282164186594], [-100.87493722259217, 21.332830186630062]], [[-100.87494634255165, 21.332865285792384], [-100.87493722259217, 21.332830186630062]], [[-100.87493722259217, 21.332830186630062], [-100.87489976070059, 21.332838731386136]], [[-100.87490888065201, 21.33287383055108], [-100.87489976070059, 21.332838731386136]], [[-100.87489976070059, 21.332838731386136], [-100.874862298804, 21.332847276134167]], [[-100.8748714187474, 21.332882375301725], [-100.874862298804, 21.332847276134167]], [[-100.874862298804, 21.332847276134167], [-100.87482483690242, 21.332855820874155]], [[-100.87483395683776, 21.33289092004433], [-100.87482483690242, 21.332855820874155]], [[-100.87482483690242, 21.332855820874155], [-100.87478737499583, 21.3328643656061]], [[-100.87479649492315, 21.332899464778897], [-100.87478737499583, 21.3328643656061]], [[-100.87479649492315, 21.332899464778897], [-100.87475903300351, 21.332908009505406]], [[-100.87478737499583, 21.3328643656061], [-100.87474991308426, 21.33287291032999]], [[-100.87475903300351, 21.332908009505406], [-100.87474991308426, 21.33287291032999]], [[-100.87609853875063, 21.33256529520113], [-100.87606107701407, 21.332573840206614]], [[-100.87609853875063, 21.33256529520113], [-100.8760894185466, 21.332530196119002]], [[-100.8760894185466, 21.332530196119002], [-100.8760519568181, 21.332538741121862]], [[-100.87606107701407, 21.332573840206614], [-100.8760519568181, 21.332538741121862]], [[-100.8760519568181, 21.332538741121862], [-100.87601449508459, 21.33254728611668]], [[-100.87602361527253, 21.33258238520405], [-100.87601449508459, 21.33254728611668]], [[-100.87601449508459, 21.33254728611668], [-100.8759770333461, 21.332555831103456]], [[-100.87598615352597, 21.332590930193444], [-100.8759770333461, 21.332555831103456]], [[-100.8759770333461, 21.332555831103456], [-100.87593957160259, 21.332564376082182]], [[-100.87594869177443, 21.332599475174785], [-100.87593957160259, 21.332564376082182]], [[-100.87593957160259, 21.332564376082182], [-100.8759021098541, 21.332572921052865]], [[-100.87591123001786, 21.332608020148093], [-100.8759021098541, 21.332572921052865]], [[-100.8759021098541, 21.332572921052865], [-100.87586464810059, 21.332581466015515]], [[-100.87587376825631, 21.332616565113348], [-100.87586464810059, 21.332581466015515]], [[-100.87586464810059, 21.332581466015515], [-100.87582718634208, 21.332590010970105]], [[-100.87583630648976, 21.332625110070563], [-100.87582718634208, 21.332590010970105]], [[-100.87582718634208, 21.332590010970105], [-100.87578972457857, 21.33259855591665]], [[-100.8757988447182, 21.332633655019723], [-100.87578972457857, 21.33259855591665]], [[-100.87578972457857, 21.33259855591665], [-100.87575226281007, 21.33260710085515]], [[-100.87576138294165, 21.332642199960844], [-100.87575226281007, 21.33260710085515]], [[-100.87575226281007, 21.33260710085515], [-100.87571480103657, 21.33261564578561]], [[-100.87572392116009, 21.332650744893918], [-100.87571480103657, 21.33261564578561]], [[-100.87571480103657, 21.33261564578561], [-100.87567733925805, 21.33262419070802]], [[-100.87568645937353, 21.332659289818956], [-100.87567733925805, 21.33262419070802]], [[-100.87567733925805, 21.33262419070802], [-100.87563987747454, 21.33263273562239]], [[-100.87564899758198, 21.33266783473594], [-100.87563987747454, 21.33263273562239]], [[-100.87563987747454, 21.33263273562239], [-100.87560241568603, 21.33264128052872]], [[-100.87561153578541, 21.332676379644877], [-100.87560241568603, 21.33264128052872]], [[-100.87560241568603, 21.33264128052872], [-100.87556495389252, 21.332649825426994]], [[-100.87557407398386, 21.332684924545777], [-100.87556495389252, 21.332649825426994]], [[-100.87556495389252, 21.332649825426994], [-100.87552749209401, 21.332658370317226]], [[-100.8755366121773, 21.33269346943862], [-100.87552749209401, 21.332658370317226]], [[-100.87552749209401, 21.332658370317226], [-100.87549003029049, 21.33266691519941]], [[-100.87549915036573, 21.332702014323427], [-100.87549003029049, 21.33266691519941]], [[-100.87549003029049, 21.33266691519941], [-100.87545256848198, 21.33267546007355]], [[-100.87546168854917, 21.332710559200187], [-100.87545256848198, 21.33267546007355]], [[-100.87545256848198, 21.33267546007355], [-100.87541510666846, 21.332684004939644]], [[-100.87542422672759, 21.3327191040689], [-100.87541510666846, 21.332684004939644]], [[-100.87541510666846, 21.332684004939644], [-100.87537764484995, 21.3326925497977]], [[-100.87538676490104, 21.332727648929563], [-100.87537764484995, 21.3326925497977]], [[-100.87537764484995, 21.3326925497977], [-100.87534018302642, 21.33270109464771]], [[-100.87534930306946, 21.332736193782196], [-100.87534018302642, 21.33270109464771]], [[-100.87534018302642, 21.33270109464771], [-100.87530272119791, 21.33270963948967]], [[-100.87531184123289, 21.332744738626772], [-100.87530272119791, 21.33270963948967]], [[-100.87530272119791, 21.33270963948967], [-100.87526525936438, 21.332718184323586]], [[-100.87527437939131, 21.332753283463305], [-100.87526525936438, 21.332718184323586]], [[-100.87526525936438, 21.332718184323586], [-100.87522779752587, 21.33272672914945]], [[-100.87523691754475, 21.33276182829179], [-100.87522779752587, 21.33272672914945]], [[-100.87522779752587, 21.33272672914945], [-100.87519033568235, 21.33273527396727]], [[-100.87519945569318, 21.332770373112233], [-100.87519033568235, 21.33273527396727]], [[-100.87519033568235, 21.33273527396727], [-100.87515287383383, 21.332743818777054]], [[-100.87516199383661, 21.33277891792463], [-100.87515287383383, 21.332743818777054]], [[-100.87515287383383, 21.332743818777054], [-100.87511541198029, 21.332752363578788]], [[-100.87512453197503, 21.33278746272898], [-100.87511541198029, 21.332752363578788]], [[-100.87511541198029, 21.332752363578788], [-100.87507795012178, 21.332760908372478]], [[-100.87508707010846, 21.332796007525285], [-100.87507795012178, 21.332760908372478]], [[-100.87507795012178, 21.332760908372478], [-100.87504048825825, 21.332769453158118]], [[-100.87504960823689, 21.332804552313544], [-100.87504048825825, 21.332769453158118]], [[-100.87504048825825, 21.332769453158118], [-100.87500302638972, 21.332777997935718]], [[-100.87501214636032, 21.332813097093755], [-100.87500302638972, 21.332777997935718]], [[-100.87500302638972, 21.332777997935718], [-100.8749655645162, 21.332786542705268]], [[-100.87497468447873, 21.33282164186594], [-100.8749655645162, 21.332786542705268]], [[-100.8749655645162, 21.332786542705268], [-100.87492810263768, 21.332795087466778]], [[-100.87493722259217, 21.332830186630062], [-100.87492810263768, 21.332795087466778]], [[-100.87492810263768, 21.332795087466778], [-100.87489064075415, 21.332803632220237]], [[-100.87489976070059, 21.332838731386136], [-100.87489064075415, 21.332803632220237]], [[-100.87489064075415, 21.332803632220237], [-100.87485317886562, 21.332812176965653]], [[-100.874862298804, 21.332847276134167], [-100.87485317886562, 21.332812176965653]], [[-100.87485317886562, 21.332812176965653], [-100.8748157169721, 21.33282072170303]], [[-100.87482483690242, 21.332855820874155], [-100.8748157169721, 21.33282072170303]], [[-100.8748157169721, 21.33282072170303], [-100.87477825507355, 21.332829266432356]], [[-100.87478737499583, 21.3328643656061], [-100.87477825507355, 21.332829266432356]], [[-100.87477825507355, 21.332829266432356], [-100.87474079317002, 21.332837811153627]], [[-100.87474991308426, 21.33287291032999], [-100.87474079317002, 21.332837811153627]], [[-100.87474991308426, 21.33287291032999], [-100.87471245116768, 21.332881455045847]], [[-100.87474079317002, 21.332837811153627], [-100.8747033312615, 21.332846355866867]], [[-100.87471245116768, 21.332881455045847], [-100.8747033312615, 21.332846355866867]], [[-100.8760894185466, 21.332530196119002], [-100.87608029834757, 21.332495097035906]], [[-100.87608029834757, 21.332495097035906], [-100.87604283662714, 21.33250364203616]], [[-100.8760519568181, 21.332538741121862], [-100.87604283662714, 21.33250364203616]], [[-100.87604283662714, 21.33250364203616], [-100.87600537490168, 21.33251218702836]], [[-100.87601449508459, 21.33254728611668], [-100.87600537490168, 21.33251218702836]], [[-100.87600537490168, 21.33251218702836], [-100.87596791317122, 21.332520732012515]], [[-100.8759770333461, 21.332555831103456], [-100.87596791317122, 21.332520732012515]], [[-100.87596791317122, 21.332520732012515], [-100.87593045143576, 21.332529276988627]], [[-100.87593957160259, 21.332564376082182], [-100.87593045143576, 21.332529276988627]], [[-100.87593045143576, 21.332529276988627], [-100.87589298969532, 21.332537821956695]], [[-100.8759021098541, 21.332572921052865], [-100.87589298969532, 21.332537821956695]], [[-100.87589298969532, 21.332537821956695], [-100.87585552794987, 21.332546366916713]], [[-100.87586464810059, 21.332581466015515], [-100.87585552794987, 21.332546366916713]], [[-100.87585552794987, 21.332546366916713], [-100.8758180661994, 21.33255491186869]], [[-100.87582718634208, 21.332590010970105], [-100.8758180661994, 21.33255491186869]], [[-100.8758180661994, 21.33255491186869], [-100.87578060444395, 21.332563456812622]], [[-100.87578972457857, 21.33259855591665], [-100.87578060444395, 21.332563456812622]], [[-100.87578060444395, 21.332563456812622], [-100.87574314268349, 21.332572001748506]], [[-100.87575226281007, 21.33260710085515], [-100.87574314268349, 21.332572001748506]], [[-100.87574314268349, 21.332572001748506], [-100.87570568091803, 21.33258054667635]], [[-100.87571480103657, 21.33261564578561], [-100.87570568091803, 21.33258054667635]], [[-100.87570568091803, 21.33258054667635], [-100.87566821914757, 21.33258909159614]], [[-100.87567733925805, 21.33262419070802], [-100.87566821914757, 21.33258909159614]], [[-100.87566821914757, 21.33258909159614], [-100.87563075737211, 21.332597636507895]], [[-100.87563987747454, 21.33263273562239], [-100.87563075737211, 21.332597636507895]], [[-100.87563075737211, 21.332597636507895], [-100.87559329559166, 21.3326061814116]], [[-100.87560241568603, 21.33264128052872], [-100.87559329559166, 21.3326061814116]], [[-100.87559329559166, 21.3326061814116], [-100.87555583380619, 21.332614726307256]], [[-100.87556495389252, 21.332649825426994], [-100.87555583380619, 21.332614726307256]], [[-100.87555583380619, 21.332614726307256], [-100.87551837201572, 21.332623271194876]], [[-100.87552749209401, 21.332658370317226], [-100.87551837201572, 21.332623271194876]], [[-100.87551837201572, 21.332623271194876], [-100.87548091022026, 21.33263181607444]], [[-100.87549003029049, 21.33266691519941], [-100.87548091022026, 21.33263181607444]], [[-100.87548091022026, 21.33263181607444], [-100.8754434484198, 21.332640360945966]], [[-100.87545256848198, 21.33267546007355], [-100.8754434484198, 21.332640360945966]], [[-100.8754434484198, 21.332640360945966], [-100.87540598661433, 21.332648905809442]], [[-100.87541510666846, 21.332684004939644], [-100.87540598661433, 21.332648905809442]], [[-100.87540598661433, 21.332648905809442], [-100.87536852480386, 21.332657450664875]], [[-100.87537764484995, 21.3326925497977], [-100.87536852480386, 21.332657450664875]], [[-100.87536852480386, 21.332657450664875], [-100.8753310629884, 21.33266599551227]], [[-100.87534018302642, 21.33270109464771], [-100.8753310629884, 21.33266599551227]], [[-100.8753310629884, 21.33266599551227], [-100.87529360116793, 21.33267454035161]], [[-100.87530272119791, 21.33270963948967], [-100.87529360116793, 21.33267454035161]], [[-100.87529360116793, 21.33267454035161], [-100.87525613934245, 21.332683085182904]], [[-100.87526525936438, 21.332718184323586], [-100.87525613934245, 21.332683085182904]], [[-100.87525613934245, 21.332683085182904], [-100.87521867751198, 21.33269163000616]], [[-100.87522779752587, 21.33272672914945], [-100.87521867751198, 21.33269163000616]], [[-100.87521867751198, 21.33269163000616], [-100.8751812156765, 21.33270017482137]], [[-100.87519033568235, 21.33273527396727], [-100.8751812156765, 21.33270017482137]], [[-100.8751812156765, 21.33270017482137], [-100.87514375383604, 21.332708719628528]], [[-100.87515287383383, 21.332743818777054], [-100.87514375383604, 21.332708719628528]], [[-100.87514375383604, 21.332708719628528], [-100.87510629199056, 21.332717264427643]], [[-100.87511541198029, 21.332752363578788], [-100.87510629199056, 21.332717264427643]], [[-100.87510629199056, 21.332717264427643], [-100.8750688301401, 21.33272580921871]], [[-100.87507795012178, 21.332760908372478], [-100.8750688301401, 21.33272580921871]], [[-100.8750688301401, 21.33272580921871], [-100.87503136828461, 21.332734354001747]], [[-100.87504048825825, 21.332769453158118], [-100.87503136828461, 21.332734354001747]], [[-100.87503136828461, 21.332734354001747], [-100.87499390642414, 21.332742898776726]], [[-100.87500302638972, 21.332777997935718], [-100.87499390642414, 21.332742898776726]], [[-100.87499390642414, 21.332742898776726], [-100.87495644455866, 21.332751443543653]], [[-100.8749655645162, 21.332786542705268], [-100.87495644455866, 21.332751443543653]], [[-100.87495644455866, 21.332751443543653], [-100.87491898268819, 21.332759988302545]], [[-100.87492810263768, 21.332795087466778], [-100.87491898268819, 21.332759988302545]], [[-100.87491898268819, 21.332759988302545], [-100.8748815208127, 21.33276853305339]], [[-100.87489064075415, 21.332803632220237], [-100.8748815208127, 21.33276853305339]], [[-100.8748815208127, 21.33276853305339], [-100.87484405893223, 21.332777077796194]], [[-100.87485317886562, 21.332812176965653], [-100.87484405893223, 21.332777077796194]], [[-100.87484405893223, 21.332777077796194], [-100.87480659704674, 21.332785622530945]], [[-100.8748157169721, 21.33282072170303], [-100.87480659704674, 21.332785622530945]], [[-100.87480659704674, 21.332785622530945], [-100.87476913515626, 21.332794167257656]], [[-100.87477825507355, 21.332829266432356], [-100.87476913515626, 21.332794167257656]], [[-100.87476913515626, 21.332794167257656], [-100.87473167326078, 21.332802711976314]], [[-100.87474079317002, 21.332837811153627], [-100.87473167326078, 21.332802711976314]], [[-100.87473167326078, 21.332802711976314], [-100.87469421136029, 21.33281125668693]], [[-100.8747033312615, 21.332846355866867], [-100.87469421136029, 21.33281125668693]], [[-100.8747033312615, 21.332846355866867], [-100.87466586934796, 21.33285490057206]], [[-100.87469421136029, 21.33281125668693], [-100.87465674945483, 21.332819801389505]], [[-100.87466586934796, 21.33285490057206], [-100.87465674945483, 21.332819801389505]], [[-100.87611776006301, 21.332486552027614], [-100.87608029834757, 21.332495097035906]], [[-100.87611776006301, 21.332486552027614], [-100.87610863986096, 21.332451452946195]], [[-100.87610863986096, 21.332451452946195], [-100.87607117815355, 21.33245999795187]], [[-100.87608029834757, 21.332495097035906], [-100.87607117815355, 21.33245999795187]], [[-100.87607117815355, 21.33245999795187], [-100.87603371644116, 21.332468542949492]], [[-100.87604283662714, 21.33250364203616], [-100.87603371644116, 21.332468542949492]], [[-100.87603371644116, 21.332468542949492], [-100.87599625472376, 21.33247708793908]], [[-100.87600537490168, 21.33251218702836], [-100.87599625472376, 21.33247708793908]], [[-100.87599625472376, 21.33247708793908], [-100.87595879300136, 21.332485632920623]], [[-100.87596791317122, 21.332520732012515], [-100.87595879300136, 21.332485632920623]], [[-100.87595879300136, 21.332485632920623], [-100.87592133127394, 21.332494177894116]], [[-100.87593045143576, 21.332529276988627], [-100.87592133127394, 21.332494177894116]], [[-100.87592133127394, 21.332494177894116], [-100.87588386954154, 21.332502722859566]], [[-100.87589298969532, 21.332537821956695], [-100.87588386954154, 21.332502722859566]], [[-100.87588386954154, 21.332502722859566], [-100.87584640780415, 21.33251126781697]], [[-100.87585552794987, 21.332546366916713], [-100.87584640780415, 21.33251126781697]], [[-100.87584640780415, 21.33251126781697], [-100.87580894606174, 21.33251981276632]], [[-100.8758180661994, 21.33255491186869], [-100.87580894606174, 21.33251981276632]], [[-100.87580894606174, 21.33251981276632], [-100.87577148431433, 21.332528357707638]], [[-100.87578060444395, 21.332563456812622], [-100.87577148431433, 21.332528357707638]], [[-100.87577148431433, 21.332528357707638], [-100.87573402256191, 21.332536902640904]], [[-100.87574314268349, 21.332572001748506], [-100.87573402256191, 21.332536902640904]], [[-100.87573402256191, 21.332536902640904], [-100.87569656080451, 21.33254544756613]], [[-100.87570568091803, 21.33258054667635], [-100.87569656080451, 21.33254544756613]], [[-100.87569656080451, 21.33254544756613], [-100.8756590990421, 21.332553992483312]], [[-100.87566821914757, 21.33258909159614], [-100.8756590990421, 21.332553992483312]], [[-100.8756590990421, 21.332553992483312], [-100.87562163727469, 21.33256253739244]], [[-100.87563075737211, 21.332597636507895], [-100.87562163727469, 21.33256253739244]], [[-100.87562163727469, 21.33256253739244], [-100.87558417550227, 21.332571082293526]], [[-100.87559329559166, 21.3326061814116], [-100.87558417550227, 21.332571082293526]], [[-100.87558417550227, 21.332571082293526], [-100.87554671372486, 21.332579627186572]], [[-100.87555583380619, 21.332614726307256], [-100.87554671372486, 21.332579627186572]], [[-100.87554671372486, 21.332579627186572], [-100.87550925194245, 21.332588172071567]], [[-100.87551837201572, 21.332623271194876], [-100.87550925194245, 21.332588172071567]], [[-100.87550925194245, 21.332588172071567], [-100.87547179015503, 21.33259671694852]], [[-100.87548091022026, 21.33263181607444], [-100.87547179015503, 21.33259671694852]], [[-100.87547179015503, 21.33259671694852], [-100.87543432836262, 21.332605261817424]], [[-100.8754434484198, 21.332640360945966], [-100.87543432836262, 21.332605261817424]], [[-100.87543432836262, 21.332605261817424], [-100.8753968665652, 21.33261380667828]], [[-100.87540598661433, 21.332648905809442], [-100.8753968665652, 21.33261380667828]], [[-100.8753968665652, 21.33261380667828], [-100.87535940476278, 21.332622351531104]], [[-100.87536852480386, 21.332657450664875], [-100.87535940476278, 21.332622351531104]], [[-100.87535940476278, 21.332622351531104], [-100.87532194295537, 21.332630896375875]], [[-100.8753310629884, 21.33266599551227], [-100.87532194295537, 21.332630896375875]], [[-100.87532194295537, 21.332630896375875], [-100.87528448114294, 21.3326394412126]], [[-100.87529360116793, 21.33267454035161], [-100.87528448114294, 21.3326394412126]], [[-100.87528448114294, 21.3326394412126], [-100.87524701932551, 21.332647986041277]], [[-100.87525613934245, 21.332683085182904], [-100.87524701932551, 21.332647986041277]], [[-100.87524701932551, 21.332647986041277], [-100.8752095575031, 21.332656530861914]], [[-100.87521867751198, 21.33269163000616], [-100.8752095575031, 21.332656530861914]], [[-100.8752095575031, 21.332656530861914], [-100.87517209567568, 21.33266507567451]], [[-100.8751812156765, 21.33270017482137], [-100.87517209567568, 21.33266507567451]], [[-100.87517209567568, 21.33266507567451], [-100.87513463384326, 21.332673620479046]], [[-100.87514375383604, 21.332708719628528], [-100.87513463384326, 21.332673620479046]], [[-100.87513463384326, 21.332673620479046], [-100.87509717200582, 21.332682165275546]], [[-100.87510629199056, 21.332717264427643], [-100.87509717200582, 21.332682165275546]], [[-100.87509717200582, 21.332682165275546], [-100.8750597101634, 21.332690710064]], [[-100.8750688301401, 21.33272580921871], [-100.8750597101634, 21.332690710064]], [[-100.8750597101634, 21.332690710064], [-100.87502224831597, 21.332699254844417]], [[-100.87503136828461, 21.332734354001747], [-100.87502224831597, 21.332699254844417]], [[-100.87502224831597, 21.332699254844417], [-100.87498478646356, 21.332707799616774]], [[-100.87499390642414, 21.332742898776726], [-100.87498478646356, 21.332707799616774]], [[-100.87498478646356, 21.332707799616774], [-100.87494732460611, 21.332716344381094]], [[-100.87495644455866, 21.332751443543653], [-100.87494732460611, 21.332716344381094]], [[-100.87494732460611, 21.332716344381094], [-100.87490986274369, 21.33272488913736]], [[-100.87491898268819, 21.332759988302545], [-100.87490986274369, 21.33272488913736]], [[-100.87490986274369, 21.33272488913736], [-100.87487240087626, 21.33273343388559]], [[-100.8748815208127, 21.33276853305339], [-100.87487240087626, 21.33273343388559]], [[-100.87487240087626, 21.33273343388559], [-100.87483493900383, 21.332741978625773]], [[-100.87484405893223, 21.332777077796194], [-100.87483493900383, 21.332741978625773]], [[-100.87483493900383, 21.332741978625773], [-100.8747974771264, 21.33275052335791]], [[-100.87480659704674, 21.332785622530945], [-100.8747974771264, 21.33275052335791]], [[-100.8747974771264, 21.33275052335791], [-100.87476001524396, 21.332759068082005]], [[-100.87476913515626, 21.332794167257656], [-100.87476001524396, 21.332759068082005]], [[-100.87476001524396, 21.332759068082005], [-100.87472255335655, 21.33276761279805]], [[-100.87473167326078, 21.332802711976314], [-100.87472255335655, 21.33276761279805]], [[-100.87472255335655, 21.33276761279805], [-100.87468509146412, 21.33277615750605]], [[-100.87469421136029, 21.33281125668693], [-100.87468509146412, 21.33277615750605]], [[-100.87468509146412, 21.33277615750605], [-100.87464762956668, 21.332784702206]], [[-100.87465674945483, 21.332819801389505], [-100.87464762956668, 21.332784702206]], [[-100.87465674945483, 21.332819801389505], [-100.87461928754433, 21.332828346084032]], [[-100.87464762956668, 21.332784702206], [-100.87461016766424, 21.332793246897907]], [[-100.87461928754433, 21.332828346084032], [-100.87461016766424, 21.332793246897907]], [[-100.87610863986096, 21.332451452946195], [-100.87609951966388, 21.332416353863817]], [[-100.87609951966388, 21.332416353863817], [-100.87606205796453, 21.332424898866872]], [[-100.87607117815355, 21.33245999795187], [-100.87606205796453, 21.332424898866872]], [[-100.87606205796453, 21.332424898866872], [-100.8760245962602, 21.332433443861884]], [[-100.87603371644116, 21.332468542949492], [-100.8760245962602, 21.332433443861884]], [[-100.8760245962602, 21.332433443861884], [-100.87598713455083, 21.33244198884885]], [[-100.87599625472376, 21.33247708793908], [-100.87598713455083, 21.33244198884885]], [[-100.87598713455083, 21.33244198884885], [-100.87594967283648, 21.332450533827775]], [[-100.87595879300136, 21.332485632920623], [-100.87594967283648, 21.332450533827775]], [[-100.87594967283648, 21.332450533827775], [-100.87591221111713, 21.332459078798646]], [[-100.87592133127394, 21.332494177894116], [-100.87591221111713, 21.332459078798646]], [[-100.87591221111713, 21.332459078798646], [-100.87587474939276, 21.33246762376148]], [[-100.87588386954154, 21.332502722859566], [-100.87587474939276, 21.33246762376148]], [[-100.87587474939276, 21.33246762376148], [-100.87583728766342, 21.332476168716262]], [[-100.87584640780415, 21.33251126781697], [-100.87583728766342, 21.332476168716262]], [[-100.87583728766342, 21.332476168716262], [-100.87579982592906, 21.332484713663007]], [[-100.87580894606174, 21.33251981276632], [-100.87579982592906, 21.332484713663007]], [[-100.87579982592906, 21.332484713663007], [-100.8757623641897, 21.332493258601705]], [[-100.87577148431433, 21.332528357707638], [-100.8757623641897, 21.332493258601705]], [[-100.8757623641897, 21.332493258601705], [-100.87572490244534, 21.332501803532352]], [[-100.87573402256191, 21.332536902640904], [-100.87572490244534, 21.332501803532352]], [[-100.87572490244534, 21.332501803532352], [-100.87568744069598, 21.332510348454964]], [[-100.87569656080451, 21.33254544756613], [-100.87568744069598, 21.332510348454964]], [[-100.87568744069598, 21.332510348454964], [-100.87564997894162, 21.332518893369524]], [[-100.8756590990421, 21.332553992483312], [-100.87564997894162, 21.332518893369524]], [[-100.87564997894162, 21.332518893369524], [-100.87561251718226, 21.332527438276035]], [[-100.87562163727469, 21.33256253739244], [-100.87561251718226, 21.332527438276035]], [[-100.87561251718226, 21.332527438276035], [-100.8755750554179, 21.332535983174502]], [[-100.87558417550227, 21.332571082293526], [-100.8755750554179, 21.332535983174502]], [[-100.8755750554179, 21.332535983174502], [-100.87553759364853, 21.33254452806493]], [[-100.87554671372486, 21.332579627186572], [-100.87553759364853, 21.33254452806493]], [[-100.87553759364853, 21.33254452806493], [-100.87550013187418, 21.332553072947306]], [[-100.87550925194245, 21.332588172071567], [-100.87550013187418, 21.332553072947306]], [[-100.87550013187418, 21.332553072947306], [-100.8754626700948, 21.33256161782164]], [[-100.87547179015503, 21.33259671694852], [-100.8754626700948, 21.33256161782164]], [[-100.8754626700948, 21.33256161782164], [-100.87542520831045, 21.332570162687933]], [[-100.87543432836262, 21.332605261817424], [-100.87542520831045, 21.332570162687933]], [[-100.87542520831045, 21.332570162687933], [-100.87538774652107, 21.332578707546176]], [[-100.8753968665652, 21.33261380667828], [-100.87538774652107, 21.332578707546176]], [[-100.87538774652107, 21.332578707546176], [-100.8753502847267, 21.332587252396372]], [[-100.87535940476278, 21.332622351531104], [-100.8753502847267, 21.332587252396372]], [[-100.8753502847267, 21.332587252396372], [-100.87531282292733, 21.33259579723853]], [[-100.87532194295537, 21.332630896375875], [-100.87531282292733, 21.33259579723853]], [[-100.87531282292733, 21.33259579723853], [-100.87527536112296, 21.332604342072635]], [[-100.87528448114294, 21.3326394412126], [-100.87527536112296, 21.332604342072635]], [[-100.87527536112296, 21.332604342072635], [-100.87523789931359, 21.332612886898698]], [[-100.87524701932551, 21.332647986041277], [-100.87523789931359, 21.332612886898698]], [[-100.87523789931359, 21.332612886898698], [-100.87520043749922, 21.33262143171672]], [[-100.8752095575031, 21.332656530861914], [-100.87520043749922, 21.33262143171672]], [[-100.87520043749922, 21.33262143171672], [-100.87516297567984, 21.332629976526693]], [[-100.87517209567568, 21.33266507567451], [-100.87516297567984, 21.332629976526693]], [[-100.87516297567984, 21.332629976526693], [-100.87512551385547, 21.332638521328615]], [[-100.87513463384326, 21.332673620479046], [-100.87512551385547, 21.332638521328615]], [[-100.87512551385547, 21.332638521328615], [-100.87508805202609, 21.3326470661225]], [[-100.87509717200582, 21.332682165275546], [-100.87508805202609, 21.3326470661225]], [[-100.87508805202609, 21.3326470661225], [-100.87505059019172, 21.332655610908333]], [[-100.8750597101634, 21.332690710064], [-100.87505059019172, 21.332655610908333]], [[-100.87505059019172, 21.332655610908333], [-100.87501312835234, 21.33266415568613]], [[-100.87502224831597, 21.332699254844417], [-100.87501312835234, 21.33266415568613]], [[-100.87501312835234, 21.33266415568613], [-100.87497566650796, 21.332672700455873]], [[-100.87498478646356, 21.332707799616774], [-100.87497566650796, 21.332672700455873]], [[-100.87497566650796, 21.332672700455873], [-100.87493820465859, 21.332681245217568]], [[-100.87494732460611, 21.332716344381094], [-100.87493820465859, 21.332681245217568]], [[-100.87493820465859, 21.332681245217568], [-100.8749007428042, 21.33268978997123]], [[-100.87490986274369, 21.33272488913736], [-100.8749007428042, 21.33268978997123]], [[-100.8749007428042, 21.33268978997123], [-100.87486328094482, 21.332698334716838]], [[-100.87487240087626, 21.33273343388559], [-100.87486328094482, 21.332698334716838]], [[-100.87486328094482, 21.332698334716838], [-100.87482581908046, 21.332706879454403]], [[-100.87483493900383, 21.332741978625773], [-100.87482581908046, 21.332706879454403]], [[-100.87482581908046, 21.332706879454403], [-100.87478835721107, 21.33271542418392]], [[-100.8747974771264, 21.33275052335791], [-100.87478835721107, 21.33271542418392]], [[-100.87478835721107, 21.33271542418392], [-100.87475089533669, 21.3327239689054]], [[-100.87476001524396, 21.332759068082005], [-100.87475089533669, 21.3327239689054]], [[-100.87475089533669, 21.3327239689054], [-100.87471343345732, 21.33273251361882]], [[-100.87472255335655, 21.33276761279805], [-100.87471343345732, 21.33273251361882]], [[-100.87471343345732, 21.33273251361882], [-100.87467597157291, 21.33274105832421]], [[-100.87468509146412, 21.33277615750605], [-100.87467597157291, 21.33274105832421]], [[-100.87467597157291, 21.33274105832421], [-100.87463850968354, 21.332749603021547]], [[-100.87464762956668, 21.332784702206], [-100.87463850968354, 21.332749603021547]], [[-100.87463850968354, 21.332749603021547], [-100.87460104778916, 21.332758147710834]], [[-100.87461016766424, 21.332793246897907], [-100.87460104778916, 21.332758147710834]], [[-100.87461016766424, 21.332793246897907], [-100.8745727057568, 21.33280179158177]], [[-100.87460104778916, 21.332758147710834], [-100.87456358588977, 21.33276669239208]], [[-100.8745727057568, 21.33280179158177], [-100.87456358588977, 21.33276669239208]], [[-100.87613698135824, 21.332407808852718], [-100.87609951966388, 21.332416353863817]], [[-100.87613698135824, 21.332407808852718], [-100.87612786115812, 21.332372709772002]], [[-100.87612786115812, 21.332372709772002], [-100.87609039947182, 21.332381254780486]], [[-100.87609951966388, 21.332416353863817], [-100.87609039947182, 21.332381254780486]], [[-100.87609039947182, 21.332381254780486], [-100.87605293778051, 21.332389799780927]], [[-100.87606205796453, 21.332424898866872], [-100.87605293778051, 21.332389799780927]], [[-100.87605293778051, 21.332389799780927], [-100.87601547608422, 21.332398344773324]], [[-100.8760245962602, 21.332433443861884], [-100.87601547608422, 21.332398344773324]], [[-100.87601547608422, 21.332398344773324], [-100.87597801438291, 21.332406889757667]], [[-100.87598713455083, 21.33244198884885], [-100.87597801438291, 21.332406889757667]], [[-100.87597801438291, 21.332406889757667], [-100.87594055267661, 21.332415434733974]], [[-100.87594967283648, 21.332450533827775], [-100.87594055267661, 21.332415434733974]], [[-100.87594055267661, 21.332415434733974], [-100.87590309096531, 21.332423979702227]], [[-100.87591221111713, 21.332459078798646], [-100.87590309096531, 21.332423979702227]], [[-100.87590309096531, 21.332423979702227], [-100.875865629249, 21.332432524662444]], [[-100.87587474939276, 21.33246762376148], [-100.875865629249, 21.332432524662444]], [[-100.875865629249, 21.332432524662444], [-100.87582816752769, 21.332441069614614]], [[-100.87583728766342, 21.332476168716262], [-100.87582816752769, 21.332441069614614]], [[-100.87582816752769, 21.332441069614614], [-100.87579070580138, 21.332449614558733]], [[-100.87579982592906, 21.332484713663007], [-100.87579070580138, 21.332449614558733]], [[-100.87579070580138, 21.332449614558733], [-100.87575324407008, 21.332458159494816]], [[-100.8757623641897, 21.332493258601705], [-100.87575324407008, 21.332458159494816]], [[-100.87575324407008, 21.332458159494816], [-100.87571578233377, 21.33246670442285]], [[-100.87572490244534, 21.332501803532352], [-100.87571578233377, 21.33246670442285]], [[-100.87571578233377, 21.33246670442285], [-100.87567832059246, 21.33247524934284]], [[-100.87568744069598, 21.332510348454964], [-100.87567832059246, 21.33247524934284]], [[-100.87567832059246, 21.33247524934284], [-100.87564085884614, 21.332483794254774]], [[-100.87564997894162, 21.332518893369524], [-100.87564085884614, 21.332483794254774]], [[-100.87564085884614, 21.332483794254774], [-100.87560339709484, 21.33249233915867]], [[-100.87561251718226, 21.332527438276035], [-100.87560339709484, 21.33249233915867]], [[-100.87560339709484, 21.33249233915867], [-100.87556593533851, 21.33250088405452]], [[-100.8755750554179, 21.332535983174502], [-100.87556593533851, 21.33250088405452]], [[-100.87556593533851, 21.33250088405452], [-100.8755284735772, 21.332509428942338]], [[-100.87553759364853, 21.33254452806493], [-100.8755284735772, 21.332509428942338]], [[-100.8755284735772, 21.332509428942338], [-100.8754910118109, 21.3325179738221]], [[-100.87550013187418, 21.332553072947306], [-100.8754910118109, 21.3325179738221]], [[-100.8754910118109, 21.3325179738221], [-100.87545355003958, 21.332526518693815]], [[-100.8754626700948, 21.33256161782164], [-100.87545355003958, 21.332526518693815]], [[-100.87545355003958, 21.332526518693815], [-100.87541608826325, 21.332535063557486]], [[-100.87542520831045, 21.332570162687933], [-100.87541608826325, 21.332535063557486]], [[-100.87541608826325, 21.332535063557486], [-100.87537862648193, 21.33254360841312]], [[-100.87538774652107, 21.332578707546176], [-100.87537862648193, 21.33254360841312]], [[-100.87537862648193, 21.33254360841312], [-100.87534116469563, 21.3325521532607]], [[-100.8753502847267, 21.332587252396372], [-100.87534116469563, 21.3325521532607]], [[-100.87534116469563, 21.3325521532607], [-100.8753037029043, 21.33256069810023]], [[-100.87531282292733, 21.33259579723853], [-100.8753037029043, 21.33256069810023]], [[-100.8753037029043, 21.33256069810023], [-100.87526624110797, 21.33256924293172]], [[-100.87527536112296, 21.332604342072635], [-100.87526624110797, 21.33256924293172]], [[-100.87526624110797, 21.33256924293172], [-100.87522877930665, 21.332577787755163]], [[-100.87523789931359, 21.332612886898698], [-100.87522877930665, 21.332577787755163]], [[-100.87522877930665, 21.332577787755163], [-100.87519131750034, 21.332586332570568]], [[-100.87520043749922, 21.33262143171672], [-100.87519131750034, 21.332586332570568]], [[-100.87519131750034, 21.332586332570568], [-100.875153855689, 21.33259487737792]], [[-100.87516297567984, 21.332629976526693], [-100.875153855689, 21.33259487737792]], [[-100.875153855689, 21.33259487737792], [-100.87511639387267, 21.332603422177232]], [[-100.87512551385547, 21.332638521328615], [-100.87511639387267, 21.332603422177232]], [[-100.87511639387267, 21.332603422177232], [-100.87507893205137, 21.3326119669685]], [[-100.87508805202609, 21.3326470661225], [-100.87507893205137, 21.3326119669685]], [[-100.87507893205137, 21.3326119669685], [-100.87504147022503, 21.33262051175172]], [[-100.87505059019172, 21.332655610908333], [-100.87504147022503, 21.33262051175172]], [[-100.87504147022503, 21.33262051175172], [-100.8750040083937, 21.33262905652689]], [[-100.87501312835234, 21.33266415568613], [-100.8750040083937, 21.33262905652689]], [[-100.8750040083937, 21.33262905652689], [-100.87496654655737, 21.332637601294017]], [[-100.87497566650796, 21.332672700455873], [-100.87496654655737, 21.332637601294017]], [[-100.87496654655737, 21.332637601294017], [-100.87492908471606, 21.3326461460531]], [[-100.87493820465859, 21.332681245217568], [-100.87492908471606, 21.3326461460531]], [[-100.87492908471606, 21.3326461460531], [-100.87489162286973, 21.33265469080414]], [[-100.8749007428042, 21.33268978997123], [-100.87489162286973, 21.33265469080414]], [[-100.87489162286973, 21.33265469080414], [-100.87485416101839, 21.332663235547134]], [[-100.87486328094482, 21.332698334716838], [-100.87485416101839, 21.332663235547134]], [[-100.87485416101839, 21.332663235547134], [-100.87481669916205, 21.33267178028208]], [[-100.87482581908046, 21.332706879454403], [-100.87481669916205, 21.33267178028208]], [[-100.87481669916205, 21.33267178028208], [-100.87477923730073, 21.33268032500898]], [[-100.87478835721107, 21.33271542418392], [-100.87477923730073, 21.33268032500898]], [[-100.87477923730073, 21.33268032500898], [-100.8747417754344, 21.33268886972784]], [[-100.87475089533669, 21.3327239689054], [-100.8747417754344, 21.33268886972784]], [[-100.8747417754344, 21.33268886972784], [-100.87470431356307, 21.332697414438645]], [[-100.87471343345732, 21.33273251361882], [-100.87470431356307, 21.332697414438645]], [[-100.87470431356307, 21.332697414438645], [-100.87466685168673, 21.33270595914141]], [[-100.87467597157291, 21.33274105832421], [-100.87466685168673, 21.33270595914141]], [[-100.87466685168673, 21.33270595914141], [-100.8746293898054, 21.332714503836137]], [[-100.87463850968354, 21.332749603021547], [-100.8746293898054, 21.332714503836137]], [[-100.8746293898054, 21.332714503836137], [-100.87459192791907, 21.332723048522805]], [[-100.87460104778916, 21.332758147710834], [-100.87459192791907, 21.332723048522805]], [[-100.87459192791907, 21.332723048522805], [-100.87455446602773, 21.332731593201434]], [[-100.87456358588977, 21.33276669239208], [-100.87455446602773, 21.332731593201434]], [[-100.87456358588977, 21.33276669239208], [-100.87452612398538, 21.332775237065277]], [[-100.87455446602773, 21.332731593201434], [-100.87451700413139, 21.332740137872023]], [[-100.87452612398538, 21.332775237065277], [-100.87451700413139, 21.332740137872023]], [[-100.87612786115812, 21.332372709772002], [-100.876118740963, 21.332337610690338]], [[-100.876118740963, 21.332337610690338], [-100.87608127928476, 21.332346155696207]], [[-100.87609039947182, 21.332381254780486], [-100.87608127928476, 21.332346155696207]], [[-100.87608127928476, 21.332346155696207], [-100.8760438176015, 21.332354700694026]], [[-100.87605293778051, 21.332389799780927], [-100.8760438176015, 21.332354700694026]], [[-100.8760438176015, 21.332354700694026], [-100.87600635591325, 21.332363245683805]], [[-100.87601547608422, 21.332398344773324], [-100.87600635591325, 21.332363245683805]], [[-100.87600635591325, 21.332363245683805], [-100.87596889422, 21.332371790665533]], [[-100.87597801438291, 21.332406889757667], [-100.87596889422, 21.332371790665533]], [[-100.87596889422, 21.332371790665533], [-100.87593143252174, 21.33238033563922]], [[-100.87594055267661, 21.332415434733974], [-100.87593143252174, 21.33238033563922]], [[-100.87593143252174, 21.33238033563922], [-100.87589397081848, 21.332388880604856]], [[-100.87590309096531, 21.332423979702227], [-100.87589397081848, 21.332388880604856]], [[-100.87589397081848, 21.332388880604856], [-100.87585650911022, 21.33239742556246]], [[-100.875865629249, 21.332432524662444], [-100.87585650911022, 21.33239742556246]], [[-100.87585650911022, 21.33239742556246], [-100.87581904739697, 21.332405970512003]], [[-100.87582816752769, 21.332441069614614], [-100.87581904739697, 21.332405970512003]], [[-100.87581904739697, 21.332405970512003], [-100.87578158567872, 21.332414515453507]], [[-100.87579070580138, 21.332449614558733], [-100.87578158567872, 21.332414515453507]], [[-100.87578158567872, 21.332414515453507], [-100.87574412395546, 21.332423060386976]], [[-100.87575324407008, 21.332458159494816], [-100.87574412395546, 21.332423060386976]], [[-100.87574412395546, 21.332423060386976], [-100.8757066622272, 21.332431605312387]], [[-100.87571578233377, 21.33246670442285], [-100.8757066622272, 21.332431605312387]], [[-100.8757066622272, 21.332431605312387], [-100.87566920049393, 21.332440150229758]], [[-100.87567832059246, 21.33247524934284], [-100.87566920049393, 21.332440150229758]], [[-100.87566920049393, 21.332440150229758], [-100.87563173875567, 21.33244869513908]], [[-100.87564085884614, 21.332483794254774], [-100.87563173875567, 21.33244869513908]], [[-100.87563173875567, 21.33244869513908], [-100.87559427701241, 21.332457240040362]], [[-100.87560339709484, 21.33249233915867], [-100.87559427701241, 21.332457240040362]], [[-100.87559427701241, 21.332457240040362], [-100.87555681526415, 21.332465784933593]], [[-100.87556593533851, 21.33250088405452], [-100.87555681526415, 21.332465784933593]], [[-100.87555681526415, 21.332465784933593], [-100.87551935351088, 21.33247432981879]], [[-100.8755284735772, 21.332509428942338], [-100.87551935351088, 21.33247432981879]], [[-100.87551935351088, 21.33247432981879], [-100.87548189175261, 21.332482874695934]], [[-100.8754910118109, 21.3325179738221], [-100.87548189175261, 21.332482874695934]], [[-100.87548189175261, 21.332482874695934], [-100.87544442998934, 21.33249141956503]], [[-100.87545355003958, 21.332526518693815], [-100.87544442998934, 21.33249141956503]], [[-100.87544442998934, 21.33249141956503], [-100.87540696822107, 21.332499964426088]], [[-100.87541608826325, 21.332535063557486], [-100.87540696822107, 21.332499964426088]], [[-100.87540696822107, 21.332499964426088], [-100.87536950644781, 21.332508509279098]], [[-100.87537862648193, 21.33254360841312], [-100.87536950644781, 21.332508509279098]], [[-100.87536950644781, 21.332508509279098], [-100.87533204466955, 21.33251705412406]], [[-100.87534116469563, 21.3325521532607], [-100.87533204466955, 21.33251705412406]], [[-100.87533204466955, 21.33251705412406], [-100.87529458288627, 21.332525598960974]], [[-100.8753037029043, 21.33256069810023], [-100.87529458288627, 21.332525598960974]], [[-100.87529458288627, 21.332525598960974], [-100.875257121098, 21.33253414378985]], [[-100.87526624110797, 21.33256924293172], [-100.875257121098, 21.33253414378985]], [[-100.875257121098, 21.33253414378985], [-100.87521965930472, 21.332542688610683]], [[-100.87522877930665, 21.332577787755163], [-100.87521965930472, 21.332542688610683]], [[-100.87521965930472, 21.332542688610683], [-100.87518219750645, 21.332551233423466]], [[-100.87519131750034, 21.332586332570568], [-100.87518219750645, 21.332551233423466]], [[-100.87518219750645, 21.332551233423466], [-100.87514473570319, 21.3325597782282]], [[-100.875153855689, 21.33259487737792], [-100.87514473570319, 21.3325597782282]], [[-100.87514473570319, 21.3325597782282], [-100.8751072738949, 21.33256832302489]], [[-100.87511639387267, 21.332603422177232], [-100.8751072738949, 21.33256832302489]], [[-100.8751072738949, 21.33256832302489], [-100.87506981208163, 21.33257686781354]], [[-100.87507893205137, 21.3326119669685], [-100.87506981208163, 21.33257686781354]], [[-100.87506981208163, 21.33257686781354], [-100.87503235026335, 21.332585412594142]], [[-100.87504147022503, 21.33262051175172], [-100.87503235026335, 21.332585412594142]], [[-100.87503235026335, 21.332585412594142], [-100.87499488844007, 21.3325939573667]], [[-100.8750040083937, 21.33262905652689], [-100.87499488844007, 21.3325939573667]], [[-100.87499488844007, 21.3325939573667], [-100.87495742661179, 21.332602502131213]], [[-100.87496654655737, 21.332637601294017], [-100.87495742661179, 21.332602502131213]], [[-100.87495742661179, 21.332602502131213], [-100.87491996477851, 21.332611046887678]], [[-100.87492908471606, 21.3326461460531], [-100.87491996477851, 21.332611046887678]], [[-100.87491996477851, 21.332611046887678], [-100.87488250294024, 21.332619591636096]], [[-100.87489162286973, 21.33265469080414], [-100.87488250294024, 21.332619591636096]], [[-100.87488250294024, 21.332619591636096], [-100.87484504109696, 21.33262813637647]], [[-100.87485416101839, 21.332663235547134], [-100.87484504109696, 21.33262813637647]], [[-100.87484504109696, 21.33262813637647], [-100.87480757924867, 21.332636681108802]], [[-100.87481669916205, 21.33267178028208], [-100.87480757924867, 21.332636681108802]], [[-100.87480757924867, 21.332636681108802], [-100.8747701173954, 21.332645225833087]], [[-100.87477923730073, 21.33268032500898], [-100.8747701173954, 21.332645225833087]], [[-100.8747701173954, 21.332645225833087], [-100.87473265553712, 21.33265377054932]], [[-100.8747417754344, 21.33268886972784], [-100.87473265553712, 21.33265377054932]], [[-100.87473265553712, 21.33265377054932], [-100.87469519367383, 21.332662315257522]], [[-100.87470431356307, 21.332697414438645], [-100.87469519367383, 21.332662315257522]], [[-100.87469519367383, 21.332662315257522], [-100.87465773180554, 21.332670859957666]], [[-100.87466685168673, 21.33270595914141], [-100.87465773180554, 21.332670859957666]], [[-100.87465773180554, 21.332670859957666], [-100.87462026993227, 21.332679404649767]], [[-100.8746293898054, 21.332714503836137], [-100.87462026993227, 21.332679404649767]], [[-100.87462026993227, 21.332679404649767], [-100.87458280805397, 21.332687949333828]], [[-100.87459192791907, 21.332723048522805], [-100.87458280805397, 21.332687949333828]], [[-100.87458280805397, 21.332687949333828], [-100.87454534617069, 21.332696494009834]], [[-100.87455446602773, 21.332731593201434], [-100.87454534617069, 21.332696494009834]], [[-100.87454534617069, 21.332696494009834], [-100.87450788428241, 21.33270503867781]], [[-100.87451700413139, 21.332740137872023], [-100.87450788428241, 21.33270503867781]], [[-100.87451700413139, 21.332740137872023], [-100.87447954223006, 21.33274868253456]], [[-100.87450788428241, 21.33270503867781], [-100.87447042238912, 21.33271358333773]], [[-100.87447954223006, 21.33274868253456], [-100.87447042238912, 21.33271358333773]], [[-100.876118740963, 21.332337610690338], [-100.87610962077288, 21.332302511607722]], [[-100.87610962077288, 21.332302511607722], [-100.87607215910269, 21.332311056610965]], [[-100.87608127928476, 21.332346155696207], [-100.87607215910269, 21.332311056610965]], [[-100.87607215910269, 21.332311056610965], [-100.87603469742749, 21.332319601606173]], [[-100.8760438176015, 21.332354700694026], [-100.87603469742749, 21.332319601606173]], [[-100.87603469742749, 21.332319601606173], [-100.87599723574729, 21.33232814659333]], [[-100.87600635591325, 21.332363245683805], [-100.87599723574729, 21.33232814659333]], [[-100.87599723574729, 21.33232814659333], [-100.87595977406207, 21.33233669157244]], [[-100.87596889422, 21.332371790665533], [-100.87595977406207, 21.33233669157244]], [[-100.87595977406207, 21.33233669157244], [-100.87592231237187, 21.332345236543517]], [[-100.87593143252174, 21.33238033563922], [-100.87592231237187, 21.332345236543517]], [[-100.87592231237187, 21.332345236543517], [-100.87588485067667, 21.332353781506537]], [[-100.87589397081848, 21.332388880604856], [-100.87588485067667, 21.332353781506537]], [[-100.87588485067667, 21.332353781506537], [-100.87584738897645, 21.332362326461517]], [[-100.87585650911022, 21.33239742556246], [-100.87584738897645, 21.332362326461517]], [[-100.87584738897645, 21.332362326461517], [-100.87580992727125, 21.332370871408447]], [[-100.87581904739697, 21.332405970512003], [-100.87580992727125, 21.332370871408447]], [[-100.87580992727125, 21.332370871408447], [-100.87577246556104, 21.332379416347333]], [[-100.87578158567872, 21.332414515453507], [-100.87577246556104, 21.332379416347333]], [[-100.87577246556104, 21.332379416347333], [-100.87573500384583, 21.33238796127818]], [[-100.87574412395546, 21.332423060386976], [-100.87573500384583, 21.33238796127818]], [[-100.87573500384583, 21.33238796127818], [-100.87569754212562, 21.33239650620098]], [[-100.8757066622272, 21.332431605312387], [-100.87569754212562, 21.33239650620098]], [[-100.87569754212562, 21.33239650620098], [-100.87566008040041, 21.332405051115725]], [[-100.87566920049393, 21.332440150229758], [-100.87566008040041, 21.332405051115725]], [[-100.87566008040041, 21.332405051115725], [-100.8756226186702, 21.33241359602243]], [[-100.87563173875567, 21.33244869513908], [-100.8756226186702, 21.33241359602243]], [[-100.8756226186702, 21.33241359602243], [-100.87558515693499, 21.332422140921096]], [[-100.87559427701241, 21.332457240040362], [-100.87558515693499, 21.332422140921096]], [[-100.87558515693499, 21.332422140921096], [-100.87554769519477, 21.332430685811715]], [[-100.87555681526415, 21.332465784933593], [-100.87554769519477, 21.332430685811715]], [[-100.87554769519477, 21.332430685811715], [-100.87551023344955, 21.33243923069429]], [[-100.87551935351088, 21.33247432981879], [-100.87551023344955, 21.33243923069429]], [[-100.87551023344955, 21.33243923069429], [-100.87547277169934, 21.33244777556882]], [[-100.87548189175261, 21.332482874695934], [-100.87547277169934, 21.33244777556882]], [[-100.87547277169934, 21.33244777556882], [-100.87543530994411, 21.332456320435295]], [[-100.87544442998934, 21.33249141956503], [-100.87543530994411, 21.332456320435295]], [[-100.87543530994411, 21.332456320435295], [-100.8753978481839, 21.33246486529374]], [[-100.87540696822107, 21.332499964426088], [-100.8753978481839, 21.33246486529374]], [[-100.8753978481839, 21.33246486529374], [-100.87536038641868, 21.332473410144125]], [[-100.87536950644781, 21.332508509279098], [-100.87536038641868, 21.332473410144125]], [[-100.87536038641868, 21.332473410144125], [-100.87532292464846, 21.332481954986473]], [[-100.87533204466955, 21.33251705412406], [-100.87532292464846, 21.332481954986473]], [[-100.87532292464846, 21.332481954986473], [-100.87528546287324, 21.332490499820768]], [[-100.87529458288627, 21.332525598960974], [-100.87528546287324, 21.332490499820768]], [[-100.87528546287324, 21.332490499820768], [-100.87524800109301, 21.332499044647022]], [[-100.875257121098, 21.33253414378985], [-100.87524800109301, 21.332499044647022]], [[-100.87524800109301, 21.332499044647022], [-100.87521053930779, 21.332507589465244]], [[-100.87521965930472, 21.332542688610683], [-100.87521053930779, 21.332507589465244]], [[-100.87521053930779, 21.332507589465244], [-100.87517307751757, 21.332516134275412]], [[-100.87518219750645, 21.332551233423466], [-100.87517307751757, 21.332516134275412]], [[-100.87517307751757, 21.332516134275412], [-100.87513561572234, 21.332524679077526]], [[-100.87514473570319, 21.3325597782282], [-100.87513561572234, 21.332524679077526]], [[-100.87513561572234, 21.332524679077526], [-100.87509815392212, 21.3325332238716]], [[-100.8751072738949, 21.33256832302489], [-100.87509815392212, 21.3325332238716]], [[-100.87509815392212, 21.3325332238716], [-100.8750606921169, 21.332541768657627]], [[-100.87506981208163, 21.33257686781354], [-100.8750606921169, 21.332541768657627]], [[-100.8750606921169, 21.332541768657627], [-100.87502323030667, 21.332550313435622]], [[-100.87503235026335, 21.332585412594142], [-100.87502323030667, 21.332550313435622]], [[-100.87502323030667, 21.332550313435622], [-100.87498576849144, 21.332558858205555]], [[-100.87499488844007, 21.3325939573667], [-100.87498576849144, 21.332558858205555]], [[-100.87498576849144, 21.332558858205555], [-100.8749483066712, 21.33256740296745]], [[-100.87495742661179, 21.332602502131213], [-100.8749483066712, 21.33256740296745]], [[-100.8749483066712, 21.33256740296745], [-100.87491084484599, 21.332575947721296]], [[-100.87491996477851, 21.332611046887678], [-100.87491084484599, 21.332575947721296]], [[-100.87491084484599, 21.332575947721296], [-100.87487338301574, 21.332584492467102]], [[-100.87488250294024, 21.332619591636096], [-100.87487338301574, 21.332584492467102]], [[-100.87487338301574, 21.332584492467102], [-100.87483592118052, 21.332593037204862]], [[-100.87484504109696, 21.33262813637647], [-100.87483592118052, 21.332593037204862]], [[-100.87483592118052, 21.332593037204862], [-100.87479845934028, 21.332601581934572]], [[-100.87480757924867, 21.332636681108802], [-100.87479845934028, 21.332601581934572]], [[-100.87479845934028, 21.332601581934572], [-100.87476099749506, 21.33261012665624]], [[-100.8747701173954, 21.332645225833087], [-100.87476099749506, 21.33261012665624]], [[-100.87476099749506, 21.33261012665624], [-100.87472353564482, 21.332618671369858]], [[-100.87473265553712, 21.33265377054932], [-100.87472353564482, 21.332618671369858]], [[-100.87472353564482, 21.332618671369858], [-100.87468607378959, 21.33262721607544]], [[-100.87469519367383, 21.332662315257522], [-100.87468607378959, 21.33262721607544]], [[-100.87468607378959, 21.33262721607544], [-100.87464861192936, 21.33263576077297]], [[-100.87465773180554, 21.332670859957666], [-100.87464861192936, 21.33263576077297]], [[-100.87464861192936, 21.33263576077297], [-100.87461115006413, 21.332644305462452]], [[-100.87462026993227, 21.332679404649767], [-100.87461115006413, 21.332644305462452]], [[-100.87461115006413, 21.332644305462452], [-100.87457368819389, 21.332652850143898]], [[-100.87458280805397, 21.332687949333828], [-100.87457368819389, 21.332652850143898]], [[-100.87457368819389, 21.332652850143898], [-100.87453622631865, 21.33266139481729]], [[-100.87454534617069, 21.332696494009834], [-100.87453622631865, 21.33266139481729]], [[-100.87453622631865, 21.33266139481729], [-100.87449876443841, 21.332669939482646]], [[-100.87450788428241, 21.33270503867781], [-100.87449876443841, 21.332669939482646]], [[-100.87449876443841, 21.332669939482646], [-100.87446130255319, 21.332678484139947]], [[-100.87447042238912, 21.33271358333773], [-100.87446130255319, 21.332678484139947]], [[-100.87447042238912, 21.33271358333773], [-100.87443296049084, 21.3327221279896]], [[-100.87446130255319, 21.332678484139947], [-100.87442384066294, 21.332687028789206]], [[-100.87443296049084, 21.3327221279896], [-100.87442384066294, 21.332687028789206]], [[-100.87614708243808, 21.332293966596428], [-100.87610962077288, 21.332302511607722]], [[-100.87614708243808, 21.332293966596428], [-100.87613796224493, 21.33225886751547]], [[-100.87613796224493, 21.33225886751547], [-100.87610050058778, 21.33226741252415]], [[-100.87610962077288, 21.332302511607722], [-100.87610050058778, 21.33226741252415]], [[-100.87610050058778, 21.33226741252415], [-100.87606303892562, 21.332275957524782]], [[-100.87607215910269, 21.332311056610965], [-100.87606303892562, 21.332275957524782]], [[-100.87606303892562, 21.332275957524782], [-100.87602557725847, 21.332284502517368]], [[-100.87603469742749, 21.332319601606173], [-100.87602557725847, 21.332284502517368]], [[-100.87602557725847, 21.332284502517368], [-100.87598811558632, 21.332293047501903]], [[-100.87599723574729, 21.33232814659333], [-100.87598811558632, 21.332293047501903]], [[-100.87598811558632, 21.332293047501903], [-100.87595065390917, 21.332301592478398]], [[-100.87595977406207, 21.33233669157244], [-100.87595065390917, 21.332301592478398]], [[-100.87595065390917, 21.332301592478398], [-100.875913192227, 21.33231013744685]], [[-100.87592231237187, 21.332345236543517], [-100.875913192227, 21.33231013744685]], [[-100.875913192227, 21.33231013744685], [-100.87587573053985, 21.33231868240726]], [[-100.87588485067667, 21.332353781506537], [-100.87587573053985, 21.33231868240726]], [[-100.87587573053985, 21.33231868240726], [-100.8758382688477, 21.33232722735962]], [[-100.87584738897645, 21.332362326461517], [-100.8758382688477, 21.33232722735962]], [[-100.8758382688477, 21.33232722735962], [-100.87580080715054, 21.33233577230393]], [[-100.87580992727125, 21.332370871408447], [-100.87580080715054, 21.33233577230393]], [[-100.87580080715054, 21.33233577230393], [-100.87576334544838, 21.332344317240203]], [[-100.87577246556104, 21.332379416347333], [-100.87576334544838, 21.332344317240203]], [[-100.87576334544838, 21.332344317240203], [-100.87572588374121, 21.332352862168428]], [[-100.87573500384583, 21.33238796127818], [-100.87572588374121, 21.332352862168428]], [[-100.87572588374121, 21.332352862168428], [-100.87568842202906, 21.332361407088605]], [[-100.87569754212562, 21.33239650620098], [-100.87568842202906, 21.332361407088605]], [[-100.87568842202906, 21.332361407088605], [-100.87565096031189, 21.33236995200074]], [[-100.87566008040041, 21.332405051115725], [-100.87565096031189, 21.33236995200074]], [[-100.87565096031189, 21.33236995200074], [-100.87561349858973, 21.33237849690483]], [[-100.8756226186702, 21.33241359602243], [-100.87561349858973, 21.33237849690483]], [[-100.87561349858973, 21.33237849690483], [-100.87557603686257, 21.33238704180088]], [[-100.87558515693499, 21.332422140921096], [-100.87557603686257, 21.33238704180088]], [[-100.87557603686257, 21.33238704180088], [-100.87553857513039, 21.332395586688886]], [[-100.87554769519477, 21.332430685811715], [-100.87553857513039, 21.332395586688886]], [[-100.87553857513039, 21.332395586688886], [-100.87550111339323, 21.33240413156884]], [[-100.87551023344955, 21.33243923069429], [-100.87550111339323, 21.33240413156884]], [[-100.87550111339323, 21.33240413156884], [-100.87546365165106, 21.332412676440743]], [[-100.87547277169934, 21.33244777556882], [-100.87546365165106, 21.332412676440743]], [[-100.87546365165106, 21.332412676440743], [-100.87542618990389, 21.332421221304607]], [[-100.87543530994411, 21.332456320435295], [-100.87542618990389, 21.332421221304607]], [[-100.87542618990389, 21.332421221304607], [-100.87538872815172, 21.33242976616043]], [[-100.8753978481839, 21.33246486529374], [-100.87538872815172, 21.33242976616043]], [[-100.87538872815172, 21.33242976616043], [-100.87535126639456, 21.332438311008204]], [[-100.87536038641868, 21.332473410144125], [-100.87535126639456, 21.332438311008204]], [[-100.87535126639456, 21.332438311008204], [-100.87531380463238, 21.33244685584793]], [[-100.87532292464846, 21.332481954986473], [-100.87531380463238, 21.33244685584793]], [[-100.87531380463238, 21.33244685584793], [-100.87527634286522, 21.332455400679613]], [[-100.87528546287324, 21.332490499820768], [-100.87527634286522, 21.332455400679613]], [[-100.87527634286522, 21.332455400679613], [-100.87523888109303, 21.33246394550325]], [[-100.87524800109301, 21.332499044647022], [-100.87523888109303, 21.33246394550325]], [[-100.87523888109303, 21.33246394550325], [-100.87520141931586, 21.33247249031885]], [[-100.87521053930779, 21.332507589465244], [-100.87520141931586, 21.33247249031885]], [[-100.87520141931586, 21.33247249031885], [-100.87516395753369, 21.332481035126396]], [[-100.87517307751757, 21.332516134275412], [-100.87516395753369, 21.332481035126396]], [[-100.87516395753369, 21.332481035126396], [-100.87512649574651, 21.332489579925902]], [[-100.87513561572234, 21.332524679077526], [-100.87512649574651, 21.332489579925902]], [[-100.87512649574651, 21.332489579925902], [-100.87508903395434, 21.332498124717358]], [[-100.87509815392212, 21.3325332238716], [-100.87508903395434, 21.332498124717358]], [[-100.87508903395434, 21.332498124717358], [-100.87505157215716, 21.33250666950077]], [[-100.8750606921169, 21.332541768657627], [-100.87505157215716, 21.33250666950077]], [[-100.87505157215716, 21.33250666950077], [-100.87501411035498, 21.332515214276135]], [[-100.87502323030667, 21.332550313435622], [-100.87501411035498, 21.332515214276135]], [[-100.87501411035498, 21.332515214276135], [-100.8749766485478, 21.332523759043458]], [[-100.87498576849144, 21.332558858205555], [-100.8749766485478, 21.332523759043458]], [[-100.8749766485478, 21.332523759043458], [-100.87493918673563, 21.332532303802733]], [[-100.8749483066712, 21.33256740296745], [-100.87493918673563, 21.332532303802733]], [[-100.87493918673563, 21.332532303802733], [-100.87490172491844, 21.33254084855397]], [[-100.87491084484599, 21.332575947721296], [-100.87490172491844, 21.33254084855397]], [[-100.87490172491844, 21.33254084855397], [-100.87486426309627, 21.332549393297157]], [[-100.87487338301574, 21.332584492467102], [-100.87486426309627, 21.332549393297157]], [[-100.87486426309627, 21.332549393297157], [-100.87482680126908, 21.3325579380323]], [[-100.87483592118052, 21.332593037204862], [-100.87482680126908, 21.3325579380323]], [[-100.87482680126908, 21.3325579380323], [-100.8747893394369, 21.33256648275939]], [[-100.87479845934028, 21.332601581934572], [-100.8747893394369, 21.33256648275939]], [[-100.8747893394369, 21.33256648275939], [-100.87475187759972, 21.332575027478438]], [[-100.87476099749506, 21.33261012665624], [-100.87475187759972, 21.332575027478438]], [[-100.87475187759972, 21.332575027478438], [-100.87471441575754, 21.332583572189442]], [[-100.87472353564482, 21.332618671369858], [-100.87471441575754, 21.332583572189442]], [[-100.87471441575754, 21.332583572189442], [-100.87467695391035, 21.332592116892403]], [[-100.87468607378959, 21.33262721607544], [-100.87467695391035, 21.332592116892403]], [[-100.87467695391035, 21.332592116892403], [-100.87463949205818, 21.332600661587318]], [[-100.87464861192936, 21.33263576077297], [-100.87463949205818, 21.332600661587318]], [[-100.87463949205818, 21.332600661587318], [-100.87460203020099, 21.33260920627419]], [[-100.87461115006413, 21.332644305462452], [-100.87460203020099, 21.33260920627419]], [[-100.87460203020099, 21.33260920627419], [-100.8745645683388, 21.332617750953005]], [[-100.87457368819389, 21.332652850143898], [-100.8745645683388, 21.332617750953005]], [[-100.8745645683388, 21.332617750953005], [-100.8745271064716, 21.33262629562379]], [[-100.87453622631865, 21.33266139481729], [-100.8745271064716, 21.33262629562379]], [[-100.8745271064716, 21.33262629562379], [-100.87448964459944, 21.332634840286516]], [[-100.87449876443841, 21.332669939482646], [-100.87448964459944, 21.332634840286516]], [[-100.87448964459944, 21.332634840286516], [-100.87445218272225, 21.332643384941207]], [[-100.87446130255319, 21.332678484139947], [-100.87445218272225, 21.332643384941207]], [[-100.87445218272225, 21.332643384941207], [-100.87441472084005, 21.332651929587847]], [[-100.87442384066294, 21.332687028789206], [-100.87441472084005, 21.332651929587847]], [[-100.87442384066294, 21.332687028789206], [-100.8743863787677, 21.332695573430414]], [[-100.87441472084005, 21.332651929587847], [-100.87437725895286, 21.33266047422644]], [[-100.8743863787677, 21.332695573430414], [-100.87437725895286, 21.33266047422644]], [[-100.87613796224493, 21.33225886751547], [-100.87612884205677, 21.332223768433565]], [[-100.87612884205677, 21.332223768433565], [-100.87609138040767, 21.332232313439622]], [[-100.87610050058778, 21.33226741252415], [-100.87609138040767, 21.332232313439622]], [[-100.87609138040767, 21.332232313439622], [-100.87605391875356, 21.33224085843764]], [[-100.87606303892562, 21.332275957524782], [-100.87605391875356, 21.33224085843764]], [[-100.87605391875356, 21.33224085843764], [-100.87601645709445, 21.332249403427607]], [[-100.87602557725847, 21.332284502517368], [-100.87601645709445, 21.332249403427607]], [[-100.87601645709445, 21.332249403427607], [-100.87597899543036, 21.332257948409527]], [[-100.87598811558632, 21.332293047501903], [-100.87597899543036, 21.332257948409527]], [[-100.87597899543036, 21.332257948409527], [-100.87594153376125, 21.332266493383404]], [[-100.87595065390917, 21.332301592478398], [-100.87594153376125, 21.332266493383404]], [[-100.87594153376125, 21.332266493383404], [-100.87590407208714, 21.332275038349238]], [[-100.875913192227, 21.33231013744685], [-100.87590407208714, 21.332275038349238]], [[-100.87590407208714, 21.332275038349238], [-100.87586661040804, 21.332283583307028]], [[-100.87587573053985, 21.33231868240726], [-100.87586661040804, 21.332283583307028]], [[-100.87586661040804, 21.332283583307028], [-100.87582914872392, 21.332292128256764]], [[-100.8758382688477, 21.33232722735962], [-100.87582914872392, 21.332292128256764]], [[-100.87582914872392, 21.332292128256764], [-100.87579168703482, 21.332300673198464]], [[-100.87580080715054, 21.33233577230393], [-100.87579168703482, 21.332300673198464]], [[-100.87579168703482, 21.332300673198464], [-100.87575422534071, 21.332309218132124]], [[-100.87576334544838, 21.332344317240203], [-100.87575422534071, 21.332309218132124]], [[-100.87575422534071, 21.332309218132124], [-100.87571676364159, 21.33231776305773]], [[-100.87572588374121, 21.332352862168428], [-100.87571676364159, 21.33231776305773]], [[-100.87571676364159, 21.33231776305773], [-100.87567930193748, 21.33232630797529]], [[-100.87568842202906, 21.332361407088605], [-100.87567930193748, 21.33232630797529]], [[-100.87567930193748, 21.33232630797529], [-100.87564184022837, 21.33233485288481]], [[-100.87565096031189, 21.33236995200074], [-100.87564184022837, 21.33233485288481]], [[-100.87564184022837, 21.33233485288481], [-100.87560437851425, 21.33234339778628]], [[-100.87561349858973, 21.33237849690483], [-100.87560437851425, 21.33234339778628]], [[-100.87560437851425, 21.33234339778628], [-100.87556691679514, 21.332351942679715]], [[-100.87557603686257, 21.33238704180088], [-100.87556691679514, 21.332351942679715]], [[-100.87556691679514, 21.332351942679715], [-100.87552945507102, 21.332360487565097]], [[-100.87553857513039, 21.332395586688886], [-100.87552945507102, 21.332360487565097]], [[-100.87552945507102, 21.332360487565097], [-100.8754919933419, 21.332369032442433]], [[-100.87550111339323, 21.33240413156884], [-100.8754919933419, 21.332369032442433]], [[-100.8754919933419, 21.332369032442433], [-100.87545453160779, 21.332377577311718]], [[-100.87546365165106, 21.332412676440743], [-100.87545453160779, 21.332377577311718]], [[-100.87545453160779, 21.332377577311718], [-100.87541706986866, 21.33238612217297]], [[-100.87542618990389, 21.332421221304607], [-100.87541706986866, 21.33238612217297]], [[-100.87541706986866, 21.33238612217297], [-100.87537960812455, 21.33239466702617]], [[-100.87538872815172, 21.33242976616043], [-100.87537960812455, 21.33239466702617]], [[-100.87537960812455, 21.33239466702617], [-100.87534214637543, 21.332403211871323]], [[-100.87535126639456, 21.332438311008204], [-100.87534214637543, 21.332403211871323]], [[-100.87534214637543, 21.332403211871323], [-100.87530468462131, 21.33241175670843]], [[-100.87531380463238, 21.33244685584793], [-100.87530468462131, 21.33241175670843]], [[-100.87530468462131, 21.33241175670843], [-100.87526722286218, 21.33242030153751]], [[-100.87527634286522, 21.332455400679613], [-100.87526722286218, 21.33242030153751]], [[-100.87526722286218, 21.33242030153751], [-100.87522976109805, 21.332428846358532]], [[-100.87523888109303, 21.33246394550325], [-100.87522976109805, 21.332428846358532]], [[-100.87522976109805, 21.332428846358532], [-100.87519229932893, 21.332437391171506]], [[-100.87520141931586, 21.33247249031885], [-100.87519229932893, 21.332437391171506]], [[-100.87519229932893, 21.332437391171506], [-100.87515483755482, 21.332445935976434]], [[-100.87516395753369, 21.332481035126396], [-100.87515483755482, 21.332445935976434]], [[-100.87515483755482, 21.332445935976434], [-100.87511737577569, 21.33245448077332]], [[-100.87512649574651, 21.332489579925902], [-100.87511737577569, 21.33245448077332]], [[-100.87511737577569, 21.33245448077332], [-100.87507991399156, 21.332463025562156]], [[-100.87508903395434, 21.332498124717358], [-100.87507991399156, 21.332463025562156]], [[-100.87507991399156, 21.332463025562156], [-100.87504245220244, 21.332471570342957]], [[-100.87505157215716, 21.33250666950077], [-100.87504245220244, 21.332471570342957]], [[-100.87504245220244, 21.332471570342957], [-100.8750049904083, 21.332480115115708]], [[-100.87501411035498, 21.332515214276135], [-100.8750049904083, 21.332480115115708]], [[-100.8750049904083, 21.332480115115708], [-100.87496752860918, 21.33248865988041]], [[-100.8749766485478, 21.332523759043458], [-100.87496752860918, 21.33248865988041]], [[-100.87496752860918, 21.33248865988041], [-100.87493006680505, 21.332497204637068]], [[-100.87493918673563, 21.332532303802733], [-100.87493006680505, 21.332497204637068]], [[-100.87493006680505, 21.332497204637068], [-100.87489260499592, 21.332505749385685]], [[-100.87490172491844, 21.33254084855397], [-100.87489260499592, 21.332505749385685]], [[-100.87489260499592, 21.332505749385685], [-100.87485514318179, 21.332514294126252]], [[-100.87486426309627, 21.332549393297157], [-100.87485514318179, 21.332514294126252]], [[-100.87485514318179, 21.332514294126252], [-100.87481768136264, 21.332522838858775]], [[-100.87482680126908, 21.3325579380323], [-100.87481768136264, 21.332522838858775]], [[-100.87481768136264, 21.332522838858775], [-100.87478021953852, 21.332531383583255]], [[-100.8747893394369, 21.33256648275939], [-100.87478021953852, 21.332531383583255]], [[-100.87478021953852, 21.332531383583255], [-100.87474275770938, 21.33253992829969]], [[-100.87475187759972, 21.332575027478438], [-100.87474275770938, 21.33253992829969]], [[-100.87474275770938, 21.33253992829969], [-100.87470529587524, 21.332548473008075]], [[-100.87471441575754, 21.332583572189442], [-100.87470529587524, 21.332548473008075]], [[-100.87470529587524, 21.332548473008075], [-100.87466783403612, 21.332557017708417]], [[-100.87467695391035, 21.332592116892403], [-100.87466783403612, 21.332557017708417]], [[-100.87466783403612, 21.332557017708417], [-100.87463037219197, 21.332565562400713]], [[-100.87463949205818, 21.332600661587318], [-100.87463037219197, 21.332565562400713]], [[-100.87463037219197, 21.332565562400713], [-100.87459291034286, 21.332574107084966]], [[-100.87460203020099, 21.33260920627419], [-100.87459291034286, 21.332574107084966]], [[-100.87459291034286, 21.332574107084966], [-100.8745554484887, 21.332582651761168]], [[-100.8745645683388, 21.332617750953005], [-100.8745554484887, 21.332582651761168]], [[-100.8745554484887, 21.332582651761168], [-100.87451798662958, 21.332591196429334]], [[-100.8745271064716, 21.33262629562379], [-100.87451798662958, 21.332591196429334]], [[-100.87451798662958, 21.332591196429334], [-100.87448052476545, 21.332599741089446]], [[-100.87448964459944, 21.332634840286516], [-100.87448052476545, 21.332599741089446]], [[-100.87448052476545, 21.332599741089446], [-100.8744430628963, 21.332608285741514]], [[-100.87445218272225, 21.332643384941207], [-100.8744430628963, 21.332608285741514]], [[-100.8744430628963, 21.332608285741514], [-100.87440560102216, 21.33261683038554]], [[-100.87441472084005, 21.332651929587847], [-100.87440560102216, 21.33261683038554]], [[-100.87440560102216, 21.33261683038554], [-100.87436813914303, 21.33262537502152]], [[-100.87437725895286, 21.33266047422644], [-100.87436813914303, 21.33262537502152]], [[-100.87437725895286, 21.33266047422644], [-100.87433979706068, 21.332669018856997]], [[-100.87436813914303, 21.33262537502152], [-100.87433067725888, 21.332633919649457]], [[-100.87433979706068, 21.332669018856997], [-100.87433067725888, 21.332633919649457]], [[-100.87616630370087, 21.332215223419464], [-100.87612884205677, 21.332223768433565]], [[-100.87616630370087, 21.332215223419464], [-100.87615718350965, 21.33218012433922]], [[-100.87615718350965, 21.33218012433922], [-100.87611972187361, 21.332188669350707]], [[-100.87612884205677, 21.332223768433565], [-100.87611972187361, 21.332188669350707]], [[-100.87611972187361, 21.332188669350707], [-100.87608226023255, 21.332197214354146]], [[-100.87609138040767, 21.332232313439622], [-100.87608226023255, 21.332197214354146]], [[-100.87608226023255, 21.332197214354146], [-100.87604479858649, 21.33220575934954]], [[-100.87605391875356, 21.33224085843764], [-100.87604479858649, 21.33220575934954]], [[-100.87604479858649, 21.33220575934954], [-100.87600733693544, 21.33221430433689]], [[-100.87601645709445, 21.332249403427607], [-100.87600733693544, 21.33221430433689]], [[-100.87600733693544, 21.33221430433689], [-100.87596987527938, 21.332222849316192]], [[-100.87597899543036, 21.332257948409527], [-100.87596987527938, 21.332222849316192]], [[-100.87596987527938, 21.332222849316192], [-100.87593241361833, 21.33223139428746]], [[-100.87594153376125, 21.332266493383404], [-100.87593241361833, 21.33223139428746]], [[-100.87593241361833, 21.33223139428746], [-100.87589495195228, 21.332239939250677]], [[-100.87590407208714, 21.332275038349238], [-100.87589495195228, 21.332239939250677]], [[-100.87589495195228, 21.332239939250677], [-100.87585749028122, 21.33224848420584]], [[-100.87586661040804, 21.332283583307028], [-100.87585749028122, 21.33224848420584]], [[-100.87585749028122, 21.33224848420584], [-100.87582002860516, 21.332257029152963]], [[-100.87582914872392, 21.332292128256764], [-100.87582002860516, 21.332257029152963]], [[-100.87582002860516, 21.332257029152963], [-100.8757825669241, 21.332265574092045]], [[-100.87579168703482, 21.332300673198464], [-100.8757825669241, 21.332265574092045]], [[-100.8757825669241, 21.332265574092045], [-100.87574510523804, 21.332274119023083]], [[-100.87575422534071, 21.332309218132124], [-100.87574510523804, 21.332274119023083]], [[-100.87574510523804, 21.332274119023083], [-100.87570764354697, 21.332282663946074]], [[-100.87571676364159, 21.33231776305773], [-100.87570764354697, 21.332282663946074]], [[-100.87570764354697, 21.332282663946074], [-100.87567018185091, 21.332291208861022]], [[-100.87567930193748, 21.33232630797529], [-100.87567018185091, 21.332291208861022]], [[-100.87567018185091, 21.332291208861022], [-100.87563272014984, 21.33229975376792]], [[-100.87564184022837, 21.33233485288481], [-100.87563272014984, 21.33229975376792]], [[-100.87563272014984, 21.33229975376792], [-100.87559525844378, 21.332308298666778]], [[-100.87560437851425, 21.33234339778628], [-100.87559525844378, 21.332308298666778]], [[-100.87559525844378, 21.332308298666778], [-100.8755577967327, 21.33231684355759]], [[-100.87556691679514, 21.332351942679715], [-100.8755577967327, 21.33231684355759]], [[-100.8755577967327, 21.33231684355759], [-100.87552033501665, 21.33232538844035]], [[-100.87552945507102, 21.332360487565097], [-100.87552033501665, 21.33232538844035]], [[-100.87552033501665, 21.33232538844035], [-100.87548287329558, 21.332333933315063]], [[-100.8754919933419, 21.332369032442433], [-100.87548287329558, 21.332333933315063]], [[-100.87548287329558, 21.332333933315063], [-100.87544541156952, 21.332342478181744]], [[-100.87545453160779, 21.332377577311718], [-100.87544541156952, 21.332342478181744]], [[-100.87544541156952, 21.332342478181744], [-100.87540794983843, 21.332351023040374]], [[-100.87541706986866, 21.33238612217297], [-100.87540794983843, 21.332351023040374]], [[-100.87540794983843, 21.332351023040374], [-100.87537048810238, 21.332359567890958]], [[-100.87537960812455, 21.33239466702617], [-100.87537048810238, 21.332359567890958]], [[-100.87537048810238, 21.332359567890958], [-100.87533302636129, 21.332368112733494]], [[-100.87534214637543, 21.332403211871323], [-100.87533302636129, 21.332368112733494]], [[-100.87533302636129, 21.332368112733494], [-100.87529556461523, 21.332376657567995]], [[-100.87530468462131, 21.33241175670843], [-100.87529556461523, 21.332376657567995]], [[-100.87529556461523, 21.332376657567995], [-100.87525810286415, 21.33238520239444]], [[-100.87526722286218, 21.33242030153751], [-100.87525810286415, 21.33238520239444]], [[-100.87525810286415, 21.33238520239444], [-100.87522064110809, 21.332393747212848]], [[-100.87522976109805, 21.332428846358532], [-100.87522064110809, 21.332393747212848]], [[-100.87522064110809, 21.332393747212848], [-100.875183179347, 21.332402292023207]], [[-100.87519229932893, 21.332437391171506], [-100.875183179347, 21.332402292023207]], [[-100.875183179347, 21.332402292023207], [-100.87514571758093, 21.332410836825524]], [[-100.87515483755482, 21.332445935976434], [-100.87514571758093, 21.332410836825524]], [[-100.87514571758093, 21.332410836825524], [-100.87510825580985, 21.332419381619786]], [[-100.87511737577569, 21.33245448077332], [-100.87510825580985, 21.332419381619786]], [[-100.87510825580985, 21.332419381619786], [-100.87507079403377, 21.332427926406012]], [[-100.87507991399156, 21.332463025562156], [-100.87507079403377, 21.332427926406012]], [[-100.87507079403377, 21.332427926406012], [-100.8750333322527, 21.332436471184188]], [[-100.87504245220244, 21.332471570342957], [-100.8750333322527, 21.332436471184188]], [[-100.8750333322527, 21.332436471184188], [-100.87499587046662, 21.33244501595432]], [[-100.8750049904083, 21.332480115115708], [-100.87499587046662, 21.33244501595432]], [[-100.87499587046662, 21.33244501595432], [-100.87495840867554, 21.33245356071641]], [[-100.87496752860918, 21.33248865988041], [-100.87495840867554, 21.33245356071641]], [[-100.87495840867554, 21.33245356071641], [-100.87492094687946, 21.33246210547045]], [[-100.87493006680505, 21.332497204637068], [-100.87492094687946, 21.33246210547045]], [[-100.87492094687946, 21.33246210547045], [-100.87488348507839, 21.332470650216447]], [[-100.87489260499592, 21.332505749385685], [-100.87488348507839, 21.332470650216447]], [[-100.87488348507839, 21.332470650216447], [-100.8748460232723, 21.3324791949544]], [[-100.87485514318179, 21.332514294126252], [-100.8748460232723, 21.3324791949544]], [[-100.8748460232723, 21.3324791949544], [-100.87480856146122, 21.332487739684304]], [[-100.87481768136264, 21.332522838858775], [-100.87480856146122, 21.332487739684304]], [[-100.87480856146122, 21.332487739684304], [-100.87477109964513, 21.33249628440616]], [[-100.87478021953852, 21.332531383583255], [-100.87477109964513, 21.33249628440616]], [[-100.87477109964513, 21.33249628440616], [-100.87473363782405, 21.332504829119976]], [[-100.87474275770938, 21.33253992829969], [-100.87473363782405, 21.332504829119976]], [[-100.87473363782405, 21.332504829119976], [-100.87469617599797, 21.332513373825755]], [[-100.87470529587524, 21.332548473008075], [-100.87469617599797, 21.332513373825755]], [[-100.87469617599797, 21.332513373825755], [-100.87465871416688, 21.33252191852348]], [[-100.87466783403612, 21.332557017708417], [-100.87465871416688, 21.33252191852348]], [[-100.87465871416688, 21.33252191852348], [-100.8746212523308, 21.332530463213157]], [[-100.87463037219197, 21.332565562400713], [-100.8746212523308, 21.332530463213157]], [[-100.8746212523308, 21.332530463213157], [-100.87458379048972, 21.33253900789479]], [[-100.87459291034286, 21.332574107084966], [-100.87458379048972, 21.33253900789479]], [[-100.87458379048972, 21.33253900789479], [-100.87454632864363, 21.332547552568386]], [[-100.8745554484887, 21.332582651761168], [-100.87454632864363, 21.332547552568386]], [[-100.87454632864363, 21.332547552568386], [-100.87450886679254, 21.332556097233923]], [[-100.87451798662958, 21.332591196429334], [-100.87450886679254, 21.332556097233923]], [[-100.87450886679254, 21.332556097233923], [-100.87447140493646, 21.332564641891423]], [[-100.87448052476545, 21.332599741089446], [-100.87447140493646, 21.332564641891423]], [[-100.87447140493646, 21.332564641891423], [-100.87443394307537, 21.332573186540873]], [[-100.8744430628963, 21.332608285741514], [-100.87443394307537, 21.332573186540873]], [[-100.87443394307537, 21.332573186540873], [-100.87439648120929, 21.332581731182277]], [[-100.87440560102216, 21.33261683038554], [-100.87439648120929, 21.332581731182277]], [[-100.87439648120929, 21.332581731182277], [-100.87435901933819, 21.332590275815644]], [[-100.87436813914303, 21.33262537502152], [-100.87435901933819, 21.332590275815644]], [[-100.87435901933819, 21.332590275815644], [-100.8743215574621, 21.33259882044096]], [[-100.87433067725888, 21.332633919649457], [-100.8743215574621, 21.33259882044096]], [[-100.87433067725888, 21.332633919649457], [-100.87429321536975, 21.332642464269345]], [[-100.8743215574621, 21.33259882044096], [-100.87428409558102, 21.33260736505823]], [[-100.87429321536975, 21.332642464269345], [-100.87428409558102, 21.33260736505823]], [[-100.87615718350965, 21.33218012433922], [-100.87614806332346, 21.332145025258022]], [[-100.87614806332346, 21.332145025258022], [-100.87611060169544, 21.332153570266897]], [[-100.87611972187361, 21.332188669350707], [-100.87611060169544, 21.332153570266897]], [[-100.87611060169544, 21.332153570266897], [-100.87607314006245, 21.332162115267714]], [[-100.87608226023255, 21.332197214354146], [-100.87607314006245, 21.332162115267714]], [[-100.87607314006245, 21.332162115267714], [-100.87603567842444, 21.332170660260488]], [[-100.87604479858649, 21.33220575934954], [-100.87603567842444, 21.332170660260488]], [[-100.87603567842444, 21.332170660260488], [-100.87599821678144, 21.332179205245218]], [[-100.87600733693544, 21.33221430433689], [-100.87599821678144, 21.332179205245218]], [[-100.87599821678144, 21.332179205245218], [-100.87596075513342, 21.332187750221905]], [[-100.87596987527938, 21.332222849316192], [-100.87596075513342, 21.332187750221905]], [[-100.87596075513342, 21.332187750221905], [-100.87592329348043, 21.332196295190556]], [[-100.87593241361833, 21.33223139428746], [-100.87592329348043, 21.332196295190556]], [[-100.87592329348043, 21.332196295190556], [-100.87588583182242, 21.332204840151157]], [[-100.87589495195228, 21.332239939250677], [-100.87588583182242, 21.332204840151157]], [[-100.87588583182242, 21.332204840151157], [-100.8758483701594, 21.332213385103707]], [[-100.87585749028122, 21.33224848420584], [-100.8758483701594, 21.332213385103707]], [[-100.8758483701594, 21.332213385103707], [-100.87581090849139, 21.332221930048213]], [[-100.87582002860516, 21.332257029152963], [-100.87581090849139, 21.332221930048213]], [[-100.87581090849139, 21.332221930048213], [-100.87577344681839, 21.332230474984673]], [[-100.8757825669241, 21.332265574092045], [-100.87577344681839, 21.332230474984673]], [[-100.87577344681839, 21.332230474984673], [-100.87573598514037, 21.332239019913093]], [[-100.87574510523804, 21.332274119023083], [-100.87573598514037, 21.332239019913093]], [[-100.87573598514037, 21.332239019913093], [-100.87569852345736, 21.332247564833466]], [[-100.87570764354697, 21.332282663946074], [-100.87569852345736, 21.332247564833466]], [[-100.87569852345736, 21.332247564833466], [-100.87566106176934, 21.332256109745792]], [[-100.87567018185091, 21.332291208861022], [-100.87566106176934, 21.332256109745792]], [[-100.87566106176934, 21.332256109745792], [-100.87562360007632, 21.33226465465008]], [[-100.87563272014984, 21.33229975376792], [-100.87562360007632, 21.33226465465008]], [[-100.87562360007632, 21.33226465465008], [-100.87558613837831, 21.33227319954632]], [[-100.87559525844378, 21.332308298666778], [-100.87558613837831, 21.33227319954632]], [[-100.87558613837831, 21.33227319954632], [-100.8755486766753, 21.332281744434507]], [[-100.8755577967327, 21.33231684355759], [-100.8755486766753, 21.332281744434507]], [[-100.8755486766753, 21.332281744434507], [-100.87551121496728, 21.332290289314656]], [[-100.87552033501665, 21.33232538844035], [-100.87551121496728, 21.332290289314656]], [[-100.87551121496728, 21.332290289314656], [-100.87547375325425, 21.332298834186755]], [[-100.87548287329558, 21.332333933315063], [-100.87547375325425, 21.332298834186755]], [[-100.87547375325425, 21.332298834186755], [-100.87543629153623, 21.332307379050814]], [[-100.87544541156952, 21.332342478181744], [-100.87543629153623, 21.332307379050814]], [[-100.87543629153623, 21.332307379050814], [-100.87539882981322, 21.33231592390683]], [[-100.87540794983843, 21.332351023040374], [-100.87539882981322, 21.33231592390683]], [[-100.87539882981322, 21.33231592390683], [-100.8753613680852, 21.33232446875479]], [[-100.87537048810238, 21.332359567890958], [-100.8753613680852, 21.33232446875479]], [[-100.8753613680852, 21.33232446875479], [-100.87532390635218, 21.33233301359472]], [[-100.87533302636129, 21.332368112733494], [-100.87532390635218, 21.33233301359472]], [[-100.87532390635218, 21.33233301359472], [-100.87528644461415, 21.332341558426595]], [[-100.87529556461523, 21.332376657567995], [-100.87528644461415, 21.332341558426595]], [[-100.87528644461415, 21.332341558426595], [-100.87524898287113, 21.332350103250427]], [[-100.87525810286415, 21.33238520239444], [-100.87524898287113, 21.332350103250427]], [[-100.87524898287113, 21.332350103250427], [-100.8752115211231, 21.332358648066215]], [[-100.87522064110809, 21.332393747212848], [-100.8752115211231, 21.332358648066215]], [[-100.8752115211231, 21.332358648066215], [-100.87517405937008, 21.33236719287395]], [[-100.875183179347, 21.332402292023207], [-100.87517405937008, 21.33236719287395]], [[-100.87517405937008, 21.33236719287395], [-100.87513659761206, 21.332375737673654]], [[-100.87514571758093, 21.332410836825524], [-100.87513659761206, 21.332375737673654]], [[-100.87513659761206, 21.332375737673654], [-100.87509913584903, 21.3323842824653]], [[-100.87510825580985, 21.332419381619786], [-100.87509913584903, 21.3323842824653]], [[-100.87509913584903, 21.3323842824653], [-100.875061674081, 21.33239282724891]], [[-100.87507079403377, 21.332427926406012], [-100.875061674081, 21.33239282724891]], [[-100.875061674081, 21.33239282724891], [-100.87502421230796, 21.332401372024467]], [[-100.8750333322527, 21.332436471184188], [-100.87502421230796, 21.332401372024467]], [[-100.87502421230796, 21.332401372024467], [-100.87498675052993, 21.332409916791978]], [[-100.87499587046662, 21.33244501595432], [-100.87498675052993, 21.332409916791978]], [[-100.87498675052993, 21.332409916791978], [-100.8749492887469, 21.332418461551452]], [[-100.87495840867554, 21.33245356071641], [-100.8749492887469, 21.332418461551452]], [[-100.8749492887469, 21.332418461551452], [-100.87491182695888, 21.332427006302872]], [[-100.87492094687946, 21.33246210547045], [-100.87491182695888, 21.332427006302872]], [[-100.87491182695888, 21.332427006302872], [-100.87487436516585, 21.33243555104626]], [[-100.87488348507839, 21.332470650216447], [-100.87487436516585, 21.33243555104626]], [[-100.87487436516585, 21.33243555104626], [-100.87483690336782, 21.33244409578159]], [[-100.8748460232723, 21.3324791949544], [-100.87483690336782, 21.33244409578159]], [[-100.87483690336782, 21.33244409578159], [-100.87479944156478, 21.332452640508876]], [[-100.87480856146122, 21.332487739684304], [-100.87479944156478, 21.332452640508876]], [[-100.87479944156478, 21.332452640508876], [-100.87476197975674, 21.332461185228123]], [[-100.87477109964513, 21.33249628440616], [-100.87476197975674, 21.332461185228123]], [[-100.87476197975674, 21.332461185228123], [-100.87472451794372, 21.332469729939323]], [[-100.87473363782405, 21.332504829119976], [-100.87472451794372, 21.332469729939323]], [[-100.87472451794372, 21.332469729939323], [-100.8746870561257, 21.33247827464248]], [[-100.87469617599797, 21.332513373825755], [-100.8746870561257, 21.33247827464248]], [[-100.8746870561257, 21.33247827464248], [-100.87464959430264, 21.33248681933759]], [[-100.87465871416688, 21.33252191852348], [-100.87464959430264, 21.33248681933759]], [[-100.87464959430264, 21.33248681933759], [-100.87461213247461, 21.33249536402465]], [[-100.8746212523308, 21.332530463213157], [-100.87461213247461, 21.33249536402465]], [[-100.87461213247461, 21.33249536402465], [-100.87457467064158, 21.33250390870366]], [[-100.87458379048972, 21.33253900789479], [-100.87457467064158, 21.33250390870366]], [[-100.87457467064158, 21.33250390870366], [-100.87453720880355, 21.332512453374633]], [[-100.87454632864363, 21.332547552568386], [-100.87453720880355, 21.332512453374633]], [[-100.87453720880355, 21.332512453374633], [-100.87449974696051, 21.332520998037563]], [[-100.87450886679254, 21.332556097233923], [-100.87449974696051, 21.332520998037563]], [[-100.87449974696051, 21.332520998037563], [-100.87446228511247, 21.33252954269244]], [[-100.87447140493646, 21.332564641891423], [-100.87446228511247, 21.33252954269244]], [[-100.87446228511247, 21.33252954269244], [-100.87442482325943, 21.332538087339277]], [[-100.87443394307537, 21.332573186540873], [-100.87442482325943, 21.332538087339277]], [[-100.87442482325943, 21.332538087339277], [-100.87438736140139, 21.332546631978072]], [[-100.87439648120929, 21.332581731182277], [-100.87438736140139, 21.332546631978072]], [[-100.87438736140139, 21.332546631978072], [-100.87434989953834, 21.332555176608818]], [[-100.87435901933819, 21.332590275815644], [-100.87434989953834, 21.332555176608818]], [[-100.87434989953834, 21.332555176608818], [-100.87431243767031, 21.332563721231516]], [[-100.8743215574621, 21.33259882044096], [-100.87431243767031, 21.332563721231516]], [[-100.87431243767031, 21.332563721231516], [-100.87427497579726, 21.332572265846167]], [[-100.87428409558102, 21.33260736505823], [-100.87427497579726, 21.332572265846167]], [[-100.87428409558102, 21.33260736505823], [-100.87424663369492, 21.332615909667457]], [[-100.87427497579726, 21.332572265846167], [-100.87423751391924, 21.33258081045277]], [[-100.87424663369492, 21.332615909667457], [-100.87423751391924, 21.33258081045277]], [[-100.87618552494645, 21.33213648024111], [-100.87614806332346, 21.332145025258022]], [[-100.87618552494645, 21.33213648024111], [-100.8761764047572, 21.332101381161582]], [[-100.8761764047572, 21.332101381161582], [-100.87613894314224, 21.332109926175875]], [[-100.87614806332346, 21.332145025258022], [-100.87613894314224, 21.332109926175875]], [[-100.87613894314224, 21.332109926175875], [-100.87610148152228, 21.33211847118212]], [[-100.87611060169544, 21.332153570266897], [-100.87610148152228, 21.33211847118212]], [[-100.87610148152228, 21.33211847118212], [-100.87606401989734, 21.33212701618033]], [[-100.87607314006245, 21.332162115267714], [-100.87606401989734, 21.33212701618033]], [[-100.87606401989734, 21.33212701618033], [-100.87602655826738, 21.33213556117049]], [[-100.87603567842444, 21.332170660260488], [-100.87602655826738, 21.33213556117049]], [[-100.87602655826738, 21.33213556117049], [-100.87598909663242, 21.3321441061526]], [[-100.87599821678144, 21.332179205245218], [-100.87598909663242, 21.3321441061526]], [[-100.87598909663242, 21.3321441061526], [-100.87595163499246, 21.332152651126673]], [[-100.87596075513342, 21.332187750221905], [-100.87595163499246, 21.332152651126673]], [[-100.87595163499246, 21.332152651126673], [-100.87591417334751, 21.332161196092695]], [[-100.87592329348043, 21.332196295190556], [-100.87591417334751, 21.332161196092695]], [[-100.87591417334751, 21.332161196092695], [-100.87587671169756, 21.332169741050684]], [[-100.87588583182242, 21.332204840151157], [-100.87587671169756, 21.332169741050684]], [[-100.87587671169756, 21.332169741050684], [-100.8758392500426, 21.33217828600061]], [[-100.8758483701594, 21.332213385103707], [-100.8758392500426, 21.33217828600061]], [[-100.8758392500426, 21.33217828600061], [-100.87580178838263, 21.3321868309425]], [[-100.87581090849139, 21.332221930048213], [-100.87580178838263, 21.3321868309425]], [[-100.87580178838263, 21.3321868309425], [-100.87576432671767, 21.332195375876353]], [[-100.87577344681839, 21.332230474984673], [-100.87576432671767, 21.332195375876353]], [[-100.87576432671767, 21.332195375876353], [-100.8757268650477, 21.33220392080215]], [[-100.87573598514037, 21.332239019913093], [-100.8757268650477, 21.33220392080215]], [[-100.8757268650477, 21.33220392080215], [-100.87568940337275, 21.332212465719902]], [[-100.87569852345736, 21.332247564833466], [-100.87568940337275, 21.332212465719902]], [[-100.87568940337275, 21.332212465719902], [-100.87565194169278, 21.332221010629617]], [[-100.87566106176934, 21.332256109745792], [-100.87565194169278, 21.332221010629617]], [[-100.87565194169278, 21.332221010629617], [-100.87561448000781, 21.332229555531285]], [[-100.87562360007632, 21.33226465465008], [-100.87561448000781, 21.332229555531285]], [[-100.87561448000781, 21.332229555531285], [-100.87557701831784, 21.332238100424906]], [[-100.87558613837831, 21.33227319954632], [-100.87557701831784, 21.332238100424906]], [[-100.87557701831784, 21.332238100424906], [-100.87553955662287, 21.33224664531048]], [[-100.8755486766753, 21.332281744434507], [-100.87553955662287, 21.33224664531048]], [[-100.87553955662287, 21.33224664531048], [-100.87550209492291, 21.33225519018801]], [[-100.87551121496728, 21.332290289314656], [-100.87550209492291, 21.33225519018801]], [[-100.87550209492291, 21.33225519018801], [-100.87546463321794, 21.33226373505749]], [[-100.87547375325425, 21.332298834186755], [-100.87546463321794, 21.33226373505749]], [[-100.87546463321794, 21.33226373505749], [-100.87542717150797, 21.33227227991893]], [[-100.87543629153623, 21.332307379050814], [-100.87542717150797, 21.33227227991893]], [[-100.87542717150797, 21.33227227991893], [-100.875389709793, 21.332280824772326]], [[-100.87539882981322, 21.33231592390683], [-100.875389709793, 21.332280824772326]], [[-100.875389709793, 21.332280824772326], [-100.87535224807303, 21.332289369617673]], [[-100.8753613680852, 21.33232446875479], [-100.87535224807303, 21.332289369617673]], [[-100.87535224807303, 21.332289369617673], [-100.87531478634806, 21.332297914454983]], [[-100.87532390635218, 21.33233301359472], [-100.87531478634806, 21.332297914454983]], [[-100.87531478634806, 21.332297914454983], [-100.87527732461807, 21.33230645928424]], [[-100.87528644461415, 21.332341558426595], [-100.87527732461807, 21.33230645928424]], [[-100.87527732461807, 21.33230645928424], [-100.8752398628831, 21.33231500410546]], [[-100.87524898287113, 21.332350103250427], [-100.8752398628831, 21.33231500410546]], [[-100.8752398628831, 21.33231500410546], [-100.87520240114313, 21.332323548918627]], [[-100.8752115211231, 21.332358648066215], [-100.87520240114313, 21.332323548918627]], [[-100.87520240114313, 21.332323548918627], [-100.87516493939815, 21.332332093723746]], [[-100.87517405937008, 21.33236719287395], [-100.87516493939815, 21.332332093723746]], [[-100.87516493939815, 21.332332093723746], [-100.87512747764818, 21.332340638520826]], [[-100.87513659761206, 21.332375737673654], [-100.87512747764818, 21.332340638520826]], [[-100.87512747764818, 21.332340638520826], [-100.87509001589319, 21.332349183309862]], [[-100.87509913584903, 21.3323842824653], [-100.87509001589319, 21.332349183309862]], [[-100.87509001589319, 21.332349183309862], [-100.87505255413322, 21.332357728090855]], [[-100.875061674081, 21.33239282724891], [-100.87505255413322, 21.332357728090855]], [[-100.87505255413322, 21.332357728090855], [-100.87501509236824, 21.332366272863794]], [[-100.87502421230796, 21.332401372024467], [-100.87501509236824, 21.332366272863794]], [[-100.87501509236824, 21.332366272863794], [-100.87497763059825, 21.332374817628686]], [[-100.87498675052993, 21.332409916791978], [-100.87497763059825, 21.332374817628686]], [[-100.87497763059825, 21.332374817628686], [-100.87494016882329, 21.332383362385542]], [[-100.8749492887469, 21.332418461551452], [-100.87494016882329, 21.332383362385542]], [[-100.87494016882329, 21.332383362385542], [-100.8749027070433, 21.33239190713435]], [[-100.87491182695888, 21.332427006302872], [-100.8749027070433, 21.33239190713435]], [[-100.8749027070433, 21.33239190713435], [-100.87486524525832, 21.332400451875117]], [[-100.87487436516585, 21.33243555104626], [-100.87486524525832, 21.332400451875117]], [[-100.87486524525832, 21.332400451875117], [-100.87482778346833, 21.33240899660783]], [[-100.87483690336782, 21.33244409578159], [-100.87482778346833, 21.33240899660783]], [[-100.87482778346833, 21.33240899660783], [-100.87479032167336, 21.3324175413325]], [[-100.87479944156478, 21.332452640508876], [-100.87479032167336, 21.3324175413325]], [[-100.87479032167336, 21.3324175413325], [-100.87475285987337, 21.33242608604913]], [[-100.87476197975674, 21.332461185228123], [-100.87475285987337, 21.33242608604913]], [[-100.87475285987337, 21.33242608604913], [-100.87471539806837, 21.332434630757714]], [[-100.87472451794372, 21.332469729939323], [-100.87471539806837, 21.332434630757714]], [[-100.87471539806837, 21.332434630757714], [-100.8746779362584, 21.33244317545825]], [[-100.8746870561257, 21.33247827464248], [-100.8746779362584, 21.33244317545825]], [[-100.8746779362584, 21.33244317545825], [-100.87464047444341, 21.33245172015074]], [[-100.87464959430264, 21.33248681933759], [-100.87464047444341, 21.33245172015074]], [[-100.87464047444341, 21.33245172015074], [-100.87460301262344, 21.332460264835184]], [[-100.87461213247461, 21.33249536402465], [-100.87460301262344, 21.332460264835184]], [[-100.87460301262344, 21.332460264835184], [-100.87456555079844, 21.332468809511585]], [[-100.87457467064158, 21.33250390870366], [-100.87456555079844, 21.332468809511585]], [[-100.87456555079844, 21.332468809511585], [-100.87452808896846, 21.332477354179932]], [[-100.87453720880355, 21.332512453374633], [-100.87452808896846, 21.332477354179932]], [[-100.87452808896846, 21.332477354179932], [-100.87449062713347, 21.332485898840243]], [[-100.87449974696051, 21.332520998037563], [-100.87449062713347, 21.332485898840243]], [[-100.87449062713347, 21.332485898840243], [-100.87445316529349, 21.33249444349251]], [[-100.87446228511247, 21.33252954269244], [-100.87445316529349, 21.33249444349251]], [[-100.87445316529349, 21.33249444349251], [-100.87441570344849, 21.33250298813673]], [[-100.87442482325943, 21.332538087339277], [-100.87441570344849, 21.33250298813673]], [[-100.87441570344849, 21.33250298813673], [-100.8743782415985, 21.332511532772905]], [[-100.87438736140139, 21.332546631978072], [-100.8743782415985, 21.332511532772905]], [[-100.8743782415985, 21.332511532772905], [-100.87434077974352, 21.33252007740103]], [[-100.87434989953834, 21.332555176608818], [-100.87434077974352, 21.33252007740103]], [[-100.87434077974352, 21.33252007740103], [-100.87430331788353, 21.332528622021115]], [[-100.87431243767031, 21.332563721231516], [-100.87430331788353, 21.332528622021115]], [[-100.87430331788353, 21.332528622021115], [-100.87426585601854, 21.33253716663315]], [[-100.87427497579726, 21.332572265846167], [-100.87426585601854, 21.33253716663315]], [[-100.87426585601854, 21.33253716663315], [-100.87422839414855, 21.332545711237138]], [[-100.87423751391924, 21.33258081045277], [-100.87422839414855, 21.332545711237138]], [[-100.8761764047572, 21.332101381161582], [-100.87616728457294, 21.332066282081097]], [[-100.87616728457294, 21.332066282081097], [-100.87612982296604, 21.332074827092775]], [[-100.87613894314224, 21.332109926175875], [-100.87612982296604, 21.332074827092775]], [[-100.87612982296604, 21.332074827092775], [-100.87609236135414, 21.332083372096402]], [[-100.87610148152228, 21.33211847118212], [-100.87609236135414, 21.332083372096402]], [[-100.87609236135414, 21.332083372096402], [-100.87605489973723, 21.33209191709199]], [[-100.87606401989734, 21.33212701618033], [-100.87605489973723, 21.33209191709199]], [[-100.87605489973723, 21.33209191709199], [-100.87601743811533, 21.33210046207953]], [[-100.87602655826738, 21.33213556117049], [-100.87601743811533, 21.33210046207953]], [[-100.87601743811533, 21.33210046207953], [-100.87597997648841, 21.332109007059028]], [[-100.87598909663242, 21.3321441061526], [-100.87597997648841, 21.332109007059028]], [[-100.87597997648841, 21.332109007059028], [-100.8759425148565, 21.33211755203049]], [[-100.87595163499246, 21.332152651126673], [-100.8759425148565, 21.33211755203049]], [[-100.8759425148565, 21.33211755203049], [-100.8759050532196, 21.332126096993896]], [[-100.87591417334751, 21.332161196092695], [-100.8759050532196, 21.332126096993896]], [[-100.8759050532196, 21.332126096993896], [-100.87586759157769, 21.33213464194925]], [[-100.87587671169756, 21.332169741050684], [-100.87586759157769, 21.33213464194925]], [[-100.87586759157769, 21.33213464194925], [-100.87583012993078, 21.33214318689657]], [[-100.8758392500426, 21.33217828600061], [-100.87583012993078, 21.33214318689657]], [[-100.87583012993078, 21.33214318689657], [-100.87579266827886, 21.332151731835847]], [[-100.87580178838263, 21.3321868309425], [-100.87579266827886, 21.332151731835847]], [[-100.87579266827886, 21.332151731835847], [-100.87575520662196, 21.332160276767077]], [[-100.87576432671767, 21.332195375876353], [-100.87575520662196, 21.332160276767077]], [[-100.87575520662196, 21.332160276767077], [-100.87571774496003, 21.332168821690253]], [[-100.8757268650477, 21.33220392080215], [-100.87571774496003, 21.332168821690253]], [[-100.87571774496003, 21.332168821690253], [-100.87568028329312, 21.332177366605396]], [[-100.87568940337275, 21.332212465719902], [-100.87568028329312, 21.332177366605396]], [[-100.87568028329312, 21.332177366605396], [-100.87564282162121, 21.332185911512482]], [[-100.87565194169278, 21.332221010629617], [-100.87564282162121, 21.332185911512482]], [[-100.87564282162121, 21.332185911512482], [-100.87560535994429, 21.332194456411536]], [[-100.87561448000781, 21.332229555531285], [-100.87560535994429, 21.332194456411536]], [[-100.87560535994429, 21.332194456411536], [-100.87556789826237, 21.332203001302535]], [[-100.87557701831784, 21.332238100424906], [-100.87556789826237, 21.332203001302535]], [[-100.87556789826237, 21.332203001302535], [-100.87553043657546, 21.33221154618549]], [[-100.87553955662287, 21.33224664531048], [-100.87553043657546, 21.33221154618549]], [[-100.87553043657546, 21.33221154618549], [-100.87549297488354, 21.332220091060403]], [[-100.87550209492291, 21.33225519018801], [-100.87549297488354, 21.332220091060403]], [[-100.87549297488354, 21.332220091060403], [-100.87545551318662, 21.332228635927272]], [[-100.87546463321794, 21.33226373505749], [-100.87545551318662, 21.332228635927272]], [[-100.87545551318662, 21.332228635927272], [-100.87541805148469, 21.332237180786098]], [[-100.87542717150797, 21.33227227991893], [-100.87541805148469, 21.332237180786098]], [[-100.87541805148469, 21.332237180786098], [-100.87538058977778, 21.332245725636877]], [[-100.875389709793, 21.332280824772326], [-100.87538058977778, 21.332245725636877]], [[-100.87538058977778, 21.332245725636877], [-100.87534312806585, 21.332254270479606]], [[-100.87535224807303, 21.332289369617673], [-100.87534312806585, 21.332254270479606]], [[-100.87534312806585, 21.332254270479606], [-100.87530566634892, 21.332262815314294]], [[-100.87531478634806, 21.332297914454983], [-100.87530566634892, 21.332262815314294]], [[-100.87530566634892, 21.332262815314294], [-100.875268204627, 21.33227136014094]], [[-100.87527732461807, 21.33230645928424], [-100.875268204627, 21.33227136014094]], [[-100.875268204627, 21.33227136014094], [-100.87523074290007, 21.332279904959538]], [[-100.8752398628831, 21.33231500410546], [-100.87523074290007, 21.332279904959538]], [[-100.87523074290007, 21.332279904959538], [-100.87519328116815, 21.332288449770083]], [[-100.87520240114313, 21.332323548918627], [-100.87519328116815, 21.332288449770083]], [[-100.87519328116815, 21.332288449770083], [-100.87515581943123, 21.332296994572587]], [[-100.87516493939815, 21.332332093723746], [-100.87515581943123, 21.332296994572587]], [[-100.87515581943123, 21.332296994572587], [-100.87511835768929, 21.332305539367052]], [[-100.87512747764818, 21.332340638520826], [-100.87511835768929, 21.332305539367052]], [[-100.87511835768929, 21.332305539367052], [-100.87508089594236, 21.33231408415347]], [[-100.87509001589319, 21.332349183309862], [-100.87508089594236, 21.33231408415347]], [[-100.87508089594236, 21.33231408415347], [-100.87504343419043, 21.332322628931845]], [[-100.87505255413322, 21.332357728090855], [-100.87504343419043, 21.332322628931845]], [[-100.87504343419043, 21.332322628931845], [-100.8750059724335, 21.332331173702165]], [[-100.87501509236824, 21.332366272863794], [-100.8750059724335, 21.332331173702165]], [[-100.8750059724335, 21.332331173702165], [-100.87496851067158, 21.33233971846445]], [[-100.87497763059825, 21.332374817628686], [-100.87496851067158, 21.33233971846445]], [[-100.87496851067158, 21.33233971846445], [-100.87493104890464, 21.33234826321868]], [[-100.87494016882329, 21.332383362385542], [-100.87493104890464, 21.33234826321868]], [[-100.87493104890464, 21.33234826321868], [-100.87489358713272, 21.332356807964874]], [[-100.8749027070433, 21.33239190713435], [-100.87489358713272, 21.332356807964874]], [[-100.87489358713272, 21.332356807964874], [-100.87485612535579, 21.332365352703015]], [[-100.87486524525832, 21.332400451875117], [-100.87485612535579, 21.332365352703015]], [[-100.87485612535579, 21.332365352703015], [-100.87481866357386, 21.332373897433115]], [[-100.87482778346833, 21.33240899660783], [-100.87481866357386, 21.332373897433115]], [[-100.87481866357386, 21.332373897433115], [-100.87478120178692, 21.332382442155172]], [[-100.87479032167336, 21.3324175413325], [-100.87478120178692, 21.332382442155172]], [[-100.87478120178692, 21.332382442155172], [-100.87474373999498, 21.332390986869186]], [[-100.87475285987337, 21.33242608604913], [-100.87474373999498, 21.332390986869186]], [[-100.87474373999498, 21.332390986869186], [-100.87470627819805, 21.332399531575145]], [[-100.87471539806837, 21.332434630757714], [-100.87470627819805, 21.332399531575145]], [[-100.87470627819805, 21.332399531575145], [-100.87466881639612, 21.332408076273065]], [[-100.8746779362584, 21.33244317545825], [-100.87466881639612, 21.332408076273065]], [[-100.87466881639612, 21.332408076273065], [-100.87463135458918, 21.332416620962942]], [[-100.87464047444341, 21.33245172015074], [-100.87463135458918, 21.332416620962942]], [[-100.87463135458918, 21.332416620962942], [-100.87459389277726, 21.33242516564476]], [[-100.87460301262344, 21.332460264835184], [-100.87459389277726, 21.33242516564476]], [[-100.87459389277726, 21.33242516564476], [-100.87455643096031, 21.33243371031855]], [[-100.87456555079844, 21.332468809511585], [-100.87455643096031, 21.33243371031855]], [[-100.87455643096031, 21.33243371031855], [-100.87451896913836, 21.33244225498429]], [[-100.87452808896846, 21.332477354179932], [-100.87451896913836, 21.33244225498429]], [[-100.87451896913836, 21.33244225498429], [-100.87448150731143, 21.332450799641986]], [[-100.87449062713347, 21.332485898840243], [-100.87448150731143, 21.332450799641986]], [[-100.87448150731143, 21.332450799641986], [-100.8744440454795, 21.332459344291625]], [[-100.87445316529349, 21.33249444349251], [-100.8744440454795, 21.332459344291625]], [[-100.8744440454795, 21.332459344291625], [-100.87440658364257, 21.332467888933227]], [[-100.87441570344849, 21.33250298813673], [-100.87440658364257, 21.332467888933227]], [[-100.87440658364257, 21.332467888933227], [-100.87436912180063, 21.332476433566786]], [[-100.8743782415985, 21.332511532772905], [-100.87436912180063, 21.332476433566786]], [[-100.87436912180063, 21.332476433566786], [-100.87433165995368, 21.33248497819229]], [[-100.87434077974352, 21.33252007740103], [-100.87433165995368, 21.33248497819229]], [[-100.87433165995368, 21.33248497819229], [-100.87429419810174, 21.332493522809756]], [[-100.87430331788353, 21.332528622021115], [-100.87429419810174, 21.332493522809756]], [[-100.87429419810174, 21.332493522809756], [-100.8742567362448, 21.332502067419178]], [[-100.87426585601854, 21.33253716663315], [-100.8742567362448, 21.332502067419178]], [[-100.8742567362448, 21.332502067419178], [-100.87421927438287, 21.332510612020553]], [[-100.87422839414855, 21.332545711237138], [-100.87421927438287, 21.332510612020553]], [[-100.87422839414855, 21.332545711237138], [-100.87419093227355, 21.332554255833085]], [[-100.87421927438287, 21.332510612020553], [-100.87418181251591, 21.332519156613888]], [[-100.87419093227355, 21.332554255833085], [-100.87418181251591, 21.332519156613888]], [[-100.87616728457294, 21.332066282081097], [-100.8761581643937, 21.33203118299965]], [[-100.8761581643937, 21.33203118299965], [-100.87612070279484, 21.332039728008716]], [[-100.87612982296604, 21.332074827092775], [-100.87612070279484, 21.332039728008716]], [[-100.87612070279484, 21.332039728008716], [-100.87608324119098, 21.332048273009732]], [[-100.87609236135414, 21.332083372096402], [-100.87608324119098, 21.332048273009732]], [[-100.87608324119098, 21.332048273009732], [-100.87604577958213, 21.3320568180027]], [[-100.87605489973723, 21.33209191709199], [-100.87604577958213, 21.3320568180027]], [[-100.87604577958213, 21.3320568180027], [-100.87600831796827, 21.332065362987624]], [[-100.87601743811533, 21.33210046207953], [-100.87600831796827, 21.332065362987624]], [[-100.87600831796827, 21.332065362987624], [-100.87597085634941, 21.332073907964503]], [[-100.87597997648841, 21.332109007059028], [-100.87597085634941, 21.332073907964503]], [[-100.87597085634941, 21.332073907964503], [-100.87593339472555, 21.33208245293334]], [[-100.8759425148565, 21.33211755203049], [-100.87593339472555, 21.33208245293334]], [[-100.87593339472555, 21.33208245293334], [-100.87589593309669, 21.33209099789413]], [[-100.8759050532196, 21.332126096993896], [-100.87589593309669, 21.33209099789413]], [[-100.87589593309669, 21.33209099789413], [-100.87585847146282, 21.332099542846876]], [[-100.87586759157769, 21.33213464194925], [-100.87585847146282, 21.332099542846876]], [[-100.87585847146282, 21.332099542846876], [-100.87582100982397, 21.332108087791575]], [[-100.87583012993078, 21.33214318689657], [-100.87582100982397, 21.332108087791575]], [[-100.87582100982397, 21.332108087791575], [-100.8757835481801, 21.332116632728233]], [[-100.87579266827886, 21.332151731835847], [-100.8757835481801, 21.332116632728233]], [[-100.8757835481801, 21.332116632728233], [-100.87574608653125, 21.332125177656838]], [[-100.87575520662196, 21.332160276767077], [-100.87574608653125, 21.332125177656838]], [[-100.87574608653125, 21.332125177656838], [-100.87570862487738, 21.33213372257741]], [[-100.87571774496003, 21.332168821690253], [-100.87570862487738, 21.33213372257741]], [[-100.87570862487738, 21.33213372257741], [-100.87567116321851, 21.332142267489925]], [[-100.87568028329312, 21.332177366605396], [-100.87567116321851, 21.332142267489925]], [[-100.87567116321851, 21.332142267489925], [-100.87563370155465, 21.332150812394403]], [[-100.87564282162121, 21.332185911512482], [-100.87563370155465, 21.332150812394403]], [[-100.87563370155465, 21.332150812394403], [-100.87559623988578, 21.33215935729083]], [[-100.87560535994429, 21.332194456411536], [-100.87559623988578, 21.33215935729083]], [[-100.87559623988578, 21.33215935729083], [-100.87555877821191, 21.332167902179215]], [[-100.87556789826237, 21.332203001302535], [-100.87555877821191, 21.332167902179215]], [[-100.87555877821191, 21.332167902179215], [-100.87552131653304, 21.33217644705956]], [[-100.87553043657546, 21.33221154618549], [-100.87552131653304, 21.33217644705956]], [[-100.87552131653304, 21.33217644705956], [-100.87548385484916, 21.33218499193185]], [[-100.87549297488354, 21.332220091060403], [-100.87548385484916, 21.33218499193185]], [[-100.87548385484916, 21.33218499193185], [-100.8754463931603, 21.332193536796105]], [[-100.87545551318662, 21.332228635927272], [-100.8754463931603, 21.332193536796105]], [[-100.8754463931603, 21.332193536796105], [-100.87540893146642, 21.33220208165231]], [[-100.87541805148469, 21.332237180786098], [-100.87540893146642, 21.33220208165231]], [[-100.87540893146642, 21.33220208165231], [-100.87537146976754, 21.33221062650047]], [[-100.87538058977778, 21.332245725636877], [-100.87537146976754, 21.33221062650047]], [[-100.87537146976754, 21.33221062650047], [-100.87533400806367, 21.332219171340586]], [[-100.87534312806585, 21.332254270479606], [-100.87533400806367, 21.332219171340586]], [[-100.87533400806367, 21.332219171340586], [-100.8752965463548, 21.33222771617265]], [[-100.87530566634892, 21.332262815314294], [-100.8752965463548, 21.33222771617265]], [[-100.8752965463548, 21.33222771617265], [-100.87525908464093, 21.332236260996677]], [[-100.875268204627, 21.33227136014094], [-100.87525908464093, 21.332236260996677]], [[-100.87525908464093, 21.332236260996677], [-100.87522162292204, 21.332244805812653]], [[-100.87523074290007, 21.332279904959538], [-100.87522162292204, 21.332244805812653]], [[-100.87522162292204, 21.332244805812653], [-100.87518416119818, 21.33225335062059]], [[-100.87519328116815, 21.332288449770083], [-100.87518416119818, 21.33225335062059]], [[-100.87518416119818, 21.33225335062059], [-100.87514669946931, 21.33226189542048]], [[-100.87515581943123, 21.332296994572587], [-100.87514669946931, 21.33226189542048]], [[-100.87514669946931, 21.33226189542048], [-100.87510923773542, 21.332270440212326]], [[-100.87511835768929, 21.332305539367052], [-100.87510923773542, 21.332270440212326]], [[-100.87510923773542, 21.332270440212326], [-100.87507177599655, 21.332278984996123]], [[-100.87508089594236, 21.33231408415347], [-100.87507177599655, 21.332278984996123]], [[-100.87507177599655, 21.332278984996123], [-100.87503431425266, 21.33228752977188]], [[-100.87504343419043, 21.332322628931845], [-100.87503431425266, 21.33228752977188]], [[-100.87503431425266, 21.33228752977188], [-100.87499685250378, 21.332296074539588]], [[-100.8750059724335, 21.332331173702165], [-100.87499685250378, 21.332296074539588]], [[-100.87499685250378, 21.332296074539588], [-100.8749593907499, 21.332304619299244]], [[-100.87496851067158, 21.33233971846445], [-100.8749593907499, 21.332304619299244]], [[-100.8749593907499, 21.332304619299244], [-100.87492192899101, 21.33231316405087]], [[-100.87493104890464, 21.33234826321868], [-100.87492192899101, 21.33231316405087]], [[-100.87492192899101, 21.33231316405087], [-100.87488446722715, 21.332321708794442]], [[-100.87489358713272, 21.332356807964874], [-100.87488446722715, 21.332321708794442]], [[-100.87488446722715, 21.332321708794442], [-100.87484700545825, 21.33233025352997]], [[-100.87485612535579, 21.332365352703015], [-100.87484700545825, 21.33233025352997]], [[-100.87484700545825, 21.33233025352997], [-100.87480954368438, 21.33233879825745]], [[-100.87481866357386, 21.332373897433115], [-100.87480954368438, 21.33233879825745]], [[-100.87480954368438, 21.33233879825745], [-100.87477208190549, 21.332347342976888]], [[-100.87478120178692, 21.332382442155172], [-100.87477208190549, 21.332347342976888]], [[-100.87477208190549, 21.332347342976888], [-100.8747346201216, 21.332355887688284]], [[-100.87474373999498, 21.332390986869186], [-100.8747346201216, 21.332355887688284]], [[-100.8747346201216, 21.332355887688284], [-100.87469715833271, 21.332364432391632]], [[-100.87470627819805, 21.332399531575145], [-100.87469715833271, 21.332364432391632]], [[-100.87469715833271, 21.332364432391632], [-100.87465969653884, 21.33237297708693]], [[-100.87466881639612, 21.332408076273065], [-100.87465969653884, 21.33237297708693]], [[-100.87465969653884, 21.33237297708693], [-100.87462223473995, 21.332381521774188]], [[-100.87463135458918, 21.332416620962942], [-100.87462223473995, 21.332381521774188]], [[-100.87462223473995, 21.332381521774188], [-100.87458477293606, 21.3323900664534]], [[-100.87459389277726, 21.33242516564476], [-100.87458477293606, 21.3323900664534]], [[-100.87458477293606, 21.3323900664534], [-100.87454731112717, 21.332398611124564]], [[-100.87455643096031, 21.33243371031855], [-100.87454731112717, 21.332398611124564]], [[-100.87454731112717, 21.332398611124564], [-100.87450984931328, 21.332407155787685]], [[-100.87451896913836, 21.33244225498429], [-100.87450984931328, 21.332407155787685]], [[-100.87450984931328, 21.332407155787685], [-100.87447238749441, 21.332415700442755]], [[-100.87448150731143, 21.332450799641986], [-100.87447238749441, 21.332415700442755]], [[-100.87447238749441, 21.332415700442755], [-100.87443492567051, 21.332424245089793]], [[-100.8744440454795, 21.332459344291625], [-100.87443492567051, 21.332424245089793]], [[-100.87443492567051, 21.332424245089793], [-100.87439746384162, 21.332432789728777]], [[-100.87440658364257, 21.332467888933227], [-100.87439746384162, 21.332432789728777]], [[-100.87439746384162, 21.332432789728777], [-100.87436000200773, 21.33244133435971]], [[-100.87436912180063, 21.332476433566786], [-100.87436000200773, 21.33244133435971]], [[-100.87436000200773, 21.33244133435971], [-100.87432254016885, 21.332449878982604]], [[-100.87433165995368, 21.33248497819229], [-100.87432254016885, 21.332449878982604]], [[-100.87432254016885, 21.332449878982604], [-100.87428507832496, 21.332458423597455]], [[-100.87429419810174, 21.332493522809756], [-100.87428507832496, 21.332458423597455]], [[-100.87428507832496, 21.332458423597455], [-100.87424761647605, 21.33246696820425]], [[-100.8742567362448, 21.332502067419178], [-100.87424761647605, 21.33246696820425]], [[-100.87424761647605, 21.33246696820425], [-100.87421015462218, 21.33247551280302]], [[-100.87421927438287, 21.332510612020553], [-100.87421015462218, 21.33247551280302]], [[-100.87421015462218, 21.33247551280302], [-100.87417269276328, 21.332484057393728]], [[-100.87418181251591, 21.332519156613888], [-100.87417269276328, 21.332484057393728]], [[-100.87619562598753, 21.332022637982547], [-100.8761581643937, 21.33203118299965]], [[-100.87619562598753, 21.332022637982547], [-100.87618650580525, 21.331987538902776]], [[-100.87618650580525, 21.331987538902776], [-100.87614904421945, 21.331996083917264]], [[-100.8761581643937, 21.33203118299965], [-100.87614904421945, 21.331996083917264]], [[-100.87614904421945, 21.331996083917264], [-100.87611158262864, 21.33200462892371]], [[-100.87612070279484, 21.332039728008716], [-100.87611158262864, 21.33200462892371]], [[-100.87611158262864, 21.33200462892371], [-100.87607412103283, 21.332013173922107]], [[-100.87608324119098, 21.332048273009732], [-100.87607412103283, 21.332013173922107]], [[-100.87607412103283, 21.332013173922107], [-100.87603665943202, 21.332021718912458]], [[-100.87604577958213, 21.3320568180027], [-100.87603665943202, 21.332021718912458]], [[-100.87603665943202, 21.332021718912458], [-100.87599919782622, 21.332030263894765]], [[-100.87600831796827, 21.332065362987624], [-100.87599919782622, 21.332030263894765]], [[-100.87599919782622, 21.332030263894765], [-100.8759617362154, 21.332038808869026]], [[-100.87597085634941, 21.332073907964503], [-100.8759617362154, 21.332038808869026]], [[-100.8759617362154, 21.332038808869026], [-100.8759242745996, 21.33204735383524]], [[-100.87593339472555, 21.33208245293334], [-100.8759242745996, 21.33204735383524]], [[-100.8759242745996, 21.33204735383524], [-100.87588681297879, 21.332055898793417]], [[-100.87589593309669, 21.33209099789413], [-100.87588681297879, 21.332055898793417]], [[-100.87588681297879, 21.332055898793417], [-100.87584935135297, 21.33206444374354]], [[-100.87585847146282, 21.332099542846876], [-100.87584935135297, 21.33206444374354]], [[-100.87584935135297, 21.33206444374354], [-100.87581188972216, 21.332072988685624]], [[-100.87582100982397, 21.332108087791575], [-100.87581188972216, 21.332072988685624]], [[-100.87581188972216, 21.332072988685624], [-100.87577442808634, 21.332081533619668]], [[-100.8757835481801, 21.332116632728233], [-100.87577442808634, 21.332081533619668]], [[-100.87577442808634, 21.332081533619668], [-100.87573696644553, 21.332090078545654]], [[-100.87574608653125, 21.332125177656838], [-100.87573696644553, 21.332090078545654]], [[-100.87573696644553, 21.332090078545654], [-100.87569950479971, 21.332098623463608]], [[-100.87570862487738, 21.33213372257741], [-100.87569950479971, 21.332098623463608]], [[-100.87569950479971, 21.332098623463608], [-100.8756620431489, 21.332107168373504]], [[-100.87567116321851, 21.332142267489925], [-100.8756620431489, 21.332107168373504]], [[-100.8756620431489, 21.332107168373504], [-100.87562458149307, 21.332115713275364]], [[-100.87563370155465, 21.332150812394403], [-100.87562458149307, 21.332115713275364]], [[-100.87562458149307, 21.332115713275364], [-100.87558711983226, 21.33212425816918]], [[-100.87559623988578, 21.33215935729083], [-100.87558711983226, 21.33212425816918]], [[-100.87558711983226, 21.33212425816918], [-100.87554965816645, 21.332132803054943]], [[-100.87555877821191, 21.332167902179215], [-100.87554965816645, 21.332132803054943]], [[-100.87554965816645, 21.332132803054943], [-100.87551219649562, 21.332141347932666]], [[-100.87552131653304, 21.33217644705956], [-100.87551219649562, 21.332141347932666]], [[-100.87551219649562, 21.332141347932666], [-100.87547473481979, 21.332149892802338]], [[-100.87548385484916, 21.33218499193185], [-100.87547473481979, 21.332149892802338]], [[-100.87547473481979, 21.332149892802338], [-100.87543727313899, 21.332158437663978]], [[-100.8754463931603, 21.332193536796105], [-100.87543727313899, 21.332158437663978]], [[-100.87543727313899, 21.332158437663978], [-100.87539981145316, 21.332166982517567]], [[-100.87540893146642, 21.33220208165231], [-100.87539981145316, 21.332166982517567]], [[-100.87539981145316, 21.332166982517567], [-100.87536234976233, 21.33217552736311]], [[-100.87537146976754, 21.33221062650047], [-100.87536234976233, 21.33217552736311]], [[-100.87536234976233, 21.33217552736311], [-100.8753248880665, 21.332184072200604]], [[-100.87533400806367, 21.332219171340586], [-100.8753248880665, 21.332184072200604]], [[-100.8753248880665, 21.332184072200604], [-100.87528742636569, 21.332192617030053]], [[-100.8752965463548, 21.33222771617265], [-100.87528742636569, 21.332192617030053]], [[-100.87528742636569, 21.332192617030053], [-100.87524996465986, 21.33220116185147]], [[-100.87525908464093, 21.332236260996677], [-100.87524996465986, 21.33220116185147]], [[-100.87524996465986, 21.33220116185147], [-100.87521250294904, 21.332209706664827]], [[-100.87522162292204, 21.332244805812653], [-100.87521250294904, 21.332209706664827]], [[-100.87521250294904, 21.332209706664827], [-100.87517504123319, 21.33221825147014]], [[-100.87518416119818, 21.33225335062059], [-100.87517504123319, 21.33221825147014]], [[-100.87517504123319, 21.33221825147014], [-100.87513757951237, 21.332226796267417]], [[-100.87514669946931, 21.33226189542048], [-100.87513757951237, 21.332226796267417]], [[-100.87513757951237, 21.332226796267417], [-100.87510011778654, 21.332235341056645]], [[-100.87510923773542, 21.332270440212326], [-100.87510011778654, 21.332235341056645]], [[-100.87510011778654, 21.332235341056645], [-100.87506265605572, 21.332243885837826]], [[-100.87507177599655, 21.332278984996123], [-100.87506265605572, 21.332243885837826]], [[-100.87506265605572, 21.332243885837826], [-100.87502519431989, 21.332252430610964]], [[-100.87503431425266, 21.33228752977188], [-100.87502519431989, 21.332252430610964]], [[-100.87502519431989, 21.332252430610964], [-100.87498773257906, 21.33226097537605]], [[-100.87499685250378, 21.332296074539588], [-100.87498773257906, 21.33226097537605]], [[-100.87498773257906, 21.33226097537605], [-100.87495027083322, 21.332269520133096]], [[-100.8749593907499, 21.332304619299244], [-100.87495027083322, 21.332269520133096]], [[-100.87495027083322, 21.332269520133096], [-100.87491280908239, 21.3322780648821]], [[-100.87492192899101, 21.33231316405087], [-100.87491280908239, 21.3322780648821]], [[-100.87491280908239, 21.3322780648821], [-100.87487534732655, 21.332286609623058]], [[-100.87488446722715, 21.332321708794442], [-100.87487534732655, 21.332286609623058]], [[-100.87487534732655, 21.332286609623058], [-100.87483788556573, 21.332295154355972]], [[-100.87484700545825, 21.33233025352997], [-100.87483788556573, 21.332295154355972]], [[-100.87483788556573, 21.332295154355972], [-100.87480042379988, 21.332303699080835]], [[-100.87480954368438, 21.33233879825745], [-100.87480042379988, 21.332303699080835]], [[-100.87480042379988, 21.332303699080835], [-100.87476296202907, 21.332312243797656]], [[-100.87477208190549, 21.332347342976888], [-100.87476296202907, 21.332312243797656]], [[-100.87476296202907, 21.332312243797656], [-100.87472550025323, 21.33232078850643]], [[-100.8747346201216, 21.332355887688284], [-100.87472550025323, 21.33232078850643]], [[-100.87472550025323, 21.33232078850643], [-100.8746880384724, 21.332329333207156]], [[-100.87469715833271, 21.332364432391632], [-100.8746880384724, 21.332329333207156]], [[-100.8746880384724, 21.332329333207156], [-100.87465057668655, 21.332337877899842]], [[-100.87465969653884, 21.33237297708693], [-100.87465057668655, 21.332337877899842]], [[-100.87465057668655, 21.332337877899842], [-100.87461311489571, 21.332346422584486]], [[-100.87462223473995, 21.332381521774188], [-100.87461311489571, 21.332346422584486]], [[-100.87461311489571, 21.332346422584486], [-100.87457565309988, 21.33235496726107]], [[-100.87458477293606, 21.3323900664534], [-100.87457565309988, 21.33235496726107]], [[-100.87457565309988, 21.33235496726107], [-100.87453819129904, 21.33236351192963]], [[-100.87454731112717, 21.332398611124564], [-100.87453819129904, 21.33236351192963]], [[-100.87453819129904, 21.33236351192963], [-100.87450072949319, 21.332372056590128]], [[-100.87450984931328, 21.332407155787685], [-100.87450072949319, 21.332372056590128]], [[-100.87450072949319, 21.332372056590128], [-100.87446326768236, 21.332380601242587]], [[-100.87447238749441, 21.332415700442755], [-100.87446326768236, 21.332380601242587]], [[-100.87446326768236, 21.332380601242587], [-100.87442580586654, 21.332389145887]], [[-100.87443492567051, 21.332424245089793], [-100.87442580586654, 21.332389145887]], [[-100.87442580586654, 21.332389145887], [-100.87438834404568, 21.332397690523372]], [[-100.87439746384162, 21.332432789728777], [-100.87438834404568, 21.332397690523372]], [[-100.87438834404568, 21.332397690523372], [-100.87435088221984, 21.332406235151687]], [[-100.87436000200773, 21.33244133435971], [-100.87435088221984, 21.332406235151687]], [[-100.87435088221984, 21.332406235151687], [-100.874313420389, 21.332414779771963]], [[-100.87432254016885, 21.332449878982604], [-100.874313420389, 21.332414779771963]], [[-100.874313420389, 21.332414779771963], [-100.87427595855317, 21.332423324384195]], [[-100.87428507832496, 21.332458423597455], [-100.87427595855317, 21.332423324384195]], [[-100.87427595855317, 21.332423324384195], [-100.87423849671232, 21.332431868988383]], [[-100.87424761647605, 21.33246696820425], [-100.87423849671232, 21.332431868988383]], [[-100.87423849671232, 21.332431868988383], [-100.87420103486647, 21.332440413584525]], [[-100.87421015462218, 21.33247551280302], [-100.87420103486647, 21.332440413584525]], [[-100.87420103486647, 21.332440413584525], [-100.87416357301565, 21.332448958172616]], [[-100.87417269276328, 21.332484057393728], [-100.87416357301565, 21.332448958172616]], [[-100.87417269276328, 21.332484057393728], [-100.87413523089938, 21.332492601976394]], [[-100.87416357301565, 21.332448958172616], [-100.8741261111598, 21.332457502752668]], [[-100.87413523089938, 21.332492601976394], [-100.8741261111598, 21.332457502752668]], [[-100.87618650580525, 21.331987538902776], [-100.87617738562794, 21.33195243982205]], [[-100.87617738562794, 21.33195243982205], [-100.8761399240502, 21.331960984833923]], [[-100.87614904421945, 21.331996083917264], [-100.8761399240502, 21.331960984833923]], [[-100.8761399240502, 21.331960984833923], [-100.87610246246744, 21.33196952983775]], [[-100.87611158262864, 21.33200462892371], [-100.87610246246744, 21.33196952983775]], [[-100.87610246246744, 21.33196952983775], [-100.87606500087968, 21.331978074833525]], [[-100.87607412103283, 21.332013173922107], [-100.87606500087968, 21.331978074833525]], [[-100.87606500087968, 21.331978074833525], [-100.87602753928691, 21.331986619821254]], [[-100.87603665943202, 21.332021718912458], [-100.87602753928691, 21.331986619821254]], [[-100.87602753928691, 21.331986619821254], [-100.87599007768917, 21.33199516480095]], [[-100.87599919782622, 21.332030263894765], [-100.87599007768917, 21.33199516480095]], [[-100.87599007768917, 21.33199516480095], [-100.87595261608641, 21.332003709772593]], [[-100.8759617362154, 21.332038808869026], [-100.87595261608641, 21.332003709772593]], [[-100.87595261608641, 21.332003709772593], [-100.87591515447863, 21.332012254736195]], [[-100.8759242745996, 21.33204735383524], [-100.87591515447863, 21.332012254736195]], [[-100.87591515447863, 21.332012254736195], [-100.87587769286588, 21.332020799691747]], [[-100.87588681297879, 21.332055898793417], [-100.87587769286588, 21.332020799691747]], [[-100.87587769286588, 21.332020799691747], [-100.87584023124812, 21.332029344639253]], [[-100.87584935135297, 21.33206444374354], [-100.87584023124812, 21.332029344639253]], [[-100.87584023124812, 21.332029344639253], [-100.87580276962535, 21.332037889578732]], [[-100.87581188972216, 21.332072988685624], [-100.87580276962535, 21.332037889578732]], [[-100.87580276962535, 21.332037889578732], [-100.87576530799758, 21.332046434510147]], [[-100.87577442808634, 21.332081533619668], [-100.87576530799758, 21.332046434510147]], [[-100.87576530799758, 21.332046434510147], [-100.87572784636482, 21.332054979433522]], [[-100.87573696644553, 21.332090078545654], [-100.87572784636482, 21.332054979433522]], [[-100.87572784636482, 21.332054979433522], [-100.87569038472705, 21.33206352434885]], [[-100.87569950479971, 21.332098623463608], [-100.87569038472705, 21.33206352434885]], [[-100.87569038472705, 21.33206352434885], [-100.87565292308429, 21.33207206925613]], [[-100.8756620431489, 21.332107168373504], [-100.87565292308429, 21.33207206925613]], [[-100.87565292308429, 21.33207206925613], [-100.87561546143651, 21.332080614155373]], [[-100.87562458149307, 21.332115713275364], [-100.87561546143651, 21.332080614155373]], [[-100.87561546143651, 21.332080614155373], [-100.87557799978374, 21.332089159046568]], [[-100.87558711983226, 21.33212425816918], [-100.87557799978374, 21.332089159046568]], [[-100.87557799978374, 21.332089159046568], [-100.87554053812597, 21.33209770392972]], [[-100.87554965816645, 21.332132803054943], [-100.87554053812597, 21.33209770392972]], [[-100.87554053812597, 21.33209770392972], [-100.8755030764632, 21.332106248804823]], [[-100.87551219649562, 21.332141347932666], [-100.8755030764632, 21.332106248804823]], [[-100.8755030764632, 21.332106248804823], [-100.87546561479543, 21.332114793671888]], [[-100.87547473481979, 21.332149892802338], [-100.87546561479543, 21.332114793671888]], [[-100.87546561479543, 21.332114793671888], [-100.87542815312267, 21.332123338530902]], [[-100.87543727313899, 21.332158437663978], [-100.87542815312267, 21.332123338530902]], [[-100.87542815312267, 21.332123338530902], [-100.87539069144489, 21.332131883381873]], [[-100.87539981145316, 21.332166982517567], [-100.87539069144489, 21.332131883381873]], [[-100.87539069144489, 21.332131883381873], [-100.87535322976211, 21.332140428224797]], [[-100.87536234976233, 21.33217552736311], [-100.87535322976211, 21.332140428224797]], [[-100.87535322976211, 21.332140428224797], [-100.87531576807433, 21.332148973059674]], [[-100.8753248880665, 21.332184072200604], [-100.87531576807433, 21.332148973059674]], [[-100.87531576807433, 21.332148973059674], [-100.87527830638156, 21.33215751788651]], [[-100.87528742636569, 21.332192617030053], [-100.87527830638156, 21.33215751788651]], [[-100.87527830638156, 21.33215751788651], [-100.87524084468379, 21.3321660627053]], [[-100.87524996465986, 21.33220116185147], [-100.87524084468379, 21.3321660627053]], [[-100.87524084468379, 21.3321660627053], [-100.87520338298101, 21.332174607516045]], [[-100.87521250294904, 21.332209706664827], [-100.87520338298101, 21.332174607516045]], [[-100.87520338298101, 21.332174607516045], [-100.87516592127322, 21.33218315231875]], [[-100.87517504123319, 21.33221825147014], [-100.87516592127322, 21.33218315231875]], [[-100.87516592127322, 21.33218315231875], [-100.87512845956046, 21.332191697113398]], [[-100.87513757951237, 21.332226796267417], [-100.87512845956046, 21.332191697113398]], [[-100.87512845956046, 21.332191697113398], [-100.87509099784266, 21.332200241900008]], [[-100.87510011778654, 21.332235341056645], [-100.87509099784266, 21.332200241900008]], [[-100.87509099784266, 21.332200241900008], [-100.87505353611988, 21.332208786678578]], [[-100.87506265605572, 21.332243885837826], [-100.87505353611988, 21.332208786678578]], [[-100.87505353611988, 21.332208786678578], [-100.87501607439212, 21.332217331449094]], [[-100.87502519431989, 21.332252430610964], [-100.87501607439212, 21.332217331449094]], [[-100.87501607439212, 21.332217331449094], [-100.87497861265933, 21.33222587621157]], [[-100.87498773257906, 21.33226097537605], [-100.87497861265933, 21.33222587621157]], [[-100.87497861265933, 21.33222587621157], [-100.87494115092154, 21.332234420965996]], [[-100.87495027083322, 21.332269520133096], [-100.87494115092154, 21.332234420965996]], [[-100.87494115092154, 21.332234420965996], [-100.87490368917877, 21.332242965712382]], [[-100.87491280908239, 21.3322780648821], [-100.87490368917877, 21.332242965712382]], [[-100.87490368917877, 21.332242965712382], [-100.87486622743099, 21.332251510450725]], [[-100.87487534732655, 21.332286609623058], [-100.87486622743099, 21.332251510450725]], [[-100.87486622743099, 21.332251510450725], [-100.8748287656782, 21.332260055181013]], [[-100.87483788556573, 21.332295154355972], [-100.8748287656782, 21.332260055181013]], [[-100.8748287656782, 21.332260055181013], [-100.87479130392042, 21.332268599903262]], [[-100.87480042379988, 21.332303699080835], [-100.87479130392042, 21.332268599903262]], [[-100.87479130392042, 21.332268599903262], [-100.87475384215763, 21.332277144617468]], [[-100.87476296202907, 21.332312243797656], [-100.87475384215763, 21.332277144617468]], [[-100.87475384215763, 21.332277144617468], [-100.87471638038984, 21.332285689323626]], [[-100.87472550025323, 21.33232078850643], [-100.87471638038984, 21.332285689323626]], [[-100.87471638038984, 21.332285689323626], [-100.87467891861706, 21.332294234021738]], [[-100.8746880384724, 21.332329333207156], [-100.87467891861706, 21.332294234021738]], [[-100.87467891861706, 21.332294234021738], [-100.87464145683927, 21.3323027787118]], [[-100.87465057668655, 21.332337877899842], [-100.87464145683927, 21.3323027787118]], [[-100.87464145683927, 21.3323027787118], [-100.87460399505649, 21.332311323393817]], [[-100.87461311489571, 21.332346422584486], [-100.87460399505649, 21.332311323393817]], [[-100.87460399505649, 21.332311323393817], [-100.87456653326869, 21.332319868067806]], [[-100.87457565309988, 21.33235496726107], [-100.87456653326869, 21.332319868067806]], [[-100.87456653326869, 21.332319868067806], [-100.8745290714759, 21.33232841273374]], [[-100.87453819129904, 21.33236351192963], [-100.8745290714759, 21.33232841273374]], [[-100.8745290714759, 21.33232841273374], [-100.87449160967812, 21.33233695739162]], [[-100.87450072949319, 21.332372056590128], [-100.87449160967812, 21.33233695739162]], [[-100.87449160967812, 21.33233695739162], [-100.87445414787534, 21.33234550204146]], [[-100.87446326768236, 21.332380601242587], [-100.87445414787534, 21.33234550204146]], [[-100.87445414787534, 21.33234550204146], [-100.87441668606755, 21.33235404668326]], [[-100.87442580586654, 21.332389145887], [-100.87441668606755, 21.33235404668326]], [[-100.87441668606755, 21.33235404668326], [-100.87437922425475, 21.332362591317004]], [[-100.87438834404568, 21.332397690523372], [-100.87437922425475, 21.332362591317004]], [[-100.87437922425475, 21.332362591317004], [-100.87434176243696, 21.33237113594271]], [[-100.87435088221984, 21.332406235151687], [-100.87434176243696, 21.33237113594271]], [[-100.87434176243696, 21.33237113594271], [-100.87430430061418, 21.332379680560376]], [[-100.874313420389, 21.332414779771963], [-100.87430430061418, 21.332379680560376]], [[-100.87430430061418, 21.332379680560376], [-100.87426683878638, 21.332388225169982]], [[-100.87427595855317, 21.332423324384195], [-100.87426683878638, 21.332388225169982]], [[-100.87426683878638, 21.332388225169982], [-100.8742293769536, 21.332396769771556]], [[-100.87423849671232, 21.332431868988383], [-100.8742293769536, 21.332396769771556]], [[-100.8742293769536, 21.332396769771556], [-100.8741919151158, 21.33240531436508]], [[-100.87420103486647, 21.332440413584525], [-100.8741919151158, 21.33240531436508]], [[-100.8741919151158, 21.33240531436508], [-100.87415445327301, 21.332413858950556]], [[-100.87416357301565, 21.332448958172616], [-100.87415445327301, 21.332413858950556]], [[-100.87415445327301, 21.332413858950556], [-100.87411699142521, 21.332422403527985]], [[-100.8741261111598, 21.332457502752668], [-100.87411699142521, 21.332422403527985]], [[-100.8741261111598, 21.332457502752668], [-100.87408864929895, 21.332466047324672]], [[-100.87411699142521, 21.332422403527985], [-100.87407952957243, 21.33243094809737]], [[-100.87408864929895, 21.332466047324672], [-100.87407952957243, 21.33243094809737]], [[-100.8762148472007, 21.331943894802137], [-100.87617738562794, 21.33195243982205]], [[-100.8762148472007, 21.331943894802137], [-100.87620572702035, 21.33190879572307]], [[-100.87620572702035, 21.33190879572307], [-100.87616826545565, 21.331917340740375]], [[-100.87617738562794, 21.33195243982205], [-100.87616826545565, 21.331917340740375]], [[-100.87616826545565, 21.331917340740375], [-100.87613080388593, 21.331925885749623]], [[-100.8761399240502, 21.331960984833923], [-100.87613080388593, 21.331925885749623]], [[-100.87613080388593, 21.331925885749623], [-100.87609334231124, 21.33193443075083]], [[-100.87610246246744, 21.33196952983775], [-100.87609334231124, 21.33193443075083]], [[-100.87609334231124, 21.33193443075083], [-100.87605588073153, 21.331942975743996]], [[-100.87606500087968, 21.331978074833525], [-100.87605588073153, 21.331942975743996]], [[-100.87605588073153, 21.331942975743996], [-100.87601841914682, 21.331951520729106]], [[-100.87602753928691, 21.331986619821254], [-100.87601841914682, 21.331951520729106]], [[-100.87601841914682, 21.331951520729106], [-100.8759809575571, 21.331960065706184]], [[-100.87599007768917, 21.33199516480095], [-100.8759809575571, 21.331960065706184]], [[-100.8759809575571, 21.331960065706184], [-100.87594349596239, 21.331968610675208]], [[-100.87595261608641, 21.332003709772593], [-100.87594349596239, 21.331968610675208]], [[-100.87594349596239, 21.331968610675208], [-100.87590603436269, 21.33197715563619]], [[-100.87591515447863, 21.332012254736195], [-100.87590603436269, 21.33197715563619]], [[-100.87590603436269, 21.33197715563619], [-100.87586857275797, 21.331985700589126]], [[-100.87587769286588, 21.332020799691747], [-100.87586857275797, 21.331985700589126]], [[-100.87586857275797, 21.331985700589126], [-100.87583111114824, 21.33199424553402]], [[-100.87584023124812, 21.332029344639253], [-100.87583111114824, 21.33199424553402]], [[-100.87583111114824, 21.33199424553402], [-100.87579364953355, 21.332002790470867]], [[-100.87580276962535, 21.332037889578732], [-100.87579364953355, 21.332002790470867]], [[-100.87579364953355, 21.332002790470867], [-100.87575618791382, 21.332011335399667]], [[-100.87576530799758, 21.332046434510147], [-100.87575618791382, 21.332011335399667]], [[-100.87575618791382, 21.332011335399667], [-100.87571872628911, 21.332019880320424]], [[-100.87572784636482, 21.332054979433522], [-100.87571872628911, 21.332019880320424]], [[-100.87571872628911, 21.332019880320424], [-100.87568126465939, 21.332028425233137]], [[-100.87569038472705, 21.33206352434885], [-100.87568126465939, 21.332028425233137]], [[-100.87568126465939, 21.332028425233137], [-100.87564380302467, 21.332036970137807]], [[-100.87565292308429, 21.33207206925613], [-100.87564380302467, 21.332036970137807]], [[-100.87564380302467, 21.332036970137807], [-100.87560634138495, 21.33204551503443]], [[-100.87561546143651, 21.332080614155373], [-100.87560634138495, 21.33204551503443]], [[-100.87560634138495, 21.33204551503443], [-100.87556887974023, 21.332054059923003]], [[-100.87557799978374, 21.332089159046568], [-100.87556887974023, 21.332054059923003]], [[-100.87556887974023, 21.332054059923003], [-100.87553141809052, 21.33206260480354]], [[-100.87554053812597, 21.33209770392972], [-100.87553141809052, 21.33206260480354]], [[-100.87553141809052, 21.33206260480354], [-100.87549395643579, 21.332071149676025]], [[-100.8755030764632, 21.332106248804823], [-100.87549395643579, 21.332071149676025]], [[-100.87549395643579, 21.332071149676025], [-100.87545649477606, 21.332079694540475]], [[-100.87546561479543, 21.332114793671888], [-100.87545649477606, 21.332079694540475]], [[-100.87545649477606, 21.332079694540475], [-100.87541903311134, 21.33208823939687]], [[-100.87542815312267, 21.332123338530902], [-100.87541903311134, 21.33208823939687]], [[-100.87541903311134, 21.33208823939687], [-100.87538157144162, 21.33209678424522]], [[-100.87539069144489, 21.332131883381873], [-100.87538157144162, 21.33209678424522]], [[-100.87538157144162, 21.33209678424522], [-100.87534410976689, 21.33210532908553]], [[-100.87535322976211, 21.332140428224797], [-100.87534410976689, 21.33210532908553]], [[-100.87534410976689, 21.33210532908553], [-100.87530664808718, 21.33211387391779]], [[-100.87531576807433, 21.332148973059674], [-100.87530664808718, 21.33211387391779]], [[-100.87530664808718, 21.33211387391779], [-100.87526918640245, 21.332122418742003]], [[-100.87527830638156, 21.33215751788651], [-100.87526918640245, 21.332122418742003]], [[-100.87526918640245, 21.332122418742003], [-100.8752317247127, 21.33213096355819]], [[-100.87524084468379, 21.3321660627053], [-100.8752317247127, 21.33213096355819]], [[-100.8752317247127, 21.33213096355819], [-100.87519426301797, 21.33213950836631]], [[-100.87520338298101, 21.332174607516045], [-100.87519426301797, 21.33213950836631]], [[-100.87519426301797, 21.33213950836631], [-100.87515680131827, 21.332148053166396]], [[-100.87516592127322, 21.33218315231875], [-100.87515680131827, 21.332148053166396]], [[-100.87515680131827, 21.332148053166396], [-100.87511933961353, 21.332156597958434]], [[-100.87512845956046, 21.332191697113398], [-100.87511933961353, 21.332156597958434]], [[-100.87511933961353, 21.332156597958434], [-100.8750818779038, 21.332165142742422]], [[-100.87509099784266, 21.332200241900008], [-100.8750818779038, 21.332165142742422]], [[-100.8750818779038, 21.332165142742422], [-100.87504441618907, 21.332173687518367]], [[-100.87505353611988, 21.332208786678578], [-100.87504441618907, 21.332173687518367]], [[-100.87504441618907, 21.332173687518367], [-100.87500695446933, 21.332182232286268]], [[-100.87501607439212, 21.332217331449094], [-100.87500695446933, 21.332182232286268]], [[-100.87500695446933, 21.332182232286268], [-100.8749694927446, 21.332190777046126]], [[-100.87497861265933, 21.33222587621157], [-100.8749694927446, 21.332190777046126]], [[-100.8749694927446, 21.332190777046126], [-100.87493203101486, 21.332199321797944]], [[-100.87494115092154, 21.332234420965996], [-100.87493203101486, 21.332199321797944]], [[-100.87493203101486, 21.332199321797944], [-100.87489456928014, 21.33220786654171]], [[-100.87490368917877, 21.332242965712382], [-100.87489456928014, 21.33220786654171]], [[-100.87489456928014, 21.33220786654171], [-100.87485710754041, 21.332216411277432]], [[-100.87486622743099, 21.332251510450725], [-100.87485710754041, 21.332216411277432]], [[-100.87485710754041, 21.332216411277432], [-100.87481964579567, 21.332224956005106]], [[-100.8748287656782, 21.332260055181013], [-100.87481964579567, 21.332224956005106]], [[-100.87481964579567, 21.332224956005106], [-100.87478218404594, 21.332233500724737]], [[-100.87479130392042, 21.332268599903262], [-100.87478218404594, 21.332233500724737]], [[-100.87478218404594, 21.332233500724737], [-100.8747447222912, 21.332242045436328]], [[-100.87475384215763, 21.332277144617468], [-100.8747447222912, 21.332242045436328]], [[-100.8747447222912, 21.332242045436328], [-100.87470726053147, 21.332250590139864]], [[-100.87471638038984, 21.332285689323626], [-100.87470726053147, 21.332250590139864]], [[-100.87470726053147, 21.332250590139864], [-100.87466979876673, 21.332259134835354]], [[-100.87467891861706, 21.332294234021738], [-100.87466979876673, 21.332259134835354]], [[-100.87466979876673, 21.332259134835354], [-100.87463233699698, 21.332267679522804]], [[-100.87464145683927, 21.3323027787118], [-100.87463233699698, 21.332267679522804]], [[-100.87463233699698, 21.332267679522804], [-100.87459487522224, 21.332276224202218]], [[-100.87460399505649, 21.332311323393817], [-100.87459487522224, 21.332276224202218]], [[-100.87459487522224, 21.332276224202218], [-100.87455741344252, 21.332284768873578]], [[-100.87456653326869, 21.332319868067806], [-100.87455741344252, 21.332284768873578]], [[-100.87455741344252, 21.332284768873578], [-100.87451995165777, 21.332293313536887]], [[-100.8745290714759, 21.33232841273374], [-100.87451995165777, 21.332293313536887]], [[-100.87451995165777, 21.332293313536887], [-100.87448248986804, 21.33230185819216]], [[-100.87449160967812, 21.33233695739162], [-100.87448248986804, 21.33230185819216]], [[-100.87448248986804, 21.33230185819216], [-100.8744450280733, 21.332310402839383]], [[-100.87445414787534, 21.33234550204146], [-100.8744450280733, 21.332310402839383]], [[-100.8744450280733, 21.332310402839383], [-100.87440756627356, 21.332318947478562]], [[-100.87441668606755, 21.33235404668326], [-100.87440756627356, 21.332318947478562]], [[-100.87440756627356, 21.332318947478562], [-100.87437010446882, 21.332327492109695]], [[-100.87437922425475, 21.332362591317004], [-100.87437010446882, 21.332327492109695]], [[-100.87437010446882, 21.332327492109695], [-100.87433264265908, 21.332336036732784]], [[-100.87434176243696, 21.33237113594271], [-100.87433264265908, 21.332336036732784]], [[-100.87433264265908, 21.332336036732784], [-100.87429518084434, 21.332344581347822]], [[-100.87430430061418, 21.332379680560376], [-100.87429518084434, 21.332344581347822]], [[-100.87429518084434, 21.332344581347822], [-100.8742577190246, 21.33235312595482]], [[-100.87426683878638, 21.332388225169982], [-100.8742577190246, 21.33235312595482]], [[-100.8742577190246, 21.33235312595482], [-100.87422025719987, 21.332361670553773]], [[-100.8742293769536, 21.332396769771556], [-100.87422025719987, 21.332361670553773]], [[-100.87422025719987, 21.332361670553773], [-100.8741827953701, 21.332370215144678]], [[-100.8741919151158, 21.33240531436508], [-100.8741827953701, 21.332370215144678]], [[-100.8741827953701, 21.332370215144678], [-100.87414533353537, 21.33237875972754]], [[-100.87415445327301, 21.332413858950556], [-100.87414533353537, 21.33237875972754]], [[-100.87414533353537, 21.33237875972754], [-100.87410787169563, 21.332387304302355]], [[-100.87411699142521, 21.332422403527985], [-100.87410787169563, 21.332387304302355]], [[-100.87410787169563, 21.332387304302355], [-100.87407040985089, 21.332395848869126]], [[-100.87407952957243, 21.33243094809737], [-100.87407040985089, 21.332395848869126]], [[-100.87620572702035, 21.33190879572307], [-100.876196606845, 21.331873696643058]], [[-100.876196606845, 21.331873696643058], [-100.87615914528836, 21.33188224165775]], [[-100.87616826545565, 21.331917340740375], [-100.87615914528836, 21.33188224165775]], [[-100.87615914528836, 21.33188224165775], [-100.8761216837267, 21.331890786664374]], [[-100.87613080388593, 21.331925885749623], [-100.8761216837267, 21.331890786664374]], [[-100.8761216837267, 21.331890786664374], [-100.87608422216003, 21.33189933166296]], [[-100.87609334231124, 21.33193443075083], [-100.87608422216003, 21.33189933166296]], [[-100.87608422216003, 21.33189933166296], [-100.87604676058838, 21.331907876653503]], [[-100.87605588073153, 21.331942975743996], [-100.87604676058838, 21.331907876653503]], [[-100.87604676058838, 21.331907876653503], [-100.87600929901171, 21.331916421636006]], [[-100.87601841914682, 21.331951520729106], [-100.87600929901171, 21.331916421636006]], [[-100.87600929901171, 21.331916421636006], [-100.87597183743006, 21.331924966610455]], [[-100.8759809575571, 21.331960065706184], [-100.87597183743006, 21.331924966610455]], [[-100.87597183743006, 21.331924966610455], [-100.87593437584339, 21.331933511576864]], [[-100.87594349596239, 21.331968610675208], [-100.87593437584339, 21.331933511576864]], [[-100.87593437584339, 21.331933511576864], [-100.87589691425173, 21.33194205653523]], [[-100.87590603436269, 21.33197715563619], [-100.87589691425173, 21.33194205653523]], [[-100.87589691425173, 21.33194205653523], [-100.87585945265506, 21.331950601485556]], [[-100.87586857275797, 21.331985700589126], [-100.87585945265506, 21.331950601485556]], [[-100.87585945265506, 21.331950601485556], [-100.8758219910534, 21.33195914642783]], [[-100.87583111114824, 21.33199424553402], [-100.8758219910534, 21.33195914642783]], [[-100.8758219910534, 21.33195914642783], [-100.87578452944673, 21.331967691362056]], [[-100.87579364953355, 21.332002790470867], [-100.87578452944673, 21.331967691362056]], [[-100.87578452944673, 21.331967691362056], [-100.87574706783506, 21.331976236288245]], [[-100.87575618791382, 21.332011335399667], [-100.87574706783506, 21.331976236288245]], [[-100.87574706783506, 21.331976236288245], [-100.8757096062184, 21.331984781206383]], [[-100.87571872628911, 21.332019880320424], [-100.8757096062184, 21.331984781206383]], [[-100.8757096062184, 21.331984781206383], [-100.87567214459672, 21.33199332611647]], [[-100.87568126465939, 21.332028425233137], [-100.87567214459672, 21.33199332611647]], [[-100.87567214459672, 21.33199332611647], [-100.87563468297006, 21.33200187101853]], [[-100.87564380302467, 21.332036970137807], [-100.87563468297006, 21.33200187101853]], [[-100.87563468297006, 21.33200187101853], [-100.8755972213384, 21.33201041591253]], [[-100.87560634138495, 21.33204551503443], [-100.8755972213384, 21.33201041591253]], [[-100.8755972213384, 21.33201041591253], [-100.87555975970173, 21.332018960798496]], [[-100.87556887974023, 21.332054059923003], [-100.87555975970173, 21.332018960798496]], [[-100.87555975970173, 21.332018960798496], [-100.87552229806005, 21.332027505676404]], [[-100.87553141809052, 21.33206260480354], [-100.87552229806005, 21.332027505676404]], [[-100.87552229806005, 21.332027505676404], [-100.87548483641338, 21.33203605054628]], [[-100.87549395643579, 21.332071149676025], [-100.87548483641338, 21.33203605054628]], [[-100.87548483641338, 21.33203605054628], [-100.8754473747617, 21.332044595408103]], [[-100.87545649477606, 21.332079694540475], [-100.8754473747617, 21.332044595408103]], [[-100.8754473747617, 21.332044595408103], [-100.87540991310502, 21.332053140261888]], [[-100.87541903311134, 21.33208823939687], [-100.87540991310502, 21.332053140261888]], [[-100.87540991310502, 21.332053140261888], [-100.87537245144335, 21.33206168510762]], [[-100.87538157144162, 21.33209678424522], [-100.87537245144335, 21.33206168510762]], [[-100.87537245144335, 21.33206168510762], [-100.87533498977668, 21.33207022994531]], [[-100.87534410976689, 21.33210532908553], [-100.87533498977668, 21.33207022994531]], [[-100.87533498977668, 21.33207022994531], [-100.875297528105, 21.332078774774956]], [[-100.87530664808718, 21.33211387391779], [-100.875297528105, 21.332078774774956]], [[-100.875297528105, 21.332078774774956], [-100.87526006642832, 21.33208731959656]], [[-100.87526918640245, 21.332122418742003], [-100.87526006642832, 21.33208731959656]], [[-100.87526006642832, 21.33208731959656], [-100.87522260474664, 21.332095864410114]], [[-100.8752317247127, 21.33213096355819], [-100.87522260474664, 21.332095864410114]], [[-100.87522260474664, 21.332095864410114], [-100.87518514305997, 21.33210440921562]], [[-100.87519426301797, 21.33213950836631], [-100.87518514305997, 21.33210440921562]], [[-100.87518514305997, 21.33210440921562], [-100.87514768136829, 21.332112954013084]], [[-100.87515680131827, 21.332148053166396], [-100.87514768136829, 21.332112954013084]], [[-100.87514768136829, 21.332112954013084], [-100.87511021967161, 21.332121498802508]], [[-100.87511933961353, 21.332156597958434], [-100.87511021967161, 21.332121498802508]], [[-100.87511021967161, 21.332121498802508], [-100.87507275796992, 21.332130043583884]], [[-100.8750818779038, 21.332165142742422], [-100.87507275796992, 21.332130043583884]], [[-100.87507275796992, 21.332130043583884], [-100.87503529626325, 21.33213858835721]], [[-100.87504441618907, 21.332173687518367], [-100.87503529626325, 21.33213858835721]], [[-100.87503529626325, 21.33213858835721], [-100.87499783455155, 21.332147133122493]], [[-100.87500695446933, 21.332182232286268], [-100.87499783455155, 21.332147133122493]], [[-100.87499783455155, 21.332147133122493], [-100.87496037283488, 21.332155677879737]], [[-100.8749694927446, 21.332190777046126], [-100.87496037283488, 21.332155677879737]], [[-100.87496037283488, 21.332155677879737], [-100.87492291111319, 21.332164222628936]], [[-100.87493203101486, 21.332199321797944], [-100.87492291111319, 21.332164222628936]], [[-100.87492291111319, 21.332164222628936], [-100.87488544938651, 21.332172767370086]], [[-100.87489456928014, 21.33220786654171], [-100.87488544938651, 21.332172767370086]], [[-100.87488544938651, 21.332172767370086], [-100.87484798765482, 21.332181312103188]], [[-100.87485710754041, 21.332216411277432], [-100.87484798765482, 21.332181312103188]], [[-100.87484798765482, 21.332181312103188], [-100.87481052591815, 21.332189856828244]], [[-100.87481964579567, 21.332224956005106], [-100.87481052591815, 21.332189856828244]], [[-100.87481052591815, 21.332189856828244], [-100.87477306417647, 21.33219840154526]], [[-100.87478218404594, 21.332233500724737], [-100.87477306417647, 21.33219840154526]], [[-100.87477306417647, 21.33219840154526], [-100.87473560242977, 21.33220694625423]], [[-100.8747447222912, 21.332242045436328], [-100.87473560242977, 21.33220694625423]], [[-100.87473560242977, 21.33220694625423], [-100.87469814067808, 21.332215490955146]], [[-100.87470726053147, 21.332250590139864], [-100.87469814067808, 21.332215490955146]], [[-100.87469814067808, 21.332215490955146], [-100.8746606789214, 21.33222403564803]], [[-100.87466979876673, 21.332259134835354], [-100.8746606789214, 21.33222403564803]], [[-100.8746606789214, 21.33222403564803], [-100.87462321715971, 21.332232580332864]], [[-100.87463233699698, 21.332267679522804], [-100.87462321715971, 21.332232580332864]], [[-100.87462321715971, 21.332232580332864], [-100.87458575539301, 21.33224112500965]], [[-100.87459487522224, 21.332276224202218], [-100.87458575539301, 21.33224112500965]], [[-100.87458575539301, 21.33224112500965], [-100.87454829362133, 21.332249669678397]], [[-100.87455741344252, 21.332284768873578], [-100.87454829362133, 21.332249669678397]], [[-100.87454829362133, 21.332249669678397], [-100.87451083184465, 21.33225821433909]], [[-100.87451995165777, 21.332293313536887], [-100.87451083184465, 21.33225821433909]], [[-100.87451083184465, 21.33225821433909], [-100.87447337006296, 21.33226675899174]], [[-100.87448248986804, 21.33230185819216], [-100.87447337006296, 21.33226675899174]], [[-100.87447337006296, 21.33226675899174], [-100.87443590827627, 21.33227530363635]], [[-100.8744450280733, 21.332310402839383], [-100.87443590827627, 21.33227530363635]], [[-100.87443590827627, 21.33227530363635], [-100.87439844648458, 21.332283848272912]], [[-100.87440756627356, 21.332318947478562], [-100.87439844648458, 21.332283848272912]], [[-100.87439844648458, 21.332283848272912], [-100.87436098468788, 21.33229239290143]], [[-100.87437010446882, 21.332327492109695], [-100.87436098468788, 21.33229239290143]], [[-100.87436098468788, 21.33229239290143], [-100.8743235228862, 21.3323009375219]], [[-100.87433264265908, 21.332336036732784], [-100.8743235228862, 21.3323009375219]], [[-100.8743235228862, 21.3323009375219], [-100.8742860610795, 21.332309482134324]], [[-100.87429518084434, 21.332344581347822], [-100.8742860610795, 21.332309482134324]], [[-100.8742860610795, 21.332309482134324], [-100.87424859926782, 21.332318026738704]], [[-100.8742577190246, 21.33235312595482], [-100.87424859926782, 21.332318026738704]], [[-100.87424859926782, 21.332318026738704], [-100.87421113745111, 21.332326571335038]], [[-100.87422025719987, 21.332361670553773], [-100.87421113745111, 21.332326571335038]], [[-100.87421113745111, 21.332326571335038], [-100.87417367562942, 21.332335115923332]], [[-100.8741827953701, 21.332370215144678], [-100.87417367562942, 21.332335115923332]], [[-100.87417367562942, 21.332335115923332], [-100.87413621380273, 21.33234366050357]], [[-100.87414533353537, 21.33237875972754], [-100.87413621380273, 21.33234366050357]], [[-100.87413621380273, 21.33234366050357], [-100.87409875197105, 21.332352205075765]], [[-100.87410787169563, 21.332387304302355], [-100.87409875197105, 21.332352205075765]], [[-100.87409875197105, 21.332352205075765], [-100.87406129013435, 21.332360749639925]], [[-100.87407040985089, 21.332395848869126], [-100.87406129013435, 21.332360749639925]], [[-100.87407040985089, 21.332395848869126], [-100.87403294800114, 21.332404393427858]], [[-100.87406129013435, 21.332360749639925], [-100.87402382829266, 21.332369294196035]], [[-100.87403294800114, 21.332404393427858], [-100.87402382829266, 21.332369294196035]], [[-100.87623406839666, 21.331865151620335], [-100.876196606845, 21.331873696643058]], [[-100.87623406839666, 21.331865151620335], [-100.87622494821827, 21.33183005254199]], [[-100.87622494821827, 21.33183005254199], [-100.87618748667465, 21.331838597562093]], [[-100.876196606845, 21.331873696643058], [-100.87618748667465, 21.331838597562093]], [[-100.87618748667465, 21.331838597562093], [-100.87615002512605, 21.33184714257415]], [[-100.87615914528836, 21.33188224165775], [-100.87615002512605, 21.33184714257415]], [[-100.87615002512605, 21.33184714257415], [-100.87611256357243, 21.331855687578166]], [[-100.8761216837267, 21.331890786664374], [-100.87611256357243, 21.331855687578166]], [[-100.87611256357243, 21.331855687578166], [-100.87607510201383, 21.331864232574137]], [[-100.87608422216003, 21.33189933166296], [-100.87607510201383, 21.331864232574137]], [[-100.87607510201383, 21.331864232574137], [-100.87603764045022, 21.331872777562065]], [[-100.87604676058838, 21.331907876653503], [-100.87603764045022, 21.331872777562065]], [[-100.87603764045022, 21.331872777562065], [-100.87600017888161, 21.33188132254195]], [[-100.87600929901171, 21.331916421636006], [-100.87600017888161, 21.33188132254195]], [[-100.87600017888161, 21.33188132254195], [-100.875962717308, 21.331889867513787]], [[-100.87597183743006, 21.331924966610455], [-100.875962717308, 21.331889867513787]], [[-100.875962717308, 21.331889867513787], [-100.87592525572938, 21.331898412477578]], [[-100.87593437584339, 21.331933511576864], [-100.87592525572938, 21.331898412477578]], [[-100.87592525572938, 21.331898412477578], [-100.87588779414577, 21.331906957433322]], [[-100.87589691425173, 21.33194205653523], [-100.87588779414577, 21.331906957433322]], [[-100.87588779414577, 21.331906957433322], [-100.87585033255715, 21.331915502381023]], [[-100.87585945265506, 21.331950601485556], [-100.87585033255715, 21.331915502381023]], [[-100.87585033255715, 21.331915502381023], [-100.87581287096354, 21.331924047320687]], [[-100.8758219910534, 21.33195914642783], [-100.87581287096354, 21.331924047320687]], [[-100.87581287096354, 21.331924047320687], [-100.87577540936493, 21.331932592252297]], [[-100.87578452944673, 21.331967691362056], [-100.87577540936493, 21.331932592252297]], [[-100.87577540936493, 21.331932592252297], [-100.87573794776131, 21.331941137175864]], [[-100.87574706783506, 21.331976236288245], [-100.87573794776131, 21.331941137175864]], [[-100.87573794776131, 21.331941137175864], [-100.87570048615268, 21.331949682091384]], [[-100.8757096062184, 21.331984781206383], [-100.87570048615268, 21.331949682091384]], [[-100.87570048615268, 21.331949682091384], [-100.87566302453907, 21.33195822699886]], [[-100.87567214459672, 21.33199332611647], [-100.87566302453907, 21.33195822699886]], [[-100.87566302453907, 21.33195822699886], [-100.87562556292045, 21.33196677189829]], [[-100.87563468297006, 21.33200187101853], [-100.87562556292045, 21.33196677189829]], [[-100.87562556292045, 21.33196677189829], [-100.87558810129683, 21.331975316789684]], [[-100.8755972213384, 21.33201041591253], [-100.87558810129683, 21.331975316789684]], [[-100.87558810129683, 21.331975316789684], [-100.8755506396682, 21.33198386167303]], [[-100.87555975970173, 21.332018960798496], [-100.8755506396682, 21.33198386167303]], [[-100.8755506396682, 21.33198386167303], [-100.87551317803458, 21.331992406548324]], [[-100.87552229806005, 21.332027505676404], [-100.87551317803458, 21.331992406548324]], [[-100.87551317803458, 21.331992406548324], [-100.87547571639597, 21.332000951415576]], [[-100.87548483641338, 21.33203605054628], [-100.87547571639597, 21.332000951415576]], [[-100.87547571639597, 21.332000951415576], [-100.87543825475234, 21.332009496274786]], [[-100.8754473747617, 21.332044595408103], [-100.87543825475234, 21.332009496274786]], [[-100.87543825475234, 21.332009496274786], [-100.87540079310371, 21.33201804112595]], [[-100.87540991310502, 21.332053140261888], [-100.87540079310371, 21.33201804112595]], [[-100.87540079310371, 21.33201804112595], [-100.87536333145009, 21.332026585969064]], [[-100.87537245144335, 21.33206168510762], [-100.87536333145009, 21.332026585969064]], [[-100.87536333145009, 21.332026585969064], [-100.87532586979147, 21.332035130804137]], [[-100.87533498977668, 21.33207022994531], [-100.87532586979147, 21.332035130804137]], [[-100.87532586979147, 21.332035130804137], [-100.87528840812783, 21.33204367563117]], [[-100.875297528105, 21.332078774774956], [-100.87528840812783, 21.33204367563117]], [[-100.87528840812783, 21.33204367563117], [-100.8752509464592, 21.332052220450148]], [[-100.87526006642832, 21.33208731959656], [-100.8752509464592, 21.332052220450148]], [[-100.8752509464592, 21.332052220450148], [-100.87521348478558, 21.33206076526109]], [[-100.87522260474664, 21.332095864410114], [-100.87521348478558, 21.33206076526109]], [[-100.87521348478558, 21.33206076526109], [-100.87517602310695, 21.332069310063986]], [[-100.87518514305997, 21.33210440921562], [-100.87517602310695, 21.332069310063986]], [[-100.87517602310695, 21.332069310063986], [-100.87513856142331, 21.332077854858827]], [[-100.87514768136829, 21.332112954013084], [-100.87513856142331, 21.332077854858827]], [[-100.87513856142331, 21.332077854858827], [-100.87510109973468, 21.33208639964563]], [[-100.87511021967161, 21.332121498802508], [-100.87510109973468, 21.33208639964563]], [[-100.87510109973468, 21.33208639964563], [-100.87506363804106, 21.33209494442439]], [[-100.87507275796992, 21.332130043583884], [-100.87506363804106, 21.33209494442439]], [[-100.87506363804106, 21.33209494442439], [-100.87502617634242, 21.332103489195102]], [[-100.87503529626325, 21.33213858835721], [-100.87502617634242, 21.332103489195102]], [[-100.87502617634242, 21.332103489195102], [-100.87498871463877, 21.33211203395777]], [[-100.87499783455155, 21.332147133122493], [-100.87498871463877, 21.33211203395777]], [[-100.87498871463877, 21.33211203395777], [-100.87495125293016, 21.332120578712395]], [[-100.87496037283488, 21.332155677879737], [-100.87495125293016, 21.332120578712395]], [[-100.87495125293016, 21.332120578712395], [-100.87491379121653, 21.33212912345897]], [[-100.87492291111319, 21.332164222628936], [-100.87491379121653, 21.33212912345897]], [[-100.87491379121653, 21.33212912345897], [-100.87487632949788, 21.332137668197504]], [[-100.87488544938651, 21.332172767370086], [-100.87487632949788, 21.332137668197504]], [[-100.87487632949788, 21.332137668197504], [-100.87483886777424, 21.332146212927984]], [[-100.87484798765482, 21.332181312103188], [-100.87483886777424, 21.332146212927984]], [[-100.87483886777424, 21.332146212927984], [-100.87480140604562, 21.332154757650436]], [[-100.87481052591815, 21.332189856828244], [-100.87480140604562, 21.332154757650436]], [[-100.87480140604562, 21.332154757650436], [-100.87476394431198, 21.332163302364833]], [[-100.87477306417647, 21.33219840154526], [-100.87476394431198, 21.332163302364833]], [[-100.87476394431198, 21.332163302364833], [-100.87472648257335, 21.33217184707118]], [[-100.87473560242977, 21.33220694625423], [-100.87472648257335, 21.33217184707118]], [[-100.87472648257335, 21.33217184707118], [-100.8746890208297, 21.332180391769487]], [[-100.87469814067808, 21.332215490955146], [-100.8746890208297, 21.332180391769487]], [[-100.8746890208297, 21.332180391769487], [-100.87465155908106, 21.332188936459744]], [[-100.8746606789214, 21.33222403564803], [-100.87465155908106, 21.332188936459744]], [[-100.87465155908106, 21.332188936459744], [-100.87461409732742, 21.332197481141968]], [[-100.87462321715971, 21.332232580332864], [-100.87461409732742, 21.332197481141968]], [[-100.87461409732742, 21.332197481141968], [-100.87457663556879, 21.332206025816138]], [[-100.87458575539301, 21.33224112500965], [-100.87457663556879, 21.332206025816138]], [[-100.87457663556879, 21.332206025816138], [-100.87453917380515, 21.33221457048226]], [[-100.87454829362133, 21.332249669678397], [-100.87453917380515, 21.33221457048226]], [[-100.87453917380515, 21.33221457048226], [-100.8745017120365, 21.33222311514034]], [[-100.87451083184465, 21.33225821433909], [-100.8745017120365, 21.33222311514034]], [[-100.8745017120365, 21.33222311514034], [-100.87446425026287, 21.332231659790374]], [[-100.87447337006296, 21.33226675899174], [-100.87446425026287, 21.332231659790374]], [[-100.87446425026287, 21.332231659790374], [-100.87442678848423, 21.332240204432363]], [[-100.87443590827627, 21.33227530363635], [-100.87442678848423, 21.332240204432363]], [[-100.87442678848423, 21.332240204432363], [-100.8743893267006, 21.33224874906631]], [[-100.87439844648458, 21.332283848272912], [-100.8743893267006, 21.33224874906631]], [[-100.8743893267006, 21.33224874906631], [-100.87435186491194, 21.332257293692216]], [[-100.87436098468788, 21.33229239290143], [-100.87435186491194, 21.332257293692216]], [[-100.87435186491194, 21.332257293692216], [-100.8743144031183, 21.332265838310065]], [[-100.8743235228862, 21.3323009375219], [-100.8743144031183, 21.332265838310065]], [[-100.8743144031183, 21.332265838310065], [-100.87427694131966, 21.33227438291987]], [[-100.8742860610795, 21.332309482134324], [-100.87427694131966, 21.33227438291987]], [[-100.87427694131966, 21.33227438291987], [-100.87423947951602, 21.332282927521636]], [[-100.87424859926782, 21.332318026738704], [-100.87423947951602, 21.332282927521636]], [[-100.87423947951602, 21.332282927521636], [-100.87420201770738, 21.33229147211535]], [[-100.87421113745111, 21.332326571335038], [-100.87420201770738, 21.33229147211535]], [[-100.87420201770738, 21.33229147211535], [-100.87416455589374, 21.332300016701023]], [[-100.87417367562942, 21.332335115923332], [-100.87416455589374, 21.332300016701023]], [[-100.87416455589374, 21.332300016701023], [-100.8741270940751, 21.332308561278644]], [[-100.87413621380273, 21.33234366050357], [-100.8741270940751, 21.332308561278644]], [[-100.8741270940751, 21.332308561278644], [-100.87408963225145, 21.332317105848233]], [[-100.87409875197105, 21.332352205075765], [-100.87408963225145, 21.332317105848233]], [[-100.87408963225145, 21.332317105848233], [-100.87405217042281, 21.33232565040977]], [[-100.87406129013435, 21.332360749639925], [-100.87405217042281, 21.33232565040977]], [[-100.87405217042281, 21.33232565040977], [-100.87401470858917, 21.33233419496326]], [[-100.87402382829266, 21.332369294196035], [-100.87401470858917, 21.33233419496326]], [[-100.87622494821827, 21.33183005254199], [-100.87621582804488, 21.33179495346268]], [[-100.87621582804488, 21.33179495346268], [-100.87617836650931, 21.331803498480173]], [[-100.87618748667465, 21.331838597562093], [-100.87617836650931, 21.331803498480173]], [[-100.87617836650931, 21.331803498480173], [-100.87614090496876, 21.331812043489617]], [[-100.87615002512605, 21.33184714257415], [-100.87614090496876, 21.331812043489617]], [[-100.87614090496876, 21.331812043489617], [-100.87610344342319, 21.331820588491013]], [[-100.87611256357243, 21.331855687578166], [-100.87610344342319, 21.331820588491013]], [[-100.87610344342319, 21.331820588491013], [-100.87606598187263, 21.331829133484362]], [[-100.87607510201383, 21.331864232574137], [-100.87606598187263, 21.331829133484362]], [[-100.87606598187263, 21.331829133484362], [-100.87602852031706, 21.33183767846967]], [[-100.87603764045022, 21.331872777562065], [-100.87602852031706, 21.33183767846967]], [[-100.87602852031706, 21.33183767846967], [-100.87599105875651, 21.331846223446938]], [[-100.87600017888161, 21.33188132254195], [-100.87599105875651, 21.331846223446938]], [[-100.87599105875651, 21.331846223446938], [-100.87595359719094, 21.331854768416154]], [[-100.875962717308, 21.331889867513787], [-100.87595359719094, 21.331854768416154]], [[-100.87595359719094, 21.331854768416154], [-100.87591613562039, 21.33186331337733]], [[-100.87592525572938, 21.331898412477578], [-100.87591613562039, 21.33186331337733]], [[-100.87591613562039, 21.33186331337733], [-100.87587867404483, 21.331871858330462]], [[-100.87588779414577, 21.331906957433322], [-100.87587867404483, 21.331871858330462]], [[-100.87587867404483, 21.331871858330462], [-100.87584121246427, 21.331880403275544]], [[-100.87585033255715, 21.331915502381023], [-100.87584121246427, 21.331880403275544]], [[-100.87584121246427, 21.331880403275544], [-100.87580375087869, 21.331888948212583]], [[-100.87581287096354, 21.331924047320687], [-100.87580375087869, 21.331888948212583]], [[-100.87580375087869, 21.331888948212583], [-100.87576628928812, 21.33189749314158]], [[-100.87577540936493, 21.331932592252297], [-100.87576628928812, 21.33189749314158]], [[-100.87576628928812, 21.33189749314158], [-100.87572882769256, 21.331906038062527]], [[-100.87573794776131, 21.331941137175864], [-100.87572882769256, 21.331906038062527]], [[-100.87572882769256, 21.331906038062527], [-100.87569136609197, 21.331914582975433]], [[-100.87570048615268, 21.331949682091384], [-100.87569136609197, 21.331914582975433]], [[-100.87569136609197, 21.331914582975433], [-100.87565390448641, 21.331923127880298]], [[-100.87566302453907, 21.33195822699886], [-100.87565390448641, 21.331923127880298]], [[-100.87565390448641, 21.331923127880298], [-100.87561644287584, 21.33193167277711]], [[-100.87562556292045, 21.33196677189829], [-100.87561644287584, 21.33193167277711]], [[-100.87561644287584, 21.33193167277711], [-100.87557898126028, 21.331940217665878]], [[-100.87558810129683, 21.331975316789684], [-100.87557898126028, 21.331940217665878]], [[-100.87557898126028, 21.331940217665878], [-100.8755415196397, 21.331948762546602]], [[-100.8755506396682, 21.33198386167303], [-100.8755415196397, 21.331948762546602]], [[-100.8755415196397, 21.331948762546602], [-100.87550405801413, 21.331957307419284]], [[-100.87551317803458, 21.331992406548324], [-100.87550405801413, 21.331957307419284]], [[-100.87550405801413, 21.331957307419284], [-100.87546659638355, 21.331965852283925]], [[-100.87547571639597, 21.332000951415576], [-100.87546659638355, 21.331965852283925]], [[-100.87546659638355, 21.331965852283925], [-100.87542913474796, 21.331974397140513]], [[-100.87543825475234, 21.332009496274786], [-100.87542913474796, 21.331974397140513]], [[-100.87542913474796, 21.331974397140513], [-100.87539167310739, 21.331982941989057]], [[-100.87540079310371, 21.33201804112595], [-100.87539167310739, 21.331982941989057]], [[-100.87539167310739, 21.331982941989057], [-100.87535421146183, 21.33199148682956]], [[-100.87536333145009, 21.332026585969064], [-100.87535421146183, 21.33199148682956]], [[-100.87535421146183, 21.33199148682956], [-100.87531674981123, 21.33200003166202]], [[-100.87532586979147, 21.332035130804137], [-100.87531674981123, 21.33200003166202]], [[-100.87531674981123, 21.33200003166202], [-100.87527928815567, 21.33200857648643]], [[-100.87528840812783, 21.33204367563117], [-100.87527928815567, 21.33200857648643]], [[-100.87527928815567, 21.33200857648643], [-100.87524182649508, 21.33201712130279]], [[-100.8752509464592, 21.332052220450148], [-100.87524182649508, 21.33201712130279]], [[-100.87524182649508, 21.33201712130279], [-100.87520436482951, 21.33202566611111]], [[-100.87521348478558, 21.33206076526109], [-100.87520436482951, 21.33202566611111]], [[-100.87520436482951, 21.33202566611111], [-100.87516690315893, 21.332034210911388]], [[-100.87517602310695, 21.332069310063986], [-100.87516690315893, 21.332034210911388]], [[-100.87516690315893, 21.332034210911388], [-100.87512944148334, 21.33204275570362]], [[-100.87513856142331, 21.332077854858827], [-100.87512944148334, 21.33204275570362]], [[-100.87512944148334, 21.33204275570362], [-100.87509197980276, 21.3320513004878]], [[-100.87510109973468, 21.33208639964563], [-100.87509197980276, 21.3320513004878]], [[-100.87509197980276, 21.3320513004878], [-100.87505451811717, 21.332059845263945]], [[-100.87506363804106, 21.33209494442439], [-100.87505451811717, 21.332059845263945]], [[-100.87505451811717, 21.332059845263945], [-100.8750170564266, 21.33206839003204]], [[-100.87502617634242, 21.332103489195102], [-100.8750170564266, 21.33206839003204]], [[-100.8750170564266, 21.33206839003204], [-100.87497959473102, 21.332076934792088]], [[-100.87498871463877, 21.33211203395777], [-100.87497959473102, 21.332076934792088]], [[-100.87497959473102, 21.332076934792088], [-100.87494213303043, 21.332085479544098]], [[-100.87495125293016, 21.332120578712395], [-100.87494213303043, 21.332085479544098]], [[-100.87494213303043, 21.332085479544098], [-100.87490467132484, 21.332094024288054]], [[-100.87491379121653, 21.33212912345897], [-100.87490467132484, 21.332094024288054]], [[-100.87490467132484, 21.332094024288054], [-100.87486720961427, 21.33210256902397]], [[-100.87487632949788, 21.332137668197504], [-100.87486720961427, 21.33210256902397]], [[-100.87486720961427, 21.33210256902397], [-100.87482974789867, 21.33211111375184]], [[-100.87483886777424, 21.332146212927984], [-100.87482974789867, 21.33211111375184]], [[-100.87482974789867, 21.33211111375184], [-100.87479228617809, 21.33211965847167]], [[-100.87480140604562, 21.332154757650436], [-100.87479228617809, 21.33211965847167]], [[-100.87479228617809, 21.33211965847167], [-100.8747548244525, 21.332128203183448]], [[-100.87476394431198, 21.332163302364833], [-100.8747548244525, 21.332128203183448]], [[-100.8747548244525, 21.332128203183448], [-100.87471736272191, 21.332136747887184]], [[-100.87472648257335, 21.33217184707118], [-100.87471736272191, 21.332136747887184]], [[-100.87471736272191, 21.332136747887184], [-100.87467990098632, 21.33214529258287]], [[-100.8746890208297, 21.332180391769487], [-100.87467990098632, 21.33214529258287]], [[-100.87467990098632, 21.33214529258287], [-100.87464243924575, 21.33215383727051]], [[-100.87465155908106, 21.332188936459744], [-100.87464243924575, 21.33215383727051]], [[-100.87464243924575, 21.33215383727051], [-100.87460497750014, 21.33216238195011]], [[-100.87461409732742, 21.332197481141968], [-100.87460497750014, 21.33216238195011]], [[-100.87460497750014, 21.33216238195011], [-100.87456751574956, 21.332170926621664]], [[-100.87457663556879, 21.332206025816138], [-100.87456751574956, 21.332170926621664]], [[-100.87456751574956, 21.332170926621664], [-100.87453005399396, 21.332179471285173]], [[-100.87453917380515, 21.33221457048226], [-100.87453005399396, 21.332179471285173]], [[-100.87453005399396, 21.332179471285173], [-100.87449259223338, 21.332188015940634]], [[-100.8745017120365, 21.33222311514034], [-100.87449259223338, 21.332188015940634]], [[-100.87449259223338, 21.332188015940634], [-100.8744551304678, 21.332196560588052]], [[-100.87446425026287, 21.332231659790374], [-100.8744551304678, 21.332196560588052]], [[-100.8744551304678, 21.332196560588052], [-100.8744176686972, 21.332205105227427]], [[-100.87442678848423, 21.332240204432363], [-100.8744176686972, 21.332205105227427]], [[-100.8744176686972, 21.332205105227427], [-100.87438020692161, 21.332213649858755]], [[-100.8743893267006, 21.33224874906631], [-100.87438020692161, 21.332213649858755]], [[-100.87438020692161, 21.332213649858755], [-100.87434274514102, 21.33222219448204]], [[-100.87435186491194, 21.332257293692216], [-100.87434274514102, 21.33222219448204]], [[-100.87434274514102, 21.33222219448204], [-100.87430528335543, 21.332230739097273]], [[-100.8743144031183, 21.332265838310065], [-100.87430528335543, 21.332230739097273]], [[-100.87430528335543, 21.332230739097273], [-100.87426782156483, 21.332239283704467]], [[-100.87427694131966, 21.33227438291987], [-100.87426782156483, 21.332239283704467]], [[-100.87426782156483, 21.332239283704467], [-100.87423035976924, 21.332247828303615]], [[-100.87423947951602, 21.332282927521636], [-100.87423035976924, 21.332247828303615]], [[-100.87423035976924, 21.332247828303615], [-100.87419289796864, 21.33225637289471]], [[-100.87420201770738, 21.33229147211535], [-100.87419289796864, 21.33225637289471]], [[-100.87419289796864, 21.33225637289471], [-100.87415543616305, 21.332264917477765]], [[-100.87416455589374, 21.332300016701023], [-100.87415543616305, 21.332264917477765]], [[-100.87415543616305, 21.332264917477765], [-100.87411797435246, 21.33227346205278]], [[-100.8741270940751, 21.332308561278644], [-100.87411797435246, 21.33227346205278]], [[-100.87411797435246, 21.33227346205278], [-100.87408051253686, 21.332282006619746]], [[-100.87408963225145, 21.332317105848233], [-100.87408051253686, 21.332282006619746]], [[-100.87408051253686, 21.332282006619746], [-100.87404305071628, 21.332290551178662]], [[-100.87405217042281, 21.33232565040977], [-100.87404305071628, 21.332290551178662]], [[-100.87404305071628, 21.332290551178662], [-100.87400558889068, 21.332299095729535]], [[-100.87401470858917, 21.33233419496326], [-100.87400558889068, 21.332299095729535]], [[-100.87401470858917, 21.33233419496326], [-100.87397724675053, 21.332342739508707]], [[-100.87400558889068, 21.332299095729535], [-100.87396812706008, 21.332307640272365]], [[-100.87397724675053, 21.332342739508707], [-100.87396812706008, 21.332307640272365]], [[-100.87621582804488, 21.33179495346268], [-100.87620670787648, 21.331759854382426]], [[-100.87620670787648, 21.331759854382426], [-100.87616924634898, 21.3317683993973]], [[-100.87617836650931, 21.331803498480173], [-100.87616924634898, 21.3317683993973]], [[-100.87616924634898, 21.3317683993973], [-100.87613178481647, 21.331776944404123]], [[-100.87614090496876, 21.331812043489617], [-100.87613178481647, 21.331776944404123]], [[-100.87613178481647, 21.331776944404123], [-100.87609432327895, 21.3317854894029]], [[-100.87610344342319, 21.331820588491013], [-100.87609432327895, 21.3317854894029]], [[-100.87609432327895, 21.3317854894029], [-100.87605686173644, 21.33179403439363]], [[-100.87606598187263, 21.331829133484362], [-100.87605686173644, 21.33179403439363]], [[-100.87605686173644, 21.33179403439363], [-100.87601940018892, 21.33180257937633]], [[-100.87602852031706, 21.33183767846967], [-100.87601940018892, 21.33180257937633]], [[-100.87601940018892, 21.33180257937633], [-100.87598193863641, 21.33181112435097]], [[-100.87599105875651, 21.331846223446938], [-100.87598193863641, 21.33181112435097]], [[-100.87598193863641, 21.33181112435097], [-100.8759444770789, 21.331819669317575]], [[-100.87595359719094, 21.331854768416154], [-100.8759444770789, 21.331819669317575]], [[-100.8759444770789, 21.331819669317575], [-100.87590701551639, 21.331828214276133]], [[-100.87591613562039, 21.33186331337733], [-100.87590701551639, 21.331828214276133]], [[-100.87590701551639, 21.331828214276133], [-100.87586955394887, 21.331836759226643]], [[-100.87587867404483, 21.331871858330462], [-100.87586955394887, 21.331836759226643]], [[-100.87586955394887, 21.331836759226643], [-100.87583209237636, 21.331845304169114]], [[-100.87584121246427, 21.331880403275544], [-100.87583209237636, 21.331845304169114]], [[-100.87583209237636, 21.331845304169114], [-100.87579463079884, 21.331853849103535]], [[-100.87580375087869, 21.331888948212583], [-100.87579463079884, 21.331853849103535]], [[-100.87579463079884, 21.331853849103535], [-100.87575716921631, 21.331862394029912]], [[-100.87576628928812, 21.33189749314158], [-100.87575716921631, 21.331862394029912]], [[-100.87575716921631, 21.331862394029912], [-100.87571970762879, 21.33187093894824]], [[-100.87572882769256, 21.331906038062527], [-100.87571970762879, 21.33187093894824]], [[-100.87571970762879, 21.33187093894824], [-100.87568224603626, 21.331879483858522]], [[-100.87569136609197, 21.331914582975433], [-100.87568224603626, 21.331879483858522]], [[-100.87568224603626, 21.331879483858522], [-100.87564478443875, 21.331888028760776]], [[-100.87565390448641, 21.331923127880298], [-100.87564478443875, 21.331888028760776]], [[-100.87564478443875, 21.331888028760776], [-100.87560732283623, 21.33189657365497]], [[-100.87561644287584, 21.33193167277711], [-100.87560732283623, 21.33189657365497]], [[-100.87560732283623, 21.33189657365497], [-100.87556986122871, 21.331905118541123]], [[-100.87557898126028, 21.331940217665878], [-100.87556986122871, 21.331905118541123]], [[-100.87556986122871, 21.331905118541123], [-100.87553239961619, 21.331913663419225]], [[-100.8755415196397, 21.331948762546602], [-100.87553239961619, 21.331913663419225]], [[-100.87553239961619, 21.331913663419225], [-100.87549493799865, 21.3319222082893]], [[-100.87550405801413, 21.331957307419284], [-100.87549493799865, 21.3319222082893]], [[-100.87549493799865, 21.3319222082893], [-100.87545747637614, 21.331930753151312]], [[-100.87546659638355, 21.331965852283925], [-100.87545747637614, 21.331930753151312]], [[-100.87545747637614, 21.331930753151312], [-100.8754200147486, 21.331939298005288]], [[-100.87542913474796, 21.331974397140513], [-100.8754200147486, 21.331939298005288]], [[-100.8754200147486, 21.331939298005288], [-100.87538255311608, 21.331947842851214]], [[-100.87539167310739, 21.331982941989057], [-100.87538255311608, 21.331947842851214]], [[-100.87538255311608, 21.331947842851214], [-100.87534509147855, 21.3319563876891]], [[-100.87535421146183, 21.33199148682956], [-100.87534509147855, 21.3319563876891]], [[-100.87534509147855, 21.3319563876891], [-100.87530762983602, 21.331964932518936]], [[-100.87531674981123, 21.33200003166202], [-100.87530762983602, 21.331964932518936]], [[-100.87530762983602, 21.331964932518936], [-100.8752701681885, 21.331973477340732]], [[-100.87527928815567, 21.33200857648643], [-100.8752701681885, 21.331973477340732]], [[-100.8752701681885, 21.331973477340732], [-100.87523270653597, 21.331982022154477]], [[-100.87524182649508, 21.33201712130279], [-100.87523270653597, 21.331982022154477]], [[-100.87523270653597, 21.331982022154477], [-100.87519524487844, 21.331990566960176]], [[-100.87520436482951, 21.33202566611111], [-100.87519524487844, 21.331990566960176]], [[-100.87519524487844, 21.331990566960176], [-100.87515778321591, 21.33199911175784]], [[-100.87516690315893, 21.332034210911388], [-100.87515778321591, 21.33199911175784]], [[-100.87515778321591, 21.33199911175784], [-100.87512032154838, 21.33200765654745]], [[-100.87512944148334, 21.33204275570362], [-100.87512032154838, 21.33200765654745]], [[-100.87512032154838, 21.33200765654745], [-100.87508285987583, 21.33201620132902]], [[-100.87509197980276, 21.3320513004878], [-100.87508285987583, 21.33201620132902]], [[-100.87508285987583, 21.33201620132902], [-100.87504539819831, 21.33202474610254]], [[-100.87505451811717, 21.332059845263945], [-100.87504539819831, 21.33202474610254]], [[-100.87504539819831, 21.33202474610254], [-100.87500793651577, 21.332033290868022]], [[-100.8750170564266, 21.33206839003204], [-100.87500793651577, 21.332033290868022]], [[-100.87500793651577, 21.332033290868022], [-100.87497047482825, 21.33204183562546]], [[-100.87497959473102, 21.332076934792088], [-100.87497047482825, 21.33204183562546]], [[-100.87497047482825, 21.33204183562546], [-100.8749330131357, 21.332050380374852]], [[-100.87494213303043, 21.332085479544098], [-100.8749330131357, 21.332050380374852]], [[-100.8749330131357, 21.332050380374852], [-100.87489555143817, 21.332058925116186]], [[-100.87490467132484, 21.332094024288054], [-100.87489555143817, 21.332058925116186]], [[-100.87489555143817, 21.332058925116186], [-100.87485808973562, 21.332067469849484]], [[-100.87486720961427, 21.33210256902397], [-100.87485808973562, 21.332067469849484]], [[-100.87485808973562, 21.332067469849484], [-100.8748206280281, 21.332076014574735]], [[-100.87482974789867, 21.33211111375184], [-100.8748206280281, 21.332076014574735]], [[-100.8748206280281, 21.332076014574735], [-100.87478316631557, 21.33208455929195]], [[-100.87479228617809, 21.33211965847167], [-100.87478316631557, 21.33208455929195]], [[-100.87478316631557, 21.33208455929195], [-100.87474570459801, 21.332093104001107]], [[-100.8747548244525, 21.332128203183448], [-100.87474570459801, 21.332093104001107]], [[-100.87474570459801, 21.332093104001107], [-100.87470824287549, 21.332101648702224]], [[-100.87471736272191, 21.332136747887184], [-100.87470824287549, 21.332101648702224]], [[-100.87470824287549, 21.332101648702224], [-100.87467078114794, 21.332110193395298]], [[-100.87467990098632, 21.33214529258287], [-100.87467078114794, 21.332110193395298]], [[-100.87467078114794, 21.332110193395298], [-100.87463331941541, 21.332118738080325]], [[-100.87464243924575, 21.33215383727051], [-100.87463331941541, 21.332118738080325]], [[-100.87463331941541, 21.332118738080325], [-100.87459585767786, 21.33212728275731]], [[-100.87460497750014, 21.33216238195011], [-100.87459585767786, 21.33212728275731]], [[-100.87459585767786, 21.33212728275731], [-100.87455839593532, 21.332135827426242]], [[-100.87456751574956, 21.332170926621664], [-100.87455839593532, 21.332135827426242]], [[-100.87455839593532, 21.332135827426242], [-100.87452093418779, 21.332144372087132]], [[-100.87453005399396, 21.332179471285173], [-100.87452093418779, 21.332144372087132]], [[-100.87452093418779, 21.332144372087132], [-100.87448347243524, 21.332152916739975]], [[-100.87449259223338, 21.332188015940634], [-100.87448347243524, 21.332152916739975]], [[-100.87448347243524, 21.332152916739975], [-100.8744460106777, 21.332161461384782]], [[-100.8744551304678, 21.332196560588052], [-100.8744460106777, 21.332161461384782]], [[-100.8744460106777, 21.332161461384782], [-100.87440854891516, 21.332170006021542]], [[-100.8744176686972, 21.332205105227427], [-100.87440854891516, 21.332170006021542]], [[-100.87440854891516, 21.332170006021542], [-100.87437108714762, 21.332178550650244]], [[-100.87438020692161, 21.332213649858755], [-100.87437108714762, 21.332178550650244]], [[-100.87437108714762, 21.332178550650244], [-100.87433362537509, 21.332187095270914]], [[-100.87434274514102, 21.33222219448204], [-100.87433362537509, 21.332187095270914]], [[-100.87433362537509, 21.332187095270914], [-100.87429616359755, 21.332195639883526]], [[-100.87430528335543, 21.332230739097273], [-100.87429616359755, 21.332195639883526]], [[-100.87429616359755, 21.332195639883526], [-100.87425870181501, 21.332204184488106]], [[-100.87426782156483, 21.332239283704467], [-100.87425870181501, 21.332204184488106]], [[-100.87425870181501, 21.332204184488106], [-100.87422124002745, 21.332212729084638]], [[-100.87423035976924, 21.332247828303615], [-100.87422124002745, 21.332212729084638]], [[-100.87422124002745, 21.332212729084638], [-100.87418377823491, 21.33222127367312]], [[-100.87419289796864, 21.33225637289471], [-100.87418377823491, 21.33222127367312]], [[-100.87418377823491, 21.33222127367312], [-100.87414631643738, 21.33222981825356]], [[-100.87415543616305, 21.332264917477765], [-100.87414631643738, 21.33222981825356]], [[-100.87414631643738, 21.33222981825356], [-100.87410885463483, 21.332238362825954]], [[-100.87411797435246, 21.33227346205278], [-100.87410885463483, 21.332238362825954]], [[-100.87410885463483, 21.332238362825954], [-100.87407139282728, 21.3322469073903]], [[-100.87408051253686, 21.332282006619746], [-100.87407139282728, 21.3322469073903]], [[-100.87407139282728, 21.3322469073903], [-100.87403393101474, 21.3322554519466]], [[-100.87404305071628, 21.332290551178662], [-100.87403393101474, 21.3322554519466]], [[-100.87403393101474, 21.3322554519466], [-100.8739964691972, 21.332263996494863]], [[-100.87400558889068, 21.332299095729535], [-100.8739964691972, 21.332263996494863]], [[-100.8739964691972, 21.332263996494863], [-100.87395900737465, 21.332272541035067]], [[-100.87396812706008, 21.332307640272365], [-100.87395900737465, 21.332272541035067]], [[-100.87624416939899, 21.33175130935951], [-100.87620670787648, 21.331759854382426]], [[-100.87624416939899, 21.33175130935951], [-100.87623504922755, 21.33171621028092]], [[-100.87623504922755, 21.33171621028092], [-100.87619758771308, 21.331724755301217]], [[-100.87620670787648, 21.331759854382426], [-100.87619758771308, 21.331724755301217]], [[-100.87619758771308, 21.331724755301217], [-100.87616012619362, 21.331733300313466]], [[-100.87616924634898, 21.3317683993973], [-100.87616012619362, 21.331733300313466]], [[-100.87616012619362, 21.331733300313466], [-100.87612266466917, 21.331741845317676]], [[-100.87613178481647, 21.331776944404123], [-100.87612266466917, 21.331741845317676]], [[-100.87612266466917, 21.331741845317676], [-100.87608520313971, 21.331750390313836]], [[-100.87609432327895, 21.3317854894029], [-100.87608520313971, 21.331750390313836]], [[-100.87608520313971, 21.331750390313836], [-100.87604774160525, 21.331758935301952]], [[-100.87605686173644, 21.33179403439363], [-100.87604774160525, 21.331758935301952]], [[-100.87604774160525, 21.331758935301952], [-100.87601028006578, 21.331767480282032]], [[-100.87601940018892, 21.33180257937633], [-100.87601028006578, 21.331767480282032]], [[-100.87601028006578, 21.331767480282032], [-100.87597281852132, 21.331776025254065]], [[-100.87598193863641, 21.33181112435097], [-100.87597281852132, 21.331776025254065]], [[-100.87597281852132, 21.331776025254065], [-100.87593535697185, 21.331784570218037]], [[-100.8759444770789, 21.331819669317575], [-100.87593535697185, 21.331784570218037]], [[-100.87593535697185, 21.331784570218037], [-100.87589789541738, 21.33179311517398]], [[-100.87590701551639, 21.331828214276133], [-100.87589789541738, 21.33179311517398]], [[-100.87589789541738, 21.33179311517398], [-100.87586043385791, 21.331801660121872]], [[-100.87586955394887, 21.331836759226643], [-100.87586043385791, 21.331801660121872]], [[-100.87586043385791, 21.331801660121872], [-100.87582297229345, 21.331810205061725]], [[-100.87583209237636, 21.331845304169114], [-100.87582297229345, 21.331810205061725]], [[-100.87582297229345, 21.331810205061725], [-100.87578551072397, 21.33181874999353]], [[-100.87579463079884, 21.331853849103535], [-100.87578551072397, 21.33181874999353]], [[-100.87578551072397, 21.33181874999353], [-100.87574804914951, 21.331827294917286]], [[-100.87575716921631, 21.331862394029912], [-100.87574804914951, 21.331827294917286]], [[-100.87574804914951, 21.331827294917286], [-100.87571058757004, 21.331835839833]], [[-100.87571970762879, 21.33187093894824], [-100.87571058757004, 21.331835839833]], [[-100.87571058757004, 21.331835839833], [-100.87567312598557, 21.331844384740677]], [[-100.87568224603626, 21.331879483858522], [-100.87567312598557, 21.331844384740677]], [[-100.87567312598557, 21.331844384740677], [-100.8756356643961, 21.3318529296403]], [[-100.87564478443875, 21.331888028760776], [-100.8756356643961, 21.3318529296403]], [[-100.8756356643961, 21.3318529296403], [-100.87559820280163, 21.331861474531877]], [[-100.87560732283623, 21.33189657365497], [-100.87559820280163, 21.331861474531877]], [[-100.87559820280163, 21.331861474531877], [-100.87556074120215, 21.331870019415415]], [[-100.87556986122871, 21.331905118541123], [-100.87556074120215, 21.331870019415415]], [[-100.87556074120215, 21.331870019415415], [-100.87552327959769, 21.331878564290903]], [[-100.87553239961619, 21.331913663419225], [-100.87552327959769, 21.331878564290903]], [[-100.87552327959769, 21.331878564290903], [-100.8754858179882, 21.33188710915835]], [[-100.87549493799865, 21.3319222082893], [-100.8754858179882, 21.33188710915835]], [[-100.8754858179882, 21.33188710915835], [-100.87544835637372, 21.33189565401775]], [[-100.87545747637614, 21.331930753151312], [-100.87544835637372, 21.33189565401775]], [[-100.87544835637372, 21.33189565401775], [-100.87541089475424, 21.331904198869104]], [[-100.8754200147486, 21.331939298005288], [-100.87541089475424, 21.331904198869104]], [[-100.87541089475424, 21.331904198869104], [-100.87537343312977, 21.33191274371242]], [[-100.87538255311608, 21.331947842851214], [-100.87537343312977, 21.33191274371242]], [[-100.87537343312977, 21.33191274371242], [-100.87533597150029, 21.331921288547687]], [[-100.87534509147855, 21.3319563876891], [-100.87533597150029, 21.331921288547687]], [[-100.87533597150029, 21.331921288547687], [-100.87529850986581, 21.33192983337491]], [[-100.87530762983602, 21.331964932518936], [-100.87529850986581, 21.33192983337491]], [[-100.87529850986581, 21.33192983337491], [-100.87526104822633, 21.331938378194085]], [[-100.8752701681885, 21.331973477340732], [-100.87526104822633, 21.331938378194085]], [[-100.87526104822633, 21.331938378194085], [-100.87522358658185, 21.33194692300521]], [[-100.87523270653597, 21.331982022154477], [-100.87522358658185, 21.33194692300521]], [[-100.87522358658185, 21.33194692300521], [-100.87518612493237, 21.3319554678083]], [[-100.87519524487844, 21.331990566960176], [-100.87518612493237, 21.3319554678083]], [[-100.87518612493237, 21.3319554678083], [-100.87514866327788, 21.33196401260334]], [[-100.87515778321591, 21.33199911175784], [-100.87514866327788, 21.33196401260334]], [[-100.87514866327788, 21.33196401260334], [-100.87511120161841, 21.331972557390337]], [[-100.87512032154838, 21.33200765654745], [-100.87511120161841, 21.331972557390337]], [[-100.87511120161841, 21.331972557390337], [-100.87507373995393, 21.331981102169294]], [[-100.87508285987583, 21.33201620132902], [-100.87507373995393, 21.331981102169294]], [[-100.87507373995393, 21.331981102169294], [-100.87503627828444, 21.331989646940194]], [[-100.87504539819831, 21.33202474610254], [-100.87503627828444, 21.331989646940194]], [[-100.87503627828444, 21.331989646940194], [-100.87499881660995, 21.331998191703054]], [[-100.87500793651577, 21.332033290868022], [-100.87499881660995, 21.331998191703054]], [[-100.87499881660995, 21.331998191703054], [-100.87496135493048, 21.332006736457874]], [[-100.87497047482825, 21.33204183562546], [-100.87496135493048, 21.332006736457874]], [[-100.87496135493048, 21.332006736457874], [-100.87492389324598, 21.332015281204644]], [[-100.8749330131357, 21.332050380374852], [-100.87492389324598, 21.332015281204644]], [[-100.87492389324598, 21.332015281204644], [-100.87488643155649, 21.332023825943367]], [[-100.87489555143817, 21.332058925116186], [-100.87488643155649, 21.332023825943367]], [[-100.87488643155649, 21.332023825943367], [-100.87484896986201, 21.33203237067405]], [[-100.87485808973562, 21.332067469849484], [-100.87484896986201, 21.33203237067405]], [[-100.87484896986201, 21.33203237067405], [-100.87481150816252, 21.332040915396682]], [[-100.8748206280281, 21.332076014574735], [-100.87481150816252, 21.332040915396682]], [[-100.87481150816252, 21.332040915396682], [-100.87477404645804, 21.332049460111275]], [[-100.87478316631557, 21.33208455929195], [-100.87477404645804, 21.332049460111275]], [[-100.87477404645804, 21.332049460111275], [-100.87473658474855, 21.33205800481782]], [[-100.87474570459801, 21.332093104001107], [-100.87473658474855, 21.33205800481782]], [[-100.87473658474855, 21.33205800481782], [-100.87469912303406, 21.332066549516323]], [[-100.87470824287549, 21.332101648702224], [-100.87469912303406, 21.332066549516323]], [[-100.87469912303406, 21.332066549516323], [-100.87466166131458, 21.33207509420677]], [[-100.87467078114794, 21.332110193395298], [-100.87466166131458, 21.33207509420677]], [[-100.87466166131458, 21.33207509420677], [-100.87462419959009, 21.332083638889188]], [[-100.87463331941541, 21.332118738080325], [-100.87462419959009, 21.332083638889188]], [[-100.87462419959009, 21.332083638889188], [-100.8745867378606, 21.332092183563553]], [[-100.87459585767786, 21.33212728275731], [-100.8745867378606, 21.332092183563553]], [[-100.8745867378606, 21.332092183563553], [-100.8745492761261, 21.332100728229868]], [[-100.87455839593532, 21.332135827426242], [-100.8745492761261, 21.332100728229868]], [[-100.8745492761261, 21.332100728229868], [-100.87451181438661, 21.33210927288814]], [[-100.87452093418779, 21.332144372087132], [-100.87451181438661, 21.33210927288814]], [[-100.87451181438661, 21.33210927288814], [-100.87447435264212, 21.332117817538368]], [[-100.87448347243524, 21.332152916739975], [-100.87447435264212, 21.332117817538368]], [[-100.87447435264212, 21.332117817538368], [-100.87443689089262, 21.33212636218056]], [[-100.8744460106777, 21.332161461384782], [-100.87443689089262, 21.33212636218056]], [[-100.87443689089262, 21.33212636218056], [-100.87439942913814, 21.332134906814694]], [[-100.87440854891516, 21.332170006021542], [-100.87439942913814, 21.332134906814694]], [[-100.87439942913814, 21.332134906814694], [-100.87436196737865, 21.33214345144079]], [[-100.87437108714762, 21.332178550650244], [-100.87436196737865, 21.33214345144079]], [[-100.87436196737865, 21.33214345144079], [-100.87432450561415, 21.332151996058833]], [[-100.87433362537509, 21.332187095270914], [-100.87432450561415, 21.332151996058833]], [[-100.87432450561415, 21.332151996058833], [-100.87428704384466, 21.332160540668834]], [[-100.87429616359755, 21.332195639883526], [-100.87428704384466, 21.332160540668834]], [[-100.87428704384466, 21.332160540668834], [-100.87424958207016, 21.332169085270795]], [[-100.87425870181501, 21.332204184488106], [-100.87424958207016, 21.332169085270795]], [[-100.87424958207016, 21.332169085270795], [-100.87421212029068, 21.332177629864702]], [[-100.87422124002745, 21.332212729084638], [-100.87421212029068, 21.332177629864702]], [[-100.87421212029068, 21.332177629864702], [-100.87417465850618, 21.332186174450577]], [[-100.87418377823491, 21.33222127367312], [-100.87417465850618, 21.332186174450577]], [[-100.87417465850618, 21.332186174450577], [-100.87413719671667, 21.332194719028394]], [[-100.87414631643738, 21.33222981825356], [-100.87413719671667, 21.332194719028394]], [[-100.87413719671667, 21.332194719028394], [-100.8740997349222, 21.332203263598174]], [[-100.87410885463483, 21.332238362825954], [-100.8740997349222, 21.332203263598174]], [[-100.8740997349222, 21.332203263598174], [-100.87406227312269, 21.332211808159908]], [[-100.87407139282728, 21.3322469073903], [-100.87406227312269, 21.332211808159908]], [[-100.87406227312269, 21.332211808159908], [-100.8740248113182, 21.332220352713595]], [[-100.87403393101474, 21.3322554519466], [-100.8740248113182, 21.332220352713595]], [[-100.8740248113182, 21.332220352713595], [-100.87398734950871, 21.332228897259228]], [[-100.8739964691972, 21.332263996494863], [-100.87398734950871, 21.332228897259228]], [[-100.87398734950871, 21.332228897259228], [-100.87394988769421, 21.332237441796817]], [[-100.87395900737465, 21.332272541035067], [-100.87394988769421, 21.332237441796817]], [[-100.87395900737465, 21.332272541035067], [-100.8739215455471, 21.33228108556724]], [[-100.87394988769421, 21.332237441796817], [-100.87391242587472, 21.332245986326377]], [[-100.8739215455471, 21.33228108556724], [-100.87391242587472, 21.332245986326377]], [[-100.87623504922755, 21.33171621028092], [-100.8762259290611, 21.331681111201373]], [[-100.8762259290611, 21.331681111201373], [-100.8761884675547, 21.33168965621905]], [[-100.87619758771308, 21.331724755301217], [-100.8761884675547, 21.33168965621905]], [[-100.8761884675547, 21.33168965621905], [-100.87615100604329, 21.331698201228686]], [[-100.87616012619362, 21.331733300313466], [-100.87615100604329, 21.331698201228686]], [[-100.87615100604329, 21.331698201228686], [-100.87611354452687, 21.331706746230275]], [[-100.87612266466917, 21.331741845317676], [-100.87611354452687, 21.331706746230275]], [[-100.87611354452687, 21.331706746230275], [-100.87607608300547, 21.33171529122382]], [[-100.87608520313971, 21.331750390313836], [-100.87607608300547, 21.33171529122382]], [[-100.87607608300547, 21.33171529122382], [-100.87603862147905, 21.33172383620932]], [[-100.87604774160525, 21.331758935301952], [-100.87603862147905, 21.33172383620932]], [[-100.87603862147905, 21.33172383620932], [-100.87600115994763, 21.331732381186782]], [[-100.87601028006578, 21.331767480282032], [-100.87600115994763, 21.331732381186782]], [[-100.87600115994763, 21.331732381186782], [-100.87596369841123, 21.331740926156186]], [[-100.87597281852132, 21.331776025254065], [-100.87596369841123, 21.331740926156186]], [[-100.87596369841123, 21.331740926156186], [-100.8759262368698, 21.331749471117554]], [[-100.87593535697185, 21.331784570218037], [-100.8759262368698, 21.331749471117554]], [[-100.8759262368698, 21.331749471117554], [-100.87588877532339, 21.33175801607087]], [[-100.87589789541738, 21.33179311517398], [-100.87588877532339, 21.33175801607087]], [[-100.87588877532339, 21.33175801607087], [-100.87585131377196, 21.331766561016153]], [[-100.87586043385791, 21.331801660121872], [-100.87585131377196, 21.331766561016153]], [[-100.87585131377196, 21.331766561016153], [-100.87581385221554, 21.331775105953383]], [[-100.87582297229345, 21.331810205061725], [-100.87581385221554, 21.331775105953383]], [[-100.87581385221554, 21.331775105953383], [-100.87577639065414, 21.331783650882574]], [[-100.87578551072397, 21.33181874999353], [-100.87577639065414, 21.331783650882574]], [[-100.87577639065414, 21.331783650882574], [-100.8757389290877, 21.331792195803715]], [[-100.87574804914951, 21.331827294917286], [-100.8757389290877, 21.331792195803715]], [[-100.8757389290877, 21.331792195803715], [-100.8757014675163, 21.33180074071681]], [[-100.87571058757004, 21.331835839833], [-100.8757014675163, 21.33180074071681]], [[-100.8757014675163, 21.33180074071681], [-100.87566400593987, 21.331809285621862]], [[-100.87567312598557, 21.331844384740677], [-100.87566400593987, 21.331809285621862]], [[-100.87566400593987, 21.331809285621862], [-100.87562654435844, 21.331817830518872]], [[-100.8756356643961, 21.3318529296403], [-100.87562654435844, 21.331817830518872]], [[-100.87562654435844, 21.331817830518872], [-100.87558908277201, 21.331826375407836]], [[-100.87559820280163, 21.331861474531877], [-100.87558908277201, 21.331826375407836]], [[-100.87558908277201, 21.331826375407836], [-100.8755516211806, 21.33183492028875]], [[-100.87556074120215, 21.331870019415415], [-100.8755516211806, 21.33183492028875]], [[-100.8755516211806, 21.33183492028875], [-100.87551415958417, 21.33184346516163]], [[-100.87552327959769, 21.331878564290903], [-100.87551415958417, 21.33184346516163]], [[-100.87551415958417, 21.33184346516163], [-100.87547669798275, 21.331852010026456]], [[-100.8754858179882, 21.33188710915835], [-100.87547669798275, 21.331852010026456]], [[-100.87547669798275, 21.331852010026456], [-100.87543923637631, 21.33186055488323]], [[-100.87544835637372, 21.33189565401775], [-100.87543923637631, 21.33186055488323]], [[-100.87543923637631, 21.33186055488323], [-100.87540177476488, 21.33186909973198]], [[-100.87541089475424, 21.331904198869104], [-100.87540177476488, 21.33186909973198]], [[-100.87540177476488, 21.33186909973198], [-100.87536431314845, 21.33187764457267]], [[-100.87537343312977, 21.33191274371242], [-100.87536431314845, 21.33187764457267]], [[-100.87536431314845, 21.33187764457267], [-100.87532685152703, 21.331886189405317]], [[-100.87533597150029, 21.331921288547687], [-100.87532685152703, 21.331886189405317]], [[-100.87532685152703, 21.331886189405317], [-100.87528938990059, 21.331894734229923]], [[-100.87529850986581, 21.33192983337491], [-100.87528938990059, 21.331894734229923]], [[-100.87528938990059, 21.331894734229923], [-100.87525192826917, 21.331903279046482]], [[-100.87526104822633, 21.331938378194085], [-100.87525192826917, 21.331903279046482]], [[-100.87525192826917, 21.331903279046482], [-100.87521446663273, 21.33191182385499]], [[-100.87522358658185, 21.33194692300521], [-100.87521446663273, 21.33191182385499]], [[-100.87521446663273, 21.33191182385499], [-100.8751770049913, 21.331920368655464]], [[-100.87518612493237, 21.3319554678083], [-100.8751770049913, 21.331920368655464]], [[-100.8751770049913, 21.331920368655464], [-100.87513954334487, 21.331928913447886]], [[-100.87514866327788, 21.33196401260334], [-100.87513954334487, 21.331928913447886]], [[-100.87513954334487, 21.331928913447886], [-100.87510208169343, 21.331937458232268]], [[-100.87511120161841, 21.331972557390337], [-100.87510208169343, 21.331937458232268]], [[-100.87510208169343, 21.331937458232268], [-100.87506462003701, 21.331946003008596]], [[-100.87507373995393, 21.331981102169294], [-100.87506462003701, 21.331946003008596]], [[-100.87506462003701, 21.331946003008596], [-100.87502715837557, 21.331954547776885]], [[-100.87503627828444, 21.331989646940194], [-100.87502715837557, 21.331954547776885]], [[-100.87502715837557, 21.331954547776885], [-100.87498969670914, 21.331963092537137]], [[-100.87499881660995, 21.331998191703054], [-100.87498969670914, 21.331963092537137]], [[-100.87498969670914, 21.331963092537137], [-100.8749522350377, 21.33197163728933]], [[-100.87496135493048, 21.332006736457874], [-100.8749522350377, 21.33197163728933]], [[-100.8749522350377, 21.33197163728933], [-100.87491477336125, 21.331980182033483]], [[-100.87492389324598, 21.332015281204644], [-100.87491477336125, 21.331980182033483]], [[-100.87491477336125, 21.331980182033483], [-100.87487731167982, 21.331988726769588]], [[-100.87488643155649, 21.332023825943367], [-100.87487731167982, 21.331988726769588]], [[-100.87487731167982, 21.331988726769588], [-100.87483984999339, 21.331997271497652]], [[-100.87484896986201, 21.33203237067405], [-100.87483984999339, 21.331997271497652]], [[-100.87483984999339, 21.331997271497652], [-100.87480238830196, 21.33200581621768]], [[-100.87481150816252, 21.332040915396682], [-100.87480238830196, 21.33200581621768]], [[-100.87480238830196, 21.33200581621768], [-100.87476492660552, 21.33201436092965]], [[-100.87477404645804, 21.332049460111275], [-100.87476492660552, 21.33201436092965]], [[-100.87476492660552, 21.33201436092965], [-100.87472746490407, 21.33202290563358]], [[-100.87473658474855, 21.33205800481782], [-100.87472746490407, 21.33202290563358]], [[-100.87472746490407, 21.33202290563358], [-100.87469000319763, 21.332031450329456]], [[-100.87469912303406, 21.332066549516323], [-100.87469000319763, 21.332031450329456]], [[-100.87469000319763, 21.332031450329456], [-100.8746525414862, 21.332039995017297]], [[-100.87466166131458, 21.33207509420677], [-100.8746525414862, 21.332039995017297]], [[-100.8746525414862, 21.332039995017297], [-100.87461507976975, 21.332048539697094]], [[-100.87462419959009, 21.332083638889188], [-100.87461507976975, 21.332048539697094]], [[-100.87461507976975, 21.332048539697094], [-100.87457761804832, 21.33205708436884]], [[-100.8745867378606, 21.332092183563553], [-100.87457761804832, 21.33205708436884]], [[-100.87457761804832, 21.33205708436884], [-100.87454015632187, 21.33206562903254]], [[-100.8745492761261, 21.332100728229868], [-100.87454015632187, 21.33206562903254]], [[-100.87454015632187, 21.33206562903254], [-100.87450269459043, 21.332074173688195]], [[-100.87451181438661, 21.33210927288814], [-100.87450269459043, 21.332074173688195]], [[-100.87450269459043, 21.332074173688195], [-100.87446523285399, 21.332082718335812]], [[-100.87447435264212, 21.332117817538368], [-100.87446523285399, 21.332082718335812]], [[-100.87446523285399, 21.332082718335812], [-100.87442777111254, 21.33209126297538]], [[-100.87443689089262, 21.33212636218056], [-100.87442777111254, 21.33209126297538]], [[-100.87442777111254, 21.33209126297538], [-100.8743903093661, 21.332099807606895]], [[-100.87439942913814, 21.332134906814694], [-100.8743903093661, 21.332099807606895]], [[-100.8743903093661, 21.332099807606895], [-100.87435284761466, 21.332108352230374]], [[-100.87436196737865, 21.33214345144079], [-100.87435284761466, 21.332108352230374]], [[-100.87435284761466, 21.332108352230374], [-100.87431538585821, 21.332116896845804]], [[-100.87432450561415, 21.332151996058833], [-100.87431538585821, 21.332116896845804]], [[-100.87431538585821, 21.332116896845804], [-100.87427792409677, 21.332125441453194]], [[-100.87428704384466, 21.332160540668834], [-100.87427792409677, 21.332125441453194]], [[-100.87427792409677, 21.332125441453194], [-100.87424046233033, 21.33213398605253]], [[-100.87424958207016, 21.332169085270795], [-100.87424046233033, 21.33213398605253]], [[-100.87424046233033, 21.33213398605253], [-100.8742030005589, 21.33214253064383]], [[-100.87421212029068, 21.332177629864702], [-100.8742030005589, 21.33214253064383]], [[-100.8742030005589, 21.33214253064383], [-100.87416553878245, 21.332151075227078]], [[-100.87417465850618, 21.332186174450577], [-100.87416553878245, 21.332151075227078]], [[-100.87416553878245, 21.332151075227078], [-100.874128077001, 21.33215961980228]], [[-100.87413719671667, 21.332194719028394], [-100.874128077001, 21.33215961980228]], [[-100.874128077001, 21.33215961980228], [-100.87409061521456, 21.332168164369442]], [[-100.8740997349222, 21.332203263598174], [-100.87409061521456, 21.332168164369442]], [[-100.87409061521456, 21.332168164369442], [-100.8740531534231, 21.332176708928557]], [[-100.87406227312269, 21.332211808159908], [-100.8740531534231, 21.332176708928557]], [[-100.8740531534231, 21.332176708928557], [-100.87401569162667, 21.332185253479626]], [[-100.8740248113182, 21.332220352713595], [-100.87401569162667, 21.332185253479626]], [[-100.87401569162667, 21.332185253479626], [-100.87397822982521, 21.332193798022644]], [[-100.87398734950871, 21.332228897259228], [-100.87397822982521, 21.332193798022644]], [[-100.87397822982521, 21.332193798022644], [-100.87394076801877, 21.332202342557622]], [[-100.87394988769421, 21.332237441796817], [-100.87394076801877, 21.332202342557622]], [[-100.87394076801877, 21.332202342557622], [-100.87390330620732, 21.33221088708456]], [[-100.87391242587472, 21.332245986326377], [-100.87390330620732, 21.33221088708456]], [[-100.87626339056251, 21.331672566175644], [-100.8762259290611, 21.331681111201373]], [[-100.87626339056251, 21.331672566175644], [-100.87625427039303, 21.33163746709776]], [[-100.87625427039303, 21.33163746709776], [-100.87621680889967, 21.33164601212087]], [[-100.8762259290611, 21.331681111201373], [-100.87621680889967, 21.33164601212087]], [[-100.87621680889967, 21.33164601212087], [-100.8761793474013, 21.331654557135938]], [[-100.8761884675547, 21.33168965621905], [-100.8761793474013, 21.331654557135938]], [[-100.8761793474013, 21.331654557135938], [-100.87614188589795, 21.33166310214295]], [[-100.87615100604329, 21.331698201228686], [-100.87614188589795, 21.33166310214295]], [[-100.87614188589795, 21.33166310214295], [-100.8761044243896, 21.331671647141924]], [[-100.87611354452687, 21.331706746230275], [-100.8761044243896, 21.331671647141924]], [[-100.8761044243896, 21.331671647141924], [-100.87606696287622, 21.331680192132847]], [[-100.87607608300547, 21.33171529122382], [-100.87606696287622, 21.331680192132847]], [[-100.87606696287622, 21.331680192132847], [-100.87602950135785, 21.331688737115734]], [[-100.87603862147905, 21.33172383620932], [-100.87602950135785, 21.331688737115734]], [[-100.87602950135785, 21.331688737115734], [-100.87599203983449, 21.331697282090573]], [[-100.87600115994763, 21.331732381186782], [-100.87599203983449, 21.331697282090573]], [[-100.87599203983449, 21.331697282090573], [-100.87595457830612, 21.331705827057366]], [[-100.87596369841123, 21.331740926156186], [-100.87595457830612, 21.331705827057366]], [[-100.87595457830612, 21.331705827057366], [-100.87591711677277, 21.331714372016116]], [[-100.8759262368698, 21.331749471117554], [-100.87591711677277, 21.331714372016116]], [[-100.87591711677277, 21.331714372016116], [-100.87587965523439, 21.331722916966818]], [[-100.87588877532339, 21.33175801607087], [-100.87587965523439, 21.331722916966818]], [[-100.87587965523439, 21.331722916966818], [-100.87584219369101, 21.331731461909474]], [[-100.87585131377196, 21.331766561016153], [-100.87584219369101, 21.331731461909474]], [[-100.87584219369101, 21.331731461909474], [-100.87580473214265, 21.33174000684409]], [[-100.87581385221554, 21.331775105953383], [-100.87580473214265, 21.33174000684409]], [[-100.87580473214265, 21.33174000684409], [-100.87576727058928, 21.33174855177066]], [[-100.87577639065414, 21.331783650882574], [-100.87576727058928, 21.33174855177066]], [[-100.87576727058928, 21.33174855177066], [-100.8757298090309, 21.331757096689188]], [[-100.8757389290877, 21.331792195803715], [-100.8757298090309, 21.331757096689188]], [[-100.8757298090309, 21.331757096689188], [-100.87569234746753, 21.33176564159967]], [[-100.8757014675163, 21.33180074071681], [-100.87569234746753, 21.33176564159967]], [[-100.87569234746753, 21.33176564159967], [-100.87565488589915, 21.331774186502106]], [[-100.87566400593987, 21.331809285621862], [-100.87565488589915, 21.331774186502106]], [[-100.87565488589915, 21.331774186502106], [-100.87561742432578, 21.33178273139649]], [[-100.87562654435844, 21.331817830518872], [-100.87561742432578, 21.33178273139649]], [[-100.87561742432578, 21.33178273139649], [-100.87557996274741, 21.33179127628284]], [[-100.87558908277201, 21.331826375407836], [-100.87557996274741, 21.33179127628284]], [[-100.87557996274741, 21.33179127628284], [-100.87554250116403, 21.331799821161134]], [[-100.8755516211806, 21.33183492028875], [-100.87554250116403, 21.331799821161134]], [[-100.87554250116403, 21.331799821161134], [-100.87550503957567, 21.331808366031396]], [[-100.87551415958417, 21.33184346516163], [-100.87550503957567, 21.331808366031396]], [[-100.87550503957567, 21.331808366031396], [-100.87546757798228, 21.331816910893604]], [[-100.87547669798275, 21.331852010026456], [-100.87546757798228, 21.331816910893604]], [[-100.87546757798228, 21.331816910893604], [-100.87543011638391, 21.33182545574777]], [[-100.87543923637631, 21.33186055488323], [-100.87543011638391, 21.33182545574777]], [[-100.87543011638391, 21.33182545574777], [-100.87539265478053, 21.331834000593894]], [[-100.87540177476488, 21.33186909973198], [-100.87539265478053, 21.331834000593894]], [[-100.87539265478053, 21.331834000593894], [-100.87535519317215, 21.331842545431968]], [[-100.87536431314845, 21.33187764457267], [-100.87535519317215, 21.331842545431968]], [[-100.87535519317215, 21.331842545431968], [-100.87531773155877, 21.331851090262003]], [[-100.87532685152703, 21.331886189405317], [-100.87531773155877, 21.331851090262003]], [[-100.87531773155877, 21.331851090262003], [-100.87528026994038, 21.331859635083987]], [[-100.87528938990059, 21.331894734229923], [-100.87528026994038, 21.331859635083987]], [[-100.87528026994038, 21.331859635083987], [-100.87524280831701, 21.331868179897928]], [[-100.87525192826917, 21.331903279046482], [-100.87524280831701, 21.331868179897928]], [[-100.87524280831701, 21.331868179897928], [-100.87520534668862, 21.33187672470382]], [[-100.87521446663273, 21.33191182385499], [-100.87520534668862, 21.33187672470382]], [[-100.87520534668862, 21.33187672470382], [-100.87516788505523, 21.33188526950168]], [[-100.8751770049913, 21.331920368655464], [-100.87516788505523, 21.33188526950168]], [[-100.87516788505523, 21.33188526950168], [-100.87513042341685, 21.331893814291483]], [[-100.87513954334487, 21.331928913447886], [-100.87513042341685, 21.331893814291483]], [[-100.87513042341685, 21.331893814291483], [-100.87509296177348, 21.331902359073244]], [[-100.87510208169343, 21.331937458232268], [-100.87509296177348, 21.331902359073244]], [[-100.87509296177348, 21.331902359073244], [-100.87505550012509, 21.331910903846957]], [[-100.87506462003701, 21.331946003008596], [-100.87505550012509, 21.331910903846957]], [[-100.87505550012509, 21.331910903846957], [-100.87501803847171, 21.331919448612627]], [[-100.87502715837557, 21.331954547776885], [-100.87501803847171, 21.331919448612627]], [[-100.87501803847171, 21.331919448612627], [-100.87498057681331, 21.33192799337026]], [[-100.87498969670914, 21.331963092537137], [-100.87498057681331, 21.33192799337026]], [[-100.87498057681331, 21.33192799337026], [-100.87494311514992, 21.33193653811984]], [[-100.8749522350377, 21.33197163728933], [-100.87494311514992, 21.33193653811984]], [[-100.87494311514992, 21.33193653811984], [-100.87490565348153, 21.33194508286138]], [[-100.87491477336125, 21.331980182033483], [-100.87490565348153, 21.33194508286138]], [[-100.87490565348153, 21.33194508286138], [-100.87486819180816, 21.331953627594864]], [[-100.87487731167982, 21.331988726769588], [-100.87486819180816, 21.331953627594864]], [[-100.87486819180816, 21.331953627594864], [-100.87483073012976, 21.331962172320313]], [[-100.87483984999339, 21.331997271497652], [-100.87483073012976, 21.331962172320313]], [[-100.87483073012976, 21.331962172320313], [-100.87479326844638, 21.331970717037716]], [[-100.87480238830196, 21.33200581621768], [-100.87479326844638, 21.331970717037716]], [[-100.87479326844638, 21.331970717037716], [-100.87475580675799, 21.33197926174707]], [[-100.87476492660552, 21.33201436092965], [-100.87475580675799, 21.33197926174707]], [[-100.87475580675799, 21.33197926174707], [-100.8747183450646, 21.331987806448378]], [[-100.87472746490407, 21.33202290563358], [-100.8747183450646, 21.331987806448378]], [[-100.8747183450646, 21.331987806448378], [-100.87468088336621, 21.331996351141644]], [[-100.87469000319763, 21.332031450329456], [-100.87468088336621, 21.331996351141644]], [[-100.87468088336621, 21.331996351141644], [-100.87464342166281, 21.33200489582687]], [[-100.8746525414862, 21.332039995017297], [-100.87464342166281, 21.33200489582687]], [[-100.87464342166281, 21.33200489582687], [-100.87460595995442, 21.332013440504042]], [[-100.87461507976975, 21.332048539697094], [-100.87460595995442, 21.332013440504042]], [[-100.87460595995442, 21.332013440504042], [-100.87456849824103, 21.332021985173174]], [[-100.87457761804832, 21.33205708436884], [-100.87456849824103, 21.332021985173174]], [[-100.87456849824103, 21.332021985173174], [-100.87453103652264, 21.33203052983426]], [[-100.87454015632187, 21.33206562903254], [-100.87453103652264, 21.33203052983426]], [[-100.87453103652264, 21.33203052983426], [-100.87449357479925, 21.332039074487298]], [[-100.87450269459043, 21.332074173688195], [-100.87449357479925, 21.332039074487298]], [[-100.87449357479925, 21.332039074487298], [-100.87445611307085, 21.332047619132297]], [[-100.87446523285399, 21.332082718335812], [-100.87445611307085, 21.332047619132297]], [[-100.87445611307085, 21.332047619132297], [-100.87441865133748, 21.33205616376925]], [[-100.87442777111254, 21.33209126297538], [-100.87441865133748, 21.33205616376925]], [[-100.87441865133748, 21.33205616376925], [-100.87438118959908, 21.332064708398146]], [[-100.8743903093661, 21.332099807606895], [-100.87438118959908, 21.332064708398146]], [[-100.87438118959908, 21.332064708398146], [-100.87434372785569, 21.332073253019004]], [[-100.87435284761466, 21.332108352230374], [-100.87434372785569, 21.332073253019004]], [[-100.87434372785569, 21.332073253019004], [-100.8743062661073, 21.332081797631822]], [[-100.87431538585821, 21.332116896845804], [-100.8743062661073, 21.332081797631822]], [[-100.8743062661073, 21.332081797631822], [-100.8742688043539, 21.332090342236597]], [[-100.87427792409677, 21.332125441453194], [-100.8742688043539, 21.332090342236597]], [[-100.8742688043539, 21.332090342236597], [-100.8742313425955, 21.33209888683332]], [[-100.87424046233033, 21.33213398605253], [-100.8742313425955, 21.33209888683332]], [[-100.8742313425955, 21.33209888683332], [-100.8741938808321, 21.332107431421992]], [[-100.8742030005589, 21.33214253064383], [-100.8741938808321, 21.332107431421992]], [[-100.8741938808321, 21.332107431421992], [-100.87415641906371, 21.332115976002626]], [[-100.87416553878245, 21.332151075227078], [-100.87415641906371, 21.332115976002626]], [[-100.87415641906371, 21.332115976002626], [-100.87411895729032, 21.332124520575217]], [[-100.874128077001, 21.33215961980228], [-100.87411895729032, 21.332124520575217]], [[-100.87411895729032, 21.332124520575217], [-100.87408149551193, 21.332133065139757]], [[-100.87409061521456, 21.332168164369442], [-100.87408149551193, 21.332133065139757]], [[-100.87408149551193, 21.332133065139757], [-100.87404403372852, 21.332141609696254]], [[-100.8740531534231, 21.332176708928557], [-100.87404403372852, 21.332141609696254]], [[-100.87404403372852, 21.332141609696254], [-100.87400657194013, 21.332150154244708]], [[-100.87401569162667, 21.332185253479626], [-100.87400657194013, 21.332150154244708]], [[-100.87400657194013, 21.332150154244708], [-100.87396911014673, 21.33215869878511]], [[-100.87397822982521, 21.332193798022644], [-100.87396911014673, 21.33215869878511]], [[-100.87396911014673, 21.33215869878511], [-100.87393164834835, 21.33216724331748]], [[-100.87394076801877, 21.332202342557622], [-100.87393164834835, 21.33216724331748]], [[-100.87393164834835, 21.33216724331748], [-100.87389418654494, 21.332175787841788]], [[-100.87390330620732, 21.33221088708456], [-100.87389418654494, 21.332175787841788]], [[-100.87390330620732, 21.33221088708456], [-100.87386584439088, 21.332219431603445]], [[-100.87389418654494, 21.332175787841788], [-100.87385672473656, 21.332184332358057]], [[-100.87386584439088, 21.332219431603445], [-100.87385672473656, 21.332184332358057]], [[-100.87625427039303, 21.33163746709776], [-100.87624515022854, 21.331602368018928]], [[-100.87624515022854, 21.331602368018928], [-100.87620768874324, 21.331610913039416]], [[-100.87621680889967, 21.33164601212087], [-100.87620768874324, 21.331610913039416]], [[-100.87620768874324, 21.331610913039416], [-100.87617022725293, 21.331619458051858]], [[-100.8761793474013, 21.331654557135938], [-100.87617022725293, 21.331619458051858]], [[-100.87617022725293, 21.331619458051858], [-100.8761327657576, 21.33162800305626]], [[-100.87614188589795, 21.33166310214295], [-100.8761327657576, 21.33162800305626]], [[-100.8761327657576, 21.33162800305626], [-100.87609530425729, 21.331636548052618]], [[-100.8761044243896, 21.331671647141924], [-100.87609530425729, 21.331636548052618]], [[-100.87609530425729, 21.331636548052618], [-100.87605784275199, 21.33164509304093]], [[-100.87606696287622, 21.331680192132847], [-100.87605784275199, 21.33164509304093]], [[-100.87605784275199, 21.33164509304093], [-100.87602038124166, 21.331653638021194]], [[-100.87602950135785, 21.331688737115734], [-100.87602038124166, 21.331653638021194]], [[-100.87602038124166, 21.331653638021194], [-100.87598291972635, 21.331662182993416]], [[-100.87599203983449, 21.331697282090573], [-100.87598291972635, 21.331662182993416]], [[-100.87598291972635, 21.331662182993416], [-100.87594545820603, 21.33167072795759]], [[-100.87595457830612, 21.331705827057366], [-100.87594545820603, 21.33167072795759]], [[-100.87594545820603, 21.33167072795759], [-100.87590799668071, 21.331679272913718]], [[-100.87591711677277, 21.331714372016116], [-100.87590799668071, 21.331679272913718]], [[-100.87590799668071, 21.331679272913718], [-100.87587053515038, 21.331687817861813]], [[-100.87587965523439, 21.331722916966818], [-100.87587053515038, 21.331687817861813]], [[-100.87587053515038, 21.331687817861813], [-100.87583307361507, 21.33169636280185]], [[-100.87584219369101, 21.331731461909474], [-100.87583307361507, 21.33169636280185]], [[-100.87583307361507, 21.33169636280185], [-100.87579561207474, 21.331704907733855]], [[-100.87580473214265, 21.33174000684409], [-100.87579561207474, 21.331704907733855]], [[-100.87579561207474, 21.331704907733855], [-100.87575815052942, 21.331713452657795]], [[-100.87576727058928, 21.33174855177066], [-100.87575815052942, 21.331713452657795]], [[-100.87575815052942, 21.331713452657795], [-100.8757206889791, 21.331721997573705]], [[-100.8757298090309, 21.331757096689188], [-100.8757206889791, 21.331721997573705]], [[-100.8757206889791, 21.331721997573705], [-100.87568322742378, 21.331730542481566]], [[-100.87569234746753, 21.33176564159967], [-100.87568322742378, 21.331730542481566]], [[-100.87568322742378, 21.331730542481566], [-100.87564576586347, 21.331739087381386]], [[-100.87565488589915, 21.331774186502106], [-100.87564576586347, 21.331739087381386]], [[-100.87564576586347, 21.331739087381386], [-100.87560830429813, 21.33174763227316]], [[-100.87561742432578, 21.33178273139649], [-100.87560830429813, 21.33174763227316]], [[-100.87560830429813, 21.33174763227316], [-100.87557084272781, 21.331756177156887]], [[-100.87557996274741, 21.33179127628284], [-100.87557084272781, 21.331756177156887]], [[-100.87557084272781, 21.331756177156887], [-100.87553338115248, 21.331764722032563]], [[-100.87554250116403, 21.331799821161134], [-100.87553338115248, 21.331764722032563]], [[-100.87553338115248, 21.331764722032563], [-100.87549591957216, 21.33177326690021]], [[-100.87550503957567, 21.331808366031396], [-100.87549591957216, 21.33177326690021]], [[-100.87549591957216, 21.33177326690021], [-100.87545845798682, 21.3317818117598]], [[-100.87546757798228, 21.331816910893604], [-100.87545845798682, 21.3317818117598]], [[-100.87545845798682, 21.3317818117598], [-100.87542099639649, 21.33179035661135]], [[-100.87543011638391, 21.33182545574777], [-100.87542099639649, 21.33179035661135]], [[-100.87542099639649, 21.33179035661135], [-100.87538353480116, 21.331798901454857]], [[-100.87539265478053, 21.331834000593894], [-100.87538353480116, 21.331798901454857]], [[-100.87538353480116, 21.331798901454857], [-100.87534607320084, 21.331807446290313]], [[-100.87535519317215, 21.331842545431968], [-100.87534607320084, 21.331807446290313]], [[-100.87534607320084, 21.331807446290313], [-100.87530861159551, 21.331815991117725]], [[-100.87531773155877, 21.331851090262003], [-100.87530861159551, 21.331815991117725]], [[-100.87530861159551, 21.331815991117725], [-100.87527114998518, 21.331824535937095]], [[-100.87528026994038, 21.331859635083987], [-100.87527114998518, 21.331824535937095]], [[-100.87527114998518, 21.331824535937095], [-100.87523368836983, 21.331833080748417]], [[-100.87524280831701, 21.331868179897928], [-100.87523368836983, 21.331833080748417]], [[-100.87523368836983, 21.331833080748417], [-100.8751962267495, 21.331841625551696]], [[-100.87520534668862, 21.33187672470382], [-100.8751962267495, 21.331841625551696]], [[-100.8751962267495, 21.331841625551696], [-100.87515876512417, 21.33185017034694]], [[-100.87516788505523, 21.33188526950168], [-100.87515876512417, 21.33185017034694]], [[-100.87515876512417, 21.33185017034694], [-100.87512130349384, 21.331858715134125]], [[-100.87513042341685, 21.331893814291483], [-100.87512130349384, 21.331858715134125]], [[-100.87512130349384, 21.331858715134125], [-100.87508384185851, 21.331867259913267]], [[-100.87509296177348, 21.331902359073244], [-100.87508384185851, 21.331867259913267]], [[-100.87508384185851, 21.331867259913267], [-100.87504638021817, 21.33187580468437]], [[-100.87505550012509, 21.331910903846957], [-100.87504638021817, 21.33187580468437]], [[-100.87504638021817, 21.33187580468437], [-100.87500891857283, 21.33188434944742]], [[-100.87501803847171, 21.331919448612627], [-100.87500891857283, 21.33188434944742]], [[-100.87500891857283, 21.33188434944742], [-100.8749714569225, 21.331892894202426]], [[-100.87498057681331, 21.33192799337026], [-100.8749714569225, 21.331892894202426]], [[-100.8749714569225, 21.331892894202426], [-100.87493399526716, 21.33190143894939]], [[-100.87494311514992, 21.33193653811984], [-100.87493399526716, 21.33190143894939]], [[-100.87493399526716, 21.33190143894939], [-100.87489653360682, 21.331909983688313]], [[-100.87490565348153, 21.33194508286138], [-100.87489653360682, 21.331909983688313]], [[-100.87489653360682, 21.331909983688313], [-100.87485907194147, 21.331918528419187]], [[-100.87486819180816, 21.331953627594864], [-100.87485907194147, 21.331918528419187]], [[-100.87485907194147, 21.331918528419187], [-100.87482161027114, 21.33192707314202]], [[-100.87483073012976, 21.331962172320313], [-100.87482161027114, 21.33192707314202]], [[-100.87482161027114, 21.33192707314202], [-100.87478414859581, 21.3319356178568]], [[-100.87479326844638, 21.331970717037716], [-100.87478414859581, 21.3319356178568]], [[-100.87478414859581, 21.3319356178568], [-100.87474668691546, 21.331944162563538]], [[-100.87475580675799, 21.33197926174707], [-100.87474668691546, 21.331944162563538]], [[-100.87474668691546, 21.331944162563538], [-100.87470922523012, 21.33195270726223]], [[-100.8747183450646, 21.331987806448378], [-100.87470922523012, 21.33195270726223]], [[-100.87470922523012, 21.33195270726223], [-100.87467176353978, 21.33196125195288]], [[-100.87468088336621, 21.331996351141644], [-100.87467176353978, 21.33196125195288]], [[-100.87467176353978, 21.33196125195288], [-100.87463430184444, 21.33196979663549]], [[-100.87464342166281, 21.33200489582687], [-100.87463430184444, 21.33196979663549]], [[-100.87463430184444, 21.33196979663549], [-100.8745968401441, 21.33197834131004]], [[-100.87460595995442, 21.332013440504042], [-100.8745968401441, 21.33197834131004]], [[-100.8745968401441, 21.33197834131004], [-100.87455937843875, 21.33198688597656]], [[-100.87456849824103, 21.332021985173174], [-100.87455937843875, 21.33198688597656]], [[-100.87455937843875, 21.33198688597656], [-100.87452191672841, 21.331995430635025]], [[-100.87453103652264, 21.33203052983426], [-100.87452191672841, 21.331995430635025]], [[-100.87452191672841, 21.331995430635025], [-100.87448445501308, 21.332003975285453]], [[-100.87449357479925, 21.332039074487298], [-100.87448445501308, 21.332003975285453]], [[-100.87448445501308, 21.332003975285453], [-100.87444699329274, 21.332012519927833]], [[-100.87445611307085, 21.332047619132297], [-100.87444699329274, 21.332012519927833]], [[-100.87444699329274, 21.332012519927833], [-100.8744095315674, 21.332021064562163]], [[-100.87441865133748, 21.33205616376925], [-100.8744095315674, 21.332021064562163]], [[-100.8744095315674, 21.332021064562163], [-100.87437206983704, 21.33202960918845]], [[-100.87438118959908, 21.332064708398146], [-100.87437206983704, 21.33202960918845]], [[-100.87437206983704, 21.33202960918845], [-100.87433460810169, 21.332038153806685]], [[-100.87434372785569, 21.332073253019004], [-100.87433460810169, 21.332038153806685]], [[-100.87433460810169, 21.332038153806685], [-100.87429714636136, 21.332046698416885]], [[-100.8743062661073, 21.332081797631822], [-100.87429714636136, 21.332046698416885]], [[-100.87429714636136, 21.332046698416885], [-100.874259684616, 21.33205524301904]], [[-100.8742688043539, 21.332090342236597], [-100.874259684616, 21.33205524301904]], [[-100.874259684616, 21.33205524301904], [-100.87422222286567, 21.332063787613144]], [[-100.8742313425955, 21.33209888683332], [-100.87422222286567, 21.332063787613144]], [[-100.87422222286567, 21.332063787613144], [-100.87418476111033, 21.332072332199207]], [[-100.8741938808321, 21.332107431421992], [-100.87418476111033, 21.332072332199207]], [[-100.87418476111033, 21.332072332199207], [-100.87414729934997, 21.332080876777226]], [[-100.87415641906371, 21.332115976002626], [-100.87414729934997, 21.332080876777226]], [[-100.87414729934997, 21.332080876777226], [-100.87410983758464, 21.332089421347195]], [[-100.87411895729032, 21.332124520575217], [-100.87410983758464, 21.332089421347195]], [[-100.87410983758464, 21.332089421347195], [-100.87407237581428, 21.332097965909117]], [[-100.87408149551193, 21.332133065139757], [-100.87407237581428, 21.332097965909117]], [[-100.87407237581428, 21.332097965909117], [-100.87403491403894, 21.332106510462996]], [[-100.87404403372852, 21.332141609696254], [-100.87403491403894, 21.332106510462996]], [[-100.87403491403894, 21.332106510462996], [-100.87399745225859, 21.33211505500883]], [[-100.87400657194013, 21.332150154244708], [-100.87399745225859, 21.33211505500883]], [[-100.87399745225859, 21.33211505500883], [-100.87395999047324, 21.332123599546627]], [[-100.87396911014673, 21.33215869878511], [-100.87395999047324, 21.332123599546627]], [[-100.87395999047324, 21.332123599546627], [-100.8739225286829, 21.33213214407637]], [[-100.87393164834835, 21.33216724331748], [-100.8739225286829, 21.33213214407637]], [[-100.8739225286829, 21.33213214407637], [-100.87388506688755, 21.33214068859807]], [[-100.87389418654494, 21.332175787841788], [-100.87388506688755, 21.33214068859807]], [[-100.87388506688755, 21.33214068859807], [-100.87384760508722, 21.33214923311172]], [[-100.87385672473656, 21.332184332358057], [-100.87384760508722, 21.33214923311172]], [[-100.87385672473656, 21.332184332358057], [-100.87381926292315, 21.332192876866284]], [[-100.87384760508722, 21.33214923311172], [-100.87381014328186, 21.332157777617322]], [[-100.87381926292315, 21.332192876866284], [-100.87381014328186, 21.332157777617322]], [[-100.87628261170886, 21.3315938229904], [-100.87624515022854, 21.331602368018928]], [[-100.87628261170886, 21.3315938229904], [-100.87627349154133, 21.331558723913226]], [[-100.87627349154133, 21.331558723913226], [-100.87623603006907, 21.33156726893914]], [[-100.87624515022854, 21.331602368018928], [-100.87623603006907, 21.33156726893914]], [[-100.87623603006907, 21.33156726893914], [-100.87619856859179, 21.331575813957013]], [[-100.87620768874324, 21.331610913039416], [-100.87619856859179, 21.331575813957013]], [[-100.87619856859179, 21.331575813957013], [-100.87616110710954, 21.33158435896684]], [[-100.87617022725293, 21.331619458051858], [-100.87616110710954, 21.33158435896684]], [[-100.87616110710954, 21.33158435896684], [-100.87612364562227, 21.331592903968623]], [[-100.8761327657576, 21.33162800305626], [-100.87612364562227, 21.331592903968623]], [[-100.87612364562227, 21.331592903968623], [-100.87608618413002, 21.331601448962353]], [[-100.87609530425729, 21.331636548052618], [-100.87608618413002, 21.331601448962353]], [[-100.87608618413002, 21.331601448962353], [-100.87604872263275, 21.331609993948057]], [[-100.87605784275199, 21.33164509304093], [-100.87604872263275, 21.331609993948057]], [[-100.87604872263275, 21.331609993948057], [-100.87601126113047, 21.331618538925703]], [[-100.87602038124166, 21.331653638021194], [-100.87601126113047, 21.331618538925703]], [[-100.87601126113047, 21.331618538925703], [-100.87597379962321, 21.331627083895306]], [[-100.87598291972635, 21.331662182993416], [-100.87597379962321, 21.331627083895306]], [[-100.87597379962321, 21.331627083895306], [-100.87593633811093, 21.33163562885686]], [[-100.87594545820603, 21.33167072795759], [-100.87593633811093, 21.33163562885686]], [[-100.87593633811093, 21.33163562885686], [-100.87589887659367, 21.331644173810368]], [[-100.87590799668071, 21.331679272913718], [-100.87589887659367, 21.331644173810368]], [[-100.87589887659367, 21.331644173810368], [-100.8758614150714, 21.33165271875584]], [[-100.87587053515038, 21.331687817861813], [-100.8758614150714, 21.33165271875584]], [[-100.8758614150714, 21.33165271875584], [-100.87582395354413, 21.33166126369327]], [[-100.87583307361507, 21.33169636280185], [-100.87582395354413, 21.33166126369327]], [[-100.87582395354413, 21.33166126369327], [-100.87578649201185, 21.33166980862265]], [[-100.87579561207474, 21.331704907733855], [-100.87578649201185, 21.33166980862265]], [[-100.87578649201185, 21.33166980862265], [-100.87574903047458, 21.331678353543982]], [[-100.87575815052942, 21.331713452657795], [-100.87574903047458, 21.331678353543982]], [[-100.87574903047458, 21.331678353543982], [-100.8757115689323, 21.33168689845727]], [[-100.8757206889791, 21.331721997573705], [-100.8757115689323, 21.33168689845727]], [[-100.8757115689323, 21.33168689845727], [-100.87567410738504, 21.33169544336252]], [[-100.87568322742378, 21.331730542481566], [-100.87567410738504, 21.33169544336252]], [[-100.87567410738504, 21.33169544336252], [-100.87563664583276, 21.331703988259715]], [[-100.87564576586347, 21.331739087381386], [-100.87563664583276, 21.331703988259715]], [[-100.87563664583276, 21.331703988259715], [-100.87559918427547, 21.331712533148867]], [[-100.87560830429813, 21.33174763227316], [-100.87559918427547, 21.331712533148867]], [[-100.87559918427547, 21.331712533148867], [-100.8755617227132, 21.33172107802998]], [[-100.87557084272781, 21.331756177156887], [-100.8755617227132, 21.33172107802998]], [[-100.8755617227132, 21.33172107802998], [-100.87552426114593, 21.331729622903055]], [[-100.87553338115248, 21.331764722032563], [-100.87552426114593, 21.331729622903055]], [[-100.87552426114593, 21.331729622903055], [-100.87548679957365, 21.331738167768073]], [[-100.87549591957216, 21.33177326690021], [-100.87548679957365, 21.331738167768073]], [[-100.87548679957365, 21.331738167768073], [-100.87544933799637, 21.331746712625044]], [[-100.87545845798682, 21.3317818117598], [-100.87544933799637, 21.331746712625044]], [[-100.87544933799637, 21.331746712625044], [-100.87541187641409, 21.331755257473972]], [[-100.87542099639649, 21.33179035661135], [-100.87541187641409, 21.331755257473972]], [[-100.87541187641409, 21.331755257473972], [-100.87537441482681, 21.331763802314864]], [[-100.87538353480116, 21.331798901454857], [-100.87537441482681, 21.331763802314864]], [[-100.87537441482681, 21.331763802314864], [-100.87533695323452, 21.331772347147705]], [[-100.87534607320084, 21.331807446290313], [-100.87533695323452, 21.331772347147705]], [[-100.87533695323452, 21.331772347147705], [-100.87529949163724, 21.331780891972503]], [[-100.87530861159551, 21.331815991117725], [-100.87529949163724, 21.331780891972503]], [[-100.87529949163724, 21.331780891972503], [-100.87526203003496, 21.33178943678925]], [[-100.87527114998518, 21.331824535937095], [-100.87526203003496, 21.33178943678925]], [[-100.87526203003496, 21.33178943678925], [-100.87522456842767, 21.331797981597955]], [[-100.87523368836983, 21.331833080748417], [-100.87522456842767, 21.331797981597955]], [[-100.87522456842767, 21.331797981597955], [-100.87518710681539, 21.331806526398626]], [[-100.8751962267495, 21.331841625551696], [-100.87518710681539, 21.331806526398626]], [[-100.87518710681539, 21.331806526398626], [-100.8751496451981, 21.33181507119124]], [[-100.87515876512417, 21.33185017034694], [-100.8751496451981, 21.33181507119124]], [[-100.8751496451981, 21.33181507119124], [-100.87511218357582, 21.33182361597581]], [[-100.87512130349384, 21.331858715134125], [-100.87511218357582, 21.33182361597581]], [[-100.87511218357582, 21.33182361597581], [-100.87507472194854, 21.331832160752338]], [[-100.87508384185851, 21.331867259913267], [-100.87507472194854, 21.331832160752338]], [[-100.87507472194854, 21.331832160752338], [-100.87503726031625, 21.33184070552082]], [[-100.87504638021817, 21.33187580468437], [-100.87503726031625, 21.33184070552082]], [[-100.87503726031625, 21.33184070552082], [-100.87499979867897, 21.331849250281255]], [[-100.87500891857283, 21.33188434944742], [-100.87499979867897, 21.331849250281255]], [[-100.87499979867897, 21.331849250281255], [-100.87496233703668, 21.33185779503365]], [[-100.8749714569225, 21.331892894202426], [-100.87496233703668, 21.33185779503365]], [[-100.87496233703668, 21.33185779503365], [-100.87492487538938, 21.331866339777992]], [[-100.87493399526716, 21.33190143894939], [-100.87492487538938, 21.331866339777992]], [[-100.87492487538938, 21.331866339777992], [-100.8748874137371, 21.3318748845143]], [[-100.87489653360682, 21.331909983688313], [-100.8748874137371, 21.3318748845143]], [[-100.8748874137371, 21.3318748845143], [-100.8748499520798, 21.331883429242552]], [[-100.87485907194147, 21.331918528419187], [-100.8748499520798, 21.331883429242552]], [[-100.8748499520798, 21.331883429242552], [-100.87481249041751, 21.331891973962772]], [[-100.87482161027114, 21.33192707314202], [-100.87481249041751, 21.331891973962772]], [[-100.87481249041751, 21.331891973962772], [-100.87477502875022, 21.33190051867494]], [[-100.87478414859581, 21.3319356178568], [-100.87477502875022, 21.33190051867494]], [[-100.87477502875022, 21.33190051867494], [-100.87473756707794, 21.331909063379054]], [[-100.87474668691546, 21.331944162563538], [-100.87473756707794, 21.331909063379054]], [[-100.87473756707794, 21.331909063379054], [-100.87470010540065, 21.331917608075134]], [[-100.87470922523012, 21.33195270726223], [-100.87470010540065, 21.331917608075134]], [[-100.87470010540065, 21.331917608075134], [-100.87466264371835, 21.331926152763163]], [[-100.87467176353978, 21.33196125195288], [-100.87466264371835, 21.331926152763163]], [[-100.87466264371835, 21.331926152763163], [-100.87462518203107, 21.331934697443145]], [[-100.87463430184444, 21.33196979663549], [-100.87462518203107, 21.331934697443145]], [[-100.87462518203107, 21.331934697443145], [-100.87458772033877, 21.3319432421151]], [[-100.8745968401441, 21.33197834131004], [-100.87458772033877, 21.3319432421151]], [[-100.87458772033877, 21.3319432421151], [-100.87455025864149, 21.33195178677899]], [[-100.87455937843875, 21.33198688597656], [-100.87455025864149, 21.33195178677899]], [[-100.87455025864149, 21.33195178677899], [-100.87451279693919, 21.331960331434836]], [[-100.87452191672841, 21.331995430635025], [-100.87451279693919, 21.331960331434836]], [[-100.87451279693919, 21.331960331434836], [-100.87447533523189, 21.331968876082648]], [[-100.87448445501308, 21.332003975285453], [-100.87447533523189, 21.331968876082648]], [[-100.87447533523189, 21.331968876082648], [-100.8744378735196, 21.331977420722406]], [[-100.87444699329274, 21.332012519927833], [-100.8744378735196, 21.331977420722406]], [[-100.8744378735196, 21.331977420722406], [-100.87440041180231, 21.33198596535412]], [[-100.8744095315674, 21.332021064562163], [-100.87440041180231, 21.33198596535412]], [[-100.87440041180231, 21.33198596535412], [-100.87436295008001, 21.33199450997779]], [[-100.87437206983704, 21.33202960918845], [-100.87436295008001, 21.33199450997779]], [[-100.87436295008001, 21.33199450997779], [-100.87432548835272, 21.33200305459341]], [[-100.87433460810169, 21.332038153806685], [-100.87432548835272, 21.33200305459341]], [[-100.87432548835272, 21.33200305459341], [-100.87428802662042, 21.332011599201]], [[-100.87429714636136, 21.332046698416885], [-100.87428802662042, 21.332011599201]], [[-100.87428802662042, 21.332011599201], [-100.87425056488313, 21.332020143800534]], [[-100.874259684616, 21.33205524301904], [-100.87425056488313, 21.332020143800534]], [[-100.87425056488313, 21.332020143800534], [-100.87421310314083, 21.332028688392022]], [[-100.87422222286567, 21.332063787613144], [-100.87421310314083, 21.332028688392022]], [[-100.87421310314083, 21.332028688392022], [-100.87417564139353, 21.332037232975466]], [[-100.87418476111033, 21.332072332199207], [-100.87417564139353, 21.332037232975466]], [[-100.87417564139353, 21.332037232975466], [-100.87413817964124, 21.33204577755087]], [[-100.87414729934997, 21.332080876777226], [-100.87413817964124, 21.33204577755087]], [[-100.87413817964124, 21.33204577755087], [-100.87410071788393, 21.332054322118225]], [[-100.87410983758464, 21.332089421347195], [-100.87410071788393, 21.332054322118225]], [[-100.87410071788393, 21.332054322118225], [-100.87406325612166, 21.332062866677532]], [[-100.87407237581428, 21.332097965909117], [-100.87406325612166, 21.332062866677532]], [[-100.87406325612166, 21.332062866677532], [-100.87402579435435, 21.332071411228796]], [[-100.87403491403894, 21.332106510462996], [-100.87402579435435, 21.332071411228796]], [[-100.87402579435435, 21.332071411228796], [-100.87398833258206, 21.332079955772013]], [[-100.87399745225859, 21.33211505500883], [-100.87398833258206, 21.332079955772013]], [[-100.87398833258206, 21.332079955772013], [-100.87395087080476, 21.332088500307187]], [[-100.87395999047324, 21.332123599546627], [-100.87395087080476, 21.332088500307187]], [[-100.87395087080476, 21.332088500307187], [-100.87391340902246, 21.33209704483431]], [[-100.8739225286829, 21.33213214407637], [-100.87391340902246, 21.33209704483431]], [[-100.87391340902246, 21.33209704483431], [-100.87387594723516, 21.33210558935339]], [[-100.87388506688755, 21.33214068859807], [-100.87387594723516, 21.33210558935339]], [[-100.87387594723516, 21.33210558935339], [-100.87383848544286, 21.33211413386443]], [[-100.87384760508722, 21.33214923311172], [-100.87383848544286, 21.33211413386443]], [[-100.87383848544286, 21.33211413386443], [-100.87380102364557, 21.33212267836742]], [[-100.87381014328186, 21.332157777617322], [-100.87380102364557, 21.33212267836742]], [[-100.87627349154133, 21.331558723913226], [-100.87626437137878, 21.3315236248351]], [[-100.87626437137878, 21.3315236248351], [-100.87622690991458, 21.331532169858402]], [[-100.87623603006907, 21.33156726893914], [-100.87622690991458, 21.331532169858402]], [[-100.87622690991458, 21.331532169858402], [-100.87618944844536, 21.331540714873654]], [[-100.87619856859179, 21.331575813957013], [-100.87618944844536, 21.331540714873654]], [[-100.87618944844536, 21.331540714873654], [-100.87615198697115, 21.331549259880862]], [[-100.87616110710954, 21.33158435896684], [-100.87615198697115, 21.331549259880862]], [[-100.87615198697115, 21.331549259880862], [-100.87611452549193, 21.33155780488003]], [[-100.87612364562227, 21.331592903968623], [-100.87611452549193, 21.33155780488003]], [[-100.87611452549193, 21.33155780488003], [-100.87607706400772, 21.331566349871146]], [[-100.87608618413002, 21.331601448962353], [-100.87607706400772, 21.331566349871146]], [[-100.87607706400772, 21.331566349871146], [-100.8760396025185, 21.331574894854224]], [[-100.87604872263275, 21.331609993948057], [-100.8760396025185, 21.331574894854224]], [[-100.8760396025185, 21.331574894854224], [-100.87600214102429, 21.33158343982925]], [[-100.87601126113047, 21.331618538925703], [-100.87600214102429, 21.33158343982925]], [[-100.87600214102429, 21.33158343982925], [-100.87596467952507, 21.33159198479624]], [[-100.87597379962321, 21.331627083895306], [-100.87596467952507, 21.33159198479624]], [[-100.87596467952507, 21.33159198479624], [-100.87592721802083, 21.33160052975518]], [[-100.87593633811093, 21.33163562885686], [-100.87592721802083, 21.33160052975518]], [[-100.87592721802083, 21.33160052975518], [-100.87588975651163, 21.331609074706073]], [[-100.87589887659367, 21.331644173810368], [-100.87588975651163, 21.331609074706073]], [[-100.87588975651163, 21.331609074706073], [-100.8758522949974, 21.33161761964893]], [[-100.8758614150714, 21.33165271875584], [-100.8758522949974, 21.33161761964893]], [[-100.8758522949974, 21.33161761964893], [-100.87581483347817, 21.331626164583735]], [[-100.87582395354413, 21.33166126369327], [-100.87581483347817, 21.331626164583735]], [[-100.87581483347817, 21.331626164583735], [-100.87577737195396, 21.331634709510492]], [[-100.87578649201185, 21.33166980862265], [-100.87577737195396, 21.331634709510492]], [[-100.87577737195396, 21.331634709510492], [-100.87573991042473, 21.331643254429206]], [[-100.87574903047458, 21.331678353543982], [-100.87573991042473, 21.331643254429206]], [[-100.87573991042473, 21.331643254429206], [-100.87570244889051, 21.331651799339888]], [[-100.8757115689323, 21.33168689845727], [-100.87570244889051, 21.331651799339888]], [[-100.87570244889051, 21.331651799339888], [-100.87566498735129, 21.33166034424251]], [[-100.87567410738504, 21.33169544336252], [-100.87566498735129, 21.33166034424251]], [[-100.87566498735129, 21.33166034424251], [-100.87562752580706, 21.331668889137095]], [[-100.87563664583276, 21.331703988259715], [-100.87562752580706, 21.331668889137095]], [[-100.87562752580706, 21.331668889137095], [-100.87559006425784, 21.331677434023632]], [[-100.87559918427547, 21.331712533148867], [-100.87559006425784, 21.331677434023632]], [[-100.87559006425784, 21.331677434023632], [-100.8755526027036, 21.331685978902126]], [[-100.8755617227132, 21.33172107802998], [-100.8755526027036, 21.331685978902126]], [[-100.8755526027036, 21.331685978902126], [-100.87551514114436, 21.331694523772576]], [[-100.87552426114593, 21.331729622903055], [-100.87551514114436, 21.331694523772576]], [[-100.87551514114436, 21.331694523772576], [-100.87547767958014, 21.331703068634976]], [[-100.87548679957365, 21.331738167768073], [-100.87547767958014, 21.331703068634976]], [[-100.87547767958014, 21.331703068634976], [-100.87544021801091, 21.331711613489336]], [[-100.87544933799637, 21.331746712625044], [-100.87544021801091, 21.331711613489336]], [[-100.87544021801091, 21.331711613489336], [-100.87540275643667, 21.331720158335656]], [[-100.87541187641409, 21.331755257473972], [-100.87540275643667, 21.331720158335656]], [[-100.87540275643667, 21.331720158335656], [-100.87536529485745, 21.331728703173923]], [[-100.87537441482681, 21.331763802314864], [-100.87536529485745, 21.331728703173923]], [[-100.87536529485745, 21.331728703173923], [-100.8753278332732, 21.33173724800414]], [[-100.87533695323452, 21.331772347147705], [-100.8753278332732, 21.33173724800414]], [[-100.8753278332732, 21.33173724800414], [-100.87529037168399, 21.331745792826318]], [[-100.87529949163724, 21.331780891972503], [-100.87529037168399, 21.331745792826318]], [[-100.87529037168399, 21.331745792826318], [-100.87525291008974, 21.331754337640454]], [[-100.87526203003496, 21.33178943678925], [-100.87525291008974, 21.331754337640454]], [[-100.87525291008974, 21.331754337640454], [-100.87521544849051, 21.331762882446544]], [[-100.87522456842767, 21.331797981597955], [-100.87521544849051, 21.331762882446544]], [[-100.87521544849051, 21.331762882446544], [-100.87517798688629, 21.33177142724459]], [[-100.87518710681539, 21.331806526398626], [-100.87517798688629, 21.33177142724459]], [[-100.87517798688629, 21.33177142724459], [-100.87514052527705, 21.33177997203459]], [[-100.8751496451981, 21.33181507119124], [-100.87514052527705, 21.33177997203459]], [[-100.87514052527705, 21.33177997203459], [-100.8751030636628, 21.331788516816545]], [[-100.87511218357582, 21.33182361597581], [-100.8751030636628, 21.331788516816545]], [[-100.8751030636628, 21.331788516816545], [-100.87506560204356, 21.331797061590454]], [[-100.87507472194854, 21.331832160752338], [-100.87506560204356, 21.331797061590454]], [[-100.87506560204356, 21.331797061590454], [-100.87502814041933, 21.331805606356316]], [[-100.87503726031625, 21.33184070552082], [-100.87502814041933, 21.331805606356316]], [[-100.87502814041933, 21.331805606356316], [-100.8749906787901, 21.33181415111414]], [[-100.87499979867897, 21.331849250281255], [-100.8749906787901, 21.33181415111414]], [[-100.8749906787901, 21.33181415111414], [-100.87495321715586, 21.331822695863917]], [[-100.87496233703668, 21.33185779503365], [-100.87495321715586, 21.331822695863917]], [[-100.87495321715586, 21.331822695863917], [-100.87491575551661, 21.331831240605645]], [[-100.87492487538938, 21.331866339777992], [-100.87491575551661, 21.331831240605645]], [[-100.87491575551661, 21.331831240605645], [-100.87487829387237, 21.33183978533933]], [[-100.8748874137371, 21.3318748845143], [-100.87487829387237, 21.33183978533933]], [[-100.87487829387237, 21.33183978533933], [-100.87484083222314, 21.331848330064968]], [[-100.8748499520798, 21.331883429242552], [-100.87484083222314, 21.331848330064968]], [[-100.87484083222314, 21.331848330064968], [-100.8748033705689, 21.331856874782567]], [[-100.87481249041751, 21.331891973962772], [-100.8748033705689, 21.331856874782567]], [[-100.8748033705689, 21.331856874782567], [-100.87476590890965, 21.331865419492118]], [[-100.87477502875022, 21.33190051867494], [-100.87476590890965, 21.331865419492118]], [[-100.87476590890965, 21.331865419492118], [-100.87472844724542, 21.331873964193615]], [[-100.87473756707794, 21.331909063379054], [-100.87472844724542, 21.331873964193615]], [[-100.87472844724542, 21.331873964193615], [-100.87469098557617, 21.331882508887073]], [[-100.87470010540065, 21.331917608075134], [-100.87469098557617, 21.331882508887073]], [[-100.87469098557617, 21.331882508887073], [-100.87465352390193, 21.33189105357249]], [[-100.87466264371835, 21.331926152763163], [-100.87465352390193, 21.33189105357249]], [[-100.87465352390193, 21.33189105357249], [-100.87461606222269, 21.331899598249862]], [[-100.87462518203107, 21.331934697443145], [-100.87461606222269, 21.331899598249862]], [[-100.87461606222269, 21.331899598249862], [-100.87457860053846, 21.33190814291919]], [[-100.87458772033877, 21.3319432421151], [-100.87457860053846, 21.33190814291919]], [[-100.87457860053846, 21.33190814291919], [-100.8745411388492, 21.331916687580463]], [[-100.87455025864149, 21.33195178677899], [-100.8745411388492, 21.331916687580463]], [[-100.8745411388492, 21.331916687580463], [-100.87450367715496, 21.331925232233697]], [[-100.87451279693919, 21.331960331434836], [-100.87450367715496, 21.331925232233697]], [[-100.87450367715496, 21.331925232233697], [-100.87446621545573, 21.331933776878888]], [[-100.87447533523189, 21.331968876082648], [-100.87446621545573, 21.331933776878888]], [[-100.87446621545573, 21.331933776878888], [-100.87442875375147, 21.33194232151603]], [[-100.8744378735196, 21.331977420722406], [-100.87442875375147, 21.33194232151603]], [[-100.87442875375147, 21.33194232151603], [-100.87439129204223, 21.331950866145128]], [[-100.87440041180231, 21.33198596535412], [-100.87439129204223, 21.331950866145128]], [[-100.87439129204223, 21.331950866145128], [-100.87435383032798, 21.33195941076618]], [[-100.87436295008001, 21.33199450997779], [-100.87435383032798, 21.33195941076618]], [[-100.87435383032798, 21.33195941076618], [-100.87431636860873, 21.3319679553792]], [[-100.87432548835272, 21.33200305459341], [-100.87431636860873, 21.3319679553792]], [[-100.87431636860873, 21.3319679553792], [-100.87427890688448, 21.331976499984158]], [[-100.87428802662042, 21.332011599201], [-100.87427890688448, 21.331976499984158]], [[-100.87427890688448, 21.331976499984158], [-100.87424144515523, 21.331985044581078]], [[-100.87425056488313, 21.332020143800534], [-100.87424144515523, 21.331985044581078]], [[-100.87424144515523, 21.331985044581078], [-100.874203983421, 21.331993589169947]], [[-100.87421310314083, 21.332028688392022], [-100.874203983421, 21.331993589169947]], [[-100.874203983421, 21.331993589169947], [-100.87416652168174, 21.332002133750773]], [[-100.87417564139353, 21.332037232975466], [-100.87416652168174, 21.332002133750773]], [[-100.87416652168174, 21.332002133750773], [-100.8741290599375, 21.332010678323552]], [[-100.87413817964124, 21.33204577755087], [-100.8741290599375, 21.332010678323552]], [[-100.8741290599375, 21.332010678323552], [-100.87409159818826, 21.33201922288829]], [[-100.87410071788393, 21.332054322118225], [-100.87409159818826, 21.33201922288829]], [[-100.87409159818826, 21.33201922288829], [-100.87405413643401, 21.33202776744498]], [[-100.87406325612166, 21.332062866677532], [-100.87405413643401, 21.33202776744498]], [[-100.87405413643401, 21.33202776744498], [-100.87401667467476, 21.332036311993637]], [[-100.87402579435435, 21.332071411228796], [-100.87401667467476, 21.332036311993637]], [[-100.87401667467476, 21.332036311993637], [-100.87397921291053, 21.33204485653423]], [[-100.87398833258206, 21.332079955772013], [-100.87397921291053, 21.33204485653423]], [[-100.87397921291053, 21.33204485653423], [-100.87394175114127, 21.33205340106679]], [[-100.87395087080476, 21.332088500307187], [-100.87394175114127, 21.33205340106679]], [[-100.87394175114127, 21.33205340106679], [-100.87390428936703, 21.3320619455913]], [[-100.87391340902246, 21.33209704483431], [-100.87390428936703, 21.3320619455913]], [[-100.87390428936703, 21.3320619455913], [-100.87386682758778, 21.33207049010776]], [[-100.87387594723516, 21.33210558935339], [-100.87386682758778, 21.33207049010776]], [[-100.87386682758778, 21.33207049010776], [-100.87382936580353, 21.332079034616182]], [[-100.87383848544286, 21.33211413386443], [-100.87382936580353, 21.332079034616182]], [[-100.87382936580353, 21.332079034616182], [-100.87379190401428, 21.33208757911656]], [[-100.87380102364557, 21.33212267836742], [-100.87379190401428, 21.33208757911656]], [[-100.87380102364557, 21.33212267836742], [-100.87376356184328, 21.332131222862365]], [[-100.87379190401428, 21.33208757911656], [-100.87375444222005, 21.33209612360889]], [[-100.87376356184328, 21.332131222862365], [-100.87375444222005, 21.33209612360889]], [[-100.87626437137878, 21.3315236248351], [-100.87625525122127, 21.331488525756022]], [[-100.87625525122127, 21.331488525756022], [-100.8762177897651, 21.331497070776706]], [[-100.87622690991458, 21.331532169858402], [-100.8762177897651, 21.331497070776706]], [[-100.8762177897651, 21.331497070776706], [-100.87618032830393, 21.331505615789343]], [[-100.87618944844536, 21.331540714873654], [-100.87618032830393, 21.331505615789343]], [[-100.87618032830393, 21.331505615789343], [-100.87614286683777, 21.331514160793937]], [[-100.87615198697115, 21.331549259880862], [-100.87614286683777, 21.331514160793937]], [[-100.87614286683777, 21.331514160793937], [-100.8761054053666, 21.331522705790483]], [[-100.87611452549193, 21.33155780488003], [-100.8761054053666, 21.331522705790483]], [[-100.8761054053666, 21.331522705790483], [-100.87606794389043, 21.331531250778987]], [[-100.87607706400772, 21.331566349871146], [-100.87606794389043, 21.331531250778987]], [[-100.87606794389043, 21.331531250778987], [-100.87603048240926, 21.33153979575944]], [[-100.8760396025185, 21.331574894854224], [-100.87603048240926, 21.33153979575944]], [[-100.87603048240926, 21.33153979575944], [-100.87599302092309, 21.331548340731846]], [[-100.87600214102429, 21.33158343982925], [-100.87599302092309, 21.331548340731846]], [[-100.87599302092309, 21.331548340731846], [-100.87595555943192, 21.33155688569622]], [[-100.87596467952507, 21.33159198479624], [-100.87595555943192, 21.33155688569622]], [[-100.87595555943192, 21.33155688569622], [-100.87591809793575, 21.33156543065254]], [[-100.87592721802083, 21.33160052975518], [-100.87591809793575, 21.33156543065254]], [[-100.87591809793575, 21.33156543065254], [-100.87588063643459, 21.33157397560083]], [[-100.87588975651163, 21.331609074706073], [-100.87588063643459, 21.33157397560083]], [[-100.87588063643459, 21.33157397560083], [-100.8758431749284, 21.331582520541055]], [[-100.8758522949974, 21.33161761964893], [-100.8758431749284, 21.331582520541055]], [[-100.8758431749284, 21.331582520541055], [-100.87580571341724, 21.331591065473244]], [[-100.87581483347817, 21.331626164583735], [-100.87580571341724, 21.331591065473244]], [[-100.87580571341724, 21.331591065473244], [-100.87576825190105, 21.33159961039739]], [[-100.87577737195396, 21.331634709510492], [-100.87576825190105, 21.33159961039739]], [[-100.87576825190105, 21.33159961039739], [-100.87573079037988, 21.33160815531349]], [[-100.87573991042473, 21.331643254429206], [-100.87573079037988, 21.33160815531349]], [[-100.87573079037988, 21.33160815531349], [-100.87569332885371, 21.331616700221545]], [[-100.87570244889051, 21.331651799339888], [-100.87569332885371, 21.331616700221545]], [[-100.87569332885371, 21.331616700221545], [-100.87565586732254, 21.33162524512156]], [[-100.87566498735129, 21.33166034424251], [-100.87565586732254, 21.33162524512156]], [[-100.87565586732254, 21.33162524512156], [-100.87561840578634, 21.33163379001352]], [[-100.87562752580706, 21.331668889137095], [-100.87561840578634, 21.33163379001352]], [[-100.87561840578634, 21.33163379001352], [-100.87558094424517, 21.331642334897438]], [[-100.87559006425784, 21.331677434023632], [-100.87558094424517, 21.331642334897438]], [[-100.87558094424517, 21.331642334897438], [-100.875543482699, 21.33165087977332]], [[-100.8755526027036, 21.331685978902126], [-100.875543482699, 21.33165087977332]], [[-100.875543482699, 21.33165087977332], [-100.87550602114781, 21.33165942464115]], [[-100.87551514114436, 21.331694523772576], [-100.87550602114781, 21.33165942464115]], [[-100.87550602114781, 21.33165942464115], [-100.87546855959162, 21.331667969500934]], [[-100.87547767958014, 21.331703068634976], [-100.87546855959162, 21.331667969500934]], [[-100.87546855959162, 21.331667969500934], [-100.87543109803046, 21.331676514352672]], [[-100.87544021801091, 21.331711613489336], [-100.87543109803046, 21.331676514352672]], [[-100.87543109803046, 21.331676514352672], [-100.87539363646427, 21.33168505919637]], [[-100.87540275643667, 21.331720158335656], [-100.87539363646427, 21.33168505919637]], [[-100.87539363646427, 21.33168505919637], [-100.87535617489308, 21.331693604032022]], [[-100.87536529485745, 21.331728703173923], [-100.87535617489308, 21.331693604032022]], [[-100.87535617489308, 21.331693604032022], [-100.8753187133169, 21.331702148859627]], [[-100.8753278332732, 21.33173724800414], [-100.8753187133169, 21.331702148859627]], [[-100.8753187133169, 21.331702148859627], [-100.87528125173571, 21.33171069367919]], [[-100.87529037168399, 21.331745792826318], [-100.87528125173571, 21.33171069367919]], [[-100.87528125173571, 21.33171069367919], [-100.87524379014953, 21.33171923849071]], [[-100.87525291008974, 21.331754337640454], [-100.87524379014953, 21.33171923849071]], [[-100.87524379014953, 21.33171923849071], [-100.87520632855835, 21.331727783294177]], [[-100.87521544849051, 21.331762882446544], [-100.87520632855835, 21.331727783294177]], [[-100.87520632855835, 21.331727783294177], [-100.87516886696216, 21.331736328089608]], [[-100.87517798688629, 21.33177142724459], [-100.87516886696216, 21.331736328089608]], [[-100.87516886696216, 21.331736328089608], [-100.87513140536097, 21.33174487287699]], [[-100.87514052527705, 21.33177997203459], [-100.87513140536097, 21.33174487287699]], [[-100.87513140536097, 21.33174487287699], [-100.87509394375479, 21.331753417656326]], [[-100.8751030636628, 21.331788516816545], [-100.87509394375479, 21.331753417656326]], [[-100.87509394375479, 21.331753417656326], [-100.8750564821436, 21.331761962427617]], [[-100.87506560204356, 21.331797061590454], [-100.8750564821436, 21.331761962427617]], [[-100.8750564821436, 21.331761962427617], [-100.8750190205274, 21.33177050719087]], [[-100.87502814041933, 21.331805606356316], [-100.8750190205274, 21.33177050719087]], [[-100.8750190205274, 21.33177050719087], [-100.87498155890623, 21.331779051946075]], [[-100.8749906787901, 21.33181415111414], [-100.87498155890623, 21.331779051946075]], [[-100.87498155890623, 21.331779051946075], [-100.87494409728004, 21.33178759669323]], [[-100.87495321715586, 21.331822695863917], [-100.87494409728004, 21.33178759669323]], [[-100.87494409728004, 21.33178759669323], [-100.87490663564884, 21.331796141432342]], [[-100.87491575551661, 21.331831240605645], [-100.87490663564884, 21.331796141432342]], [[-100.87490663564884, 21.331796141432342], [-100.87486917401264, 21.33180468616341]], [[-100.87487829387237, 21.33183978533933], [-100.87486917401264, 21.33180468616341]], [[-100.87486917401264, 21.33180468616341], [-100.87483171237147, 21.33181323088643]], [[-100.87484083222314, 21.331848330064968], [-100.87483171237147, 21.33181323088643]], [[-100.87483171237147, 21.33181323088643], [-100.87479425072527, 21.33182177560141]], [[-100.8748033705689, 21.331856874782567], [-100.87479425072527, 21.33182177560141]], [[-100.87479425072527, 21.33182177560141], [-100.87475678907408, 21.33183032030834]], [[-100.87476590890965, 21.331865419492118], [-100.87475678907408, 21.33183032030834]], [[-100.87475678907408, 21.33183032030834], [-100.87471932741789, 21.331838865007224]], [[-100.87472844724542, 21.331873964193615], [-100.87471932741789, 21.331838865007224]], [[-100.87471932741789, 21.331838865007224], [-100.8746818657567, 21.331847409698067]], [[-100.87469098557617, 21.331882508887073], [-100.8746818657567, 21.331847409698067]], [[-100.8746818657567, 21.331847409698067], [-100.8746444040905, 21.33185595438087]], [[-100.87465352390193, 21.33189105357249], [-100.8746444040905, 21.33185595438087]], [[-100.8746444040905, 21.33185595438087], [-100.8746069424193, 21.33186449905562]], [[-100.87461606222269, 21.331899598249862], [-100.8746069424193, 21.33186449905562]], [[-100.8746069424193, 21.33186449905562], [-100.87456948074312, 21.33187304372232]], [[-100.87457860053846, 21.33190814291919], [-100.87456948074312, 21.33187304372232]], [[-100.87456948074312, 21.33187304372232], [-100.87453201906192, 21.331881588380988]], [[-100.8745411388492, 21.331916687580463], [-100.87453201906192, 21.331881588380988]], [[-100.87453201906192, 21.331881588380988], [-100.87449455737573, 21.33189013303161]], [[-100.87450367715496, 21.331925232233697], [-100.87449455737573, 21.33189013303161]], [[-100.87449455737573, 21.33189013303161], [-100.87445709568453, 21.33189867767418]], [[-100.87446621545573, 21.331933776878888], [-100.87445709568453, 21.33189867767418]], [[-100.87445709568453, 21.33189867767418], [-100.87441963398834, 21.331907222308708]], [[-100.87442875375147, 21.33194232151603], [-100.87441963398834, 21.331907222308708]], [[-100.87441963398834, 21.331907222308708], [-100.87438217228714, 21.331915766935186]], [[-100.87439129204223, 21.331950866145128], [-100.87438217228714, 21.331915766935186]], [[-100.87438217228714, 21.331915766935186], [-100.87434471058096, 21.331924311553628]], [[-100.87435383032798, 21.33195941076618], [-100.87434471058096, 21.331924311553628]], [[-100.87434471058096, 21.331924311553628], [-100.87430724886975, 21.331932856164016]], [[-100.87431636860873, 21.3319679553792], [-100.87430724886975, 21.331932856164016]], [[-100.87430724886975, 21.331932856164016], [-100.87426978715357, 21.331941400766365]], [[-100.87427890688448, 21.331976499984158], [-100.87426978715357, 21.331941400766365]], [[-100.87426978715357, 21.331941400766365], [-100.87423232543236, 21.33194994536066]], [[-100.87424144515523, 21.331985044581078], [-100.87423232543236, 21.33194994536066]], [[-100.87423232543236, 21.33194994536066], [-100.87419486370617, 21.331958489946913]], [[-100.874203983421, 21.331993589169947], [-100.87419486370617, 21.331958489946913]], [[-100.87419486370617, 21.331958489946913], [-100.87415740197497, 21.331967034525128]], [[-100.87416652168174, 21.332002133750773], [-100.87415740197497, 21.331967034525128]], [[-100.87415740197497, 21.331967034525128], [-100.87411994023877, 21.331975579095293]], [[-100.8741290599375, 21.332010678323552], [-100.87411994023877, 21.331975579095293]], [[-100.87411994023877, 21.331975579095293], [-100.87408247849757, 21.331984123657413]], [[-100.87409159818826, 21.33201922288829], [-100.87408247849757, 21.331984123657413]], [[-100.87408247849757, 21.331984123657413], [-100.87404501675138, 21.33199266821149]], [[-100.87405413643401, 21.33202776744498], [-100.87404501675138, 21.33199266821149]], [[-100.87404501675138, 21.33199266821149], [-100.87400755500018, 21.33200121275752]], [[-100.87401667467476, 21.332036311993637], [-100.87400755500018, 21.33200121275752]], [[-100.87400755500018, 21.33200121275752], [-100.87397009324398, 21.332009757295513]], [[-100.87397921291053, 21.33204485653423], [-100.87397009324398, 21.332009757295513]], [[-100.87397009324398, 21.332009757295513], [-100.8739326314828, 21.332018301825446]], [[-100.87394175114127, 21.33205340106679], [-100.8739326314828, 21.332018301825446]], [[-100.8739326314828, 21.332018301825446], [-100.87389516971659, 21.332026846347333]], [[-100.87390428936703, 21.3320619455913], [-100.87389516971659, 21.332026846347333]], [[-100.87389516971659, 21.332026846347333], [-100.8738577079454, 21.332035390861186]], [[-100.87386682758778, 21.33207049010776], [-100.8738577079454, 21.332035390861186]], [[-100.8738577079454, 21.332035390861186], [-100.87382024616919, 21.332043935366983]], [[-100.87382936580353, 21.332079034616182], [-100.87382024616919, 21.332043935366983]], [[-100.87382024616919, 21.332043935366983], [-100.873782784388, 21.332052479864743]], [[-100.87379190401428, 21.33208757911656], [-100.873782784388, 21.332052479864743]], [[-100.873782784388, 21.332052479864743], [-100.8737453226018, 21.332061024354456]], [[-100.87375444222005, 21.33209612360889], [-100.8737453226018, 21.332061024354456]], [[-100.87629271267242, 21.3314799807273], [-100.87625525122127, 21.331488525756022]], [[-100.87629271267242, 21.3314799807273], [-100.87628359251185, 21.33144488164989]], [[-100.87628359251185, 21.33144488164989], [-100.87624613106873, 21.331453426676]], [[-100.87625525122127, 21.331488525756022], [-100.87624613106873, 21.331453426676]], [[-100.87624613106873, 21.331453426676], [-100.87620866962061, 21.331461971694065]], [[-100.8762177897651, 21.331497070776706], [-100.87620866962061, 21.331461971694065]], [[-100.87620866962061, 21.331461971694065], [-100.8761712081675, 21.33147051670408]], [[-100.87618032830393, 21.331505615789343], [-100.8761712081675, 21.33147051670408]], [[-100.8761712081675, 21.33147051670408], [-100.87613374670939, 21.331479061706048]], [[-100.87614286683777, 21.331514160793937], [-100.87613374670939, 21.331479061706048]], [[-100.87613374670939, 21.331479061706048], [-100.87609628524626, 21.331487606699973]], [[-100.8761054053666, 21.331522705790483], [-100.87609628524626, 21.331487606699973]], [[-100.87609628524626, 21.331487606699973], [-100.87605882377815, 21.33149615168587]], [[-100.87606794389043, 21.331531250778987], [-100.87605882377815, 21.33149615168587]], [[-100.87605882377815, 21.33149615168587], [-100.87602136230502, 21.33150469666371]], [[-100.87603048240926, 21.33153979575944], [-100.87602136230502, 21.33150469666371]], [[-100.87602136230502, 21.33150469666371], [-100.87598390082691, 21.3315132416335]], [[-100.87599302092309, 21.331548340731846], [-100.87598390082691, 21.3315132416335]], [[-100.87598390082691, 21.3315132416335], [-100.87594643934378, 21.331521786595246]], [[-100.87595555943192, 21.33155688569622], [-100.87594643934378, 21.331521786595246]], [[-100.87594643934378, 21.331521786595246], [-100.87590897785566, 21.331530331548954]], [[-100.87591809793575, 21.33156543065254], [-100.87590897785566, 21.331530331548954]], [[-100.87590897785566, 21.331530331548954], [-100.87587151636254, 21.33153887649462]], [[-100.87588063643459, 21.33157397560083], [-100.87587151636254, 21.33153887649462]], [[-100.87587151636254, 21.33153887649462], [-100.87583405486441, 21.331547421432234]], [[-100.8758431749284, 21.331582520541055], [-100.87583405486441, 21.331547421432234]], [[-100.87583405486441, 21.331547421432234], [-100.8757965933613, 21.331555966361805]], [[-100.87580571341724, 21.331591065473244], [-100.8757965933613, 21.331555966361805]], [[-100.8757965933613, 21.331555966361805], [-100.87575913185316, 21.33156451128333]], [[-100.87576825190105, 21.33159961039739], [-100.87575913185316, 21.33156451128333]], [[-100.87575913185316, 21.33156451128333], [-100.87572167034004, 21.331573056196813]], [[-100.87573079037988, 21.33160815531349], [-100.87572167034004, 21.331573056196813]], [[-100.87572167034004, 21.331573056196813], [-100.87568420882191, 21.331581601102254]], [[-100.87569332885371, 21.331616700221545], [-100.87568420882191, 21.331581601102254]], [[-100.87568420882191, 21.331581601102254], [-100.87564674729879, 21.33159014599964]], [[-100.87565586732254, 21.33162524512156], [-100.87564674729879, 21.33159014599964]], [[-100.87564674729879, 21.33159014599964], [-100.87560928577065, 21.33159869088899]], [[-100.87561840578634, 21.33163379001352], [-100.87560928577065, 21.33159869088899]], [[-100.87560928577065, 21.33159869088899], [-100.87557182423751, 21.331607235770296]], [[-100.87558094424517, 21.331642334897438], [-100.87557182423751, 21.331607235770296]], [[-100.87557182423751, 21.331607235770296], [-100.8755343626994, 21.331615780643553]], [[-100.875543482699, 21.33165087977332], [-100.8755343626994, 21.331615780643553]], [[-100.8755343626994, 21.331615780643553], [-100.87549690115627, 21.331624325508763]], [[-100.87550602114781, 21.33165942464115], [-100.87549690115627, 21.331624325508763]], [[-100.87549690115627, 21.331624325508763], [-100.87545943960814, 21.33163287036594]], [[-100.87546855959162, 21.331667969500934], [-100.87545943960814, 21.33163287036594]], [[-100.87545943960814, 21.33163287036594], [-100.875421978055, 21.33164141521506]], [[-100.87543109803046, 21.331676514352672], [-100.875421978055, 21.33164141521506]], [[-100.875421978055, 21.33164141521506], [-100.87538451649687, 21.331649960056136]], [[-100.87539363646427, 21.33168505919637], [-100.87538451649687, 21.331649960056136]], [[-100.87538451649687, 21.331649960056136], [-100.87534705493374, 21.331658504889173]], [[-100.87535617489308, 21.331693604032022], [-100.87534705493374, 21.331658504889173]], [[-100.87534705493374, 21.331658504889173], [-100.87530959336559, 21.331667049714163]], [[-100.8753187133169, 21.331702148859627], [-100.87530959336559, 21.331667049714163]], [[-100.87530959336559, 21.331667049714163], [-100.87527213179246, 21.331675594531106]], [[-100.87528125173571, 21.33171069367919], [-100.87527213179246, 21.331675594531106]], [[-100.87527213179246, 21.331675594531106], [-100.87523467021433, 21.331684139340002]], [[-100.87524379014953, 21.33171923849071], [-100.87523467021433, 21.331684139340002]], [[-100.87523467021433, 21.331684139340002], [-100.87519720863119, 21.33169268414086]], [[-100.87520632855835, 21.331727783294177], [-100.87519720863119, 21.33169268414086]], [[-100.87519720863119, 21.33169268414086], [-100.87515974704306, 21.33170122893367]], [[-100.87516886696216, 21.331736328089608], [-100.87515974704306, 21.33170122893367]], [[-100.87515974704306, 21.33170122893367], [-100.87512228544992, 21.33170977371843]], [[-100.87513140536097, 21.33174487287699], [-100.87512228544992, 21.33170977371843]], [[-100.87512228544992, 21.33170977371843], [-100.87508482385178, 21.33171831849516]], [[-100.87509394375479, 21.331753417656326], [-100.87508482385178, 21.33171831849516]], [[-100.87508482385178, 21.33171831849516], [-100.87504736224864, 21.331726863263828]], [[-100.8750564821436, 21.331761962427617], [-100.87504736224864, 21.331726863263828]], [[-100.87504736224864, 21.331726863263828], [-100.8750099006405, 21.331735408024464]], [[-100.8750190205274, 21.33177050719087], [-100.8750099006405, 21.331735408024464]], [[-100.8750099006405, 21.331735408024464], [-100.87497243902736, 21.33174395277705]], [[-100.87498155890623, 21.331779051946075], [-100.87497243902736, 21.33174395277705]], [[-100.87497243902736, 21.33174395277705], [-100.87493497740921, 21.331752497521585]], [[-100.87494409728004, 21.33178759669323], [-100.87493497740921, 21.331752497521585]], [[-100.87493497740921, 21.331752497521585], [-100.87489751578609, 21.331761042258083]], [[-100.87490663564884, 21.331796141432342], [-100.87489751578609, 21.331761042258083]], [[-100.87489751578609, 21.331761042258083], [-100.87486005415793, 21.331769586986532]], [[-100.87486917401264, 21.33180468616341], [-100.87486005415793, 21.331769586986532]], [[-100.87486005415793, 21.331769586986532], [-100.8748225925248, 21.33177813170694]], [[-100.87483171237147, 21.33181323088643], [-100.8748225925248, 21.33177813170694]], [[-100.8748225925248, 21.33177813170694], [-100.87478513088665, 21.331786676419295]], [[-100.87479425072527, 21.33182177560141], [-100.87478513088665, 21.331786676419295]], [[-100.87478513088665, 21.331786676419295], [-100.87474766924352, 21.331795221123613]], [[-100.87475678907408, 21.33183032030834], [-100.87474766924352, 21.331795221123613]], [[-100.87474766924352, 21.331795221123613], [-100.87471020759537, 21.33180376581989]], [[-100.87471932741789, 21.331838865007224], [-100.87471020759537, 21.33180376581989]], [[-100.87471020759537, 21.33180376581989], [-100.87467274594223, 21.331812310508116]], [[-100.8746818657567, 21.331847409698067], [-100.87467274594223, 21.331812310508116]], [[-100.87467274594223, 21.331812310508116], [-100.87463528428408, 21.33182085518829]], [[-100.8746444040905, 21.33185595438087], [-100.87463528428408, 21.33182085518829]], [[-100.87463528428408, 21.33182085518829], [-100.87459782262093, 21.33182939986043]], [[-100.8746069424193, 21.33186449905562], [-100.87459782262093, 21.33182939986043]], [[-100.87459782262093, 21.33182939986043], [-100.8745603609528, 21.331837944524516]], [[-100.87456948074312, 21.33187304372232], [-100.8745603609528, 21.331837944524516]], [[-100.8745603609528, 21.331837944524516], [-100.87452289927965, 21.331846489180563]], [[-100.87453201906192, 21.331881588380988], [-100.87452289927965, 21.331846489180563]], [[-100.87452289927965, 21.331846489180563], [-100.8744854376015, 21.331855033828564]], [[-100.87449455737573, 21.33189013303161], [-100.8744854376015, 21.331855033828564]], [[-100.8744854376015, 21.331855033828564], [-100.87444797591836, 21.331863578468514]], [[-100.87445709568453, 21.33189867767418], [-100.87444797591836, 21.331863578468514]], [[-100.87444797591836, 21.331863578468514], [-100.87441051423022, 21.331872123100425]], [[-100.87441963398834, 21.331907222308708], [-100.87441051423022, 21.331872123100425]], [[-100.87441051423022, 21.331872123100425], [-100.87437305253707, 21.331880667724292]], [[-100.87438217228714, 21.331915766935186], [-100.87437305253707, 21.331880667724292]], [[-100.87437305253707, 21.331880667724292], [-100.87433559083892, 21.331889212340112]], [[-100.87434471058096, 21.331924311553628], [-100.87433559083892, 21.331889212340112]], [[-100.87433559083892, 21.331889212340112], [-100.87429812913578, 21.33189775694789]], [[-100.87430724886975, 21.331932856164016], [-100.87429812913578, 21.33189775694789]], [[-100.87429812913578, 21.33189775694789], [-100.87426066742763, 21.331906301547615]], [[-100.87426978715357, 21.331941400766365], [-100.87426066742763, 21.331906301547615]], [[-100.87426066742763, 21.331906301547615], [-100.87422320571447, 21.33191484613929]], [[-100.87423232543236, 21.33194994536066], [-100.87422320571447, 21.33191484613929]], [[-100.87422320571447, 21.33191484613929], [-100.87418574399634, 21.331923390722935]], [[-100.87419486370617, 21.331958489946913], [-100.87418574399634, 21.331923390722935]], [[-100.87418574399634, 21.331923390722935], [-100.87414828227318, 21.33193193529853]], [[-100.87415740197497, 21.331967034525128], [-100.87414828227318, 21.33193193529853]], [[-100.87414828227318, 21.33193193529853], [-100.87411082054504, 21.331940479866077]], [[-100.87411994023877, 21.331975579095293], [-100.87411082054504, 21.331940479866077]], [[-100.87411082054504, 21.331940479866077], [-100.8740733588119, 21.331949024425583]], [[-100.87408247849757, 21.331984123657413], [-100.8740733588119, 21.331949024425583]], [[-100.8740733588119, 21.331949024425583], [-100.87403589707374, 21.331957568977046]], [[-100.87404501675138, 21.33199266821149], [-100.87403589707374, 21.331957568977046]], [[-100.87403589707374, 21.331957568977046], [-100.8739984353306, 21.33196611352045]], [[-100.87400755500018, 21.33200121275752], [-100.8739984353306, 21.33196611352045]], [[-100.8739984353306, 21.33196611352045], [-100.87396097358246, 21.33197465805582]], [[-100.87397009324398, 21.332009757295513], [-100.87396097358246, 21.33197465805582]], [[-100.87396097358246, 21.33197465805582], [-100.8739235118293, 21.331983202583142]], [[-100.8739326314828, 21.332018301825446], [-100.8739235118293, 21.331983202583142]], [[-100.8739235118293, 21.331983202583142], [-100.87388605007115, 21.33199174710242]], [[-100.87389516971659, 21.332026846347333], [-100.87388605007115, 21.33199174710242]], [[-100.87388605007115, 21.33199174710242], [-100.87384858830801, 21.33200029161365]], [[-100.8738577079454, 21.332035390861186], [-100.87384858830801, 21.33200029161365]], [[-100.87384858830801, 21.33200029161365], [-100.87381112653986, 21.332008836116838]], [[-100.87382024616919, 21.332043935366983], [-100.87381112653986, 21.332008836116838]], [[-100.87381112653986, 21.332008836116838], [-100.87377366476672, 21.332017380611983]], [[-100.873782784388, 21.332052479864743], [-100.87377366476672, 21.332017380611983]], [[-100.87377366476672, 21.332017380611983], [-100.87373620298855, 21.332025925099074]], [[-100.8737453226018, 21.332061024354456], [-100.87373620298855, 21.332025925099074]], [[-100.8737453226018, 21.332061024354456], [-100.8737078608106, 21.33206956883613]], [[-100.87373620298855, 21.332025925099074], [-100.8736987412054, 21.33203446957813]], [[-100.8737078608106, 21.33206956883613], [-100.8736987412054, 21.33203446957813]], [[-100.87628359251185, 21.33144488164989], [-100.87627447235627, 21.33140978257152]], [[-100.87627447235627, 21.33140978257152], [-100.8762370109212, 21.331418327595017]], [[-100.87624613106873, 21.331453426676], [-100.8762370109212, 21.331418327595017]], [[-100.8762370109212, 21.331418327595017], [-100.87619954948113, 21.331426872610457]], [[-100.87620866962061, 21.331461971694065], [-100.87619954948113, 21.331426872610457]], [[-100.87619954948113, 21.331426872610457], [-100.87616208803607, 21.331435417617858]], [[-100.8761712081675, 21.33147051670408], [-100.87616208803607, 21.331435417617858]], [[-100.87616208803607, 21.331435417617858], [-100.876124626586, 21.331443962617218]], [[-100.87613374670939, 21.331479061706048], [-100.876124626586, 21.331443962617218]], [[-100.876124626586, 21.331443962617218], [-100.87608716513094, 21.331452507608518]], [[-100.87609628524626, 21.331487606699973], [-100.87608716513094, 21.331452507608518]], [[-100.87608716513094, 21.331452507608518], [-100.87604970367086, 21.331461052591788]], [[-100.87605882377815, 21.33149615168587], [-100.87604970367086, 21.331461052591788]], [[-100.87604970367086, 21.331461052591788], [-100.87601224220579, 21.331469597567015]], [[-100.87602136230502, 21.33150469666371], [-100.87601224220579, 21.331469597567015]], [[-100.87601224220579, 21.331469597567015], [-100.87597478073572, 21.33147814253419]], [[-100.87598390082691, 21.3315132416335], [-100.87597478073572, 21.33147814253419]], [[-100.87597478073572, 21.33147814253419], [-100.87593731926064, 21.33148668749332]], [[-100.87594643934378, 21.331521786595246], [-100.87593731926064, 21.33148668749332]], [[-100.87593731926064, 21.33148668749332], [-100.87589985778058, 21.331495232444414]], [[-100.87590897785566, 21.331530331548954], [-100.87589985778058, 21.331495232444414]], [[-100.87589985778058, 21.331495232444414], [-100.87586239629549, 21.331503777387454]], [[-100.87587151636254, 21.33153887649462], [-100.87586239629549, 21.331503777387454]], [[-100.87586239629549, 21.331503777387454], [-100.87582493480542, 21.331512322322453]], [[-100.87583405486441, 21.331547421432234], [-100.87582493480542, 21.331512322322453]], [[-100.87582493480542, 21.331512322322453], [-100.87578747331034, 21.331520867249406]], [[-100.8757965933613, 21.331555966361805], [-100.87578747331034, 21.331520867249406]], [[-100.87578747331034, 21.331520867249406], [-100.87575001181027, 21.33152941216831]], [[-100.87575913185316, 21.33156451128333], [-100.87575001181027, 21.33152941216831]], [[-100.87575001181027, 21.33152941216831], [-100.8757125503052, 21.33153795707918]], [[-100.87572167034004, 21.331573056196813], [-100.8757125503052, 21.33153795707918]], [[-100.8757125503052, 21.33153795707918], [-100.87567508879512, 21.331546501982004]], [[-100.87568420882191, 21.331581601102254], [-100.87567508879512, 21.331546501982004]], [[-100.87567508879512, 21.331546501982004], [-100.87563762728003, 21.331555046876783]], [[-100.87564674729879, 21.33159014599964], [-100.87563762728003, 21.331555046876783]], [[-100.87563762728003, 21.331555046876783], [-100.87560016575995, 21.331563591763512]], [[-100.87560928577065, 21.33159869088899], [-100.87560016575995, 21.331563591763512]], [[-100.87560016575995, 21.331563591763512], [-100.87556270423488, 21.331572136642198]], [[-100.87557182423751, 21.331607235770296], [-100.87556270423488, 21.331572136642198]], [[-100.87556270423488, 21.331572136642198], [-100.8755252427048, 21.331580681512833]], [[-100.8755343626994, 21.331615780643553], [-100.8755252427048, 21.331580681512833]], [[-100.8755252427048, 21.331580681512833], [-100.87548778116971, 21.331589226375435]], [[-100.87549690115627, 21.331624325508763], [-100.87548778116971, 21.331589226375435]], [[-100.87548778116971, 21.331589226375435], [-100.87545031962962, 21.33159777122998]], [[-100.87545943960814, 21.33163287036594], [-100.87545031962962, 21.33159777122998]], [[-100.87545031962962, 21.33159777122998], [-100.87541285808454, 21.33160631607649]], [[-100.875421978055, 21.33164141521506], [-100.87541285808454, 21.33160631607649]], [[-100.87541285808454, 21.33160631607649], [-100.87537539653447, 21.33161486091495]], [[-100.87538451649687, 21.331649960056136], [-100.87537539653447, 21.33161486091495]], [[-100.87537539653447, 21.33161486091495], [-100.87533793497937, 21.331623405745372]], [[-100.87534705493374, 21.331658504889173], [-100.87533793497937, 21.331623405745372]], [[-100.87533793497937, 21.331623405745372], [-100.87530047341929, 21.331631950567743]], [[-100.87530959336559, 21.331667049714163], [-100.87530047341929, 21.331631950567743]], [[-100.87530047341929, 21.331631950567743], [-100.8752630118542, 21.33164049538207]], [[-100.87527213179246, 21.331675594531106], [-100.8752630118542, 21.33164049538207]], [[-100.8752630118542, 21.33164049538207], [-100.87522555028411, 21.33164904018835]], [[-100.87523467021433, 21.331684139340002], [-100.87522555028411, 21.33164904018835]], [[-100.87522555028411, 21.33164904018835], [-100.87518808870904, 21.331657584986587]], [[-100.87519720863119, 21.33169268414086], [-100.87518808870904, 21.331657584986587]], [[-100.87518808870904, 21.331657584986587], [-100.87515062712895, 21.33166612977678]], [[-100.87515974704306, 21.33170122893367], [-100.87515062712895, 21.33166612977678]], [[-100.87515062712895, 21.33166612977678], [-100.87511316554385, 21.331674674558933]], [[-100.87512228544992, 21.33170977371843], [-100.87511316554385, 21.331674674558933]], [[-100.87511316554385, 21.331674674558933], [-100.87507570395375, 21.331683219333033]], [[-100.87508482385178, 21.33171831849516], [-100.87507570395375, 21.331683219333033]], [[-100.87507570395375, 21.331683219333033], [-100.87503824235867, 21.331691764099094]], [[-100.87504736224864, 21.331726863263828], [-100.87503824235867, 21.331691764099094]], [[-100.87503824235867, 21.331691764099094], [-100.87500078075858, 21.3317003088571]], [[-100.8750099006405, 21.331735408024464], [-100.87500078075858, 21.3317003088571]], [[-100.87500078075858, 21.3317003088571], [-100.8749633191535, 21.331708853607072]], [[-100.87497243902736, 21.33174395277705], [-100.8749633191535, 21.331708853607072]], [[-100.8749633191535, 21.331708853607072], [-100.8749258575434, 21.331717398348996]], [[-100.87493497740921, 21.331752497521585], [-100.8749258575434, 21.331717398348996]], [[-100.8749258575434, 21.331717398348996], [-100.87488839592831, 21.331725943082873]], [[-100.87489751578609, 21.331761042258083], [-100.87488839592831, 21.331725943082873]], [[-100.87488839592831, 21.331725943082873], [-100.87485093430821, 21.331734487808706]], [[-100.87486005415793, 21.331769586986532], [-100.87485093430821, 21.331734487808706]], [[-100.87485093430821, 21.331734487808706], [-100.87481347268313, 21.331743032526497]], [[-100.8748225925248, 21.33177813170694], [-100.87481347268313, 21.331743032526497]], [[-100.87481347268313, 21.331743032526497], [-100.87477601105303, 21.331751577236236]], [[-100.87478513088665, 21.331786676419295], [-100.87477601105303, 21.331751577236236]], [[-100.87477601105303, 21.331751577236236], [-100.87473854941794, 21.331760121937943]], [[-100.87474766924352, 21.331795221123613], [-100.87473854941794, 21.331760121937943]], [[-100.87473854941794, 21.331760121937943], [-100.87470108777785, 21.33176866663159]], [[-100.87471020759537, 21.33180376581989], [-100.87470108777785, 21.33176866663159]], [[-100.87470108777785, 21.33176866663159], [-100.87466362613274, 21.3317772113172]], [[-100.87467274594223, 21.331812310508116], [-100.87466362613274, 21.3317772113172]], [[-100.87466362613274, 21.3317772113172], [-100.87462616448266, 21.331785755994762]], [[-100.87463528428408, 21.33182085518829], [-100.87462616448266, 21.331785755994762]], [[-100.87462616448266, 21.331785755994762], [-100.87458870282755, 21.331794300664278]], [[-100.87459782262093, 21.33182939986043], [-100.87458870282755, 21.331794300664278]], [[-100.87458870282755, 21.331794300664278], [-100.87455124116747, 21.33180284532575]], [[-100.8745603609528, 21.331837944524516], [-100.87455124116747, 21.33180284532575]], [[-100.87455124116747, 21.33180284532575], [-100.87451377950237, 21.331811389979183]], [[-100.87452289927965, 21.331846489180563], [-100.87451377950237, 21.331811389979183]], [[-100.87451377950237, 21.331811389979183], [-100.87447631783228, 21.331819934624566]], [[-100.8744854376015, 21.331855033828564], [-100.87447631783228, 21.331819934624566]], [[-100.87447631783228, 21.331819934624566], [-100.87443885615718, 21.3318284792619]], [[-100.87444797591836, 21.331863578468514], [-100.87443885615718, 21.3318284792619]], [[-100.87443885615718, 21.3318284792619], [-100.87440139447708, 21.331837023891197]], [[-100.87441051423022, 21.331872123100425], [-100.87440139447708, 21.331837023891197]], [[-100.87440139447708, 21.331837023891197], [-100.874363932792, 21.331845568512442]], [[-100.87437305253707, 21.331880667724292], [-100.874363932792, 21.331845568512442]], [[-100.874363932792, 21.331845568512442], [-100.8743264711019, 21.331854113125654]], [[-100.87433559083892, 21.331889212340112], [-100.8743264711019, 21.331854113125654]], [[-100.8743264711019, 21.331854113125654], [-100.8742890094068, 21.331862657730806]], [[-100.87429812913578, 21.33189775694789], [-100.8742890094068, 21.331862657730806]], [[-100.8742890094068, 21.331862657730806], [-100.87425154770669, 21.331871202327918]], [[-100.87426066742763, 21.331906301547615], [-100.87425154770669, 21.331871202327918]], [[-100.87425154770669, 21.331871202327918], [-100.8742140860016, 21.331879746916982]], [[-100.87422320571447, 21.33191484613929], [-100.8742140860016, 21.331879746916982]], [[-100.8742140860016, 21.331879746916982], [-100.87417662429151, 21.331888291498]], [[-100.87418574399634, 21.331923390722935], [-100.87417662429151, 21.331888291498]], [[-100.87417662429151, 21.331888291498], [-100.87413916257641, 21.331896836070978]], [[-100.87414828227318, 21.33193193529853], [-100.87413916257641, 21.331896836070978]], [[-100.87413916257641, 21.331896836070978], [-100.87410170085631, 21.331905380635913]], [[-100.87411082054504, 21.331940479866077], [-100.87410170085631, 21.331905380635913]], [[-100.87410170085631, 21.331905380635913], [-100.87406423913122, 21.331913925192804]], [[-100.8740733588119, 21.331949024425583], [-100.87406423913122, 21.331913925192804]], [[-100.87406423913122, 21.331913925192804], [-100.87402677740111, 21.33192246974164]], [[-100.87403589707374, 21.331957568977046], [-100.87402677740111, 21.33192246974164]], [[-100.87402677740111, 21.33192246974164], [-100.87398931566601, 21.331931014282443]], [[-100.8739984353306, 21.33196611352045], [-100.87398931566601, 21.331931014282443]], [[-100.87398931566601, 21.331931014282443], [-100.87395185392592, 21.33193955881519]], [[-100.87396097358246, 21.33197465805582], [-100.87395185392592, 21.33193955881519]], [[-100.87395185392592, 21.33193955881519], [-100.87391439218082, 21.331948103339894]], [[-100.8739235118293, 21.331983202583142], [-100.87391439218082, 21.331948103339894]], [[-100.87391439218082, 21.331948103339894], [-100.87387693043073, 21.331956647856543]], [[-100.87388605007115, 21.33199174710242], [-100.87387693043073, 21.331956647856543]], [[-100.87387693043073, 21.331956647856543], [-100.87383946867563, 21.33196519236516]], [[-100.87384858830801, 21.33200029161365], [-100.87383946867563, 21.33196519236516]], [[-100.87383946867563, 21.33196519236516], [-100.87380200691553, 21.33197373686574]], [[-100.87381112653986, 21.332008836116838], [-100.87380200691553, 21.33197373686574]], [[-100.87380200691553, 21.33197373686574], [-100.87376454515042, 21.33198228135826]], [[-100.87377366476672, 21.332017380611983], [-100.87376454515042, 21.33198228135826]], [[-100.87376454515042, 21.33198228135826], [-100.87372708338033, 21.33199082584274]], [[-100.87373620298855, 21.332025925099074], [-100.87372708338033, 21.33199082584274]], [[-100.87372708338033, 21.33199082584274], [-100.87368962160524, 21.33199937031917]], [[-100.8736987412054, 21.33203446957813], [-100.87368962160524, 21.33199937031917]], [[-100.87631193378633, 21.331401237539986], [-100.87627447235627, 21.33140978257152]], [[-100.87631193378633, 21.331401237539986], [-100.87630281362772, 21.331366138463284]], [[-100.87630281362772, 21.331366138463284], [-100.87626535220569, 21.331374683492207]], [[-100.87627447235627, 21.33140978257152], [-100.87626535220569, 21.331374683492207]], [[-100.87626535220569, 21.331374683492207], [-100.87622789077868, 21.331383228513076]], [[-100.8762370109212, 21.331418327595017], [-100.87622789077868, 21.331383228513076]], [[-100.87622789077868, 21.331383228513076], [-100.87619042934666, 21.331391773525908]], [[-100.87619954948113, 21.331426872610457], [-100.87619042934666, 21.331391773525908]], [[-100.87619042934666, 21.331391773525908], [-100.87615296790965, 21.33140031853069]], [[-100.87616208803607, 21.331435417617858], [-100.87615296790965, 21.33140031853069]], [[-100.87615296790965, 21.33140031853069], [-100.87611550646761, 21.33140886352742]], [[-100.876124626586, 21.331443962617218], [-100.87611550646761, 21.33140886352742]], [[-100.87611550646761, 21.33140886352742], [-100.87607804502059, 21.33141740851612]], [[-100.87608716513094, 21.331452507608518], [-100.87607804502059, 21.33141740851612]], [[-100.87607804502059, 21.33141740851612], [-100.87604058356858, 21.33142595349677]], [[-100.87604970367086, 21.331461052591788], [-100.87604058356858, 21.33142595349677]], [[-100.87604058356858, 21.33142595349677], [-100.87600312211156, 21.331434498469363]], [[-100.87601224220579, 21.331469597567015], [-100.87600312211156, 21.331434498469363]], [[-100.87600312211156, 21.331434498469363], [-100.87596566064954, 21.331443043433932]], [[-100.87597478073572, 21.33147814253419], [-100.87596566064954, 21.331443043433932]], [[-100.87596566064954, 21.331443043433932], [-100.87592819918251, 21.33145158839045]], [[-100.87593731926064, 21.33148668749332], [-100.87592819918251, 21.33145158839045]], [[-100.87592819918251, 21.33145158839045], [-100.87589073771048, 21.331460133338922]], [[-100.87589985778058, 21.331495232444414], [-100.87589073771048, 21.331460133338922]], [[-100.87589073771048, 21.331460133338922], [-100.87585327623346, 21.331468678279347]], [[-100.87586239629549, 21.331503777387454], [-100.87585327623346, 21.331468678279347]], [[-100.87585327623346, 21.331468678279347], [-100.87581581475143, 21.33147722321172]], [[-100.87582493480542, 21.331512322322453], [-100.87581581475143, 21.33147722321172]], [[-100.87581581475143, 21.33147722321172], [-100.87577835326441, 21.33148576813606]], [[-100.87578747331034, 21.331520867249406], [-100.87577835326441, 21.33148576813606]], [[-100.87577835326441, 21.33148576813606], [-100.87574089177238, 21.331494313052357]], [[-100.87575001181027, 21.33152941216831], [-100.87574089177238, 21.331494313052357]], [[-100.87574089177238, 21.331494313052357], [-100.87570343027535, 21.331502857960604]], [[-100.8757125503052, 21.33153795707918], [-100.87570343027535, 21.331502857960604]], [[-100.87570343027535, 21.331502857960604], [-100.8756659687733, 21.33151140286081]], [[-100.87567508879512, 21.331546501982004], [-100.8756659687733, 21.33151140286081]], [[-100.8756659687733, 21.33151140286081], [-100.87562850726628, 21.33151994775296]], [[-100.87563762728003, 21.331555046876783], [-100.87562850726628, 21.33151994775296]], [[-100.87562850726628, 21.33151994775296], [-100.87559104575426, 21.331528492637073]], [[-100.87560016575995, 21.331563591763512], [-100.87559104575426, 21.331528492637073]], [[-100.87559104575426, 21.331528492637073], [-100.87555358423722, 21.331537037513147]], [[-100.87556270423488, 21.331572136642198], [-100.87555358423722, 21.331537037513147]], [[-100.87555358423722, 21.331537037513147], [-100.8755161227152, 21.331545582381167]], [[-100.8755252427048, 21.331580681512833], [-100.8755161227152, 21.331545582381167]], [[-100.8755161227152, 21.331545582381167], [-100.87547866118815, 21.33155412724114]], [[-100.87548778116971, 21.331589226375435], [-100.87547866118815, 21.33155412724114]], [[-100.87547866118815, 21.33155412724114], [-100.87544119965612, 21.331562672093074]], [[-100.87545031962962, 21.33159777122998], [-100.87544119965612, 21.331562672093074]], [[-100.87544119965612, 21.331562672093074], [-100.87540373811909, 21.33157121693697]], [[-100.87541285808454, 21.33160631607649], [-100.87540373811909, 21.33157121693697]], [[-100.87540373811909, 21.33157121693697], [-100.87536627657705, 21.331579761772815]], [[-100.87537539653447, 21.33161486091495], [-100.87536627657705, 21.331579761772815]], [[-100.87536627657705, 21.331579761772815], [-100.87532881503002, 21.33158830660061]], [[-100.87533793497937, 21.331623405745372], [-100.87532881503002, 21.33158830660061]], [[-100.87532881503002, 21.33158830660061], [-100.87529135347798, 21.331596851420368]], [[-100.87530047341929, 21.331631950567743], [-100.87529135347798, 21.331596851420368]], [[-100.87529135347798, 21.331596851420368], [-100.87525389192095, 21.331605396232074]], [[-100.8752630118542, 21.33164049538207], [-100.87525389192095, 21.331605396232074]], [[-100.87525389192095, 21.331605396232074], [-100.8752164303589, 21.331613941035744]], [[-100.87522555028411, 21.33164904018835], [-100.8752164303589, 21.331613941035744]], [[-100.8752164303589, 21.331613941035744], [-100.87517896879187, 21.33162248583136]], [[-100.87518808870904, 21.331657584986587], [-100.87517896879187, 21.33162248583136]], [[-100.87517896879187, 21.33162248583136], [-100.87514150721984, 21.331631030618937]], [[-100.87515062712895, 21.33166612977678], [-100.87514150721984, 21.331631030618937]], [[-100.87514150721984, 21.331631030618937], [-100.8751040456428, 21.33163957539847]], [[-100.87511316554385, 21.331674674558933], [-100.8751040456428, 21.33163957539847]], [[-100.8751040456428, 21.33163957539847], [-100.87506658406076, 21.33164812016996]], [[-100.87507570395375, 21.331683219333033], [-100.87506658406076, 21.33164812016996]], [[-100.87506658406076, 21.33164812016996], [-100.8750291224737, 21.331656664933394]], [[-100.87503824235867, 21.331691764099094], [-100.8750291224737, 21.331656664933394]], [[-100.8750291224737, 21.331656664933394], [-100.87499166088166, 21.33166520968879]], [[-100.87500078075858, 21.3317003088571], [-100.87499166088166, 21.33166520968879]], [[-100.87499166088166, 21.33166520968879], [-100.87495419928463, 21.331673754436146]], [[-100.8749633191535, 21.331708853607072], [-100.87495419928463, 21.331673754436146]], [[-100.87495419928463, 21.331673754436146], [-100.87491673768258, 21.33168229917545]], [[-100.8749258575434, 21.331717398348996], [-100.87491673768258, 21.33168229917545]], [[-100.87491673768258, 21.33168229917545], [-100.87487927607555, 21.33169084390671]], [[-100.87488839592831, 21.331725943082873], [-100.87487927607555, 21.33169084390671]], [[-100.87487927607555, 21.33169084390671], [-100.8748418144635, 21.331699388629925]], [[-100.87485093430821, 21.331734487808706], [-100.8748418144635, 21.331699388629925]], [[-100.8748418144635, 21.331699388629925], [-100.87480435284645, 21.331707933345097]], [[-100.87481347268313, 21.331743032526497], [-100.87480435284645, 21.331707933345097]], [[-100.87480435284645, 21.331707933345097], [-100.87476689122441, 21.331716478052225]], [[-100.87477601105303, 21.331751577236236], [-100.87476689122441, 21.331716478052225]], [[-100.87476689122441, 21.331716478052225], [-100.87472942959738, 21.331725022751304]], [[-100.87473854941794, 21.331760121937943], [-100.87472942959738, 21.331725022751304]], [[-100.87472942959738, 21.331725022751304], [-100.87469196796533, 21.331733567442345]], [[-100.87470108777785, 21.33176866663159], [-100.87469196796533, 21.331733567442345]], [[-100.87469196796533, 21.331733567442345], [-100.87465450632828, 21.331742112125333]], [[-100.87466362613274, 21.3317772113172], [-100.87465450632828, 21.331742112125333]], [[-100.87465450632828, 21.331742112125333], [-100.87461704468623, 21.331750656800278]], [[-100.87462616448266, 21.331785755994762], [-100.87461704468623, 21.331750656800278]], [[-100.87461704468623, 21.331750656800278], [-100.87457958303919, 21.331759201467182]], [[-100.87458870282755, 21.331794300664278], [-100.87457958303919, 21.331759201467182]], [[-100.87457958303919, 21.331759201467182], [-100.87454212138715, 21.33176774612603]], [[-100.87455124116747, 21.33180284532575], [-100.87454212138715, 21.33176774612603]], [[-100.87454212138715, 21.33176774612603], [-100.87450465973009, 21.331776290776848]], [[-100.87451377950237, 21.331811389979183], [-100.87450465973009, 21.331776290776848]], [[-100.87450465973009, 21.331776290776848], [-100.87446719806805, 21.331784835419615]], [[-100.87447631783228, 21.331819934624566], [-100.87446719806805, 21.331784835419615]], [[-100.87446719806805, 21.331784835419615], [-100.874429736401, 21.33179338005434]], [[-100.87443885615718, 21.3318284792619], [-100.874429736401, 21.33179338005434]], [[-100.874429736401, 21.33179338005434], [-100.87439227472896, 21.33180192468101]], [[-100.87440139447708, 21.331837023891197], [-100.87439227472896, 21.33180192468101]], [[-100.87439227472896, 21.33180192468101], [-100.87435481305191, 21.331810469299636]], [[-100.874363932792, 21.331845568512442], [-100.87435481305191, 21.331810469299636]], [[-100.87435481305191, 21.331810469299636], [-100.87431735136987, 21.33181901391023]], [[-100.8743264711019, 21.331854113125654], [-100.87431735136987, 21.33181901391023]], [[-100.87431735136987, 21.33181901391023], [-100.87427988968281, 21.331827558512767]], [[-100.8742890094068, 21.331862657730806], [-100.87427988968281, 21.331827558512767]], [[-100.87427988968281, 21.331827558512767], [-100.87424242799077, 21.331836103107264]], [[-100.87425154770669, 21.331871202327918], [-100.87424242799077, 21.331836103107264]], [[-100.87424242799077, 21.331836103107264], [-100.87420496629372, 21.33184464769371]], [[-100.8742140860016, 21.331879746916982], [-100.87420496629372, 21.33184464769371]], [[-100.87420496629372, 21.33184464769371], [-100.87416750459168, 21.33185319227212]], [[-100.87417662429151, 21.331888291498], [-100.87416750459168, 21.33185319227212]], [[-100.87416750459168, 21.33185319227212], [-100.87413004288462, 21.33186173684248]], [[-100.87413916257641, 21.331896836070978], [-100.87413004288462, 21.33186173684248]], [[-100.87413004288462, 21.33186173684248], [-100.87409258117258, 21.331870281404793]], [[-100.87410170085631, 21.331905380635913], [-100.87409258117258, 21.331870281404793]], [[-100.87409258117258, 21.331870281404793], [-100.87405511945553, 21.331878825959063]], [[-100.87406423913122, 21.331913925192804], [-100.87405511945553, 21.331878825959063]], [[-100.87405511945553, 21.331878825959063], [-100.87401765773349, 21.33188737050528]], [[-100.87402677740111, 21.33192246974164], [-100.87401765773349, 21.33188737050528]], [[-100.87401765773349, 21.33188737050528], [-100.87398019600643, 21.331895915043464]], [[-100.87398931566601, 21.331931014282443], [-100.87398019600643, 21.331895915043464]], [[-100.87398019600643, 21.331895915043464], [-100.87394273427438, 21.3319044595736]], [[-100.87395185392592, 21.33193955881519], [-100.87394273427438, 21.3319044595736]], [[-100.87394273427438, 21.3319044595736], [-100.87390527253733, 21.331913004095682]], [[-100.87391439218082, 21.331948103339894], [-100.87390527253733, 21.331913004095682]], [[-100.87390527253733, 21.331913004095682], [-100.87386781079528, 21.33192154860973]], [[-100.87387693043073, 21.331956647856543], [-100.87386781079528, 21.33192154860973]], [[-100.87386781079528, 21.33192154860973], [-100.87383034904823, 21.331930093115727]], [[-100.87383946867563, 21.33196519236516], [-100.87383034904823, 21.331930093115727]], [[-100.87383034904823, 21.331930093115727], [-100.87379288729619, 21.331938637613682]], [[-100.87380200691553, 21.33197373686574], [-100.87379288729619, 21.331938637613682]], [[-100.87379288729619, 21.331938637613682], [-100.87375542553913, 21.331947182103587]], [[-100.87376454515042, 21.33198228135826], [-100.87375542553913, 21.331947182103587]], [[-100.87375542553913, 21.331947182103587], [-100.87371796377708, 21.331955726585452]], [[-100.87372708338033, 21.33199082584274], [-100.87371796377708, 21.331955726585452]], [[-100.87371796377708, 21.331955726585452], [-100.87368050201005, 21.331964271059267]], [[-100.87368962160524, 21.33199937031917], [-100.87368050201005, 21.331964271059267]], [[-100.87368962160524, 21.33199937031917], [-100.87365215982513, 21.33200791478756]], [[-100.87368050201005, 21.331964271059267], [-100.873643040238, 21.33197281552504]], [[-100.87365215982513, 21.33200791478756], [-100.873643040238, 21.33197281552504]], [[-100.87630281362772, 21.331366138463284], [-100.87629369347408, 21.33133103938564]], [[-100.87629369347408, 21.33133103938564], [-100.87625623206011, 21.331339584411936]], [[-100.87626535220569, 21.331374683492207], [-100.87625623206011, 21.331339584411936]], [[-100.87625623206011, 21.331339584411936], [-100.87621877064115, 21.33134812943019]], [[-100.87622789077868, 21.331383228513076], [-100.87621877064115, 21.33134812943019]], [[-100.87621877064115, 21.33134812943019], [-100.87618130921717, 21.331356674440393]], [[-100.87619042934666, 21.331391773525908], [-100.87618130921717, 21.331356674440393]], [[-100.87618130921717, 21.331356674440393], [-100.87614384778821, 21.33136521944256]], [[-100.87615296790965, 21.33140031853069], [-100.87614384778821, 21.33136521944256]], [[-100.87614384778821, 21.33136521944256], [-100.87610638635424, 21.33137376443668]], [[-100.87611550646761, 21.33140886352742], [-100.87610638635424, 21.33137376443668]], [[-100.87610638635424, 21.33137376443668], [-100.87606892491526, 21.331382309422757]], [[-100.87607804502059, 21.33141740851612], [-100.87606892491526, 21.331382309422757]], [[-100.87606892491526, 21.331382309422757], [-100.87603146347129, 21.331390854400787]], [[-100.87604058356858, 21.33142595349677], [-100.87603146347129, 21.331390854400787]], [[-100.87603146347129, 21.331390854400787], [-100.87599400202232, 21.331399399370778]], [[-100.87600312211156, 21.331434498469363], [-100.87599400202232, 21.331399399370778]], [[-100.87599400202232, 21.331399399370778], [-100.87595654056834, 21.331407944332717]], [[-100.87596566064954, 21.331443043433932], [-100.87595654056834, 21.331407944332717]], [[-100.87595654056834, 21.331407944332717], [-100.87591907910937, 21.331416489286617]], [[-100.87592819918251, 21.33145158839045], [-100.87591907910937, 21.331416489286617]], [[-100.87591907910937, 21.331416489286617], [-100.87588161764539, 21.331425034232478]], [[-100.87589073771048, 21.331460133338922], [-100.87588161764539, 21.331425034232478]], [[-100.87588161764539, 21.331425034232478], [-100.87584415617641, 21.331433579170284]], [[-100.87585327623346, 21.331468678279347], [-100.87584415617641, 21.331433579170284]], [[-100.87584415617641, 21.331433579170284], [-100.87580669470245, 21.331442124100043]], [[-100.87581581475143, 21.33147722321172], [-100.87580669470245, 21.331442124100043]], [[-100.87580669470245, 21.331442124100043], [-100.87576923322345, 21.331450669021756]], [[-100.87577835326441, 21.33148576813606], [-100.87576923322345, 21.331450669021756]], [[-100.87576923322345, 21.331450669021756], [-100.87573177173948, 21.33145921393544]], [[-100.87574089177238, 21.331494313052357], [-100.87573177173948, 21.33145921393544]], [[-100.87573177173948, 21.33145921393544], [-100.8756943102505, 21.331467758841065]], [[-100.87570343027535, 21.331502857960604], [-100.8756943102505, 21.331467758841065]], [[-100.8756943102505, 21.331467758841065], [-100.87565684875652, 21.33147630373865]], [[-100.8756659687733, 21.33151140286081], [-100.87565684875652, 21.33147630373865]], [[-100.87565684875652, 21.33147630373865], [-100.87561938725753, 21.33148484862819]], [[-100.87562850726628, 21.33151994775296], [-100.87561938725753, 21.33148484862819]], [[-100.87561938725753, 21.33148484862819], [-100.87558192575356, 21.33149339350969]], [[-100.87559104575426, 21.331528492637073], [-100.87558192575356, 21.33149339350969]], [[-100.87558192575356, 21.33149339350969], [-100.87554446424457, 21.331501938383138]], [[-100.87555358423722, 21.331537037513147], [-100.87554446424457, 21.331501938383138]], [[-100.87554446424457, 21.331501938383138], [-100.87550700273059, 21.331510483248543]], [[-100.8755161227152, 21.331545582381167], [-100.87550700273059, 21.331510483248543]], [[-100.87550700273059, 21.331510483248543], [-100.8754695412116, 21.331519028105898]], [[-100.87547866118815, 21.33155412724114], [-100.8754695412116, 21.331519028105898]], [[-100.8754695412116, 21.331519028105898], [-100.87543207968761, 21.33152757295522]], [[-100.87544119965612, 21.331562672093074], [-100.87543207968761, 21.33152757295522]], [[-100.87543207968761, 21.33152757295522], [-100.87539461815862, 21.3315361177965]], [[-100.87540373811909, 21.33157121693697], [-100.87539461815862, 21.3315361177965]], [[-100.87539461815862, 21.3315361177965], [-100.87535715662464, 21.331544662629724]], [[-100.87536627657705, 21.331579761772815], [-100.87535715662464, 21.331544662629724]], [[-100.87535715662464, 21.331544662629724], [-100.87531969508566, 21.331553207454906]], [[-100.87532881503002, 21.33158830660061], [-100.87531969508566, 21.331553207454906]], [[-100.87531969508566, 21.331553207454906], [-100.87528223354167, 21.331561752272044]], [[-100.87529135347798, 21.331596851420368], [-100.87528223354167, 21.331561752272044]], [[-100.87528223354167, 21.331561752272044], [-100.87524477199268, 21.331570297081132]], [[-100.87525389192095, 21.331605396232074], [-100.87524477199268, 21.331570297081132]], [[-100.87524477199268, 21.331570297081132], [-100.8752073104387, 21.33157884188218]], [[-100.8752164303589, 21.331613941035744], [-100.8752073104387, 21.33157884188218]], [[-100.8752073104387, 21.33157884188218], [-100.87516984887971, 21.331587386675185]], [[-100.87517896879187, 21.33162248583136], [-100.87516984887971, 21.331587386675185]], [[-100.87516984887971, 21.331587386675185], [-100.87513238731572, 21.331595931460143]], [[-100.87514150721984, 21.331631030618937], [-100.87513238731572, 21.331595931460143]], [[-100.87513238731572, 21.331595931460143], [-100.87509492574672, 21.33160447623706]], [[-100.8751040456428, 21.33163957539847], [-100.87509492574672, 21.33160447623706]], [[-100.87509492574672, 21.33160447623706], [-100.87505746417274, 21.331613021005925]], [[-100.87506658406076, 21.33164812016996], [-100.87505746417274, 21.331613021005925]], [[-100.87505746417274, 21.331613021005925], [-100.87502000259374, 21.331621565766756]], [[-100.8750291224737, 21.331656664933394], [-100.87502000259374, 21.331621565766756]], [[-100.87502000259374, 21.331621565766756], [-100.87498254100976, 21.33163011051953]], [[-100.87499166088166, 21.33166520968879], [-100.87498254100976, 21.33163011051953]], [[-100.87498254100976, 21.33163011051953], [-100.87494507942077, 21.33163865526426]], [[-100.87495419928463, 21.331673754436146], [-100.87494507942077, 21.33163865526426]], [[-100.87494507942077, 21.33163865526426], [-100.87490761782676, 21.331647200000944]], [[-100.87491673768258, 21.33168229917545], [-100.87490761782676, 21.331647200000944]], [[-100.87490761782676, 21.331647200000944], [-100.87487015622777, 21.3316557447296]], [[-100.87487927607555, 21.33169084390671], [-100.87487015622777, 21.3316557447296]], [[-100.87487015622777, 21.3316557447296], [-100.87483269462379, 21.33166428945019]], [[-100.8748418144635, 21.331699388629925], [-100.87483269462379, 21.33166428945019]], [[-100.87483269462379, 21.33166428945019], [-100.8747952330148, 21.331672834162745]], [[-100.87480435284645, 21.331707933345097], [-100.8747952330148, 21.331672834162745]], [[-100.8747952330148, 21.331672834162745], [-100.8747577714008, 21.331681378867255]], [[-100.87476689122441, 21.331716478052225], [-100.8747577714008, 21.331681378867255]], [[-100.8747577714008, 21.331681378867255], [-100.8747203097818, 21.331689923563722]], [[-100.87472942959738, 21.331725022751304], [-100.8747203097818, 21.331689923563722]], [[-100.8747203097818, 21.331689923563722], [-100.8746828481578, 21.33169846825214]], [[-100.87469196796533, 21.331733567442345], [-100.8746828481578, 21.33169846825214]], [[-100.8746828481578, 21.33169846825214], [-100.87464538652881, 21.33170701293251]], [[-100.87465450632828, 21.331742112125333], [-100.87464538652881, 21.33170701293251]], [[-100.87464538652881, 21.33170701293251], [-100.87460792489482, 21.33171555760485]], [[-100.87461704468623, 21.331750656800278], [-100.87460792489482, 21.33171555760485]], [[-100.87460792489482, 21.33171555760485], [-100.87457046325582, 21.331724102269128]], [[-100.87457958303919, 21.331759201467182], [-100.87457046325582, 21.331724102269128]], [[-100.87457046325582, 21.331724102269128], [-100.87453300161182, 21.331732646925367]], [[-100.87454212138715, 21.33176774612603], [-100.87453300161182, 21.331732646925367]], [[-100.87453300161182, 21.331732646925367], [-100.87449553996282, 21.331741191573563]], [[-100.87450465973009, 21.331776290776848], [-100.87449553996282, 21.331741191573563]], [[-100.87449553996282, 21.331741191573563], [-100.87445807830882, 21.331749736213713]], [[-100.87446719806805, 21.331784835419615], [-100.87445807830882, 21.331749736213713]], [[-100.87445807830882, 21.331749736213713], [-100.87442061664983, 21.33175828084581]], [[-100.874429736401, 21.33179338005434], [-100.87442061664983, 21.33175828084581]], [[-100.87442061664983, 21.33175828084581], [-100.87438315498584, 21.331766825469874]], [[-100.87439227472896, 21.33180192468101], [-100.87438315498584, 21.331766825469874]], [[-100.87438315498584, 21.331766825469874], [-100.87434569331683, 21.331775370085882]], [[-100.87435481305191, 21.331810469299636], [-100.87434569331683, 21.331775370085882]], [[-100.87434569331683, 21.331775370085882], [-100.87430823164283, 21.331783914693855]], [[-100.87431735136987, 21.33181901391023], [-100.87430823164283, 21.331783914693855]], [[-100.87430823164283, 21.331783914693855], [-100.87427076996384, 21.331792459293773]], [[-100.87427988968281, 21.331827558512767], [-100.87427076996384, 21.331792459293773]], [[-100.87427076996384, 21.331792459293773], [-100.87423330827984, 21.331801003885655]], [[-100.87424242799077, 21.331836103107264], [-100.87423330827984, 21.331801003885655]], [[-100.87423330827984, 21.331801003885655], [-100.87419584659084, 21.33180954846949]], [[-100.87420496629372, 21.33184464769371], [-100.87419584659084, 21.33180954846949]], [[-100.87419584659084, 21.33180954846949], [-100.87415838489683, 21.33181809304528]], [[-100.87416750459168, 21.33185319227212], [-100.87415838489683, 21.33181809304528]], [[-100.87415838489683, 21.33181809304528], [-100.87412092319785, 21.331826637613027]], [[-100.87413004288462, 21.33186173684248], [-100.87412092319785, 21.331826637613027]], [[-100.87412092319785, 21.331826637613027], [-100.87408346149384, 21.33183518217272]], [[-100.87409258117258, 21.331870281404793], [-100.87408346149384, 21.33183518217272]], [[-100.87408346149384, 21.33183518217272], [-100.87404599978484, 21.331843726724365]], [[-100.87405511945553, 21.331878825959063], [-100.87404599978484, 21.331843726724365]], [[-100.87404599978484, 21.331843726724365], [-100.87400853807084, 21.33185227126798]], [[-100.87401765773349, 21.33188737050528], [-100.87400853807084, 21.33185227126798]], [[-100.87400853807084, 21.33185227126798], [-100.87397107635185, 21.33186081580354]], [[-100.87398019600643, 21.331895915043464], [-100.87397107635185, 21.33186081580354]], [[-100.87397107635185, 21.33186081580354], [-100.87393361462784, 21.33186936033106]], [[-100.87394273427438, 21.3319044595736], [-100.87393361462784, 21.33186936033106]], [[-100.87393361462784, 21.33186936033106], [-100.87389615289885, 21.331877904850533]], [[-100.87390527253733, 21.331913004095682], [-100.87389615289885, 21.331877904850533]], [[-100.87389615289885, 21.331877904850533], [-100.87385869116484, 21.331886449361956]], [[-100.87386781079528, 21.33192154860973], [-100.87385869116484, 21.331886449361956]], [[-100.87385869116484, 21.331886449361956], [-100.87382122942584, 21.33189499386534]], [[-100.87383034904823, 21.331930093115727], [-100.87382122942584, 21.33189499386534]], [[-100.87382122942584, 21.33189499386534], [-100.87378376768186, 21.331903538360674]], [[-100.87379288729619, 21.331938637613682], [-100.87378376768186, 21.331903538360674]], [[-100.87378376768186, 21.331903538360674], [-100.87374630593285, 21.331912082847964]], [[-100.87375542553913, 21.331947182103587], [-100.87374630593285, 21.331912082847964]], [[-100.87374630593285, 21.331912082847964], [-100.87370884417885, 21.331920627327207]], [[-100.87371796377708, 21.331955726585452], [-100.87370884417885, 21.331920627327207]], [[-100.87370884417885, 21.331920627327207], [-100.87367138241986, 21.331929171798404]], [[-100.87368050201005, 21.331964271059267], [-100.87367138241986, 21.331929171798404]], [[-100.87367138241986, 21.331929171798404], [-100.87363392065585, 21.331937716261564]], [[-100.873643040238, 21.33197281552504], [-100.87363392065585, 21.331937716261564]], [[-100.87633115488305, 21.331322494351294], [-100.87629369347408, 21.33133103938564]], [[-100.87633115488305, 21.331322494351294], [-100.87632203472637, 21.3312873952753]], [[-100.87632203472637, 21.3312873952753], [-100.87628457332546, 21.331295940307026]], [[-100.87629369347408, 21.33133103938564], [-100.87628457332546, 21.331295940307026]], [[-100.87628457332546, 21.331295940307026], [-100.87624711191954, 21.331304485330712]], [[-100.87625623206011, 21.331339584411936], [-100.87624711191954, 21.331304485330712]], [[-100.87624711191954, 21.331304485330712], [-100.87620965050863, 21.33131303034635]], [[-100.87621877064115, 21.33134812943019], [-100.87620965050863, 21.33131303034635]], [[-100.87620965050863, 21.33131303034635], [-100.8761721890927, 21.331321575353932]], [[-100.87618130921717, 21.331356674440393], [-100.8761721890927, 21.331321575353932]], [[-100.8761721890927, 21.331321575353932], [-100.87613472767178, 21.33133012035348]], [[-100.87614384778821, 21.33136521944256], [-100.87613472767178, 21.33133012035348]], [[-100.87613472767178, 21.33133012035348], [-100.87609726624586, 21.331338665344987]], [[-100.87610638635424, 21.33137376443668], [-100.87609726624586, 21.331338665344987]], [[-100.87609726624586, 21.331338665344987], [-100.87605980481493, 21.33134721032845]], [[-100.87606892491526, 21.331382309422757], [-100.87605980481493, 21.33134721032845]], [[-100.87605980481493, 21.33134721032845], [-100.876022343379, 21.33135575530386]], [[-100.87603146347129, 21.331390854400787], [-100.876022343379, 21.33135575530386]], [[-100.876022343379, 21.33135575530386], [-100.8759848819381, 21.331364300271233]], [[-100.87599400202232, 21.331399399370778], [-100.8759848819381, 21.331364300271233]], [[-100.8759848819381, 21.331364300271233], [-100.87594742049215, 21.331372845230554]], [[-100.87595654056834, 21.331407944332717], [-100.87594742049215, 21.331372845230554]], [[-100.87594742049215, 21.331372845230554], [-100.87590995904124, 21.331381390181836]], [[-100.87591907910937, 21.331416489286617], [-100.87590995904124, 21.331381390181836]], [[-100.87590995904124, 21.331381390181836], [-100.8758724975853, 21.331389935125067]], [[-100.87588161764539, 21.331425034232478], [-100.8758724975853, 21.331389935125067]], [[-100.8758724975853, 21.331389935125067], [-100.87583503612437, 21.331398480060255]], [[-100.87584415617641, 21.331433579170284], [-100.87583503612437, 21.331398480060255]], [[-100.87583503612437, 21.331398480060255], [-100.87579757465845, 21.331407024987403]], [[-100.87580669470245, 21.331442124100043], [-100.87579757465845, 21.331407024987403]], [[-100.87579757465845, 21.331407024987403], [-100.87576011318752, 21.331415569906504]], [[-100.87576923322345, 21.331450669021756], [-100.87576011318752, 21.331415569906504]], [[-100.87576011318752, 21.331415569906504], [-100.87572265171158, 21.33142411481757]], [[-100.87573177173948, 21.33145921393544], [-100.87572265171158, 21.33142411481757]], [[-100.87572265171158, 21.33142411481757], [-100.87568519023066, 21.33143265972058]], [[-100.8756943102505, 21.331467758841065], [-100.87568519023066, 21.33143265972058]], [[-100.87568519023066, 21.33143265972058], [-100.87564772874472, 21.331441204615544]], [[-100.87565684875652, 21.33147630373865], [-100.87564772874472, 21.331441204615544]], [[-100.87564772874472, 21.331441204615544], [-100.87561026725379, 21.331449749502468]], [[-100.87561938725753, 21.33148484862819], [-100.87561026725379, 21.331449749502468]], [[-100.87561026725379, 21.331449749502468], [-100.87557280575787, 21.331458294381353]], [[-100.87558192575356, 21.33149339350969], [-100.87557280575787, 21.331458294381353]], [[-100.87557280575787, 21.331458294381353], [-100.87553534425693, 21.331466839252183]], [[-100.87554446424457, 21.331501938383138], [-100.87553534425693, 21.331466839252183]], [[-100.87553534425693, 21.331466839252183], [-100.87549788275098, 21.331475384114963]], [[-100.87550700273059, 21.331510483248543], [-100.87549788275098, 21.331475384114963]], [[-100.87549788275098, 21.331475384114963], [-100.87546042124005, 21.33148392896971]], [[-100.8754695412116, 21.331519028105898], [-100.87546042124005, 21.33148392896971]], [[-100.87546042124005, 21.33148392896971], [-100.87542295972412, 21.33149247381641]], [[-100.87543207968761, 21.33152757295522], [-100.87542295972412, 21.33149247381641]], [[-100.87542295972412, 21.33149247381641], [-100.87538549820319, 21.331501018655064]], [[-100.87539461815862, 21.3315361177965], [-100.87538549820319, 21.331501018655064]], [[-100.87538549820319, 21.331501018655064], [-100.87534803667724, 21.331509563485678]], [[-100.87535715662464, 21.331544662629724], [-100.87534803667724, 21.331509563485678]], [[-100.87534803667724, 21.331509563485678], [-100.8753105751463, 21.331518108308245]], [[-100.87531969508566, 21.331553207454906], [-100.8753105751463, 21.331518108308245]], [[-100.8753105751463, 21.331518108308245], [-100.87527311361036, 21.331526653122765]], [[-100.87528223354167, 21.331561752272044], [-100.87527311361036, 21.331526653122765]], [[-100.87527311361036, 21.331526653122765], [-100.87523565206943, 21.33153519792924]], [[-100.87524477199268, 21.331570297081132], [-100.87523565206943, 21.33153519792924]], [[-100.87523565206943, 21.33153519792924], [-100.87519819052349, 21.33154374272767]], [[-100.8752073104387, 21.33157884188218], [-100.87519819052349, 21.33154374272767]], [[-100.87519819052349, 21.33154374272767], [-100.87516072897256, 21.331552287518054]], [[-100.87516984887971, 21.331587386675185], [-100.87516072897256, 21.331552287518054]], [[-100.87516072897256, 21.331552287518054], [-100.87512326741661, 21.331560832300394]], [[-100.87513238731572, 21.331595931460143], [-100.87512326741661, 21.331560832300394]], [[-100.87512326741661, 21.331560832300394], [-100.87508580585566, 21.33156937707469]], [[-100.87509492574672, 21.33160447623706], [-100.87508580585566, 21.33156937707469]], [[-100.87508580585566, 21.33156937707469], [-100.87504834428972, 21.331577921840946]], [[-100.87505746417274, 21.331613021005925], [-100.87504834428972, 21.331577921840946]], [[-100.87504834428972, 21.331577921840946], [-100.87501088271878, 21.33158646659915]], [[-100.87502000259374, 21.331621565766756], [-100.87501088271878, 21.33158646659915]], [[-100.87501088271878, 21.33158646659915], [-100.87497342114284, 21.331595011349314]], [[-100.87498254100976, 21.33163011051953], [-100.87497342114284, 21.331595011349314]], [[-100.87497342114284, 21.331595011349314], [-100.8749359595619, 21.331603556091423]], [[-100.87494507942077, 21.33163865526426], [-100.8749359595619, 21.331603556091423]], [[-100.8749359595619, 21.331603556091423], [-100.87489849797595, 21.3316121008255]], [[-100.87490761782676, 21.331647200000944], [-100.87489849797595, 21.3316121008255]], [[-100.87489849797595, 21.3316121008255], [-100.874861036385, 21.33162064555153]], [[-100.87487015622777, 21.3316557447296], [-100.874861036385, 21.33162064555153]], [[-100.874861036385, 21.33162064555153], [-100.87482357478906, 21.33162919026951]], [[-100.87483269462379, 21.33166428945019], [-100.87482357478906, 21.33162919026951]], [[-100.87482357478906, 21.33162919026951], [-100.87478611318812, 21.33163773497945]], [[-100.8747952330148, 21.331672834162745], [-100.87478611318812, 21.33163773497945]], [[-100.87478611318812, 21.33163773497945], [-100.87474865158218, 21.33164627968134]], [[-100.8747577714008, 21.331681378867255], [-100.87474865158218, 21.33164627968134]], [[-100.87474865158218, 21.33164627968134], [-100.87471118997122, 21.331654824375185]], [[-100.8747203097818, 21.331689923563722], [-100.87471118997122, 21.331654824375185]], [[-100.87471118997122, 21.331654824375185], [-100.87467372835528, 21.331663369060983]], [[-100.8746828481578, 21.33169846825214], [-100.87467372835528, 21.331663369060983]], [[-100.87467372835528, 21.331663369060983], [-100.87463626673434, 21.331671913738745]], [[-100.87464538652881, 21.33170701293251], [-100.87463626673434, 21.331671913738745]], [[-100.87463626673434, 21.331671913738745], [-100.87459880510839, 21.331680458408457]], [[-100.87460792489482, 21.33171555760485], [-100.87459880510839, 21.331680458408457]], [[-100.87459880510839, 21.331680458408457], [-100.87456134347744, 21.331689003070114]], [[-100.87457046325582, 21.331724102269128], [-100.87456134347744, 21.331689003070114]], [[-100.87456134347744, 21.331689003070114], [-100.8745238818415, 21.33169754772375]], [[-100.87453300161182, 21.331732646925367], [-100.8745238818415, 21.33169754772375]], [[-100.8745238818415, 21.33169754772375], [-100.87448642020054, 21.331706092369323]], [[-100.87449553996282, 21.331741191573563], [-100.87448642020054, 21.331706092369323]], [[-100.87448642020054, 21.331706092369323], [-100.8744489585546, 21.331714637006854]], [[-100.87445807830882, 21.331749736213713], [-100.8744489585546, 21.331714637006854]], [[-100.8744489585546, 21.331714637006854], [-100.87441149690365, 21.331723181636335]], [[-100.87442061664983, 21.33175828084581], [-100.87441149690365, 21.331723181636335]], [[-100.87441149690365, 21.331723181636335], [-100.8743740352477, 21.33173172625778]], [[-100.87438315498584, 21.331766825469874], [-100.8743740352477, 21.33173172625778]], [[-100.8743740352477, 21.33173172625778], [-100.87433657358676, 21.33174027087118]], [[-100.87434569331683, 21.331775370085882], [-100.87433657358676, 21.33174027087118]], [[-100.87433657358676, 21.33174027087118], [-100.8742991119208, 21.331748815476534]], [[-100.87430823164283, 21.331783914693855], [-100.8742991119208, 21.331748815476534]], [[-100.8742991119208, 21.331748815476534], [-100.87426165024985, 21.331757360073833]], [[-100.87427076996384, 21.331792459293773], [-100.87426165024985, 21.331757360073833]], [[-100.87426165024985, 21.331757360073833], [-100.8742241885739, 21.331765904663097]], [[-100.87423330827984, 21.331801003885655], [-100.8742241885739, 21.331765904663097]], [[-100.8742241885739, 21.331765904663097], [-100.87418672689296, 21.331774449244314]], [[-100.87419584659084, 21.33180954846949], [-100.87418672689296, 21.331774449244314]], [[-100.87418672689296, 21.331774449244314], [-100.87414926520701, 21.331782993817484]], [[-100.87415838489683, 21.33181809304528], [-100.87414926520701, 21.331782993817484]], [[-100.87414926520701, 21.331782993817484], [-100.87411180351606, 21.33179153838261]], [[-100.87412092319785, 21.331826637613027], [-100.87411180351606, 21.33179153838261]], [[-100.87411180351606, 21.33179153838261], [-100.87407434182012, 21.331800082939694]], [[-100.87408346149384, 21.33183518217272], [-100.87407434182012, 21.331800082939694]], [[-100.87407434182012, 21.331800082939694], [-100.87403688011916, 21.331808627488723]], [[-100.87404599978484, 21.331843726724365], [-100.87403688011916, 21.331808627488723]], [[-100.87403688011916, 21.331808627488723], [-100.8739994184132, 21.33181717202972]], [[-100.87400853807084, 21.33185227126798], [-100.8739994184132, 21.33181717202972]], [[-100.8739994184132, 21.33181717202972], [-100.87396195670226, 21.331825716562662]], [[-100.87397107635185, 21.33186081580354], [-100.87396195670226, 21.331825716562662]], [[-100.87396195670226, 21.331825716562662], [-100.87392449498631, 21.331834261087565]], [[-100.87393361462784, 21.33186936033106], [-100.87392449498631, 21.331834261087565]], [[-100.87392449498631, 21.331834261087565], [-100.87388703326536, 21.331842805604417]], [[-100.87389615289885, 21.331877904850533], [-100.87388703326536, 21.331842805604417]], [[-100.87388703326536, 21.331842805604417], [-100.87384957153941, 21.331851350113226]], [[-100.87385869116484, 21.331886449361956], [-100.87384957153941, 21.331851350113226]], [[-100.87384957153941, 21.331851350113226], [-100.87381210980847, 21.331859894613995]], [[-100.87382122942584, 21.33189499386534], [-100.87381210980847, 21.331859894613995]], [[-100.87381210980847, 21.331859894613995], [-100.87377464807251, 21.331868439106714]], [[-100.87378376768186, 21.331903538360674], [-100.87377464807251, 21.331868439106714]], [[-100.87377464807251, 21.331868439106714], [-100.87373718633157, 21.33187698359139]], [[-100.87374630593285, 21.331912082847964], [-100.87373718633157, 21.33187698359139]], [[-100.87373718633157, 21.33187698359139], [-100.87369972458562, 21.331885528068014]], [[-100.87370884417885, 21.331920627327207], [-100.87369972458562, 21.331885528068014]], [[-100.87369972458562, 21.331885528068014], [-100.87366226283467, 21.3318940725366]], [[-100.87367138241986, 21.331929171798404], [-100.87366226283467, 21.3318940725366]], [[-100.87366226283467, 21.3318940725366], [-100.87362480107872, 21.331902616997137]], [[-100.87363392065585, 21.331937716261564], [-100.87362480107872, 21.331902616997137]], [[-100.87363392065585, 21.331937716261564], [-100.87359645888685, 21.331946260716673]], [[-100.87362480107872, 21.331902616997137], [-100.87358733931777, 21.33191116144963]], [[-100.87359645888685, 21.331946260716673], [-100.87358733931777, 21.33191116144963]], [[-100.87632203472637, 21.3312873952753], [-100.8763129145747, 21.331252296198354]], [[-100.8763129145747, 21.331252296198354], [-100.87627545318183, 21.331260841227465]], [[-100.87628457332546, 21.331295940307026], [-100.87627545318183, 21.331260841227465]], [[-100.87627545318183, 21.331260841227465], [-100.87623799178397, 21.33126938624853]], [[-100.87624711191954, 21.331304485330712], [-100.87623799178397, 21.33126938624853]], [[-100.87623799178397, 21.33126938624853], [-100.87620053038108, 21.33127793126155]], [[-100.87620965050863, 21.33131303034635], [-100.87620053038108, 21.33127793126155]], [[-100.87620053038108, 21.33127793126155], [-100.87616306897321, 21.331286476266524]], [[-100.8761721890927, 21.331321575353932], [-100.87616306897321, 21.331286476266524]], [[-100.87616306897321, 21.331286476266524], [-100.87612560756035, 21.33129502126345]], [[-100.87613472767178, 21.33133012035348], [-100.87612560756035, 21.33129502126345]], [[-100.87612560756035, 21.33129502126345], [-100.87608814614248, 21.331303566252345]], [[-100.87609726624586, 21.331338665344987], [-100.87608814614248, 21.331303566252345]], [[-100.87608814614248, 21.331303566252345], [-100.8760506847196, 21.331312111233178]], [[-100.87605980481493, 21.33134721032845], [-100.8760506847196, 21.331312111233178]], [[-100.8760506847196, 21.331312111233178], [-100.87601322329172, 21.331320656205975]], [[-100.876022343379, 21.33135575530386], [-100.87601322329172, 21.331320656205975]], [[-100.87601322329172, 21.331320656205975], [-100.87597576185884, 21.331329201170725]], [[-100.8759848819381, 21.331364300271233], [-100.87597576185884, 21.331329201170725]], [[-100.87597576185884, 21.331329201170725], [-100.87593830042097, 21.33133774612744]], [[-100.87594742049215, 21.331372845230554], [-100.87593830042097, 21.33133774612744]], [[-100.87593830042097, 21.33133774612744], [-100.8759008389781, 21.331346291076102]], [[-100.87590995904124, 21.331381390181836], [-100.8759008389781, 21.331346291076102]], [[-100.8759008389781, 21.331346291076102], [-100.87586337753022, 21.331354836016715]], [[-100.8758724975853, 21.331389935125067], [-100.87586337753022, 21.331354836016715]], [[-100.87586337753022, 21.331354836016715], [-100.87582591607735, 21.331363380949288]], [[-100.87583503612437, 21.331398480060255], [-100.87582591607735, 21.331363380949288]], [[-100.87582591607735, 21.331363380949288], [-100.87578845461947, 21.331371925873817]], [[-100.87579757465845, 21.331407024987403], [-100.87578845461947, 21.331371925873817]], [[-100.87578845461947, 21.331371925873817], [-100.87575099315659, 21.331380470790304]], [[-100.87576011318752, 21.331415569906504], [-100.87575099315659, 21.331380470790304]], [[-100.87575099315659, 21.331380470790304], [-100.8757135316887, 21.331389015698743]], [[-100.87572265171158, 21.33142411481757], [-100.8757135316887, 21.331389015698743]], [[-100.8757135316887, 21.331389015698743], [-100.87567607021582, 21.331397560599136]], [[-100.87568519023066, 21.33143265972058], [-100.87567607021582, 21.331397560599136]], [[-100.87567607021582, 21.331397560599136], [-100.87563860873793, 21.33140610549149]], [[-100.87564772874472, 21.331441204615544], [-100.87563860873793, 21.33140610549149]], [[-100.87563860873793, 21.33140610549149], [-100.87560114725504, 21.33141465037579]], [[-100.87561026725379, 21.331449749502468], [-100.87560114725504, 21.33141465037579]], [[-100.87560114725504, 21.33141465037579], [-100.87556368576716, 21.33142319525205]], [[-100.87557280575787, 21.331458294381353], [-100.87556368576716, 21.33142319525205]], [[-100.87556368576716, 21.33142319525205], [-100.87552622427427, 21.33143174012027]], [[-100.87553534425693, 21.331466839252183], [-100.87552622427427, 21.33143174012027]], [[-100.87552622427427, 21.33143174012027], [-100.8754887627764, 21.331440284980435]], [[-100.87549788275098, 21.331475384114963], [-100.8754887627764, 21.331440284980435]], [[-100.8754887627764, 21.331440284980435], [-100.8754513012735, 21.331448829832567]], [[-100.87546042124005, 21.33148392896971], [-100.8754513012735, 21.331448829832567]], [[-100.8754513012735, 21.331448829832567], [-100.87541383976561, 21.33145737467665]], [[-100.87542295972412, 21.33149247381641], [-100.87541383976561, 21.33145737467665]], [[-100.87541383976561, 21.33145737467665], [-100.87537637825272, 21.331465919512688]], [[-100.87538549820319, 21.331501018655064], [-100.87537637825272, 21.331465919512688]], [[-100.87537637825272, 21.331465919512688], [-100.87533891673483, 21.33147446434068]], [[-100.87534803667724, 21.331509563485678], [-100.87533891673483, 21.33147446434068]], [[-100.87533891673483, 21.33147446434068], [-100.87530145521195, 21.33148300916062]], [[-100.8753105751463, 21.331518108308245], [-100.87530145521195, 21.33148300916062]], [[-100.87530145521195, 21.33148300916062], [-100.87526399368407, 21.331491553972526]], [[-100.87527311361036, 21.331526653122765], [-100.87526399368407, 21.331491553972526]], [[-100.87526399368407, 21.331491553972526], [-100.87522653215117, 21.331500098776388]], [[-100.87523565206943, 21.33153519792924], [-100.87522653215117, 21.331500098776388]], [[-100.87522653215117, 21.331500098776388], [-100.87518907061329, 21.331508643572203]], [[-100.87519819052349, 21.33154374272767], [-100.87518907061329, 21.331508643572203]], [[-100.87518907061329, 21.331508643572203], [-100.87515160907039, 21.33151718835997]], [[-100.87516072897256, 21.331552287518054], [-100.87515160907039, 21.33151718835997]], [[-100.87515160907039, 21.33151718835997], [-100.8751141475225, 21.331525733139696]], [[-100.87512326741661, 21.331560832300394], [-100.8751141475225, 21.331525733139696]], [[-100.8751141475225, 21.331525733139696], [-100.8750766859696, 21.331534277911373]], [[-100.87508580585566, 21.33156937707469], [-100.8750766859696, 21.331534277911373]], [[-100.8750766859696, 21.331534277911373], [-100.87503922441172, 21.331542822675008]], [[-100.87504834428972, 21.331577921840946], [-100.87503922441172, 21.331542822675008]], [[-100.87503922441172, 21.331542822675008], [-100.87500176284881, 21.331551367430595]], [[-100.87501088271878, 21.33158646659915], [-100.87500176284881, 21.331551367430595]], [[-100.87500176284881, 21.331551367430595], [-100.87496430128093, 21.33155991217814]], [[-100.87497342114284, 21.331595011349314], [-100.87496430128093, 21.33155991217814]], [[-100.87496430128093, 21.33155991217814], [-100.87492683970804, 21.33156845691764]], [[-100.8749359595619, 21.331603556091423], [-100.87492683970804, 21.33156845691764]], [[-100.87492683970804, 21.33156845691764], [-100.87488937813013, 21.33157700164909]], [[-100.87489849797595, 21.3316121008255], [-100.87488937813013, 21.33157700164909]], [[-100.87488937813013, 21.33157700164909], [-100.87485191654724, 21.3315855463725]], [[-100.874861036385, 21.33162064555153], [-100.87485191654724, 21.3315855463725]], [[-100.87485191654724, 21.3315855463725], [-100.87481445495935, 21.331594091087872]], [[-100.87482357478906, 21.33162919026951], [-100.87481445495935, 21.331594091087872]], [[-100.87481445495935, 21.331594091087872], [-100.87477699336645, 21.331602635795186]], [[-100.87478611318812, 21.33163773497945], [-100.87477699336645, 21.331602635795186]], [[-100.87477699336645, 21.331602635795186], [-100.87473953176855, 21.33161118049446]], [[-100.87474865158218, 21.33164627968134], [-100.87473953176855, 21.33161118049446]], [[-100.87473953176855, 21.33161118049446], [-100.87470207016565, 21.331619725185696]], [[-100.87471118997122, 21.331654824375185], [-100.87470207016565, 21.331619725185696]], [[-100.87470207016565, 21.331619725185696], [-100.87466460855775, 21.33162826986888]], [[-100.87467372835528, 21.331663369060983], [-100.87466460855775, 21.33162826986888]], [[-100.87466460855775, 21.33162826986888], [-100.87462714694487, 21.33163681454402]], [[-100.87463626673434, 21.331671913738745], [-100.87462714694487, 21.33163681454402]], [[-100.87462714694487, 21.33163681454402], [-100.87458968532697, 21.331645359211112]], [[-100.87459880510839, 21.331680458408457], [-100.87458968532697, 21.331645359211112]], [[-100.87458968532697, 21.331645359211112], [-100.87455222370407, 21.331653903870162]], [[-100.87456134347744, 21.331689003070114], [-100.87455222370407, 21.331653903870162]], [[-100.87455222370407, 21.331653903870162], [-100.87451476207616, 21.331662448521172]], [[-100.8745238818415, 21.33169754772375], [-100.87451476207616, 21.331662448521172]], [[-100.87451476207616, 21.331662448521172], [-100.87447730044327, 21.331670993164128]], [[-100.87448642020054, 21.331706092369323], [-100.87447730044327, 21.331670993164128]], [[-100.87447730044327, 21.331670993164128], [-100.87443983880537, 21.33167953779904]], [[-100.8744489585546, 21.331714637006854], [-100.87443983880537, 21.33167953779904]], [[-100.87443983880537, 21.33167953779904], [-100.87440237716248, 21.33168808242591]], [[-100.87441149690365, 21.331723181636335], [-100.87440237716248, 21.33168808242591]], [[-100.87440237716248, 21.33168808242591], [-100.87436491551458, 21.33169662704474]], [[-100.8743740352477, 21.33173172625778], [-100.87436491551458, 21.33169662704474]], [[-100.87436491551458, 21.33169662704474], [-100.87432745386168, 21.331705171655514]], [[-100.87433657358676, 21.33174027087118], [-100.87432745386168, 21.331705171655514]], [[-100.87432745386168, 21.331705171655514], [-100.87428999220377, 21.331713716258246]], [[-100.8742991119208, 21.331748815476534], [-100.87428999220377, 21.331713716258246]], [[-100.87428999220377, 21.331713716258246], [-100.87425253054087, 21.331722260852942]], [[-100.87426165024985, 21.331757360073833], [-100.87425253054087, 21.331722260852942]], [[-100.87425253054087, 21.331722260852942], [-100.87421506887297, 21.331730805439584]], [[-100.8742241885739, 21.331765904663097], [-100.87421506887297, 21.331730805439584]], [[-100.87421506887297, 21.331730805439584], [-100.87417760720008, 21.33173935001819]], [[-100.87418672689296, 21.331774449244314], [-100.87417760720008, 21.33173935001819]], [[-100.87417760720008, 21.33173935001819], [-100.87414014552218, 21.331747894588744]], [[-100.87414926520701, 21.331782993817484], [-100.87414014552218, 21.331747894588744]], [[-100.87414014552218, 21.331747894588744], [-100.87410268383928, 21.33175643915125]], [[-100.87411180351606, 21.33179153838261], [-100.87410268383928, 21.33175643915125]], [[-100.87410268383928, 21.33175643915125], [-100.87406522215137, 21.33176498370571]], [[-100.87407434182012, 21.331800082939694], [-100.87406522215137, 21.33176498370571]], [[-100.87406522215137, 21.33176498370571], [-100.87402776045847, 21.33177352825213]], [[-100.87403688011916, 21.331808627488723], [-100.87402776045847, 21.33177352825213]], [[-100.87402776045847, 21.33177352825213], [-100.87399029876057, 21.331782072790507]], [[-100.8739994184132, 21.33181717202972], [-100.87399029876057, 21.331782072790507]], [[-100.87399029876057, 21.331782072790507], [-100.87395283705769, 21.331790617320838]], [[-100.87396195670226, 21.331825716562662], [-100.87395283705769, 21.331790617320838]], [[-100.87395283705769, 21.331790617320838], [-100.87391537534977, 21.33179916184312]], [[-100.87392449498631, 21.331834261087565], [-100.87391537534977, 21.33179916184312]], [[-100.87391537534977, 21.33179916184312], [-100.87387791363687, 21.331807706357356]], [[-100.87388703326536, 21.331842805604417], [-100.87387791363687, 21.331807706357356]], [[-100.87387791363687, 21.331807706357356], [-100.87384045191898, 21.33181625086355]], [[-100.87384957153941, 21.331851350113226], [-100.87384045191898, 21.33181625086355]], [[-100.87384045191898, 21.33181625086355], [-100.87380299019608, 21.331824795361698]], [[-100.87381210980847, 21.331859894613995], [-100.87380299019608, 21.331824795361698]], [[-100.87380299019608, 21.331824795361698], [-100.87376552846818, 21.3318333398518]], [[-100.87377464807251, 21.331868439106714], [-100.87376552846818, 21.3318333398518]], [[-100.87376552846818, 21.3318333398518], [-100.87372806673527, 21.33184188433385]], [[-100.87373718633157, 21.33187698359139], [-100.87372806673527, 21.33184188433385]], [[-100.87372806673527, 21.33184188433385], [-100.87369060499738, 21.33185042880787]], [[-100.87369972458562, 21.331885528068014], [-100.87369060499738, 21.33185042880787]], [[-100.87369060499738, 21.33185042880787], [-100.87365314325447, 21.331858973273835]], [[-100.87366226283467, 21.3318940725366], [-100.87365314325447, 21.331858973273835]], [[-100.87365314325447, 21.331858973273835], [-100.87361568150656, 21.33186751773176]], [[-100.87362480107872, 21.331902616997137], [-100.87361568150656, 21.33186751773176]], [[-100.87361568150656, 21.33186751773176], [-100.87357821975367, 21.33187606218163]], [[-100.87358733931777, 21.33191116144963], [-100.87357821975367, 21.33187606218163]], [[-100.8763129145747, 21.331252296198354], [-100.87630379442803, 21.33121719712046]], [[-100.87630379442803, 21.33121719712046], [-100.87626633304322, 21.331225742146955]], [[-100.87627545318183, 21.331260841227465], [-100.87626633304322, 21.331225742146955]], [[-100.87626633304322, 21.331225742146955], [-100.8762288716534, 21.331234287165397]], [[-100.87623799178397, 21.33126938624853], [-100.8762288716534, 21.331234287165397]], [[-100.8762288716534, 21.331234287165397], [-100.87619141025857, 21.331242832175796]], [[-100.87620053038108, 21.33127793126155], [-100.87619141025857, 21.331242832175796]], [[-100.87619141025857, 21.331242832175796], [-100.87615394885874, 21.331251377178155]], [[-100.87616306897321, 21.331286476266524], [-100.87615394885874, 21.331251377178155]], [[-100.87615394885874, 21.331251377178155], [-100.87611648745393, 21.33125992217247]], [[-100.87612560756035, 21.33129502126345], [-100.87611648745393, 21.33125992217247]], [[-100.87611648745393, 21.33125992217247], [-100.8760790260441, 21.33126846715874]], [[-100.87608814614248, 21.331303566252345], [-100.8760790260441, 21.33126846715874]], [[-100.8760790260441, 21.33126846715874], [-100.87604156462928, 21.331277012136958]], [[-100.8760506847196, 21.331312111233178], [-100.87604156462928, 21.331277012136958]], [[-100.87604156462928, 21.331277012136958], [-100.87600410320944, 21.33128555710714]], [[-100.87601322329172, 21.331320656205975], [-100.87600410320944, 21.33128555710714]], [[-100.87600410320944, 21.33128555710714], [-100.87596664178463, 21.331294102069272]], [[-100.87597576185884, 21.331329201170725], [-100.87596664178463, 21.331294102069272]], [[-100.87596664178463, 21.331294102069272], [-100.8759291803548, 21.331302647023364]], [[-100.87593830042097, 21.33133774612744], [-100.8759291803548, 21.331302647023364]], [[-100.8759291803548, 21.331302647023364], [-100.87589171891996, 21.331311191969412]], [[-100.8759008389781, 21.331346291076102], [-100.87589171891996, 21.331311191969412]], [[-100.87589171891996, 21.331311191969412], [-100.87585425748013, 21.331319736907407]], [[-100.87586337753022, 21.331354836016715], [-100.87585425748013, 21.331319736907407]], [[-100.87585425748013, 21.331319736907407], [-100.8758167960353, 21.331328281837365]], [[-100.87582591607735, 21.331363380949288], [-100.8758167960353, 21.331328281837365]], [[-100.8758167960353, 21.331328281837365], [-100.87577933458547, 21.331336826759273]], [[-100.87578845461947, 21.331371925873817], [-100.87577933458547, 21.331336826759273]], [[-100.87577933458547, 21.331336826759273], [-100.87574187313065, 21.331345371673144]], [[-100.87575099315659, 21.331380470790304], [-100.87574187313065, 21.331345371673144]], [[-100.87574187313065, 21.331345371673144], [-100.8757044116708, 21.331353916578962]], [[-100.8757135316887, 21.331389015698743], [-100.8757044116708, 21.331353916578962]], [[-100.8757044116708, 21.331353916578962], [-100.87566695020597, 21.33136246147674]], [[-100.87567607021582, 21.331397560599136], [-100.87566695020597, 21.33136246147674]], [[-100.87566695020597, 21.33136246147674], [-100.87562948873614, 21.331371006366474]], [[-100.87563860873793, 21.33140610549149], [-100.87562948873614, 21.331371006366474]], [[-100.87562948873614, 21.331371006366474], [-100.8755920272613, 21.331379551248165]], [[-100.87560114725504, 21.33141465037579], [-100.8755920272613, 21.331379551248165]], [[-100.8755920272613, 21.331379551248165], [-100.87555456578147, 21.331388096121806]], [[-100.87556368576716, 21.33142319525205], [-100.87555456578147, 21.331388096121806]], [[-100.87555456578147, 21.331388096121806], [-100.87551710429663, 21.331396640987403]], [[-100.87552622427427, 21.33143174012027], [-100.87551710429663, 21.331396640987403]], [[-100.87551710429663, 21.331396640987403], [-100.8754796428068, 21.33140518584496]], [[-100.8754887627764, 21.331440284980435], [-100.8754796428068, 21.33140518584496]], [[-100.8754796428068, 21.33140518584496], [-100.87544218131195, 21.331413730694468]], [[-100.8754513012735, 21.331448829832567], [-100.87544218131195, 21.331413730694468]], [[-100.87544218131195, 21.331413730694468], [-100.87540471981212, 21.331422275535935]], [[-100.87541383976561, 21.33145737467665], [-100.87540471981212, 21.331422275535935]], [[-100.87540471981212, 21.331422275535935], [-100.87536725830728, 21.331430820369356]], [[-100.87537637825272, 21.331465919512688], [-100.87536725830728, 21.331430820369356]], [[-100.87536725830728, 21.331430820369356], [-100.87532979679743, 21.33143936519473]], [[-100.87533891673483, 21.33147446434068], [-100.87532979679743, 21.33143936519473]], [[-100.87532979679743, 21.33143936519473], [-100.8752923352826, 21.331447910012056]], [[-100.87530145521195, 21.33148300916062], [-100.8752923352826, 21.331447910012056]], [[-100.8752923352826, 21.331447910012056], [-100.87525487376276, 21.331456454821343]], [[-100.87526399368407, 21.331491553972526], [-100.87525487376276, 21.331456454821343]], [[-100.87525487376276, 21.331456454821343], [-100.87521741223792, 21.331464999622582]], [[-100.87522653215117, 21.331500098776388], [-100.87521741223792, 21.331464999622582]], [[-100.87521741223792, 21.331464999622582], [-100.87517995070807, 21.33147354441579]], [[-100.87518907061329, 21.331508643572203], [-100.87517995070807, 21.33147354441579]], [[-100.87517995070807, 21.33147354441579], [-100.87514248917323, 21.331482089200936]], [[-100.87515160907039, 21.33151718835997], [-100.87514248917323, 21.331482089200936]], [[-100.87514248917323, 21.331482089200936], [-100.8751050276334, 21.331490633978035]], [[-100.8751141475225, 21.331525733139696], [-100.8751050276334, 21.331490633978035]], [[-100.8751050276334, 21.331490633978035], [-100.87506756608855, 21.3314991787471]], [[-100.8750766859696, 21.331534277911373], [-100.87506756608855, 21.3314991787471]], [[-100.87506756608855, 21.3314991787471], [-100.8750301045387, 21.331507723508118]], [[-100.87503922441172, 21.331542822675008], [-100.8750301045387, 21.331507723508118]], [[-100.8750301045387, 21.331507723508118], [-100.87499264298387, 21.331516268261087]], [[-100.87500176284881, 21.331551367430595], [-100.87499264298387, 21.331516268261087]], [[-100.87499264298387, 21.331516268261087], [-100.87495518142401, 21.331524813006013]], [[-100.87496430128093, 21.33155991217814], [-100.87495518142401, 21.331524813006013]], [[-100.87495518142401, 21.331524813006013], [-100.87491771985917, 21.331533357742895]], [[-100.87492683970804, 21.33156845691764], [-100.87491771985917, 21.331533357742895]], [[-100.87491771985917, 21.331533357742895], [-100.87488025828932, 21.33154190247174]], [[-100.87488937813013, 21.33157700164909], [-100.87488025828932, 21.33154190247174]], [[-100.87488025828932, 21.33154190247174], [-100.87484279671447, 21.33155044719253]], [[-100.87485191654724, 21.3315855463725], [-100.87484279671447, 21.33155044719253]], [[-100.87484279671447, 21.33155044719253], [-100.87480533513462, 21.331558991905275]], [[-100.87481445495935, 21.331594091087872], [-100.87480533513462, 21.331558991905275]], [[-100.87480533513462, 21.331558991905275], [-100.87476787354979, 21.331567536609978]], [[-100.87477699336645, 21.331602635795186], [-100.87476787354979, 21.331567536609978]], [[-100.87476787354979, 21.331567536609978], [-100.87473041195993, 21.331576081306636]], [[-100.87473953176855, 21.33161118049446], [-100.87473041195993, 21.331576081306636]], [[-100.87473041195993, 21.331576081306636], [-100.8746929503651, 21.331584625995255]], [[-100.87470207016565, 21.331619725185696], [-100.8746929503651, 21.331584625995255]], [[-100.8746929503651, 21.331584625995255], [-100.87465548876524, 21.33159317067582]], [[-100.87466460855775, 21.33162826986888], [-100.87465548876524, 21.33159317067582]], [[-100.87465548876524, 21.33159317067582], [-100.8746180271604, 21.33160171534834]], [[-100.87462714694487, 21.33163681454402], [-100.8746180271604, 21.33160171534834]], [[-100.8746180271604, 21.33160171534834], [-100.87458056555054, 21.33161026001282]], [[-100.87458968532697, 21.331645359211112], [-100.87458056555054, 21.33161026001282]], [[-100.87458056555054, 21.33161026001282], [-100.87454310393571, 21.331618804669255]], [[-100.87455222370407, 21.331653903870162], [-100.87454310393571, 21.331618804669255]], [[-100.87454310393571, 21.331618804669255], [-100.87450564231584, 21.331627349317642]], [[-100.87451476207616, 21.331662448521172], [-100.87450564231584, 21.331627349317642]], [[-100.87450564231584, 21.331627349317642], [-100.874468180691, 21.33163589395798]], [[-100.87447730044327, 21.331670993164128], [-100.874468180691, 21.33163589395798]], [[-100.874468180691, 21.33163589395798], [-100.87443071906115, 21.331644438590285]], [[-100.87443983880537, 21.33167953779904], [-100.87443071906115, 21.331644438590285]], [[-100.87443071906115, 21.331644438590285], [-100.8743932574263, 21.331652983214532]], [[-100.87440237716248, 21.33168808242591], [-100.8743932574263, 21.331652983214532]], [[-100.8743932574263, 21.331652983214532], [-100.87435579578646, 21.331661527830743]], [[-100.87436491551458, 21.33169662704474], [-100.87435579578646, 21.331661527830743]], [[-100.87435579578646, 21.331661527830743], [-100.8743183341416, 21.3316700724389]], [[-100.87432745386168, 21.331705171655514], [-100.8743183341416, 21.3316700724389]], [[-100.8743183341416, 21.3316700724389], [-100.87428087249174, 21.331678617039024]], [[-100.87428999220377, 21.331713716258246], [-100.87428087249174, 21.331678617039024]], [[-100.87428087249174, 21.331678617039024], [-100.8742434108369, 21.33168716163109]], [[-100.87425253054087, 21.331722260852942], [-100.8742434108369, 21.33168716163109]], [[-100.8742434108369, 21.33168716163109], [-100.87420594917705, 21.33169570621512]], [[-100.87421506887297, 21.331730805439584], [-100.87420594917705, 21.33169570621512]], [[-100.87420594917705, 21.33169570621512], [-100.8741684875122, 21.331704250791102]], [[-100.87417760720008, 21.33173935001819], [-100.8741684875122, 21.331704250791102]], [[-100.8741684875122, 21.331704250791102], [-100.87413102584235, 21.331712795359046]], [[-100.87414014552218, 21.331747894588744], [-100.87413102584235, 21.331712795359046]], [[-100.87413102584235, 21.331712795359046], [-100.8740935641675, 21.33172133991894]], [[-100.87410268383928, 21.33175643915125], [-100.8740935641675, 21.33172133991894]], [[-100.8740935641675, 21.33172133991894], [-100.87405610248764, 21.33172988447078]], [[-100.87406522215137, 21.33176498370571], [-100.87405610248764, 21.33172988447078]], [[-100.87405610248764, 21.33172988447078], [-100.8740186408028, 21.331738429014585]], [[-100.87402776045847, 21.33177352825213], [-100.8740186408028, 21.331738429014585]], [[-100.8740186408028, 21.331738429014585], [-100.87398117911293, 21.331746973550345]], [[-100.87399029876057, 21.331782072790507], [-100.87398117911293, 21.331746973550345]], [[-100.87398117911293, 21.331746973550345], [-100.87394371741809, 21.331755518078054]], [[-100.87395283705769, 21.331790617320838], [-100.87394371741809, 21.331755518078054]], [[-100.87394371741809, 21.331755518078054], [-100.87390625571824, 21.331764062597724]], [[-100.87391537534977, 21.33179916184312], [-100.87390625571824, 21.331764062597724]], [[-100.87390625571824, 21.331764062597724], [-100.87386879401339, 21.33177260710934]], [[-100.87387791363687, 21.331807706357356], [-100.87386879401339, 21.33177260710934]], [[-100.87386879401339, 21.33177260710934], [-100.87383133230354, 21.33178115161292]], [[-100.87384045191898, 21.33181625086355], [-100.87383133230354, 21.33178115161292]], [[-100.87383133230354, 21.33178115161292], [-100.87379387058868, 21.331789696108448]], [[-100.87380299019608, 21.331824795361698], [-100.87379387058868, 21.331789696108448]], [[-100.87379387058868, 21.331789696108448], [-100.87375640886883, 21.331798240595933]], [[-100.87376552846818, 21.3318333398518], [-100.87375640886883, 21.331798240595933]], [[-100.87375640886883, 21.331798240595933], [-100.87371894714398, 21.33180678507537]], [[-100.87372806673527, 21.33184188433385], [-100.87371894714398, 21.33180678507537]], [[-100.87371894714398, 21.33180678507537], [-100.87368148541412, 21.33181532954677]], [[-100.87369060499738, 21.33185042880787], [-100.87368148541412, 21.33181532954677]], [[-100.87368148541412, 21.33181532954677], [-100.87364402367929, 21.331823874010123]], [[-100.87365314325447, 21.331858973273835], [-100.87364402367929, 21.331823874010123]], [[-100.87364402367929, 21.331823874010123], [-100.87360656193943, 21.331832418465424]], [[-100.87361568150656, 21.33186751773176], [-100.87360656193943, 21.331832418465424]], [[-100.87360656193943, 21.331832418465424], [-100.87356910019459, 21.331840962912683]], [[-100.87357821975367, 21.33187606218163], [-100.87356910019459, 21.331840962912683]], [[-100.87357821975367, 21.33187606218163], [-100.87354075799577, 21.33188460662346]], [[-100.87356910019459, 21.331840962912683], [-100.87353163844473, 21.33184950735189]], [[-100.87354075799577, 21.33188460662346], [-100.87353163844473, 21.33184950735189]], [[-100.87634125580786, 21.331208652085927], [-100.87630379442803, 21.33121719712046]], [[-100.87634125580786, 21.331208652085927], [-100.87633213565813, 21.331173553009698]], [[-100.87633213565813, 21.331173553009698], [-100.87629467428637, 21.331182098041616]], [[-100.87630379442803, 21.33121719712046], [-100.87629467428637, 21.331182098041616]], [[-100.87629467428637, 21.331182098041616], [-100.8762572129096, 21.331190643065483]], [[-100.87626633304322, 21.331225742146955], [-100.8762572129096, 21.331190643065483]], [[-100.8762572129096, 21.331190643065483], [-100.87621975152781, 21.33119918808131]], [[-100.8762288716534, 21.331234287165397], [-100.87621975152781, 21.33119918808131]], [[-100.87621975152781, 21.33119918808131], [-100.87618229014105, 21.331207733089094]], [[-100.87619141025857, 21.331242832175796], [-100.87618229014105, 21.331207733089094]], [[-100.87618229014105, 21.331207733089094], [-100.87614482874928, 21.33121627808883]], [[-100.87615394885874, 21.331251377178155], [-100.87614482874928, 21.33121627808883]], [[-100.87614482874928, 21.33121627808883], [-100.8761073673525, 21.331224823080532]], [[-100.87611648745393, 21.33125992217247], [-100.8761073673525, 21.331224823080532]], [[-100.8761073673525, 21.331224823080532], [-100.87606990595073, 21.33123336806418]], [[-100.8760790260441, 21.33126846715874], [-100.87606990595073, 21.33123336806418]], [[-100.87606990595073, 21.33123336806418], [-100.87603244454395, 21.33124191303979]], [[-100.87604156462928, 21.331277012136958], [-100.87603244454395, 21.33124191303979]], [[-100.87603244454395, 21.33124191303979], [-100.87599498313217, 21.331250458007347]], [[-100.87600410320944, 21.33128555710714], [-100.87599498313217, 21.331250458007347]], [[-100.87599498313217, 21.331250458007347], [-100.87595752171539, 21.331259002966867]], [[-100.87596664178463, 21.331294102069272], [-100.87595752171539, 21.331259002966867]], [[-100.87595752171539, 21.331259002966867], [-100.87592006029361, 21.331267547918337]], [[-100.8759291803548, 21.331302647023364], [-100.87592006029361, 21.331267547918337]], [[-100.87592006029361, 21.331267547918337], [-100.87588259886684, 21.331276092861764]], [[-100.87589171891996, 21.331311191969412], [-100.87588259886684, 21.331276092861764]], [[-100.87588259886684, 21.331276092861764], [-100.87584513743504, 21.33128463779715]], [[-100.87585425748013, 21.331319736907407], [-100.87584513743504, 21.33128463779715]], [[-100.87584513743504, 21.33128463779715], [-100.87580767599827, 21.33129318272449]], [[-100.8758167960353, 21.331328281837365], [-100.87580767599827, 21.33129318272449]], [[-100.87580767599827, 21.33129318272449], [-100.87577021455648, 21.331301727643783]], [[-100.87577933458547, 21.331336826759273], [-100.87577021455648, 21.331301727643783]], [[-100.87577021455648, 21.331301727643783], [-100.8757327531097, 21.331310272555033]], [[-100.87574187313065, 21.331345371673144], [-100.8757327531097, 21.331310272555033]], [[-100.8757327531097, 21.331310272555033], [-100.87569529165792, 21.33131881745823]], [[-100.8757044116708, 21.331353916578962], [-100.87569529165792, 21.33131881745823]], [[-100.87569529165792, 21.33131881745823], [-100.87565783020113, 21.33132736235339]], [[-100.87566695020597, 21.33136246147674], [-100.87565783020113, 21.33132736235339]], [[-100.87565783020113, 21.33132736235339], [-100.87562036873935, 21.331335907240504]], [[-100.87562948873614, 21.331371006366474], [-100.87562036873935, 21.331335907240504]], [[-100.87562036873935, 21.331335907240504], [-100.87558290727256, 21.33134445211958]], [[-100.8755920272613, 21.331379551248165], [-100.87558290727256, 21.33134445211958]], [[-100.87558290727256, 21.33134445211958], [-100.87554544580077, 21.331352996990606]], [[-100.87555456578147, 21.331388096121806], [-100.87554544580077, 21.331352996990606]], [[-100.87554544580077, 21.331352996990606], [-100.87550798432399, 21.33136154185359]], [[-100.87551710429663, 21.331396640987403], [-100.87550798432399, 21.33136154185359]], [[-100.87550798432399, 21.33136154185359], [-100.87547052284219, 21.331370086708528]], [[-100.8754796428068, 21.33140518584496], [-100.87547052284219, 21.331370086708528]], [[-100.87547052284219, 21.331370086708528], [-100.87543306135541, 21.331378631555413]], [[-100.87544218131195, 21.331413730694468], [-100.87543306135541, 21.331378631555413]], [[-100.87543306135541, 21.331378631555413], [-100.87539559986361, 21.331387176394262]], [[-100.87540471981212, 21.331422275535935], [-100.87539559986361, 21.331387176394262]], [[-100.87539559986361, 21.331387176394262], [-100.87535813836682, 21.331395721225068]], [[-100.87536725830728, 21.331430820369356], [-100.87535813836682, 21.331395721225068]], [[-100.87535813836682, 21.331395721225068], [-100.87532067686504, 21.331404266047823]], [[-100.87532979679743, 21.33143936519473], [-100.87532067686504, 21.331404266047823]], [[-100.87532067686504, 21.331404266047823], [-100.87528321535824, 21.331412810862535]], [[-100.8752923352826, 21.331447910012056], [-100.87528321535824, 21.331412810862535]], [[-100.87528321535824, 21.331412810862535], [-100.87524575384646, 21.331421355669207]], [[-100.87525487376276, 21.331456454821343], [-100.87524575384646, 21.331421355669207]], [[-100.87524575384646, 21.331421355669207], [-100.87520829232966, 21.331429900467832]], [[-100.87521741223792, 21.331464999622582], [-100.87520829232966, 21.331429900467832]], [[-100.87520829232966, 21.331429900467832], [-100.87517083080787, 21.33143844525841]], [[-100.87517995070807, 21.33147354441579], [-100.87517083080787, 21.33143844525841]], [[-100.87517083080787, 21.33143844525841], [-100.87513336928107, 21.33144699004094]], [[-100.87514248917323, 21.331482089200936], [-100.87513336928107, 21.33144699004094]], [[-100.87513336928107, 21.33144699004094], [-100.87509590774928, 21.331455534815426]], [[-100.8751050276334, 21.331490633978035], [-100.87509590774928, 21.331455534815426]], [[-100.87509590774928, 21.331455534815426], [-100.87505844621248, 21.33146407958188]], [[-100.87506756608855, 21.3314991787471], [-100.87505844621248, 21.33146407958188]], [[-100.87505844621248, 21.33146407958188], [-100.87502098467068, 21.331472624340275]], [[-100.8750301045387, 21.331507723508118], [-100.87502098467068, 21.331472624340275]], [[-100.87502098467068, 21.331472624340275], [-100.8749835231239, 21.331481169090626]], [[-100.87499264298387, 21.331516268261087], [-100.8749835231239, 21.331481169090626]], [[-100.8749835231239, 21.331481169090626], [-100.8749460615721, 21.33148971383294]], [[-100.87495518142401, 21.331524813006013], [-100.8749460615721, 21.33148971383294]], [[-100.8749460615721, 21.33148971383294], [-100.8749086000153, 21.331498258567205]], [[-100.87491771985917, 21.331533357742895], [-100.8749086000153, 21.331498258567205]], [[-100.8749086000153, 21.331498258567205], [-100.87487113845351, 21.33150680329343]], [[-100.87488025828932, 21.33154190247174], [-100.87487113845351, 21.33150680329343]], [[-100.87487113845351, 21.33150680329343], [-100.87483367688671, 21.331515348011603]], [[-100.87484279671447, 21.33155044719253], [-100.87483367688671, 21.331515348011603]], [[-100.87483367688671, 21.331515348011603], [-100.87479621531492, 21.33152389272173]], [[-100.87480533513462, 21.331558991905275], [-100.87479621531492, 21.33152389272173]], [[-100.87479621531492, 21.33152389272173], [-100.8747587537381, 21.331532437423817]], [[-100.87476787354979, 21.331567536609978], [-100.8747587537381, 21.331532437423817]], [[-100.8747587537381, 21.331532437423817], [-100.87472129215631, 21.33154098211786]], [[-100.87473041195993, 21.331576081306636], [-100.87472129215631, 21.33154098211786]], [[-100.87472129215631, 21.33154098211786], [-100.87468383056952, 21.331549526803855]], [[-100.8746929503651, 21.331584625995255], [-100.87468383056952, 21.331549526803855]], [[-100.87468383056952, 21.331549526803855], [-100.87464636897772, 21.3315580714818]], [[-100.87465548876524, 21.33159317067582], [-100.87464636897772, 21.3315580714818]], [[-100.87464636897772, 21.3315580714818], [-100.87460890738092, 21.33156661615171]], [[-100.8746180271604, 21.33160171534834], [-100.87460890738092, 21.33156661615171]], [[-100.87460890738092, 21.33156661615171], [-100.87457144577913, 21.331575160813575]], [[-100.87458056555054, 21.33161026001282], [-100.87457144577913, 21.331575160813575]], [[-100.87457144577913, 21.331575160813575], [-100.87453398417233, 21.33158370546739]], [[-100.87454310393571, 21.331618804669255], [-100.87453398417233, 21.33158370546739]], [[-100.87453398417233, 21.33158370546739], [-100.87449652256053, 21.331592250113154]], [[-100.87450564231584, 21.331627349317642], [-100.87449652256053, 21.331592250113154]], [[-100.87449652256053, 21.331592250113154], [-100.87445906094372, 21.33160079475088]], [[-100.874468180691, 21.33163589395798], [-100.87445906094372, 21.33160079475088]], [[-100.87445906094372, 21.33160079475088], [-100.87442159932193, 21.33160933938056]], [[-100.87443071906115, 21.331644438590285], [-100.87442159932193, 21.33160933938056]], [[-100.87442159932193, 21.33160933938056], [-100.87438413769512, 21.331617884002203]], [[-100.8743932574263, 21.331652983214532], [-100.87438413769512, 21.331617884002203]], [[-100.87438413769512, 21.331617884002203], [-100.87434667606333, 21.33162642861579]], [[-100.87435579578646, 21.331661527830743], [-100.87434667606333, 21.33162642861579]], [[-100.87434667606333, 21.33162642861579], [-100.87430921442652, 21.331634973221345]], [[-100.8743183341416, 21.3316700724389], [-100.87430921442652, 21.331634973221345]], [[-100.87430921442652, 21.331634973221345], [-100.87427175278472, 21.33164351781884]], [[-100.87428087249174, 21.331678617039024], [-100.87427175278472, 21.33164351781884]], [[-100.87427175278472, 21.33164351781884], [-100.87423429113792, 21.331652062408292]], [[-100.8742434108369, 21.33168716163109], [-100.87423429113792, 21.331652062408292]], [[-100.87423429113792, 21.331652062408292], [-100.87419682948611, 21.331660606989704]], [[-100.87420594917705, 21.33169570621512], [-100.87419682948611, 21.331660606989704]], [[-100.87419682948611, 21.331660606989704], [-100.87415936782932, 21.33166915156307]], [[-100.8741684875122, 21.331704250791102], [-100.87415936782932, 21.33166915156307]], [[-100.87415936782932, 21.33166915156307], [-100.87412190616752, 21.331677696128395]], [[-100.87413102584235, 21.331712795359046], [-100.87412190616752, 21.331677696128395]], [[-100.87412190616752, 21.331677696128395], [-100.87408444450071, 21.331686240685666]], [[-100.8740935641675, 21.33172133991894], [-100.87408444450071, 21.331686240685666]], [[-100.87408444450071, 21.331686240685666], [-100.87404698282892, 21.331694785234895]], [[-100.87405610248764, 21.33172988447078], [-100.87404698282892, 21.331694785234895]], [[-100.87404698282892, 21.331694785234895], [-100.87400952115212, 21.331703329776083]], [[-100.8740186408028, 21.331738429014585], [-100.87400952115212, 21.331703329776083]], [[-100.87400952115212, 21.331703329776083], [-100.8739720594703, 21.33171187430922]], [[-100.87398117911293, 21.331746973550345], [-100.8739720594703, 21.33171187430922]], [[-100.8739720594703, 21.33171187430922], [-100.8739345977835, 21.33172041883432]], [[-100.87394371741809, 21.331755518078054], [-100.8739345977835, 21.33172041883432]], [[-100.8739345977835, 21.33172041883432], [-100.87389713609171, 21.331728963351367]], [[-100.87390625571824, 21.331764062597724], [-100.87389713609171, 21.331728963351367]], [[-100.87389713609171, 21.331728963351367], [-100.87385967439491, 21.331737507860378]], [[-100.87386879401339, 21.33177260710934], [-100.87385967439491, 21.331737507860378]], [[-100.87385967439491, 21.331737507860378], [-100.8738222126931, 21.33174605236133]], [[-100.87383133230354, 21.33178115161292], [-100.8738222126931, 21.33174605236133]], [[-100.8738222126931, 21.33174605236133], [-100.8737847509863, 21.331754596854246]], [[-100.87379387058868, 21.331789696108448], [-100.8737847509863, 21.331754596854246]], [[-100.8737847509863, 21.331754596854246], [-100.87374728927449, 21.331763141339106]], [[-100.87375640886883, 21.331798240595933], [-100.87374728927449, 21.331763141339106]], [[-100.87374728927449, 21.331763141339106], [-100.8737098275577, 21.331771685815937]], [[-100.87371894714398, 21.33180678507537], [-100.8737098275577, 21.331771685815937]], [[-100.8737098275577, 21.331771685815937], [-100.8736723658359, 21.331780230284725]], [[-100.87368148541412, 21.33181532954677], [-100.8736723658359, 21.331780230284725]], [[-100.8736723658359, 21.331780230284725], [-100.8736349041091, 21.331788774745455]], [[-100.87364402367929, 21.331823874010123], [-100.8736349041091, 21.331788774745455]], [[-100.8736349041091, 21.331788774745455], [-100.87359744237729, 21.331797319198138]], [[-100.87360656193943, 21.331832418465424], [-100.87359744237729, 21.331797319198138]], [[-100.87359744237729, 21.331797319198138], [-100.8735599806405, 21.33180586364278]], [[-100.87356910019459, 21.331840962912683], [-100.8735599806405, 21.33180586364278]], [[-100.8735599806405, 21.33180586364278], [-100.87352251889868, 21.331814408079378]], [[-100.87353163844473, 21.33184950735189], [-100.87352251889868, 21.331814408079378]], [[-100.87633213565813, 21.331173553009698], [-100.87632301551342, 21.33113845393251]], [[-100.87632301551342, 21.33113845393251], [-100.8762855541497, 21.331146998961813]], [[-100.87629467428637, 21.331182098041616], [-100.8762855541497, 21.331146998961813]], [[-100.8762855541497, 21.331146998961813], [-100.87624809278097, 21.33115554398307]], [[-100.8762572129096, 21.331190643065483], [-100.87624809278097, 21.33115554398307]], [[-100.87624809278097, 21.33115554398307], [-100.87621063140725, 21.33116408899627]], [[-100.87621975152781, 21.33119918808131], [-100.87621063140725, 21.33116408899627]], [[-100.87621063140725, 21.33116408899627], [-100.87617317002852, 21.331172634001444]], [[-100.87618229014105, 21.331207733089094], [-100.87617317002852, 21.331172634001444]], [[-100.87617317002852, 21.331172634001444], [-100.87613570864481, 21.331181178998563]], [[-100.87614482874928, 21.33121627808883], [-100.87613570864481, 21.331181178998563]], [[-100.87613570864481, 21.331181178998563], [-100.87609824725608, 21.33118972398764]], [[-100.8761073673525, 21.331224823080532], [-100.87609824725608, 21.33118972398764]], [[-100.87609824725608, 21.33118972398764], [-100.87606078586235, 21.331198268968674]], [[-100.87606990595073, 21.33123336806418], [-100.87606078586235, 21.331198268968674]], [[-100.87606078586235, 21.331198268968674], [-100.87602332446362, 21.33120681394166]], [[-100.87603244454395, 21.33124191303979], [-100.87602332446362, 21.33120681394166]], [[-100.87602332446362, 21.33120681394166], [-100.87598586305988, 21.331215358906604]], [[-100.87599498313217, 21.331250458007347], [-100.87598586305988, 21.331215358906604]], [[-100.87598586305988, 21.331215358906604], [-100.87594840165116, 21.331223903863503]], [[-100.87595752171539, 21.331259002966867], [-100.87594840165116, 21.331223903863503]], [[-100.87594840165116, 21.331223903863503], [-100.87591094023743, 21.331232448812358]], [[-100.87592006029361, 21.331267547918337], [-100.87591094023743, 21.331232448812358]], [[-100.87591094023743, 21.331232448812358], [-100.87587347881869, 21.331240993753173]], [[-100.87588259886684, 21.331276092861764], [-100.87587347881869, 21.331240993753173]], [[-100.87587347881869, 21.331240993753173], [-100.87583601739496, 21.33124953868593]], [[-100.87584513743504, 21.33128463779715], [-100.87583601739496, 21.33124953868593]], [[-100.87583601739496, 21.33124953868593], [-100.87579855596624, 21.331258083610653]], [[-100.87580767599827, 21.33129318272449], [-100.87579855596624, 21.331258083610653]], [[-100.87579855596624, 21.331258083610653], [-100.8757610945325, 21.33126662852734]], [[-100.87577021455648, 21.331301727643783], [-100.8757610945325, 21.33126662852734]], [[-100.8757610945325, 21.33126662852734], [-100.87572363309377, 21.331275173435966]], [[-100.8757327531097, 21.331310272555033], [-100.87572363309377, 21.331275173435966]], [[-100.87572363309377, 21.331275173435966], [-100.87568617165002, 21.33128371833655]], [[-100.87569529165792, 21.33131881745823], [-100.87568617165002, 21.33128371833655]], [[-100.87568617165002, 21.33128371833655], [-100.87564871020129, 21.33129226322909]], [[-100.87565783020113, 21.33132736235339], [-100.87564871020129, 21.33129226322909]], [[-100.87564871020129, 21.33129226322909], [-100.87561124874755, 21.33130080811359]], [[-100.87562036873935, 21.331335907240504], [-100.87561124874755, 21.33130080811359]], [[-100.87561124874755, 21.33130080811359], [-100.87557378728881, 21.331309352990043]], [[-100.87558290727256, 21.33134445211958], [-100.87557378728881, 21.331309352990043]], [[-100.87557378728881, 21.331309352990043], [-100.87553632582507, 21.33131789785845]], [[-100.87554544580077, 21.331352996990606], [-100.87553632582507, 21.33131789785845]], [[-100.87553632582507, 21.33131789785845], [-100.87549886435635, 21.33132644271882]], [[-100.87550798432399, 21.33136154185359], [-100.87549886435635, 21.33132644271882]], [[-100.87549886435635, 21.33132644271882], [-100.87546140288259, 21.33133498757114]], [[-100.87547052284219, 21.331370086708528], [-100.87546140288259, 21.33133498757114]], [[-100.87546140288259, 21.33133498757114], [-100.87542394140387, 21.331343532415413]], [[-100.87543306135541, 21.331378631555413], [-100.87542394140387, 21.331343532415413]], [[-100.87542394140387, 21.331343532415413], [-100.87538647992011, 21.33135207725164]], [[-100.87539559986361, 21.331387176394262], [-100.87538647992011, 21.33135207725164]], [[-100.87538647992011, 21.33135207725164], [-100.87534901843138, 21.331360622079824]], [[-100.87535813836682, 21.331395721225068], [-100.87534901843138, 21.331360622079824]], [[-100.87534901843138, 21.331360622079824], [-100.87531155693763, 21.331369166899968]], [[-100.87532067686504, 21.331404266047823], [-100.87531155693763, 21.331369166899968]], [[-100.87531155693763, 21.331369166899968], [-100.8752740954389, 21.33137771171206]], [[-100.87528321535824, 21.331412810862535], [-100.8752740954389, 21.33137771171206]], [[-100.8752740954389, 21.33137771171206], [-100.87523663393515, 21.331386256516115]], [[-100.87524575384646, 21.331421355669207], [-100.87523663393515, 21.331386256516115]], [[-100.87523663393515, 21.331386256516115], [-100.8751991724264, 21.331394801312122]], [[-100.87520829232966, 21.331429900467832], [-100.8751991724264, 21.331394801312122]], [[-100.8751991724264, 21.331394801312122], [-100.87516171091265, 21.331403346100082]], [[-100.87517083080787, 21.33143844525841], [-100.87516171091265, 21.331403346100082]], [[-100.87516171091265, 21.331403346100082], [-100.8751242493939, 21.33141189088]], [[-100.87513336928107, 21.33144699004094], [-100.8751242493939, 21.33141189088]], [[-100.8751242493939, 21.33141189088], [-100.87508678787017, 21.331420435651868]], [[-100.87509590774928, 21.331455534815426], [-100.87508678787017, 21.331420435651868]], [[-100.87508678787017, 21.331420435651868], [-100.87504932634143, 21.331428980415698]], [[-100.87505844621248, 21.33146407958188], [-100.87504932634143, 21.331428980415698]], [[-100.87504932634143, 21.331428980415698], [-100.87501186480768, 21.33143752517148]], [[-100.87502098467068, 21.331472624340275], [-100.87501186480768, 21.33143752517148]], [[-100.87501186480768, 21.33143752517148], [-100.87497440326894, 21.331446069919213]], [[-100.8749835231239, 21.331481169090626], [-100.87497440326894, 21.331446069919213]], [[-100.87497440326894, 21.331446069919213], [-100.8749369417252, 21.331454614658913]], [[-100.8749460615721, 21.33148971383294], [-100.8749369417252, 21.331454614658913]], [[-100.8749369417252, 21.331454614658913], [-100.87489948017644, 21.331463159390562]], [[-100.8749086000153, 21.331498258567205], [-100.87489948017644, 21.331463159390562]], [[-100.87489948017644, 21.331463159390562], [-100.8748620186227, 21.33147170411417]], [[-100.87487113845351, 21.33150680329343], [-100.8748620186227, 21.33147170411417]], [[-100.8748620186227, 21.33147170411417], [-100.87482455706395, 21.331480248829717]], [[-100.87483367688671, 21.331515348011603], [-100.87482455706395, 21.331480248829717]], [[-100.87482455706395, 21.331480248829717], [-100.8747870955002, 21.331488793537233]], [[-100.87479621531492, 21.33152389272173], [-100.8747870955002, 21.331488793537233]], [[-100.8747870955002, 21.331488793537233], [-100.87474963393146, 21.331497338236705]], [[-100.8747587537381, 21.331532437423817], [-100.87474963393146, 21.331497338236705]], [[-100.87474963393146, 21.331497338236705], [-100.8747121723577, 21.331505882928123]], [[-100.87472129215631, 21.33154098211786], [-100.8747121723577, 21.331505882928123]], [[-100.8747121723577, 21.331505882928123], [-100.87467471077895, 21.331514427611502]], [[-100.87468383056952, 21.331549526803855], [-100.87467471077895, 21.331514427611502]], [[-100.87467471077895, 21.331514427611502], [-100.8746372491952, 21.331522972286834]], [[-100.87464636897772, 21.3315580714818], [-100.8746372491952, 21.331522972286834]], [[-100.8746372491952, 21.331522972286834], [-100.87459978760646, 21.331531516954126]], [[-100.87460890738092, 21.33156661615171], [-100.87459978760646, 21.331531516954126]], [[-100.87459978760646, 21.331531516954126], [-100.87456232601271, 21.331540061613374]], [[-100.87457144577913, 21.331575160813575], [-100.87456232601271, 21.331540061613374]], [[-100.87456232601271, 21.331540061613374], [-100.87452486441394, 21.331548606264572]], [[-100.87453398417233, 21.33158370546739], [-100.87452486441394, 21.331548606264572]], [[-100.87452486441394, 21.331548606264572], [-100.87448740281019, 21.331557150907724]], [[-100.87449652256053, 21.331592250113154], [-100.87448740281019, 21.331557150907724]], [[-100.87448740281019, 21.331557150907724], [-100.87444994120145, 21.33156569554283]], [[-100.87445906094372, 21.33160079475088], [-100.87444994120145, 21.33156569554283]], [[-100.87444994120145, 21.33156569554283], [-100.8744124795877, 21.331574240169896]], [[-100.87442159932193, 21.33160933938056], [-100.8744124795877, 21.331574240169896]], [[-100.8744124795877, 21.331574240169896], [-100.87437501796894, 21.331582784788917]], [[-100.87438413769512, 21.331617884002203], [-100.87437501796894, 21.331582784788917]], [[-100.87437501796894, 21.331582784788917], [-100.8743375563452, 21.33159132939989]], [[-100.87434667606333, 21.33162642861579], [-100.8743375563452, 21.33159132939989]], [[-100.8743375563452, 21.33159132939989], [-100.87430009471645, 21.33159987400282]], [[-100.87430921442652, 21.331634973221345], [-100.87430009471645, 21.33159987400282]], [[-100.87430009471645, 21.33159987400282], [-100.8742626330827, 21.331608418597703]], [[-100.87427175278472, 21.33164351781884], [-100.8742626330827, 21.331608418597703]], [[-100.8742626330827, 21.331608418597703], [-100.87422517144394, 21.331616963184544]], [[-100.87423429113792, 21.331652062408292], [-100.87422517144394, 21.331616963184544]], [[-100.87422517144394, 21.331616963184544], [-100.8741877098002, 21.331625507763334]], [[-100.87419682948611, 21.331660606989704], [-100.8741877098002, 21.331625507763334]], [[-100.8741877098002, 21.331625507763334], [-100.87415024815144, 21.331634052334085]], [[-100.87415936782932, 21.33166915156307], [-100.87415024815144, 21.331634052334085]], [[-100.87415024815144, 21.331634052334085], [-100.87411278649769, 21.33164259689679]], [[-100.87412190616752, 21.331677696128395], [-100.87411278649769, 21.33164259689679]], [[-100.87411278649769, 21.33164259689679], [-100.87407532483893, 21.33165114145144]], [[-100.87408444450071, 21.331686240685666], [-100.87407532483893, 21.33165114145144]], [[-100.87407532483893, 21.33165114145144], [-100.87403786317518, 21.331659685998062]], [[-100.87404698282892, 21.331694785234895], [-100.87403786317518, 21.331659685998062]], [[-100.87403786317518, 21.331659685998062], [-100.87400040150644, 21.331668230536632]], [[-100.87400952115212, 21.331703329776083], [-100.87400040150644, 21.331668230536632]], [[-100.87400040150644, 21.331668230536632], [-100.87396293983268, 21.33167677506715]], [[-100.8739720594703, 21.33171187430922], [-100.87396293983268, 21.33167677506715]], [[-100.87396293983268, 21.33167677506715], [-100.87392547815392, 21.33168531958963]], [[-100.8739345977835, 21.33172041883432], [-100.87392547815392, 21.33168531958963]], [[-100.87392547815392, 21.33168531958963], [-100.87388801647018, 21.33169386410406]], [[-100.87389713609171, 21.331728963351367], [-100.87388801647018, 21.33169386410406]], [[-100.87388801647018, 21.33169386410406], [-100.87385055478143, 21.33170240861045]], [[-100.87385967439491, 21.331737507860378], [-100.87385055478143, 21.33170240861045]], [[-100.87385055478143, 21.33170240861045], [-100.87381309308768, 21.331710953108797]], [[-100.8738222126931, 21.33174605236133], [-100.87381309308768, 21.331710953108797]], [[-100.87381309308768, 21.331710953108797], [-100.87377563138891, 21.33171949759909]], [[-100.8737847509863, 21.331754596854246], [-100.87377563138891, 21.33171949759909]], [[-100.87377563138891, 21.33171949759909], [-100.87373816968515, 21.33172804208134]], [[-100.87374728927449, 21.331763141339106], [-100.87373816968515, 21.33172804208134]], [[-100.87373816968515, 21.33172804208134], [-100.87370070797641, 21.331736586555547]], [[-100.8737098275577, 21.331771685815937], [-100.87370070797641, 21.331736586555547]], [[-100.87370070797641, 21.331736586555547], [-100.87366324626265, 21.331745131021716]], [[-100.8736723658359, 21.331780230284725], [-100.87366324626265, 21.331745131021716]], [[-100.87366324626265, 21.331745131021716], [-100.8736257845439, 21.33175367547983]], [[-100.8736349041091, 21.331788774745455], [-100.8736257845439, 21.33175367547983]], [[-100.8736257845439, 21.33175367547983], [-100.87358832282015, 21.331762219929896]], [[-100.87359744237729, 21.331797319198138], [-100.87358832282015, 21.331762219929896]], [[-100.87358832282015, 21.331762219929896], [-100.8735508610914, 21.331770764371925]], [[-100.8735599806405, 21.33180586364278], [-100.8735508610914, 21.331770764371925]], [[-100.8735508610914, 21.331770764371925], [-100.87351339935765, 21.331779308805906]], [[-100.87352251889868, 21.331814408079378], [-100.87351339935765, 21.331779308805906]], [[-100.87352251889868, 21.331814408079378], [-100.87348505715188, 21.33182295250793]], [[-100.87351339935765, 21.331779308805906], [-100.87347593761889, 21.331787853231845]], [[-100.87348505715188, 21.33182295250793], [-100.87347593761889, 21.331787853231845]], [[-100.87636047687215, 21.331129908895168], [-100.87632301551342, 21.33113845393251]], [[-100.87636047687215, 21.331129908895168], [-100.87635135672438, 21.331094809819646]], [[-100.87635135672438, 21.331094809819646], [-100.87631389537371, 21.33110335485437]], [[-100.87632301551342, 21.33113845393251], [-100.87631389537371, 21.33110335485437]], [[-100.87631389537371, 21.33110335485437], [-100.87627643401802, 21.331111899881055]], [[-100.8762855541497, 21.331146998961813], [-100.87627643401802, 21.331111899881055]], [[-100.87627643401802, 21.331111899881055], [-100.87623897265736, 21.331120444899685]], [[-100.87624809278097, 21.33115554398307], [-100.87623897265736, 21.331120444899685]], [[-100.87623897265736, 21.331120444899685], [-100.87620151129168, 21.331128989910287]], [[-100.87621063140725, 21.33116408899627], [-100.87620151129168, 21.331128989910287]], [[-100.87620151129168, 21.331128989910287], [-100.876164049921, 21.331137534912827]], [[-100.87617317002852, 21.331172634001444], [-100.876164049921, 21.331137534912827]], [[-100.876164049921, 21.331137534912827], [-100.87612658854533, 21.331146079907338]], [[-100.87613570864481, 21.331181178998563], [-100.87612658854533, 21.331146079907338]], [[-100.87612658854533, 21.331146079907338], [-100.87608912716465, 21.3311546248938]], [[-100.87609824725608, 21.33118972398764], [-100.87608912716465, 21.3311546248938]], [[-100.87608912716465, 21.3311546248938], [-100.87605166577896, 21.33116316987221]], [[-100.87606078586235, 21.331198268968674], [-100.87605166577896, 21.33116316987221]], [[-100.87605166577896, 21.33116316987221], [-100.8760142043883, 21.331171714842576]], [[-100.87602332446362, 21.33120681394166], [-100.8760142043883, 21.331171714842576]], [[-100.8760142043883, 21.331171714842576], [-100.87597674299262, 21.331180259804903]], [[-100.87598586305988, 21.331215358906604], [-100.87597674299262, 21.331180259804903]], [[-100.87597674299262, 21.331180259804903], [-100.87593928159193, 21.33118880475919]], [[-100.87594840165116, 21.331223903863503], [-100.87593928159193, 21.33118880475919]], [[-100.87593928159193, 21.33118880475919], [-100.87590182018624, 21.33119734970543]], [[-100.87591094023743, 21.331232448812358], [-100.87590182018624, 21.33119734970543]], [[-100.87590182018624, 21.33119734970543], [-100.87586435877557, 21.33120589464362]], [[-100.87587347881869, 21.331240993753173], [-100.87586435877557, 21.33120589464362]], [[-100.87586435877557, 21.33120589464362], [-100.87582689735989, 21.331214439573767]], [[-100.87583601739496, 21.33124953868593], [-100.87582689735989, 21.331214439573767]], [[-100.87582689735989, 21.331214439573767], [-100.8757894359392, 21.33122298449587]], [[-100.87579855596624, 21.331258083610653], [-100.8757894359392, 21.33122298449587]], [[-100.8757894359392, 21.33122298449587], [-100.8757519745135, 21.33123152940993]], [[-100.8757610945325, 21.33126662852734], [-100.8757519745135, 21.33123152940993]], [[-100.8757519745135, 21.33123152940993], [-100.87571451308283, 21.331240074315946]], [[-100.87572363309377, 21.331275173435966], [-100.87571451308283, 21.331240074315946]], [[-100.87571451308283, 21.331240074315946], [-100.87567705164713, 21.33124861921392]], [[-100.87568617165002, 21.33128371833655], [-100.87567705164713, 21.33124861921392]], [[-100.87567705164713, 21.33124861921392], [-100.87563959020645, 21.33125716410384]], [[-100.87564871020129, 21.33129226322909], [-100.87563959020645, 21.33125716410384]], [[-100.87563959020645, 21.33125716410384], [-100.87560212876076, 21.331265708985725]], [[-100.87561124874755, 21.33130080811359], [-100.87560212876076, 21.331265708985725]], [[-100.87560212876076, 21.331265708985725], [-100.87556466731007, 21.331274253859558]], [[-100.87557378728881, 21.331309352990043], [-100.87556466731007, 21.331274253859558]], [[-100.87556466731007, 21.331274253859558], [-100.87552720585438, 21.331282798725347]], [[-100.87553632582507, 21.33131789785845], [-100.87552720585438, 21.331282798725347]], [[-100.87552720585438, 21.331282798725347], [-100.87548974439369, 21.331291343583096]], [[-100.87549886435635, 21.33132644271882], [-100.87548974439369, 21.331291343583096]], [[-100.87548974439369, 21.331291343583096], [-100.875452282928, 21.331299888432792]], [[-100.87546140288259, 21.33133498757114], [-100.875452282928, 21.331299888432792]], [[-100.875452282928, 21.331299888432792], [-100.87541482145731, 21.331308433274458]], [[-100.87542394140387, 21.331343532415413], [-100.87541482145731, 21.331308433274458]], [[-100.87541482145731, 21.331308433274458], [-100.87537735998161, 21.331316978108067]], [[-100.87538647992011, 21.33135207725164], [-100.87537735998161, 21.331316978108067]], [[-100.87537735998161, 21.331316978108067], [-100.87533989850093, 21.331325522933632]], [[-100.87534901843138, 21.331360622079824], [-100.87533989850093, 21.331325522933632]], [[-100.87533989850093, 21.331325522933632], [-100.87530243701524, 21.331334067751158]], [[-100.87531155693763, 21.331369166899968], [-100.87530243701524, 21.331334067751158]], [[-100.87530243701524, 21.331334067751158], [-100.87526497552454, 21.33134261256064]], [[-100.8752740954389, 21.33137771171206], [-100.87526497552454, 21.33134261256064]], [[-100.87526497552454, 21.33134261256064], [-100.87522751402885, 21.331351157362075]], [[-100.87523663393515, 21.331386256516115], [-100.87522751402885, 21.331351157362075]], [[-100.87522751402885, 21.331351157362075], [-100.87519005252815, 21.331359702155464]], [[-100.8751991724264, 21.331394801312122], [-100.87519005252815, 21.331359702155464]], [[-100.87519005252815, 21.331359702155464], [-100.87515259102246, 21.331368246940805]], [[-100.87516171091265, 21.331403346100082], [-100.87515259102246, 21.331368246940805]], [[-100.87515259102246, 21.331368246940805], [-100.87511512951176, 21.3313767917181]], [[-100.8751242493939, 21.33141189088], [-100.87511512951176, 21.3313767917181]], [[-100.87511512951176, 21.3313767917181], [-100.87507766799607, 21.33138533648736]], [[-100.87508678787017, 21.331420435651868], [-100.87507766799607, 21.33138533648736]], [[-100.87507766799607, 21.33138533648736], [-100.87504020647536, 21.331393881248566]], [[-100.87504932634143, 21.331428980415698], [-100.87504020647536, 21.331393881248566]], [[-100.87504020647536, 21.331393881248566], [-100.87500274494967, 21.331402426001734]], [[-100.87501186480768, 21.33143752517148], [-100.87500274494967, 21.331402426001734]], [[-100.87500274494967, 21.331402426001734], [-100.87496528341897, 21.33141097074685]], [[-100.87497440326894, 21.331446069919213], [-100.87496528341897, 21.33141097074685]], [[-100.87496528341897, 21.33141097074685], [-100.87492782188328, 21.331419515483933]], [[-100.8749369417252, 21.331454614658913], [-100.87492782188328, 21.331419515483933]], [[-100.87492782188328, 21.331419515483933], [-100.87489036034258, 21.33142806021296]], [[-100.87489948017644, 21.331463159390562], [-100.87489036034258, 21.33142806021296]], [[-100.87489036034258, 21.33142806021296], [-100.87485289879687, 21.33143660493395]], [[-100.8748620186227, 21.33147170411417], [-100.87485289879687, 21.33143660493395]], [[-100.87485289879687, 21.33143660493395], [-100.87481543724618, 21.331445149646886]], [[-100.87482455706395, 21.331480248829717], [-100.87481543724618, 21.331445149646886]], [[-100.87481543724618, 21.331445149646886], [-100.87477797569048, 21.33145369435178]], [[-100.8747870955002, 21.331488793537233], [-100.87477797569048, 21.33145369435178]], [[-100.87477797569048, 21.33145369435178], [-100.87474051412978, 21.33146223904864]], [[-100.87474963393146, 21.331497338236705], [-100.87474051412978, 21.33146223904864]], [[-100.87474051412978, 21.33146223904864], [-100.87470305256407, 21.33147078373744]], [[-100.8747121723577, 21.331505882928123], [-100.87470305256407, 21.33147078373744]], [[-100.87470305256407, 21.33147078373744], [-100.87466559099337, 21.331479328418208]], [[-100.87467471077895, 21.331514427611502], [-100.87466559099337, 21.331479328418208]], [[-100.87466559099337, 21.331479328418208], [-100.87462812941767, 21.331487873090918]], [[-100.8746372491952, 21.331522972286834], [-100.87462812941767, 21.331487873090918]], [[-100.87462812941767, 21.331487873090918], [-100.87459066783698, 21.33149641775559]], [[-100.87459978760646, 21.331531516954126], [-100.87459066783698, 21.33149641775559]], [[-100.87459066783698, 21.33149641775559], [-100.87455320625129, 21.331504962412218]], [[-100.87456232601271, 21.331540061613374], [-100.87455320625129, 21.331504962412218]], [[-100.87455320625129, 21.331504962412218], [-100.87451574466058, 21.331513507060798]], [[-100.87452486441394, 21.331548606264572], [-100.87451574466058, 21.331513507060798]], [[-100.87451574466058, 21.331513507060798], [-100.87447828306489, 21.331522051701334]], [[-100.87448740281019, 21.331557150907724], [-100.87447828306489, 21.331522051701334]], [[-100.87447828306489, 21.331522051701334], [-100.87444082146418, 21.331530596333828]], [[-100.87444994120145, 21.33156569554283], [-100.87444082146418, 21.331530596333828]], [[-100.87444082146418, 21.331530596333828], [-100.87440335985846, 21.33153914095827]], [[-100.8744124795877, 21.331574240169896], [-100.87440335985846, 21.33153914095827]], [[-100.87440335985846, 21.33153914095827], [-100.87436589824777, 21.33154768557468]], [[-100.87437501796894, 21.331582784788917], [-100.87436589824777, 21.33154768557468]], [[-100.87436589824777, 21.33154768557468], [-100.87432843663207, 21.331556230183036]], [[-100.8743375563452, 21.33159132939989], [-100.87432843663207, 21.331556230183036]], [[-100.87432843663207, 21.331556230183036], [-100.87429097501136, 21.33156477478335]], [[-100.87430009471645, 21.33159987400282], [-100.87429097501136, 21.33156477478335]], [[-100.87429097501136, 21.33156477478335], [-100.87425351338567, 21.33157331937561]], [[-100.8742626330827, 21.331608418597703], [-100.87425351338567, 21.33157331937561]], [[-100.87425351338567, 21.33157331937561], [-100.87421605175497, 21.331581863959837]], [[-100.87422517144394, 21.331616963184544], [-100.87421605175497, 21.331581863959837]], [[-100.87421605175497, 21.331581863959837], [-100.87417859011926, 21.331590408536012]], [[-100.8741877098002, 21.331625507763334], [-100.87417859011926, 21.331590408536012]], [[-100.87417859011926, 21.331590408536012], [-100.87414112847856, 21.331598953104145]], [[-100.87415024815144, 21.331634052334085], [-100.87414112847856, 21.331598953104145]], [[-100.87414112847856, 21.331598953104145], [-100.87410366683285, 21.331607497664226]], [[-100.87411278649769, 21.33164259689679], [-100.87410366683285, 21.331607497664226]], [[-100.87410366683285, 21.331607497664226], [-100.87406620518216, 21.331616042216275]], [[-100.87407532483893, 21.33165114145144], [-100.87406620518216, 21.331616042216275]], [[-100.87406620518216, 21.331616042216275], [-100.87402874352644, 21.331624586760267]], [[-100.87403786317518, 21.331659685998062], [-100.87402874352644, 21.331624586760267]], [[-100.87402874352644, 21.331624586760267], [-100.87399128186574, 21.331633131296226]], [[-100.87400040150644, 21.331668230536632], [-100.87399128186574, 21.331633131296226]], [[-100.87399128186574, 21.331633131296226], [-100.87395382020004, 21.331641675824127]], [[-100.87396293983268, 21.33167677506715], [-100.87395382020004, 21.331641675824127]], [[-100.87395382020004, 21.331641675824127], [-100.87391635852934, 21.33165022034399]], [[-100.87392547815392, 21.33168531958963], [-100.87391635852934, 21.33165022034399]], [[-100.87391635852934, 21.33165022034399], [-100.87387889685364, 21.331658764855803]], [[-100.87388801647018, 21.33169386410406], [-100.87387889685364, 21.331658764855803]], [[-100.87387889685364, 21.331658764855803], [-100.87384143517293, 21.331667309359574]], [[-100.87385055478143, 21.33170240861045], [-100.87384143517293, 21.331667309359574]], [[-100.87384143517293, 21.331667309359574], [-100.87380397348723, 21.3316758538553]], [[-100.87381309308768, 21.331710953108797], [-100.87380397348723, 21.3316758538553]], [[-100.87380397348723, 21.3316758538553], [-100.87376651179653, 21.331684398342983]], [[-100.87377563138891, 21.33171949759909], [-100.87376651179653, 21.331684398342983]], [[-100.87376651179653, 21.331684398342983], [-100.87372905010082, 21.331692942822617]], [[-100.87373816968515, 21.33172804208134], [-100.87372905010082, 21.331692942822617]], [[-100.87372905010082, 21.331692942822617], [-100.87369158840012, 21.33170148729421]], [[-100.87370070797641, 21.331736586555547], [-100.87369158840012, 21.33170148729421]], [[-100.87369158840012, 21.33170148729421], [-100.87365412669442, 21.331710031757755]], [[-100.87366324626265, 21.331745131021716], [-100.87365412669442, 21.331710031757755]], [[-100.87365412669442, 21.331710031757755], [-100.87361666498371, 21.33171857621325]], [[-100.8736257845439, 21.33175367547983], [-100.87361666498371, 21.33171857621325]], [[-100.87361666498371, 21.33171857621325], [-100.87357920326802, 21.33172712066071]], [[-100.87358832282015, 21.331762219929896], [-100.87357920326802, 21.33172712066071]], [[-100.87357920326802, 21.33172712066071], [-100.87354174154731, 21.331735665100116]], [[-100.8735508610914, 21.331770764371925], [-100.87354174154731, 21.331735665100116]], [[-100.87354174154731, 21.331735665100116], [-100.87350427982162, 21.331744209531486]], [[-100.87351339935765, 21.331779308805906], [-100.87350427982162, 21.331744209531486]], [[-100.87350427982162, 21.331744209531486], [-100.8734668180909, 21.331752753954806]], [[-100.87347593761889, 21.331787853231845], [-100.8734668180909, 21.331752753954806]], [[-100.87635135672438, 21.331094809819646], [-100.87634223658162, 21.33105971074317]], [[-100.87634223658162, 21.33105971074317], [-100.87630477523899, 21.331068255775282]], [[-100.87631389537371, 21.33110335485437], [-100.87630477523899, 21.331068255775282]], [[-100.87630477523899, 21.331068255775282], [-100.87626731389136, 21.33107680079934]], [[-100.87627643401802, 21.331111899881055], [-100.87626731389136, 21.33107680079934]], [[-100.87626731389136, 21.33107680079934], [-100.87622985253874, 21.33108534581536]], [[-100.87623897265736, 21.331120444899685], [-100.87622985253874, 21.33108534581536]], [[-100.87622985253874, 21.33108534581536], [-100.87619239118112, 21.33109389082334]], [[-100.87620151129168, 21.331128989910287], [-100.87619239118112, 21.33109389082334]], [[-100.87619239118112, 21.33109389082334], [-100.87615492981848, 21.33110243582327]], [[-100.876164049921, 21.331137534912827], [-100.87615492981848, 21.33110243582327]], [[-100.87615492981848, 21.33110243582327], [-100.87611746845086, 21.331110980815158]], [[-100.87612658854533, 21.331146079907338], [-100.87611746845086, 21.331110980815158]], [[-100.87611746845086, 21.331110980815158], [-100.87608000707823, 21.331119525799]], [[-100.87608912716465, 21.3311546248938], [-100.87608000707823, 21.331119525799]], [[-100.87608000707823, 21.331119525799], [-100.8760425457006, 21.331128070774795]], [[-100.87605166577896, 21.33116316987221], [-100.8760425457006, 21.331128070774795]], [[-100.8760425457006, 21.331128070774795], [-100.87600508431797, 21.33113661574255]], [[-100.8760142043883, 21.331171714842576], [-100.87600508431797, 21.33113661574255]], [[-100.87600508431797, 21.33113661574255], [-100.87596762293033, 21.33114516070226]], [[-100.87597674299262, 21.331180259804903], [-100.87596762293033, 21.33114516070226]], [[-100.87596762293033, 21.33114516070226], [-100.8759301615377, 21.33115370565392]], [[-100.87593928159193, 21.33118880475919], [-100.8759301615377, 21.33115370565392]], [[-100.8759301615377, 21.33115370565392], [-100.87589270014007, 21.331162250597544]], [[-100.87590182018624, 21.33119734970543], [-100.87589270014007, 21.331162250597544]], [[-100.87589270014007, 21.331162250597544], [-100.87585523873743, 21.331170795533122]], [[-100.87586435877557, 21.33120589464362], [-100.87585523873743, 21.331170795533122]], [[-100.87585523873743, 21.331170795533122], [-100.8758177773298, 21.331179340460647]], [[-100.87582689735989, 21.331214439573767], [-100.8758177773298, 21.331179340460647]], [[-100.8758177773298, 21.331179340460647], [-100.87578031591715, 21.331187885380135]], [[-100.8757894359392, 21.33122298449587], [-100.87578031591715, 21.331187885380135]], [[-100.87578031591715, 21.331187885380135], [-100.87574285449952, 21.331196430291577]], [[-100.8757519745135, 21.33123152940993], [-100.87574285449952, 21.331196430291577]], [[-100.87574285449952, 21.331196430291577], [-100.87570539307688, 21.331204975194975]], [[-100.87571451308283, 21.331240074315946], [-100.87570539307688, 21.331204975194975]], [[-100.87570539307688, 21.331204975194975], [-100.87566793164925, 21.331213520090326]], [[-100.87567705164713, 21.33124861921392], [-100.87566793164925, 21.331213520090326]], [[-100.87566793164925, 21.331213520090326], [-100.8756304702166, 21.33122206497763]], [[-100.87563959020645, 21.33125716410384], [-100.8756304702166, 21.33122206497763]], [[-100.8756304702166, 21.33122206497763], [-100.87559300877896, 21.331230609856902]], [[-100.87560212876076, 21.331265708985725], [-100.87559300877896, 21.331230609856902]], [[-100.87559300877896, 21.331230609856902], [-100.87555554733633, 21.33123915472812]], [[-100.87556466731007, 21.331274253859558], [-100.87555554733633, 21.33123915472812]], [[-100.87555554733633, 21.33123915472812], [-100.87551808588869, 21.33124769959129]], [[-100.87552720585438, 21.331282798725347], [-100.87551808588869, 21.33124769959129]], [[-100.87551808588869, 21.33124769959129], [-100.87548062443605, 21.331256244446415]], [[-100.87548974439369, 21.331291343583096], [-100.87548062443605, 21.331256244446415]], [[-100.87548062443605, 21.331256244446415], [-100.87544316297841, 21.331264789293506]], [[-100.875452282928, 21.331299888432792], [-100.87544316297841, 21.331264789293506]], [[-100.87544316297841, 21.331264789293506], [-100.87540570151577, 21.331273334132543]], [[-100.87541482145731, 21.331308433274458], [-100.87540570151577, 21.331273334132543]], [[-100.87540570151577, 21.331273334132543], [-100.87536824004812, 21.331281878963537]], [[-100.87537735998161, 21.331316978108067], [-100.87536824004812, 21.331281878963537]], [[-100.87536824004812, 21.331281878963537], [-100.87533077857547, 21.331290423786495]], [[-100.87533989850093, 21.331325522933632], [-100.87533077857547, 21.331290423786495]], [[-100.87533077857547, 21.331290423786495], [-100.87529331709783, 21.3312989686014]], [[-100.87530243701524, 21.331334067751158], [-100.87529331709783, 21.3312989686014]], [[-100.87529331709783, 21.3312989686014], [-100.8752558556152, 21.331307513408255]], [[-100.87526497552454, 21.33134261256064], [-100.8752558556152, 21.331307513408255]], [[-100.8752558556152, 21.331307513408255], [-100.87521839412754, 21.331316058207072]], [[-100.87522751402885, 21.331351157362075], [-100.87521839412754, 21.331316058207072]], [[-100.87521839412754, 21.331316058207072], [-100.8751809326349, 21.331324602997842]], [[-100.87519005252815, 21.331359702155464], [-100.8751809326349, 21.331324602997842]], [[-100.8751809326349, 21.331324602997842], [-100.87514347113725, 21.331333147780565]], [[-100.87515259102246, 21.331368246940805], [-100.87514347113725, 21.331333147780565]], [[-100.87514347113725, 21.331333147780565], [-100.8751060096346, 21.331341692555252]], [[-100.87511512951176, 21.3313767917181], [-100.8751060096346, 21.331341692555252]], [[-100.8751060096346, 21.331341692555252], [-100.87506854812696, 21.33135023732189]], [[-100.87507766799607, 21.33138533648736], [-100.87506854812696, 21.33135023732189]], [[-100.87506854812696, 21.33135023732189], [-100.87503108661431, 21.331358782080486]], [[-100.87504020647536, 21.331393881248566], [-100.87503108661431, 21.331358782080486]], [[-100.87503108661431, 21.331358782080486], [-100.87499362509666, 21.331367326831028]], [[-100.87500274494967, 21.331402426001734], [-100.87499362509666, 21.331367326831028]], [[-100.87499362509666, 21.331367326831028], [-100.87495616357401, 21.331375871573535]], [[-100.87496528341897, 21.33141097074685], [-100.87495616357401, 21.331375871573535]], [[-100.87495616357401, 21.331375871573535], [-100.87491870204637, 21.331384416308]], [[-100.87492782188328, 21.331419515483933], [-100.87491870204637, 21.331384416308]], [[-100.87491870204637, 21.331384416308], [-100.87488124051372, 21.331392961034407]], [[-100.87489036034258, 21.33142806021296], [-100.87488124051372, 21.331392961034407]], [[-100.87488124051372, 21.331392961034407], [-100.87484377897607, 21.331401505752776]], [[-100.87485289879687, 21.33143660493395], [-100.87484377897607, 21.331401505752776]], [[-100.87484377897607, 21.331401505752776], [-100.87480631743342, 21.3314100504631]], [[-100.87481543724618, 21.331445149646886], [-100.87480631743342, 21.3314100504631]], [[-100.87480631743342, 21.3314100504631], [-100.87476885588578, 21.331418595165374]], [[-100.87477797569048, 21.33145369435178], [-100.87476885588578, 21.331418595165374]], [[-100.87476885588578, 21.331418595165374], [-100.87473139433311, 21.331427139859617]], [[-100.87474051412978, 21.33146223904864], [-100.87473139433311, 21.331427139859617]], [[-100.87473139433311, 21.331427139859617], [-100.87469393277546, 21.331435684545806]], [[-100.87470305256407, 21.33147078373744], [-100.87469393277546, 21.331435684545806]], [[-100.87469393277546, 21.331435684545806], [-100.87465647121282, 21.331444229223948]], [[-100.87466559099337, 21.331479328418208], [-100.87465647121282, 21.331444229223948]], [[-100.87465647121282, 21.331444229223948], [-100.87461900964516, 21.33145277389405]], [[-100.87462812941767, 21.331487873090918], [-100.87461900964516, 21.33145277389405]], [[-100.87461900964516, 21.33145277389405], [-100.87458154807251, 21.331461318556105]], [[-100.87459066783698, 21.33149641775559], [-100.87458154807251, 21.331461318556105]], [[-100.87458154807251, 21.331461318556105], [-100.87454408649485, 21.331469863210113]], [[-100.87455320625129, 21.331504962412218], [-100.87454408649485, 21.331469863210113]], [[-100.87454408649485, 21.331469863210113], [-100.8745066249122, 21.33147840785608]], [[-100.87451574466058, 21.331513507060798], [-100.8745066249122, 21.33147840785608]], [[-100.8745066249122, 21.33147840785608], [-100.87446916332456, 21.331486952493997]], [[-100.87447828306489, 21.331522051701334], [-100.87446916332456, 21.331486952493997]], [[-100.87446916332456, 21.331486952493997], [-100.8744317017319, 21.331495497123868]], [[-100.87444082146418, 21.331530596333828], [-100.8744317017319, 21.331495497123868]], [[-100.8744317017319, 21.331495497123868], [-100.87439424013425, 21.331504041745706]], [[-100.87440335985846, 21.33153914095827], [-100.87439424013425, 21.331504041745706]], [[-100.87439424013425, 21.331504041745706], [-100.8743567785316, 21.33151258635949]], [[-100.87436589824777, 21.33154768557468], [-100.8743567785316, 21.33151258635949]], [[-100.8743567785316, 21.33151258635949], [-100.87431931692394, 21.33152113096523]], [[-100.87432843663207, 21.331556230183036], [-100.87431931692394, 21.33152113096523]], [[-100.87431931692394, 21.33152113096523], [-100.8742818553113, 21.331529675562923]], [[-100.87429097501136, 21.33156477478335], [-100.8742818553113, 21.331529675562923]], [[-100.8742818553113, 21.331529675562923], [-100.87424439369363, 21.33153822015257]], [[-100.87425351338567, 21.33157331937561], [-100.87424439369363, 21.33153822015257]], [[-100.87424439369363, 21.33153822015257], [-100.87420693207099, 21.33154676473418]], [[-100.87421605175497, 21.331581863959837], [-100.87420693207099, 21.33154676473418]], [[-100.87420693207099, 21.33154676473418], [-100.87416947044333, 21.33155530930774]], [[-100.87417859011926, 21.331590408536012], [-100.87416947044333, 21.33155530930774]], [[-100.87416947044333, 21.33155530930774], [-100.87413200881068, 21.331563853873252]], [[-100.87414112847856, 21.331598953104145], [-100.87413200881068, 21.331563853873252]], [[-100.87413200881068, 21.331563853873252], [-100.87409454717303, 21.331572398430723]], [[-100.87410366683285, 21.331607497664226], [-100.87409454717303, 21.331572398430723]], [[-100.87409454717303, 21.331572398430723], [-100.87405708553037, 21.33158094298015]], [[-100.87406620518216, 21.331616042216275], [-100.87405708553037, 21.33158094298015]], [[-100.87405708553037, 21.33158094298015], [-100.87401962388272, 21.331589487521533]], [[-100.87402874352644, 21.331624586760267], [-100.87401962388272, 21.331589487521533]], [[-100.87401962388272, 21.331589487521533], [-100.87398216223006, 21.33159803205486]], [[-100.87399128186574, 21.331633131296226], [-100.87398216223006, 21.33159803205486]], [[-100.87398216223006, 21.33159803205486], [-100.87394470057241, 21.331606576580153]], [[-100.87395382020004, 21.331641675824127], [-100.87394470057241, 21.331606576580153]], [[-100.87394470057241, 21.331606576580153], [-100.87390723890975, 21.331615121097393]], [[-100.87391635852934, 21.33165022034399], [-100.87390723890975, 21.331615121097393]], [[-100.87390723890975, 21.331615121097393], [-100.8738697772421, 21.331623665606593]], [[-100.87387889685364, 21.331658764855803], [-100.8738697772421, 21.331623665606593]], [[-100.8738697772421, 21.331623665606593], [-100.87383231556944, 21.33163221010775]], [[-100.87384143517293, 21.331667309359574], [-100.87383231556944, 21.33163221010775]], [[-100.87383231556944, 21.33163221010775], [-100.8737948538918, 21.33164075460086]], [[-100.87380397348723, 21.3316758538553], [-100.8737948538918, 21.33164075460086]], [[-100.8737948538918, 21.33164075460086], [-100.87375739220914, 21.33164929908592]], [[-100.87376651179653, 21.331684398342983], [-100.87375739220914, 21.33164929908592]], [[-100.87375739220914, 21.33164929908592], [-100.87371993052149, 21.331657843562944]], [[-100.87372905010082, 21.331692942822617], [-100.87371993052149, 21.331657843562944]], [[-100.87371993052149, 21.331657843562944], [-100.87368246882883, 21.331666388031916]], [[-100.87369158840012, 21.33170148729421], [-100.87368246882883, 21.331666388031916]], [[-100.87368246882883, 21.331666388031916], [-100.87364500713119, 21.331674932492845]], [[-100.87365412669442, 21.331710031757755], [-100.87364500713119, 21.331674932492845]], [[-100.87364500713119, 21.331674932492845], [-100.87360754542853, 21.331683476945724]], [[-100.87361666498371, 21.33171857621325], [-100.87360754542853, 21.331683476945724]], [[-100.87360754542853, 21.331683476945724], [-100.87357008372086, 21.33169202139056]], [[-100.87357920326802, 21.33172712066071], [-100.87357008372086, 21.33169202139056]], [[-100.87357008372086, 21.33169202139056], [-100.87353262200823, 21.331700565827358]], [[-100.87354174154731, 21.331735665100116], [-100.87353262200823, 21.331700565827358]], [[-100.87353262200823, 21.331700565827358], [-100.87349516029057, 21.331709110256106]], [[-100.87350427982162, 21.331744209531486], [-100.87349516029057, 21.331709110256106]], [[-100.87349516029057, 21.331709110256106], [-100.87345769856792, 21.331717654676805]], [[-100.8734668180909, 21.331752753954806], [-100.87345769856792, 21.331717654676805]], [[-100.8734668180909, 21.331752753954806], [-100.8734293563552, 21.33176129837008]], [[-100.87345769856792, 21.331717654676805], [-100.87342023684027, 21.331726199089463]], [[-100.8734293563552, 21.33176129837008], [-100.87342023684027, 21.331726199089463]], [[-100.87637969791923, 21.331051165703013], [-100.87634223658162, 21.33105971074317]], [[-100.87637969791923, 21.331051165703013], [-100.87637057777343, 21.331016066628205]], [[-100.87637057777343, 21.331016066628205], [-100.87633311644385, 21.331024611665743]], [[-100.87634223658162, 21.33105971074317], [-100.87633311644385, 21.331024611665743]], [[-100.87633311644385, 21.331024611665743], [-100.87629565510929, 21.331033156695238]], [[-100.87630477523899, 21.331068255775282], [-100.87629565510929, 21.331033156695238]], [[-100.87629565510929, 21.331033156695238], [-100.8762581937697, 21.331041701716682]], [[-100.87626731389136, 21.33107680079934], [-100.8762581937697, 21.331041701716682]], [[-100.8762581937697, 21.331041701716682], [-100.87622073242512, 21.331050246730083]], [[-100.87622985253874, 21.33108534581536], [-100.87622073242512, 21.331050246730083]], [[-100.87622073242512, 21.331050246730083], [-100.87618327107553, 21.331058791735444]], [[-100.87619239118112, 21.33109389082334], [-100.87618327107553, 21.331058791735444]], [[-100.87618327107553, 21.331058791735444], [-100.87614580972097, 21.331067336732755]], [[-100.87615492981848, 21.33110243582327], [-100.87614580972097, 21.331067336732755]], [[-100.87614580972097, 21.331067336732755], [-100.87610834836138, 21.331075881722025]], [[-100.87611746845086, 21.331110980815158], [-100.87610834836138, 21.331075881722025]], [[-100.87610834836138, 21.331075881722025], [-100.87607088699681, 21.331084426703246]], [[-100.87608000707823, 21.331119525799], [-100.87607088699681, 21.331084426703246]], [[-100.87607088699681, 21.331084426703246], [-100.87603342562721, 21.331092971676426]], [[-100.8760425457006, 21.331128070774795], [-100.87603342562721, 21.331092971676426]], [[-100.87603342562721, 21.331092971676426], [-100.87599596425264, 21.331101516641564]], [[-100.87600508431797, 21.33113661574255], [-100.87599596425264, 21.331101516641564]], [[-100.87599596425264, 21.331101516641564], [-100.87595850287306, 21.331110061598658]], [[-100.87596762293033, 21.33114516070226], [-100.87595850287306, 21.331110061598658]], [[-100.87595850287306, 21.331110061598658], [-100.87592104148847, 21.3311186065477]], [[-100.8759301615377, 21.33115370565392], [-100.87592104148847, 21.3311186065477]], [[-100.87592104148847, 21.3311186065477], [-100.87588358009889, 21.331127151488705]], [[-100.87589270014007, 21.331162250597544], [-100.87588358009889, 21.331127151488705]], [[-100.87588358009889, 21.331127151488705], [-100.8758461187043, 21.33113569642166]], [[-100.87585523873743, 21.331170795533122], [-100.8758461187043, 21.33113569642166]], [[-100.8758461187043, 21.33113569642166], [-100.87580865730472, 21.33114424134657]], [[-100.8758177773298, 21.331179340460647], [-100.87580865730472, 21.33114424134657]], [[-100.87580865730472, 21.33114424134657], [-100.87577119590013, 21.33115278626345]], [[-100.87578031591715, 21.331187885380135], [-100.87577119590013, 21.33115278626345]], [[-100.87577119590013, 21.33115278626345], [-100.87573373449054, 21.33116133117227]], [[-100.87574285449952, 21.331196430291577], [-100.87573373449054, 21.33116133117227]], [[-100.87573373449054, 21.33116133117227], [-100.87569627307595, 21.331169876073044]], [[-100.87570539307688, 21.331204975194975], [-100.87569627307595, 21.331169876073044]], [[-100.87569627307595, 21.331169876073044], [-100.87565881165636, 21.331178420965784]], [[-100.87566793164925, 21.331213520090326], [-100.87565881165636, 21.331178420965784]], [[-100.87565881165636, 21.331178420965784], [-100.87562135023178, 21.33118696585048]], [[-100.8756304702166, 21.33122206497763], [-100.87562135023178, 21.33118696585048]], [[-100.87562135023178, 21.33118696585048], [-100.87558388880218, 21.33119551072712]], [[-100.87559300877896, 21.331230609856902], [-100.87558388880218, 21.33119551072712]], [[-100.87558388880218, 21.33119551072712], [-100.8755464273676, 21.331204055595723]], [[-100.87555554733633, 21.33123915472812], [-100.8755464273676, 21.331204055595723]], [[-100.8755464273676, 21.331204055595723], [-100.875508965928, 21.33121260045628]], [[-100.87551808588869, 21.33124769959129], [-100.875508965928, 21.33121260045628]], [[-100.875508965928, 21.33121260045628], [-100.8754715044834, 21.331221145308785]], [[-100.87548062443605, 21.331256244446415], [-100.8754715044834, 21.331221145308785]], [[-100.8754715044834, 21.331221145308785], [-100.87543404303382, 21.331229690153254]], [[-100.87544316297841, 21.331264789293506], [-100.87543404303382, 21.331229690153254]], [[-100.87543404303382, 21.331229690153254], [-100.87539658157922, 21.331238234989677]], [[-100.87540570151577, 21.331273334132543], [-100.87539658157922, 21.331238234989677]], [[-100.87539658157922, 21.331238234989677], [-100.87535912011963, 21.331246779818063]], [[-100.87536824004812, 21.331281878963537], [-100.87535912011963, 21.331246779818063]], [[-100.87535912011963, 21.331246779818063], [-100.87532165865504, 21.331255324638388]], [[-100.87533077857547, 21.331290423786495], [-100.87532165865504, 21.331255324638388]], [[-100.87532165865504, 21.331255324638388], [-100.87528419718544, 21.331263869450684]], [[-100.87529331709783, 21.3312989686014], [-100.87528419718544, 21.331263869450684]], [[-100.87528419718544, 21.331263869450684], [-100.87524673571083, 21.331272414254926]], [[-100.8752558556152, 21.331307513408255], [-100.87524673571083, 21.331272414254926]], [[-100.87524673571083, 21.331272414254926], [-100.87520927423124, 21.33128095905112]], [[-100.87521839412754, 21.331316058207072], [-100.87520927423124, 21.33128095905112]], [[-100.87520927423124, 21.33128095905112], [-100.87517181274664, 21.331289503839276]], [[-100.8751809326349, 21.331324602997842], [-100.87517181274664, 21.331289503839276]], [[-100.87517181274664, 21.331289503839276], [-100.87513435125705, 21.331298048619388]], [[-100.87514347113725, 21.331333147780565], [-100.87513435125705, 21.331298048619388]], [[-100.87513435125705, 21.331298048619388], [-100.87509688976245, 21.331306593391453]], [[-100.8751060096346, 21.331341692555252], [-100.87509688976245, 21.331306593391453]], [[-100.87509688976245, 21.331306593391453], [-100.87505942826284, 21.331315138155475]], [[-100.87506854812696, 21.33135023732189], [-100.87505942826284, 21.331315138155475]], [[-100.87505942826284, 21.331315138155475], [-100.87502196675825, 21.331323682911453]], [[-100.87503108661431, 21.331358782080486], [-100.87502196675825, 21.331323682911453]], [[-100.87502196675825, 21.331323682911453], [-100.87498450524865, 21.331332227659377]], [[-100.87499362509666, 21.331367326831028], [-100.87498450524865, 21.331332227659377]], [[-100.87498450524865, 21.331332227659377], [-100.87494704373405, 21.331340772399265]], [[-100.87495616357401, 21.331375871573535], [-100.87494704373405, 21.331340772399265]], [[-100.87494704373405, 21.331340772399265], [-100.87490958221446, 21.33134931713111]], [[-100.87491870204637, 21.331384416308], [-100.87490958221446, 21.33134931713111]], [[-100.87490958221446, 21.33134931713111], [-100.87487212068984, 21.331357861854904]], [[-100.87488124051372, 21.331392961034407], [-100.87487212068984, 21.331357861854904]], [[-100.87487212068984, 21.331357861854904], [-100.87483465916026, 21.331366406570655]], [[-100.87484377897607, 21.331401505752776], [-100.87483465916026, 21.331366406570655]], [[-100.87483465916026, 21.331366406570655], [-100.87479719762565, 21.33137495127836]], [[-100.87480631743342, 21.3314100504631], [-100.87479719762565, 21.33137495127836]], [[-100.87479719762565, 21.33137495127836], [-100.87475973608605, 21.331383495978027]], [[-100.87476885588578, 21.331418595165374], [-100.87475973608605, 21.331383495978027]], [[-100.87475973608605, 21.331383495978027], [-100.87472227454145, 21.33139204066964]], [[-100.87473139433311, 21.331427139859617], [-100.87472227454145, 21.33139204066964]], [[-100.87472227454145, 21.33139204066964], [-100.87468481299184, 21.33140058535321]], [[-100.87469393277546, 21.331435684545806], [-100.87468481299184, 21.33140058535321]], [[-100.87468481299184, 21.33140058535321], [-100.87464735143725, 21.331409130028742]], [[-100.87465647121282, 21.331444229223948], [-100.87464735143725, 21.331409130028742]], [[-100.87464735143725, 21.331409130028742], [-100.87460988987765, 21.331417674696223]], [[-100.87461900964516, 21.33145277389405], [-100.87460988987765, 21.331417674696223]], [[-100.87460988987765, 21.331417674696223], [-100.87457242831304, 21.33142621935566]], [[-100.87458154807251, 21.331461318556105], [-100.87457242831304, 21.33142621935566]], [[-100.87457242831304, 21.33142621935566], [-100.87453496674344, 21.331434764007053]], [[-100.87454408649485, 21.331469863210113], [-100.87453496674344, 21.331434764007053]], [[-100.87453496674344, 21.331434764007053], [-100.87449750516883, 21.331443308650407]], [[-100.8745066249122, 21.33147840785608], [-100.87449750516883, 21.331443308650407]], [[-100.87449750516883, 21.331443308650407], [-100.87446004358924, 21.331451853285703]], [[-100.87446916332456, 21.331486952493997], [-100.87446004358924, 21.331451853285703]], [[-100.87446004358924, 21.331451853285703], [-100.87442258200463, 21.331460397912966]], [[-100.8744317017319, 21.331495497123868], [-100.87442258200463, 21.331460397912966]], [[-100.87442258200463, 21.331460397912966], [-100.87438512041501, 21.331468942532172]], [[-100.87439424013425, 21.331504041745706], [-100.87438512041501, 21.331468942532172]], [[-100.87438512041501, 21.331468942532172], [-100.87434765882043, 21.331477487143346]], [[-100.8743567785316, 21.33151258635949], [-100.87434765882043, 21.331477487143346]], [[-100.87434765882043, 21.331477487143346], [-100.87431019722082, 21.331486031746465]], [[-100.87431931692394, 21.33152113096523], [-100.87431019722082, 21.331486031746465]], [[-100.87431019722082, 21.331486031746465], [-100.87427273561622, 21.331494576341544]], [[-100.8742818553113, 21.331529675562923], [-100.87427273561622, 21.331494576341544]], [[-100.87427273561622, 21.331494576341544], [-100.87423527400661, 21.331503120928577]], [[-100.87424439369363, 21.33153822015257], [-100.87423527400661, 21.331503120928577]], [[-100.87423527400661, 21.331503120928577], [-100.874197812392, 21.331511665507563]], [[-100.87420693207099, 21.33154676473418], [-100.874197812392, 21.331511665507563]], [[-100.874197812392, 21.331511665507563], [-100.8741603507724, 21.33152021007851]], [[-100.87416947044333, 21.33155530930774], [-100.8741603507724, 21.33152021007851]], [[-100.8741603507724, 21.33152021007851], [-100.8741228891478, 21.33152875464141]], [[-100.87413200881068, 21.331563853873252], [-100.8741228891478, 21.33152875464141]], [[-100.8741228891478, 21.33152875464141], [-100.8740854275182, 21.331537299196256]], [[-100.87409454717303, 21.331572398430723], [-100.8740854275182, 21.331537299196256]], [[-100.8740854275182, 21.331537299196256], [-100.87404796588359, 21.33154584374307]], [[-100.87405708553037, 21.33158094298015], [-100.87404796588359, 21.33154584374307]], [[-100.87404796588359, 21.33154584374307], [-100.87401050424398, 21.331554388281834]], [[-100.87401962388272, 21.331589487521533], [-100.87401050424398, 21.331554388281834]], [[-100.87401050424398, 21.331554388281834], [-100.87397304259937, 21.33156293281255]], [[-100.87398216223006, 21.33159803205486], [-100.87397304259937, 21.33156293281255]], [[-100.87397304259937, 21.33156293281255], [-100.87393558094978, 21.33157147733522]], [[-100.87394470057241, 21.331606576580153], [-100.87393558094978, 21.33157147733522]], [[-100.87393558094978, 21.33157147733522], [-100.87389811929516, 21.33158002184985]], [[-100.87390723890975, 21.331615121097393], [-100.87389811929516, 21.33158002184985]], [[-100.87389811929516, 21.33158002184985], [-100.87386065763556, 21.331588566356434]], [[-100.8738697772421, 21.331623665606593], [-100.87386065763556, 21.331588566356434]], [[-100.87386065763556, 21.331588566356434], [-100.87382319597096, 21.331597110854975]], [[-100.87383231556944, 21.33163221010775], [-100.87382319597096, 21.331597110854975]], [[-100.87382319597096, 21.331597110854975], [-100.87378573430135, 21.331605655345463]], [[-100.8737948538918, 21.33164075460086], [-100.87378573430135, 21.331605655345463]], [[-100.87378573430135, 21.331605655345463], [-100.87374827262676, 21.33161419982791]], [[-100.87375739220914, 21.33164929908592], [-100.87374827262676, 21.33161419982791]], [[-100.87374827262676, 21.33161419982791], [-100.87371081094714, 21.331622744302315]], [[-100.87371993052149, 21.331657843562944], [-100.87371081094714, 21.331622744302315]], [[-100.87371081094714, 21.331622744302315], [-100.87367334926255, 21.33163128876867]], [[-100.87368246882883, 21.331666388031916], [-100.87367334926255, 21.33163128876867]], [[-100.87367334926255, 21.33163128876867], [-100.87363588757293, 21.33163983322698]], [[-100.87364500713119, 21.331674932492845], [-100.87363588757293, 21.33163983322698]], [[-100.87363588757293, 21.33163983322698], [-100.87359842587833, 21.331648377677244]], [[-100.87360754542853, 21.331683476945724], [-100.87359842587833, 21.331648377677244]], [[-100.87359842587833, 21.331648377677244], [-100.87356096417874, 21.331656922119468]], [[-100.87357008372086, 21.33169202139056], [-100.87356096417874, 21.331656922119468]], [[-100.87356096417874, 21.331656922119468], [-100.87352350247413, 21.331665466553652]], [[-100.87353262200823, 21.331700565827358], [-100.87352350247413, 21.331665466553652]], [[-100.87352350247413, 21.331665466553652], [-100.87348604076452, 21.33167401097978]], [[-100.87349516029057, 21.331709110256106], [-100.87348604076452, 21.33167401097978]], [[-100.87348604076452, 21.33167401097978], [-100.87344857904992, 21.331682555397858]], [[-100.87345769856792, 21.331717654676805], [-100.87344857904992, 21.331682555397858]], [[-100.87344857904992, 21.331682555397858], [-100.87341111733032, 21.3316910998079]], [[-100.87342023684027, 21.331726199089463], [-100.87341111733032, 21.3316910998079]], [[-100.87637057777343, 21.331016066628205], [-100.87636145763263, 21.330980967552442]], [[-100.87636145763263, 21.330980967552442], [-100.8763239963111, 21.33098951258736]], [[-100.87633311644385, 21.331024611665743], [-100.8763239963111, 21.33098951258736]], [[-100.8763239963111, 21.33098951258736], [-100.87628653498457, 21.330998057614238]], [[-100.87629565510929, 21.331033156695238], [-100.87628653498457, 21.330998057614238]], [[-100.87628653498457, 21.330998057614238], [-100.87624907365303, 21.331006602633067]], [[-100.8762581937697, 21.331041701716682], [-100.87624907365303, 21.331006602633067]], [[-100.87624907365303, 21.331006602633067], [-100.87621161231651, 21.331015147643846]], [[-100.87622073242512, 21.331050246730083], [-100.87621161231651, 21.331015147643846]], [[-100.87621161231651, 21.331015147643846], [-100.87617415097498, 21.331023692646593]], [[-100.87618327107553, 21.331058791735444], [-100.87617415097498, 21.331023692646593]], [[-100.87617415097498, 21.331023692646593], [-100.87613668962845, 21.33103223764129]], [[-100.87614580972097, 21.331067336732755], [-100.87613668962845, 21.33103223764129]], [[-100.87613668962845, 21.33103223764129], [-100.87609922827691, 21.331040782627934]], [[-100.87610834836138, 21.331075881722025], [-100.87609922827691, 21.331040782627934]], [[-100.87609922827691, 21.331040782627934], [-100.87606176692037, 21.331049327606543]], [[-100.87607088699681, 21.331084426703246], [-100.87606176692037, 21.331049327606543]], [[-100.87606176692037, 21.331049327606543], [-100.87602430555886, 21.331057872577105]], [[-100.87603342562721, 21.331092971676426], [-100.87602430555886, 21.331057872577105]], [[-100.87602430555886, 21.331057872577105], [-100.87598684419231, 21.331066417539628]], [[-100.87599596425264, 21.331101516641564], [-100.87598684419231, 21.331066417539628]], [[-100.87598684419231, 21.331066417539628], [-100.87594938282078, 21.331074962494103]], [[-100.87595850287306, 21.331110061598658], [-100.87594938282078, 21.331074962494103]], [[-100.87594938282078, 21.331074962494103], [-100.87591192144424, 21.331083507440532]], [[-100.87592104148847, 21.3311186065477], [-100.87591192144424, 21.331083507440532]], [[-100.87591192144424, 21.331083507440532], [-100.87587446006272, 21.331092052378914]], [[-100.87588358009889, 21.331127151488705], [-100.87587446006272, 21.331092052378914]], [[-100.87587446006272, 21.331092052378914], [-100.87583699867618, 21.331100597309252]], [[-100.8758461187043, 21.33113569642166], [-100.87583699867618, 21.331100597309252]], [[-100.87583699867618, 21.331100597309252], [-100.87579953728464, 21.331109142231554]], [[-100.87580865730472, 21.33114424134657], [-100.87579953728464, 21.331109142231554]], [[-100.87579953728464, 21.331109142231554], [-100.87576207588809, 21.3311176871458]], [[-100.87577119590013, 21.33115278626345], [-100.87576207588809, 21.3311176871458]], [[-100.87576207588809, 21.3311176871458], [-100.87572461448656, 21.331126232052007]], [[-100.87573373449054, 21.33116133117227], [-100.87572461448656, 21.331126232052007]], [[-100.87572461448656, 21.331126232052007], [-100.87568715308001, 21.331134776950172]], [[-100.87569627307595, 21.331169876073044], [-100.87568715308001, 21.331134776950172]], [[-100.87568715308001, 21.331134776950172], [-100.87564969166847, 21.331143321840287]], [[-100.87565881165636, 21.331178420965784], [-100.87564969166847, 21.331143321840287]], [[-100.87564969166847, 21.331143321840287], [-100.87561223025193, 21.331151866722365]], [[-100.87562135023178, 21.33118696585048], [-100.87561223025193, 21.331151866722365]], [[-100.87561223025193, 21.331151866722365], [-100.87557476883039, 21.331160411596393]], [[-100.87558388880218, 21.33119551072712], [-100.87557476883039, 21.331160411596393]], [[-100.87557476883039, 21.331160411596393], [-100.87553730740385, 21.331168956462374]], [[-100.8755464273676, 21.331204055595723], [-100.87553730740385, 21.331168956462374]], [[-100.87553730740385, 21.331168956462374], [-100.8754998459723, 21.331177501320308]], [[-100.875508965928, 21.33121260045628], [-100.8754998459723, 21.331177501320308]], [[-100.8754998459723, 21.331177501320308], [-100.87546238453575, 21.33118604617021]], [[-100.8754715044834, 21.331221145308785], [-100.87546238453575, 21.33118604617021]], [[-100.87546238453575, 21.33118604617021], [-100.87542492309422, 21.331194591012057]], [[-100.87543404303382, 21.331229690153254], [-100.87542492309422, 21.331194591012057]], [[-100.87542492309422, 21.331194591012057], [-100.87538746164766, 21.331203135845865]], [[-100.87539658157922, 21.331238234989677], [-100.87538746164766, 21.331203135845865]], [[-100.87538746164766, 21.331203135845865], [-100.87535000019612, 21.331211680671625]], [[-100.87535912011963, 21.331246779818063], [-100.87535000019612, 21.331211680671625]], [[-100.87535000019612, 21.331211680671625], [-100.87531253873958, 21.331220225489343]], [[-100.87532165865504, 21.331255324638388], [-100.87531253873958, 21.331220225489343]], [[-100.87531253873958, 21.331220225489343], [-100.87527507727803, 21.33122877029901]], [[-100.87528419718544, 21.331263869450684], [-100.87527507727803, 21.33122877029901]], [[-100.87527507727803, 21.33122877029901], [-100.87523761581149, 21.331237315100637]], [[-100.87524673571083, 21.331272414254926], [-100.87523761581149, 21.331237315100637]], [[-100.87523761581149, 21.331237315100637], [-100.87520015433994, 21.33124585989422]], [[-100.87520927423124, 21.33128095905112], [-100.87520015433994, 21.33124585989422]], [[-100.87520015433994, 21.33124585989422], [-100.8751626928634, 21.331254404679758]], [[-100.87517181274664, 21.331289503839276], [-100.8751626928634, 21.331254404679758]], [[-100.8751626928634, 21.331254404679758], [-100.87512523138184, 21.331262949457244]], [[-100.87513435125705, 21.331298048619388], [-100.87512523138184, 21.331262949457244]], [[-100.87512523138184, 21.331262949457244], [-100.87508776989529, 21.3312714942267]], [[-100.87509688976245, 21.331306593391453], [-100.87508776989529, 21.3312714942267]], [[-100.87508776989529, 21.3312714942267], [-100.87505030840374, 21.3312800389881]], [[-100.87505942826284, 21.331315138155475], [-100.87505030840374, 21.3312800389881]], [[-100.87505030840374, 21.3312800389881], [-100.8750128469072, 21.331288583741458]], [[-100.87502196675825, 21.331323682911453], [-100.8750128469072, 21.331288583741458]], [[-100.8750128469072, 21.331288583741458], [-100.87497538540565, 21.331297128486774]], [[-100.87498450524865, 21.331332227659377], [-100.87497538540565, 21.331297128486774]], [[-100.87497538540565, 21.331297128486774], [-100.8749379238991, 21.33130567322404]], [[-100.87494704373405, 21.331340772399265], [-100.8749379238991, 21.33130567322404]], [[-100.8749379238991, 21.33130567322404], [-100.87490046238754, 21.331314217953263]], [[-100.87490958221446, 21.33134931713111], [-100.87490046238754, 21.331314217953263]], [[-100.87490046238754, 21.331314217953263], [-100.87486300087099, 21.331322762674443]], [[-100.87487212068984, 21.331357861854904], [-100.87486300087099, 21.331322762674443]], [[-100.87486300087099, 21.331322762674443], [-100.87482553934943, 21.331331307387575]], [[-100.87483465916026, 21.331366406570655], [-100.87482553934943, 21.331331307387575]], [[-100.87482553934943, 21.331331307387575], [-100.8747880778229, 21.33133985209267]], [[-100.87479719762565, 21.33137495127836], [-100.8747880778229, 21.33133985209267]], [[-100.8747880778229, 21.33133985209267], [-100.87475061629134, 21.331348396789718]], [[-100.87475973608605, 21.331383495978027], [-100.87475061629134, 21.331348396789718]], [[-100.87475061629134, 21.331348396789718], [-100.87471315475479, 21.331356941478717]], [[-100.87472227454145, 21.33139204066964], [-100.87471315475479, 21.331356941478717]], [[-100.87471315475479, 21.331356941478717], [-100.87467569321322, 21.331365486159672]], [[-100.87468481299184, 21.33140058535321], [-100.87467569321322, 21.331365486159672]], [[-100.87467569321322, 21.331365486159672], [-100.87463823166668, 21.33137403083258]], [[-100.87464735143725, 21.331409130028742], [-100.87463823166668, 21.33137403083258]], [[-100.87463823166668, 21.33137403083258], [-100.87460077011512, 21.331382575497447]], [[-100.87460988987765, 21.331417674696223], [-100.87460077011512, 21.331382575497447]], [[-100.87460077011512, 21.331382575497447], [-100.87456330855858, 21.331391120154265]], [[-100.87457242831304, 21.33142621935566], [-100.87456330855858, 21.331391120154265]], [[-100.87456330855858, 21.331391120154265], [-100.87452584699702, 21.33139966480304]], [[-100.87453496674344, 21.331434764007053], [-100.87452584699702, 21.33139966480304]], [[-100.87452584699702, 21.33139966480304], [-100.87448838543047, 21.331408209443772]], [[-100.87449750516883, 21.331443308650407], [-100.87448838543047, 21.331408209443772]], [[-100.87448838543047, 21.331408209443772], [-100.87445092385892, 21.331416754076464]], [[-100.87446004358924, 21.331451853285703], [-100.87445092385892, 21.331416754076464]], [[-100.87445092385892, 21.331416754076464], [-100.87441346228236, 21.331425298701102]], [[-100.87442258200463, 21.331460397912966], [-100.87441346228236, 21.331425298701102]], [[-100.87441346228236, 21.331425298701102], [-100.8743760007008, 21.331433843317697]], [[-100.87438512041501, 21.331468942532172], [-100.8743760007008, 21.331433843317697]], [[-100.8743760007008, 21.331433843317697], [-100.87433853911425, 21.331442387926245]], [[-100.87434765882043, 21.331477487143346], [-100.87433853911425, 21.331442387926245]], [[-100.87433853911425, 21.331442387926245], [-100.87430107752269, 21.331450932526753]], [[-100.87431019722082, 21.331486031746465], [-100.87430107752269, 21.331450932526753]], [[-100.87430107752269, 21.331450932526753], [-100.87426361592614, 21.33145947711921]], [[-100.87427273561622, 21.331494576341544], [-100.87426361592614, 21.33145947711921]], [[-100.87426361592614, 21.33145947711921], [-100.87422615432459, 21.331468021703635]], [[-100.87423527400661, 21.331503120928577], [-100.87422615432459, 21.331468021703635]], [[-100.87422615432459, 21.331468021703635], [-100.87418869271802, 21.331476566280006]], [[-100.874197812392, 21.331511665507563], [-100.87418869271802, 21.331476566280006]], [[-100.87418869271802, 21.331476566280006], [-100.87415123110647, 21.331485110848334]], [[-100.8741603507724, 21.33152021007851], [-100.87415123110647, 21.331485110848334]], [[-100.87415123110647, 21.331485110848334], [-100.87411376948991, 21.331493655408607]], [[-100.8741228891478, 21.33152875464141], [-100.87411376948991, 21.331493655408607]], [[-100.87411376948991, 21.331493655408607], [-100.87407630786836, 21.33150219996084]], [[-100.8740854275182, 21.331537299196256], [-100.87407630786836, 21.33150219996084]], [[-100.87407630786836, 21.33150219996084], [-100.87403884624182, 21.331510744505046]], [[-100.87404796588359, 21.33154584374307], [-100.87403884624182, 21.331510744505046]], [[-100.87403884624182, 21.331510744505046], [-100.87400138461025, 21.331519289041182]], [[-100.87401050424398, 21.331554388281834], [-100.87400138461025, 21.331519289041182]], [[-100.87400138461025, 21.331519289041182], [-100.87396392297369, 21.331527833569286]], [[-100.87397304259937, 21.33156293281255], [-100.87396392297369, 21.331527833569286]], [[-100.87396392297369, 21.331527833569286], [-100.87392646133215, 21.33153637808934]], [[-100.87393558094978, 21.33157147733522], [-100.87392646133215, 21.33153637808934]], [[-100.87392646133215, 21.33153637808934], [-100.87388899968559, 21.33154492260135]], [[-100.87389811929516, 21.33158002184985], [-100.87388899968559, 21.33154492260135]], [[-100.87388899968559, 21.33154492260135], [-100.87385153803403, 21.331553467105316]], [[-100.87386065763556, 21.331588566356434], [-100.87385153803403, 21.331553467105316]], [[-100.87385153803403, 21.331553467105316], [-100.87381407637747, 21.33156201160124]], [[-100.87382319597096, 21.331597110854975], [-100.87381407637747, 21.33156201160124]], [[-100.87381407637747, 21.33156201160124], [-100.87377661471592, 21.331570556089115]], [[-100.87378573430135, 21.331605655345463], [-100.87377661471592, 21.331570556089115]], [[-100.87377661471592, 21.331570556089115], [-100.87373915304937, 21.331579100568945]], [[-100.87374827262676, 21.33161419982791], [-100.87373915304937, 21.331579100568945]], [[-100.87373915304937, 21.331579100568945], [-100.8737016913778, 21.331587645040724]], [[-100.87371081094714, 21.331622744302315], [-100.8737016913778, 21.331587645040724]], [[-100.8737016913778, 21.331587645040724], [-100.87366422970126, 21.33159618950447]], [[-100.87367334926255, 21.33163128876867], [-100.87366422970126, 21.33159618950447]], [[-100.87366422970126, 21.33159618950447], [-100.8736267680197, 21.331604733960162]], [[-100.87363588757293, 21.33163983322698], [-100.8736267680197, 21.331604733960162]], [[-100.8736267680197, 21.331604733960162], [-100.87358930633314, 21.33161327840781]], [[-100.87359842587833, 21.331648377677244], [-100.87358930633314, 21.33161327840781]], [[-100.87358930633314, 21.33161327840781], [-100.8735518446416, 21.331621822847417]], [[-100.87356096417874, 21.331656922119468], [-100.8735518446416, 21.331621822847417]], [[-100.8735518446416, 21.331621822847417], [-100.87351438294505, 21.331630367278986]], [[-100.87352350247413, 21.331665466553652], [-100.87351438294505, 21.331630367278986]], [[-100.87351438294505, 21.331630367278986], [-100.87347692124348, 21.331638911702495]], [[-100.87348604076452, 21.33167401097978], [-100.87347692124348, 21.331638911702495]], [[-100.87347692124348, 21.331638911702495], [-100.87343945953693, 21.33164745611796]], [[-100.87344857904992, 21.331682555397858], [-100.87343945953693, 21.33164745611796]], [[-100.87343945953693, 21.33164745611796], [-100.87340199782538, 21.33165600052538]], [[-100.87341111733032, 21.3316910998079], [-100.87340199782538, 21.33165600052538]], [[-100.87341111733032, 21.3316910998079], [-100.87337365560572, 21.331699644209895]], [[-100.87340199782538, 21.33165600052538], [-100.87336453610884, 21.33166454492476]], [[-100.87337365560572, 21.331699644209895], [-100.87336453610884, 21.33166454492476]], [[-100.87636145763263, 21.330980967552442], [-100.87635233749681, 21.33094586847573]], [[-100.87635233749681, 21.33094586847573], [-100.87631487618333, 21.33095441350803]], [[-100.8763239963111, 21.33098951258736], [-100.87631487618333, 21.33095441350803]], [[-100.87631487618333, 21.33095441350803], [-100.87627741486486, 21.330962958532286]], [[-100.87628653498457, 21.330998057614238], [-100.87627741486486, 21.330962958532286]], [[-100.87627741486486, 21.330962958532286], [-100.87623995354137, 21.3309715035485]], [[-100.87624907365303, 21.331006602633067], [-100.87623995354137, 21.3309715035485]], [[-100.87623995354137, 21.3309715035485], [-100.87620249221288, 21.33098004855667]], [[-100.87621161231651, 21.331015147643846], [-100.87620249221288, 21.33098004855667]], [[-100.87620249221288, 21.33098004855667], [-100.8761650308794, 21.33098859355679]], [[-100.87617415097498, 21.331023692646593], [-100.8761650308794, 21.33098859355679]], [[-100.8761650308794, 21.33098859355679], [-100.87612756954093, 21.330997138548867]], [[-100.87613668962845, 21.33103223764129], [-100.87612756954093, 21.330997138548867]], [[-100.87612756954093, 21.330997138548867], [-100.87609010819745, 21.3310056835329]], [[-100.87609922827691, 21.331040782627934], [-100.87609010819745, 21.3310056835329]], [[-100.87609010819745, 21.3310056835329], [-100.87605264684896, 21.331014228508884]], [[-100.87606176692037, 21.331049327606543], [-100.87605264684896, 21.331014228508884]], [[-100.87605264684896, 21.331014228508884], [-100.87601518549548, 21.331022773476835]], [[-100.87602430555886, 21.331057872577105], [-100.87601518549548, 21.331022773476835]], [[-100.87601518549548, 21.331022773476835], [-100.87597772413699, 21.33103131843674]], [[-100.87598684419231, 21.331066417539628], [-100.87597772413699, 21.33103131843674]], [[-100.87597772413699, 21.33103131843674], [-100.87594026277351, 21.331039863388593]], [[-100.87594938282078, 21.331074962494103], [-100.87594026277351, 21.331039863388593]], [[-100.87594026277351, 21.331039863388593], [-100.87590280140502, 21.331048408332396]], [[-100.87591192144424, 21.331083507440532], [-100.87590280140502, 21.331048408332396]], [[-100.87590280140502, 21.331048408332396], [-100.87586534003154, 21.33105695326817]], [[-100.87587446006272, 21.331092052378914], [-100.87586534003154, 21.33105695326817]], [[-100.87586534003154, 21.33105695326817], [-100.87582787865304, 21.33106549819589]], [[-100.87583699867618, 21.331100597309252], [-100.87582787865304, 21.33106549819589]], [[-100.87582787865304, 21.33106549819589], [-100.87579041726956, 21.33107404311557]], [[-100.87579953728464, 21.331109142231554], [-100.87579041726956, 21.33107404311557]], [[-100.87579041726956, 21.33107404311557], [-100.87575295588105, 21.331082588027204]], [[-100.87576207588809, 21.3311176871458], [-100.87575295588105, 21.331082588027204]], [[-100.87575295588105, 21.331082588027204], [-100.87571549448757, 21.331091132930794]], [[-100.87572461448656, 21.331126232052007], [-100.87571549448757, 21.331091132930794]], [[-100.87571549448757, 21.331091132930794], [-100.87567803308909, 21.331099677826337]], [[-100.87568715308001, 21.331134776950172], [-100.87567803308909, 21.331099677826337]], [[-100.87567803308909, 21.331099677826337], [-100.8756405716856, 21.33110822271384]], [[-100.87564969166847, 21.331143321840287], [-100.8756405716856, 21.33110822271384]], [[-100.8756405716856, 21.33110822271384], [-100.8756031102771, 21.3311167675933]], [[-100.87561223025193, 21.331151866722365], [-100.8756031102771, 21.3311167675933]], [[-100.8756031102771, 21.3311167675933], [-100.8755656488636, 21.33112531246471]], [[-100.87557476883039, 21.331160411596393], [-100.8755656488636, 21.33112531246471]], [[-100.8755656488636, 21.33112531246471], [-100.87552818744511, 21.33113385732807]], [[-100.87553730740385, 21.331168956462374], [-100.87552818744511, 21.33113385732807]], [[-100.87552818744511, 21.33113385732807], [-100.87549072602162, 21.33114240218339]], [[-100.8754998459723, 21.331177501320308], [-100.87549072602162, 21.33114240218339]], [[-100.87549072602162, 21.33114240218339], [-100.87545326459312, 21.331150947030668]], [[-100.87546238453575, 21.33118604617021], [-100.87545326459312, 21.331150947030668]], [[-100.87545326459312, 21.331150947030668], [-100.87541580315963, 21.331159491869908]], [[-100.87542492309422, 21.331194591012057], [-100.87541580315963, 21.331159491869908]], [[-100.87541580315963, 21.331159491869908], [-100.87537834172113, 21.33116803670109]], [[-100.87538746164766, 21.331203135845865], [-100.87537834172113, 21.33116803670109]], [[-100.87537834172113, 21.33116803670109], [-100.87534088027763, 21.33117658152424]], [[-100.87535000019612, 21.331211680671625], [-100.87534088027763, 21.33117658152424]], [[-100.87534088027763, 21.33117658152424], [-100.87530341882913, 21.33118512633933]], [[-100.87531253873958, 21.331220225489343], [-100.87530341882913, 21.33118512633933]], [[-100.87530341882913, 21.33118512633933], [-100.87526595737563, 21.331193671146387]], [[-100.87527507727803, 21.33122877029901], [-100.87526595737563, 21.331193671146387]], [[-100.87526595737563, 21.331193671146387], [-100.87522849591713, 21.3312022159454]], [[-100.87523761581149, 21.331237315100637], [-100.87522849591713, 21.3312022159454]], [[-100.87522849591713, 21.3312022159454], [-100.87519103445364, 21.331210760736365]], [[-100.87520015433994, 21.33124585989422], [-100.87519103445364, 21.331210760736365]], [[-100.87519103445364, 21.331210760736365], [-100.87515357298514, 21.331219305519276]], [[-100.8751626928634, 21.331254404679758], [-100.87515357298514, 21.331219305519276]], [[-100.87515357298514, 21.331219305519276], [-100.87511611151163, 21.331227850294162]], [[-100.87512523138184, 21.331262949457244], [-100.87511611151163, 21.331227850294162]], [[-100.87511611151163, 21.331227850294162], [-100.87507865003315, 21.33123639506099]], [[-100.87508776989529, 21.3312714942267], [-100.87507865003315, 21.33123639506099]], [[-100.87507865003315, 21.33123639506099], [-100.87504118854963, 21.331244939819772]], [[-100.87505030840374, 21.3312800389881], [-100.87504118854963, 21.331244939819772]], [[-100.87504118854963, 21.331244939819772], [-100.87500372706113, 21.331253484570517]], [[-100.8750128469072, 21.331288583741458], [-100.87500372706113, 21.331253484570517]], [[-100.87500372706113, 21.331253484570517], [-100.87496626556764, 21.33126202931321]], [[-100.87497538540565, 21.331297128486774], [-100.87496626556764, 21.33126202931321]], [[-100.87496626556764, 21.33126202931321], [-100.87492880406914, 21.331270574047867]], [[-100.8749379238991, 21.33130567322404], [-100.87492880406914, 21.331270574047867]], [[-100.87492880406914, 21.331270574047867], [-100.87489134256563, 21.331279118774475]], [[-100.87490046238754, 21.331314217953263], [-100.87489134256563, 21.331279118774475]], [[-100.87489134256563, 21.331279118774475], [-100.87485388105713, 21.331287663493036]], [[-100.87486300087099, 21.331322762674443], [-100.87485388105713, 21.331287663493036]], [[-100.87485388105713, 21.331287663493036], [-100.87481641954363, 21.33129620820355]], [[-100.87482553934943, 21.331331307387575], [-100.87481641954363, 21.33129620820355]], [[-100.87481641954363, 21.33129620820355], [-100.87477895802513, 21.33130475290602]], [[-100.8747880778229, 21.33133985209267], [-100.87477895802513, 21.33130475290602]], [[-100.87477895802513, 21.33130475290602], [-100.87474149650163, 21.331313297600452]], [[-100.87475061629134, 21.331348396789718], [-100.87474149650163, 21.331313297600452]], [[-100.87474149650163, 21.331313297600452], [-100.87470403497312, 21.331321842286833]], [[-100.87471315475479, 21.331356941478717], [-100.87470403497312, 21.331321842286833]], [[-100.87470403497312, 21.331321842286833], [-100.87466657343963, 21.331330386965174]], [[-100.87467569321322, 21.331365486159672], [-100.87466657343963, 21.331330386965174]], [[-100.87466657343963, 21.331330386965174], [-100.8746291119011, 21.331338931635464]], [[-100.87463823166668, 21.33137403083258], [-100.8746291119011, 21.331338931635464]], [[-100.8746291119011, 21.331338931635464], [-100.8745916503576, 21.331347476297715]], [[-100.87460077011512, 21.331382575497447], [-100.8745916503576, 21.331347476297715]], [[-100.8745916503576, 21.331347476297715], [-100.8745541888091, 21.33135602095192]], [[-100.87456330855858, 21.331391120154265], [-100.8745541888091, 21.33135602095192]], [[-100.8745541888091, 21.33135602095192], [-100.8745167272556, 21.331364565598076]], [[-100.87452584699702, 21.33139966480304], [-100.8745167272556, 21.331364565598076]], [[-100.8745167272556, 21.331364565598076], [-100.87447926569709, 21.33137311023619]], [[-100.87448838543047, 21.331408209443772], [-100.87447926569709, 21.33137311023619]], [[-100.87447926569709, 21.33137311023619], [-100.87444180413358, 21.33138165486626]], [[-100.87445092385892, 21.331416754076464], [-100.87444180413358, 21.33138165486626]], [[-100.87444180413358, 21.33138165486626], [-100.87440434256509, 21.331390199488286]], [[-100.87441346228236, 21.331425298701102], [-100.87440434256509, 21.331390199488286]], [[-100.87440434256509, 21.331390199488286], [-100.87436688099159, 21.331398744102266]], [[-100.8743760007008, 21.331433843317697], [-100.87436688099159, 21.331398744102266]], [[-100.87436688099159, 21.331398744102266], [-100.87432941941307, 21.3314072887082]], [[-100.87433853911425, 21.331442387926245], [-100.87432941941307, 21.3314072887082]], [[-100.87432941941307, 21.3314072887082], [-100.87429195782957, 21.331415833306085]], [[-100.87430107752269, 21.331450932526753], [-100.87429195782957, 21.331415833306085]], [[-100.87429195782957, 21.331415833306085], [-100.87425449624105, 21.331424377895928]], [[-100.87426361592614, 21.33145947711921], [-100.87425449624105, 21.331424377895928]], [[-100.87425449624105, 21.331424377895928], [-100.87421703464756, 21.331432922477738]], [[-100.87422615432459, 21.331468021703635], [-100.87421703464756, 21.331432922477738]], [[-100.87421703464756, 21.331432922477738], [-100.87417957304905, 21.331441467051487]], [[-100.87418869271802, 21.331476566280006], [-100.87417957304905, 21.331441467051487]], [[-100.87417957304905, 21.331441467051487], [-100.87414211144555, 21.331450011617196]], [[-100.87415123110647, 21.331485110848334], [-100.87414211144555, 21.331450011617196]], [[-100.87414211144555, 21.331450011617196], [-100.87410464983704, 21.33145855617486]], [[-100.87411376948991, 21.331493655408607], [-100.87410464983704, 21.33145855617486]], [[-100.87410464983704, 21.33145855617486], [-100.87406718822353, 21.331467100724478]], [[-100.87407630786836, 21.33150219996084], [-100.87406718822353, 21.331467100724478]], [[-100.87406718822353, 21.331467100724478], [-100.87402972660502, 21.331475645266053]], [[-100.87403884624182, 21.331510744505046], [-100.87402972660502, 21.331475645266053]], [[-100.87402972660502, 21.331475645266053], [-100.87399226498152, 21.331484189799582]], [[-100.87400138461025, 21.331519289041182], [-100.87399226498152, 21.331484189799582]], [[-100.87399226498152, 21.331484189799582], [-100.87395480335302, 21.331492734325067]], [[-100.87396392297369, 21.331527833569286], [-100.87395480335302, 21.331492734325067]], [[-100.87395480335302, 21.331492734325067], [-100.8739173417195, 21.33150127884251]], [[-100.87392646133215, 21.33153637808934], [-100.8739173417195, 21.33150127884251]], [[-100.8739173417195, 21.33150127884251], [-100.87387988008099, 21.3315098233519]], [[-100.87388899968559, 21.33154492260135], [-100.87387988008099, 21.3315098233519]], [[-100.87387988008099, 21.3315098233519], [-100.8738424184375, 21.33151836785325]], [[-100.87385153803403, 21.331553467105316], [-100.8738424184375, 21.33151836785325]], [[-100.8738424184375, 21.33151836785325], [-100.87380495678899, 21.331526912346554]], [[-100.87381407637747, 21.33156201160124], [-100.87380495678899, 21.331526912346554]], [[-100.87380495678899, 21.331526912346554], [-100.8737674951355, 21.33153545683181]], [[-100.87377661471592, 21.331570556089115], [-100.8737674951355, 21.33153545683181]], [[-100.8737674951355, 21.33153545683181], [-100.87373003347697, 21.331544001309027]], [[-100.87373915304937, 21.331579100568945], [-100.87373003347697, 21.331544001309027]], [[-100.87373003347697, 21.331544001309027], [-100.87369257181346, 21.331552545778198]], [[-100.8737016913778, 21.331587645040724], [-100.87369257181346, 21.331552545778198]], [[-100.87369257181346, 21.331552545778198], [-100.87365511014497, 21.33156109023932]], [[-100.87366422970126, 21.33159618950447], [-100.87365511014497, 21.33156109023932]], [[-100.87365511014497, 21.33156109023932], [-100.87361764847147, 21.331569634692393]], [[-100.8736267680197, 21.331604733960162], [-100.87361764847147, 21.331569634692393]], [[-100.87361764847147, 21.331569634692393], [-100.87358018679295, 21.33157817913743]], [[-100.87358930633314, 21.33161327840781], [-100.87358018679295, 21.33157817913743]], [[-100.87358018679295, 21.33157817913743], [-100.87354272510946, 21.33158672357442]], [[-100.8735518446416, 21.331621822847417], [-100.87354272510946, 21.33158672357442]], [[-100.87354272510946, 21.33158672357442], [-100.87350526342094, 21.33159526800336]], [[-100.87351438294505, 21.331630367278986], [-100.87350526342094, 21.33159526800336]], [[-100.87350526342094, 21.33159526800336], [-100.87346780172744, 21.331603812424262]], [[-100.87347692124348, 21.331638911702495], [-100.87346780172744, 21.331603812424262]], [[-100.87346780172744, 21.331603812424262], [-100.87343034002893, 21.33161235683711]], [[-100.87343945953693, 21.33164745611796], [-100.87343034002893, 21.33161235683711]], [[-100.87343034002893, 21.33161235683711], [-100.87339287832545, 21.331620901241916]], [[-100.87340199782538, 21.33165600052538], [-100.87339287832545, 21.331620901241916]], [[-100.87339287832545, 21.331620901241916], [-100.87335541661693, 21.33162944563868]], [[-100.87336453610884, 21.33166454492476], [-100.87335541661693, 21.33162944563868]], [[-100.87638979880528, 21.330937323435382], [-100.87635233749681, 21.33094586847573]], [[-100.87638979880528, 21.330937323435382], [-100.87638067866644, 21.330902224360333]], [[-100.87638067866644, 21.330902224360333], [-100.876343217366, 21.330910769398063]], [[-100.87635233749681, 21.33094586847573], [-100.876343217366, 21.330910769398063]], [[-100.876343217366, 21.330910769398063], [-100.87630575606057, 21.33091931442775]], [[-100.87631487618333, 21.33095441350803], [-100.87630575606057, 21.33091931442775]], [[-100.87630575606057, 21.33091931442775], [-100.87626829475015, 21.330927859449385]], [[-100.87627741486486, 21.330962958532286], [-100.87626829475015, 21.330927859449385]], [[-100.87626829475015, 21.330927859449385], [-100.87623083343472, 21.33093640446297]], [[-100.87623995354137, 21.3309715035485], [-100.87623083343472, 21.33093640446297]], [[-100.87623083343472, 21.33093640446297], [-100.87619337211429, 21.330944949468524]], [[-100.87620249221288, 21.33098004855667], [-100.87619337211429, 21.330944949468524]], [[-100.87619337211429, 21.330944949468524], [-100.87615591078885, 21.33095349446603]], [[-100.8761650308794, 21.33098859355679], [-100.87615591078885, 21.33095349446603]], [[-100.87615591078885, 21.33095349446603], [-100.8761184494584, 21.33096203945549]], [[-100.87612756954093, 21.330997138548867], [-100.8761184494584, 21.33096203945549]], [[-100.8761184494584, 21.33096203945549], [-100.87608098812298, 21.330970584436912]], [[-100.87609010819745, 21.3310056835329], [-100.87608098812298, 21.330970584436912]], [[-100.87608098812298, 21.330970584436912], [-100.87604352678254, 21.330979129410277]], [[-100.87605264684896, 21.331014228508884], [-100.87604352678254, 21.330979129410277]], [[-100.87604352678254, 21.330979129410277], [-100.87600606543711, 21.330987674375603]], [[-100.87601518549548, 21.331022773476835], [-100.87600606543711, 21.330987674375603]], [[-100.87600606543711, 21.330987674375603], [-100.87596860408667, 21.330996219332892]], [[-100.87597772413699, 21.33103131843674], [-100.87596860408667, 21.330996219332892]], [[-100.87596860408667, 21.330996219332892], [-100.87593114273123, 21.331004764282127]], [[-100.87594026277351, 21.331039863388593], [-100.87593114273123, 21.331004764282127]], [[-100.87593114273123, 21.331004764282127], [-100.8758936813708, 21.331013309223323]], [[-100.87590280140502, 21.331048408332396], [-100.8758936813708, 21.331013309223323]], [[-100.8758936813708, 21.331013309223323], [-100.87585622000535, 21.33102185415647]], [[-100.87586534003154, 21.33105695326817], [-100.87585622000535, 21.33102185415647]], [[-100.87585622000535, 21.33102185415647], [-100.8758187586349, 21.33103039908158]], [[-100.87582787865304, 21.33106549819589], [-100.8758187586349, 21.33103039908158]], [[-100.8758187586349, 21.33103039908158], [-100.87578129725946, 21.33103894399864]], [[-100.87579041726956, 21.33107404311557], [-100.87578129725946, 21.33103894399864]], [[-100.87578129725946, 21.33103894399864], [-100.87574383587902, 21.331047488907657]], [[-100.87575295588105, 21.331082588027204], [-100.87574383587902, 21.331047488907657]], [[-100.87574383587902, 21.331047488907657], [-100.87570637449359, 21.331056033808625]], [[-100.87571549448757, 21.331091132930794], [-100.87570637449359, 21.331056033808625]], [[-100.87570637449359, 21.331056033808625], [-100.87566891310314, 21.33106457870155]], [[-100.87567803308909, 21.331099677826337], [-100.87566891310314, 21.33106457870155]], [[-100.87566891310314, 21.33106457870155], [-100.8756314517077, 21.331073123586435]], [[-100.8756405716856, 21.33110822271384], [-100.8756314517077, 21.331073123586435]], [[-100.8756314517077, 21.331073123586435], [-100.87559399030725, 21.331081668463277]], [[-100.8756031102771, 21.3311167675933], [-100.87559399030725, 21.331081668463277]], [[-100.87559399030725, 21.331081668463277], [-100.87555652890181, 21.331090213332068]], [[-100.8755656488636, 21.33112531246471], [-100.87555652890181, 21.331090213332068]], [[-100.87555652890181, 21.331090213332068], [-100.87551906749137, 21.33109875819282]], [[-100.87552818744511, 21.33113385732807], [-100.87551906749137, 21.33109875819282]], [[-100.87551906749137, 21.33109875819282], [-100.87548160607592, 21.33110730304552]], [[-100.87549072602162, 21.33114240218339], [-100.87548160607592, 21.33110730304552]], [[-100.87548160607592, 21.33110730304552], [-100.87544414465548, 21.331115847890185]], [[-100.87545326459312, 21.331150947030668], [-100.87544414465548, 21.331115847890185]], [[-100.87544414465548, 21.331115847890185], [-100.87540668323003, 21.3311243927268]], [[-100.87541580315963, 21.331159491869908], [-100.87540668323003, 21.3311243927268]], [[-100.87540668323003, 21.3311243927268], [-100.87536922179957, 21.331132937555367]], [[-100.87537834172113, 21.33116803670109], [-100.87536922179957, 21.331132937555367]], [[-100.87536922179957, 21.331132937555367], [-100.87533176036413, 21.33114148237589]], [[-100.87534088027763, 21.33117658152424], [-100.87533176036413, 21.33114148237589]], [[-100.87533176036413, 21.33114148237589], [-100.87529429892368, 21.331150027188375]], [[-100.87530341882913, 21.33118512633933], [-100.87529429892368, 21.331150027188375]], [[-100.87529429892368, 21.331150027188375], [-100.87525683747823, 21.331158571992813]], [[-100.87526595737563, 21.331193671146387], [-100.87525683747823, 21.331158571992813]], [[-100.87525683747823, 21.331158571992813], [-100.87521937602779, 21.331167116789203]], [[-100.87522849591713, 21.3312022159454], [-100.87521937602779, 21.331167116789203]], [[-100.87521937602779, 21.331167116789203], [-100.87518191457234, 21.33117566157755]], [[-100.87519103445364, 21.331210760736365], [-100.87518191457234, 21.33117566157755]], [[-100.87518191457234, 21.33117566157755], [-100.87514445311189, 21.331184206357857]], [[-100.87515357298514, 21.331219305519276], [-100.87514445311189, 21.331184206357857]], [[-100.87514445311189, 21.331184206357857], [-100.87510699164643, 21.33119275113012]], [[-100.87511611151163, 21.331227850294162], [-100.87510699164643, 21.33119275113012]], [[-100.87510699164643, 21.33119275113012], [-100.87506953017599, 21.33120129589433]], [[-100.87507865003315, 21.33123639506099], [-100.87506953017599, 21.33120129589433]], [[-100.87506953017599, 21.33120129589433], [-100.87503206870053, 21.331209840650498]], [[-100.87504118854963, 21.331244939819772], [-100.87503206870053, 21.331209840650498]], [[-100.87503206870053, 21.331209840650498], [-100.87499460722009, 21.33121838539862]], [[-100.87500372706113, 21.331253484570517], [-100.87499460722009, 21.33121838539862]], [[-100.87499460722009, 21.33121838539862], [-100.87495714573463, 21.331226930138694]], [[-100.87496626556764, 21.33126202931321], [-100.87495714573463, 21.331226930138694]], [[-100.87495714573463, 21.331226930138694], [-100.87491968424418, 21.331235474870734]], [[-100.87492880406914, 21.331270574047867], [-100.87491968424418, 21.331235474870734]], [[-100.87491968424418, 21.331235474870734], [-100.87488222274872, 21.33124401959472]], [[-100.87489134256563, 21.331279118774475], [-100.87488222274872, 21.33124401959472]], [[-100.87488222274872, 21.33124401959472], [-100.87484476124827, 21.331252564310674]], [[-100.87485388105713, 21.331287663493036], [-100.87484476124827, 21.331252564310674]], [[-100.87484476124827, 21.331252564310674], [-100.87480729974281, 21.331261109018573]], [[-100.87481641954363, 21.33129620820355], [-100.87480729974281, 21.331261109018573]], [[-100.87480729974281, 21.331261109018573], [-100.87476983823237, 21.33126965371843]], [[-100.87477895802513, 21.33130475290602], [-100.87476983823237, 21.33126965371843]], [[-100.87476983823237, 21.33126965371843], [-100.8747323767169, 21.33127819841024]], [[-100.87474149650163, 21.331313297600452], [-100.8747323767169, 21.33127819841024]], [[-100.8747323767169, 21.33127819841024], [-100.87469491519646, 21.331286743094005]], [[-100.87470403497312, 21.331321842286833], [-100.87469491519646, 21.331286743094005]], [[-100.87469491519646, 21.331286743094005], [-100.874657453671, 21.33129528776972]], [[-100.87466657343963, 21.331330386965174], [-100.874657453671, 21.33129528776972]], [[-100.874657453671, 21.33129528776972], [-100.87461999214054, 21.331303832437396]], [[-100.8746291119011, 21.331338931635464], [-100.87461999214054, 21.331303832437396]], [[-100.87461999214054, 21.331303832437396], [-100.8745825306051, 21.33131237709703]], [[-100.8745916503576, 21.331347476297715], [-100.8745825306051, 21.33131237709703]], [[-100.8745825306051, 21.33131237709703], [-100.87454506906462, 21.331320921748624]], [[-100.8745541888091, 21.33135602095192], [-100.87454506906462, 21.331320921748624]], [[-100.87454506906462, 21.331320921748624], [-100.87450760751918, 21.331329466392162]], [[-100.8745167272556, 21.331364565598076], [-100.87450760751918, 21.331329466392162]], [[-100.87450760751918, 21.331329466392162], [-100.87447014596871, 21.331338011027658]], [[-100.87447926569709, 21.33137311023619], [-100.87447014596871, 21.331338011027658]], [[-100.87447014596871, 21.331338011027658], [-100.87443268441326, 21.331346555655113]], [[-100.87444180413358, 21.33138165486626], [-100.87443268441326, 21.331346555655113]], [[-100.87443268441326, 21.331346555655113], [-100.87439522285281, 21.331355100274514]], [[-100.87440434256509, 21.331390199488286], [-100.87439522285281, 21.331355100274514]], [[-100.87439522285281, 21.331355100274514], [-100.87435776128736, 21.33136364488588]], [[-100.87436688099159, 21.331398744102266], [-100.87435776128736, 21.33136364488588]], [[-100.87435776128736, 21.33136364488588], [-100.87432029971689, 21.331372189489198]], [[-100.87432941941307, 21.3314072887082], [-100.87432029971689, 21.331372189489198]], [[-100.87432029971689, 21.331372189489198], [-100.87428283814144, 21.331380734084465]], [[-100.87429195782957, 21.331415833306085], [-100.87428283814144, 21.331380734084465]], [[-100.87428283814144, 21.331380734084465], [-100.87424537656098, 21.331389278671697]], [[-100.87425449624105, 21.331424377895928], [-100.87424537656098, 21.331389278671697]], [[-100.87424537656098, 21.331389278671697], [-100.87420791497553, 21.331397823250878]], [[-100.87421703464756, 21.331432922477738], [-100.87420791497553, 21.331397823250878]], [[-100.87420791497553, 21.331397823250878], [-100.87417045338506, 21.331406367822012]], [[-100.87417957304905, 21.331441467051487], [-100.87417045338506, 21.331406367822012]], [[-100.87417045338506, 21.331406367822012], [-100.87413299178962, 21.331414912385103]], [[-100.87414211144555, 21.331450011617196], [-100.87413299178962, 21.331414912385103]], [[-100.87413299178962, 21.331414912385103], [-100.87409553018917, 21.331423456940154]], [[-100.87410464983704, 21.33145855617486], [-100.87409553018917, 21.331423456940154]], [[-100.87409553018917, 21.331423456940154], [-100.87405806858371, 21.331432001487162]], [[-100.87406718822353, 21.331467100724478], [-100.87405806858371, 21.331432001487162]], [[-100.87405806858371, 21.331432001487162], [-100.87402060697325, 21.331440546026116]], [[-100.87402972660502, 21.331475645266053], [-100.87402060697325, 21.331440546026116]], [[-100.87402060697325, 21.331440546026116], [-100.87398314535778, 21.331449090557026]], [[-100.87399226498152, 21.331484189799582], [-100.87398314535778, 21.331449090557026]], [[-100.87398314535778, 21.331449090557026], [-100.87394568373733, 21.331457635079897]], [[-100.87395480335302, 21.331492734325067], [-100.87394568373733, 21.331457635079897]], [[-100.87394568373733, 21.331457635079897], [-100.87390822211188, 21.33146617959472]], [[-100.8739173417195, 21.33150127884251], [-100.87390822211188, 21.33146617959472]], [[-100.87390822211188, 21.33146617959472], [-100.87387076048142, 21.331474724101493]], [[-100.87387988008099, 21.3315098233519], [-100.87387076048142, 21.331474724101493]], [[-100.87387076048142, 21.331474724101493], [-100.87383329884597, 21.33148326860023]], [[-100.8738424184375, 21.33151836785325], [-100.87383329884597, 21.33148326860023]], [[-100.87383329884597, 21.33148326860023], [-100.8737958372055, 21.331491813090917]], [[-100.87380495678899, 21.331526912346554], [-100.8737958372055, 21.331491813090917]], [[-100.8737958372055, 21.331491813090917], [-100.87375837556004, 21.331500357573557]], [[-100.8737674951355, 21.33153545683181], [-100.87375837556004, 21.331500357573557]], [[-100.87375837556004, 21.331500357573557], [-100.8737209139096, 21.331508902048153]], [[-100.87373003347697, 21.331544001309027], [-100.8737209139096, 21.331508902048153]], [[-100.8737209139096, 21.331508902048153], [-100.87368345225413, 21.331517446514706]], [[-100.87369257181346, 21.331552545778198], [-100.87368345225413, 21.331517446514706]], [[-100.87368345225413, 21.331517446514706], [-100.87364599059367, 21.331525990973212]], [[-100.87365511014497, 21.33156109023932], [-100.87364599059367, 21.331525990973212]], [[-100.87364599059367, 21.331525990973212], [-100.87360852892823, 21.33153453542368]], [[-100.87361764847147, 21.331569634692393], [-100.87360852892823, 21.33153453542368]], [[-100.87360852892823, 21.33153453542368], [-100.87357106725777, 21.331543079866087]], [[-100.87358018679295, 21.33157817913743], [-100.87357106725777, 21.331543079866087]], [[-100.87357106725777, 21.331543079866087], [-100.87353360558231, 21.331551624300467]], [[-100.87354272510946, 21.33158672357442], [-100.87353360558231, 21.331551624300467]], [[-100.87353360558231, 21.331551624300467], [-100.87349614390186, 21.33156016872679]], [[-100.87350526342094, 21.33159526800336], [-100.87349614390186, 21.33156016872679]], [[-100.87349614390186, 21.33156016872679], [-100.87345868221641, 21.33156871314507]], [[-100.87346780172744, 21.331603812424262], [-100.87345868221641, 21.33156871314507]], [[-100.87345868221641, 21.33156871314507], [-100.87342122052594, 21.331577257555306]], [[-100.87343034002893, 21.33161235683711], [-100.87342122052594, 21.331577257555306]], [[-100.87342122052594, 21.331577257555306], [-100.87338375883049, 21.331585801957498]], [[-100.87339287832545, 21.331620901241916], [-100.87338375883049, 21.331585801957498]], [[-100.87338375883049, 21.331585801957498], [-100.87334629713004, 21.33159434635164]], [[-100.87335541661693, 21.33162944563868], [-100.87334629713004, 21.33159434635164]], [[-100.87335541661693, 21.33162944563868], [-100.87331795490343, 21.33163799002739]], [[-100.87334629713004, 21.33159434635164], [-100.87330883542458, 21.331602890737745]], [[-100.87331795490343, 21.33163799002739], [-100.87330883542458, 21.331602890737745]], [[-100.87638067866644, 21.330902224360333], [-100.87637155853257, 21.330867125284332]], [[-100.87637155853257, 21.330867125284332], [-100.8763340972402, 21.330875670319443]], [[-100.876343217366, 21.330910769398063], [-100.8763340972402, 21.330875670319443]], [[-100.8763340972402, 21.330875670319443], [-100.87629663594282, 21.3308842153465]], [[-100.87630575606057, 21.33091931442775], [-100.87629663594282, 21.3308842153465]], [[-100.87629663594282, 21.3308842153465], [-100.87625917464042, 21.33089276036552]], [[-100.87626829475015, 21.330927859449385], [-100.87625917464042, 21.33089276036552]], [[-100.87625917464042, 21.33089276036552], [-100.87622171333305, 21.3309013053765]], [[-100.87623083343472, 21.33093640446297], [-100.87622171333305, 21.3309013053765]], [[-100.87622171333305, 21.3309013053765], [-100.87618425202066, 21.330909850379427]], [[-100.87619337211429, 21.330944949468524], [-100.87618425202066, 21.330909850379427]], [[-100.87618425202066, 21.330909850379427], [-100.87614679070329, 21.33091839537432]], [[-100.87615591078885, 21.33095349446603], [-100.87614679070329, 21.33091839537432]], [[-100.87614679070329, 21.33091839537432], [-100.8761093293809, 21.330926940361167]], [[-100.8761184494584, 21.33096203945549], [-100.8761093293809, 21.330926940361167]], [[-100.8761093293809, 21.330926940361167], [-100.8760718680535, 21.330935485339964]], [[-100.87608098812298, 21.330970584436912], [-100.8760718680535, 21.330935485339964]], [[-100.8760718680535, 21.330935485339964], [-100.87603440672112, 21.330944030310715]], [[-100.87604352678254, 21.330979129410277], [-100.87603440672112, 21.330944030310715]], [[-100.87603440672112, 21.330944030310715], [-100.87599694538373, 21.33095257527343]], [[-100.87600606543711, 21.330987674375603], [-100.87599694538373, 21.33095257527343]], [[-100.87599694538373, 21.33095257527343], [-100.87595948404135, 21.330961120228096]], [[-100.87596860408667, 21.330996219332892], [-100.87595948404135, 21.330961120228096]], [[-100.87595948404135, 21.330961120228096], [-100.87592202269396, 21.330969665174713]], [[-100.87593114273123, 21.331004764282127], [-100.87592202269396, 21.330969665174713]], [[-100.87592202269396, 21.330969665174713], [-100.87588456134156, 21.330978210113287]], [[-100.8758936813708, 21.331013309223323], [-100.87588456134156, 21.330978210113287]], [[-100.87588456134156, 21.330978210113287], [-100.87584709998417, 21.330986755043817]], [[-100.87585622000535, 21.33102185415647], [-100.87584709998417, 21.330986755043817]], [[-100.87584709998417, 21.330986755043817], [-100.87580963862179, 21.330995299966307]], [[-100.8758187586349, 21.33103039908158], [-100.87580963862179, 21.330995299966307]], [[-100.87580963862179, 21.330995299966307], [-100.87577217725439, 21.331003844880755]], [[-100.87578129725946, 21.33103894399864], [-100.87577217725439, 21.331003844880755]], [[-100.87577217725439, 21.331003844880755], [-100.87573471588199, 21.33101238978715]], [[-100.87574383587902, 21.331047488907657], [-100.87573471588199, 21.33101238978715]], [[-100.87573471588199, 21.33101238978715], [-100.8756972545046, 21.331020934685505]], [[-100.87570637449359, 21.331056033808625], [-100.8756972545046, 21.331020934685505]], [[-100.8756972545046, 21.331020934685505], [-100.87565979312221, 21.331029479575815]], [[-100.87566891310314, 21.33106457870155], [-100.87565979312221, 21.331029479575815]], [[-100.87565979312221, 21.331029479575815], [-100.87562233173482, 21.331038024458085]], [[-100.8756314517077, 21.331073123586435], [-100.87562233173482, 21.331038024458085]], [[-100.87562233173482, 21.331038024458085], [-100.87558487034242, 21.331046569332308]], [[-100.87559399030725, 21.331081668463277], [-100.87558487034242, 21.331046569332308]], [[-100.87558487034242, 21.331046569332308], [-100.87554740894502, 21.331055114198477]], [[-100.87555652890181, 21.331090213332068], [-100.87554740894502, 21.331055114198477]], [[-100.87554740894502, 21.331055114198477], [-100.87550994754264, 21.331063659056607]], [[-100.87551906749137, 21.33109875819282], [-100.87550994754264, 21.331063659056607]], [[-100.87550994754264, 21.331063659056607], [-100.87547248613524, 21.3310722039067]], [[-100.87548160607592, 21.33110730304552], [-100.87547248613524, 21.3310722039067]], [[-100.87547248613524, 21.3310722039067], [-100.87543502472283, 21.331080748748747]], [[-100.87544414465548, 21.331115847890185], [-100.87543502472283, 21.331080748748747]], [[-100.87543502472283, 21.331080748748747], [-100.87539756330544, 21.331089293582743]], [[-100.87540668323003, 21.3311243927268], [-100.87539756330544, 21.331089293582743]], [[-100.87539756330544, 21.331089293582743], [-100.87536010188303, 21.33109783840869]], [[-100.87536922179957, 21.331132937555367], [-100.87536010188303, 21.33109783840869]], [[-100.87536010188303, 21.33109783840869], [-100.87532264045564, 21.331106383226597]], [[-100.87533176036413, 21.33114148237589], [-100.87532264045564, 21.331106383226597]], [[-100.87532264045564, 21.331106383226597], [-100.87528517902324, 21.33111492803647]], [[-100.87529429892368, 21.331150027188375], [-100.87528517902324, 21.33111492803647]], [[-100.87528517902324, 21.33111492803647], [-100.87524771758584, 21.33112347283829]], [[-100.87525683747823, 21.331158571992813], [-100.87524771758584, 21.33112347283829]], [[-100.87524771758584, 21.33112347283829], [-100.87521025614345, 21.331132017632058]], [[-100.87521937602779, 21.331167116789203], [-100.87521025614345, 21.331132017632058]], [[-100.87521025614345, 21.331132017632058], [-100.87517279469604, 21.33114056241779]], [[-100.87518191457234, 21.33117566157755], [-100.87517279469604, 21.33114056241779]], [[-100.87517279469604, 21.33114056241779], [-100.87513533324363, 21.331149107195483]], [[-100.87514445311189, 21.331184206357857], [-100.87513533324363, 21.331149107195483]], [[-100.87513533324363, 21.331149107195483], [-100.87509787178624, 21.331157651965118]], [[-100.87510699164643, 21.33119275113012], [-100.87509787178624, 21.331157651965118]], [[-100.87509787178624, 21.331157651965118], [-100.87506041032384, 21.331166196726713]], [[-100.87506953017599, 21.33120129589433], [-100.87506041032384, 21.331166196726713]], [[-100.87506041032384, 21.331166196726713], [-100.87502294885643, 21.331174741480265]], [[-100.87503206870053, 21.331209840650498], [-100.87502294885643, 21.331174741480265]], [[-100.87502294885643, 21.331174741480265], [-100.87498548738402, 21.331183286225773]], [[-100.87499460722009, 21.33121838539862], [-100.87498548738402, 21.331183286225773]], [[-100.87498548738402, 21.331183286225773], [-100.87494802590662, 21.33119183096324]], [[-100.87495714573463, 21.331226930138694], [-100.87494802590662, 21.33119183096324]], [[-100.87494802590662, 21.33119183096324], [-100.87491056442423, 21.331200375692656]], [[-100.87491968424418, 21.331235474870734], [-100.87491056442423, 21.331200375692656]], [[-100.87491056442423, 21.331200375692656], [-100.87487310293682, 21.331208920414028]], [[-100.87488222274872, 21.33124401959472], [-100.87487310293682, 21.331208920414028]], [[-100.87487310293682, 21.331208920414028], [-100.87483564144442, 21.33121746512735]], [[-100.87484476124827, 21.331252564310674], [-100.87483564144442, 21.33121746512735]], [[-100.87483564144442, 21.33121746512735], [-100.874798179947, 21.33122600983263]], [[-100.87480729974281, 21.331261109018573], [-100.874798179947, 21.33122600983263]], [[-100.874798179947, 21.33122600983263], [-100.87476071844459, 21.33123455452988]], [[-100.87476983823237, 21.33126965371843], [-100.87476071844459, 21.33123455452988]], [[-100.87476071844459, 21.33123455452988], [-100.87472325693719, 21.33124309921907]], [[-100.8747323767169, 21.33127819841024], [-100.87472325693719, 21.33124309921907]], [[-100.87472325693719, 21.33124309921907], [-100.8746857954248, 21.33125164390022]], [[-100.87469491519646, 21.331286743094005], [-100.8746857954248, 21.33125164390022]], [[-100.8746857954248, 21.33125164390022], [-100.87464833390739, 21.331260188573317]], [[-100.874657453671, 21.33129528776972], [-100.87464833390739, 21.331260188573317]], [[-100.87464833390739, 21.331260188573317], [-100.87461087238498, 21.33126873323838]], [[-100.87461999214054, 21.331303832437396], [-100.87461087238498, 21.33126873323838]], [[-100.87461087238498, 21.33126873323838], [-100.87457341085756, 21.331277277895396]], [[-100.8745825306051, 21.33131237709703], [-100.87457341085756, 21.331277277895396]], [[-100.87457341085756, 21.331277277895396], [-100.87453594932516, 21.331285822544366]], [[-100.87454506906462, 21.331320921748624], [-100.87453594932516, 21.331285822544366]], [[-100.87453594932516, 21.331285822544366], [-100.87449848778776, 21.33129436718529]], [[-100.87450760751918, 21.331329466392162], [-100.87449848778776, 21.33129436718529]], [[-100.87449848778776, 21.33129436718529], [-100.87446102624536, 21.33130291181817]], [[-100.87447014596871, 21.331338011027658], [-100.87446102624536, 21.33130291181817]], [[-100.87446102624536, 21.33130291181817], [-100.87442356469795, 21.331311456443004]], [[-100.87443268441326, 21.331346555655113], [-100.87442356469795, 21.331311456443004]], [[-100.87442356469795, 21.331311456443004], [-100.87438610314554, 21.331320001059794]], [[-100.87439522285281, 21.331355100274514], [-100.87438610314554, 21.331320001059794]], [[-100.87438610314554, 21.331320001059794], [-100.87434864158813, 21.33132854566854]], [[-100.87435776128736, 21.33136364488588], [-100.87434864158813, 21.33132854566854]], [[-100.87434864158813, 21.33132854566854], [-100.87431118002573, 21.33133709026924]], [[-100.87432029971689, 21.331372189489198], [-100.87431118002573, 21.33133709026924]], [[-100.87431118002573, 21.33133709026924], [-100.87427371845833, 21.331345634861894]], [[-100.87428283814144, 21.331380734084465], [-100.87427371845833, 21.331345634861894]], [[-100.87427371845833, 21.331345634861894], [-100.87423625688591, 21.33135417944651]], [[-100.87424537656098, 21.331389278671697], [-100.87423625688591, 21.33135417944651]], [[-100.87423625688591, 21.33135417944651], [-100.8741987953085, 21.331362724023077]], [[-100.87420791497553, 21.331397823250878], [-100.8741987953085, 21.331362724023077]], [[-100.8741987953085, 21.331362724023077], [-100.8741613337261, 21.331371268591596]], [[-100.87417045338506, 21.331406367822012], [-100.8741613337261, 21.331371268591596]], [[-100.8741613337261, 21.331371268591596], [-100.87412387213868, 21.33137981315207]], [[-100.87413299178962, 21.331414912385103], [-100.87412387213868, 21.33137981315207]], [[-100.87412387213868, 21.33137981315207], [-100.87408641054627, 21.3313883577045]], [[-100.87409553018917, 21.331423456940154], [-100.87408641054627, 21.3313883577045]], [[-100.87408641054627, 21.3313883577045], [-100.87404894894887, 21.331396902248887]], [[-100.87405806858371, 21.331432001487162], [-100.87404894894887, 21.331396902248887]], [[-100.87404894894887, 21.331396902248887], [-100.87401148734646, 21.331405446785226]], [[-100.87402060697325, 21.331440546026116], [-100.87401148734646, 21.331405446785226]], [[-100.87401148734646, 21.331405446785226], [-100.87397402573906, 21.33141399131352]], [[-100.87398314535778, 21.331449090557026], [-100.87397402573906, 21.33141399131352]], [[-100.87397402573906, 21.33141399131352], [-100.87393656412665, 21.331422535833774]], [[-100.87394568373733, 21.331457635079897], [-100.87393656412665, 21.331422535833774]], [[-100.87393656412665, 21.331422535833774], [-100.87389910250923, 21.33143108034598]], [[-100.87390822211188, 21.33146617959472], [-100.87389910250923, 21.33143108034598]], [[-100.87389910250923, 21.33143108034598], [-100.87386164088683, 21.33143962485014]], [[-100.87387076048142, 21.331474724101493], [-100.87386164088683, 21.33143962485014]], [[-100.87386164088683, 21.33143962485014], [-100.87382417925943, 21.331448169346253]], [[-100.87383329884597, 21.33148326860023], [-100.87382417925943, 21.331448169346253]], [[-100.87382417925943, 21.331448169346253], [-100.87378671762701, 21.331456713834324]], [[-100.8737958372055, 21.331491813090917], [-100.87378671762701, 21.331456713834324]], [[-100.87378671762701, 21.331456713834324], [-100.87374925598961, 21.33146525831435]], [[-100.87375837556004, 21.331500357573557], [-100.87374925598961, 21.33146525831435]], [[-100.87374925598961, 21.33146525831435], [-100.8737117943472, 21.33147380278633]], [[-100.8737209139096, 21.331508902048153], [-100.8737117943472, 21.33147380278633]], [[-100.8737117943472, 21.33147380278633], [-100.87367433269979, 21.33148234725027]], [[-100.87368345225413, 21.331517446514706], [-100.87367433269979, 21.33148234725027]], [[-100.87367433269979, 21.33148234725027], [-100.8736368710474, 21.331490891706157]], [[-100.87364599059367, 21.331525990973212], [-100.8736368710474, 21.331490891706157]], [[-100.8736368710474, 21.331490891706157], [-100.87359940938998, 21.331499436153997]], [[-100.87360852892823, 21.33153453542368], [-100.87359940938998, 21.331499436153997]], [[-100.87359940938998, 21.331499436153997], [-100.87356194772758, 21.331507980593802]], [[-100.87357106725777, 21.331543079866087], [-100.87356194772758, 21.331507980593802]], [[-100.87356194772758, 21.331507980593802], [-100.87352448606018, 21.331516525025556]], [[-100.87353360558231, 21.331551624300467], [-100.87352448606018, 21.331516525025556]], [[-100.87352448606018, 21.331516525025556], [-100.87348702438776, 21.331525069449263]], [[-100.87349614390186, 21.33156016872679], [-100.87348702438776, 21.331525069449263]], [[-100.87348702438776, 21.331525069449263], [-100.87344956271036, 21.331533613864927]], [[-100.87345868221641, 21.33156871314507], [-100.87344956271036, 21.331533613864927]], [[-100.87344956271036, 21.331533613864927], [-100.87341210102795, 21.331542158272544]], [[-100.87342122052594, 21.331577257555306], [-100.87341210102795, 21.331542158272544]], [[-100.87341210102795, 21.331542158272544], [-100.87337463934055, 21.33155070267212]], [[-100.87338375883049, 21.331585801957498], [-100.87337463934055, 21.33155070267212]], [[-100.87337463934055, 21.33155070267212], [-100.87333717764815, 21.33155924706365]], [[-100.87334629713004, 21.33159434635164], [-100.87333717764815, 21.33155924706365]], [[-100.87333717764815, 21.33155924706365], [-100.87329971595074, 21.33156779144714]], [[-100.87330883542458, 21.331602890737745], [-100.87329971595074, 21.33156779144714]], [[-100.87330883542458, 21.331602890737745], [-100.87327137371413, 21.331611435115796]], [[-100.87329971595074, 21.33156779144714], [-100.87326225424833, 21.33157633582257]], [[-100.87327137371413, 21.331611435115796], [-100.87326225424833, 21.33157633582257]], [[-100.87640901981996, 21.330858580241173], [-100.87637155853257, 21.330867125284332]], [[-100.87640901981996, 21.330858580241173], [-100.87639989968305, 21.330823481166835]], [[-100.87639989968305, 21.330823481166835], [-100.87636243840373, 21.330832026207375]], [[-100.87637155853257, 21.330867125284332], [-100.87636243840373, 21.330832026207375]], [[-100.87636243840373, 21.330832026207375], [-100.8763249771194, 21.330840571239865]], [[-100.8763340972402, 21.330875670319443], [-100.8763249771194, 21.330840571239865]], [[-100.8763249771194, 21.330840571239865], [-100.87628751583006, 21.33084911626431]], [[-100.87629663594282, 21.3308842153465], [-100.87628751583006, 21.33084911626431]], [[-100.87628751583006, 21.33084911626431], [-100.87625005453573, 21.33085766128071]], [[-100.87625917464042, 21.33089276036552], [-100.87625005453573, 21.33085766128071]], [[-100.87625005453573, 21.33085766128071], [-100.87621259323639, 21.33086620628907]], [[-100.87622171333305, 21.3309013053765], [-100.87621259323639, 21.33086620628907]], [[-100.87621259323639, 21.33086620628907], [-100.87617513193206, 21.330874751289386]], [[-100.87618425202066, 21.330909850379427], [-100.87617513193206, 21.330874751289386]], [[-100.87617513193206, 21.330874751289386], [-100.87613767062271, 21.33088329628166]], [[-100.87614679070329, 21.33091839537432], [-100.87613767062271, 21.33088329628166]], [[-100.87613767062271, 21.33088329628166], [-100.87610020930838, 21.330891841265885]], [[-100.8761093293809, 21.330926940361167], [-100.87610020930838, 21.330891841265885]], [[-100.87610020930838, 21.330891841265885], [-100.87606274798904, 21.330900386242064]], [[-100.8760718680535, 21.330935485339964], [-100.87606274798904, 21.330900386242064]], [[-100.87606274798904, 21.330900386242064], [-100.87602528666471, 21.3309089312102]], [[-100.87603440672112, 21.330944030310715], [-100.87602528666471, 21.3309089312102]], [[-100.87602528666471, 21.3309089312102], [-100.87598782533536, 21.330917476170292]], [[-100.87599694538373, 21.33095257527343], [-100.87598782533536, 21.330917476170292]], [[-100.87598782533536, 21.330917476170292], [-100.87595036400103, 21.33092602112234]], [[-100.87595948404135, 21.330961120228096], [-100.87595036400103, 21.33092602112234]], [[-100.87595036400103, 21.33092602112234], [-100.87591290266168, 21.330934566066343]], [[-100.87592202269396, 21.330969665174713], [-100.87591290266168, 21.330934566066343]], [[-100.87591290266168, 21.330934566066343], [-100.87587544131733, 21.330943111002302]], [[-100.87588456134156, 21.330978210113287], [-100.87587544131733, 21.330943111002302]], [[-100.87587544131733, 21.330943111002302], [-100.87583797996801, 21.330951655930225]], [[-100.87584709998417, 21.330986755043817], [-100.87583797996801, 21.330951655930225]], [[-100.87583797996801, 21.330951655930225], [-100.87580051861366, 21.330960200850093]], [[-100.87580963862179, 21.330995299966307], [-100.87580051861366, 21.330960200850093]], [[-100.87580051861366, 21.330960200850093], [-100.8757630572543, 21.330968745761915]], [[-100.87577217725439, 21.331003844880755], [-100.8757630572543, 21.330968745761915]], [[-100.8757630572543, 21.330968745761915], [-100.87572559588997, 21.330977290665697]], [[-100.87573471588199, 21.33101238978715], [-100.87572559588997, 21.330977290665697]], [[-100.87572559588997, 21.330977290665697], [-100.87568813452063, 21.33098583556143]], [[-100.8756972545046, 21.331020934685505], [-100.87568813452063, 21.33098583556143]], [[-100.87568813452063, 21.33098583556143], [-100.87565067314628, 21.330994380449127]], [[-100.87565979312221, 21.331029479575815], [-100.87565067314628, 21.330994380449127]], [[-100.87565067314628, 21.330994380449127], [-100.87561321176693, 21.33100292532877]], [[-100.87562233173482, 21.331038024458085], [-100.87561321176693, 21.33100292532877]], [[-100.87561321176693, 21.33100292532877], [-100.87557575038258, 21.331011470200377]], [[-100.87558487034242, 21.331046569332308], [-100.87557575038258, 21.331011470200377]], [[-100.87557575038258, 21.331011470200377], [-100.87553828899324, 21.331020015063938]], [[-100.87554740894502, 21.331055114198477], [-100.87553828899324, 21.331020015063938]], [[-100.87553828899324, 21.331020015063938], [-100.8755008275989, 21.331028559919446]], [[-100.87550994754264, 21.331063659056607], [-100.8755008275989, 21.331028559919446]], [[-100.8755008275989, 21.331028559919446], [-100.87546336619954, 21.331037104766924]], [[-100.87547248613524, 21.3310722039067], [-100.87546336619954, 21.331037104766924]], [[-100.87546336619954, 21.331037104766924], [-100.8754259047952, 21.331045649606352]], [[-100.87543502472283, 21.331080748748747], [-100.8754259047952, 21.331045649606352]], [[-100.8754259047952, 21.331045649606352], [-100.87538844338584, 21.331054194437726]], [[-100.87539756330544, 21.331089293582743], [-100.87538844338584, 21.331054194437726]], [[-100.87538844338584, 21.331054194437726], [-100.8753509819715, 21.331062739261064]], [[-100.87536010188303, 21.33109783840869], [-100.8753509819715, 21.331062739261064]], [[-100.8753509819715, 21.331062739261064], [-100.87531352055214, 21.331071284076355]], [[-100.87532264045564, 21.331106383226597], [-100.87531352055214, 21.331071284076355]], [[-100.87531352055214, 21.331071284076355], [-100.87527605912778, 21.331079828883603]], [[-100.87528517902324, 21.33111492803647], [-100.87527605912778, 21.331079828883603]], [[-100.87527605912778, 21.331079828883603], [-100.87523859769844, 21.331088373682803]], [[-100.87524771758584, 21.33112347283829], [-100.87523859769844, 21.331088373682803]], [[-100.87523859769844, 21.331088373682803], [-100.87520113626408, 21.331096918473957]], [[-100.87521025614345, 21.331132017632058], [-100.87520113626408, 21.331096918473957]], [[-100.87520113626408, 21.331096918473957], [-100.87516367482473, 21.331105463257074]], [[-100.87517279469604, 21.33114056241779], [-100.87516367482473, 21.331105463257074]], [[-100.87516367482473, 21.331105463257074], [-100.87512621338038, 21.331114008032145]], [[-100.87513533324363, 21.331149107195483], [-100.87512621338038, 21.331114008032145]], [[-100.87512621338038, 21.331114008032145], [-100.87508875193103, 21.331122552799165]], [[-100.87509787178624, 21.331157651965118], [-100.87508875193103, 21.331122552799165]], [[-100.87508875193103, 21.331122552799165], [-100.87505129047668, 21.331131097558142]], [[-100.87506041032384, 21.331166196726713], [-100.87505129047668, 21.331131097558142]], [[-100.87505129047668, 21.331131097558142], [-100.87501382901732, 21.33113964230908]], [[-100.87502294885643, 21.331174741480265], [-100.87501382901732, 21.33113964230908]], [[-100.87501382901732, 21.33113964230908], [-100.87497636755297, 21.331148187051966]], [[-100.87498548738402, 21.331183286225773], [-100.87497636755297, 21.331148187051966]], [[-100.87497636755297, 21.331148187051966], [-100.87493890608361, 21.331156731786816]], [[-100.87494802590662, 21.33119183096324], [-100.87493890608361, 21.331156731786816]], [[-100.87493890608361, 21.331156731786816], [-100.87490144460925, 21.331165276513616]], [[-100.87491056442423, 21.331200375692656], [-100.87490144460925, 21.331165276513616]], [[-100.87490144460925, 21.331165276513616], [-100.8748639831299, 21.331173821232372]], [[-100.87487310293682, 21.331208920414028], [-100.8748639831299, 21.331173821232372]], [[-100.8748639831299, 21.331173821232372], [-100.87482652164555, 21.331182365943082]], [[-100.87483564144442, 21.33121746512735], [-100.87482652164555, 21.331182365943082]], [[-100.87482652164555, 21.331182365943082], [-100.87478906015619, 21.331190910645752]], [[-100.874798179947, 21.33122600983263], [-100.87478906015619, 21.331190910645752]], [[-100.87478906015619, 21.331190910645752], [-100.87475159866183, 21.33119945534037]], [[-100.87476071844459, 21.33123455452988], [-100.87475159866183, 21.33119945534037]], [[-100.87475159866183, 21.33119945534037], [-100.87471413716247, 21.331208000026948]], [[-100.87472325693719, 21.33124309921907], [-100.87471413716247, 21.331208000026948]], [[-100.87471413716247, 21.331208000026948], [-100.87467667565812, 21.331216544705477]], [[-100.8746857954248, 21.33125164390022], [-100.87467667565812, 21.331216544705477]], [[-100.87467667565812, 21.331216544705477], [-100.87463921414876, 21.331225089375966]], [[-100.87464833390739, 21.331260188573317], [-100.87463921414876, 21.331225089375966]], [[-100.87463921414876, 21.331225089375966], [-100.8746017526344, 21.33123363403841]], [[-100.87461087238498, 21.33126873323838], [-100.8746017526344, 21.33123363403841]], [[-100.8746017526344, 21.33123363403841], [-100.87456429111505, 21.331242178692808]], [[-100.87457341085756, 21.331277277895396], [-100.87456429111505, 21.331242178692808]], [[-100.87456429111505, 21.331242178692808], [-100.87452682959069, 21.33125072333916]], [[-100.87453594932516, 21.331285822544366], [-100.87452682959069, 21.33125072333916]], [[-100.87452682959069, 21.33125072333916], [-100.87448936806133, 21.331259267977465]], [[-100.87449848778776, 21.33129436718529], [-100.87448936806133, 21.331259267977465]], [[-100.87448936806133, 21.331259267977465], [-100.87445190652697, 21.331267812607727]], [[-100.87446102624536, 21.33130291181817], [-100.87445190652697, 21.331267812607727]], [[-100.87445190652697, 21.331267812607727], [-100.87441444498762, 21.33127635722995]], [[-100.87442356469795, 21.331311456443004], [-100.87441444498762, 21.33127635722995]], [[-100.87441444498762, 21.33127635722995], [-100.87437698344327, 21.33128490184412]], [[-100.87438610314554, 21.331320001059794], [-100.87437698344327, 21.33128490184412]], [[-100.87437698344327, 21.33128490184412], [-100.8743395218939, 21.33129344645025]], [[-100.87434864158813, 21.33132854566854], [-100.8743395218939, 21.33129344645025]], [[-100.8743395218939, 21.33129344645025], [-100.87430206033955, 21.33130199104834]], [[-100.87431118002573, 21.33133709026924], [-100.87430206033955, 21.33130199104834]], [[-100.87430206033955, 21.33130199104834], [-100.8742645987802, 21.331310535638377]], [[-100.87427371845833, 21.331345634861894], [-100.8742645987802, 21.331310535638377]], [[-100.8742645987802, 21.331310535638377], [-100.87422713721583, 21.331319080220364]], [[-100.87423625688591, 21.33135417944651], [-100.87422713721583, 21.331319080220364]], [[-100.87422713721583, 21.331319080220364], [-100.87418967564648, 21.331327624794316]], [[-100.8741987953085, 21.331362724023077], [-100.87418967564648, 21.331327624794316]], [[-100.87418967564648, 21.331327624794316], [-100.87415221407211, 21.331336169360217]], [[-100.8741613337261, 21.331371268591596], [-100.87415221407211, 21.331336169360217]], [[-100.87415221407211, 21.331336169360217], [-100.87411475249276, 21.331344713918075]], [[-100.87412387213868, 21.33137981315207], [-100.87411475249276, 21.331344713918075]], [[-100.87411475249276, 21.331344713918075], [-100.8740772909084, 21.33135325846789]], [[-100.87408641054627, 21.3313883577045], [-100.8740772909084, 21.33135325846789]], [[-100.8740772909084, 21.33135325846789], [-100.87403982931903, 21.331361803009656]], [[-100.87404894894887, 21.331396902248887], [-100.87403982931903, 21.331361803009656]], [[-100.87403982931903, 21.331361803009656], [-100.87400236772469, 21.331370347543388]], [[-100.87401148734646, 21.331405446785226], [-100.87400236772469, 21.331370347543388]], [[-100.87400236772469, 21.331370347543388], [-100.87396490612532, 21.33137889206907]], [[-100.87397402573906, 21.33141399131352], [-100.87396490612532, 21.33137889206907]], [[-100.87396490612532, 21.33137889206907], [-100.87392744452097, 21.331387436586695]], [[-100.87393656412665, 21.331422535833774], [-100.87392744452097, 21.331387436586695]], [[-100.87392744452097, 21.331387436586695], [-100.8738899829116, 21.331395981096286]], [[-100.87389910250923, 21.33143108034598], [-100.8738899829116, 21.331395981096286]], [[-100.8738899829116, 21.331395981096286], [-100.87385252129725, 21.33140452559783]], [[-100.87386164088683, 21.33143962485014], [-100.87385252129725, 21.33140452559783]], [[-100.87385252129725, 21.33140452559783], [-100.87381505967788, 21.331413070091322]], [[-100.87382417925943, 21.331448169346253], [-100.87381505967788, 21.331413070091322]], [[-100.87381505967788, 21.331413070091322], [-100.87377759805354, 21.331421614576783]], [[-100.87378671762701, 21.331456713834324], [-100.87377759805354, 21.331421614576783]], [[-100.87377759805354, 21.331421614576783], [-100.87374013642417, 21.331430159054193]], [[-100.87374925598961, 21.33146525831435], [-100.87374013642417, 21.331430159054193]], [[-100.87374013642417, 21.331430159054193], [-100.87370267478983, 21.331438703523556]], [[-100.8737117943472, 21.33147380278633], [-100.87370267478983, 21.331438703523556]], [[-100.87370267478983, 21.331438703523556], [-100.87366521315046, 21.331447247984872]], [[-100.87367433269979, 21.33148234725027], [-100.87366521315046, 21.331447247984872]], [[-100.87366521315046, 21.331447247984872], [-100.8736277515061, 21.331455792438142]], [[-100.8736368710474, 21.331490891706157], [-100.8736277515061, 21.331455792438142]], [[-100.8736277515061, 21.331455792438142], [-100.87359028985674, 21.331464336883375]], [[-100.87359940938998, 21.331499436153997], [-100.87359028985674, 21.331464336883375]], [[-100.87359028985674, 21.331464336883375], [-100.87355282820239, 21.331472881320558]], [[-100.87356194772758, 21.331507980593802], [-100.87355282820239, 21.331472881320558]], [[-100.87355282820239, 21.331472881320558], [-100.87351536654303, 21.331481425749697]], [[-100.87352448606018, 21.331516525025556], [-100.87351536654303, 21.331481425749697]], [[-100.87351536654303, 21.331481425749697], [-100.87347790487868, 21.33148997017079]], [[-100.87348702438776, 21.331525069449263], [-100.87347790487868, 21.33148997017079]], [[-100.87347790487868, 21.33148997017079], [-100.87344044320932, 21.331498514583835]], [[-100.87344956271036, 21.331533613864927], [-100.87344044320932, 21.331498514583835]], [[-100.87344044320932, 21.331498514583835], [-100.87340298153497, 21.33150705898884]], [[-100.87341210102795, 21.331542158272544], [-100.87340298153497, 21.33150705898884]], [[-100.87340298153497, 21.33150705898884], [-100.8733655198556, 21.331515603385796]], [[-100.87337463934055, 21.33155070267212], [-100.8733655198556, 21.331515603385796]], [[-100.8733655198556, 21.331515603385796], [-100.87332805817125, 21.33152414777471]], [[-100.87333717764815, 21.33155924706365], [-100.87332805817125, 21.33152414777471]], [[-100.87332805817125, 21.33152414777471], [-100.8732905964819, 21.331532692155577]], [[-100.87329971595074, 21.33156779144714], [-100.8732905964819, 21.331532692155577]], [[-100.8732905964819, 21.331532692155577], [-100.87325313478755, 21.331541236528395]], [[-100.87326225424833, 21.33157633582257], [-100.87325313478755, 21.331541236528395]], [[-100.87639989968305, 21.330823481166835], [-100.87639077955114, 21.33078838209154]], [[-100.87639077955114, 21.33078838209154], [-100.87635331827987, 21.330796927129466]], [[-100.87636243840373, 21.330832026207375], [-100.87635331827987, 21.330796927129466]], [[-100.87635331827987, 21.330796927129466], [-100.87631585700358, 21.330805472159334]], [[-100.8763249771194, 21.330840571239865], [-100.87631585700358, 21.330805472159334]], [[-100.87631585700358, 21.330805472159334], [-100.8762783957223, 21.330814017181165]], [[-100.87628751583006, 21.33084911626431], [-100.8762783957223, 21.330814017181165]], [[-100.8762783957223, 21.330814017181165], [-100.87624093443601, 21.330822562194946]], [[-100.87625005453573, 21.33085766128071], [-100.87624093443601, 21.330822562194946]], [[-100.87624093443601, 21.330822562194946], [-100.87620347314473, 21.330831107200687]], [[-100.87621259323639, 21.33086620628907], [-100.87620347314473, 21.330831107200687]], [[-100.87620347314473, 21.330831107200687], [-100.87616601184844, 21.330839652198392]], [[-100.87617513193206, 21.330874751289386], [-100.87616601184844, 21.330839652198392]], [[-100.87616601184844, 21.330839652198392], [-100.87612855054715, 21.33084819718804]], [[-100.87613767062271, 21.33088329628166], [-100.87612855054715, 21.33084819718804]], [[-100.87612855054715, 21.33084819718804], [-100.87609108924087, 21.33085674216965]], [[-100.87610020930838, 21.330891841265885], [-100.87609108924087, 21.33085674216965]], [[-100.87609108924087, 21.33085674216965], [-100.87605362792956, 21.330865287143208]], [[-100.87606274798904, 21.330900386242064], [-100.87605362792956, 21.330865287143208]], [[-100.87605362792956, 21.330865287143208], [-100.87601616661328, 21.330873832108733]], [[-100.87602528666471, 21.3309089312102], [-100.87601616661328, 21.330873832108733]], [[-100.87601616661328, 21.330873832108733], [-100.875978705292, 21.330882377066207]], [[-100.87598782533536, 21.330917476170292], [-100.875978705292, 21.330882377066207]], [[-100.875978705292, 21.330882377066207], [-100.87594124396571, 21.330890922015634]], [[-100.87595036400103, 21.33092602112234], [-100.87594124396571, 21.330890922015634]], [[-100.87594124396571, 21.330890922015634], [-100.87590378263441, 21.33089946695702]], [[-100.87591290266168, 21.330934566066343], [-100.87590378263441, 21.33089946695702]], [[-100.87590378263441, 21.33089946695702], [-100.87586632129812, 21.33090801189036]], [[-100.87587544131733, 21.330943111002302], [-100.87586632129812, 21.33090801189036]], [[-100.87586632129812, 21.33090801189036], [-100.87582885995683, 21.330916556815666]], [[-100.87583797996801, 21.330951655930225], [-100.87582885995683, 21.330916556815666]], [[-100.87582885995683, 21.330916556815666], [-100.87579139861053, 21.330925101732916]], [[-100.87580051861366, 21.330960200850093], [-100.87579139861053, 21.330925101732916]], [[-100.87579139861053, 21.330925101732916], [-100.87575393725923, 21.330933646642123]], [[-100.8757630572543, 21.330968745761915], [-100.87575393725923, 21.330933646642123]], [[-100.87575393725923, 21.330933646642123], [-100.87571647590293, 21.33094219154329]], [[-100.87572559588997, 21.330977290665697], [-100.87571647590293, 21.33094219154329]], [[-100.87571647590293, 21.33094219154329], [-100.87567901454165, 21.330950736436407]], [[-100.87568813452063, 21.33098583556143], [-100.87567901454165, 21.330950736436407]], [[-100.87567901454165, 21.330950736436407], [-100.87564155317534, 21.330959281321483]], [[-100.87565067314628, 21.330994380449127], [-100.87564155317534, 21.330959281321483]], [[-100.87564155317534, 21.330959281321483], [-100.87560409180405, 21.33096782619851]], [[-100.87561321176693, 21.33100292532877], [-100.87560409180405, 21.33096782619851]], [[-100.87560409180405, 21.33096782619851], [-100.87556663042776, 21.3309763710675]], [[-100.87557575038258, 21.331011470200377], [-100.87556663042776, 21.3309763710675]], [[-100.87556663042776, 21.3309763710675], [-100.87552916904644, 21.330984915928443]], [[-100.87553828899324, 21.331020015063938], [-100.87552916904644, 21.330984915928443]], [[-100.87552916904644, 21.330984915928443], [-100.87549170766015, 21.330993460781343]], [[-100.8755008275989, 21.331028559919446], [-100.87549170766015, 21.330993460781343]], [[-100.87549170766015, 21.330993460781343], [-100.87545424626884, 21.33100200562619]], [[-100.87546336619954, 21.331037104766924], [-100.87545424626884, 21.33100200562619]], [[-100.87545424626884, 21.33100200562619], [-100.87541678487256, 21.331010550463]], [[-100.8754259047952, 21.331045649606352], [-100.87541678487256, 21.331010550463]], [[-100.87541678487256, 21.331010550463], [-100.87537932347125, 21.33101909529176]], [[-100.87538844338584, 21.331054194437726], [-100.87537932347125, 21.33101909529176]], [[-100.87537932347125, 21.33101909529176], [-100.87534186206496, 21.33102764011248]], [[-100.8753509819715, 21.331062739261064], [-100.87534186206496, 21.33102764011248]], [[-100.87534186206496, 21.33102764011248], [-100.87530440065365, 21.331036184925154]], [[-100.87531352055214, 21.331071284076355], [-100.87530440065365, 21.331036184925154]], [[-100.87530440065365, 21.331036184925154], [-100.87526693923735, 21.33104472972979]], [[-100.87527605912778, 21.331079828883603], [-100.87526693923735, 21.33104472972979]], [[-100.87526693923735, 21.33104472972979], [-100.87522947781603, 21.33105327452637]], [[-100.87523859769844, 21.331088373682803], [-100.87522947781603, 21.33105327452637]], [[-100.87522947781603, 21.33105327452637], [-100.87519201638973, 21.33106181931491]], [[-100.87520113626408, 21.331096918473957], [-100.87519201638973, 21.33106181931491]], [[-100.87519201638973, 21.33106181931491], [-100.87515455495843, 21.331070364095407]], [[-100.87516367482473, 21.331105463257074], [-100.87515455495843, 21.331070364095407]], [[-100.87515455495843, 21.331070364095407], [-100.87511709352212, 21.33107890886786]], [[-100.87512621338038, 21.331114008032145], [-100.87511709352212, 21.33107890886786]], [[-100.87511709352212, 21.33107890886786], [-100.87507963208083, 21.331087453632268]], [[-100.87508875193103, 21.331122552799165], [-100.87507963208083, 21.331087453632268]], [[-100.87507963208083, 21.331087453632268], [-100.87504217063452, 21.331095998388626]], [[-100.87505129047668, 21.331131097558142], [-100.87504217063452, 21.331095998388626]], [[-100.87504217063452, 21.331095998388626], [-100.87500470918322, 21.33110454313694]], [[-100.87501382901732, 21.33113964230908], [-100.87500470918322, 21.33110454313694]], [[-100.87500470918322, 21.33110454313694], [-100.87496724772691, 21.331113087877213]], [[-100.87497636755297, 21.331148187051966], [-100.87496724772691, 21.331113087877213]], [[-100.87496724772691, 21.331113087877213], [-100.87492978626561, 21.33112163260945]], [[-100.87493890608361, 21.331156731786816], [-100.87492978626561, 21.33112163260945]], [[-100.87492978626561, 21.33112163260945], [-100.8748923247993, 21.33113017733363]], [[-100.87490144460925, 21.331165276513616], [-100.8748923247993, 21.33113017733363]], [[-100.8748923247993, 21.33113017733363], [-100.874854863328, 21.331138722049772]], [[-100.8748639831299, 21.331173821232372], [-100.874854863328, 21.331138722049772]], [[-100.874854863328, 21.331138722049772], [-100.87481740185169, 21.33114726675786]], [[-100.87482652164555, 21.331182365943082], [-100.87481740185169, 21.33114726675786]], [[-100.87481740185169, 21.33114726675786], [-100.87477994037039, 21.33115581145791]], [[-100.87478906015619, 21.331190910645752], [-100.87477994037039, 21.33115581145791]], [[-100.87477994037039, 21.33115581145791], [-100.87474247888407, 21.331164356149916]], [[-100.87475159866183, 21.33119945534037], [-100.87474247888407, 21.331164356149916]], [[-100.87474247888407, 21.331164356149916], [-100.87470501739276, 21.331172900833874]], [[-100.87471413716247, 21.331208000026948], [-100.87470501739276, 21.331172900833874]], [[-100.87470501739276, 21.331172900833874], [-100.87466755589647, 21.331181445509788]], [[-100.87467667565812, 21.331216544705477], [-100.87466755589647, 21.331181445509788]], [[-100.87466755589647, 21.331181445509788], [-100.87463009439514, 21.33118999017766]], [[-100.87463921414876, 21.331225089375966], [-100.87463009439514, 21.33118999017766]], [[-100.87463009439514, 21.33118999017766], [-100.87459263288885, 21.331198534837487]], [[-100.8746017526344, 21.33123363403841], [-100.87459263288885, 21.331198534837487]], [[-100.87459263288885, 21.331198534837487], [-100.87455517137752, 21.331207079489268]], [[-100.87456429111505, 21.331242178692808], [-100.87455517137752, 21.331207079489268]], [[-100.87455517137752, 21.331207079489268], [-100.87451770986122, 21.331215624133]], [[-100.87452682959069, 21.33125072333916], [-100.87451770986122, 21.331215624133]], [[-100.87451770986122, 21.331215624133], [-100.8744802483399, 21.33122416876869]], [[-100.87448936806133, 21.331259267977465], [-100.8744802483399, 21.33122416876869]], [[-100.8744802483399, 21.33122416876869], [-100.87444278681362, 21.33123271339634]], [[-100.87445190652697, 21.331267812607727], [-100.87444278681362, 21.33123271339634]], [[-100.87444278681362, 21.33123271339634], [-100.8744053252823, 21.33124125801594]], [[-100.87441444498762, 21.33127635722995], [-100.8744053252823, 21.33124125801594]], [[-100.8744053252823, 21.33124125801594], [-100.874367863746, 21.331249802627497]], [[-100.87437698344327, 21.33128490184412], [-100.874367863746, 21.331249802627497]], [[-100.874367863746, 21.331249802627497], [-100.87433040220468, 21.33125834723101]], [[-100.8743395218939, 21.33129344645025], [-100.87433040220468, 21.33125834723101]], [[-100.87433040220468, 21.33125834723101], [-100.87429294065836, 21.331266891826473]], [[-100.87430206033955, 21.33130199104834], [-100.87429294065836, 21.331266891826473]], [[-100.87429294065836, 21.331266891826473], [-100.87425547910706, 21.3312754364139]], [[-100.8742645987802, 21.331310535638377], [-100.87425547910706, 21.3312754364139]], [[-100.87425547910706, 21.3312754364139], [-100.87421801755076, 21.331283980993273]], [[-100.87422713721583, 21.331319080220364], [-100.87421801755076, 21.331283980993273]], [[-100.87421801755076, 21.331283980993273], [-100.87418055598944, 21.3312925255646]], [[-100.87418967564648, 21.331327624794316], [-100.87418055598944, 21.3312925255646]], [[-100.87418055598944, 21.3312925255646], [-100.87414309442315, 21.33130107012789]], [[-100.87415221407211, 21.331336169360217], [-100.87414309442315, 21.33130107012789]], [[-100.87414309442315, 21.33130107012789], [-100.87410563285184, 21.331309614683132]], [[-100.87411475249276, 21.331344713918075], [-100.87410563285184, 21.331309614683132]], [[-100.87410563285184, 21.331309614683132], [-100.87406817127551, 21.331318159230335]], [[-100.8740772909084, 21.33135325846789], [-100.87406817127551, 21.331318159230335]], [[-100.87406817127551, 21.331318159230335], [-100.87403070969421, 21.331326703769484]], [[-100.87403982931903, 21.331361803009656], [-100.87403070969421, 21.331326703769484]], [[-100.87403070969421, 21.331326703769484], [-100.8739932481079, 21.331335248300586]], [[-100.87400236772469, 21.331370347543388], [-100.8739932481079, 21.331335248300586]], [[-100.8739932481079, 21.331335248300586], [-100.87395578651659, 21.33134379282365]], [[-100.87396490612532, 21.33137889206907], [-100.87395578651659, 21.33134379282365]], [[-100.87395578651659, 21.33134379282365], [-100.87391832492028, 21.331352337338675]], [[-100.87392744452097, 21.331387436586695], [-100.87391832492028, 21.331352337338675]], [[-100.87391832492028, 21.331352337338675], [-100.87388086331897, 21.33136088184564]], [[-100.8738899829116, 21.331395981096286], [-100.87388086331897, 21.33136088184564]], [[-100.87388086331897, 21.33136088184564], [-100.87384340171266, 21.331369426344565]], [[-100.87385252129725, 21.33140452559783], [-100.87384340171266, 21.331369426344565]], [[-100.87384340171266, 21.331369426344565], [-100.87380594010136, 21.331377970835447]], [[-100.87381505967788, 21.331413070091322], [-100.87380594010136, 21.331377970835447]], [[-100.87380594010136, 21.331377970835447], [-100.87376847848505, 21.33138651531828]], [[-100.87377759805354, 21.331421614576783], [-100.87376847848505, 21.33138651531828]], [[-100.87376847848505, 21.33138651531828], [-100.87373101686374, 21.33139505979308]], [[-100.87374013642417, 21.331430159054193], [-100.87373101686374, 21.33139505979308]], [[-100.87373101686374, 21.33139505979308], [-100.87369355523742, 21.331403604259823]], [[-100.87370267478983, 21.331438703523556], [-100.87369355523742, 21.331403604259823]], [[-100.87369355523742, 21.331403604259823], [-100.87365609360612, 21.331412148718528]], [[-100.87366521315046, 21.331447247984872], [-100.87365609360612, 21.331412148718528]], [[-100.87365609360612, 21.331412148718528], [-100.87361863196982, 21.331420693169186]], [[-100.8736277515061, 21.331455792438142], [-100.87361863196982, 21.331420693169186]], [[-100.87361863196982, 21.331420693169186], [-100.8735811703285, 21.3314292376118]], [[-100.87359028985674, 21.331464336883375], [-100.8735811703285, 21.3314292376118]], [[-100.8735811703285, 21.3314292376118], [-100.8735437086822, 21.33143778204636]], [[-100.87355282820239, 21.331472881320558], [-100.8735437086822, 21.33143778204636]], [[-100.8735437086822, 21.33143778204636], [-100.87350624703089, 21.331446326472882]], [[-100.87351536654303, 21.331481425749697], [-100.87350624703089, 21.331446326472882]], [[-100.87350624703089, 21.331446326472882], [-100.87346878537458, 21.331454870891356]], [[-100.87347790487868, 21.33148997017079], [-100.87346878537458, 21.331454870891356]], [[-100.87346878537458, 21.331454870891356], [-100.87343132371328, 21.33146341530179]], [[-100.87344044320932, 21.331498514583835], [-100.87343132371328, 21.33146341530179]], [[-100.87343132371328, 21.33146341530179], [-100.87339386204697, 21.331471959704178]], [[-100.87340298153497, 21.33150705898884], [-100.87339386204697, 21.331471959704178]], [[-100.87339386204697, 21.331471959704178], [-100.87335640037567, 21.33148050409852]], [[-100.8733655198556, 21.331515603385796], [-100.87335640037567, 21.33148050409852]], [[-100.87335640037567, 21.33148050409852], [-100.87331893869936, 21.331489048484816]], [[-100.87332805817125, 21.33152414777471], [-100.87331893869936, 21.331489048484816]], [[-100.87331893869936, 21.331489048484816], [-100.87328147701804, 21.331497592863062]], [[-100.8732905964819, 21.331532692155577], [-100.87328147701804, 21.331497592863062]], [[-100.87328147701804, 21.331497592863062], [-100.87324401533175, 21.331506137233262]], [[-100.87325313478755, 21.331541236528395], [-100.87324401533175, 21.331506137233262]], [[-100.87642824081743, 21.330779837045576], [-100.87639077955114, 21.33078838209154]], [[-100.87642824081743, 21.330779837045576], [-100.87641912068248, 21.330744737971948]], [[-100.87641912068248, 21.330744737971948], [-100.87638165942425, 21.330753283015298]], [[-100.87639077955114, 21.33078838209154], [-100.87638165942425, 21.330753283015298]], [[-100.87638165942425, 21.330753283015298], [-100.87634419816102, 21.330761828050594]], [[-100.87635331827987, 21.330796927129466], [-100.87634419816102, 21.330761828050594]], [[-100.87634419816102, 21.330761828050594], [-100.87630673689279, 21.330770373077847]], [[-100.87631585700358, 21.330805472159334], [-100.87630673689279, 21.330770373077847]], [[-100.87630673689279, 21.330770373077847], [-100.87626927561955, 21.330778918097064]], [[-100.8762783957223, 21.330814017181165], [-100.87626927561955, 21.330778918097064]], [[-100.87626927561955, 21.330778918097064], [-100.87623181434131, 21.33078746310823]], [[-100.87624093443601, 21.330822562194946], [-100.87623181434131, 21.33078746310823]], [[-100.87623181434131, 21.33078746310823], [-100.87619435305807, 21.33079600811136]], [[-100.87620347314473, 21.330831107200687], [-100.87619435305807, 21.33079600811136]], [[-100.87619435305807, 21.33079600811136], [-100.87615689176982, 21.330804553106436]], [[-100.87616601184844, 21.330839652198392], [-100.87615689176982, 21.330804553106436]], [[-100.87615689176982, 21.330804553106436], [-100.87611943047659, 21.33081309809347]], [[-100.87612855054715, 21.33084819718804], [-100.87611943047659, 21.33081309809347]], [[-100.87611943047659, 21.33081309809347], [-100.87608196917836, 21.330821643072458]], [[-100.87609108924087, 21.33085674216965], [-100.87608196917836, 21.330821643072458]], [[-100.87608196917836, 21.330821643072458], [-100.87604450787511, 21.330830188043404]], [[-100.87605362792956, 21.330865287143208], [-100.87604450787511, 21.330830188043404]], [[-100.87604450787511, 21.330830188043404], [-100.87600704656687, 21.330838733006306]], [[-100.87601616661328, 21.330873832108733], [-100.87600704656687, 21.330838733006306]], [[-100.87600704656687, 21.330838733006306], [-100.87596958525363, 21.330847277961166]], [[-100.875978705292, 21.330882377066207], [-100.87596958525363, 21.330847277961166]], [[-100.87596958525363, 21.330847277961166], [-100.87593212393539, 21.330855822907978]], [[-100.87594124396571, 21.330890922015634], [-100.87593212393539, 21.330855822907978]], [[-100.87593212393539, 21.330855822907978], [-100.87589466261214, 21.33086436784675]], [[-100.87590378263441, 21.33089946695702], [-100.87589466261214, 21.33086436784675]], [[-100.87589466261214, 21.33086436784675], [-100.87585720128389, 21.33087291277747]], [[-100.87586632129812, 21.33090801189036], [-100.87585720128389, 21.33087291277747]], [[-100.87585720128389, 21.33087291277747], [-100.87581973995064, 21.33088145770016]], [[-100.87582885995683, 21.330916556815666], [-100.87581973995064, 21.33088145770016]], [[-100.87581973995064, 21.33088145770016], [-100.8757822786124, 21.33089000261479]], [[-100.87579139861053, 21.330925101732916], [-100.8757822786124, 21.33089000261479]], [[-100.8757822786124, 21.33089000261479], [-100.87574481726917, 21.33089854752138]], [[-100.87575393725923, 21.330933646642123], [-100.87574481726917, 21.33089854752138]], [[-100.87574481726917, 21.33089854752138], [-100.87570735592091, 21.330907092419928]], [[-100.87571647590293, 21.33094219154329], [-100.87570735592091, 21.330907092419928]], [[-100.87570735592091, 21.330907092419928], [-100.87566989456766, 21.330915637310433]], [[-100.87567901454165, 21.330950736436407], [-100.87566989456766, 21.330915637310433]], [[-100.87566989456766, 21.330915637310433], [-100.87563243320942, 21.330924182192884]], [[-100.87564155317534, 21.330959281321483], [-100.87563243320942, 21.330924182192884]], [[-100.87563243320942, 21.330924182192884], [-100.87559497184616, 21.3309327270673]], [[-100.87560409180405, 21.33096782619851], [-100.87559497184616, 21.3309327270673]], [[-100.87559497184616, 21.3309327270673], [-100.87555751047792, 21.330941271933668]], [[-100.87556663042776, 21.3309763710675], [-100.87555751047792, 21.330941271933668]], [[-100.87555751047792, 21.330941271933668], [-100.87552004910467, 21.33094981679199]], [[-100.87552916904644, 21.330984915928443], [-100.87552004910467, 21.33094981679199]], [[-100.87552004910467, 21.33094981679199], [-100.87548258772641, 21.33095836164227]], [[-100.87549170766015, 21.330993460781343], [-100.87548258772641, 21.33095836164227]], [[-100.87548258772641, 21.33095836164227], [-100.87544512634317, 21.330966906484505]], [[-100.87545424626884, 21.33100200562619], [-100.87544512634317, 21.330966906484505]], [[-100.87544512634317, 21.330966906484505], [-100.8754076649549, 21.3309754513187]], [[-100.87541678487256, 21.331010550463], [-100.8754076649549, 21.3309754513187]], [[-100.8754076649549, 21.3309754513187], [-100.87537020356166, 21.33098399614484]], [[-100.87537932347125, 21.33101909529176], [-100.87537020356166, 21.33098399614484]], [[-100.87537020356166, 21.33098399614484], [-100.87533274216341, 21.330992540962942]], [[-100.87534186206496, 21.33102764011248], [-100.87533274216341, 21.330992540962942]], [[-100.87533274216341, 21.330992540962942], [-100.87529528076016, 21.331001085773007]], [[-100.87530440065365, 21.331036184925154], [-100.87529528076016, 21.331001085773007]], [[-100.87529528076016, 21.331001085773007], [-100.8752578193519, 21.331009630575018]], [[-100.87526693923735, 21.33104472972979], [-100.8752578193519, 21.331009630575018]], [[-100.8752578193519, 21.331009630575018], [-100.87522035793864, 21.331018175368982]], [[-100.87522947781603, 21.33105327452637], [-100.87522035793864, 21.331018175368982]], [[-100.87522035793864, 21.331018175368982], [-100.8751828965204, 21.33102672015491]], [[-100.87519201638973, 21.33106181931491], [-100.8751828965204, 21.33102672015491]], [[-100.8751828965204, 21.33102672015491], [-100.87514543509712, 21.331035264932787]], [[-100.87515455495843, 21.331070364095407], [-100.87514543509712, 21.331035264932787]], [[-100.87514543509712, 21.331035264932787], [-100.87510797366888, 21.33104380970262]], [[-100.87511709352212, 21.33107890886786], [-100.87510797366888, 21.33104380970262]], [[-100.87510797366888, 21.33104380970262], [-100.87507051223562, 21.331052354464404]], [[-100.87507963208083, 21.331087453632268], [-100.87507051223562, 21.331052354464404]], [[-100.87507051223562, 21.331052354464404], [-100.87503305079737, 21.33106089921816]], [[-100.87504217063452, 21.331095998388626], [-100.87503305079737, 21.33106089921816]], [[-100.87503305079737, 21.33106089921816], [-100.87499558935411, 21.33106944396385]], [[-100.87500470918322, 21.33110454313694], [-100.87499558935411, 21.33106944396385]], [[-100.87499558935411, 21.33106944396385], [-100.87495812790587, 21.331077988701512]], [[-100.87496724772691, 21.331113087877213], [-100.87495812790587, 21.331077988701512]], [[-100.87495812790587, 21.331077988701512], [-100.8749206664526, 21.33108653343112]], [[-100.87492978626561, 21.33112163260945], [-100.8749206664526, 21.33108653343112]], [[-100.8749206664526, 21.33108653343112], [-100.87488320499433, 21.33109507815269]], [[-100.8748923247993, 21.33113017733363], [-100.87488320499433, 21.33109507815269]], [[-100.87488320499433, 21.33109507815269], [-100.87484574353108, 21.331103622866205]], [[-100.874854863328, 21.331138722049772], [-100.87484574353108, 21.331103622866205]], [[-100.87484574353108, 21.331103622866205], [-100.87480828206283, 21.33111216757169]], [[-100.87481740185169, 21.33114726675786], [-100.87480828206283, 21.33111216757169]], [[-100.87480828206283, 21.33111216757169], [-100.87477082058957, 21.33112071226912]], [[-100.87477994037039, 21.33115581145791], [-100.87477082058957, 21.33112071226912]], [[-100.87477082058957, 21.33112071226912], [-100.87473335911132, 21.3311292569585]], [[-100.87474247888407, 21.331164356149916], [-100.87473335911132, 21.3311292569585]], [[-100.87473335911132, 21.3311292569585], [-100.87469589762804, 21.331137801639848]], [[-100.87470501739276, 21.331172900833874], [-100.87469589762804, 21.331137801639848]], [[-100.87469589762804, 21.331137801639848], [-100.8746584361398, 21.331146346313144]], [[-100.87466755589647, 21.331181445509788], [-100.8746584361398, 21.331146346313144]], [[-100.8746584361398, 21.331146346313144], [-100.87462097464653, 21.3311548909784]], [[-100.87463009439514, 21.33118999017766], [-100.87462097464653, 21.3311548909784]], [[-100.87462097464653, 21.3311548909784], [-100.87458351314828, 21.331163435635617]], [[-100.87459263288885, 21.331198534837487], [-100.87458351314828, 21.331163435635617]], [[-100.87458351314828, 21.331163435635617], [-100.87454605164501, 21.33117198028477]], [[-100.87455517137752, 21.331207079489268], [-100.87454605164501, 21.33117198028477]], [[-100.87454605164501, 21.33117198028477], [-100.87450859013676, 21.331180524925887]], [[-100.87451770986122, 21.331215624133], [-100.87450859013676, 21.331180524925887]], [[-100.87450859013676, 21.331180524925887], [-100.8744711286235, 21.33118906955896]], [[-100.8744802483399, 21.33122416876869], [-100.8744711286235, 21.33118906955896]], [[-100.8744711286235, 21.33118906955896], [-100.87443366710524, 21.331197614183992]], [[-100.87444278681362, 21.33123271339634], [-100.87443366710524, 21.331197614183992]], [[-100.87443366710524, 21.331197614183992], [-100.87439620558199, 21.331206158800974]], [[-100.8744053252823, 21.33124125801594], [-100.87439620558199, 21.331206158800974]], [[-100.87439620558199, 21.331206158800974], [-100.87435874405372, 21.33121470340992]], [[-100.874367863746, 21.331249802627497], [-100.87435874405372, 21.33121470340992]], [[-100.87435874405372, 21.33121470340992], [-100.87432128252047, 21.331223248010808]], [[-100.87433040220468, 21.33125834723101], [-100.87432128252047, 21.331223248010808]], [[-100.87432128252047, 21.331223248010808], [-100.8742838209822, 21.331231792603663]], [[-100.87429294065836, 21.331266891826473], [-100.8742838209822, 21.331231792603663]], [[-100.8742838209822, 21.331231792603663], [-100.87424635943894, 21.331240337188465]], [[-100.87425547910706, 21.3312754364139], [-100.87424635943894, 21.331240337188465]], [[-100.87424635943894, 21.331240337188465], [-100.87420889789068, 21.331248881765227]], [[-100.87421801755076, 21.331283980993273], [-100.87420889789068, 21.331248881765227]], [[-100.87420889789068, 21.331248881765227], [-100.87417143633742, 21.331257426333938]], [[-100.87418055598944, 21.3312925255646], [-100.87417143633742, 21.331257426333938]], [[-100.87417143633742, 21.331257426333938], [-100.87413397477917, 21.33126597089461]], [[-100.87414309442315, 21.33130107012789], [-100.87413397477917, 21.33126597089461]], [[-100.87413397477917, 21.33126597089461], [-100.8740965132159, 21.331274515447237]], [[-100.87410563285184, 21.331309614683132], [-100.8740965132159, 21.331274515447237]], [[-100.8740965132159, 21.331274515447237], [-100.87405905164763, 21.33128305999182]], [[-100.87406817127551, 21.331318159230335], [-100.87405905164763, 21.33128305999182]], [[-100.87405905164763, 21.33128305999182], [-100.87402159007438, 21.33129160452835]], [[-100.87403070969421, 21.331326703769484], [-100.87402159007438, 21.33129160452835]], [[-100.87402159007438, 21.33129160452835], [-100.87398412849612, 21.33130014905684]], [[-100.8739932481079, 21.331335248300586], [-100.87398412849612, 21.33130014905684]], [[-100.87398412849612, 21.33130014905684], [-100.87394666691286, 21.331308693577284]], [[-100.87395578651659, 21.33134379282365], [-100.87394666691286, 21.331308693577284]], [[-100.87394666691286, 21.331308693577284], [-100.8739092053246, 21.33131723808969]], [[-100.87391832492028, 21.331352337338675], [-100.8739092053246, 21.33131723808969]], [[-100.8739092053246, 21.33131723808969], [-100.87387174373134, 21.331325782594043]], [[-100.87388086331897, 21.33136088184564], [-100.87387174373134, 21.331325782594043]], [[-100.87387174373134, 21.331325782594043], [-100.87383428213307, 21.33133432709035]], [[-100.87384340171266, 21.331369426344565], [-100.87383428213307, 21.33133432709035]], [[-100.87383428213307, 21.33133432709035], [-100.87379682052982, 21.331342871578613]], [[-100.87380594010136, 21.331377970835447], [-100.87379682052982, 21.331342871578613]], [[-100.87379682052982, 21.331342871578613], [-100.87375935892156, 21.331351416058837]], [[-100.87376847848505, 21.33138651531828], [-100.87375935892156, 21.331351416058837]], [[-100.87375935892156, 21.331351416058837], [-100.8737218973083, 21.331359960531017]], [[-100.87373101686374, 21.33139505979308], [-100.8737218973083, 21.331359960531017]], [[-100.8737218973083, 21.331359960531017], [-100.87368443569004, 21.331368504995144]], [[-100.87369355523742, 21.331403604259823], [-100.87368443569004, 21.331368504995144]], [[-100.87368443569004, 21.331368504995144], [-100.87364697406677, 21.331377049451223]], [[-100.87365609360612, 21.331412148718528], [-100.87364697406677, 21.331377049451223]], [[-100.87364697406677, 21.331377049451223], [-100.87360951243852, 21.331385593899267]], [[-100.87361863196982, 21.331420693169186], [-100.87360951243852, 21.331385593899267]], [[-100.87360951243852, 21.331385593899267], [-100.87357205080527, 21.331394138339267]], [[-100.8735811703285, 21.3314292376118], [-100.87357205080527, 21.331394138339267]], [[-100.87357205080527, 21.331394138339267], [-100.87353458916701, 21.331402682771213]], [[-100.8735437086822, 21.33143778204636], [-100.87353458916701, 21.331402682771213]], [[-100.87353458916701, 21.331402682771213], [-100.87349712752375, 21.331411227195115]], [[-100.87350624703089, 21.331446326472882], [-100.87349712752375, 21.331411227195115]], [[-100.87349712752375, 21.331411227195115], [-100.8734596658755, 21.331419771610978]], [[-100.87346878537458, 21.331454870891356], [-100.8734596658755, 21.331419771610978]], [[-100.8734596658755, 21.331419771610978], [-100.87342220422224, 21.33142831601879]], [[-100.87343132371328, 21.33146341530179], [-100.87342220422224, 21.33142831601879]], [[-100.87342220422224, 21.33142831601879], [-100.87338474256399, 21.33143686041857]], [[-100.87339386204697, 21.331471959704178], [-100.87338474256399, 21.33143686041857]], [[-100.87338474256399, 21.33143686041857], [-100.87334728090073, 21.331445404810285]], [[-100.87335640037567, 21.33148050409852], [-100.87334728090073, 21.331445404810285]], [[-100.87334728090073, 21.331445404810285], [-100.87330981923247, 21.331453949193968]], [[-100.87331893869936, 21.331489048484816], [-100.87330981923247, 21.331453949193968]], [[-100.87330981923247, 21.331453949193968], [-100.8732723575592, 21.3314624935696]], [[-100.87328147701804, 21.331497592863062], [-100.8732723575592, 21.3314624935696]], [[-100.8732723575592, 21.3314624935696], [-100.87323489588094, 21.331471037937188]], [[-100.87324401533175, 21.331506137233262], [-100.87323489588094, 21.331471037937188]], [[-100.87641912068248, 21.330744737971948], [-100.87641000055254, 21.330709638897368]], [[-100.87641000055254, 21.330709638897368], [-100.87637253930235, 21.3307181839381]], [[-100.87638165942425, 21.330753283015298], [-100.87637253930235, 21.3307181839381]], [[-100.87637253930235, 21.3307181839381], [-100.87633507804716, 21.330726728970777]], [[-100.87634419816102, 21.330761828050594], [-100.87633507804716, 21.330726728970777]], [[-100.87633507804716, 21.330726728970777], [-100.87629761678699, 21.330735273995415]], [[-100.87630673689279, 21.330770373077847], [-100.87629761678699, 21.330735273995415]], [[-100.87629761678699, 21.330735273995415], [-100.87626015552179, 21.33074381901201]], [[-100.87626927561955, 21.330778918097064], [-100.87626015552179, 21.33074381901201]], [[-100.87626015552179, 21.33074381901201], [-100.8762226942516, 21.33075236402056]], [[-100.87623181434131, 21.33078746310823], [-100.8762226942516, 21.33075236402056]], [[-100.8762226942516, 21.33075236402056], [-100.87618523297641, 21.330760909021073]], [[-100.87619435305807, 21.33079600811136], [-100.87618523297641, 21.330760909021073]], [[-100.87618523297641, 21.330760909021073], [-100.87614777169621, 21.33076945401353]], [[-100.87615689176982, 21.330804553106436], [-100.87614777169621, 21.33076945401353]], [[-100.87614777169621, 21.33076945401353], [-100.87611031041102, 21.33077799899795]], [[-100.87611943047659, 21.33081309809347], [-100.87611031041102, 21.33077799899795]], [[-100.87611031041102, 21.33077799899795], [-100.87607284912083, 21.33078654397432]], [[-100.87608196917836, 21.330821643072458], [-100.87607284912083, 21.33078654397432]], [[-100.87607284912083, 21.33078654397432], [-100.87603538782565, 21.33079508894265]], [[-100.87604450787511, 21.330830188043404], [-100.87603538782565, 21.33079508894265]], [[-100.87603538782565, 21.33079508894265], [-100.87599792652546, 21.33080363390293]], [[-100.87600704656687, 21.330838733006306], [-100.87599792652546, 21.33080363390293]], [[-100.87599792652546, 21.33080363390293], [-100.87596046522026, 21.330812178855172]], [[-100.87596958525363, 21.330847277961166], [-100.87596046522026, 21.330812178855172]], [[-100.87596046522026, 21.330812178855172], [-100.87592300391007, 21.33082072379937]], [[-100.87593212393539, 21.330855822907978], [-100.87592300391007, 21.33082072379937]], [[-100.87592300391007, 21.33082072379937], [-100.87588554259487, 21.330829268735517]], [[-100.87589466261214, 21.33086436784675], [-100.87588554259487, 21.330829268735517]], [[-100.87588554259487, 21.330829268735517], [-100.87584808127468, 21.33083781366363]], [[-100.87585720128389, 21.33087291277747], [-100.87584808127468, 21.33083781366363]], [[-100.87584808127468, 21.33083781366363], [-100.87581061994948, 21.330846358583692]], [[-100.87581973995064, 21.33088145770016], [-100.87581061994948, 21.330846358583692]], [[-100.87581061994948, 21.330846358583692], [-100.87577315861928, 21.33085490349571]], [[-100.8757822786124, 21.33089000261479], [-100.87577315861928, 21.33085490349571]], [[-100.87577315861928, 21.33085490349571], [-100.87573569728407, 21.330863448399683]], [[-100.87574481726917, 21.33089854752138], [-100.87573569728407, 21.330863448399683]], [[-100.87573569728407, 21.330863448399683], [-100.87569823594389, 21.330871993295606]], [[-100.87570735592091, 21.330907092419928], [-100.87569823594389, 21.330871993295606]], [[-100.87569823594389, 21.330871993295606], [-100.87566077459869, 21.330880538183496]], [[-100.87566989456766, 21.330915637310433], [-100.87566077459869, 21.330880538183496]], [[-100.87566077459869, 21.330880538183496], [-100.87562331324848, 21.330889083063333]], [[-100.87563243320942, 21.330924182192884], [-100.87562331324848, 21.330889083063333]], [[-100.87562331324848, 21.330889083063333], [-100.87558585189329, 21.330897627935133]], [[-100.87559497184616, 21.3309327270673], [-100.87558585189329, 21.330897627935133]], [[-100.87558585189329, 21.330897627935133], [-100.87554839053308, 21.330906172798887]], [[-100.87555751047792, 21.330941271933668], [-100.87554839053308, 21.330906172798887]], [[-100.87554839053308, 21.330906172798887], [-100.87551092916789, 21.330914717654597]], [[-100.87552004910467, 21.33094981679199], [-100.87551092916789, 21.330914717654597]], [[-100.87551092916789, 21.330914717654597], [-100.87547346779768, 21.330923262502253]], [[-100.87548258772641, 21.33095836164227], [-100.87547346779768, 21.330923262502253]], [[-100.87547346779768, 21.330923262502253], [-100.87543600642248, 21.33093180734187]], [[-100.87544512634317, 21.330966906484505], [-100.87543600642248, 21.33093180734187]], [[-100.87543600642248, 21.33093180734187], [-100.87539854504227, 21.33094035217345]], [[-100.8754076649549, 21.3309754513187], [-100.87539854504227, 21.33094035217345]], [[-100.87539854504227, 21.33094035217345], [-100.87536108365707, 21.33094889699697]], [[-100.87537020356166, 21.33098399614484], [-100.87536108365707, 21.33094889699697]], [[-100.87536108365707, 21.33094889699697], [-100.87532362226686, 21.330957441812462]], [[-100.87533274216341, 21.330992540962942], [-100.87532362226686, 21.330957441812462]], [[-100.87532362226686, 21.330957441812462], [-100.87528616087167, 21.330965986619894]], [[-100.87529528076016, 21.331001085773007], [-100.87528616087167, 21.330965986619894]], [[-100.87528616087167, 21.330965986619894], [-100.87524869947146, 21.330974531419294]], [[-100.8752578193519, 21.331009630575018], [-100.87524869947146, 21.330974531419294]], [[-100.87524869947146, 21.330974531419294], [-100.87521123806626, 21.330983076210646]], [[-100.87522035793864, 21.331018175368982], [-100.87521123806626, 21.330983076210646]], [[-100.87521123806626, 21.330983076210646], [-100.87517377665604, 21.33099162099395]], [[-100.8751828965204, 21.33102672015491], [-100.87517377665604, 21.33099162099395]], [[-100.87517377665604, 21.33099162099395], [-100.87513631524084, 21.33100016576921]], [[-100.87514543509712, 21.331035264932787], [-100.87513631524084, 21.33100016576921]], [[-100.87513631524084, 21.33100016576921], [-100.87509885382063, 21.331008710536427]], [[-100.87510797366888, 21.33104380970262], [-100.87509885382063, 21.331008710536427]], [[-100.87509885382063, 21.331008710536427], [-100.87506139239542, 21.331017255295603]], [[-100.87507051223562, 21.331052354464404], [-100.87506139239542, 21.331017255295603]], [[-100.87506139239542, 21.331017255295603], [-100.87502393096521, 21.331025800046724]], [[-100.87503305079737, 21.33106089921816], [-100.87502393096521, 21.331025800046724]], [[-100.87502393096521, 21.331025800046724], [-100.87498646953001, 21.331034344789813]], [[-100.87499558935411, 21.33106944396385], [-100.87498646953001, 21.331034344789813]], [[-100.87498646953001, 21.331034344789813], [-100.8749490080898, 21.331042889524852]], [[-100.87495812790587, 21.331077988701512], [-100.8749490080898, 21.331042889524852]], [[-100.8749490080898, 21.331042889524852], [-100.8749115466446, 21.331051434251844]], [[-100.8749206664526, 21.33108653343112], [-100.8749115466446, 21.331051434251844]], [[-100.8749115466446, 21.331051434251844], [-100.87487408519438, 21.331059978970796]], [[-100.87488320499433, 21.33109507815269], [-100.87487408519438, 21.331059978970796]], [[-100.87487408519438, 21.331059978970796], [-100.87483662373917, 21.331068523681694]], [[-100.87484574353108, 21.331103622866205], [-100.87483662373917, 21.331068523681694]], [[-100.87483662373917, 21.331068523681694], [-100.87479916227896, 21.331077068384555]], [[-100.87480828206283, 21.33111216757169], [-100.87479916227896, 21.331077068384555]], [[-100.87479916227896, 21.331077068384555], [-100.87476170081375, 21.331085613079374]], [[-100.87477082058957, 21.33112071226912], [-100.87476170081375, 21.331085613079374]], [[-100.87476170081375, 21.331085613079374], [-100.87472423934355, 21.331094157766145]], [[-100.87473335911132, 21.3311292569585], [-100.87472423934355, 21.331094157766145]], [[-100.87472423934355, 21.331094157766145], [-100.87468677786833, 21.331102702444866]], [[-100.87469589762804, 21.331137801639848], [-100.87468677786833, 21.331102702444866]], [[-100.87468677786833, 21.331102702444866], [-100.87464931638813, 21.331111247115548]], [[-100.8746584361398, 21.331146346313144], [-100.87464931638813, 21.331111247115548]], [[-100.87464931638813, 21.331111247115548], [-100.87461185490292, 21.331119791778185]], [[-100.87462097464653, 21.3311548909784], [-100.87461185490292, 21.331119791778185]], [[-100.87461185490292, 21.331119791778185], [-100.87457439341271, 21.331128336432776]], [[-100.87458351314828, 21.331163435635617], [-100.87457439341271, 21.331128336432776]], [[-100.87457439341271, 21.331128336432776], [-100.8745369319175, 21.331136881079317]], [[-100.87454605164501, 21.33117198028477], [-100.8745369319175, 21.331136881079317]], [[-100.8745369319175, 21.331136881079317], [-100.87449947041729, 21.331145425717818]], [[-100.87450859013676, 21.331180524925887], [-100.87449947041729, 21.331145425717818]], [[-100.87449947041729, 21.331145425717818], [-100.87446200891208, 21.33115397034828]], [[-100.8744711286235, 21.33118906955896], [-100.87446200891208, 21.33115397034828]], [[-100.87446200891208, 21.33115397034828], [-100.87442454740187, 21.33116251497069]], [[-100.87443366710524, 21.331197614183992], [-100.87442454740187, 21.33116251497069]], [[-100.87442454740187, 21.33116251497069], [-100.87438708588665, 21.33117105958506]], [[-100.87439620558199, 21.331206158800974], [-100.87438708588665, 21.33117105958506]], [[-100.87438708588665, 21.33117105958506], [-100.87434962436645, 21.331179604191387]], [[-100.87435874405372, 21.33121470340992], [-100.87434962436645, 21.331179604191387]], [[-100.87434962436645, 21.331179604191387], [-100.87431216284124, 21.331188148789654]], [[-100.87432128252047, 21.331223248010808], [-100.87431216284124, 21.331188148789654]], [[-100.87431216284124, 21.331188148789654], [-100.87427470131102, 21.331196693379898]], [[-100.8742838209822, 21.331231792603663], [-100.87427470131102, 21.331196693379898]], [[-100.87427470131102, 21.331196693379898], [-100.87423723977582, 21.33120523796208]], [[-100.87424635943894, 21.331240337188465], [-100.87423723977582, 21.33120523796208]], [[-100.87423723977582, 21.33120523796208], [-100.87419977823559, 21.331213782536228]], [[-100.87420889789068, 21.331248881765227], [-100.87419977823559, 21.331213782536228]], [[-100.87419977823559, 21.331213782536228], [-100.87416231669039, 21.33122232710232]], [[-100.87417143633742, 21.331257426333938], [-100.87416231669039, 21.33122232710232]], [[-100.87416231669039, 21.33122232710232], [-100.87412485514018, 21.331230871660374]], [[-100.87413397477917, 21.33126597089461], [-100.87412485514018, 21.331230871660374]], [[-100.87412485514018, 21.331230871660374], [-100.87408739358497, 21.331239416210384]], [[-100.8740965132159, 21.331274515447237], [-100.87408739358497, 21.331239416210384]], [[-100.87408739358497, 21.331239416210384], [-100.87404993202476, 21.331247960752346]], [[-100.87405905164763, 21.33128305999182], [-100.87404993202476, 21.331247960752346]], [[-100.87404993202476, 21.331247960752346], [-100.87401247045955, 21.331256505286266]], [[-100.87402159007438, 21.33129160452835], [-100.87401247045955, 21.331256505286266]], [[-100.87401247045955, 21.331256505286266], [-100.87397500888933, 21.331265049812142]], [[-100.87398412849612, 21.33130014905684], [-100.87397500888933, 21.331265049812142]], [[-100.87397500888933, 21.331265049812142], [-100.87393754731413, 21.331273594329964]], [[-100.87394666691286, 21.331308693577284], [-100.87393754731413, 21.331273594329964]], [[-100.87393754731413, 21.331273594329964], [-100.87390008573391, 21.331282138839754]], [[-100.8739092053246, 21.33131723808969], [-100.87390008573391, 21.331282138839754]], [[-100.87390008573391, 21.331282138839754], [-100.8738626241487, 21.33129068334149]], [[-100.87387174373134, 21.331325782594043], [-100.8738626241487, 21.33129068334149]], [[-100.8738626241487, 21.33129068334149], [-100.87382516255849, 21.33129922783518]], [[-100.87383428213307, 21.33133432709035], [-100.87382516255849, 21.33129922783518]], [[-100.87382516255849, 21.33129922783518], [-100.87378770096328, 21.33130777232083]], [[-100.87379682052982, 21.331342871578613], [-100.87378770096328, 21.33130777232083]], [[-100.87378770096328, 21.33130777232083], [-100.87375023936308, 21.331316316798443]], [[-100.87375935892156, 21.331351416058837], [-100.87375023936308, 21.331316316798443]], [[-100.87375023936308, 21.331316316798443], [-100.87371277775786, 21.331324861267998]], [[-100.8737218973083, 21.331359960531017], [-100.87371277775786, 21.331324861267998]], [[-100.87371277775786, 21.331324861267998], [-100.87367531614765, 21.331333405729502]], [[-100.87368443569004, 21.331368504995144], [-100.87367531614765, 21.331333405729502]], [[-100.87367531614765, 21.331333405729502], [-100.87363785453243, 21.331341950182974]], [[-100.87364697406677, 21.331377049451223], [-100.87363785453243, 21.331341950182974]], [[-100.87363785453243, 21.331341950182974], [-100.87360039291224, 21.331350494628396]], [[-100.87360951243852, 21.331385593899267], [-100.87360039291224, 21.331350494628396]], [[-100.87360039291224, 21.331350494628396], [-100.87356293128703, 21.331359039065777]], [[-100.87357205080527, 21.331394138339267], [-100.87356293128703, 21.331359039065777]], [[-100.87356293128703, 21.331359039065777], [-100.87352546965681, 21.33136758349511]], [[-100.87353458916701, 21.331402682771213], [-100.87352546965681, 21.33136758349511]], [[-100.87352546965681, 21.33136758349511], [-100.87348800802161, 21.331376127916403]], [[-100.87349712752375, 21.331411227195115], [-100.87348800802161, 21.331376127916403]], [[-100.87348800802161, 21.331376127916403], [-100.87345054638139, 21.33138467232964]], [[-100.8734596658755, 21.331419771610978], [-100.87345054638139, 21.33138467232964]], [[-100.87345054638139, 21.33138467232964], [-100.87341308473619, 21.331393216734845]], [[-100.87342220422224, 21.33142831601879], [-100.87341308473619, 21.331393216734845]], [[-100.87341308473619, 21.331393216734845], [-100.87337562308599, 21.331401761131996]], [[-100.87338474256399, 21.33143686041857], [-100.87337562308599, 21.331401761131996]], [[-100.87337562308599, 21.331401761131996], [-100.87333816143078, 21.3314103055211]], [[-100.87334728090073, 21.331445404810285], [-100.87333816143078, 21.3314103055211]], [[-100.87333816143078, 21.3314103055211], [-100.87330069977057, 21.331418849902164]], [[-100.87330981923247, 21.331453949193968], [-100.87330069977057, 21.331418849902164]], [[-100.87330069977057, 21.331418849902164], [-100.87326323810535, 21.331427394275178]], [[-100.8732723575592, 21.3314624935696], [-100.87326323810535, 21.331427394275178]], [[-100.87326323810535, 21.331427394275178], [-100.87322577643515, 21.331435938640155]], [[-100.87323489588094, 21.331471037937188], [-100.87322577643515, 21.331435938640155]], [[-100.87641000055254, 21.330709638897368], [-100.87640088042758, 21.330674539821832]], [[-100.87640088042758, 21.330674539821832], [-100.87636341918545, 21.330683084859942]], [[-100.87637253930235, 21.3307181839381], [-100.87636341918545, 21.330683084859942]], [[-100.87636341918545, 21.330683084859942], [-100.87632595793832, 21.330691629890005]], [[-100.87633507804716, 21.330726728970777], [-100.87632595793832, 21.330691629890005]], [[-100.87632595793832, 21.330691629890005], [-100.87628849668617, 21.33070017491203]], [[-100.87629761678699, 21.330735273995415], [-100.87628849668617, 21.33070017491203]], [[-100.87628849668617, 21.33070017491203], [-100.87625103542904, 21.330708719926005]], [[-100.87626015552179, 21.33074381901201], [-100.87625103542904, 21.330708719926005]], [[-100.87625103542904, 21.330708719926005], [-100.8762135741669, 21.330717264931938]], [[-100.8762226942516, 21.33075236402056], [-100.8762135741669, 21.330717264931938]], [[-100.8762135741669, 21.330717264931938], [-100.87617611289976, 21.330725809929827]], [[-100.87618523297641, 21.330760909021073], [-100.87617611289976, 21.330725809929827]], [[-100.87617611289976, 21.330725809929827], [-100.87613865162761, 21.330734354919674]], [[-100.87614777169621, 21.33076945401353], [-100.87613865162761, 21.330734354919674]], [[-100.87613865162761, 21.330734354919674], [-100.87610119035047, 21.33074289990147]], [[-100.87611031041102, 21.33077799899795], [-100.87610119035047, 21.33074289990147]], [[-100.87610119035047, 21.33074289990147], [-100.87606372906832, 21.33075144487523]], [[-100.87607284912083, 21.33078654397432], [-100.87606372906832, 21.33075144487523]], [[-100.87606372906832, 21.33075144487523], [-100.87602626778119, 21.33075998984094]], [[-100.87603538782565, 21.33079508894265], [-100.87602626778119, 21.33075998984094]], [[-100.87602626778119, 21.33075998984094], [-100.87598880648903, 21.3307685347986]], [[-100.87599792652546, 21.33080363390293], [-100.87598880648903, 21.3307685347986]], [[-100.87598880648903, 21.3307685347986], [-100.8759513451919, 21.330777079748227]], [[-100.87596046522026, 21.330812178855172], [-100.8759513451919, 21.330777079748227]], [[-100.8759513451919, 21.330777079748227], [-100.87591388388974, 21.330785624689806]], [[-100.87592300391007, 21.33082072379937], [-100.87591388388974, 21.330785624689806]], [[-100.87591388388974, 21.330785624689806], [-100.8758764225826, 21.330794169623335]], [[-100.87588554259487, 21.330829268735517], [-100.8758764225826, 21.330794169623335]], [[-100.8758764225826, 21.330794169623335], [-100.87583896127046, 21.33080271454883]], [[-100.87584808127468, 21.33083781366363], [-100.87583896127046, 21.33080271454883]], [[-100.87583896127046, 21.33080271454883], [-100.87580149995331, 21.330811259466273]], [[-100.87581061994948, 21.330846358583692], [-100.87580149995331, 21.330811259466273]], [[-100.87580149995331, 21.330811259466273], [-100.87576403863115, 21.33081980437567]], [[-100.87577315861928, 21.33085490349571], [-100.87576403863115, 21.33081980437567]], [[-100.87576403863115, 21.33081980437567], [-100.875726577304, 21.330828349277027]], [[-100.87573569728407, 21.330863448399683], [-100.875726577304, 21.330828349277027]], [[-100.875726577304, 21.330828349277027], [-100.87568911597185, 21.330836894170343]], [[-100.87569823594389, 21.330871993295606], [-100.87568911597185, 21.330836894170343]], [[-100.87568911597185, 21.330836894170343], [-100.87565165463471, 21.33084543905562]], [[-100.87566077459869, 21.330880538183496], [-100.87565165463471, 21.33084543905562]], [[-100.87565165463471, 21.33084543905562], [-100.87561419329256, 21.330853983932833]], [[-100.87562331324848, 21.330889083063333], [-100.87561419329256, 21.330853983932833]], [[-100.87561419329256, 21.330853983932833], [-100.8755767319454, 21.33086252880201]], [[-100.87558585189329, 21.330897627935133], [-100.8755767319454, 21.33086252880201]], [[-100.8755767319454, 21.33086252880201], [-100.87553927059325, 21.330871073663147]], [[-100.87554839053308, 21.330906172798887], [-100.87553927059325, 21.330871073663147]], [[-100.87553927059325, 21.330871073663147], [-100.87550180923608, 21.33087961851623]], [[-100.87551092916789, 21.330914717654597], [-100.87550180923608, 21.33087961851623]], [[-100.87550180923608, 21.33087961851623], [-100.87546434787394, 21.33088816336128]], [[-100.87547346779768, 21.330923262502253], [-100.87546434787394, 21.33088816336128]], [[-100.87546434787394, 21.33088816336128], [-100.87542688650679, 21.330896708198278]], [[-100.87543600642248, 21.33093180734187], [-100.87542688650679, 21.330896708198278]], [[-100.87542688650679, 21.330896708198278], [-100.87538942513464, 21.33090525302724]], [[-100.87539854504227, 21.33094035217345], [-100.87538942513464, 21.33090525302724]], [[-100.87538942513464, 21.33090525302724], [-100.87535196375748, 21.33091379784815]], [[-100.87536108365707, 21.33094889699697], [-100.87535196375748, 21.33091379784815]], [[-100.87535196375748, 21.33091379784815], [-100.87531450237532, 21.33092234266102]], [[-100.87532362226686, 21.330957441812462], [-100.87531450237532, 21.33092234266102]], [[-100.87531450237532, 21.33092234266102], [-100.87527704098817, 21.33093088746584]], [[-100.87528616087167, 21.330965986619894], [-100.87527704098817, 21.33093088746584]], [[-100.87527704098817, 21.33093088746584], [-100.875239579596, 21.330939432262618]], [[-100.87524869947146, 21.330974531419294], [-100.875239579596, 21.330939432262618]], [[-100.875239579596, 21.330939432262618], [-100.87520211819886, 21.33094797705135]], [[-100.87521123806626, 21.330983076210646], [-100.87520211819886, 21.33094797705135]], [[-100.87520211819886, 21.33094797705135], [-100.8751646567967, 21.33095652183204]], [[-100.87517377665604, 21.33099162099395], [-100.8751646567967, 21.33095652183204]], [[-100.8751646567967, 21.33095652183204], [-100.87512719538954, 21.330965066604683]], [[-100.87513631524084, 21.33100016576921], [-100.87512719538954, 21.330965066604683]], [[-100.87512719538954, 21.330965066604683], [-100.87508973397739, 21.330973611369284]], [[-100.87509885382063, 21.331008710536427], [-100.87508973397739, 21.330973611369284]], [[-100.87508973397739, 21.330973611369284], [-100.87505227256023, 21.33098215612584]], [[-100.87506139239542, 21.331017255295603], [-100.87505227256023, 21.33098215612584]], [[-100.87505227256023, 21.33098215612584], [-100.87501481113807, 21.33099070087435]], [[-100.87502393096521, 21.331025800046724], [-100.87501481113807, 21.33099070087435]], [[-100.87501481113807, 21.33099070087435], [-100.8749773497109, 21.330999245614816]], [[-100.87498646953001, 21.331034344789813], [-100.8749773497109, 21.330999245614816]], [[-100.8749773497109, 21.330999245614816], [-100.87493988827875, 21.331007790347233]], [[-100.8749490080898, 21.331042889524852], [-100.87493988827875, 21.331007790347233]], [[-100.87493988827875, 21.331007790347233], [-100.87490242684159, 21.33101633507161]], [[-100.8749115466446, 21.331051434251844], [-100.87490242684159, 21.33101633507161]], [[-100.87490242684159, 21.33101633507161], [-100.87486496539942, 21.331024879787943]], [[-100.87487408519438, 21.331059978970796], [-100.87486496539942, 21.331024879787943]], [[-100.87486496539942, 21.331024879787943], [-100.87482750395228, 21.331033424496233]], [[-100.87483662373917, 21.331068523681694], [-100.87482750395228, 21.331033424496233]], [[-100.87482750395228, 21.331033424496233], [-100.87479004250011, 21.331041969196477]], [[-100.87479916227896, 21.331077068384555], [-100.87479004250011, 21.331041969196477]], [[-100.87479004250011, 21.331041969196477], [-100.87475258104296, 21.331050513888673]], [[-100.87476170081375, 21.331085613079374], [-100.87475258104296, 21.331050513888673]], [[-100.87475258104296, 21.331050513888673], [-100.8747151195808, 21.331059058572826]], [[-100.87472423934355, 21.331094157766145], [-100.8747151195808, 21.331059058572826]], [[-100.8747151195808, 21.331059058572826], [-100.87467765811363, 21.331067603248933]], [[-100.87468677786833, 21.331102702444866], [-100.87467765811363, 21.331067603248933]], [[-100.87467765811363, 21.331067603248933], [-100.87464019664147, 21.331076147917003]], [[-100.87464931638813, 21.331111247115548], [-100.87464019664147, 21.331076147917003]], [[-100.87464019664147, 21.331076147917003], [-100.8746027351643, 21.33108469257702]], [[-100.87461185490292, 21.331119791778185], [-100.8746027351643, 21.33108469257702]], [[-100.8746027351643, 21.33108469257702], [-100.87456527368215, 21.33109323722899]], [[-100.87457439341271, 21.331128336432776], [-100.87456527368215, 21.33109323722899]], [[-100.87456527368215, 21.33109323722899], [-100.87452781219498, 21.33110178187292]], [[-100.8745369319175, 21.331136881079317], [-100.87452781219498, 21.33110178187292]], [[-100.87452781219498, 21.33110178187292], [-100.87449035070283, 21.3311103265088]], [[-100.87449947041729, 21.331145425717818], [-100.87449035070283, 21.3311103265088]], [[-100.87449035070283, 21.3311103265088], [-100.87445288920566, 21.331118871136653]], [[-100.87446200891208, 21.33115397034828], [-100.87445288920566, 21.331118871136653]], [[-100.87445288920566, 21.331118871136653], [-100.8744154277035, 21.331127415756445]], [[-100.87442454740187, 21.33116251497069], [-100.8744154277035, 21.331127415756445]], [[-100.8744154277035, 21.331127415756445], [-100.87437796619633, 21.33113596036819]], [[-100.87438708588665, 21.33117105958506], [-100.87437796619633, 21.33113596036819]], [[-100.87437796619633, 21.33113596036819], [-100.87434050468418, 21.3311445049719]], [[-100.87434962436645, 21.331179604191387], [-100.87434050468418, 21.3311445049719]], [[-100.87434050468418, 21.3311445049719], [-100.87430304316702, 21.331153049567554]], [[-100.87431216284124, 21.331188148789654], [-100.87430304316702, 21.331153049567554]], [[-100.87430304316702, 21.331153049567554], [-100.87426558164485, 21.331161594155173]], [[-100.87427470131102, 21.331196693379898], [-100.87426558164485, 21.331161594155173]], [[-100.87426558164485, 21.331161594155173], [-100.87422812011769, 21.33117013873475]], [[-100.87423723977582, 21.33120523796208], [-100.87422812011769, 21.33117013873475]], [[-100.87422812011769, 21.33117013873475], [-100.87419065858552, 21.33117868330627]], [[-100.87419977823559, 21.331213782536228], [-100.87419065858552, 21.33117868330627]], [[-100.87419065858552, 21.33117868330627], [-100.87415319704836, 21.331187227869755]], [[-100.87416231669039, 21.33122232710232], [-100.87415319704836, 21.331187227869755]], [[-100.87415319704836, 21.331187227869755], [-100.87411573550621, 21.331195772425197]], [[-100.87412485514018, 21.331230871660374], [-100.87411573550621, 21.331195772425197]], [[-100.87411573550621, 21.331195772425197], [-100.87407827395904, 21.33120431697258]], [[-100.87408739358497, 21.331239416210384], [-100.87407827395904, 21.33120431697258]], [[-100.87407827395904, 21.33120431697258], [-100.87404081240688, 21.33121286151193]], [[-100.87404993202476, 21.331247960752346], [-100.87404081240688, 21.33121286151193]], [[-100.87404081240688, 21.33121286151193], [-100.87400335084972, 21.33122140604323]], [[-100.87401247045955, 21.331256505286266], [-100.87400335084972, 21.33122140604323]], [[-100.87400335084972, 21.33122140604323], [-100.87396588928756, 21.331229950566485]], [[-100.87397500888933, 21.331265049812142], [-100.87396588928756, 21.331229950566485]], [[-100.87396588928756, 21.331229950566485], [-100.87392842772039, 21.331238495081696]], [[-100.87393754731413, 21.331273594329964], [-100.87392842772039, 21.331238495081696]], [[-100.87392842772039, 21.331238495081696], [-100.87389096614822, 21.331247039588863]], [[-100.87390008573391, 21.331282138839754], [-100.87389096614822, 21.331247039588863]], [[-100.87389096614822, 21.331247039588863], [-100.87385350457107, 21.331255584087984]], [[-100.8738626241487, 21.33129068334149], [-100.87385350457107, 21.331255584087984]], [[-100.87385350457107, 21.331255584087984], [-100.8738160429889, 21.33126412857906]], [[-100.87382516255849, 21.33129922783518], [-100.8738160429889, 21.33126412857906]], [[-100.8738160429889, 21.33126412857906], [-100.87377858140175, 21.331272673062095]], [[-100.87378770096328, 21.33130777232083], [-100.87377858140175, 21.331272673062095]], [[-100.87377858140175, 21.331272673062095], [-100.87374111980958, 21.33128121753708]], [[-100.87375023936308, 21.331316316798443], [-100.87374111980958, 21.33128121753708]], [[-100.87374111980958, 21.33128121753708], [-100.87370365821243, 21.33128976200403]], [[-100.87371277775786, 21.331324861267998], [-100.87370365821243, 21.33128976200403]], [[-100.87370365821243, 21.33128976200403], [-100.87366619661026, 21.331298306462923]], [[-100.87367531614765, 21.331333405729502], [-100.87366619661026, 21.331298306462923]], [[-100.87366619661026, 21.331298306462923], [-100.8736287350031, 21.331306850913776]], [[-100.87363785453243, 21.331341950182974], [-100.8736287350031, 21.331306850913776]], [[-100.8736287350031, 21.331306850913776], [-100.87359127339094, 21.33131539535658]], [[-100.87360039291224, 21.331350494628396], [-100.87359127339094, 21.33131539535658]], [[-100.87359127339094, 21.33131539535658], [-100.87355381177379, 21.33132393979134]], [[-100.87356293128703, 21.331359039065777], [-100.87355381177379, 21.33132393979134]], [[-100.87355381177379, 21.33132393979134], [-100.87351635015162, 21.331332484218056]], [[-100.87352546965681, 21.33136758349511], [-100.87351635015162, 21.331332484218056]], [[-100.87351635015162, 21.331332484218056], [-100.87347888852446, 21.33134102863673]], [[-100.87348800802161, 21.331376127916403], [-100.87347888852446, 21.33134102863673]], [[-100.87347888852446, 21.33134102863673], [-100.87344142689231, 21.33134957304735]], [[-100.87345054638139, 21.33138467232964], [-100.87344142689231, 21.33134957304735]], [[-100.87344142689231, 21.33134957304735], [-100.87340396525515, 21.33135811744994]], [[-100.87341308473619, 21.331393216734845], [-100.87340396525515, 21.33135811744994]], [[-100.87340396525515, 21.33135811744994], [-100.87336650361298, 21.331366661844477]], [[-100.87337562308599, 21.331401761131996], [-100.87336650361298, 21.331366661844477]], [[-100.87336650361298, 21.331366661844477], [-100.87332904196583, 21.33137520623096]], [[-100.87333816143078, 21.3314103055211], [-100.87332904196583, 21.33137520623096]], [[-100.87332904196583, 21.33137520623096], [-100.87329158031368, 21.331383750609408]], [[-100.87330069977057, 21.331418849902164], [-100.87329158031368, 21.331383750609408]], [[-100.87329158031368, 21.331383750609408], [-100.8732541186565, 21.331392294979818]], [[-100.87326323810535, 21.331427394275178], [-100.8732541186565, 21.331392294979818]], [[-100.8732541186565, 21.331392294979818], [-100.87321665699436, 21.331400839342173]], [[-100.87322577643515, 21.331435938640155], [-100.87321665699436, 21.331400839342173]], [[-100.87636341918545, 21.330683084859942], [-100.87635429907355, 21.330647985780836]], [[-100.87635429907355, 21.330647985780836], [-100.87631683783447, 21.33065653080828]], [[-100.87632595793832, 21.330691629890005], [-100.87631683783447, 21.33065653080828]], [[-100.87631683783447, 21.33065653080828], [-100.87627937659038, 21.33066507582769]], [[-100.87628849668617, 21.33070017491203], [-100.87627937659038, 21.33066507582769]], [[-100.87627937659038, 21.33066507582769], [-100.87624191534128, 21.330673620839047]], [[-100.87625103542904, 21.330708719926005], [-100.87624191534128, 21.330673620839047]], [[-100.87624191534128, 21.330673620839047], [-100.87620445408719, 21.330682165842365]], [[-100.8762135741669, 21.330717264931938], [-100.87620445408719, 21.330682165842365]], [[-100.87620445408719, 21.330682165842365], [-100.8761669928281, 21.330690710837633]], [[-100.87617611289976, 21.330725809929827], [-100.8761669928281, 21.330690710837633]], [[-100.8761669928281, 21.330690710837633], [-100.876129531564, 21.330699255824854]], [[-100.87613865162761, 21.330734354919674], [-100.876129531564, 21.330699255824854]], [[-100.876129531564, 21.330699255824854], [-100.8760920702949, 21.33070780080404]], [[-100.87610119035047, 21.33074289990147], [-100.8760920702949, 21.33070780080404]], [[-100.8760920702949, 21.33070780080404], [-100.87605460902081, 21.330716345775176]], [[-100.87606372906832, 21.33075144487523], [-100.87605460902081, 21.330716345775176]], [[-100.87605460902081, 21.330716345775176], [-100.87601714774172, 21.330724890738274]], [[-100.87602626778119, 21.33075998984094], [-100.87601714774172, 21.330724890738274]], [[-100.87601714774172, 21.330724890738274], [-100.87597968645761, 21.330733435693325]], [[-100.87598880648903, 21.3307685347986], [-100.87597968645761, 21.330733435693325]], [[-100.87597968645761, 21.330733435693325], [-100.87594222516852, 21.33074198064033]], [[-100.8759513451919, 21.330777079748227], [-100.87594222516852, 21.33074198064033]], [[-100.87594222516852, 21.33074198064033], [-100.87590476387443, 21.330750525579287]], [[-100.87591388388974, 21.330785624689806], [-100.87590476387443, 21.330750525579287]], [[-100.87590476387443, 21.330750525579287], [-100.87586730257533, 21.33075907051021]], [[-100.8758764225826, 21.330794169623335], [-100.87586730257533, 21.33075907051021]], [[-100.87586730257533, 21.33075907051021], [-100.87582984127124, 21.33076761543308]], [[-100.87583896127046, 21.33080271454883], [-100.87582984127124, 21.33076761543308]], [[-100.87582984127124, 21.33076761543308], [-100.87579237996212, 21.330776160347906]], [[-100.87580149995331, 21.330811259466273], [-100.87579237996212, 21.330776160347906]], [[-100.87579237996212, 21.330776160347906], [-100.87575491864803, 21.33078470525469]], [[-100.87576403863115, 21.33081980437567], [-100.87575491864803, 21.33078470525469]], [[-100.87575491864803, 21.33078470525469], [-100.87571745732893, 21.330793250153427]], [[-100.875726577304, 21.330828349277027], [-100.87571745732893, 21.330793250153427]], [[-100.87571745732893, 21.330793250153427], [-100.87567999600483, 21.330801795044128]], [[-100.87568911597185, 21.330836894170343], [-100.87567999600483, 21.330801795044128]], [[-100.87567999600483, 21.330801795044128], [-100.87564253467572, 21.330810339926774]], [[-100.87565165463471, 21.33084543905562], [-100.87564253467572, 21.330810339926774]], [[-100.87564253467572, 21.330810339926774], [-100.87560507334162, 21.330818884801374]], [[-100.87561419329256, 21.330853983932833], [-100.87560507334162, 21.330818884801374]], [[-100.87560507334162, 21.330818884801374], [-100.87556761200253, 21.330827429667934]], [[-100.8755767319454, 21.33086252880201], [-100.87556761200253, 21.330827429667934]], [[-100.87556761200253, 21.330827429667934], [-100.87553015065842, 21.330835974526455]], [[-100.87553927059325, 21.330871073663147], [-100.87553015065842, 21.330835974526455]], [[-100.87553015065842, 21.330835974526455], [-100.87549268930931, 21.33084451937693]], [[-100.87550180923608, 21.33087961851623], [-100.87549268930931, 21.33084451937693]], [[-100.87549268930931, 21.33084451937693], [-100.8754552279552, 21.330853064219358]], [[-100.87546434787394, 21.33088816336128], [-100.8754552279552, 21.330853064219358]], [[-100.8754552279552, 21.330853064219358], [-100.8754177665961, 21.330861609053738]], [[-100.87542688650679, 21.330896708198278], [-100.8754177665961, 21.330861609053738]], [[-100.8754177665961, 21.330861609053738], [-100.87538030523199, 21.330870153880078]], [[-100.87538942513464, 21.33090525302724], [-100.87538030523199, 21.330870153880078]], [[-100.87538030523199, 21.330870153880078], [-100.87534284386288, 21.330878698698378]], [[-100.87535196375748, 21.33091379784815], [-100.87534284386288, 21.330878698698378]], [[-100.87534284386288, 21.330878698698378], [-100.87530538248878, 21.330887243508624]], [[-100.87531450237532, 21.33092234266102], [-100.87530538248878, 21.330887243508624]], [[-100.87530538248878, 21.330887243508624], [-100.87526792110968, 21.330895788310833]], [[-100.87527704098817, 21.33093088746584], [-100.87526792110968, 21.330895788310833]], [[-100.87526792110968, 21.330895788310833], [-100.87523045972557, 21.330904333104986]], [[-100.875239579596, 21.330939432262618], [-100.87523045972557, 21.330904333104986]], [[-100.87523045972557, 21.330904333104986], [-100.87519299833646, 21.330912877891105]], [[-100.87520211819886, 21.33094797705135], [-100.87519299833646, 21.330912877891105]], [[-100.87519299833646, 21.330912877891105], [-100.87515553694234, 21.330921422669174]], [[-100.8751646567967, 21.33095652183204], [-100.87515553694234, 21.330921422669174]], [[-100.87515553694234, 21.330921422669174], [-100.87511807554324, 21.3309299674392]], [[-100.87512719538954, 21.330965066604683], [-100.87511807554324, 21.3309299674392]], [[-100.87511807554324, 21.3309299674392], [-100.87508061413914, 21.330938512201186]], [[-100.87508973397739, 21.330973611369284], [-100.87508061413914, 21.330938512201186]], [[-100.87508061413914, 21.330938512201186], [-100.87504315273002, 21.330947056955125]], [[-100.87505227256023, 21.33098215612584], [-100.87504315273002, 21.330947056955125]], [[-100.87504315273002, 21.330947056955125], [-100.87500569131592, 21.330955601701014]], [[-100.87501481113807, 21.33099070087435], [-100.87500569131592, 21.330955601701014]], [[-100.87500569131592, 21.330955601701014], [-100.8749682298968, 21.330964146438863]], [[-100.8749773497109, 21.330999245614816], [-100.8749682298968, 21.330964146438863]], [[-100.8749682298968, 21.330964146438863], [-100.8749307684727, 21.330972691168668]], [[-100.87493988827875, 21.331007790347233], [-100.8749307684727, 21.330972691168668]], [[-100.8749307684727, 21.330972691168668], [-100.87489330704358, 21.33098123589043]], [[-100.87490242684159, 21.33101633507161], [-100.87489330704358, 21.33098123589043]], [[-100.87489330704358, 21.33098123589043], [-100.87485584560947, 21.330989780604142]], [[-100.87486496539942, 21.331024879787943], [-100.87485584560947, 21.330989780604142]], [[-100.87485584560947, 21.330989780604142], [-100.87481838417037, 21.330998325309817]], [[-100.87482750395228, 21.331033424496233], [-100.87481838417037, 21.330998325309817]], [[-100.87481838417037, 21.330998325309817], [-100.87478092272625, 21.331006870007446]], [[-100.87479004250011, 21.331041969196477], [-100.87478092272625, 21.331006870007446]], [[-100.87478092272625, 21.331006870007446], [-100.87474346127715, 21.33101541469702]], [[-100.87475258104296, 21.331050513888673], [-100.87474346127715, 21.33101541469702]], [[-100.87474346127715, 21.33101541469702], [-100.87470599982302, 21.33102395937856]], [[-100.8747151195808, 21.331059058572826], [-100.87470599982302, 21.33102395937856]], [[-100.87470599982302, 21.33102395937856], [-100.8746685383639, 21.331032504052047]], [[-100.87467765811363, 21.331067603248933], [-100.8746685383639, 21.331032504052047]], [[-100.8746685383639, 21.331032504052047], [-100.8746310768998, 21.331041048717502]], [[-100.87464019664147, 21.331076147917003], [-100.8746310768998, 21.331041048717502]], [[-100.8746310768998, 21.331041048717502], [-100.8745936154307, 21.3310495933749]], [[-100.8746027351643, 21.33108469257702], [-100.8745936154307, 21.3310495933749]], [[-100.8745936154307, 21.3310495933749], [-100.87455615395658, 21.331058138024257]], [[-100.87456527368215, 21.33109323722899], [-100.87455615395658, 21.331058138024257]], [[-100.87455615395658, 21.331058138024257], [-100.87451869247747, 21.331066682665572]], [[-100.87452781219498, 21.33110178187292], [-100.87451869247747, 21.331066682665572]], [[-100.87451869247747, 21.331066682665572], [-100.87448123099335, 21.33107522729884]], [[-100.87449035070283, 21.3311103265088], [-100.87448123099335, 21.33107522729884]], [[-100.87448123099335, 21.33107522729884], [-100.87444376950424, 21.33108377192406]], [[-100.87445288920566, 21.331118871136653], [-100.87444376950424, 21.33108377192406]], [[-100.87444376950424, 21.33108377192406], [-100.87440630801012, 21.331092316541238]], [[-100.8744154277035, 21.331127415756445], [-100.87440630801012, 21.331092316541238]], [[-100.87440630801012, 21.331092316541238], [-100.87436884651102, 21.331100861150365]], [[-100.87437796619633, 21.33113596036819], [-100.87436884651102, 21.331100861150365]], [[-100.87436884651102, 21.331100861150365], [-100.87433138500691, 21.33110940575146]], [[-100.87434050468418, 21.3311445049719], [-100.87433138500691, 21.33110940575146]], [[-100.87433138500691, 21.33110940575146], [-100.87429392349779, 21.331117950344506]], [[-100.87430304316702, 21.331153049567554], [-100.87429392349779, 21.331117950344506]], [[-100.87429392349779, 21.331117950344506], [-100.87425646198368, 21.3311264949295]], [[-100.87426558164485, 21.331161594155173], [-100.87425646198368, 21.3311264949295]], [[-100.87425646198368, 21.3311264949295], [-100.87421900046456, 21.331135039506457]], [[-100.87422812011769, 21.33117013873475], [-100.87421900046456, 21.331135039506457]], [[-100.87421900046456, 21.331135039506457], [-100.87418153894045, 21.331143584075363]], [[-100.87419065858552, 21.33117868330627], [-100.87418153894045, 21.331143584075363]], [[-100.87418153894045, 21.331143584075363], [-100.87414407741134, 21.33115212863623]], [[-100.87415319704836, 21.331187227869755], [-100.87414407741134, 21.33115212863623]], [[-100.87414407741134, 21.33115212863623], [-100.87410661587722, 21.33116067318905]], [[-100.87411573550621, 21.331195772425197], [-100.87410661587722, 21.33116067318905]], [[-100.87410661587722, 21.33116067318905], [-100.87406915433812, 21.331169217733827]], [[-100.87407827395904, 21.33120431697258], [-100.87406915433812, 21.331169217733827]], [[-100.87406915433812, 21.331169217733827], [-100.874031692794, 21.331177762270556]], [[-100.87404081240688, 21.33121286151193], [-100.874031692794, 21.331177762270556]], [[-100.874031692794, 21.331177762270556], [-100.8739942312449, 21.33118630679924]], [[-100.87400335084972, 21.33122140604323], [-100.8739942312449, 21.33118630679924]], [[-100.8739942312449, 21.33118630679924], [-100.87395676969078, 21.33119485131988]], [[-100.87396588928756, 21.331229950566485], [-100.87395676969078, 21.33119485131988]], [[-100.87395676969078, 21.33119485131988], [-100.87391930813166, 21.331203395832475]], [[-100.87392842772039, 21.331238495081696], [-100.87391930813166, 21.331203395832475]], [[-100.87391930813166, 21.331203395832475], [-100.87388184656756, 21.331211940337027]], [[-100.87389096614822, 21.331247039588863], [-100.87388184656756, 21.331211940337027]], [[-100.87388184656756, 21.331211940337027], [-100.87384438499843, 21.331220484833533]], [[-100.87385350457107, 21.331255584087984], [-100.87384438499843, 21.331220484833533]], [[-100.87384438499843, 21.331220484833533], [-100.87380692342433, 21.331229029321992]], [[-100.8738160429889, 21.33126412857906], [-100.87380692342433, 21.331229029321992]], [[-100.87380692342433, 21.331229029321992], [-100.8737694618452, 21.331237573802408]], [[-100.87377858140175, 21.331272673062095], [-100.8737694618452, 21.331237573802408]], [[-100.8737694618452, 21.331237573802408], [-100.8737320002611, 21.331246118274773]], [[-100.87374111980958, 21.33128121753708], [-100.8737320002611, 21.331246118274773]], [[-100.8737320002611, 21.331246118274773], [-100.87369453867198, 21.331254662739095]], [[-100.87370365821243, 21.33128976200403], [-100.87369453867198, 21.331254662739095]], [[-100.87369453867198, 21.331254662739095], [-100.87365707707787, 21.33126320719538]], [[-100.87366619661026, 21.331298306462923], [-100.87365707707787, 21.33126320719538]], [[-100.87365707707787, 21.33126320719538], [-100.87361961547876, 21.331271751643612]], [[-100.8736287350031, 21.331306850913776], [-100.87361961547876, 21.331271751643612]], [[-100.87361961547876, 21.331271751643612], [-100.87358215387465, 21.331280296083808]], [[-100.87359127339094, 21.33131539535658], [-100.87358215387465, 21.331280296083808]], [[-100.87358215387465, 21.331280296083808], [-100.87354469226554, 21.331288840515953]], [[-100.87355381177379, 21.33132393979134], [-100.87354469226554, 21.331288840515953]], [[-100.87354469226554, 21.331288840515953], [-100.87350723065143, 21.33129738494005]], [[-100.87351635015162, 21.331332484218056], [-100.87350723065143, 21.33129738494005]], [[-100.87350723065143, 21.33129738494005], [-100.87346976903233, 21.331305929356105]], [[-100.87347888852446, 21.33134102863673], [-100.87346976903233, 21.331305929356105]], [[-100.87346976903233, 21.331305929356105], [-100.87343230740821, 21.331314473764117]], [[-100.87344142689231, 21.33134957304735], [-100.87343230740821, 21.331314473764117]], [[-100.87343230740821, 21.331314473764117], [-100.8733948457791, 21.331323018164085]], [[-100.87340396525515, 21.33135811744994], [-100.8733948457791, 21.331323018164085]], [[-100.8733948457791, 21.331323018164085], [-100.873357384145, 21.331331562556002]], [[-100.87336650361298, 21.331366661844477], [-100.873357384145, 21.331331562556002]], [[-100.873357384145, 21.331331562556002], [-100.87331992250589, 21.331340106939876]], [[-100.87332904196583, 21.33137520623096], [-100.87331992250589, 21.331340106939876]], [[-100.87331992250589, 21.331340106939876], [-100.87328246086177, 21.3313486513157]], [[-100.87329158031368, 21.331383750609408], [-100.87328246086177, 21.3313486513157]], [[-100.87328246086177, 21.3313486513157], [-100.87324499921266, 21.33135719568349]], [[-100.8732541186565, 21.331392294979818], [-100.87324499921266, 21.33135719568349]], [[-100.8761669928281, 21.330690710837633], [-100.87615787276144, 21.330655611744486]], [[-100.87615787276144, 21.330655611744486], [-100.8761204115054, 21.33066415672909]], [[-100.876129531564, 21.330699255824854], [-100.8761204115054, 21.33066415672909]], [[-100.8761204115054, 21.33066415672909], [-100.87608295024435, 21.330672701705655]], [[-100.8760920702949, 21.33070780080404], [-100.87608295024435, 21.330672701705655]], [[-100.87608295024435, 21.330672701705655], [-100.8760454889783, 21.33068124667418]], [[-100.87605460902081, 21.330716345775176], [-100.8760454889783, 21.33068124667418]], [[-100.8760454889783, 21.33068124667418], [-100.87600802770726, 21.33068979163466]], [[-100.87601714774172, 21.330724890738274], [-100.87600802770726, 21.33068979163466]], [[-100.87600802770726, 21.33068979163466], [-100.8759705664312, 21.330698336587094]], [[-100.87597968645761, 21.330733435693325], [-100.8759705664312, 21.330698336587094]], [[-100.8759705664312, 21.330698336587094], [-100.87593310515017, 21.330706881531473]], [[-100.87594222516852, 21.33074198064033], [-100.87593310515017, 21.330706881531473]], [[-100.87593310515017, 21.330706881531473], [-100.87589564386411, 21.330715426467815]], [[-100.87590476387443, 21.330750525579287], [-100.87589564386411, 21.330715426467815]], [[-100.87589564386411, 21.330715426467815], [-100.87585818257305, 21.330723971396115]], [[-100.87586730257533, 21.33075907051021], [-100.87585818257305, 21.330723971396115]], [[-100.87585818257305, 21.330723971396115], [-100.87582072127701, 21.33073251631637]], [[-100.87582984127124, 21.33076761543308], [-100.87582072127701, 21.33073251631637]], [[-100.87582072127701, 21.33073251631637], [-100.87578325997596, 21.330741061228583]], [[-100.87579237996212, 21.330776160347906], [-100.87578325997596, 21.330741061228583]], [[-100.87578325997596, 21.330741061228583], [-100.87574579866991, 21.330749606132745]], [[-100.87575491864803, 21.33078470525469], [-100.87574579866991, 21.330749606132745]], [[-100.87574579866991, 21.330749606132745], [-100.87570833735884, 21.330758151028874]], [[-100.87571745732893, 21.330793250153427], [-100.87570833735884, 21.330758151028874]], [[-100.87570833735884, 21.330758151028874], [-100.87567087604279, 21.330766695916953]], [[-100.87567999600483, 21.330801795044128], [-100.87567087604279, 21.330766695916953]], [[-100.87567087604279, 21.330766695916953], [-100.87563341472175, 21.330775240796985]], [[-100.87564253467572, 21.330810339926774], [-100.87563341472175, 21.330775240796985]], [[-100.87563341472175, 21.330775240796985], [-100.87559595339569, 21.33078378566897]], [[-100.87560507334162, 21.330818884801374], [-100.87559595339569, 21.33078378566897]], [[-100.87559595339569, 21.33078378566897], [-100.87555849206464, 21.33079233053291]], [[-100.87556761200253, 21.330827429667934], [-100.87555849206464, 21.33079233053291]], [[-100.87555849206464, 21.33079233053291], [-100.87552103072858, 21.330800875388814]], [[-100.87553015065842, 21.330835974526455], [-100.87552103072858, 21.330800875388814]], [[-100.87552103072858, 21.330800875388814], [-100.87548356938753, 21.330809420236665]], [[-100.87549268930931, 21.33084451937693], [-100.87548356938753, 21.330809420236665]], [[-100.87548356938753, 21.330809420236665], [-100.87544610804147, 21.330817965076474]], [[-100.8754552279552, 21.330853064219358], [-100.87544610804147, 21.330817965076474]], [[-100.87544610804147, 21.330817965076474], [-100.87540864669042, 21.330826509908242]], [[-100.8754177665961, 21.330861609053738], [-100.87540864669042, 21.330826509908242]], [[-100.87540864669042, 21.330826509908242], [-100.87537118533436, 21.33083505473196]], [[-100.87538030523199, 21.330870153880078], [-100.87537118533436, 21.33083505473196]], [[-100.87537118533436, 21.33083505473196], [-100.8753337239733, 21.33084359954764]], [[-100.87534284386288, 21.330878698698378], [-100.8753337239733, 21.33084359954764]], [[-100.8753337239733, 21.33084359954764], [-100.87529626260724, 21.330852144355276]], [[-100.87530538248878, 21.330887243508624], [-100.87529626260724, 21.330852144355276]], [[-100.87529626260724, 21.330852144355276], [-100.87525880123617, 21.330860689154864]], [[-100.87526792110968, 21.330895788310833], [-100.87525880123617, 21.330860689154864]], [[-100.87525880123617, 21.330860689154864], [-100.87522133986012, 21.33086923394641]], [[-100.87523045972557, 21.330904333104986], [-100.87522133986012, 21.33086923394641]], [[-100.87522133986012, 21.33086923394641], [-100.87518387847906, 21.33087777872991]], [[-100.87519299833646, 21.330912877891105], [-100.87518387847906, 21.33087777872991]], [[-100.87518387847906, 21.33087777872991], [-100.875146417093, 21.33088632350536]], [[-100.87515553694234, 21.330921422669174], [-100.875146417093, 21.33088632350536]], [[-100.875146417093, 21.33088632350536], [-100.87510895570195, 21.330894868272768]], [[-100.87511807554324, 21.3309299674392], [-100.87510895570195, 21.330894868272768]], [[-100.87510895570195, 21.330894868272768], [-100.87507149430589, 21.330903413032136]], [[-100.87508061413914, 21.330938512201186], [-100.87507149430589, 21.330903413032136]], [[-100.87507149430589, 21.330903413032136], [-100.87503403290482, 21.330911957783453]], [[-100.87504315273002, 21.330947056955125], [-100.87503403290482, 21.330911957783453]], [[-100.87503403290482, 21.330911957783453], [-100.87499657149877, 21.330920502526734]], [[-100.87500569131592, 21.330955601701014], [-100.87499657149877, 21.330920502526734]], [[-100.87499657149877, 21.330920502526734], [-100.8749591100877, 21.330929047261964]], [[-100.8749682298968, 21.330964146438863], [-100.8749591100877, 21.330929047261964]], [[-100.8749591100877, 21.330929047261964], [-100.87492164867163, 21.330937591989148]], [[-100.8749307684727, 21.330972691168668], [-100.87492164867163, 21.330937591989148]], [[-100.87492164867163, 21.330937591989148], [-100.87488418725057, 21.33094613670829]], [[-100.87489330704358, 21.33098123589043], [-100.87488418725057, 21.33094613670829]], [[-100.87488418725057, 21.33094613670829], [-100.87484672582451, 21.33095468141939]], [[-100.87485584560947, 21.330989780604142], [-100.87484672582451, 21.33095468141939]], [[-100.87484672582451, 21.33095468141939], [-100.87480926439345, 21.330963226122446]], [[-100.87481838417037, 21.330998325309817], [-100.87480926439345, 21.330963226122446]], [[-100.87480926439345, 21.330963226122446], [-100.87477180295738, 21.33097177081746]], [[-100.87478092272625, 21.331006870007446], [-100.87477180295738, 21.33097177081746]], [[-100.87477180295738, 21.33097177081746], [-100.87473434151632, 21.330980315504423]], [[-100.87474346127715, 21.33101541469702], [-100.87473434151632, 21.330980315504423]], [[-100.87473434151632, 21.330980315504423], [-100.87469688007026, 21.33098886018334]], [[-100.87470599982302, 21.33102395937856], [-100.87469688007026, 21.33098886018334]], [[-100.87469688007026, 21.33098886018334], [-100.8746594186192, 21.330997404854212]], [[-100.8746685383639, 21.331032504052047], [-100.8746594186192, 21.330997404854212]], [[-100.8746594186192, 21.330997404854212], [-100.87462195716314, 21.331005949517042]], [[-100.8746310768998, 21.331041048717502], [-100.87462195716314, 21.331005949517042]], [[-100.87462195716314, 21.331005949517042], [-100.87458449570208, 21.33101449417183]], [[-100.8745936154307, 21.3310495933749], [-100.87458449570208, 21.33101449417183]], [[-100.87458449570208, 21.33101449417183], [-100.87454703423602, 21.331023038818557]], [[-100.87455615395658, 21.331058138024257], [-100.87454703423602, 21.331023038818557]], [[-100.87454703423602, 21.331023038818557], [-100.87450957276495, 21.331031583457264]], [[-100.87451869247747, 21.331066682665572], [-100.87450957276495, 21.331031583457264]], [[-100.87450957276495, 21.331031583457264], [-100.8744721112889, 21.331040128087917]], [[-100.87448123099335, 21.33107522729884], [-100.8744721112889, 21.331040128087917]], [[-100.8744721112889, 21.331040128087917], [-100.87443464980781, 21.331048672710523]], [[-100.87444376950424, 21.33108377192406], [-100.87443464980781, 21.331048672710523]], [[-100.87443464980781, 21.331048672710523], [-100.87439718832175, 21.331057217325082]], [[-100.87440630801012, 21.331092316541238], [-100.87439718832175, 21.331057217325082]], [[-100.87439718832175, 21.331057217325082], [-100.87435972683069, 21.331065761931594]], [[-100.87436884651102, 21.331100861150365], [-100.87435972683069, 21.331065761931594]], [[-100.87435972683069, 21.331065761931594], [-100.87432226533463, 21.33107430653007]], [[-100.87433138500691, 21.33110940575146], [-100.87432226533463, 21.33107430653007]], [[-100.87432226533463, 21.33107430653007], [-100.87428480383356, 21.3310828511205]], [[-100.87429392349779, 21.331117950344506], [-100.87428480383356, 21.3310828511205]], [[-100.87428480383356, 21.3310828511205], [-100.8742473423275, 21.331091395702877]], [[-100.87425646198368, 21.3311264949295], [-100.8742473423275, 21.331091395702877]], [[-100.8742473423275, 21.331091395702877], [-100.87420988081644, 21.331099940277216]], [[-100.87421900046456, 21.331135039506457], [-100.87420988081644, 21.331099940277216]], [[-100.87420988081644, 21.331099940277216], [-100.87417241930038, 21.331108484843508]], [[-100.87418153894045, 21.331143584075363], [-100.87417241930038, 21.331108484843508]], [[-100.87417241930038, 21.331108484843508], [-100.8741349577793, 21.33111702940176]], [[-100.87414407741134, 21.33115212863623], [-100.8741349577793, 21.33111702940176]], [[-100.8741349577793, 21.33111702940176], [-100.87409749625324, 21.331125573951955]], [[-100.87410661587722, 21.33116067318905], [-100.87409749625324, 21.331125573951955]], [[-100.87409749625324, 21.331125573951955], [-100.87406003472219, 21.331134118494116]], [[-100.87406915433812, 21.331169217733827], [-100.87406003472219, 21.331134118494116]], [[-100.87406003472219, 21.331134118494116], [-100.87402257318611, 21.33114266302823]], [[-100.874031692794, 21.331177762270556], [-100.87402257318611, 21.33114266302823]], [[-100.87402257318611, 21.33114266302823], [-100.87398511164506, 21.331151207554292]], [[-100.8739942312449, 21.33118630679924], [-100.87398511164506, 21.331151207554292]], [[-100.87398511164506, 21.331151207554292], [-100.87394765009898, 21.33115975207232]], [[-100.87395676969078, 21.33119485131988], [-100.87394765009898, 21.33115975207232]], [[-100.87394765009898, 21.33115975207232], [-100.87391018854792, 21.331168296582298]], [[-100.87391930813166, 21.331203395832475], [-100.87391018854792, 21.331168296582298]], [[-100.87391018854792, 21.331168296582298], [-100.87387272699186, 21.331176841084236]], [[-100.87388184656756, 21.331211940337027], [-100.87387272699186, 21.331176841084236]], [[-100.87387272699186, 21.331176841084236], [-100.8738352654308, 21.33118538557812]], [[-100.87384438499843, 21.331220484833533], [-100.8738352654308, 21.33118538557812]], [[-100.8738352654308, 21.33118538557812], [-100.87379780386473, 21.33119393006396]], [[-100.87380692342433, 21.331229029321992], [-100.87379780386473, 21.33119393006396]], [[-100.87379780386473, 21.33119393006396], [-100.87376034229368, 21.331202474541765]], [[-100.8737694618452, 21.331237573802408], [-100.87376034229368, 21.331202474541765]], [[-100.87376034229368, 21.331202474541765], [-100.87372288071761, 21.33121101901152]], [[-100.8737320002611, 21.331246118274773], [-100.87372288071761, 21.33121101901152]], [[-100.87372288071761, 21.33121101901152], [-100.87368541913655, 21.331219563473223]], [[-100.87369453867198, 21.331254662739095], [-100.87368541913655, 21.331219563473223]], [[-100.87368541913655, 21.331219563473223], [-100.87364795755049, 21.331228107926883]], [[-100.87365707707787, 21.33126320719538], [-100.87364795755049, 21.331228107926883]], [[-100.87364795755049, 21.331228107926883], [-100.87361049595943, 21.331236652372503]], [[-100.87361961547876, 21.331271751643612], [-100.87361049595943, 21.331236652372503]], [[-100.87361049595943, 21.331236652372503], [-100.87357303436336, 21.331245196810087]], [[-100.87358215387465, 21.331280296083808], [-100.87357303436336, 21.331245196810087]], [[-100.87357303436336, 21.331245196810087], [-100.87353557276231, 21.33125374123961]], [[-100.87354469226554, 21.331288840515953], [-100.87353557276231, 21.33125374123961]], [[-100.87353557276231, 21.33125374123961], [-100.87349811115624, 21.331262285661097]], [[-100.87350723065143, 21.33129738494005], [-100.87349811115624, 21.331262285661097]], [[-100.87349811115624, 21.331262285661097], [-100.87346064954518, 21.33127083007453]], [[-100.87346976903233, 21.331305929356105], [-100.87346064954518, 21.33127083007453]], [[-100.87346064954518, 21.33127083007453], [-100.87342318792912, 21.331279374479923]], [[-100.87343230740821, 21.331314473764117], [-100.87342318792912, 21.331279374479923]], [[-100.87342318792912, 21.331279374479923], [-100.87338572630806, 21.331287918877273]], [[-100.8733948457791, 21.331323018164085], [-100.87338572630806, 21.331287918877273]], [[-100.87338572630806, 21.331287918877273], [-100.873348264682, 21.331296463266575]], [[-100.873357384145, 21.331331562556002], [-100.873348264682, 21.331296463266575]], [[-100.873348264682, 21.331296463266575], [-100.87331080305094, 21.331305007647828]], [[-100.87331992250589, 21.331340106939876], [-100.87331080305094, 21.331305007647828]], [[-100.87331080305094, 21.331305007647828], [-100.87327334141489, 21.331313552021044]], [[-100.87328246086177, 21.3313486513157], [-100.87327334141489, 21.331313552021044]], [[-100.87327334141489, 21.331313552021044], [-100.87323587977382, 21.331322096386216]], [[-100.87324499921266, 21.33135719568349], [-100.87323587977382, 21.331322096386216]], [[-100.87593310515017, 21.330706881531473], [-100.8759239851368, 21.330671782421664]], [[-100.8759239851368, 21.330671782421664], [-100.8758865238588, 21.3306803273554]], [[-100.87589564386411, 21.330715426467815], [-100.8758865238588, 21.3306803273554]], [[-100.8758865238588, 21.3306803273554], [-100.8758490625758, 21.33068887228108]], [[-100.87585818257305, 21.330723971396115], [-100.8758490625758, 21.33068887228108]], [[-100.8758490625758, 21.33068887228108], [-100.8758116012878, 21.330697417198714]], [[-100.87582072127701, 21.33073251631637], [-100.8758116012878, 21.330697417198714]], [[-100.8758116012878, 21.330697417198714], [-100.87577413999479, 21.330705962108304]], [[-100.87578325997596, 21.330741061228583], [-100.87577413999479, 21.330705962108304]], [[-100.87577413999479, 21.330705962108304], [-100.87573667869678, 21.330714507009855]], [[-100.87574579866991, 21.330749606132745], [-100.87573667869678, 21.330714507009855]], [[-100.87573667869678, 21.330714507009855], [-100.87569921739377, 21.330723051903362]], [[-100.87570833735884, 21.330758151028874], [-100.87569921739377, 21.330723051903362]], [[-100.87569921739377, 21.330723051903362], [-100.87566175608578, 21.330731596788826]], [[-100.87567087604279, 21.330766695916953], [-100.87566175608578, 21.330731596788826]], [[-100.87566175608578, 21.330731596788826], [-100.87562429477278, 21.330740141666233]], [[-100.87563341472175, 21.330775240796985], [-100.87562429477278, 21.330740141666233]], [[-100.87562429477278, 21.330740141666233], [-100.87558683345476, 21.330748686535607]], [[-100.87559595339569, 21.33078378566897], [-100.87558683345476, 21.330748686535607]], [[-100.87558683345476, 21.330748686535607], [-100.87554937213176, 21.330757231396934]], [[-100.87555849206464, 21.33079233053291], [-100.87554937213176, 21.330757231396934]], [[-100.87554937213176, 21.330757231396934], [-100.87551191080375, 21.330765776250214]], [[-100.87552103072858, 21.330800875388814], [-100.87551191080375, 21.330765776250214]], [[-100.87551191080375, 21.330765776250214], [-100.87547444947074, 21.33077432109545]], [[-100.87548356938753, 21.330809420236665], [-100.87547444947074, 21.33077432109545]], [[-100.87547444947074, 21.33077432109545], [-100.87543698813273, 21.330782865932647]], [[-100.87544610804147, 21.330817965076474], [-100.87543698813273, 21.330782865932647]], [[-100.87543698813273, 21.330782865932647], [-100.87539952678972, 21.330791410761798]], [[-100.87540864669042, 21.330826509908242], [-100.87539952678972, 21.330791410761798]], [[-100.87539952678972, 21.330791410761798], [-100.87536206544172, 21.3307999555829]], [[-100.87537118533436, 21.33083505473196], [-100.87536206544172, 21.3307999555829]], [[-100.87536206544172, 21.3307999555829], [-100.87532460408872, 21.33080850039596]], [[-100.8753337239733, 21.33084359954764], [-100.87532460408872, 21.33080850039596]], [[-100.87532460408872, 21.33080850039596], [-100.8752871427307, 21.330817045200973]], [[-100.87529626260724, 21.330852144355276], [-100.8752871427307, 21.330817045200973]], [[-100.8752871427307, 21.330817045200973], [-100.87524968136769, 21.330825589997943]], [[-100.87525880123617, 21.330860689154864], [-100.87524968136769, 21.330825589997943]], [[-100.87524968136769, 21.330825589997943], [-100.87521221999968, 21.33083413478687]], [[-100.87522133986012, 21.33086923394641], [-100.87521221999968, 21.33083413478687]], [[-100.87521221999968, 21.33083413478687], [-100.87517475862667, 21.33084267956776]], [[-100.87518387847906, 21.33087777872991], [-100.87517475862667, 21.33084267956776]], [[-100.87517475862667, 21.33084267956776], [-100.87513729724866, 21.330851224340595]], [[-100.875146417093, 21.33088632350536], [-100.87513729724866, 21.330851224340595]], [[-100.87513729724866, 21.330851224340595], [-100.87509983586564, 21.330859769105388]], [[-100.87510895570195, 21.330894868272768], [-100.87509983586564, 21.330859769105388]], [[-100.87509983586564, 21.330859769105388], [-100.87506237447764, 21.330868313862133]], [[-100.87507149430589, 21.330903413032136], [-100.87506237447764, 21.330868313862133]], [[-100.87506237447764, 21.330868313862133], [-100.87502491308462, 21.330876858610832]], [[-100.87503403290482, 21.330911957783453], [-100.87502491308462, 21.330876858610832]], [[-100.87502491308462, 21.330876858610832], [-100.87498745168661, 21.330885403351495]], [[-100.87499657149877, 21.330920502526734], [-100.87498745168661, 21.330885403351495]], [[-100.87498745168661, 21.330885403351495], [-100.8749499902836, 21.33089394808411]], [[-100.8749591100877, 21.330929047261964], [-100.8749499902836, 21.33089394808411]], [[-100.8749499902836, 21.33089394808411], [-100.87491252887558, 21.33090249280868]], [[-100.87492164867163, 21.330937591989148], [-100.87491252887558, 21.33090249280868]], [[-100.87491252887558, 21.33090249280868], [-100.87487506746257, 21.3309110375252]], [[-100.87488418725057, 21.33094613670829], [-100.87487506746257, 21.3309110375252]], [[-100.87487506746257, 21.3309110375252], [-100.87483760604455, 21.33091958223369]], [[-100.87484672582451, 21.33095468141939], [-100.87483760604455, 21.33091958223369]], [[-100.87483760604455, 21.33091958223369], [-100.87480014462155, 21.330928126934126]], [[-100.87480926439345, 21.330963226122446], [-100.87480014462155, 21.330928126934126]], [[-100.87480014462155, 21.330928126934126], [-100.87476268319354, 21.330936671626517]], [[-100.87477180295738, 21.33097177081746], [-100.87476268319354, 21.330936671626517]], [[-100.87476268319354, 21.330936671626517], [-100.87472522176051, 21.33094521631086]], [[-100.87473434151632, 21.330980315504423], [-100.87472522176051, 21.33094521631086]], [[-100.87472522176051, 21.33094521631086], [-100.8746877603225, 21.33095376098716]], [[-100.87469688007026, 21.33098886018334], [-100.8746877603225, 21.33095376098716]], [[-100.8746877603225, 21.33095376098716], [-100.87465029887949, 21.330962305655422]], [[-100.8746594186192, 21.330997404854212], [-100.87465029887949, 21.330962305655422]], [[-100.87465029887949, 21.330962305655422], [-100.87461283743147, 21.33097085031563]], [[-100.87462195716314, 21.331005949517042], [-100.87461283743147, 21.33097085031563]], [[-100.87461283743147, 21.33097085031563], [-100.87457537597847, 21.3309793949678]], [[-100.87458449570208, 21.33101449417183], [-100.87457537597847, 21.3309793949678]], [[-100.87457537597847, 21.3309793949678], [-100.87453791452045, 21.330987939611926]], [[-100.87454703423602, 21.331023038818557], [-100.87453791452045, 21.330987939611926]], [[-100.87453791452045, 21.330987939611926], [-100.87450045305744, 21.330996484248]], [[-100.87450957276495, 21.331031583457264], [-100.87450045305744, 21.330996484248]], [[-100.87450045305744, 21.330996484248], [-100.87446299158941, 21.331005028876042]], [[-100.8744721112889, 21.331040128087917], [-100.87446299158941, 21.331005028876042]], [[-100.87446299158941, 21.331005028876042], [-100.87442553011641, 21.331013573496026]], [[-100.87443464980781, 21.331048672710523], [-100.87442553011641, 21.331013573496026]], [[-100.87442553011641, 21.331013573496026], [-100.87438806863838, 21.33102211810797]], [[-100.87439718832175, 21.331057217325082], [-100.87438806863838, 21.33102211810797]], [[-100.87438806863838, 21.33102211810797], [-100.87435060715536, 21.331030662711868]], [[-100.87435972683069, 21.331065761931594], [-100.87435060715536, 21.331030662711868]], [[-100.87435060715536, 21.331030662711868], [-100.87431314566736, 21.331039207307725]], [[-100.87432226533463, 21.33107430653007], [-100.87431314566736, 21.331039207307725]], [[-100.87431314566736, 21.331039207307725], [-100.87427568417434, 21.331047751895532]], [[-100.87428480383356, 21.3310828511205], [-100.87427568417434, 21.331047751895532]], [[-100.87427568417434, 21.331047751895532], [-100.87423822267633, 21.331056296475303]], [[-100.8742473423275, 21.331091395702877], [-100.87423822267633, 21.331056296475303]], [[-100.87423822267633, 21.331056296475303], [-100.87420076117331, 21.331064841047024]], [[-100.87420988081644, 21.331099940277216], [-100.87420076117331, 21.331064841047024]], [[-100.87420076117331, 21.331064841047024], [-100.8741632996653, 21.331073385610697]], [[-100.87417241930038, 21.331108484843508], [-100.8741632996653, 21.331073385610697]], [[-100.8741632996653, 21.331073385610697], [-100.87412583815228, 21.33108193016633]], [[-100.8741349577793, 21.33111702940176], [-100.87412583815228, 21.33108193016633]], [[-100.87412583815228, 21.33108193016633], [-100.87408837663426, 21.331090474713914]], [[-100.87409749625324, 21.331125573951955], [-100.87408837663426, 21.331090474713914]], [[-100.87408837663426, 21.331090474713914], [-100.87405091511125, 21.331099019253454]], [[-100.87406003472219, 21.331134118494116], [-100.87405091511125, 21.331099019253454]], [[-100.87405091511125, 21.331099019253454], [-100.87401345358325, 21.331107563784943]], [[-100.87402257318611, 21.33114266302823], [-100.87401345358325, 21.331107563784943]], [[-100.87401345358325, 21.331107563784943], [-100.87397599205022, 21.331116108308393]], [[-100.87398511164506, 21.331151207554292], [-100.87397599205022, 21.331116108308393]], [[-100.87397599205022, 21.331116108308393], [-100.8739385305122, 21.331124652823807]], [[-100.87394765009898, 21.33115975207232], [-100.8739385305122, 21.331124652823807]], [[-100.8739385305122, 21.331124652823807], [-100.8739010689692, 21.33113319733117]], [[-100.87391018854792, 21.331168296582298], [-100.8739010689692, 21.33113319733117]], [[-100.8739010689692, 21.33113319733117], [-100.87386360742119, 21.331141741830486]], [[-100.87387272699186, 21.331176841084236], [-100.87386360742119, 21.331141741830486]], [[-100.87386360742119, 21.331141741830486], [-100.87382614586816, 21.331150286321748]], [[-100.8738352654308, 21.33118538557812], [-100.87382614586816, 21.331150286321748]], [[-100.87382614586816, 21.331150286321748], [-100.87378868431016, 21.331158830804984]], [[-100.87379780386473, 21.33119393006396], [-100.87378868431016, 21.331158830804984]], [[-100.87378868431016, 21.331158830804984], [-100.87375122274715, 21.331167375280167]], [[-100.87376034229368, 21.331202474541765], [-100.87375122274715, 21.331167375280167]], [[-100.87375122274715, 21.331167375280167], [-100.87371376117912, 21.331175919747306]], [[-100.87372288071761, 21.33121101901152], [-100.87371376117912, 21.331175919747306]], [[-100.87371376117912, 21.331175919747306], [-100.87367629960612, 21.331184464206395]], [[-100.87368541913655, 21.331219563473223], [-100.87367629960612, 21.331184464206395]], [[-100.87367629960612, 21.331184464206395], [-100.8736388380281, 21.33119300865744]], [[-100.87364795755049, 21.331228107926883], [-100.8736388380281, 21.33119300865744]], [[-100.8736388380281, 21.33119300865744], [-100.87360137644508, 21.331201553100442]], [[-100.87361049595943, 21.331236652372503], [-100.87360137644508, 21.331201553100442]], [[-100.87360137644508, 21.331201553100442], [-100.87356391485707, 21.3312100975354]], [[-100.87357303436336, 21.331245196810087], [-100.87356391485707, 21.3312100975354]], [[-100.87356391485707, 21.3312100975354], [-100.87352645326406, 21.331218641962312]], [[-100.87353557276231, 21.33125374123961], [-100.87352645326406, 21.331218641962312]], [[-100.87352645326406, 21.331218641962312], [-100.87348899166605, 21.331227186381177]], [[-100.87349811115624, 21.331262285661097], [-100.87348899166605, 21.331227186381177]], [[-100.87348899166605, 21.331227186381177], [-100.87345153006304, 21.331235730792002]], [[-100.87346064954518, 21.33127083007453], [-100.87345153006304, 21.331235730792002]], [[-100.87345153006304, 21.331235730792002], [-100.87341406845502, 21.331244275194777]], [[-100.87342318792912, 21.331279374479923], [-100.87341406845502, 21.331244275194777]], [[-100.87341406845502, 21.331244275194777], [-100.87337660684203, 21.331252819589512]], [[-100.87338572630806, 21.331287918877273], [-100.87337660684203, 21.331252819589512]], [[-100.87337660684203, 21.331252819589512], [-100.87333914522401, 21.331261363976193]], [[-100.873348264682, 21.331296463266575], [-100.87333914522401, 21.331261363976193]], [[-100.87333914522401, 21.331261363976193], [-100.87330168360099, 21.331269908354837]], [[-100.87331080305094, 21.331305007647828], [-100.87330168360099, 21.331269908354837]], [[-100.87330168360099, 21.331269908354837], [-100.87326422197299, 21.33127845272544]], [[-100.87327334141489, 21.331313552021044], [-100.87326422197299, 21.33127845272544]], [[-100.87326422197299, 21.33127845272544], [-100.87322676033997, 21.33128699708799]], [[-100.87323587977382, 21.331322096386216], [-100.87322676033997, 21.33128699708799]], [[-100.87573667869678, 21.330714507009855], [-100.87572755872866, 21.330679407886013]], [[-100.87572755872866, 21.330679407886013], [-100.8756900974337, 21.33068795277689]], [[-100.87569921739377, 21.330723051903362], [-100.8756900974337, 21.33068795277689]], [[-100.8756900974337, 21.33068795277689], [-100.87565263613375, 21.33069649765974]], [[-100.87566175608578, 21.330731596788826], [-100.87565263613375, 21.33069649765974]], [[-100.87565263613375, 21.33069649765974], [-100.8756151748288, 21.33070504253454]], [[-100.87562429477278, 21.330740141666233], [-100.8756151748288, 21.33070504253454]], [[-100.8756151748288, 21.33070504253454], [-100.87557771351884, 21.33071358740129]], [[-100.87558683345476, 21.330748686535607], [-100.87557771351884, 21.33071358740129]], [[-100.87557771351884, 21.33071358740129], [-100.87554025220388, 21.330722132260004]], [[-100.87554937213176, 21.330757231396934], [-100.87554025220388, 21.330722132260004]], [[-100.87554025220388, 21.330722132260004], [-100.87550279088391, 21.330730677110665]], [[-100.87551191080375, 21.330765776250214], [-100.87550279088391, 21.330730677110665]], [[-100.87550279088391, 21.330730677110665], [-100.87546532955895, 21.33073922195329]], [[-100.87547444947074, 21.33077432109545], [-100.87546532955895, 21.33073922195329]], [[-100.87546532955895, 21.33073922195329], [-100.875427868229, 21.330747766787862]], [[-100.87543698813273, 21.330782865932647], [-100.875427868229, 21.330747766787862]], [[-100.875427868229, 21.330747766787862], [-100.87539040689404, 21.330756311614394]], [[-100.87539952678972, 21.330791410761798], [-100.87539040689404, 21.330756311614394]], [[-100.87539040689404, 21.330756311614394], [-100.87535294555407, 21.33076485643289]], [[-100.87536206544172, 21.3307999555829], [-100.87535294555407, 21.33076485643289]], [[-100.87535294555407, 21.33076485643289], [-100.87531548420911, 21.330773401243327]], [[-100.87532460408872, 21.33080850039596], [-100.87531548420911, 21.330773401243327]], [[-100.87531548420911, 21.330773401243327], [-100.87527802285916, 21.330781946045718]], [[-100.8752871427307, 21.330817045200973], [-100.87527802285916, 21.330781946045718]], [[-100.87527802285916, 21.330781946045718], [-100.8752405615042, 21.330790490840073]], [[-100.87524968136769, 21.330825589997943], [-100.8752405615042, 21.330790490840073]], [[-100.8752405615042, 21.330790490840073], [-100.87520310014425, 21.330799035626384]], [[-100.87521221999968, 21.33083413478687], [-100.87520310014425, 21.330799035626384]], [[-100.87520310014425, 21.330799035626384], [-100.87516563877927, 21.330807580404652]], [[-100.87517475862667, 21.33084267956776], [-100.87516563877927, 21.330807580404652]], [[-100.87516563877927, 21.330807580404652], [-100.87512817740931, 21.33081612517487]], [[-100.87513729724866, 21.330851224340595], [-100.87512817740931, 21.33081612517487]], [[-100.87512817740931, 21.33081612517487], [-100.87509071603435, 21.330824669937048]], [[-100.87509983586564, 21.330859769105388], [-100.87509071603435, 21.330824669937048]], [[-100.87509071603435, 21.330824669937048], [-100.87505325465439, 21.330833214691175]], [[-100.87506237447764, 21.330868313862133], [-100.87505325465439, 21.330833214691175]], [[-100.87505325465439, 21.330833214691175], [-100.87501579326943, 21.330841759437263]], [[-100.87502491308462, 21.330876858610832], [-100.87501579326943, 21.330841759437263]], [[-100.87501579326943, 21.330841759437263], [-100.87497833187946, 21.330850304175303]], [[-100.87498745168661, 21.330885403351495], [-100.87497833187946, 21.330850304175303]], [[-100.87497833187946, 21.330850304175303], [-100.8749408704845, 21.3308588489053]], [[-100.8749499902836, 21.33089394808411], [-100.8749408704845, 21.3308588489053]], [[-100.8749408704845, 21.3308588489053], [-100.87490340908452, 21.330867393627255]], [[-100.87491252887558, 21.33090249280868], [-100.87490340908452, 21.330867393627255]], [[-100.87490340908452, 21.330867393627255], [-100.87486594767957, 21.330875938341162]], [[-100.87487506746257, 21.3309110375252], [-100.87486594767957, 21.330875938341162]], [[-100.87486594767957, 21.330875938341162], [-100.8748284862696, 21.330884483047033]], [[-100.87483760604455, 21.33091958223369], [-100.8748284862696, 21.330884483047033]], [[-100.8748284862696, 21.330884483047033], [-100.87479102485463, 21.330893027744846]], [[-100.87480014462155, 21.330928126934126], [-100.87479102485463, 21.330893027744846]], [[-100.87479102485463, 21.330893027744846], [-100.87475356343468, 21.330901572434623]], [[-100.87476268319354, 21.330936671626517], [-100.87475356343468, 21.330901572434623]], [[-100.87475356343468, 21.330901572434623], [-100.87471610200971, 21.33091011711635]], [[-100.87472522176051, 21.33094521631086], [-100.87471610200971, 21.33091011711635]], [[-100.87471610200971, 21.33091011711635], [-100.87467864057975, 21.330918661790037]], [[-100.8746877603225, 21.33095376098716], [-100.87467864057975, 21.330918661790037]], [[-100.87467864057975, 21.330918661790037], [-100.87464117914479, 21.330927206455677]], [[-100.87465029887949, 21.330962305655422], [-100.87464117914479, 21.330927206455677]], [[-100.87464117914479, 21.330927206455677], [-100.87460371770482, 21.33093575111327]], [[-100.87461283743147, 21.33097085031563], [-100.87460371770482, 21.33093575111327]], [[-100.87460371770482, 21.33093575111327], [-100.87456625625984, 21.330944295762826]], [[-100.87457537597847, 21.3309793949678], [-100.87456625625984, 21.330944295762826]], [[-100.87456625625984, 21.330944295762826], [-100.87452879480988, 21.33095284040433]], [[-100.87453791452045, 21.330987939611926], [-100.87452879480988, 21.33095284040433]], [[-100.87452879480988, 21.33095284040433], [-100.87449133335491, 21.330961385037796]], [[-100.87450045305744, 21.330996484248], [-100.87449133335491, 21.330961385037796]], [[-100.87449133335491, 21.330961385037796], [-100.87445387189494, 21.33096992966321]], [[-100.87446299158941, 21.331005028876042], [-100.87445387189494, 21.33096992966321]], [[-100.87445387189494, 21.33096992966321], [-100.87441641042999, 21.330978474280577]], [[-100.87442553011641, 21.331013573496026], [-100.87441641042999, 21.330978474280577]], [[-100.87441641042999, 21.330978474280577], [-100.87437894896001, 21.330987018889907]], [[-100.87438806863838, 21.33102211810797], [-100.87437894896001, 21.330987018889907]], [[-100.87437894896001, 21.330987018889907], [-100.87434148748505, 21.330995563491193]], [[-100.87435060715536, 21.331030662711868], [-100.87434148748505, 21.330995563491193]], [[-100.87434148748505, 21.330995563491193], [-100.87430402600509, 21.33100410808443]], [[-100.87431314566736, 21.331039207307725], [-100.87430402600509, 21.33100410808443]], [[-100.87430402600509, 21.33100410808443], [-100.87426656452011, 21.33101265266962]], [[-100.87427568417434, 21.331047751895532], [-100.87426656452011, 21.33101265266962]], [[-100.87426656452011, 21.33101265266962], [-100.87422910303015, 21.33102119724677]], [[-100.87423822267633, 21.331056296475303], [-100.87422910303015, 21.33102119724677]], [[-100.87422910303015, 21.33102119724677], [-100.87419164153519, 21.331029741815872]], [[-100.87420076117331, 21.331064841047024], [-100.87419164153519, 21.331029741815872]], [[-100.87419164153519, 21.331029741815872], [-100.87415418003522, 21.33103828637694]], [[-100.8741632996653, 21.331073385610697], [-100.87415418003522, 21.33103828637694]], [[-100.87415418003522, 21.33103828637694], [-100.87411671853026, 21.33104683092995]], [[-100.87412583815228, 21.33108193016633], [-100.87411671853026, 21.33104683092995]], [[-100.87411671853026, 21.33104683092995], [-100.87407925702028, 21.331055375474918]], [[-100.87408837663426, 21.331090474713914], [-100.87407925702028, 21.331055375474918]], [[-100.87407925702028, 21.331055375474918], [-100.87404179550532, 21.33106392001184]], [[-100.87405091511125, 21.331099019253454], [-100.87404179550532, 21.33106392001184]], [[-100.87404179550532, 21.33106392001184], [-100.87400433398535, 21.331072464540714]], [[-100.87401345358325, 21.331107563784943], [-100.87400433398535, 21.331072464540714]], [[-100.87400433398535, 21.331072464540714], [-100.87396687246039, 21.33108100906156]], [[-100.87397599205022, 21.331116108308393], [-100.87396687246039, 21.33108100906156]], [[-100.87396687246039, 21.33108100906156], [-100.87392941093043, 21.33108955357434]], [[-100.8739385305122, 21.331124652823807], [-100.87392941093043, 21.33108955357434]], [[-100.87392941093043, 21.33108955357434], [-100.87389194939546, 21.33109809807909]], [[-100.8739010689692, 21.33113319733117], [-100.87389194939546, 21.33109809807909]], [[-100.87389194939546, 21.33109809807909], [-100.8738544878555, 21.33110664257579]], [[-100.87386360742119, 21.331141741830486], [-100.8738544878555, 21.33110664257579]], [[-100.8738544878555, 21.33110664257579], [-100.87381702631053, 21.331115187064444]], [[-100.87382614586816, 21.331150286321748], [-100.87381702631053, 21.331115187064444]], [[-100.87381702631053, 21.331115187064444], [-100.87377956476057, 21.331123731545055]], [[-100.87378868431016, 21.331158830804984], [-100.87377956476057, 21.331123731545055]], [[-100.87377956476057, 21.331123731545055], [-100.8737421032056, 21.33113227601762]], [[-100.87375122274715, 21.331167375280167], [-100.8737421032056, 21.33113227601762]], [[-100.8737421032056, 21.33113227601762], [-100.87370464164563, 21.331140820482133]], [[-100.87371376117912, 21.331175919747306], [-100.87370464164563, 21.331140820482133]], [[-100.87370464164563, 21.331140820482133], [-100.87366718008067, 21.331149364938614]], [[-100.87367629960612, 21.331184464206395], [-100.87366718008067, 21.331149364938614]], [[-100.87366718008067, 21.331149364938614], [-100.87362971851071, 21.331157909387052]], [[-100.8736388380281, 21.33119300865744], [-100.87362971851071, 21.331157909387052]], [[-100.87362971851071, 21.331157909387052], [-100.87359225693574, 21.331166453827432]], [[-100.87360137644508, 21.331201553100442], [-100.87359225693574, 21.331166453827432]], [[-100.87359225693574, 21.331166453827432], [-100.87355479535579, 21.33117499825977]], [[-100.87356391485707, 21.3312100975354], [-100.87355479535579, 21.33117499825977]], [[-100.87355479535579, 21.33117499825977], [-100.87351733377082, 21.331183542684066]], [[-100.87352645326406, 21.331218641962312], [-100.87351733377082, 21.331183542684066]], [[-100.87351733377082, 21.331183542684066], [-100.87347987218085, 21.331192087100312]], [[-100.87348899166605, 21.331227186381177], [-100.87347987218085, 21.331192087100312]], [[-100.87347987218085, 21.331192087100312], [-100.8734424105859, 21.331200631508526]], [[-100.87345153006304, 21.331235730792002], [-100.8734424105859, 21.331200631508526]], [[-100.8734424105859, 21.331200631508526], [-100.87340494898594, 21.331209175908683]], [[-100.87341406845502, 21.331244275194777], [-100.87340494898594, 21.331209175908683]], [[-100.87340494898594, 21.331209175908683], [-100.87336748738097, 21.331217720300796]], [[-100.87337660684203, 21.331252819589512], [-100.87336748738097, 21.331217720300796]], [[-100.87336748738097, 21.331217720300796], [-100.87333002577101, 21.331226264684865]], [[-100.87333914522401, 21.331261363976193], [-100.87333002577101, 21.331226264684865]], [[-100.87333002577101, 21.331226264684865], [-100.87329256415605, 21.33123480906089]], [[-100.87330168360099, 21.331269908354837], [-100.87329256415605, 21.33123480906089]], [[-100.87329256415605, 21.33123480906089], [-100.87325510253609, 21.33124335342887]], [[-100.87326422197299, 21.33127845272544], [-100.87325510253609, 21.33124335342887]], [[-100.87325510253609, 21.33124335342887], [-100.87321764091112, 21.331251897788807]], [[-100.87322676033997, 21.33128699708799], [-100.87321764091112, 21.331251897788807]], [[-100.87550279088391, 21.330730677110665], [-100.87549367096909, 21.330695577970168]], [[-100.87549367096909, 21.330695577970168], [-100.87545620965217, 21.330704122810168]], [[-100.87546532955895, 21.33073922195329], [-100.87545620965217, 21.330704122810168]], [[-100.87545620965217, 21.330704122810168], [-100.87541874833026, 21.33071266764212]], [[-100.875427868229, 21.330747766787862], [-100.87541874833026, 21.33071266764212]], [[-100.87541874833026, 21.33071266764212], [-100.87538128700336, 21.330721212466038]], [[-100.87539040689404, 21.330756311614394], [-100.87538128700336, 21.330721212466038]], [[-100.87538128700336, 21.330721212466038], [-100.87534382567144, 21.330729757281908]], [[-100.87535294555407, 21.33076485643289], [-100.87534382567144, 21.330729757281908]], [[-100.87534382567144, 21.330729757281908], [-100.87530636433453, 21.33073830208973]], [[-100.87531548420911, 21.330773401243327], [-100.87530636433453, 21.33073830208973]], [[-100.87530636433453, 21.33073830208973], [-100.87526890299262, 21.330746846889515]], [[-100.87527802285916, 21.330781946045718], [-100.87526890299262, 21.330746846889515]], [[-100.87526890299262, 21.330746846889515], [-100.87523144164571, 21.33075539168125]], [[-100.8752405615042, 21.330790490840073], [-100.87523144164571, 21.33075539168125]], [[-100.87523144164571, 21.33075539168125], [-100.87519398029379, 21.330763936464948]], [[-100.87520310014425, 21.330799035626384], [-100.87519398029379, 21.330763936464948]], [[-100.87519398029379, 21.330763936464948], [-100.87515651893688, 21.330772481240594]], [[-100.87516563877927, 21.330807580404652], [-100.87515651893688, 21.330772481240594]], [[-100.87515651893688, 21.330772481240594], [-100.87511905757498, 21.330781026008196]], [[-100.87512817740931, 21.33081612517487], [-100.87511905757498, 21.330781026008196]], [[-100.87511905757498, 21.330781026008196], [-100.87508159620805, 21.330789570767752]], [[-100.87509071603435, 21.330824669937048], [-100.87508159620805, 21.330789570767752]], [[-100.87508159620805, 21.330789570767752], [-100.87504413483613, 21.330798115519265]], [[-100.87505325465439, 21.330833214691175], [-100.87504413483613, 21.330798115519265]], [[-100.87504413483613, 21.330798115519265], [-100.87500667345923, 21.330806660262738]], [[-100.87501579326943, 21.330841759437263], [-100.87500667345923, 21.330806660262738]], [[-100.87500667345923, 21.330806660262738], [-100.87496921207732, 21.33081520499816]], [[-100.87497833187946, 21.330850304175303], [-100.87496921207732, 21.33081520499816]], [[-100.87496921207732, 21.33081520499816], [-100.8749317506904, 21.330823749725543]], [[-100.8749408704845, 21.3308588489053], [-100.8749317506904, 21.330823749725543]], [[-100.8749317506904, 21.330823749725543], [-100.87489428929848, 21.33083229444488]], [[-100.87490340908452, 21.330867393627255], [-100.87489428929848, 21.33083229444488]], [[-100.87489428929848, 21.33083229444488], [-100.87485682790157, 21.33084083915617]], [[-100.87486594767957, 21.330875938341162], [-100.87485682790157, 21.33084083915617]], [[-100.87485682790157, 21.33084083915617], [-100.87481936649965, 21.33084938385942]], [[-100.8748284862696, 21.330884483047033], [-100.87481936649965, 21.33084938385942]], [[-100.87481936649965, 21.33084938385942], [-100.87478190509273, 21.330857928554618]], [[-100.87479102485463, 21.330893027744846], [-100.87478190509273, 21.330857928554618]], [[-100.87478190509273, 21.330857928554618], [-100.87474444368081, 21.330866473241777]], [[-100.87475356343468, 21.330901572434623], [-100.87474444368081, 21.330866473241777]], [[-100.87474444368081, 21.330866473241777], [-100.8747069822639, 21.330875017920885]], [[-100.87471610200971, 21.33091011711635], [-100.8747069822639, 21.330875017920885]], [[-100.8747069822639, 21.330875017920885], [-100.87466952084199, 21.330883562591957]], [[-100.87467864057975, 21.330918661790037], [-100.87466952084199, 21.330883562591957]], [[-100.87466952084199, 21.330883562591957], [-100.87463205941506, 21.33089210725498]], [[-100.87464117914479, 21.330927206455677], [-100.87463205941506, 21.33089210725498]], [[-100.87463205941506, 21.33089210725498], [-100.87459459798315, 21.33090065190996]], [[-100.87460371770482, 21.33093575111327], [-100.87459459798315, 21.33090065190996]], [[-100.87459459798315, 21.33090065190996], [-100.87455713654623, 21.33090919655689]], [[-100.87456625625984, 21.330944295762826], [-100.87455713654623, 21.33090919655689]], [[-100.87455713654623, 21.33090919655689], [-100.87451967510431, 21.330917741195783]], [[-100.87452879480988, 21.33095284040433], [-100.87451967510431, 21.330917741195783]], [[-100.87451967510431, 21.330917741195783], [-100.8744822136574, 21.330926285826628]], [[-100.87449133335491, 21.330961385037796], [-100.8744822136574, 21.330926285826628]], [[-100.8744822136574, 21.330926285826628], [-100.87444475220548, 21.330934830449426]], [[-100.87445387189494, 21.33096992966321], [-100.87444475220548, 21.330934830449426]], [[-100.87444475220548, 21.330934830449426], [-100.87440729074856, 21.330943375064187]], [[-100.87441641042999, 21.330978474280577], [-100.87440729074856, 21.330943375064187]], [[-100.87440729074856, 21.330943375064187], [-100.87436982928664, 21.33095191967089]], [[-100.87437894896001, 21.330987018889907], [-100.87436982928664, 21.33095191967089]], [[-100.87436982928664, 21.33095191967089], [-100.87433236781973, 21.330960464269562]], [[-100.87434148748505, 21.330995563491193], [-100.87433236781973, 21.330960464269562]], [[-100.87433236781973, 21.330960464269562], [-100.87429490634781, 21.33096900886018]], [[-100.87430402600509, 21.33100410808443], [-100.87429490634781, 21.33096900886018]], [[-100.87429490634781, 21.33096900886018], [-100.87425744487089, 21.330977553442757]], [[-100.87426656452011, 21.33101265266962], [-100.87425744487089, 21.330977553442757]], [[-100.87425744487089, 21.330977553442757], [-100.87421998338897, 21.330986098017288]], [[-100.87422910303015, 21.33102119724677], [-100.87421998338897, 21.330986098017288]], [[-100.87421998338897, 21.330986098017288], [-100.87418252190206, 21.330994642583775]], [[-100.87419164153519, 21.331029741815872], [-100.87418252190206, 21.330994642583775]], [[-100.87418252190206, 21.330994642583775], [-100.87414506041014, 21.33100318714222]], [[-100.87415418003522, 21.33103828637694], [-100.87414506041014, 21.33100318714222]], [[-100.87414506041014, 21.33100318714222], [-100.87410759891323, 21.331011731692612]], [[-100.87411671853026, 21.33104683092995], [-100.87410759891323, 21.331011731692612]], [[-100.87410759891323, 21.331011731692612], [-100.87407013741131, 21.331020276234966]], [[-100.87407925702028, 21.331055375474918], [-100.87407013741131, 21.331020276234966]], [[-100.87407013741131, 21.331020276234966], [-100.87403267590439, 21.331028820769273]], [[-100.87404179550532, 21.33106392001184], [-100.87403267590439, 21.331028820769273]], [[-100.87403267590439, 21.331028820769273], [-100.87399521439248, 21.331037365295536]], [[-100.87400433398535, 21.331072464540714], [-100.87399521439248, 21.331037365295536]], [[-100.87399521439248, 21.331037365295536], [-100.87395775287555, 21.331045909813753]], [[-100.87396687246039, 21.33108100906156], [-100.87395775287555, 21.331045909813753]], [[-100.87395775287555, 21.331045909813753], [-100.87392029135364, 21.33105445432393]], [[-100.87392941093043, 21.33108955357434], [-100.87392029135364, 21.33105445432393]], [[-100.87392029135364, 21.33105445432393], [-100.87388282982673, 21.331062998826056]], [[-100.87389194939546, 21.33109809807909], [-100.87388282982673, 21.331062998826056]], [[-100.87388282982673, 21.331062998826056], [-100.87384536829481, 21.33107154332014]], [[-100.8738544878555, 21.33110664257579], [-100.87384536829481, 21.33107154332014]], [[-100.87384536829481, 21.33107154332014], [-100.87380790675789, 21.33108008780618]], [[-100.87381702631053, 21.331115187064444], [-100.87380790675789, 21.33108008780618]], [[-100.87380790675789, 21.33108008780618], [-100.87377044521598, 21.33108863228417]], [[-100.87377956476057, 21.331123731545055], [-100.87377044521598, 21.33108863228417]], [[-100.87377044521598, 21.33108863228417], [-100.87373298366906, 21.331097176754117]], [[-100.8737421032056, 21.33113227601762], [-100.87373298366906, 21.331097176754117]], [[-100.87373298366906, 21.331097176754117], [-100.87369552211715, 21.33110572121602]], [[-100.87370464164563, 21.331140820482133], [-100.87369552211715, 21.33110572121602]], [[-100.87369552211715, 21.33110572121602], [-100.87365806056023, 21.33111426566988]], [[-100.87366718008067, 21.331149364938614], [-100.87365806056023, 21.33111426566988]], [[-100.87365806056023, 21.33111426566988], [-100.87362059899831, 21.331122810115698]], [[-100.87362971851071, 21.331157909387052], [-100.87362059899831, 21.331122810115698]], [[-100.87362059899831, 21.331122810115698], [-100.87358313743141, 21.331131354553467]], [[-100.87359225693574, 21.331166453827432], [-100.87358313743141, 21.331131354553467]], [[-100.87358313743141, 21.331131354553467], [-100.87354567585949, 21.331139898983185]], [[-100.87355479535579, 21.33117499825977], [-100.87354567585949, 21.331139898983185]], [[-100.87354567585949, 21.331139898983185], [-100.87350821428258, 21.331148443404864]], [[-100.87351733377082, 21.331183542684066], [-100.87350821428258, 21.331148443404864]], [[-100.87350821428258, 21.331148443404864], [-100.87347075270065, 21.3311569878185]], [[-100.87347987218085, 21.331192087100312], [-100.87347075270065, 21.3311569878185]], [[-100.87347075270065, 21.3311569878185], [-100.87343329111376, 21.331165532224087]], [[-100.8734424105859, 21.331200631508526], [-100.87343329111376, 21.331165532224087]], [[-100.87343329111376, 21.331165532224087], [-100.87339582952184, 21.331174076621632]], [[-100.87340494898594, 21.331209175908683], [-100.87339582952184, 21.331174076621632]], [[-100.87339582952184, 21.331174076621632], [-100.87335836792494, 21.331182621011127]], [[-100.87336748738097, 21.331217720300796], [-100.87335836792494, 21.331182621011127]], [[-100.87335836792494, 21.331182621011127], [-100.873320906323, 21.33119116539258]], [[-100.87333002577101, 21.331226264684865], [-100.873320906323, 21.33119116539258]], [[-100.873320906323, 21.33119116539258], [-100.8732834447161, 21.331199709765993]], [[-100.87329256415605, 21.33123480906089], [-100.8732834447161, 21.331199709765993]], [[-100.8732834447161, 21.331199709765993], [-100.87324598310418, 21.331208254131354]], [[-100.87325510253609, 21.33124335342887], [-100.87324598310418, 21.331208254131354]], [[-100.87530636433453, 21.33073830208973], [-100.87529724446495, 21.330703202935194]], [[-100.87529724446495, 21.330703202935194], [-100.87525978313107, 21.33071174773235]], [[-100.87526890299262, 21.330746846889515], [-100.87525978313107, 21.33071174773235]], [[-100.87525978313107, 21.33071174773235], [-100.87522232179221, 21.330720292521473]], [[-100.87523144164571, 21.33075539168125], [-100.87522232179221, 21.330720292521473]], [[-100.87522232179221, 21.330720292521473], [-100.87518486044834, 21.33072883730256]], [[-100.87519398029379, 21.330763936464948], [-100.87518486044834, 21.33072883730256]], [[-100.87518486044834, 21.33072883730256], [-100.87514739909948, 21.330737382075583]], [[-100.87515651893688, 21.330772481240594], [-100.87514739909948, 21.330737382075583]], [[-100.87514739909948, 21.330737382075583], [-100.87510993774562, 21.330745926840567]], [[-100.87511905757498, 21.330781026008196], [-100.87510993774562, 21.330745926840567]], [[-100.87510993774562, 21.330745926840567], [-100.87507247638675, 21.330754471597505]], [[-100.87508159620805, 21.330789570767752], [-100.87507247638675, 21.330754471597505]], [[-100.87507247638675, 21.330754471597505], [-100.87503501502289, 21.330763016346406]], [[-100.87504413483613, 21.330798115519265], [-100.87503501502289, 21.330763016346406]], [[-100.87503501502289, 21.330763016346406], [-100.87499755365403, 21.33077156108726]], [[-100.87500667345923, 21.330806660262738], [-100.87499755365403, 21.33077156108726]], [[-100.87499755365403, 21.33077156108726], [-100.87496009228016, 21.330780105820065]], [[-100.87496921207732, 21.33081520499816], [-100.87496009228016, 21.330780105820065]], [[-100.87496009228016, 21.330780105820065], [-100.8749226309013, 21.33078865054483]], [[-100.8749317506904, 21.330823749725543], [-100.8749226309013, 21.33078865054483]], [[-100.8749226309013, 21.33078865054483], [-100.87488516951743, 21.330797195261542]], [[-100.87489428929848, 21.33083229444488], [-100.87488516951743, 21.330797195261542]], [[-100.87488516951743, 21.330797195261542], [-100.87484770812856, 21.33080573997022]], [[-100.87485682790157, 21.33084083915617], [-100.87484770812856, 21.33080573997022]], [[-100.87484770812856, 21.33080573997022], [-100.8748102467347, 21.330814284670854]], [[-100.87481936649965, 21.33084938385942], [-100.8748102467347, 21.330814284670854]], [[-100.8748102467347, 21.330814284670854], [-100.87477278533582, 21.330822829363434]], [[-100.87478190509273, 21.330857928554618], [-100.87477278533582, 21.330822829363434]], [[-100.87477278533582, 21.330822829363434], [-100.87473532393196, 21.330831374047975]], [[-100.87474444368081, 21.330866473241777], [-100.87473532393196, 21.330831374047975]], [[-100.87473532393196, 21.330831374047975], [-100.87469786252309, 21.330839918724468]], [[-100.8747069822639, 21.330875017920885], [-100.87469786252309, 21.330839918724468]], [[-100.87469786252309, 21.330839918724468], [-100.87466040110922, 21.330848463392922]], [[-100.87466952084199, 21.330883562591957], [-100.87466040110922, 21.330848463392922]], [[-100.87466040110922, 21.330848463392922], [-100.87462293969035, 21.330857008053332]], [[-100.87463205941506, 21.33089210725498], [-100.87462293969035, 21.330857008053332]], [[-100.87462293969035, 21.330857008053332], [-100.87458547826648, 21.330865552705692]], [[-100.87459459798315, 21.33090065190996], [-100.87458547826648, 21.330865552705692]], [[-100.87458547826648, 21.330865552705692], [-100.87454801683762, 21.330874097350005]], [[-100.87455713654623, 21.33090919655689], [-100.87454801683762, 21.330874097350005]], [[-100.87454801683762, 21.330874097350005], [-100.87451055540375, 21.330882641986285]], [[-100.87451967510431, 21.330917741195783], [-100.87451055540375, 21.330882641986285]], [[-100.87451055540375, 21.330882641986285], [-100.87447309396488, 21.33089118661451]], [[-100.8744822136574, 21.330926285826628], [-100.87447309396488, 21.33089118661451]], [[-100.87447309396488, 21.33089118661451], [-100.87443563252101, 21.330899731234695]], [[-100.87444475220548, 21.330934830449426], [-100.87443563252101, 21.330899731234695]], [[-100.87443563252101, 21.330899731234695], [-100.87439817107214, 21.33090827584683]], [[-100.87440729074856, 21.330943375064187], [-100.87439817107214, 21.33090827584683]], [[-100.87439817107214, 21.33090827584683], [-100.87436070961827, 21.330916820450923]], [[-100.87436982928664, 21.33095191967089], [-100.87436070961827, 21.330916820450923]], [[-100.87436070961827, 21.330916820450923], [-100.87432324815941, 21.330925365046976]], [[-100.87433236781973, 21.330960464269562], [-100.87432324815941, 21.330925365046976]], [[-100.87432324815941, 21.330925365046976], [-100.87428578669554, 21.33093390963498]], [[-100.87429490634781, 21.33096900886018], [-100.87428578669554, 21.33093390963498]], [[-100.87428578669554, 21.33093390963498], [-100.87424832522666, 21.330942454214938]], [[-100.87425744487089, 21.330977553442757], [-100.87424832522666, 21.330942454214938]], [[-100.87424832522666, 21.330942454214938], [-100.87421086375281, 21.33095099878685]], [[-100.87421998338897, 21.330986098017288], [-100.87421086375281, 21.33095099878685]], [[-100.87421086375281, 21.33095099878685], [-100.87417340227394, 21.33095954335072]], [[-100.87418252190206, 21.330994642583775], [-100.87417340227394, 21.33095954335072]], [[-100.87417340227394, 21.33095954335072], [-100.87413594079007, 21.330968087906548]], [[-100.87414506041014, 21.33100318714222], [-100.87413594079007, 21.330968087906548]], [[-100.87413594079007, 21.330968087906548], [-100.8740984793012, 21.330976632454327]], [[-100.87410759891323, 21.331011731692612], [-100.8740984793012, 21.330976632454327]], [[-100.8740984793012, 21.330976632454327], [-100.87406101780732, 21.33098517699406]], [[-100.87407013741131, 21.331020276234966], [-100.87406101780732, 21.33098517699406]], [[-100.87406101780732, 21.33098517699406], [-100.87402355630847, 21.330993721525754]], [[-100.87403267590439, 21.331028820769273], [-100.87402355630847, 21.330993721525754]], [[-100.87402355630847, 21.330993721525754], [-100.8739860948046, 21.331002266049403]], [[-100.87399521439248, 21.331037365295536], [-100.8739860948046, 21.331002266049403]], [[-100.8739860948046, 21.331002266049403], [-100.87394863329573, 21.331010810565008]], [[-100.87395775287555, 21.331045909813753], [-100.87394863329573, 21.331010810565008]], [[-100.87394863329573, 21.331010810565008], [-100.87391117178187, 21.33101935507256]], [[-100.87392029135364, 21.33105445432393], [-100.87391117178187, 21.33101935507256]], [[-100.87391117178187, 21.33101935507256], [-100.873873710263, 21.331027899572064]], [[-100.87388282982673, 21.331062998826056], [-100.873873710263, 21.331027899572064]], [[-100.873873710263, 21.331027899572064], [-100.87383624873912, 21.331036444063532]], [[-100.87384536829481, 21.33107154332014], [-100.87383624873912, 21.331036444063532]], [[-100.87383624873912, 21.331036444063532], [-100.87379878721026, 21.331044988546957]], [[-100.87380790675789, 21.33108008780618], [-100.87379878721026, 21.331044988546957]], [[-100.87379878721026, 21.331044988546957], [-100.8737613256764, 21.331053533022335]], [[-100.87377044521598, 21.33108863228417], [-100.8737613256764, 21.331053533022335]], [[-100.8737613256764, 21.331053533022335], [-100.87372386413753, 21.331062077489666]], [[-100.87373298366906, 21.331097176754117], [-100.87372386413753, 21.331062077489666]], [[-100.87372386413753, 21.331062077489666], [-100.87368640259366, 21.33107062194895]], [[-100.87369552211715, 21.33110572121602], [-100.87368640259366, 21.33107062194895]], [[-100.87368640259366, 21.33107062194895], [-100.87364894104479, 21.331079166400194]], [[-100.87365806056023, 21.33111426566988], [-100.87364894104479, 21.331079166400194]], [[-100.87364894104479, 21.331079166400194], [-100.87361147949093, 21.33108771084339]], [[-100.87362059899831, 21.331122810115698], [-100.87361147949093, 21.33108771084339]], [[-100.87361147949093, 21.33108771084339], [-100.87357401793206, 21.33109625527854]], [[-100.87358313743141, 21.331131354553467], [-100.87357401793206, 21.33109625527854]], [[-100.87357401793206, 21.33109625527854], [-100.8735365563682, 21.33110479970565]], [[-100.87354567585949, 21.331139898983185], [-100.8735365563682, 21.33110479970565]], [[-100.8735365563682, 21.33110479970565], [-100.87349909479934, 21.33111334412471]], [[-100.87350821428258, 21.331148443404864], [-100.87349909479934, 21.33111334412471]], [[-100.87349909479934, 21.33111334412471], [-100.87346163322546, 21.331121888535726]], [[-100.87347075270065, 21.3311569878185], [-100.87346163322546, 21.331121888535726]], [[-100.87346163322546, 21.331121888535726], [-100.8734241716466, 21.3311304329387]], [[-100.87343329111376, 21.331165532224087], [-100.8734241716466, 21.3311304329387]], [[-100.8734241716466, 21.3311304329387], [-100.87338671006275, 21.33113897733363]], [[-100.87339582952184, 21.331174076621632], [-100.87338671006275, 21.33113897733363]], [[-100.87338671006275, 21.33113897733363], [-100.87334924847389, 21.331147521720506]], [[-100.87335836792494, 21.331182621011127], [-100.87334924847389, 21.331147521720506]], [[-100.87334924847389, 21.331147521720506], [-100.87331178688001, 21.331156066099343]], [[-100.873320906323, 21.33119116539258], [-100.87331178688001, 21.331156066099343]], [[-100.87331178688001, 21.331156066099343], [-100.87327432528116, 21.33116461047014]], [[-100.8732834447161, 21.331199709765993], [-100.87327432528116, 21.33116461047014]], [[-100.87327432528116, 21.33116461047014], [-100.87323686367729, 21.331173154832886]], [[-100.87324598310418, 21.331208254131354], [-100.87323686367729, 21.331173154832886]], [[-100.87510993774562, 21.330745926840567], [-100.87510081792128, 21.330710827671982]], [[-100.87510081792128, 21.330710827671982], [-100.87506335657046, 21.33071937242631]], [[-100.87507247638675, 21.330754471597505], [-100.87506335657046, 21.33071937242631]], [[-100.87506335657046, 21.33071937242631], [-100.87502589521463, 21.33072791717259]], [[-100.87503501502289, 21.330763016346406], [-100.87502589521463, 21.33072791717259]], [[-100.87502589521463, 21.33072791717259], [-100.87498843385383, 21.330736461910824]], [[-100.87499755365403, 21.33077156108726], [-100.87498843385383, 21.330736461910824]], [[-100.87498843385383, 21.330736461910824], [-100.87495097248801, 21.330745006641017]], [[-100.87496009228016, 21.330780105820065], [-100.87495097248801, 21.330745006641017]], [[-100.87495097248801, 21.330745006641017], [-100.8749135111172, 21.330753551363163]], [[-100.8749226309013, 21.33078865054483], [-100.8749135111172, 21.330753551363163]], [[-100.8749135111172, 21.330753551363163], [-100.87487604974137, 21.33076209607726]], [[-100.87488516951743, 21.330797195261542], [-100.87487604974137, 21.33076209607726]], [[-100.87487604974137, 21.33076209607726], [-100.87483858836055, 21.330770640783324]], [[-100.87484770812856, 21.33080573997022], [-100.87483858836055, 21.330770640783324]], [[-100.87483858836055, 21.330770640783324], [-100.87480112697475, 21.33077918548133]], [[-100.8748102467347, 21.330814284670854], [-100.87480112697475, 21.33077918548133]], [[-100.87480112697475, 21.33077918548133], [-100.87476366558391, 21.3307877301713]], [[-100.87477278533582, 21.330822829363434], [-100.87476366558391, 21.3307877301713]], [[-100.87476366558391, 21.3307877301713], [-100.8747262041881, 21.33079627485322]], [[-100.87473532393196, 21.330831374047975], [-100.8747262041881, 21.33079627485322]], [[-100.8747262041881, 21.33079627485322], [-100.87468874278728, 21.330804819527106]], [[-100.87469786252309, 21.330839918724468], [-100.87468874278728, 21.330804819527106]], [[-100.87468874278728, 21.330804819527106], [-100.87465128138146, 21.330813364192938]], [[-100.87466040110922, 21.330848463392922], [-100.87465128138146, 21.330813364192938]], [[-100.87465128138146, 21.330813364192938], [-100.87461381997065, 21.33082190885073]], [[-100.87462293969035, 21.330857008053332], [-100.87461381997065, 21.33082190885073]], [[-100.87461381997065, 21.33082190885073], [-100.87457635855482, 21.330830453500468]], [[-100.87458547826648, 21.330865552705692], [-100.87457635855482, 21.330830453500468]], [[-100.87457635855482, 21.330830453500468], [-100.874538897134, 21.330838998142173]], [[-100.87454801683762, 21.330874097350005], [-100.874538897134, 21.330838998142173]], [[-100.874538897134, 21.330838998142173], [-100.87450143570818, 21.330847542775828]], [[-100.87451055540375, 21.330882641986285], [-100.87450143570818, 21.330847542775828]], [[-100.87450143570818, 21.330847542775828], [-100.87446397427736, 21.33085608740144]], [[-100.87447309396488, 21.33089118661451], [-100.87446397427736, 21.33085608740144]], [[-100.87446397427736, 21.33085608740144], [-100.87442651284155, 21.330864632019004]], [[-100.87443563252101, 21.330899731234695], [-100.87442651284155, 21.330864632019004]], [[-100.87442651284155, 21.330864632019004], [-100.87438905140073, 21.330873176628522]], [[-100.87439817107214, 21.33090827584683], [-100.87438905140073, 21.330873176628522]], [[-100.87438905140073, 21.330873176628522], [-100.87435158995491, 21.330881721230003]], [[-100.87436070961827, 21.330916820450923], [-100.87435158995491, 21.330881721230003]], [[-100.87435158995491, 21.330881721230003], [-100.87431412850408, 21.330890265823438]], [[-100.87432324815941, 21.330925365046976], [-100.87431412850408, 21.330890265823438]], [[-100.87431412850408, 21.330890265823438], [-100.87427666704826, 21.33089881040882]], [[-100.87428578669554, 21.33093390963498], [-100.87427666704826, 21.33089881040882]], [[-100.87427666704826, 21.33089881040882], [-100.87423920558744, 21.33090735498616]], [[-100.87424832522666, 21.330942454214938], [-100.87423920558744, 21.33090735498616]], [[-100.87423920558744, 21.33090735498616], [-100.87420174412162, 21.330915899555457]], [[-100.87421086375281, 21.33095099878685], [-100.87420174412162, 21.330915899555457]], [[-100.87420174412162, 21.330915899555457], [-100.87416428265081, 21.330924444116718]], [[-100.87417340227394, 21.33095954335072], [-100.87416428265081, 21.330924444116718]], [[-100.87416428265081, 21.330924444116718], [-100.87412682117498, 21.330932988669925]], [[-100.87413594079007, 21.330968087906548], [-100.87412682117498, 21.330932988669925]], [[-100.87412682117498, 21.330932988669925], [-100.87408935969417, 21.330941533215086]], [[-100.8740984793012, 21.330976632454327], [-100.87408935969417, 21.330941533215086]], [[-100.87408935969417, 21.330941533215086], [-100.87405189820835, 21.33095007775221]], [[-100.87406101780732, 21.33098517699406], [-100.87405189820835, 21.33095007775221]], [[-100.87405189820835, 21.33095007775221], [-100.87401443671754, 21.330958622281283]], [[-100.87402355630847, 21.330993721525754], [-100.87401443671754, 21.330958622281283]], [[-100.87401443671754, 21.330958622281283], [-100.87397697522172, 21.33096716680231]], [[-100.8739860948046, 21.331002266049403], [-100.87397697522172, 21.33096716680231]], [[-100.87397697522172, 21.33096716680231], [-100.8739395137209, 21.330975711315293]], [[-100.87394863329573, 21.331010810565008], [-100.8739395137209, 21.330975711315293]], [[-100.8739395137209, 21.330975711315293], [-100.87390205221509, 21.330984255820233]], [[-100.87391117178187, 21.33101935507256], [-100.87390205221509, 21.330984255820233]], [[-100.87390205221509, 21.330984255820233], [-100.87386459070427, 21.330992800317127]], [[-100.873873710263, 21.331027899572064], [-100.87386459070427, 21.330992800317127]], [[-100.87386459070427, 21.330992800317127], [-100.87382712918844, 21.33100134480598]], [[-100.87383624873912, 21.331036444063532], [-100.87382712918844, 21.33100134480598]], [[-100.87382712918844, 21.33100134480598], [-100.87378966766762, 21.331009889286783]], [[-100.87379878721026, 21.331044988546957], [-100.87378966766762, 21.331009889286783]], [[-100.87378966766762, 21.331009889286783], [-100.87375220614182, 21.33101843375954]], [[-100.8737613256764, 21.331053533022335], [-100.87375220614182, 21.33101843375954]], [[-100.87375220614182, 21.33101843375954], [-100.873714744611, 21.331026978224255]], [[-100.87372386413753, 21.331062077489666], [-100.873714744611, 21.331026978224255]], [[-100.873714744611, 21.331026978224255], [-100.87367728307518, 21.331035522680928]], [[-100.87368640259366, 21.33107062194895], [-100.87367728307518, 21.331035522680928]], [[-100.87367728307518, 21.331035522680928], [-100.87363982153435, 21.331044067129557]], [[-100.87364894104479, 21.331079166400194], [-100.87363982153435, 21.331044067129557]], [[-100.87363982153435, 21.331044067129557], [-100.87360235998854, 21.331052611570136]], [[-100.87361147949093, 21.33108771084339], [-100.87360235998854, 21.331052611570136]], [[-100.87360235998854, 21.331052611570136], [-100.87356489843772, 21.331061156002665]], [[-100.87357401793206, 21.33109625527854], [-100.87356489843772, 21.331061156002665]], [[-100.87356489843772, 21.331061156002665], [-100.8735274368819, 21.331069700427157]], [[-100.8735365563682, 21.33110479970565], [-100.8735274368819, 21.331069700427157]], [[-100.8735274368819, 21.331069700427157], [-100.87348997532109, 21.331078244843606]], [[-100.87349909479934, 21.33111334412471], [-100.87348997532109, 21.331078244843606]], [[-100.87348997532109, 21.331078244843606], [-100.87345251375527, 21.33108678925201]], [[-100.87346163322546, 21.331121888535726], [-100.87345251375527, 21.33108678925201]], [[-100.87345251375527, 21.33108678925201], [-100.87341505218447, 21.33109533365236]], [[-100.8734241716466, 21.3311304329387], [-100.87341505218447, 21.33109533365236]], [[-100.87341505218447, 21.33109533365236], [-100.87337759060865, 21.331103878044676]], [[-100.87338671006275, 21.33113897733363], [-100.87337759060865, 21.331103878044676]], [[-100.87337759060865, 21.331103878044676], [-100.87334012902784, 21.331112422428937]], [[-100.87334924847389, 21.331147521720506], [-100.87334012902784, 21.331112422428937]], [[-100.87334012902784, 21.331112422428937], [-100.87330266744202, 21.33112096680516]], [[-100.87331178688001, 21.331156066099343], [-100.87330266744202, 21.33112096680516]], [[-100.87330266744202, 21.33112096680516], [-100.87326520585121, 21.331129511173337]], [[-100.87327432528116, 21.33116461047014], [-100.87326520585121, 21.331129511173337]], [[-100.87326520585121, 21.331129511173337], [-100.87322774425539, 21.33113805553346]], [[-100.87323686367729, 21.331173154832886], [-100.87322774425539, 21.33113805553346]], [[-100.87487604974137, 21.33076209607726], [-100.87486692997032, 21.330726996892032]], [[-100.87486692997032, 21.330726996892032], [-100.87482946859755, 21.330735541595466]], [[-100.87483858836055, 21.330770640783324], [-100.87482946859755, 21.330735541595466]], [[-100.87482946859755, 21.330735541595466], [-100.87479200721978, 21.330744086290867]], [[-100.87480112697475, 21.33077918548133], [-100.87479200721978, 21.330744086290867]], [[-100.87479200721978, 21.330744086290867], [-100.87475454583702, 21.330752630978214]], [[-100.87476366558391, 21.3307877301713], [-100.87475454583702, 21.330752630978214]], [[-100.87475454583702, 21.330752630978214], [-100.87471708444924, 21.330761175657518]], [[-100.8747262041881, 21.33079627485322], [-100.87471708444924, 21.330761175657518]], [[-100.87471708444924, 21.330761175657518], [-100.87467962305647, 21.33076972032878]], [[-100.87468874278728, 21.330804819527106], [-100.87467962305647, 21.33076972032878]], [[-100.87467962305647, 21.33076972032878], [-100.8746421616587, 21.330778264992002]], [[-100.87465128138146, 21.330813364192938], [-100.8746421616587, 21.330778264992002]], [[-100.8746421616587, 21.330778264992002], [-100.87460470025593, 21.33078680964717]], [[-100.87461381997065, 21.33082190885073], [-100.87460470025593, 21.33078680964717]], [[-100.87460470025593, 21.33078680964717], [-100.87456723884816, 21.330795354294303]], [[-100.87457635855482, 21.330830453500468], [-100.87456723884816, 21.330795354294303]], [[-100.87456723884816, 21.330795354294303], [-100.87452977743538, 21.330803898933386]], [[-100.874538897134, 21.330838998142173], [-100.87452977743538, 21.330803898933386]], [[-100.87452977743538, 21.330803898933386], [-100.87449231601762, 21.330812443564422]], [[-100.87450143570818, 21.330847542775828], [-100.87449231601762, 21.330812443564422]], [[-100.87449231601762, 21.330812443564422], [-100.87445485459486, 21.330820988187412]], [[-100.87446397427736, 21.33085608740144], [-100.87445485459486, 21.330820988187412]], [[-100.87445485459486, 21.330820988187412], [-100.87441739316708, 21.330829532802362]], [[-100.87442651284155, 21.330864632019004], [-100.87441739316708, 21.330829532802362]], [[-100.87441739316708, 21.330829532802362], [-100.87437993173431, 21.330838077409272]], [[-100.87438905140073, 21.330873176628522], [-100.87437993173431, 21.330838077409272]], [[-100.87437993173431, 21.330838077409272], [-100.87434247029654, 21.330846622008135]], [[-100.87435158995491, 21.330881721230003], [-100.87434247029654, 21.330846622008135]], [[-100.87434247029654, 21.330846622008135], [-100.87430500885377, 21.330855166598944]], [[-100.87431412850408, 21.330890265823438], [-100.87430500885377, 21.330855166598944]], [[-100.87430500885377, 21.330855166598944], [-100.87426754740599, 21.330863711181717]], [[-100.87427666704826, 21.33089881040882], [-100.87426754740599, 21.330863711181717]], [[-100.87426754740599, 21.330863711181717], [-100.87423008595323, 21.33087225575644]], [[-100.87423920558744, 21.33090735498616], [-100.87423008595323, 21.33087225575644]], [[-100.87423008595323, 21.33087225575644], [-100.87419262449546, 21.330880800323122]], [[-100.87420174412162, 21.330915899555457], [-100.87419262449546, 21.330880800323122]], [[-100.87419262449546, 21.330880800323122], [-100.8741551630327, 21.330889344881754]], [[-100.87416428265081, 21.330924444116718], [-100.8741551630327, 21.330889344881754]], [[-100.8741551630327, 21.330889344881754], [-100.87411770156491, 21.330897889432354]], [[-100.87412682117498, 21.330932988669925], [-100.87411770156491, 21.330897889432354]], [[-100.87411770156491, 21.330897889432354], [-100.87408024009214, 21.330906433974903]], [[-100.87408935969417, 21.330941533215086], [-100.87408024009214, 21.330906433974903]], [[-100.87408024009214, 21.330906433974903], [-100.87404277861438, 21.3309149785094]], [[-100.87405189820835, 21.33095007775221], [-100.87404277861438, 21.3309149785094]], [[-100.87404277861438, 21.3309149785094], [-100.8740053171316, 21.33092352303586]], [[-100.87401443671754, 21.330958622281283], [-100.8740053171316, 21.33092352303586]], [[-100.8740053171316, 21.33092352303586], [-100.87396785564384, 21.33093206755427]], [[-100.87397697522172, 21.33096716680231], [-100.87396785564384, 21.33093206755427]], [[-100.87396785564384, 21.33093206755427], [-100.87393039415107, 21.330940612064634]], [[-100.8739395137209, 21.330975711315293], [-100.87393039415107, 21.330940612064634]], [[-100.87393039415107, 21.330940612064634], [-100.87389293265329, 21.330949156566955]], [[-100.87390205221509, 21.330984255820233], [-100.87389293265329, 21.330949156566955]], [[-100.87389293265329, 21.330949156566955], [-100.87385547115052, 21.33095770106123]], [[-100.87386459070427, 21.330992800317127], [-100.87385547115052, 21.33095770106123]], [[-100.87385547115052, 21.33095770106123], [-100.87381800964276, 21.330966245547472]], [[-100.87382712918844, 21.33100134480598], [-100.87381800964276, 21.330966245547472]], [[-100.87381800964276, 21.330966245547472], [-100.87378054813, 21.330974790025657]], [[-100.87378966766762, 21.331009889286783], [-100.87378054813, 21.330974790025657]], [[-100.87378054813, 21.330974790025657], [-100.87374308661222, 21.330983334495798]], [[-100.87375220614182, 21.33101843375954], [-100.87374308661222, 21.330983334495798]], [[-100.87374308661222, 21.330983334495798], [-100.87370562508946, 21.3309918789579]], [[-100.873714744611, 21.331026978224255], [-100.87370562508946, 21.3309918789579]], [[-100.87370562508946, 21.3309918789579], [-100.87366816356169, 21.331000423411947]], [[-100.87367728307518, 21.331035522680928], [-100.87366816356169, 21.331000423411947]], [[-100.87366816356169, 21.331000423411947], [-100.87363070202892, 21.331008967857965]], [[-100.87363982153435, 21.331044067129557], [-100.87363070202892, 21.331008967857965]], [[-100.87363070202892, 21.331008967857965], [-100.87359324049115, 21.33101751229593]], [[-100.87360235998854, 21.331052611570136], [-100.87359324049115, 21.33101751229593]], [[-100.87359324049115, 21.33101751229593], [-100.87355577894839, 21.331026056725847]], [[-100.87356489843772, 21.331061156002665], [-100.87355577894839, 21.331026056725847]], [[-100.87355577894839, 21.331026056725847], [-100.87351831740062, 21.331034601147717]], [[-100.8735274368819, 21.331069700427157], [-100.87351831740062, 21.331034601147717]], [[-100.87351831740062, 21.331034601147717], [-100.87348085584786, 21.33104314556155]], [[-100.87348997532109, 21.331078244843606], [-100.87348085584786, 21.33104314556155]], [[-100.87348085584786, 21.33104314556155], [-100.87344339429008, 21.33105168996733]], [[-100.87345251375527, 21.33108678925201], [-100.87344339429008, 21.33105168996733]], [[-100.87344339429008, 21.33105168996733], [-100.87340593272732, 21.331060234365072]], [[-100.87341505218447, 21.33109533365236], [-100.87340593272732, 21.331060234365072]], [[-100.87340593272732, 21.331060234365072], [-100.87336847115955, 21.33106877875476]], [[-100.87337759060865, 21.331103878044676], [-100.87336847115955, 21.33106877875476]], [[-100.87336847115955, 21.33106877875476], [-100.87333100958679, 21.331077323136412]], [[-100.87334012902784, 21.331112422428937], [-100.87333100958679, 21.331077323136412]], [[-100.87333100958679, 21.331077323136412], [-100.87329354800903, 21.33108586751002]], [[-100.87330266744202, 21.33112096680516], [-100.87329354800903, 21.33108586751002]], [[-100.87329354800903, 21.33108586751002], [-100.87325608642627, 21.331094411875576]], [[-100.87326520585121, 21.331129511173337], [-100.87325608642627, 21.331094411875576]], [[-100.87325608642627, 21.331094411875576], [-100.8732186248385, 21.33110295623309]], [[-100.87322774425539, 21.33113805553346], [-100.8732186248385, 21.33110295623309]], [[-100.87467962305647, 21.33076972032878], [-100.87467050333066, 21.33073462112951]], [[-100.87467050333066, 21.33073462112951], [-100.87463304194094, 21.330743165790114]], [[-100.8746421616587, 21.330778264992002], [-100.87463304194094, 21.330743165790114]], [[-100.87463304194094, 21.330743165790114], [-100.87459558054621, 21.33075171044266]], [[-100.87460470025593, 21.33078680964717], [-100.87459558054621, 21.33075171044266]], [[-100.87459558054621, 21.33075171044266], [-100.8745581191465, 21.33076025508717]], [[-100.87456723884816, 21.330795354294303], [-100.8745581191465, 21.33076025508717]], [[-100.8745581191465, 21.33076025508717], [-100.87452065774177, 21.330768799723643]], [[-100.87452977743538, 21.330803898933386], [-100.87452065774177, 21.330768799723643]], [[-100.87452065774177, 21.330768799723643], [-100.87448319633205, 21.330777344352057]], [[-100.87449231601762, 21.330812443564422], [-100.87448319633205, 21.330777344352057]], [[-100.87448319633205, 21.330777344352057], [-100.87444573491733, 21.330785888972436]], [[-100.87445485459486, 21.330820988187412], [-100.87444573491733, 21.330785888972436]], [[-100.87444573491733, 21.330785888972436], [-100.87440827349761, 21.33079443358477]], [[-100.87441739316708, 21.330829532802362], [-100.87440827349761, 21.33079443358477]], [[-100.87440827349761, 21.33079443358477], [-100.87437081207288, 21.33080297818906]], [[-100.87437993173431, 21.330838077409272], [-100.87437081207288, 21.33080297818906]], [[-100.87437081207288, 21.33080297818906], [-100.87433335064317, 21.3308115227853]], [[-100.87434247029654, 21.330846622008135], [-100.87433335064317, 21.3308115227853]], [[-100.87433335064317, 21.3308115227853], [-100.87429588920844, 21.3308200673735]], [[-100.87430500885377, 21.330855166598944], [-100.87429588920844, 21.3308200673735]], [[-100.87429588920844, 21.3308200673735], [-100.87425842776872, 21.330828611953656]], [[-100.87426754740599, 21.330863711181717], [-100.87425842776872, 21.330828611953656]], [[-100.87425842776872, 21.330828611953656], [-100.874220966324, 21.33083715652576]], [[-100.87423008595323, 21.33087225575644], [-100.874220966324, 21.33083715652576]], [[-100.874220966324, 21.33083715652576], [-100.87418350487428, 21.33084570108983]], [[-100.87419262449546, 21.330880800323122], [-100.87418350487428, 21.33084570108983]], [[-100.87418350487428, 21.33084570108983], [-100.87414604341956, 21.330854245645845]], [[-100.8741551630327, 21.330889344881754], [-100.87414604341956, 21.330854245645845]], [[-100.87414604341956, 21.330854245645845], [-100.87410858195983, 21.330862790193823]], [[-100.87411770156491, 21.330897889432354], [-100.87410858195983, 21.330862790193823]], [[-100.87410858195983, 21.330862790193823], [-100.87407112049512, 21.33087133473375]], [[-100.87408024009214, 21.330906433974903], [-100.87407112049512, 21.33087133473375]], [[-100.87407112049512, 21.33087133473375], [-100.8740336590254, 21.330879879265634]], [[-100.87404277861438, 21.3309149785094], [-100.8740336590254, 21.330879879265634]], [[-100.8740336590254, 21.330879879265634], [-100.87399619755067, 21.330888423789485]], [[-100.8740053171316, 21.33092352303586], [-100.87399619755067, 21.330888423789485]], [[-100.87399619755067, 21.330888423789485], [-100.87395873607095, 21.33089696830527]], [[-100.87396785564384, 21.33093206755427], [-100.87395873607095, 21.33089696830527]], [[-100.87395873607095, 21.33089696830527], [-100.87392127458624, 21.330905512813022]], [[-100.87393039415107, 21.330940612064634], [-100.87392127458624, 21.330905512813022]], [[-100.87392127458624, 21.330905512813022], [-100.87388381309651, 21.330914057312725]], [[-100.87389293265329, 21.330949156566955], [-100.87388381309651, 21.330914057312725]], [[-100.87388381309651, 21.330914057312725], [-100.8738463516018, 21.330922601804385]], [[-100.87385547115052, 21.33095770106123], [-100.8738463516018, 21.330922601804385]], [[-100.8738463516018, 21.330922601804385], [-100.87380889010207, 21.33093114628801]], [[-100.87381800964276, 21.330966245547472], [-100.87380889010207, 21.33093114628801]], [[-100.87380889010207, 21.33093114628801], [-100.87377142859735, 21.33093969076358]], [[-100.87378054813, 21.330974790025657], [-100.87377142859735, 21.33093969076358]], [[-100.87377142859735, 21.33093969076358], [-100.87373396708763, 21.33094823523111]], [[-100.87374308661222, 21.330983334495798], [-100.87373396708763, 21.33094823523111]], [[-100.87373396708763, 21.33094823523111], [-100.87369650557291, 21.330956779690588]], [[-100.87370562508946, 21.3309918789579], [-100.87369650557291, 21.330956779690588]], [[-100.87369650557291, 21.330956779690588], [-100.8736590440532, 21.330965324142028]], [[-100.87366816356169, 21.331000423411947], [-100.8736590440532, 21.330965324142028]], [[-100.8736590440532, 21.330965324142028], [-100.87362158252847, 21.330973868585417]], [[-100.87363070202892, 21.331008967857965], [-100.87362158252847, 21.330973868585417]], [[-100.87362158252847, 21.330973868585417], [-100.87358412099876, 21.330982413020763]], [[-100.87359324049115, 21.33101751229593], [-100.87358412099876, 21.330982413020763]], [[-100.87358412099876, 21.330982413020763], [-100.87354665946404, 21.330990957448062]], [[-100.87355577894839, 21.331026056725847], [-100.87354665946404, 21.330990957448062]], [[-100.87354665946404, 21.330990957448062], [-100.87350919792432, 21.330999501867325]], [[-100.87351831740062, 21.331034601147717], [-100.87350919792432, 21.330999501867325]], [[-100.87350919792432, 21.330999501867325], [-100.87347173637961, 21.331008046278537]], [[-100.87348085584786, 21.33104314556155], [-100.87347173637961, 21.331008046278537]], [[-100.87347173637961, 21.331008046278537], [-100.87343427482989, 21.331016590681703]], [[-100.87344339429008, 21.33105168996733], [-100.87343427482989, 21.331016590681703]], [[-100.87343427482989, 21.331016590681703], [-100.87339681327518, 21.331025135076825]], [[-100.87340593272732, 21.331060234365072], [-100.87339681327518, 21.331025135076825]], [[-100.87339681327518, 21.331025135076825], [-100.87335935171545, 21.3310336794639]], [[-100.87336847115955, 21.33106877875476], [-100.87335935171545, 21.3310336794639]], [[-100.87335935171545, 21.3310336794639], [-100.87332189015075, 21.331042223842932]], [[-100.87333100958679, 21.331077323136412], [-100.87332189015075, 21.331042223842932]], [[-100.87332189015075, 21.331042223842932], [-100.87328442858103, 21.331050768213924]], [[-100.87329354800903, 21.33108586751002], [-100.87328442858103, 21.331050768213924]], [[-100.87328442858103, 21.331050768213924], [-100.87324696700631, 21.331059312576862]], [[-100.87325608642627, 21.331094411875576], [-100.87324696700631, 21.331059312576862]], [[-100.87444573491733, 21.330785888972436], [-100.87443661524482, 21.33075078975651]], [[-100.87443661524482, 21.33075078975651], [-100.87439915383314, 21.330759334366224]], [[-100.87440827349761, 21.33079443358477], [-100.87439915383314, 21.330759334366224]], [[-100.87439915383314, 21.330759334366224], [-100.87436169241646, 21.330767878967897]], [[-100.87437081207288, 21.33080297818906], [-100.87436169241646, 21.330767878967897]], [[-100.87436169241646, 21.330767878967897], [-100.87432423099479, 21.330776423561527]], [[-100.87433335064317, 21.3308115227853], [-100.87432423099479, 21.330776423561527]], [[-100.87432423099479, 21.330776423561527], [-100.87428676956813, 21.330784968147107]], [[-100.87429588920844, 21.3308200673735], [-100.87428676956813, 21.330784968147107]], [[-100.87428676956813, 21.330784968147107], [-100.87424930813646, 21.330793512724636]], [[-100.87425842776872, 21.330828611953656], [-100.87424930813646, 21.330793512724636]], [[-100.87424930813646, 21.330793512724636], [-100.87421184669978, 21.330802057294125]], [[-100.874220966324, 21.33083715652576], [-100.87421184669978, 21.330802057294125]], [[-100.87421184669978, 21.330802057294125], [-100.87417438525812, 21.330810601855582]], [[-100.87418350487428, 21.33084570108983], [-100.87417438525812, 21.330810601855582]], [[-100.87417438525812, 21.330810601855582], [-100.87413692381143, 21.330819146408988]], [[-100.87414604341956, 21.330854245645845], [-100.87413692381143, 21.330819146408988]], [[-100.87413692381143, 21.330819146408988], [-100.87409946235977, 21.330827690954344]], [[-100.87410858195983, 21.330862790193823], [-100.87409946235977, 21.330827690954344]], [[-100.87409946235977, 21.330827690954344], [-100.8740620009031, 21.330836235491653]], [[-100.87407112049512, 21.33087133473375], [-100.8740620009031, 21.330836235491653]], [[-100.8740620009031, 21.330836235491653], [-100.87402453944142, 21.33084478002092]], [[-100.8740336590254, 21.330879879265634], [-100.87402453944142, 21.33084478002092]], [[-100.87402453944142, 21.33084478002092], [-100.87398707797475, 21.33085332454215]], [[-100.87399619755067, 21.330888423789485], [-100.87398707797475, 21.33085332454215]], [[-100.87398707797475, 21.33085332454215], [-100.87394961650307, 21.330861869055326]], [[-100.87395873607095, 21.33089696830527], [-100.87394961650307, 21.330861869055326]], [[-100.87394961650307, 21.330861869055326], [-100.8739121550264, 21.33087041356046]], [[-100.87392127458624, 21.330905512813022], [-100.8739121550264, 21.33087041356046]], [[-100.8739121550264, 21.33087041356046], [-100.87387469354474, 21.330878958057546]], [[-100.87388381309651, 21.330914057312725], [-100.87387469354474, 21.330878958057546]], [[-100.87387469354474, 21.330878958057546], [-100.87383723205805, 21.3308875025466]], [[-100.8738463516018, 21.330922601804385], [-100.87383723205805, 21.3308875025466]], [[-100.87383723205805, 21.3308875025466], [-100.8737997705664, 21.33089604702759]], [[-100.87380889010207, 21.33093114628801], [-100.8737997705664, 21.33089604702759]], [[-100.8737997705664, 21.33089604702759], [-100.87376230906972, 21.33090459150055]], [[-100.87377142859735, 21.33093969076358], [-100.87376230906972, 21.33090459150055]], [[-100.87376230906972, 21.33090459150055], [-100.87372484756804, 21.330913135965456]], [[-100.87373396708763, 21.33094823523111], [-100.87372484756804, 21.330913135965456]], [[-100.87372484756804, 21.330913135965456], [-100.87368738606138, 21.330921680422325]], [[-100.87369650557291, 21.330956779690588], [-100.87368738606138, 21.330921680422325]], [[-100.87368738606138, 21.330921680422325], [-100.8736499245497, 21.330930224871146]], [[-100.8736590440532, 21.330965324142028], [-100.8736499245497, 21.330930224871146]], [[-100.8736499245497, 21.330930224871146], [-100.87361246303304, 21.33093876931192]], [[-100.87362158252847, 21.330973868585417], [-100.87361246303304, 21.33093876931192]], [[-100.87361246303304, 21.33093876931192], [-100.87357500151137, 21.330947313744648]], [[-100.87358412099876, 21.330982413020763], [-100.87357500151137, 21.330947313744648]], [[-100.87357500151137, 21.330947313744648], [-100.8735375399847, 21.330955858169336]], [[-100.87354665946404, 21.330990957448062], [-100.8735375399847, 21.330955858169336]], [[-100.8735375399847, 21.330955858169336], [-100.87350007845303, 21.330964402585977]], [[-100.87350919792432, 21.330999501867325], [-100.87350007845303, 21.330964402585977]], [[-100.87350007845303, 21.330964402585977], [-100.87346261691636, 21.330972946994574]], [[-100.87347173637961, 21.331008046278537], [-100.87346261691636, 21.330972946994574]], [[-100.87346261691636, 21.330972946994574], [-100.87342515537469, 21.330981491395125]], [[-100.87343427482989, 21.331016590681703], [-100.87342515537469, 21.330981491395125]], [[-100.87342515537469, 21.330981491395125], [-100.87338769382802, 21.330990035787625]], [[-100.87339681327518, 21.331025135076825], [-100.87338769382802, 21.330990035787625]], [[-100.87338769382802, 21.330990035787625], [-100.87335023227637, 21.330998580172086]], [[-100.87335935171545, 21.3310336794639], [-100.87335023227637, 21.330998580172086]], [[-100.87335023227637, 21.330998580172086], [-100.87331277071969, 21.331007124548503]], [[-100.87332189015075, 21.331042223842932], [-100.87331277071969, 21.331007124548503]], [[-100.87331277071969, 21.331007124548503], [-100.87327530915803, 21.331015668916873]], [[-100.87328442858103, 21.331050768213924], [-100.87327530915803, 21.331015668916873]], [[-100.87327530915803, 21.331015668916873], [-100.87323784759137, 21.331024213277203]], [[-100.87324696700631, 21.331059312576862], [-100.87323784759137, 21.331024213277203]], [[-100.87424930813646, 21.330793512724636], [-100.87424018850918, 21.33075841349467]], [[-100.87424018850918, 21.33075841349467], [-100.87420272708056, 21.33076695806155]], [[-100.87421184669978, 21.330802057294125], [-100.87420272708056, 21.33076695806155]], [[-100.87420272708056, 21.33076695806155], [-100.87416526564692, 21.330775502620384]], [[-100.87417438525812, 21.330810601855582], [-100.87416526564692, 21.330775502620384]], [[-100.87416526564692, 21.330775502620384], [-100.87412780420831, 21.33078404717117]], [[-100.87413692381143, 21.330819146408988], [-100.87412780420831, 21.33078404717117]], [[-100.87412780420831, 21.33078404717117], [-100.87409034276469, 21.33079259171391]], [[-100.87409946235977, 21.330827690954344], [-100.87409034276469, 21.33079259171391]], [[-100.87409034276469, 21.33079259171391], [-100.87405288131606, 21.330801136248606]], [[-100.8740620009031, 21.330836235491653], [-100.87405288131606, 21.330801136248606]], [[-100.87405288131606, 21.330801136248606], [-100.87401541986243, 21.330809680775257]], [[-100.87402453944142, 21.33084478002092], [-100.87401541986243, 21.330809680775257]], [[-100.87401541986243, 21.330809680775257], [-100.87397795840381, 21.330818225293864]], [[-100.87398707797475, 21.33085332454215], [-100.87397795840381, 21.330818225293864]], [[-100.87397795840381, 21.330818225293864], [-100.87394049694018, 21.330826769804418]], [[-100.87394961650307, 21.330861869055326], [-100.87394049694018, 21.330826769804418]], [[-100.87394049694018, 21.330826769804418], [-100.87390303547157, 21.33083531430694]], [[-100.8739121550264, 21.33087041356046], [-100.87390303547157, 21.33083531430694]], [[-100.87390303547157, 21.33083531430694], [-100.87386557399795, 21.33084385880142]], [[-100.87387469354474, 21.330878958057546], [-100.87386557399795, 21.33084385880142]], [[-100.87386557399795, 21.33084385880142], [-100.87382811251933, 21.330852403287842]], [[-100.87383723205805, 21.3308875025466], [-100.87382811251933, 21.330852403287842]], [[-100.87382811251933, 21.330852403287842], [-100.8737906510357, 21.330860947766222]], [[-100.8737997705664, 21.33089604702759], [-100.8737906510357, 21.330860947766222]], [[-100.8737906510357, 21.330860947766222], [-100.87375318954707, 21.330869492236566]], [[-100.87376230906972, 21.33090459150055], [-100.87375318954707, 21.330869492236566]], [[-100.87375318954707, 21.330869492236566], [-100.87371572805347, 21.330878036698852]], [[-100.87372484756804, 21.330913135965456], [-100.87371572805347, 21.330878036698852]], [[-100.87371572805347, 21.330878036698852], [-100.87367826655485, 21.330886581153113]], [[-100.87368738606138, 21.330921680422325], [-100.87367826655485, 21.330886581153113]], [[-100.87367826655485, 21.330886581153113], [-100.87364080505121, 21.33089512559931]], [[-100.8736499245497, 21.330930224871146], [-100.87364080505121, 21.33089512559931]], [[-100.87364080505121, 21.33089512559931], [-100.8736033435426, 21.33090367003747]], [[-100.87361246303304, 21.33093876931192], [-100.8736033435426, 21.33090367003747]], [[-100.8736033435426, 21.33090367003747], [-100.87356588202898, 21.330912214467585]], [[-100.87357500151137, 21.330947313744648], [-100.87356588202898, 21.330912214467585]], [[-100.87356588202898, 21.330912214467585], [-100.87352842051037, 21.330920758889647]], [[-100.8735375399847, 21.330955858169336], [-100.87352842051037, 21.330920758889647]], [[-100.87352842051037, 21.330920758889647], [-100.87349095898675, 21.330929303303677]], [[-100.87350007845303, 21.330964402585977], [-100.87349095898675, 21.330929303303677]], [[-100.87349095898675, 21.330929303303677], [-100.87345349745812, 21.330937847709652]], [[-100.87346261691636, 21.330972946994574], [-100.87345349745812, 21.330937847709652]], [[-100.87345349745812, 21.330937847709652], [-100.87341603592449, 21.33094639210759]], [[-100.87342515537469, 21.330981491395125], [-100.87341603592449, 21.33094639210759]], [[-100.87341603592449, 21.33094639210759], [-100.87337857438588, 21.330954936497477]], [[-100.87338769382802, 21.330990035787625], [-100.87337857438588, 21.330954936497477]], [[-100.87337857438588, 21.330954936497477], [-100.87334111284227, 21.330963480879323]], [[-100.87335023227637, 21.330998580172086], [-100.87334111284227, 21.330963480879323]], [[-100.87334111284227, 21.330963480879323], [-100.87330365129365, 21.33097202525312]], [[-100.87331277071969, 21.331007124548503], [-100.87330365129365, 21.33097202525312]], [[-100.87330365129365, 21.33097202525312], [-100.87326618974004, 21.330980569618877]], [[-100.87327530915803, 21.331015668916873], [-100.87326618974004, 21.330980569618877]], [[-100.87326618974004, 21.330980569618877], [-100.87322872818142, 21.330989113976585]], [[-100.87323784759137, 21.331024213277203], [-100.87322872818142, 21.330989113976585]], [[-100.87401541986243, 21.330809680775257], [-100.87400630028846, 21.330774581528637]], [[-100.87400630028846, 21.330774581528637], [-100.87396883883788, 21.33078312604463]], [[-100.87397795840381, 21.330818225293864], [-100.87396883883788, 21.33078312604463]], [[-100.87396883883788, 21.33078312604463], [-100.8739313773823, 21.330791670552568]], [[-100.87394049694018, 21.330826769804418], [-100.8739313773823, 21.330791670552568]], [[-100.8739313773823, 21.330791670552568], [-100.87389391592173, 21.33080021505247]], [[-100.87390303547157, 21.33083531430694], [-100.87389391592173, 21.33080021505247]], [[-100.87389391592173, 21.33080021505247], [-100.87385645445617, 21.330808759544336]], [[-100.87386557399795, 21.33084385880142], [-100.87385645445617, 21.330808759544336]], [[-100.87385645445617, 21.330808759544336], [-100.87381899298559, 21.330817304028137]], [[-100.87382811251933, 21.330852403287842], [-100.87381899298559, 21.330817304028137]], [[-100.87381899298559, 21.330817304028137], [-100.87378153151, 21.330825848503906]], [[-100.8737906510357, 21.330860947766222], [-100.87378153151, 21.330825848503906]], [[-100.87378153151, 21.330825848503906], [-100.87374407002945, 21.330834392971628]], [[-100.87375318954707, 21.330869492236566], [-100.87374407002945, 21.330834392971628]], [[-100.87374407002945, 21.330834392971628], [-100.87370660854387, 21.3308429374313]], [[-100.87371572805347, 21.330878036698852], [-100.87370660854387, 21.3308429374313]], [[-100.87370660854387, 21.3308429374313], [-100.8736691470533, 21.330851481882934]], [[-100.87367826655485, 21.330886581153113], [-100.8736691470533, 21.330851481882934]], [[-100.8736691470533, 21.330851481882934], [-100.87363168555773, 21.33086002632652]], [[-100.87364080505121, 21.33089512559931], [-100.87363168555773, 21.33086002632652]], [[-100.87363168555773, 21.33086002632652], [-100.87359422405716, 21.330868570762064]], [[-100.8736033435426, 21.33090367003747], [-100.87359422405716, 21.330868570762064]], [[-100.87359422405716, 21.330868570762064], [-100.87355676255159, 21.330877115189566]], [[-100.87356588202898, 21.330912214467585], [-100.87355676255159, 21.330877115189566]], [[-100.87355676255159, 21.330877115189566], [-100.87351930104101, 21.330885659609013]], [[-100.87352842051037, 21.330920758889647], [-100.87351930104101, 21.330885659609013]], [[-100.87351930104101, 21.330885659609013], [-100.87348183952544, 21.33089420402042]], [[-100.87349095898675, 21.330929303303677], [-100.87348183952544, 21.33089420402042]], [[-100.87348183952544, 21.33089420402042], [-100.87344437800488, 21.330902748423785]], [[-100.87345349745812, 21.330937847709652], [-100.87344437800488, 21.330902748423785]], [[-100.87344437800488, 21.330902748423785], [-100.87340691647931, 21.3309112928191]], [[-100.87341603592449, 21.33094639210759], [-100.87340691647931, 21.3309112928191]], [[-100.87340691647931, 21.3309112928191], [-100.87336945494874, 21.330919837206373]], [[-100.87337857438588, 21.330954936497477], [-100.87336945494874, 21.330919837206373]], [[-100.87336945494874, 21.330919837206373], [-100.87333199341316, 21.330928381585604]], [[-100.87334111284227, 21.330963480879323], [-100.87333199341316, 21.330928381585604]], [[-100.87333199341316, 21.330928381585604], [-100.8732945318726, 21.330936925956788]], [[-100.87330365129365, 21.33097202525312], [-100.8732945318726, 21.330936925956788]], [[-100.8732945318726, 21.330936925956788], [-100.87325707032704, 21.33094547031993]], [[-100.87326618974004, 21.330980569618877], [-100.87325707032704, 21.33094547031993]], [[-100.87325707032704, 21.33094547031993], [-100.87321960877647, 21.33095401467502]], [[-100.87322872818142, 21.330989113976585], [-100.87321960877647, 21.33095401467502]], [[-100.87381899298559, 21.330817304028137], [-100.87380987345686, 21.330782204767484]], [[-100.87380987345686, 21.330782204767484], [-100.87377241198934, 21.33079074924063]], [[-100.87378153151, 21.330825848503906], [-100.87377241198934, 21.33079074924063]], [[-100.87377241198934, 21.33079074924063], [-100.8737349505168, 21.33079929370574]], [[-100.87374407002945, 21.330834392971628], [-100.8737349505168, 21.33079929370574]], [[-100.8737349505168, 21.33079929370574], [-100.87369748903929, 21.330807838162798]], [[-100.87370660854387, 21.3308429374313], [-100.87369748903929, 21.330807838162798]], [[-100.87369748903929, 21.330807838162798], [-100.87366002755677, 21.330816382611815]], [[-100.8736691470533, 21.330851481882934], [-100.87366002755677, 21.330816382611815]], [[-100.87366002755677, 21.330816382611815], [-100.87362256606924, 21.330824927052788]], [[-100.87363168555773, 21.33086002632652], [-100.87362256606924, 21.330824927052788]], [[-100.87362256606924, 21.330824927052788], [-100.87358510457672, 21.33083347148571]], [[-100.87359422405716, 21.330868570762064], [-100.87358510457672, 21.33083347148571]], [[-100.87358510457672, 21.33083347148571], [-100.87354764307919, 21.33084201591059]], [[-100.87355676255159, 21.330877115189566], [-100.87354764307919, 21.33084201591059]], [[-100.87354764307919, 21.33084201591059], [-100.87351018157666, 21.33085056032743]], [[-100.87351930104101, 21.330885659609013], [-100.87351018157666, 21.33085056032743]], [[-100.87351018157666, 21.33085056032743], [-100.87347272006916, 21.33085910473622]], [[-100.87348183952544, 21.33089420402042], [-100.87347272006916, 21.33085910473622]], [[-100.87347272006916, 21.33085910473622], [-100.87343525855664, 21.330867649136966]], [[-100.87344437800488, 21.330902748423785], [-100.87343525855664, 21.330867649136966]], [[-100.87343525855664, 21.330867649136966], [-100.8733977970391, 21.33087619352966]], [[-100.87340691647931, 21.3309112928191], [-100.8733977970391, 21.33087619352966]], [[-100.8733977970391, 21.33087619352966], [-100.8733603355166, 21.330884737914314]], [[-100.87336945494874, 21.330919837206373], [-100.8733603355166, 21.330884737914314]], [[-100.8733603355166, 21.330884737914314], [-100.87332287398908, 21.330893282290937]], [[-100.87333199341316, 21.330928381585604], [-100.87332287398908, 21.330893282290937]], [[-100.87332287398908, 21.330893282290937], [-100.87328541245655, 21.330901826659503]], [[-100.8732945318726, 21.330936925956788], [-100.87328541245655, 21.330901826659503]], [[-100.87328541245655, 21.330901826659503], [-100.87324795091904, 21.33091037102002]], [[-100.87325707032704, 21.33094547031993], [-100.87324795091904, 21.33091037102002]], [[-100.87324795091904, 21.33091037102002], [-100.8732104893765, 21.330918915372493]], [[-100.87321960877647, 21.33095401467502], [-100.8732104893765, 21.330918915372493]], [[-100.87358510457672, 21.33083347148571], [-100.87357598510128, 21.330798372208402]], [[-100.87357598510128, 21.330798372208402], [-100.8735385236118, 21.330806916630664]], [[-100.87354764307919, 21.33084201591059], [-100.8735385236118, 21.330806916630664]], [[-100.8735385236118, 21.330806916630664], [-100.87350106211733, 21.330815461044885]], [[-100.87351018157666, 21.33085056032743], [-100.87350106211733, 21.330815461044885]], [[-100.87350106211733, 21.330815461044885], [-100.87346360061785, 21.330824005451056]], [[-100.87347272006916, 21.33085910473622], [-100.87346360061785, 21.330824005451056]], [[-100.87346360061785, 21.330824005451056], [-100.87342613911339, 21.330832549849188]], [[-100.87343525855664, 21.330867649136966], [-100.87342613911339, 21.330832549849188]], [[-100.87342613911339, 21.330832549849188], [-100.87338867760391, 21.330841094239272]], [[-100.8733977970391, 21.33087619352966], [-100.87338867760391, 21.330841094239272]], [[-100.87338867760391, 21.330841094239272], [-100.87335121608945, 21.330849638621313]], [[-100.8733603355166, 21.330884737914314], [-100.87335121608945, 21.330849638621313]], [[-100.87335121608945, 21.330849638621313], [-100.87331375456998, 21.33085818299531]], [[-100.87332287398908, 21.330893282290937], [-100.87331375456998, 21.33085818299531]], [[-100.87331375456998, 21.33085818299531], [-100.8732762930455, 21.330866727361258]], [[-100.87328541245655, 21.330901826659503], [-100.8732762930455, 21.330866727361258]], [[-100.8732762930455, 21.330866727361258], [-100.87323883151603, 21.33087527171916]], [[-100.87324795091904, 21.33091037102002], [-100.87323883151603, 21.33087527171916]], [[-100.87338867760391, 21.330841094239272], [-100.87337955817372, 21.33080599494793]], [[-100.87337955817372, 21.33080599494793], [-100.87334209666729, 21.33081453932736]], [[-100.87335121608945, 21.330849638621313], [-100.87334209666729, 21.33081453932736]], [[-100.87334209666729, 21.33081453932736], [-100.87330463515588, 21.330823083698732]], [[-100.87331375456998, 21.33085818299531], [-100.87330463515588, 21.330823083698732]], [[-100.87330463515588, 21.330823083698732], [-100.87326717363946, 21.330831628062068]], [[-100.8732762930455, 21.330866727361258], [-100.87326717363946, 21.330831628062068]], [[-100.87326717363946, 21.330831628062068], [-100.87322971211803, 21.330840172417354]], [[-100.87323883151603, 21.33087527171916], [-100.87322971211803, 21.330840172417354]]]}}]}