{"type": "FeatureCollection", "features": [{"type": "Feature", "properties": {"artifact_id": "3ce560f7197248bdbedfe0b9b811526c"}, "geometry": {"type": "MultiLineString", "coordinates": [[[-101.46580184537844, 20.653292009339395], [-101.46575868568705, 20.6532926263741]], [[-101.46580184537844, 20.653292009339395], [-101.4658011898279, 20.65325138512131]], [[-101.4658011898279, 20.65325138512131], [-101.46575803014798, 20.653252002154694]], [[-101.46575868568705, 20.6532926263741], [-101.46575803014798, 20.653252002154694]], [[-101.46575868568705, 20.6532926263741], [-101.4657155259941, 20.653293243398036]], [[-101.46575803014798, 20.653252002154694], [-101.46571487046647, 20.653252619177305]], [[-101.4657155259941, 20.653293243398036], [-101.46571487046647, 20.653252619177305]], [[-101.4657155259941, 20.653293243398036], [-101.46567236629957, 20.653293860411186]], [[-101.46571487046647, 20.653252619177305], [-101.46567171078338, 20.653253236189133]], [[-101.46567236629957, 20.653293860411186], [-101.46567171078338, 20.653253236189133]], [[-101.46567236629957, 20.653293860411186], [-101.46562920660345, 20.65329447741356]], [[-101.46567171078338, 20.653253236189133], [-101.46562855109872, 20.653253853190186]], [[-101.46562920660345, 20.65329447741356], [-101.46562855109872, 20.653253853190186]], [[-101.46562920660345, 20.65329447741356], [-101.46558604690577, 20.653295094405163]], [[-101.46562855109872, 20.653253853190186], [-101.46558539141246, 20.65325447018047]], [[-101.46558604690577, 20.653295094405163], [-101.46558539141246, 20.65325447018047]], [[-101.46558604690577, 20.653295094405163], [-101.46554288720648, 20.65329571138599]], [[-101.46558539141246, 20.65325447018047], [-101.46554223172464, 20.653255087159977]], [[-101.46554288720648, 20.65329571138599], [-101.46554223172464, 20.653255087159977]], [[-101.46554288720648, 20.65329571138599], [-101.46549972750563, 20.65329632835604]], [[-101.46554223172464, 20.653255087159977], [-101.46549907203523, 20.6532557041287]], [[-101.46549972750563, 20.65329632835604], [-101.46549907203523, 20.6532557041287]], [[-101.46549972750563, 20.65329632835604], [-101.46545656780319, 20.653296945315308]], [[-101.46549907203523, 20.6532557041287], [-101.46545591234424, 20.65325632108665]], [[-101.46545656780319, 20.653296945315308], [-101.46545591234424, 20.65325632108665]], [[-101.46545656780319, 20.653296945315308], [-101.46541340809918, 20.65329756226381]], [[-101.46545591234424, 20.65325632108665], [-101.46541275265166, 20.653256938033827]], [[-101.46541340809918, 20.65329756226381], [-101.46541275265166, 20.653256938033827]], [[-101.46541340809918, 20.65329756226381], [-101.46537024839357, 20.653298179201528]], [[-101.46541275265166, 20.653256938033827], [-101.46536959295752, 20.65325755497022]], [[-101.46537024839357, 20.653298179201528], [-101.46536959295752, 20.65325755497022]], [[-101.46537024839357, 20.653298179201528], [-101.4653270886864, 20.653298796128468]], [[-101.46536959295752, 20.65325755497022], [-101.46532643326177, 20.65325817189585]], [[-101.4653270886864, 20.653298796128468], [-101.46532643326177, 20.65325817189585]], [[-101.4653270886864, 20.653298796128468], [-101.46528392897761, 20.65329941304464]], [[-101.46532643326177, 20.65325817189585], [-101.46528327356445, 20.653258788810696]], [[-101.46528392897761, 20.65329941304464], [-101.46528327356445, 20.653258788810696]], [[-101.46528392897761, 20.65329941304464], [-101.46524076926728, 20.65330002995003]], [[-101.46528327356445, 20.653258788810696], [-101.46524011386556, 20.653259405714767]], [[-101.46524076926728, 20.65330002995003], [-101.46524011386556, 20.653259405714767]], [[-101.46524076926728, 20.65330002995003], [-101.46519760955536, 20.65330064684465]], [[-101.46524011386556, 20.653259405714767], [-101.46519695416507, 20.653260022608055]], [[-101.46519760955536, 20.65330064684465], [-101.46519695416507, 20.653260022608055]], [[-101.46519760955536, 20.65330064684465], [-101.46515444984185, 20.653301263728487]], [[-101.46519695416507, 20.653260022608055], [-101.465153794463, 20.65326063949058]], [[-101.46515444984185, 20.653301263728487], [-101.465153794463, 20.65326063949058]], [[-101.46515444984185, 20.653301263728487], [-101.46511129012676, 20.65330188060155]], [[-101.465153794463, 20.65326063949058], [-101.46511063475937, 20.653261256362324]], [[-101.46511129012676, 20.65330188060155], [-101.46511063475937, 20.653261256362324]], [[-101.46511129012676, 20.65330188060155], [-101.46506813041009, 20.653302497463837]], [[-101.46511063475937, 20.653261256362324], [-101.46506747505414, 20.65326187322329]], [[-101.46506813041009, 20.653302497463837], [-101.46506747505414, 20.65326187322329]], [[-101.46506813041009, 20.653302497463837], [-101.46502497069183, 20.65330311431535]], [[-101.46506747505414, 20.65326187322329], [-101.46502431534735, 20.65326249007348]], [[-101.46502497069183, 20.65330311431535], [-101.46502431534735, 20.65326249007348]], [[-101.46502497069183, 20.65330311431535], [-101.464981810972, 20.653303731156086]], [[-101.46502431534735, 20.65326249007348], [-101.46498115563895, 20.6532631069129]], [[-101.464981810972, 20.653303731156086], [-101.46498115563895, 20.6532631069129]], [[-101.464981810972, 20.653303731156086], [-101.4649386512506, 20.653304347986047]], [[-101.46498115563895, 20.6532631069129], [-101.46493799592899, 20.65326372374153]], [[-101.4649386512506, 20.653304347986047], [-101.46493799592899, 20.65326372374153]], [[-101.46662122344594, 20.65323965943957], [-101.46657806379606, 20.653240276677703]], [[-101.46662122344594, 20.65323965943957], [-101.46662056767953, 20.65319903524639]], [[-101.46662056767953, 20.65319903524639], [-101.46657740804109, 20.6531996524832]], [[-101.46657806379606, 20.653240276677703], [-101.46657740804109, 20.6531996524832]], [[-101.46657806379606, 20.653240276677703], [-101.46653490414462, 20.653240893905053]], [[-101.46657740804109, 20.6531996524832], [-101.4665342484011, 20.65320026970923]], [[-101.46653490414462, 20.653240893905053], [-101.4665342484011, 20.65320026970923]], [[-101.46653490414462, 20.653240893905053], [-101.46649174449159, 20.653241511121628]], [[-101.4665342484011, 20.65320026970923], [-101.4664910887595, 20.65320088692448]], [[-101.46649174449159, 20.653241511121628], [-101.4664910887595, 20.65320088692448]], [[-101.46649174449159, 20.653241511121628], [-101.46644858483695, 20.653242128327427]], [[-101.4664910887595, 20.65320088692448], [-101.46644792911634, 20.65320150412896]], [[-101.46644858483695, 20.653242128327427], [-101.46644792911634, 20.65320150412896]], [[-101.46644858483695, 20.653242128327427], [-101.46640542518077, 20.65324274552245]], [[-101.46644792911634, 20.65320150412896], [-101.46640476947158, 20.653202121322668]], [[-101.46640542518077, 20.65324274552245], [-101.46640476947158, 20.653202121322668]], [[-101.46640542518077, 20.65324274552245], [-101.46636226552299, 20.6532433627067]], [[-101.46640476947158, 20.653202121322668], [-101.46636160982524, 20.65320273850559]], [[-101.46636226552299, 20.6532433627067], [-101.46636160982524, 20.65320273850559]], [[-101.46636226552299, 20.6532433627067], [-101.46631910586363, 20.653243979880173]], [[-101.46636160982524, 20.65320273850559], [-101.46631845017733, 20.653203355677743]], [[-101.46631910586363, 20.653243979880173], [-101.46631845017733, 20.653203355677743]], [[-101.46631910586363, 20.653243979880173], [-101.46627594620269, 20.65324459704287]], [[-101.46631845017733, 20.653203355677743], [-101.46627529052783, 20.653203972839115]], [[-101.46627594620269, 20.65324459704287], [-101.46627529052783, 20.653203972839115]], [[-101.46627594620269, 20.65324459704287], [-101.46623278654015, 20.653245214194794]], [[-101.46627529052783, 20.653203972839115], [-101.46623213087676, 20.653204589989713]], [[-101.46623278654015, 20.653245214194794], [-101.46623213087676, 20.653204589989713]], [[-101.46623278654015, 20.653245214194794], [-101.46618962687604, 20.653245831335934]], [[-101.46623213087676, 20.653204589989713], [-101.46618897122408, 20.653205207129535]], [[-101.46618962687604, 20.653245831335934], [-101.46618897122408, 20.653205207129535]], [[-101.46618962687604, 20.653245831335934], [-101.46614646721035, 20.6532464484663]], [[-101.46618897122408, 20.653205207129535], [-101.46614581156985, 20.653205824258585]], [[-101.46614646721035, 20.6532464484663], [-101.46614581156985, 20.653205824258585]], [[-101.46614646721035, 20.6532464484663], [-101.46610330754308, 20.653247065585894]], [[-101.46614581156985, 20.653205824258585], [-101.46610265191403, 20.653206441376852]], [[-101.46610330754308, 20.653247065585894], [-101.46610265191403, 20.653206441376852]], [[-101.46610330754308, 20.653247065585894], [-101.46606014787423, 20.653247682694715]], [[-101.46610265191403, 20.653206441376852], [-101.4660594922566, 20.653207058484348]], [[-101.46606014787423, 20.653247682694715], [-101.4660594922566, 20.653207058484348]], [[-101.46606014787423, 20.653247682694715], [-101.46601698820379, 20.653248299792754]], [[-101.4660594922566, 20.653207058484348], [-101.46601633259762, 20.653207675581065]], [[-101.46601698820379, 20.653248299792754], [-101.46601633259762, 20.653207675581065]], [[-101.46601698820379, 20.653248299792754], [-101.46597382853177, 20.653248916880017]], [[-101.46601633259762, 20.653207675581065], [-101.46597317293705, 20.65320829266701]], [[-101.46597382853177, 20.653248916880017], [-101.46597317293705, 20.65320829266701]], [[-101.46597382853177, 20.653248916880017], [-101.46593066885818, 20.653249533956505]], [[-101.46597317293705, 20.65320829266701], [-101.4659300132749, 20.653208909742172]], [[-101.46593066885818, 20.653249533956505], [-101.4659300132749, 20.653208909742172]], [[-101.46593066885818, 20.653249533956505], [-101.465887509183, 20.653250151022224]], [[-101.4659300132749, 20.653208909742172], [-101.46588685361118, 20.653209526806563]], [[-101.465887509183, 20.653250151022224], [-101.46588685361118, 20.653209526806563]], [[-101.465887509183, 20.653250151022224], [-101.46584434950624, 20.65325076807715]], [[-101.46588685361118, 20.653209526806563], [-101.46584369394584, 20.65321014386018]], [[-101.46584434950624, 20.65325076807715], [-101.46584369394584, 20.65321014386018]], [[-101.46584434950624, 20.65325076807715], [-101.4658011898279, 20.65325138512131]], [[-101.46584369394584, 20.65321014386018], [-101.46580053427896, 20.653210760903015]], [[-101.4658011898279, 20.65325138512131], [-101.46580053427896, 20.653210760903015]], [[-101.46580053427896, 20.653210760903015], [-101.46575737461048, 20.65321137793508]], [[-101.46575803014798, 20.653252002154694], [-101.46575737461048, 20.65321137793508]], [[-101.46575737461048, 20.65321137793508], [-101.46571421494042, 20.65321199495636]], [[-101.46571487046647, 20.653252619177305], [-101.46571421494042, 20.65321199495636]], [[-101.46571421494042, 20.65321199495636], [-101.46567105526879, 20.65321261196687]], [[-101.46567171078338, 20.653253236189133], [-101.46567105526879, 20.65321261196687]], [[-101.46567105526879, 20.65321261196687], [-101.46562789559556, 20.65321322896661]], [[-101.46562855109872, 20.653253853190186], [-101.46562789559556, 20.65321322896661]], [[-101.46562789559556, 20.65321322896661], [-101.46558473592076, 20.653213845955566]], [[-101.46558539141246, 20.65325447018047], [-101.46558473592076, 20.653213845955566]], [[-101.46558473592076, 20.653213845955566], [-101.46554157624438, 20.653214462933747]], [[-101.46554223172464, 20.653255087159977], [-101.46554157624438, 20.653214462933747]], [[-101.46554157624438, 20.653214462933747], [-101.4654984165664, 20.653215079901152]], [[-101.46549907203523, 20.6532557041287], [-101.4654984165664, 20.653215079901152]], [[-101.4654984165664, 20.653215079901152], [-101.46545525688686, 20.653215696857778]], [[-101.46545591234424, 20.65325632108665], [-101.46545525688686, 20.653215696857778]], [[-101.46545525688686, 20.653215696857778], [-101.46541209720573, 20.653216313803636]], [[-101.46541275265166, 20.653256938033827], [-101.46541209720573, 20.653216313803636]], [[-101.46541209720573, 20.653216313803636], [-101.46536893752302, 20.65321693073871]], [[-101.46536959295752, 20.65325755497022], [-101.46536893752302, 20.65321693073871]], [[-101.46536893752302, 20.65321693073871], [-101.46532577783873, 20.653217547663015]], [[-101.46532643326177, 20.65325817189585], [-101.46532577783873, 20.653217547663015]], [[-101.46532577783873, 20.653217547663015], [-101.46528261815286, 20.65321816457654]], [[-101.46528327356445, 20.653258788810696], [-101.46528261815286, 20.65321816457654]], [[-101.46528261815286, 20.65321816457654], [-101.4652394584654, 20.65321878147929]], [[-101.46524011386556, 20.653259405714767], [-101.4652394584654, 20.65321878147929]], [[-101.4652394584654, 20.65321878147929], [-101.46519629877636, 20.653219398371263]], [[-101.46519695416507, 20.653260022608055], [-101.46519629877636, 20.653219398371263]], [[-101.46519629877636, 20.653219398371263], [-101.46515313908576, 20.65322001525246]], [[-101.465153794463, 20.65326063949058], [-101.46515313908576, 20.65322001525246]], [[-101.46515313908576, 20.65322001525246], [-101.46510997939356, 20.65322063212289]], [[-101.46511063475937, 20.653261256362324], [-101.46510997939356, 20.65322063212289]], [[-101.46510997939356, 20.65322063212289], [-101.46506681969979, 20.653221248982526]], [[-101.46506747505414, 20.65326187322329], [-101.46506681969979, 20.653221248982526]], [[-101.46506681969979, 20.653221248982526], [-101.46502366000442, 20.653221865831398]], [[-101.46502431534735, 20.65326249007348], [-101.46502366000442, 20.653221865831398]], [[-101.46502366000442, 20.653221865831398], [-101.46498050030749, 20.653222482669484]], [[-101.46498115563895, 20.6532631069129], [-101.46498050030749, 20.653222482669484]], [[-101.46498050030749, 20.653222482669484], [-101.46493734060897, 20.65322309949681]], [[-101.46493799592899, 20.65326372374153], [-101.46493734060897, 20.65322309949681]], [[-101.46748376011578, 20.653186688247295], [-101.46744060050901, 20.65318730569963]], [[-101.46748376011578, 20.653186688247295], [-101.46748310412202, 20.653146064080353]], [[-101.46748310412202, 20.653146064080353], [-101.4674399445267, 20.653146681531357]], [[-101.46744060050901, 20.65318730569963], [-101.4674399445267, 20.653146681531357]], [[-101.46744060050901, 20.65318730569963], [-101.46739744090064, 20.65318792314117]], [[-101.4674399445267, 20.653146681531357], [-101.46739678492979, 20.65314729897159]], [[-101.46739744090064, 20.65318792314117], [-101.46739678492979, 20.65314729897159]], [[-101.46739744090064, 20.65318792314117], [-101.4673542812907, 20.653188540571954]], [[-101.46739678492979, 20.65314729897159], [-101.46735362533128, 20.653147916401036]], [[-101.4673542812907, 20.653188540571954], [-101.46735362533128, 20.653147916401036]], [[-101.4673542812907, 20.653188540571954], [-101.46731112167917, 20.65318915799195]], [[-101.46735362533128, 20.653147916401036], [-101.4673104657312, 20.653148533819714]], [[-101.46731112167917, 20.65318915799195], [-101.4673104657312, 20.653148533819714]], [[-101.46731112167917, 20.65318915799195], [-101.46726796206606, 20.65318977540117]], [[-101.4673104657312, 20.653148533819714], [-101.46726730612954, 20.653149151227616]], [[-101.46726796206606, 20.65318977540117], [-101.46726730612954, 20.653149151227616]], [[-101.46726796206606, 20.65318977540117], [-101.46722480245137, 20.653190392799615]], [[-101.46726730612954, 20.653149151227616], [-101.46722414652629, 20.65314976862474]], [[-101.46722480245137, 20.653190392799615], [-101.46722414652629, 20.65314976862474]], [[-101.46722480245137, 20.653190392799615], [-101.46718164283509, 20.653191010187285]], [[-101.46722414652629, 20.65314976862474], [-101.46718098692145, 20.653150386011085]], [[-101.46718164283509, 20.653191010187285], [-101.46718098692145, 20.653150386011085]], [[-101.46718164283509, 20.653191010187285], [-101.46713848321723, 20.65319162756418]], [[-101.46718098692145, 20.653150386011085], [-101.46713782731504, 20.653151003386657]], [[-101.46713848321723, 20.65319162756418], [-101.46713782731504, 20.653151003386657]], [[-101.46713848321723, 20.65319162756418], [-101.46709532359779, 20.6531922449303]], [[-101.46713782731504, 20.653151003386657], [-101.46709466770704, 20.653151620751455]], [[-101.46709532359779, 20.6531922449303], [-101.46709466770704, 20.653151620751455]], [[-101.46709532359779, 20.6531922449303], [-101.46705216397676, 20.653192862285646]], [[-101.46709466770704, 20.653151620751455], [-101.46705150809748, 20.653152238105474]], [[-101.46705216397676, 20.653192862285646], [-101.46705150809748, 20.653152238105474]], [[-101.46705216397676, 20.653192862285646], [-101.46700900435415, 20.65319347963021]], [[-101.46705150809748, 20.653152238105474], [-101.46700834848632, 20.65315285544872]], [[-101.46700900435415, 20.65319347963021], [-101.46700834848632, 20.65315285544872]], [[-101.46700900435415, 20.65319347963021], [-101.46696584472997, 20.653194096964]], [[-101.46700834848632, 20.65315285544872], [-101.46696518887357, 20.65315347278119]], [[-101.46696584472997, 20.653194096964], [-101.46696518887357, 20.65315347278119]], [[-101.46696584472997, 20.653194096964], [-101.46692268510421, 20.653194714287018]], [[-101.46696518887357, 20.65315347278119], [-101.46692202925925, 20.653154090102877]], [[-101.46692268510421, 20.653194714287018], [-101.46692202925925, 20.653154090102877]], [[-101.46692268510421, 20.653194714287018], [-101.46687952547686, 20.653195331599257]], [[-101.46692202925925, 20.653154090102877], [-101.46687886964335, 20.653154707413794]], [[-101.46687952547686, 20.653195331599257], [-101.46687886964335, 20.653154707413794]], [[-101.46687952547686, 20.653195331599257], [-101.46683636584793, 20.653195948900713]], [[-101.46687886964335, 20.653154707413794], [-101.46683571002586, 20.653155324713943]], [[-101.46683636584793, 20.653195948900713], [-101.46683571002586, 20.653155324713943]], [[-101.46683636584793, 20.653195948900713], [-101.4667932062174, 20.653196566191408]], [[-101.46683571002586, 20.653155324713943], [-101.4667925504068, 20.653155942003302]], [[-101.4667932062174, 20.653196566191408], [-101.4667925504068, 20.653155942003302]], [[-101.4667932062174, 20.653196566191408], [-101.46675004658532, 20.653197183471313]], [[-101.4667925504068, 20.653155942003302], [-101.46674939078615, 20.653156559281893]], [[-101.46675004658532, 20.653197183471313], [-101.46674939078615, 20.653156559281893]], [[-101.46675004658532, 20.653197183471313], [-101.46670688695163, 20.65319780074045]], [[-101.46674939078615, 20.653156559281893], [-101.46670623116391, 20.6531571765497]], [[-101.46670688695163, 20.65319780074045], [-101.46670623116391, 20.6531571765497]], [[-101.46670688695163, 20.65319780074045], [-101.46666372731637, 20.65319841799881]], [[-101.46670623116391, 20.6531571765497], [-101.46666307154008, 20.65315779380674]], [[-101.46666372731637, 20.65319841799881], [-101.46666307154008, 20.65315779380674]], [[-101.46666372731637, 20.65319841799881], [-101.46662056767953, 20.65319903524639]], [[-101.46666307154008, 20.65315779380674], [-101.46661991191469, 20.653158411053]], [[-101.46662056767953, 20.65319903524639], [-101.46661991191469, 20.653158411053]], [[-101.46661991191469, 20.653158411053], [-101.46657675228772, 20.65315902828848]], [[-101.46657740804109, 20.6531996524832], [-101.46657675228772, 20.65315902828848]], [[-101.46657675228772, 20.65315902828848], [-101.46653359265916, 20.653159645513192]], [[-101.4665342484011, 20.65320026970923], [-101.46653359265916, 20.653159645513192]], [[-101.46653359265916, 20.653159645513192], [-101.46649043302901, 20.653160262727127]], [[-101.4664910887595, 20.65320088692448], [-101.46649043302901, 20.653160262727127]], [[-101.46649043302901, 20.653160262727127], [-101.46644727339728, 20.653160879930287]], [[-101.46644792911634, 20.65320150412896], [-101.46644727339728, 20.653160879930287]], [[-101.46644727339728, 20.653160879930287], [-101.46640411376399, 20.653161497122664]], [[-101.46640476947158, 20.653202121322668], [-101.46640411376399, 20.653161497122664]], [[-101.46640411376399, 20.653161497122664], [-101.46636095412909, 20.653162114304266]], [[-101.46636160982524, 20.65320273850559], [-101.46636095412909, 20.653162114304266]], [[-101.46636095412909, 20.653162114304266], [-101.46631779449261, 20.653162731475096]], [[-101.46631845017733, 20.653203355677743], [-101.46631779449261, 20.653162731475096]], [[-101.46631779449261, 20.653162731475096], [-101.46627463485457, 20.653163348635147]], [[-101.46627529052783, 20.653203972839115], [-101.46627463485457, 20.653163348635147]], [[-101.46627463485457, 20.653163348635147], [-101.46623147521493, 20.653163965784426]], [[-101.46623213087676, 20.653204589989713], [-101.46623147521493, 20.653163965784426]], [[-101.46623147521493, 20.653163965784426], [-101.4661883155737, 20.65316458292293]], [[-101.46618897122408, 20.653205207129535], [-101.4661883155737, 20.65316458292293]], [[-101.4661883155737, 20.65316458292293], [-101.46614515593092, 20.653165200050648]], [[-101.46614581156985, 20.653205824258585], [-101.46614515593092, 20.653165200050648]], [[-101.46614515593092, 20.653165200050648], [-101.46610199628654, 20.653165817167597]], [[-101.46610265191403, 20.653206441376852], [-101.46610199628654, 20.653165817167597]], [[-101.46610199628654, 20.653165817167597], [-101.46605883664058, 20.65316643427377]], [[-101.4660594922566, 20.653207058484348], [-101.46605883664058, 20.65316643427377]], [[-101.46605883664058, 20.65316643427377], [-101.46601567699304, 20.653167051369167]], [[-101.46601633259762, 20.653207675581065], [-101.46601567699304, 20.653167051369167]], [[-101.46601567699304, 20.653167051369167], [-101.46597251734391, 20.653167668453786]], [[-101.46597317293705, 20.65320829266701], [-101.46597251734391, 20.653167668453786]], [[-101.46597251734391, 20.653167668453786], [-101.4659293576932, 20.653168285527634]], [[-101.4659300132749, 20.653208909742172], [-101.4659293576932, 20.653168285527634]], [[-101.4659293576932, 20.653168285527634], [-101.46588619804092, 20.6531689025907]], [[-101.46588685361118, 20.653209526806563], [-101.46588619804092, 20.6531689025907]], [[-101.46588619804092, 20.6531689025907], [-101.46584303838704, 20.65316951964299]], [[-101.46584369394584, 20.65321014386018], [-101.46584303838704, 20.65316951964299]], [[-101.46584303838704, 20.65316951964299], [-101.4657998787316, 20.653170136684512]], [[-101.46580053427896, 20.653210760903015], [-101.4657998787316, 20.653170136684512]], [[-101.4657998787316, 20.653170136684512], [-101.46575671907458, 20.65317075371525]], [[-101.46575737461048, 20.65321137793508], [-101.46575671907458, 20.65317075371525]], [[-101.46575671907458, 20.65317075371525], [-101.46571355941595, 20.653171370735215]], [[-101.46571421494042, 20.65321199495636], [-101.46571355941595, 20.653171370735215]], [[-101.46571355941595, 20.653171370735215], [-101.46567039975575, 20.6531719877444]], [[-101.46567105526879, 20.65321261196687], [-101.46567039975575, 20.6531719877444]], [[-101.46567039975575, 20.6531719877444], [-101.46562724009398, 20.653172604742817]], [[-101.46562789559556, 20.65321322896661], [-101.46562724009398, 20.653172604742817]], [[-101.46562724009398, 20.653172604742817], [-101.46558408043062, 20.653173221730448]], [[-101.46558473592076, 20.653213845955566], [-101.46558408043062, 20.653173221730448]], [[-101.46558408043062, 20.653173221730448], [-101.46554092076569, 20.653173838707314]], [[-101.46554157624438, 20.653214462933747], [-101.46554092076569, 20.653173838707314]], [[-101.46554092076569, 20.653173838707314], [-101.46549776109917, 20.653174455673398]], [[-101.4654984165664, 20.653215079901152], [-101.46549776109917, 20.653174455673398]], [[-101.46549776109917, 20.653174455673398], [-101.46545460143108, 20.653175072628702]], [[-101.46545525688686, 20.653215696857778], [-101.46545460143108, 20.653175072628702]], [[-101.46545460143108, 20.653175072628702], [-101.46541144176138, 20.653175689573235]], [[-101.46541209720573, 20.653216313803636], [-101.46541144176138, 20.653175689573235]], [[-101.46541144176138, 20.653175689573235], [-101.46536828209011, 20.65317630650699]], [[-101.46536893752302, 20.65321693073871], [-101.46536828209011, 20.65317630650699]], [[-101.46536828209011, 20.65317630650699], [-101.46532512241727, 20.653176923429967]], [[-101.46532577783873, 20.653217547663015], [-101.46532512241727, 20.653176923429967]], [[-101.46532512241727, 20.653176923429967], [-101.46528196274285, 20.653177540342178]], [[-101.46528261815286, 20.65321816457654], [-101.46528196274285, 20.653177540342178]], [[-101.46528196274285, 20.653177540342178], [-101.46523880306684, 20.6531781572436]], [[-101.4652394584654, 20.65321878147929], [-101.46523880306684, 20.6531781572436]], [[-101.46523880306684, 20.6531781572436], [-101.46519564338925, 20.65317877413425]], [[-101.46519629877636, 20.653219398371263], [-101.46519564338925, 20.65317877413425]], [[-101.46519564338925, 20.65317877413425], [-101.46515248371009, 20.65317939101413]], [[-101.46515313908576, 20.65322001525246], [-101.46515248371009, 20.65317939101413]], [[-101.46515248371009, 20.65317939101413], [-101.46510932402934, 20.653180007883233]], [[-101.46510997939356, 20.65322063212289], [-101.46510932402934, 20.653180007883233]], [[-101.46510932402934, 20.653180007883233], [-101.46506616434701, 20.653180624741555]], [[-101.46506681969979, 20.653221248982526], [-101.46506616434701, 20.653180624741555]], [[-101.46506616434701, 20.653180624741555], [-101.4650230046631, 20.6531812415891]], [[-101.46502366000442, 20.653221865831398], [-101.4650230046631, 20.6531812415891]], [[-101.4650230046631, 20.6531812415891], [-101.46497984497759, 20.65318185842587]], [[-101.46498050030749, 20.653222482669484], [-101.46497984497759, 20.65318185842587]], [[-101.46497984497759, 20.65318185842587], [-101.46493668529052, 20.653182475251867]], [[-101.46493734060897, 20.65322309949681], [-101.46493668529052, 20.653182475251867]], [[-101.46791469998834, 20.653139888977638], [-101.46787154040882, 20.6531405065364]], [[-101.46791469998834, 20.653139888977638], [-101.46791404388172, 20.65309926482371]], [[-101.46791404388172, 20.65309926482371], [-101.46787088431365, 20.653099882381145]], [[-101.46787154040882, 20.6531405065364], [-101.46787088431365, 20.653099882381145]], [[-101.46787154040882, 20.6531405065364], [-101.46782838082774, 20.653141124084385]], [[-101.46787088431365, 20.653099882381145], [-101.46782772474401, 20.65310049992781]], [[-101.46782838082774, 20.653141124084385], [-101.46782772474401, 20.65310049992781]], [[-101.46782838082774, 20.653141124084385], [-101.46778522124507, 20.6531417416216]], [[-101.46782772474401, 20.65310049992781], [-101.46778456517278, 20.653101117463702]], [[-101.46778522124507, 20.6531417416216], [-101.46778456517278, 20.653101117463702]], [[-101.46778522124507, 20.6531417416216], [-101.4677420616608, 20.65314235914803]], [[-101.46778456517278, 20.653101117463702], [-101.46774140559997, 20.653101734988816]], [[-101.4677420616608, 20.65314235914803], [-101.46774140559997, 20.653101734988816]], [[-101.4677420616608, 20.65314235914803], [-101.46769890207497, 20.65314297666369]], [[-101.46774140559997, 20.653101734988816], [-101.46769824602558, 20.65310235250315]], [[-101.46769890207497, 20.65314297666369], [-101.46769824602558, 20.65310235250315]], [[-101.46769890207497, 20.65314297666369], [-101.46765574248755, 20.65314359416858]], [[-101.46769824602558, 20.65310235250315], [-101.4676550864496, 20.65310297000671]], [[-101.46765574248755, 20.65314359416858], [-101.4676550864496, 20.65310297000671]], [[-101.46765574248755, 20.65314359416858], [-101.46761258289855, 20.653144211662685]], [[-101.4676550864496, 20.65310297000671], [-101.46761192687204, 20.653103587499498]], [[-101.46761258289855, 20.653144211662685], [-101.46761192687204, 20.653103587499498]], [[-101.46761258289855, 20.653144211662685], [-101.46756942330795, 20.65314482914602]], [[-101.46761192687204, 20.653103587499498], [-101.4675687672929, 20.653104204981506]], [[-101.46756942330795, 20.65314482914602], [-101.4675687672929, 20.653104204981506]], [[-101.46756942330795, 20.65314482914602], [-101.46752626371578, 20.65314544661857]], [[-101.4675687672929, 20.653104204981506], [-101.46752560771216, 20.65310482245274]], [[-101.46752626371578, 20.65314544661857], [-101.46752560771216, 20.65310482245274]], [[-101.46752626371578, 20.65314544661857], [-101.46748310412202, 20.653146064080353]], [[-101.46752560771216, 20.65310482245274], [-101.46748244812987, 20.653105439913197]], [[-101.46748310412202, 20.653146064080353], [-101.46748244812987, 20.653105439913197]], [[-101.46748244812987, 20.653105439913197], [-101.46743928854598, 20.653106057362876]], [[-101.4674399445267, 20.653146681531357], [-101.46743928854598, 20.653106057362876]], [[-101.46743928854598, 20.653106057362876], [-101.4673961289605, 20.653106674801784]], [[-101.46739678492979, 20.65314729897159], [-101.4673961289605, 20.653106674801784]], [[-101.4673961289605, 20.653106674801784], [-101.46735296937345, 20.65310729222991]], [[-101.46735362533128, 20.653147916401036], [-101.46735296937345, 20.65310729222991]], [[-101.46735296937345, 20.65310729222991], [-101.46730980978481, 20.653107909647268]], [[-101.4673104657312, 20.653148533819714], [-101.46730980978481, 20.653107909647268]], [[-101.46730980978481, 20.653107909647268], [-101.4672666501946, 20.653108527053845]], [[-101.46726730612954, 20.653149151227616], [-101.4672666501946, 20.653108527053845]], [[-101.4672666501946, 20.653108527053845], [-101.46722349060279, 20.653109144449648]], [[-101.46722414652629, 20.65314976862474], [-101.46722349060279, 20.653109144449648]], [[-101.46722349060279, 20.653109144449648], [-101.46718033100942, 20.653109761834674]], [[-101.46718098692145, 20.653150386011085], [-101.46718033100942, 20.653109761834674]], [[-101.46718033100942, 20.653109761834674], [-101.46713717141445, 20.653110379208922]], [[-101.46713782731504, 20.653151003386657], [-101.46713717141445, 20.653110379208922]], [[-101.46713717141445, 20.653110379208922], [-101.46709401181789, 20.653110996572398]], [[-101.46709466770704, 20.653151620751455], [-101.46709401181789, 20.653110996572398]], [[-101.46709401181789, 20.653110996572398], [-101.46705085221977, 20.65311161392509]], [[-101.46705150809748, 20.653152238105474], [-101.46705085221977, 20.65311161392509]], [[-101.46705085221977, 20.65311161392509], [-101.46700769262004, 20.653112231267016]], [[-101.46700834848632, 20.65315285544872], [-101.46700769262004, 20.653112231267016]], [[-101.46700769262004, 20.653112231267016], [-101.46696453301875, 20.65311284859816]], [[-101.46696518887357, 20.65315347278119], [-101.46696453301875, 20.65311284859816]], [[-101.46696453301875, 20.65311284859816], [-101.46692137341589, 20.65311346591853]], [[-101.46692202925925, 20.653154090102877], [-101.46692137341589, 20.65311346591853]], [[-101.46692137341589, 20.65311346591853], [-101.46687821381143, 20.653114083228125]], [[-101.46687886964335, 20.653154707413794], [-101.46687821381143, 20.653114083228125]], [[-101.46687821381143, 20.653114083228125], [-101.46683505420538, 20.653114700526945]], [[-101.46683571002586, 20.653155324713943], [-101.46683505420538, 20.653114700526945]], [[-101.46683505420538, 20.653114700526945], [-101.46679189459775, 20.653115317814986]], [[-101.4667925504068, 20.653155942003302], [-101.46679189459775, 20.653115317814986]], [[-101.46679189459775, 20.653115317814986], [-101.46674873498856, 20.653115935092252]], [[-101.46674939078615, 20.653156559281893], [-101.46674873498856, 20.653115935092252]], [[-101.46674873498856, 20.653115935092252], [-101.46670557537776, 20.653116552358743]], [[-101.46670623116391, 20.6531571765497], [-101.46670557537776, 20.653116552358743]], [[-101.46670557537776, 20.653116552358743], [-101.4666624157654, 20.653117169614454]], [[-101.46666307154008, 20.65315779380674], [-101.4666624157654, 20.653117169614454]], [[-101.4666624157654, 20.653117169614454], [-101.46661925615145, 20.653117786859394]], [[-101.46661991191469, 20.653158411053], [-101.46661925615145, 20.653117786859394]], [[-101.46661925615145, 20.653117786859394], [-101.46657609653592, 20.65311840409356]], [[-101.46657675228772, 20.65315902828848], [-101.46657609653592, 20.65311840409356]], [[-101.46657609653592, 20.65311840409356], [-101.4665329369188, 20.653119021316943]], [[-101.46653359265916, 20.653159645513192], [-101.4665329369188, 20.653119021316943]], [[-101.4665329369188, 20.653119021316943], [-101.4664897773001, 20.653119638529553]], [[-101.46649043302901, 20.653160262727127], [-101.4664897773001, 20.653119638529553]], [[-101.4664897773001, 20.653119638529553], [-101.46644661767982, 20.65312025573139]], [[-101.46644727339728, 20.653160879930287], [-101.46644661767982, 20.65312025573139]], [[-101.46644661767982, 20.65312025573139], [-101.46640345805795, 20.65312087292245]], [[-101.46640411376399, 20.653161497122664], [-101.46640345805795, 20.65312087292245]], [[-101.46640345805795, 20.65312087292245], [-101.46636029843451, 20.65312149010273]], [[-101.46636095412909, 20.653162114304266], [-101.46636029843451, 20.65312149010273]], [[-101.46636029843451, 20.65312149010273], [-101.46631713880949, 20.653122107272235]], [[-101.46631779449261, 20.653162731475096], [-101.46631713880949, 20.653122107272235]], [[-101.46631713880949, 20.653122107272235], [-101.46627397918289, 20.653122724430965]], [[-101.46627463485457, 20.653163348635147], [-101.46627397918289, 20.653122724430965]], [[-101.46627397918289, 20.653122724430965], [-101.4662308195547, 20.65312334157892]], [[-101.46623147521493, 20.653163965784426], [-101.4662308195547, 20.65312334157892]], [[-101.4662308195547, 20.65312334157892], [-101.46618765992491, 20.653123958716105]], [[-101.4661883155737, 20.65316458292293], [-101.46618765992491, 20.653123958716105]], [[-101.46618765992491, 20.653123958716105], [-101.46614450029357, 20.653124575842504]], [[-101.46614515593092, 20.653165200050648], [-101.46614450029357, 20.653124575842504]], [[-101.46614450029357, 20.653124575842504], [-101.46610134066064, 20.65312519295813]], [[-101.46610199628654, 20.653165817167597], [-101.46610134066064, 20.65312519295813]], [[-101.46610134066064, 20.65312519295813], [-101.46605818102613, 20.653125810062978]], [[-101.46605883664058, 20.65316643427377], [-101.46605818102613, 20.653125810062978]], [[-101.46605818102613, 20.653125810062978], [-101.46601502139002, 20.653126427157055]], [[-101.46601567699304, 20.653167051369167], [-101.46601502139002, 20.653126427157055]], [[-101.46601502139002, 20.653126427157055], [-101.46597186175234, 20.65312704424035]], [[-101.46597251734391, 20.653167668453786], [-101.46597186175234, 20.65312704424035]], [[-101.46597186175234, 20.65312704424035], [-101.46592870211309, 20.653127661312872]], [[-101.4659293576932, 20.653168285527634], [-101.46592870211309, 20.653127661312872]], [[-101.46592870211309, 20.653127661312872], [-101.46588554247225, 20.653128278374624]], [[-101.46588619804092, 20.6531689025907], [-101.46588554247225, 20.653128278374624]], [[-101.46588554247225, 20.653128278374624], [-101.46584238282982, 20.653128895425596]], [[-101.46584303838704, 20.65316951964299], [-101.46584238282982, 20.653128895425596]], [[-101.46584238282982, 20.653128895425596], [-101.46579922318583, 20.653129512465785]], [[-101.4657998787316, 20.653170136684512], [-101.46579922318583, 20.653129512465785]], [[-101.46579922318583, 20.653129512465785], [-101.46575606354023, 20.65313012949521]], [[-101.46575671907458, 20.65317075371525], [-101.46575606354023, 20.65313012949521]], [[-101.46575606354023, 20.65313012949521], [-101.46571290389306, 20.65313074651385]], [[-101.46571355941595, 20.653171370735215], [-101.46571290389306, 20.65313074651385]], [[-101.46571290389306, 20.65313074651385], [-101.46566974424431, 20.653131363521723]], [[-101.46567039975575, 20.6531719877444], [-101.46566974424431, 20.653131363521723]], [[-101.46566974424431, 20.653131363521723], [-101.46562658459398, 20.653131980518808]], [[-101.46562724009398, 20.653172604742817], [-101.46562658459398, 20.653131980518808]], [[-101.46562658459398, 20.653131980518808], [-101.46558342494207, 20.65313259750512]], [[-101.46558408043062, 20.653173221730448], [-101.46558342494207, 20.65313259750512]], [[-101.46558342494207, 20.65313259750512], [-101.46554026528858, 20.653133214480658]], [[-101.46554092076569, 20.653173838707314], [-101.46554026528858, 20.653133214480658]], [[-101.46554026528858, 20.653133214480658], [-101.4654971056335, 20.65313383144542]], [[-101.46549776109917, 20.653174455673398], [-101.4654971056335, 20.65313383144542]], [[-101.4654971056335, 20.65313383144542], [-101.46545394597685, 20.653134448399406]], [[-101.46545460143108, 20.653175072628702], [-101.46545394597685, 20.653134448399406]], [[-101.46545394597685, 20.653134448399406], [-101.46541078631861, 20.653135065342617]], [[-101.46541144176138, 20.653175689573235], [-101.46541078631861, 20.653135065342617]], [[-101.46541078631861, 20.653135065342617], [-101.4653676266588, 20.65313568227505]], [[-101.46536828209011, 20.65317630650699], [-101.4653676266588, 20.65313568227505]], [[-101.4653676266588, 20.65313568227505], [-101.4653244669974, 20.653136299196714]], [[-101.46532512241727, 20.653176923429967], [-101.4653244669974, 20.653136299196714]], [[-101.4653244669974, 20.653136299196714], [-101.46528130733442, 20.653136916107595]], [[-101.46528196274285, 20.653177540342178], [-101.46528130733442, 20.653136916107595]], [[-101.46528130733442, 20.653136916107595], [-101.46523814766985, 20.653137533007705]], [[-101.46523880306684, 20.6531781572436], [-101.46523814766985, 20.653137533007705]], [[-101.46523814766985, 20.653137533007705], [-101.46519498800372, 20.653138149897032]], [[-101.46519564338925, 20.65317877413425], [-101.46519498800372, 20.653138149897032]], [[-101.46519498800372, 20.653138149897032], [-101.46515182833599, 20.653138766775587]], [[-101.46515248371009, 20.65317939101413], [-101.46515182833599, 20.653138766775587]], [[-101.46515182833599, 20.653138766775587], [-101.46510866866669, 20.653139383643364]], [[-101.46510932402934, 20.653180007883233], [-101.46510866866669, 20.653139383643364]], [[-101.46510866866669, 20.653139383643364], [-101.4650655089958, 20.65314000050037]], [[-101.46506616434701, 20.653180624741555], [-101.4650655089958, 20.65314000050037]], [[-101.4650655089958, 20.65314000050037], [-101.46502234932333, 20.65314061734659]], [[-101.4650230046631, 20.6531812415891], [-101.46502234932333, 20.65314061734659]], [[-101.46502234932333, 20.65314061734659], [-101.4649791896493, 20.653141234182044]], [[-101.46497984497759, 20.65318185842587], [-101.4649791896493, 20.653141234182044]], [[-101.4649791896493, 20.653141234182044], [-101.46493602997366, 20.65314185100672]], [[-101.46493668529052, 20.653182475251867], [-101.46493602997366, 20.65314185100672]], [[-101.46791404388172, 20.65309926482371], [-101.46791338777668, 20.65305864066957]], [[-101.46791338777668, 20.65305864066957], [-101.46787022822005, 20.65305925822569]], [[-101.46787088431365, 20.653099882381145], [-101.46787022822005, 20.65305925822569]], [[-101.46787022822005, 20.65305925822569], [-101.46782706866186, 20.65305987577103]], [[-101.46782772474401, 20.65310049992781], [-101.46782706866186, 20.65305987577103]], [[-101.46782706866186, 20.65305987577103], [-101.46778390910208, 20.653060493305595]], [[-101.46778456517278, 20.653101117463702], [-101.46778390910208, 20.653060493305595]], [[-101.46778390910208, 20.653060493305595], [-101.46774074954071, 20.653061110829388]], [[-101.46774140559997, 20.653101734988816], [-101.46774074954071, 20.653061110829388]], [[-101.46774074954071, 20.653061110829388], [-101.46769758997776, 20.6530617283424]], [[-101.46769824602558, 20.65310235250315], [-101.46769758997776, 20.6530617283424]], [[-101.46769758997776, 20.6530617283424], [-101.46765443041323, 20.653062345844646]], [[-101.4676550864496, 20.65310297000671], [-101.46765443041323, 20.653062345844646]], [[-101.46765443041323, 20.653062345844646], [-101.46761127084712, 20.6530629633361]], [[-101.46761192687204, 20.653103587499498], [-101.46761127084712, 20.6530629633361]], [[-101.46761127084712, 20.6530629633361], [-101.46756811127942, 20.65306358081679]], [[-101.4675687672929, 20.653104204981506], [-101.46756811127942, 20.65306358081679]], [[-101.46756811127942, 20.65306358081679], [-101.46752495171015, 20.653064198286703]], [[-101.46752560771216, 20.65310482245274], [-101.46752495171015, 20.653064198286703]], [[-101.46752495171015, 20.653064198286703], [-101.46748179213928, 20.653064815745836]], [[-101.46748244812987, 20.653105439913197], [-101.46748179213928, 20.653064815745836]], [[-101.46748179213928, 20.653064815745836], [-101.46743863256684, 20.653065433194197]], [[-101.46743928854598, 20.653106057362876], [-101.46743863256684, 20.653065433194197]], [[-101.46743863256684, 20.653065433194197], [-101.4673954729928, 20.65306605063178]], [[-101.4673961289605, 20.653106674801784], [-101.4673954729928, 20.65306605063178]], [[-101.4673954729928, 20.65306605063178], [-101.4673523134172, 20.653066668058585]], [[-101.46735296937345, 20.65310729222991], [-101.4673523134172, 20.653066668058585]], [[-101.4673523134172, 20.653066668058585], [-101.46730915384002, 20.653067285474616]], [[-101.46730980978481, 20.653107909647268], [-101.46730915384002, 20.653067285474616]], [[-101.46730915384002, 20.653067285474616], [-101.46726599426124, 20.653067902879876]], [[-101.4672666501946, 20.653108527053845], [-101.46726599426124, 20.653067902879876]], [[-101.46726599426124, 20.653067902879876], [-101.46722283468088, 20.653068520274346]], [[-101.46722349060279, 20.653109144449648], [-101.46722283468088, 20.653068520274346]], [[-101.46722283468088, 20.653068520274346], [-101.46717967509895, 20.653069137658054]], [[-101.46718033100942, 20.653109761834674], [-101.46717967509895, 20.653069137658054]], [[-101.46717967509895, 20.653069137658054], [-101.46713651551543, 20.65306975503098]], [[-101.46713717141445, 20.653110379208922], [-101.46713651551543, 20.65306975503098]], [[-101.46713651551543, 20.65306975503098], [-101.46709335593032, 20.65307037239313]], [[-101.46709401181789, 20.653110996572398], [-101.46709335593032, 20.65307037239313]], [[-101.46709335593032, 20.65307037239313], [-101.46705019634365, 20.653070989744506]], [[-101.46705085221977, 20.65311161392509], [-101.46705019634365, 20.653070989744506]], [[-101.46705019634365, 20.653070989744506], [-101.46700703675538, 20.65307160708511]], [[-101.46700769262004, 20.653112231267016], [-101.46700703675538, 20.65307160708511]], [[-101.46700703675538, 20.65307160708511], [-101.46696387716553, 20.653072224414927]], [[-101.46696453301875, 20.65311284859816], [-101.46696387716553, 20.653072224414927]], [[-101.46696387716553, 20.653072224414927], [-101.4669207175741, 20.653072841733977]], [[-101.46692137341589, 20.65311346591853], [-101.4669207175741, 20.653072841733977]], [[-101.4669207175741, 20.653072841733977], [-101.46687755798108, 20.653073459042254]], [[-101.46687821381143, 20.653114083228125], [-101.46687755798108, 20.653073459042254]], [[-101.46687755798108, 20.653073459042254], [-101.46683439838648, 20.653074076339742]], [[-101.46683505420538, 20.653114700526945], [-101.46683439838648, 20.653074076339742]], [[-101.46683439838648, 20.653074076339742], [-101.46679123879031, 20.65307469362647]], [[-101.46679189459775, 20.653115317814986], [-101.46679123879031, 20.65307469362647]], [[-101.46679123879031, 20.65307469362647], [-101.46674807919254, 20.65307531090241]], [[-101.46674873498856, 20.653115935092252], [-101.46674807919254, 20.65307531090241]], [[-101.46674807919254, 20.65307531090241], [-101.46670491959321, 20.653075928167578]], [[-101.46670557537776, 20.653116552358743], [-101.46670491959321, 20.653075928167578]], [[-101.46670491959321, 20.653075928167578], [-101.46666175999228, 20.653076545421968]], [[-101.4666624157654, 20.653117169614454], [-101.46666175999228, 20.653076545421968]], [[-101.46666175999228, 20.653076545421968], [-101.46661860038976, 20.653077162665586]], [[-101.46661925615145, 20.653117786859394], [-101.46661860038976, 20.653077162665586]], [[-101.46661860038976, 20.653077162665586], [-101.46657544078569, 20.653077779898428]], [[-101.46657609653592, 20.65311840409356], [-101.46657544078569, 20.653077779898428]], [[-101.46657544078569, 20.653077779898428], [-101.46653228118002, 20.653078397120495]], [[-101.4665329369188, 20.653119021316943], [-101.46653228118002, 20.653078397120495]], [[-101.46653228118002, 20.653078397120495], [-101.46648912157276, 20.653079014331777]], [[-101.4664897773001, 20.653119638529553], [-101.46648912157276, 20.653079014331777]], [[-101.46648912157276, 20.653079014331777], [-101.46644596196393, 20.65307963153229]], [[-101.46644661767982, 20.65312025573139], [-101.46644596196393, 20.65307963153229]], [[-101.46644596196393, 20.65307963153229], [-101.46640280235351, 20.65308024872203]], [[-101.46640345805795, 20.65312087292245], [-101.46640280235351, 20.65308024872203]], [[-101.46640280235351, 20.65308024872203], [-101.46635964274152, 20.65308086590099]], [[-101.46636029843451, 20.65312149010273], [-101.46635964274152, 20.65308086590099]], [[-101.46635964274152, 20.65308086590099], [-101.46631648312794, 20.653081483069172]], [[-101.46631713880949, 20.653122107272235], [-101.46631648312794, 20.653081483069172]], [[-101.46631648312794, 20.653081483069172], [-101.46627332351277, 20.653082100226584]], [[-101.46627397918289, 20.653122724430965], [-101.46627332351277, 20.653082100226584]], [[-101.46627332351277, 20.653082100226584], [-101.46623016389603, 20.653082717373216]], [[-101.4662308195547, 20.65312334157892], [-101.46623016389603, 20.653082717373216]], [[-101.46623016389603, 20.653082717373216], [-101.46618700427771, 20.653083334509073]], [[-101.46618765992491, 20.653123958716105], [-101.46618700427771, 20.653083334509073]], [[-101.46618700427771, 20.653083334509073], [-101.46614384465781, 20.653083951634155]], [[-101.46614450029357, 20.653124575842504], [-101.46614384465781, 20.653083951634155]], [[-101.46614384465781, 20.653083951634155], [-101.46610068503631, 20.653084568748458]], [[-101.46610134066064, 20.65312519295813], [-101.46610068503631, 20.653084568748458]], [[-101.46610068503631, 20.653084568748458], [-101.46605752541325, 20.65308518585198]], [[-101.46605818102613, 20.653125810062978], [-101.46605752541325, 20.65308518585198]], [[-101.46605752541325, 20.65308518585198], [-101.4660143657886, 20.65308580294474]], [[-101.46601502139002, 20.653126427157055], [-101.4660143657886, 20.65308580294474]], [[-101.4660143657886, 20.65308580294474], [-101.46597120616237, 20.653086420026717]], [[-101.46597186175234, 20.65312704424035], [-101.46597120616237, 20.653086420026717]], [[-101.46597120616237, 20.653086420026717], [-101.46592804653454, 20.653087037097915]], [[-101.46592870211309, 20.653127661312872], [-101.46592804653454, 20.653087037097915]], [[-101.46592804653454, 20.653087037097915], [-101.46588488690514, 20.653087654158337]], [[-101.46588554247225, 20.653128278374624], [-101.46588488690514, 20.653087654158337]], [[-101.46588488690514, 20.653087654158337], [-101.46584172727417, 20.653088271207988]], [[-101.46584238282982, 20.653128895425596], [-101.46584172727417, 20.653088271207988]], [[-101.46584172727417, 20.653088271207988], [-101.46579856764163, 20.653088888246863]], [[-101.46579922318583, 20.653129512465785], [-101.46579856764163, 20.653088888246863]], [[-101.46579856764163, 20.653088888246863], [-101.46575540800748, 20.65308950527496]], [[-101.46575606354023, 20.65313012949521], [-101.46575540800748, 20.65308950527496]], [[-101.46575540800748, 20.65308950527496], [-101.46571224837176, 20.653090122292284]], [[-101.46571290389306, 20.65313074651385], [-101.46571224837176, 20.653090122292284]], [[-101.46571224837176, 20.653090122292284], [-101.46566908873446, 20.65309073929883]], [[-101.46566974424431, 20.653131363521723], [-101.46566908873446, 20.65309073929883]], [[-101.46566908873446, 20.65309073929883], [-101.46562592909557, 20.653091356294595]], [[-101.46562658459398, 20.653131980518808], [-101.46562592909557, 20.653091356294595]], [[-101.46562592909557, 20.653091356294595], [-101.4655827694551, 20.653091973279587]], [[-101.46558342494207, 20.65313259750512], [-101.4655827694551, 20.653091973279587]], [[-101.4655827694551, 20.653091973279587], [-101.46553960981306, 20.653092590253806]], [[-101.46554026528858, 20.653133214480658], [-101.46553960981306, 20.653092590253806]], [[-101.46553960981306, 20.653092590253806], [-101.46549645016943, 20.653093207217246]], [[-101.4654971056335, 20.65313383144542], [-101.46549645016943, 20.653093207217246]], [[-101.46549645016943, 20.653093207217246], [-101.46545329052422, 20.65309382416991]], [[-101.46545394597685, 20.653134448399406], [-101.46545329052422, 20.65309382416991]], [[-101.46545329052422, 20.65309382416991], [-101.46541013087743, 20.653094441111797]], [[-101.46541078631861, 20.653135065342617], [-101.46541013087743, 20.653094441111797]], [[-101.46541013087743, 20.653094441111797], [-101.46536697122906, 20.653095058042915]], [[-101.4653676266588, 20.65313568227505], [-101.46536697122906, 20.653095058042915]], [[-101.46536697122906, 20.653095058042915], [-101.4653238115791, 20.65309567496325]], [[-101.4653244669974, 20.653136299196714], [-101.4653238115791, 20.65309567496325]], [[-101.4653238115791, 20.65309567496325], [-101.46528065192757, 20.65309629187281]], [[-101.46528130733442, 20.653136916107595], [-101.46528065192757, 20.65309629187281]], [[-101.46528065192757, 20.65309629187281], [-101.46523749227445, 20.653096908771598]], [[-101.46523814766985, 20.653137533007705], [-101.46523749227445, 20.653096908771598]], [[-101.46523749227445, 20.653096908771598], [-101.46519433261976, 20.653097525659604]], [[-101.46519498800372, 20.653138149897032], [-101.46519433261976, 20.653097525659604]], [[-101.46519433261976, 20.653097525659604], [-101.46515117296349, 20.65309814253684]], [[-101.46515182833599, 20.653138766775587], [-101.46515117296349, 20.65309814253684]], [[-101.46515117296349, 20.65309814253684], [-101.46510801330562, 20.653098759403296]], [[-101.46510866866669, 20.653139383643364], [-101.46510801330562, 20.653098759403296]], [[-101.46510801330562, 20.653098759403296], [-101.4650648536462, 20.653099376258975]], [[-101.4650655089958, 20.65314000050037], [-101.4650648536462, 20.653099376258975]], [[-101.4650648536462, 20.653099376258975], [-101.46502169398516, 20.653099993103883]], [[-101.46502234932333, 20.65314061734659], [-101.46502169398516, 20.653099993103883]], [[-101.46502169398516, 20.653099993103883], [-101.46497853432257, 20.653100609938008]], [[-101.4649791896493, 20.653141234182044], [-101.46497853432257, 20.653100609938008]], [[-101.46497853432257, 20.653100609938008], [-101.46493537465838, 20.65310122676137]], [[-101.46493602997366, 20.65314185100672], [-101.46493537465838, 20.65310122676137]], [[-101.46791338777668, 20.65305864066957], [-101.46791273167321, 20.653018016515226]], [[-101.46791273167321, 20.653018016515226], [-101.46786957212804, 20.65301863407002]], [[-101.46787022822005, 20.65305925822569], [-101.46786957212804, 20.65301863407002]], [[-101.46786957212804, 20.65301863407002], [-101.46782641258129, 20.653019251614037]], [[-101.46782706866186, 20.65305987577103], [-101.46782641258129, 20.653019251614037]], [[-101.46782641258129, 20.653019251614037], [-101.46778325303296, 20.65301986914728]], [[-101.46778390910208, 20.653060493305595], [-101.46778325303296, 20.65301986914728]], [[-101.46778325303296, 20.65301986914728], [-101.46774009348303, 20.65302048666975]], [[-101.46774074954071, 20.653061110829388], [-101.46774009348303, 20.65302048666975]], [[-101.46774009348303, 20.65302048666975], [-101.46769693393153, 20.65302110418144]], [[-101.46769758997776, 20.6530617283424], [-101.46769693393153, 20.65302110418144]], [[-101.46769693393153, 20.65302110418144], [-101.46765377437845, 20.653021721682357]], [[-101.46765443041323, 20.653062345844646], [-101.46765377437845, 20.653021721682357]], [[-101.46765377437845, 20.653021721682357], [-101.46761061482378, 20.653022339172498]], [[-101.46761127084712, 20.6530629633361], [-101.46761061482378, 20.653022339172498]], [[-101.46761061482378, 20.653022339172498], [-101.46756745526753, 20.65302295665186]], [[-101.46756811127942, 20.65306358081679], [-101.46756745526753, 20.65302295665186]], [[-101.46756745526753, 20.65302295665186], [-101.4675242957097, 20.653023574120443]], [[-101.46752495171015, 20.653064198286703], [-101.4675242957097, 20.653023574120443]], [[-101.4675242957097, 20.653023574120443], [-101.46748113615028, 20.65302419157826]], [[-101.46748179213928, 20.653064815745836], [-101.46748113615028, 20.65302419157826]], [[-101.46748113615028, 20.65302419157826], [-101.46743797658928, 20.653024809025293]], [[-101.46743863256684, 20.653065433194197], [-101.46743797658928, 20.653024809025293]], [[-101.46743797658928, 20.653024809025293], [-101.4673948170267, 20.653025426461557]], [[-101.4673954729928, 20.65306605063178], [-101.4673948170267, 20.653025426461557]], [[-101.4673948170267, 20.653025426461557], [-101.46735165746254, 20.65302604388704]], [[-101.4673523134172, 20.653066668058585], [-101.46735165746254, 20.65302604388704]], [[-101.46735165746254, 20.65302604388704], [-101.4673084978968, 20.65302666130175]], [[-101.46730915384002, 20.653067285474616], [-101.4673084978968, 20.65302666130175]], [[-101.4673084978968, 20.65302666130175], [-101.46726533832947, 20.653027278705682]], [[-101.46726599426124, 20.653067902879876], [-101.46726533832947, 20.653027278705682]], [[-101.46726533832947, 20.653027278705682], [-101.46722217876057, 20.653027896098838]], [[-101.46722283468088, 20.653068520274346], [-101.46722217876057, 20.653027896098838]], [[-101.46722217876057, 20.653027896098838], [-101.46717901919007, 20.653028513481217]], [[-101.46717967509895, 20.653069137658054], [-101.46717901919007, 20.653028513481217]], [[-101.46717901919007, 20.653028513481217], [-101.467135859618, 20.653029130852826]], [[-101.46713651551543, 20.65306975503098], [-101.467135859618, 20.653029130852826]], [[-101.467135859618, 20.653029130852826], [-101.46709270004433, 20.65302974821365]], [[-101.46709335593032, 20.65307037239313], [-101.46709270004433, 20.65302974821365]], [[-101.46709270004433, 20.65302974821365], [-101.46704954046909, 20.65303036556371]], [[-101.46705019634365, 20.653070989744506], [-101.46704954046909, 20.65303036556371]], [[-101.46704954046909, 20.65303036556371], [-101.46700638089229, 20.653030982902987]], [[-101.46700703675538, 20.65307160708511], [-101.46700638089229, 20.653030982902987]], [[-101.46700638089229, 20.653030982902987], [-101.46696322131388, 20.653031600231486]], [[-101.46696387716553, 20.653072224414927], [-101.46696322131388, 20.653031600231486]], [[-101.46696322131388, 20.653031600231486], [-101.46692006173389, 20.653032217549214]], [[-101.4669207175741, 20.653072841733977], [-101.46692006173389, 20.653032217549214]], [[-101.46692006173389, 20.653032217549214], [-101.46687690215231, 20.65303283485616]], [[-101.46687755798108, 20.653073459042254], [-101.46687690215231, 20.65303283485616]], [[-101.46687690215231, 20.65303283485616], [-101.46683374256918, 20.653033452152336]], [[-101.46683439838648, 20.653074076339742], [-101.46683374256918, 20.653033452152336]], [[-101.46683374256918, 20.653033452152336], [-101.46679058298443, 20.653034069437734]], [[-101.46679123879031, 20.65307469362647], [-101.46679058298443, 20.653034069437734]], [[-101.46679058298443, 20.653034069437734], [-101.46674742339812, 20.653034686712353]], [[-101.46674807919254, 20.65307531090241], [-101.46674742339812, 20.653034686712353]], [[-101.46674742339812, 20.653034686712353], [-101.46670426381023, 20.6530353039762]], [[-101.46670491959321, 20.653075928167578], [-101.46670426381023, 20.6530353039762]], [[-101.46670426381023, 20.6530353039762], [-101.46666110422075, 20.65303592122927]], [[-101.46666175999228, 20.653076545421968], [-101.46666110422075, 20.65303592122927]], [[-101.46666110422075, 20.65303592122927], [-101.46661794462969, 20.653036538471564]], [[-101.46661860038976, 20.653077162665586], [-101.46661794462969, 20.653036538471564]], [[-101.46661794462969, 20.653036538471564], [-101.46657478503704, 20.653037155703082]], [[-101.46657544078569, 20.653077779898428], [-101.46657478503704, 20.653037155703082]], [[-101.46657478503704, 20.653037155703082], [-101.46653162544281, 20.653037772923827]], [[-101.46653228118002, 20.653078397120495], [-101.46653162544281, 20.653037772923827]], [[-101.46653162544281, 20.653037772923827], [-101.46648846584702, 20.65303839013379]], [[-101.46648912157276, 20.653079014331777], [-101.46648846584702, 20.65303839013379]], [[-101.46648846584702, 20.65303839013379], [-101.46644530624962, 20.65303900733298]], [[-101.46644596196393, 20.65307963153229], [-101.46644530624962, 20.65303900733298]], [[-101.46644530624962, 20.65303900733298], [-101.46640214665065, 20.653039624521394]], [[-101.46640280235351, 20.65308024872203], [-101.46640214665065, 20.653039624521394]], [[-101.46640214665065, 20.653039624521394], [-101.46635898705011, 20.65304024169903]], [[-101.46635964274152, 20.65308086590099], [-101.46635898705011, 20.65304024169903]], [[-101.46635898705011, 20.65304024169903], [-101.46631582744797, 20.653040858865896]], [[-101.46631648312794, 20.653081483069172], [-101.46631582744797, 20.653040858865896]], [[-101.46631582744797, 20.653040858865896], [-101.46627266784427, 20.65304147602198]], [[-101.46627332351277, 20.653082100226584], [-101.46627266784427, 20.65304147602198]], [[-101.46627266784427, 20.65304147602198], [-101.46622950823895, 20.653042093167294]], [[-101.46623016389603, 20.653082717373216], [-101.46622950823895, 20.653042093167294]], [[-101.46622950823895, 20.653042093167294], [-101.46618634863208, 20.65304271030183]], [[-101.46618700427771, 20.653083334509073], [-101.46618634863208, 20.65304271030183]], [[-101.46618634863208, 20.65304271030183], [-101.46614318902363, 20.65304332742559]], [[-101.46614384465781, 20.653083951634155], [-101.46614318902363, 20.65304332742559]], [[-101.46614318902363, 20.65304332742559], [-101.46610002941358, 20.65304394453857]], [[-101.46610068503631, 20.653084568748458], [-101.46610002941358, 20.65304394453857]], [[-101.46610002941358, 20.65304394453857], [-101.46605686980195, 20.653044561640776]], [[-101.46605752541325, 20.65308518585198], [-101.46605686980195, 20.653044561640776]], [[-101.46605686980195, 20.653044561640776], [-101.46601371018875, 20.653045178732214]], [[-101.4660143657886, 20.65308580294474], [-101.46601371018875, 20.653045178732214]], [[-101.46601371018875, 20.653045178732214], [-101.46597055057397, 20.65304579581286]], [[-101.46597120616237, 20.653086420026717], [-101.46597055057397, 20.65304579581286]], [[-101.46597055057397, 20.65304579581286], [-101.4659273909576, 20.653046412882745]], [[-101.46592804653454, 20.653087037097915], [-101.4659273909576, 20.653046412882745]], [[-101.4659273909576, 20.653046412882745], [-101.46588423133964, 20.653047029941845]], [[-101.46588488690514, 20.653087654158337], [-101.46588423133964, 20.653047029941845]], [[-101.46588423133964, 20.653047029941845], [-101.4658410717201, 20.653047646990178]], [[-101.46584172727417, 20.653088271207988], [-101.4658410717201, 20.653047646990178]], [[-101.4658410717201, 20.653047646990178], [-101.46579791209899, 20.653048264027724]], [[-101.46579856764163, 20.653088888246863], [-101.46579791209899, 20.653048264027724]], [[-101.46579791209899, 20.653048264027724], [-101.4657547524763, 20.6530488810545]], [[-101.46575540800748, 20.65308950527496], [-101.4657547524763, 20.6530488810545]], [[-101.4657547524763, 20.6530488810545], [-101.46571159285203, 20.653049498070498]], [[-101.46571224837176, 20.653090122292284], [-101.46571159285203, 20.653049498070498]], [[-101.46571159285203, 20.653049498070498], [-101.46566843322617, 20.653050115075718]], [[-101.46566908873446, 20.65309073929883], [-101.46566843322617, 20.653050115075718]], [[-101.46566843322617, 20.653050115075718], [-101.46562527359873, 20.65305073207017]], [[-101.46562592909557, 20.653091356294595], [-101.46562527359873, 20.65305073207017]], [[-101.46562527359873, 20.65305073207017], [-101.46558211396972, 20.65305134905384]], [[-101.4655827694551, 20.653091973279587], [-101.46558211396972, 20.65305134905384]], [[-101.46558211396972, 20.65305134905384], [-101.46553895433912, 20.653051966026737]], [[-101.46553960981306, 20.653092590253806], [-101.46553895433912, 20.653051966026737]], [[-101.46553895433912, 20.653051966026737], [-101.46549579470694, 20.653052582988856]], [[-101.46549645016943, 20.653093207217246], [-101.46549579470694, 20.653052582988856]], [[-101.46549579470694, 20.653052582988856], [-101.46545263507318, 20.653053199940196]], [[-101.46545329052422, 20.65309382416991], [-101.46545263507318, 20.653053199940196]], [[-101.46545263507318, 20.653053199940196], [-101.46540947543782, 20.653053816880764]], [[-101.46541013087743, 20.653094441111797], [-101.46540947543782, 20.653053816880764]], [[-101.46540947543782, 20.653053816880764], [-101.46536631580089, 20.65305443381056]], [[-101.46536697122906, 20.653095058042915], [-101.46536631580089, 20.65305443381056]], [[-101.46536631580089, 20.65305443381056], [-101.46532315616238, 20.653055050729574]], [[-101.4653238115791, 20.65309567496325], [-101.46532315616238, 20.653055050729574]], [[-101.46532315616238, 20.653055050729574], [-101.4652799965223, 20.653055667637815]], [[-101.46528065192757, 20.65309629187281], [-101.4652799965223, 20.653055667637815]], [[-101.4652799965223, 20.653055667637815], [-101.46523683688065, 20.653056284535275]], [[-101.46523749227445, 20.653096908771598], [-101.46523683688065, 20.653056284535275]], [[-101.46523683688065, 20.653056284535275], [-101.4651936772374, 20.653056901421962]], [[-101.46519433261976, 20.653097525659604], [-101.4651936772374, 20.653056901421962]], [[-101.4651936772374, 20.653056901421962], [-101.46515051759256, 20.653057518297878]], [[-101.46515117296349, 20.65309814253684], [-101.46515051759256, 20.653057518297878]], [[-101.46515051759256, 20.653057518297878], [-101.46510735794614, 20.65305813516301]], [[-101.46510801330562, 20.653098759403296], [-101.46510735794614, 20.65305813516301]], [[-101.46510735794614, 20.65305813516301], [-101.46506419829814, 20.653058752017373]], [[-101.4650648536462, 20.653099376258975], [-101.46506419829814, 20.653058752017373]], [[-101.46506419829814, 20.653058752017373], [-101.46502103864857, 20.653059368860955]], [[-101.46502169398516, 20.653099993103883], [-101.46502103864857, 20.653059368860955]], [[-101.46502103864857, 20.653059368860955], [-101.46497787899742, 20.65305998569377]], [[-101.46497853432257, 20.653100609938008], [-101.46497787899742, 20.65305998569377]], [[-101.46791273167321, 20.653018016515226], [-101.46791207557133, 20.65297739236067]], [[-101.46791207557133, 20.65297739236067], [-101.46786891603762, 20.652978009914133]], [[-101.46786957212804, 20.65301863407002], [-101.46786891603762, 20.652978009914133]], [[-101.46786891603762, 20.652978009914133], [-101.4678257565023, 20.652978627456832]], [[-101.46782641258129, 20.653019251614037], [-101.4678257565023, 20.652978627456832]], [[-101.4678257565023, 20.652978627456832], [-101.46778259696542, 20.65297924498875]], [[-101.46778325303296, 20.65301986914728], [-101.46778259696542, 20.65297924498875]], [[-101.46778259696542, 20.65297924498875], [-101.46773943742694, 20.6529798625099]], [[-101.46774009348303, 20.65302048666975], [-101.46773943742694, 20.6529798625099]], [[-101.46773943742694, 20.6529798625099], [-101.46769627788687, 20.65298048002027]], [[-101.46769693393153, 20.65302110418144], [-101.46769627788687, 20.65298048002027]], [[-101.46769627788687, 20.65298048002027], [-101.46765311834524, 20.65298109751986]], [[-101.46765377437845, 20.653021721682357], [-101.46765311834524, 20.65298109751986]], [[-101.46765311834524, 20.65298109751986], [-101.46760995880202, 20.652981715008675]], [[-101.46761061482378, 20.653022339172498], [-101.46760995880202, 20.652981715008675]], [[-101.46760995880202, 20.652981715008675], [-101.46756679925721, 20.65298233248672]], [[-101.46756745526753, 20.65302295665186], [-101.46756679925721, 20.65298233248672]], [[-101.46756679925721, 20.65298233248672], [-101.46752363971083, 20.652982949953984]], [[-101.4675242957097, 20.653023574120443], [-101.46752363971083, 20.652982949953984]], [[-101.46752363971083, 20.652982949953984], [-101.46748048016286, 20.652983567410473]], [[-101.46748113615028, 20.65302419157826], [-101.46748048016286, 20.652983567410473]], [[-101.46748048016286, 20.652983567410473], [-101.46743732061331, 20.652984184856184]], [[-101.46743797658928, 20.653024809025293], [-101.46743732061331, 20.652984184856184]], [[-101.46743732061331, 20.652984184856184], [-101.46739416106217, 20.652984802291126]], [[-101.4673948170267, 20.653025426461557], [-101.46739416106217, 20.652984802291126]], [[-101.46739416106217, 20.652984802291126], [-101.46735100150946, 20.652985419715282]], [[-101.46735165746254, 20.65302604388704], [-101.46735100150946, 20.652985419715282]], [[-101.46735100150946, 20.652985419715282], [-101.46730784195516, 20.65298603712867]], [[-101.4673084978968, 20.65302666130175], [-101.46730784195516, 20.65298603712867]], [[-101.46730784195516, 20.65298603712867], [-101.46726468239927, 20.65298665453129]], [[-101.46726533832947, 20.653027278705682], [-101.46726468239927, 20.65298665453129]], [[-101.46726468239927, 20.65298665453129], [-101.46722152284181, 20.652987271923116]], [[-101.46722217876057, 20.653027896098838], [-101.46722152284181, 20.652987271923116]], [[-101.46722152284181, 20.652987271923116], [-101.46717836328277, 20.65298788930418]], [[-101.46717901919007, 20.653028513481217], [-101.46717836328277, 20.65298788930418]], [[-101.46717836328277, 20.65298788930418], [-101.46713520372214, 20.652988506674454]], [[-101.467135859618, 20.653029130852826], [-101.46713520372214, 20.652988506674454]], [[-101.46713520372214, 20.652988506674454], [-101.46709204415993, 20.652989124033965]], [[-101.46709270004433, 20.65302974821365], [-101.46709204415993, 20.652989124033965]], [[-101.46709204415993, 20.652989124033965], [-101.46704888459612, 20.652989741382697]], [[-101.46704954046909, 20.65303036556371], [-101.46704888459612, 20.652989741382697]], [[-101.46704888459612, 20.652989741382697], [-101.46700572503076, 20.652990358720647]], [[-101.46700638089229, 20.653030982902987], [-101.46700572503076, 20.652990358720647]], [[-101.46700572503076, 20.652990358720647], [-101.4669625654638, 20.652990976047825]], [[-101.46696322131388, 20.653031600231486], [-101.4669625654638, 20.652990976047825]], [[-101.4669625654638, 20.652990976047825], [-101.46691940589525, 20.652991593364227]], [[-101.46692006173389, 20.653032217549214], [-101.46691940589525, 20.652991593364227]], [[-101.46691940589525, 20.652991593364227], [-101.46687624632514, 20.652992210669854]], [[-101.46687690215231, 20.65303283485616], [-101.46687624632514, 20.652992210669854]], [[-101.46687624632514, 20.652992210669854], [-101.46683308675344, 20.652992827964713]], [[-101.46683374256918, 20.653033452152336], [-101.46683308675344, 20.652992827964713]], [[-101.46683308675344, 20.652992827964713], [-101.46678992718014, 20.652993445248786]], [[-101.46679058298443, 20.653034069437734], [-101.46678992718014, 20.652993445248786]], [[-101.46678992718014, 20.652993445248786], [-101.46674676760527, 20.652994062522087]], [[-101.46674742339812, 20.653034686712353], [-101.46674676760527, 20.652994062522087]], [[-101.46674676760527, 20.652994062522087], [-101.46670360802882, 20.652994679784605]], [[-101.46670426381023, 20.6530353039762], [-101.46670360802882, 20.652994679784605]], [[-101.46670360802882, 20.652994679784605], [-101.4666604484508, 20.65299529703636]], [[-101.46666110422075, 20.65303592122927], [-101.4666604484508, 20.65299529703636]], [[-101.4666604484508, 20.65299529703636], [-101.46661728887119, 20.65299591427733]], [[-101.46661794462969, 20.653036538471564], [-101.46661728887119, 20.65299591427733]], [[-101.46661728887119, 20.65299591427733], [-101.46657412928998, 20.652996531507526]], [[-101.46657478503704, 20.653037155703082], [-101.46657412928998, 20.652996531507526]], [[-101.46657412928998, 20.652996531507526], [-101.46653096970721, 20.652997148726946]], [[-101.46653162544281, 20.653037772923827], [-101.46653096970721, 20.652997148726946]], [[-101.46653096970721, 20.652997148726946], [-101.46648781012284, 20.65299776593559]], [[-101.46648846584702, 20.65303839013379], [-101.46648781012284, 20.65299776593559]], [[-101.46648781012284, 20.65299776593559], [-101.46644465053691, 20.65299838313346]], [[-101.46644530624962, 20.65303900733298], [-101.46644465053691, 20.65299838313346]], [[-101.46644465053691, 20.65299838313346], [-101.46640149094938, 20.652999000320552]], [[-101.46640214665065, 20.653039624521394], [-101.46640149094938, 20.652999000320552]], [[-101.46640149094938, 20.652999000320552], [-101.46635833136027, 20.652999617496864]], [[-101.46635898705011, 20.65304024169903], [-101.46635833136027, 20.652999617496864]], [[-101.46635833136027, 20.652999617496864], [-101.4663151717696, 20.653000234662407]], [[-101.46631582744797, 20.653040858865896], [-101.4663151717696, 20.653000234662407]], [[-101.4663151717696, 20.653000234662407], [-101.46627201217731, 20.65300085181717]], [[-101.46627266784427, 20.65304147602198], [-101.46627201217731, 20.65300085181717]], [[-101.46627201217731, 20.65300085181717], [-101.46622885258347, 20.65300146896116]], [[-101.46622950823895, 20.653042093167294], [-101.46622885258347, 20.65300146896116]], [[-101.46622885258347, 20.65300146896116], [-101.46618569298803, 20.653002086094375]], [[-101.46618634863208, 20.65304271030183], [-101.46618569298803, 20.653002086094375]], [[-101.46618569298803, 20.653002086094375], [-101.46614253339102, 20.65300270321681]], [[-101.46614318902363, 20.65304332742559], [-101.46614253339102, 20.65300270321681]], [[-101.46614253339102, 20.65300270321681], [-101.46609937379242, 20.653003320328473]], [[-101.46610002941358, 20.65304394453857], [-101.46609937379242, 20.653003320328473]], [[-101.46609937379242, 20.653003320328473], [-101.46605621419225, 20.653003937429354]], [[-101.46605686980195, 20.653044561640776], [-101.46605621419225, 20.653003937429354]], [[-101.46605621419225, 20.653003937429354], [-101.46601305459049, 20.653004554519462]], [[-101.46601371018875, 20.653045178732214], [-101.46601305459049, 20.653004554519462]], [[-101.46601305459049, 20.653004554519462], [-101.46596989498715, 20.6530051715988]], [[-101.46597055057397, 20.65304579581286], [-101.46596989498715, 20.6530051715988]], [[-101.46596989498715, 20.6530051715988], [-101.46592673538223, 20.653005788667354]], [[-101.4659273909576, 20.653046412882745], [-101.46592673538223, 20.653005788667354]], [[-101.46592673538223, 20.653005788667354], [-101.46588357577572, 20.653006405725137]], [[-101.46588423133964, 20.653047029941845], [-101.46588357577572, 20.653006405725137]], [[-101.46588357577572, 20.653006405725137], [-101.46584041616762, 20.653007022772144]], [[-101.4658410717201, 20.653047646990178], [-101.46584041616762, 20.653007022772144]], [[-101.46584041616762, 20.653007022772144], [-101.46579725655796, 20.653007639808376]], [[-101.46579791209899, 20.653048264027724], [-101.46579725655796, 20.653007639808376]], [[-101.46579725655796, 20.653007639808376], [-101.46575409694672, 20.653008256833825]], [[-101.4657547524763, 20.6530488810545], [-101.46575409694672, 20.653008256833825]], [[-101.46575409694672, 20.653008256833825], [-101.46571093733388, 20.653008873848503]], [[-101.46571159285203, 20.653049498070498], [-101.46571093733388, 20.653008873848503]], [[-101.46571093733388, 20.653008873848503], [-101.46566777771947, 20.6530094908524]], [[-101.46566843322617, 20.653050115075718], [-101.46566777771947, 20.6530094908524]], [[-101.46566777771947, 20.6530094908524], [-101.46562461810349, 20.65301010784553]], [[-101.46562527359873, 20.65305073207017], [-101.46562461810349, 20.65301010784553]], [[-101.46562461810349, 20.65301010784553], [-101.4655814584859, 20.653010724827883]], [[-101.46558211396972, 20.65305134905384], [-101.4655814584859, 20.653010724827883]], [[-101.4655814584859, 20.653010724827883], [-101.46553829886675, 20.653011341799456]], [[-101.46553895433912, 20.653051966026737], [-101.46553829886675, 20.653011341799456]], [[-101.46553829886675, 20.653011341799456], [-101.46549513924602, 20.653011958760253]], [[-101.46549579470694, 20.653052582988856], [-101.46549513924602, 20.653011958760253]], [[-101.46549513924602, 20.653011958760253], [-101.46545197962371, 20.653012575710278]], [[-101.46545263507318, 20.653053199940196], [-101.46545197962371, 20.653012575710278]], [[-101.46545197962371, 20.653012575710278], [-101.46540881999981, 20.653013192649524]], [[-101.46540947543782, 20.653053816880764], [-101.46540881999981, 20.653013192649524]], [[-101.46540881999981, 20.653013192649524], [-101.46536566037432, 20.653013809577995]], [[-101.46536631580089, 20.65305443381056], [-101.46536566037432, 20.653013809577995]], [[-101.46536566037432, 20.653013809577995], [-101.46532250074726, 20.65301442649568]], [[-101.46532315616238, 20.653055050729574], [-101.46532250074726, 20.65301442649568]], [[-101.46532250074726, 20.65301442649568], [-101.46527934111862, 20.653015043402608]], [[-101.4652799965223, 20.653055667637815], [-101.46527934111862, 20.653015043402608]], [[-101.46527934111862, 20.653015043402608], [-101.4652361814884, 20.65301566029875]], [[-101.46523683688065, 20.653056284535275], [-101.4652361814884, 20.65301566029875]], [[-101.4652361814884, 20.65301566029875], [-101.46519302185659, 20.65301627718412]], [[-101.4651936772374, 20.653056901421962], [-101.46519302185659, 20.65301627718412]], [[-101.46519302185659, 20.65301627718412], [-101.4651498622232, 20.653016894058702]], [[-101.46515051759256, 20.653057518297878], [-101.4651498622232, 20.653016894058702]], [[-101.4651498622232, 20.653016894058702], [-101.46510670258824, 20.653017510922517]], [[-101.46510735794614, 20.65305813516301], [-101.46510670258824, 20.653017510922517]], [[-101.46510670258824, 20.653017510922517], [-101.4650635429517, 20.653018127775557]], [[-101.46506419829814, 20.653058752017373], [-101.4650635429517, 20.653018127775557]], [[-101.4650635429517, 20.653018127775557], [-101.46502038331356, 20.653018744617818]], [[-101.46502103864857, 20.653059368860955], [-101.46502038331356, 20.653018744617818]], [[-101.46502038331356, 20.653018744617818], [-101.46497722367386, 20.653019361449307]], [[-101.46497787899742, 20.65305998569377], [-101.46497722367386, 20.653019361449307]], [[-101.46791207557133, 20.65297739236067], [-101.46791141947104, 20.652936768205894]], [[-101.46791141947104, 20.652936768205894], [-101.46786825994876, 20.652937385758044]], [[-101.46786891603762, 20.652978009914133], [-101.46786825994876, 20.652937385758044]], [[-101.46786825994876, 20.652937385758044], [-101.46782510042489, 20.652938003299415]], [[-101.4678257565023, 20.652978627456832], [-101.46782510042489, 20.652938003299415]], [[-101.46782510042489, 20.652938003299415], [-101.46778194089944, 20.65293862083001]], [[-101.46778259696542, 20.65297924498875], [-101.46778194089944, 20.65293862083001]], [[-101.46778194089944, 20.65293862083001], [-101.46773878137243, 20.652939238349834]], [[-101.46773943742694, 20.6529798625099], [-101.46773878137243, 20.652939238349834]], [[-101.46773878137243, 20.652939238349834], [-101.46769562184382, 20.652939855858886]], [[-101.46769627788687, 20.65298048002027], [-101.46769562184382, 20.652939855858886]], [[-101.46769562184382, 20.652939855858886], [-101.46765246231362, 20.65294047335715]], [[-101.46765311834524, 20.65298109751986], [-101.46765246231362, 20.65294047335715]], [[-101.46765246231362, 20.65294047335715], [-101.46760930278184, 20.65294109084465]], [[-101.46760995880202, 20.652981715008675], [-101.46760930278184, 20.65294109084465]], [[-101.46760930278184, 20.65294109084465], [-101.46756614324849, 20.652941708321364]], [[-101.46756679925721, 20.65298233248672], [-101.46756614324849, 20.652941708321364]], [[-101.46756614324849, 20.652941708321364], [-101.46752298371355, 20.652942325787308]], [[-101.46752363971083, 20.652982949953984], [-101.46752298371355, 20.652942325787308]], [[-101.46752298371355, 20.652942325787308], [-101.46747982417702, 20.652942943242472]], [[-101.46748048016286, 20.652983567410473], [-101.46747982417702, 20.652942943242472]], [[-101.46747982417702, 20.652942943242472], [-101.46743666463892, 20.652943560686868]], [[-101.46743732061331, 20.652984184856184], [-101.46743666463892, 20.652943560686868]], [[-101.46743666463892, 20.652943560686868], [-101.46739350509922, 20.65294417812048]], [[-101.46739416106217, 20.652984802291126], [-101.46739350509922, 20.65294417812048]], [[-101.46739350509922, 20.65294417812048], [-101.46735034555796, 20.65294479554332]], [[-101.46735100150946, 20.652985419715282], [-101.46735034555796, 20.65294479554332]], [[-101.46735034555796, 20.65294479554332], [-101.4673071860151, 20.652945412955386]], [[-101.46730784195516, 20.65298603712867], [-101.4673071860151, 20.652945412955386]], [[-101.4673071860151, 20.652945412955386], [-101.46726402647067, 20.652946030356674]], [[-101.46726468239927, 20.65298665453129], [-101.46726402647067, 20.652946030356674]], [[-101.46726402647067, 20.652946030356674], [-101.46722086692465, 20.65294664774719]], [[-101.46722152284181, 20.652987271923116], [-101.46722086692465, 20.65294664774719]], [[-101.46722086692465, 20.65294664774719], [-101.46717770737705, 20.652947265126922]], [[-101.46717836328277, 20.65298788930418], [-101.46717770737705, 20.652947265126922]], [[-101.46717770737705, 20.652947265126922], [-101.46713454782787, 20.65294788249588]], [[-101.46713520372214, 20.652988506674454], [-101.46713454782787, 20.65294788249588]], [[-101.46713454782787, 20.65294788249588], [-101.4670913882771, 20.652948499854062]], [[-101.46709204415993, 20.652989124033965], [-101.4670913882771, 20.652948499854062]], [[-101.4670913882771, 20.652948499854062], [-101.46704822872475, 20.65294911720147]], [[-101.46704888459612, 20.652989741382697], [-101.46704822872475, 20.65294911720147]], [[-101.46704822872475, 20.65294911720147], [-101.46700506917082, 20.652949734538105]], [[-101.46700572503076, 20.652990358720647], [-101.46700506917082, 20.652949734538105]], [[-101.46700506917082, 20.652949734538105], [-101.4669619096153, 20.65295035186396]], [[-101.4669625654638, 20.652990976047825], [-101.4669619096153, 20.65295035186396]], [[-101.4669619096153, 20.65295035186396], [-101.46691875005821, 20.652950969179045]], [[-101.46691940589525, 20.652991593364227], [-101.46691875005821, 20.652950969179045]], [[-101.46691875005821, 20.652950969179045], [-101.46687559049954, 20.65295158648335]], [[-101.46687624632514, 20.652992210669854], [-101.46687559049954, 20.65295158648335]], [[-101.46687559049954, 20.65295158648335], [-101.46683243093929, 20.65295220377688]], [[-101.46683308675344, 20.652992827964713], [-101.46683243093929, 20.65295220377688]], [[-101.46683243093929, 20.65295220377688], [-101.46678927137744, 20.652952821059632]], [[-101.46678992718014, 20.652993445248786], [-101.46678927137744, 20.652952821059632]], [[-101.46678927137744, 20.652952821059632], [-101.46674611181402, 20.65295343833161]], [[-101.46674676760527, 20.652994062522087], [-101.46674611181402, 20.65295343833161]], [[-101.46674611181402, 20.65295343833161], [-101.46670295224901, 20.652954055592808]], [[-101.46670360802882, 20.652994679784605], [-101.46670295224901, 20.652954055592808]], [[-101.46670295224901, 20.652954055592808], [-101.46665979268242, 20.652954672843233]], [[-101.4666604484508, 20.65299529703636], [-101.46665979268242, 20.652954672843233]], [[-101.46665979268242, 20.652954672843233], [-101.46661663311426, 20.652955290082883]], [[-101.46661728887119, 20.65299591427733], [-101.46661663311426, 20.652955290082883]], [[-101.46661663311426, 20.652955290082883], [-101.4665734735445, 20.652955907311757]], [[-101.46657412928998, 20.652996531507526], [-101.4665734735445, 20.652955907311757]], [[-101.4665734735445, 20.652955907311757], [-101.46653031397318, 20.652956524529856]], [[-101.46653096970721, 20.652997148726946], [-101.46653031397318, 20.652956524529856]], [[-101.46653031397318, 20.652956524529856], [-101.46648715440026, 20.65295714173718]], [[-101.46648781012284, 20.65299776593559], [-101.46648715440026, 20.65295714173718]], [[-101.46648715440026, 20.65295714173718], [-101.46644399482577, 20.652957758933727]], [[-101.46644465053691, 20.65299838313346], [-101.46644399482577, 20.652957758933727]], [[-101.46644399482577, 20.652957758933727], [-101.46640083524969, 20.652958376119496]], [[-101.46640149094938, 20.652999000320552], [-101.46640083524969, 20.652958376119496]], [[-101.46640083524969, 20.652958376119496], [-101.46635767567203, 20.65295899329449]], [[-101.46635833136027, 20.652999617496864], [-101.46635767567203, 20.65295899329449]], [[-101.46635767567203, 20.65295899329449], [-101.46631451609278, 20.652959610458705]], [[-101.4663151717696, 20.653000234662407], [-101.46631451609278, 20.652959610458705]], [[-101.46631451609278, 20.652959610458705], [-101.46627135651197, 20.652960227612148]], [[-101.46627201217731, 20.65300085181717], [-101.46627135651197, 20.652960227612148]], [[-101.46627135651197, 20.652960227612148], [-101.46622819692956, 20.65296084475482]], [[-101.46622885258347, 20.65300146896116], [-101.46622819692956, 20.65296084475482]], [[-101.46622819692956, 20.65296084475482], [-101.46618503734557, 20.65296146188671]], [[-101.46618569298803, 20.653002086094375], [-101.46618503734557, 20.65296146188671]], [[-101.46618503734557, 20.65296146188671], [-101.46614187776, 20.652962079007825]], [[-101.46614253339102, 20.65300270321681], [-101.46614187776, 20.652962079007825]], [[-101.46614187776, 20.652962079007825], [-101.46609871817284, 20.652962696118163]], [[-101.46609937379242, 20.653003320328473], [-101.46609871817284, 20.652962696118163]], [[-101.46609871817284, 20.652962696118163], [-101.46605555858413, 20.652963313217725]], [[-101.46605621419225, 20.653003937429354], [-101.46605555858413, 20.652963313217725]], [[-101.46605555858413, 20.652963313217725], [-101.46601239899381, 20.652963930306516]], [[-101.46601305459049, 20.653004554519462], [-101.46601239899381, 20.652963930306516]], [[-101.46601239899381, 20.652963930306516], [-101.4659692394019, 20.652964547384524]], [[-101.46596989498715, 20.6530051715988], [-101.4659692394019, 20.652964547384524]], [[-101.4659692394019, 20.652964547384524], [-101.46592607980844, 20.65296516445176]], [[-101.46592673538223, 20.653005788667354], [-101.46592607980844, 20.65296516445176]], [[-101.46592607980844, 20.65296516445176], [-101.46588292021337, 20.652965781508218]], [[-101.46588357577572, 20.653006405725137], [-101.46588292021337, 20.652965781508218]], [[-101.46588292021337, 20.652965781508218], [-101.46583976061673, 20.652966398553907]], [[-101.46584041616762, 20.653007022772144], [-101.46583976061673, 20.652966398553907]], [[-101.46583976061673, 20.652966398553907], [-101.46579660101852, 20.652967015588807]], [[-101.46579725655796, 20.653007639808376], [-101.46579660101852, 20.652967015588807]], [[-101.46579660101852, 20.652967015588807], [-101.46575344141871, 20.652967632612942]], [[-101.46575409694672, 20.653008256833825], [-101.46575344141871, 20.652967632612942]], [[-101.46575344141871, 20.652967632612942], [-101.46571028181732, 20.652968249626298]], [[-101.46571093733388, 20.653008873848503], [-101.46571028181732, 20.652968249626298]], [[-101.46571028181732, 20.652968249626298], [-101.46566712221436, 20.652968866628875]], [[-101.46566777771947, 20.6530094908524], [-101.46566712221436, 20.652968866628875]], [[-101.46566712221436, 20.652968866628875], [-101.46562396260981, 20.652969483620687]], [[-101.46562461810349, 20.65301010784553], [-101.46562396260981, 20.652969483620687]], [[-101.46562396260981, 20.652969483620687], [-101.46558080300369, 20.652970100601713]], [[-101.4655814584859, 20.653010724827883], [-101.46558080300369, 20.652970100601713]], [[-101.46558080300369, 20.652970100601713], [-101.46553764339598, 20.65297071757196]], [[-101.46553829886675, 20.653011341799456], [-101.46553764339598, 20.65297071757196]], [[-101.46553764339598, 20.65297071757196], [-101.46549448378669, 20.65297133453144]], [[-101.46549513924602, 20.653011958760253], [-101.46549448378669, 20.65297133453144]], [[-101.46549448378669, 20.65297133453144], [-101.46545132417582, 20.65297195148014]], [[-101.46545197962371, 20.653012575710278], [-101.46545132417582, 20.65297195148014]], [[-101.46545132417582, 20.65297195148014], [-101.46540816456336, 20.652972568418065]], [[-101.46540881999981, 20.653013192649524], [-101.46540816456336, 20.652972568418065]], [[-101.46540816456336, 20.652972568418065], [-101.46536500494933, 20.65297318534521]], [[-101.46536566037432, 20.653013809577995], [-101.46536500494933, 20.65297318534521]], [[-101.46536500494933, 20.65297318534521], [-101.4653218453337, 20.652973802261585]], [[-101.46532250074726, 20.65301442649568], [-101.4653218453337, 20.652973802261585]], [[-101.4653218453337, 20.652973802261585], [-101.46527868571651, 20.65297441916718]], [[-101.46527934111862, 20.653015043402608], [-101.46527868571651, 20.65297441916718]], [[-101.46527868571651, 20.65297441916718], [-101.46523552609774, 20.652975036062006]], [[-101.4652361814884, 20.65301566029875], [-101.46523552609774, 20.652975036062006]], [[-101.46523552609774, 20.652975036062006], [-101.46519236647737, 20.65297565294605]], [[-101.46519302185659, 20.65301627718412], [-101.46519236647737, 20.65297565294605]], [[-101.46519236647737, 20.65297565294605], [-101.46514920685544, 20.65297626981932]], [[-101.4651498622232, 20.653016894058702], [-101.46514920685544, 20.65297626981932]], [[-101.46514920685544, 20.65297626981932], [-101.46510604723193, 20.65297688668181]], [[-101.46510670258824, 20.653017510922517], [-101.46510604723193, 20.65297688668181]], [[-101.46510604723193, 20.65297688668181], [-101.4650628876068, 20.652977503533528]], [[-101.4650635429517, 20.653018127775557], [-101.4650628876068, 20.652977503533528]], [[-101.4650628876068, 20.652977503533528], [-101.46501972798013, 20.652978120374474]], [[-101.46502038331356, 20.653018744617818], [-101.46501972798013, 20.652978120374474]], [[-101.46501972798013, 20.652978120374474], [-101.46497656835187, 20.65297873720463]], [[-101.46497722367386, 20.653019361449307], [-101.46497656835187, 20.65297873720463]], [[-101.46795457899174, 20.65293615064297], [-101.46791141947104, 20.652936768205894]], [[-101.46795457899174, 20.65293615064297], [-101.46795392288159, 20.65289552648931]], [[-101.46795392288159, 20.65289552648931], [-101.46791076337233, 20.652896144050914]], [[-101.46791141947104, 20.652936768205894], [-101.46791076337233, 20.652896144050914]], [[-101.46791076337233, 20.652896144050914], [-101.46786760386149, 20.652896761601735]], [[-101.46786825994876, 20.652937385758044], [-101.46786760386149, 20.652896761601735]], [[-101.46786760386149, 20.652896761601735], [-101.46782444434908, 20.652897379141788]], [[-101.46782510042489, 20.652938003299415], [-101.46782444434908, 20.652897379141788]], [[-101.46782444434908, 20.652897379141788], [-101.46778128483508, 20.65289799667106]], [[-101.46778194089944, 20.65293862083001], [-101.46778128483508, 20.65289799667106]], [[-101.46778128483508, 20.65289799667106], [-101.4677381253195, 20.652898614189564]], [[-101.46773878137243, 20.652939238349834], [-101.4677381253195, 20.652898614189564]], [[-101.4677381253195, 20.652898614189564], [-101.46769496580232, 20.652899231697287]], [[-101.46769562184382, 20.652939855858886], [-101.46769496580232, 20.652899231697287]], [[-101.46769496580232, 20.652899231697287], [-101.46765180628358, 20.652899849194235]], [[-101.46765246231362, 20.65294047335715], [-101.46765180628358, 20.652899849194235]], [[-101.46765180628358, 20.652899849194235], [-101.46760864676325, 20.652900466680407]], [[-101.46760930278184, 20.65294109084465], [-101.46760864676325, 20.652900466680407]], [[-101.46760864676325, 20.652900466680407], [-101.46756548724133, 20.6529010841558]], [[-101.46756614324849, 20.652941708321364], [-101.46756548724133, 20.6529010841558]], [[-101.46756548724133, 20.6529010841558], [-101.46752232771784, 20.652901701620422]], [[-101.46752298371355, 20.652942325787308], [-101.46752232771784, 20.652901701620422]], [[-101.46752232771784, 20.652901701620422], [-101.46747916819277, 20.652902319074265]], [[-101.46747982417702, 20.652942943242472], [-101.46747916819277, 20.652902319074265]], [[-101.46747916819277, 20.652902319074265], [-101.46743600866611, 20.652902936517336]], [[-101.46743666463892, 20.652943560686868], [-101.46743600866611, 20.652902936517336]], [[-101.46743600866611, 20.652902936517336], [-101.46739284913787, 20.652903553949624]], [[-101.46739350509922, 20.65294417812048], [-101.46739284913787, 20.652903553949624]], [[-101.46739284913787, 20.652903553949624], [-101.46734968960804, 20.652904171371144]], [[-101.46735034555796, 20.65294479554332], [-101.46734968960804, 20.652904171371144]], [[-101.46734968960804, 20.652904171371144], [-101.46730653007663, 20.652904788781886]], [[-101.4673071860151, 20.652945412955386], [-101.46730653007663, 20.652904788781886]], [[-101.46730653007663, 20.652904788781886], [-101.46726337054365, 20.65290540618185]], [[-101.46726402647067, 20.652946030356674], [-101.46726337054365, 20.65290540618185]], [[-101.46726337054365, 20.65290540618185], [-101.46722021100906, 20.652906023571038]], [[-101.46722086692465, 20.65294664774719], [-101.46722021100906, 20.652906023571038]], [[-101.46722021100906, 20.652906023571038], [-101.4671770514729, 20.652906640949457]], [[-101.46717770737705, 20.652947265126922], [-101.4671770514729, 20.652906640949457]], [[-101.4671770514729, 20.652906640949457], [-101.46713389193518, 20.652907258317093]], [[-101.46713454782787, 20.65294788249588], [-101.46713389193518, 20.652907258317093]], [[-101.46713389193518, 20.652907258317093], [-101.46709073239586, 20.652907875673954]], [[-101.4670913882771, 20.652948499854062], [-101.46709073239586, 20.652907875673954]], [[-101.46709073239586, 20.652907875673954], [-101.46704757285497, 20.652908493020036]], [[-101.46704822872475, 20.65294911720147], [-101.46704757285497, 20.652908493020036]], [[-101.46704757285497, 20.652908493020036], [-101.46700441331247, 20.65290911035535]], [[-101.46700506917082, 20.652949734538105], [-101.46700441331247, 20.65290911035535]], [[-101.46700441331247, 20.65290911035535], [-101.4669612537684, 20.652909727679884]], [[-101.4669619096153, 20.65295035186396], [-101.4669612537684, 20.652909727679884]], [[-101.4669612537684, 20.652909727679884], [-101.46691809422276, 20.65291034499364]], [[-101.46691875005821, 20.652950969179045], [-101.46691809422276, 20.65291034499364]], [[-101.46691809422276, 20.65291034499364], [-101.46687493467553, 20.652910962296623]], [[-101.46687559049954, 20.65295158648335], [-101.46687493467553, 20.652910962296623]], [[-101.46687493467553, 20.652910962296623], [-101.4668317751267, 20.65291157958883]], [[-101.46683243093929, 20.65295220377688], [-101.4668317751267, 20.65291157958883]], [[-101.4668317751267, 20.65291157958883], [-101.46678861557632, 20.65291219687027]], [[-101.46678927137744, 20.652952821059632], [-101.46678861557632, 20.65291219687027]], [[-101.46678861557632, 20.65291219687027], [-101.46674545602434, 20.65291281414092]], [[-101.46674611181402, 20.65295343833161], [-101.46674545602434, 20.65291281414092]], [[-101.46674545602434, 20.65291281414092], [-101.46670229647079, 20.652913431400798]], [[-101.46670295224901, 20.652954055592808], [-101.46670229647079, 20.652913431400798]], [[-101.46670229647079, 20.652913431400798], [-101.46665913691565, 20.652914048649905]], [[-101.46665979268242, 20.652954672843233], [-101.46665913691565, 20.652914048649905]], [[-101.46665913691565, 20.652914048649905], [-101.46661597735891, 20.65291466588823]], [[-101.46661663311426, 20.652955290082883], [-101.46661597735891, 20.65291466588823]], [[-101.46661597735891, 20.65291466588823], [-101.46657281780061, 20.65291528311578]], [[-101.4665734735445, 20.652955907311757], [-101.46657281780061, 20.65291528311578]], [[-101.46657281780061, 20.65291528311578], [-101.46652965824073, 20.652915900332555]], [[-101.46653031397318, 20.652956524529856], [-101.46652965824073, 20.652915900332555]], [[-101.46652965824073, 20.652915900332555], [-101.46648649867926, 20.652916517538557]], [[-101.46648715440026, 20.65295714173718], [-101.46648649867926, 20.652916517538557]], [[-101.46648649867926, 20.652916517538557], [-101.4664433391162, 20.65291713473378]], [[-101.46644399482577, 20.652957758933727], [-101.4664433391162, 20.65291713473378]], [[-101.4664433391162, 20.65291713473378], [-101.46640017955157, 20.652917751918228]], [[-101.46640083524969, 20.652958376119496], [-101.46640017955157, 20.652917751918228]], [[-101.46640017955157, 20.652917751918228], [-101.46635701998535, 20.6529183690919]], [[-101.46635767567203, 20.65295899329449], [-101.46635701998535, 20.6529183690919]], [[-101.46635701998535, 20.6529183690919], [-101.46631386041756, 20.652918986254797]], [[-101.46631451609278, 20.652959610458705], [-101.46631386041756, 20.652918986254797]], [[-101.46631386041756, 20.652918986254797], [-101.46627070084818, 20.652919603406914]], [[-101.46627135651197, 20.652960227612148], [-101.46627070084818, 20.652919603406914]], [[-101.46627070084818, 20.652919603406914], [-101.46622754127723, 20.65292022054826]], [[-101.46622819692956, 20.65296084475482], [-101.46622754127723, 20.65292022054826]], [[-101.46622754127723, 20.65292022054826], [-101.4661843817047, 20.65292083767883]], [[-101.46618503734557, 20.65296146188671], [-101.4661843817047, 20.65292083767883]], [[-101.4661843817047, 20.65292083767883], [-101.46614122213056, 20.652921454798626]], [[-101.46614187776, 20.652962079007825], [-101.46614122213056, 20.652921454798626]], [[-101.46614122213056, 20.652921454798626], [-101.46609806255486, 20.65292207190764]], [[-101.46609871817284, 20.652962696118163], [-101.46609806255486, 20.65292207190764]], [[-101.46609806255486, 20.65292207190764], [-101.46605490297758, 20.652922689005884]], [[-101.46605555858413, 20.652963313217725], [-101.46605490297758, 20.652922689005884]], [[-101.46605490297758, 20.652922689005884], [-101.46601174339871, 20.65292330609335]], [[-101.46601239899381, 20.652963930306516], [-101.46601174339871, 20.65292330609335]], [[-101.46601174339871, 20.65292330609335], [-101.46596858381825, 20.65292392317004]], [[-101.4659692394019, 20.652964547384524], [-101.46596858381825, 20.65292392317004]], [[-101.46596858381825, 20.65292392317004], [-101.46592542423622, 20.652924540235954]], [[-101.46592607980844, 20.65296516445176], [-101.46592542423622, 20.652924540235954]], [[-101.46592542423622, 20.652924540235954], [-101.4658822646526, 20.65292515729109]], [[-101.46588292021337, 20.652965781508218], [-101.4658822646526, 20.65292515729109]], [[-101.4658822646526, 20.65292515729109], [-101.46583910506742, 20.652925774335454]], [[-101.46583976061673, 20.652966398553907], [-101.46583910506742, 20.652925774335454]], [[-101.46583910506742, 20.652925774335454], [-101.46579594548064, 20.652926391369036]], [[-101.46579660101852, 20.652967015588807], [-101.46579594548064, 20.652926391369036]], [[-101.46579594548064, 20.652926391369036], [-101.46575278589228, 20.652927008391845]], [[-101.46575344141871, 20.652967632612942], [-101.46575278589228, 20.652927008391845]], [[-101.46575278589228, 20.652927008391845], [-101.46570962630236, 20.652927625403883]], [[-101.46571028181732, 20.652968249626298], [-101.46570962630236, 20.652927625403883]], [[-101.46570962630236, 20.652927625403883], [-101.46566646671083, 20.65292824240514]], [[-101.46566712221436, 20.652968866628875], [-101.46566646671083, 20.65292824240514]], [[-101.46566646671083, 20.65292824240514], [-101.46562330711772, 20.65292885939562]], [[-101.46562396260981, 20.652969483620687], [-101.46562330711772, 20.65292885939562]], [[-101.46562330711772, 20.65292885939562], [-101.46558014752304, 20.652929476375334]], [[-101.46558080300369, 20.652970100601713], [-101.46558014752304, 20.652929476375334]], [[-101.46558014752304, 20.652929476375334], [-101.46553698792678, 20.652930093344263]], [[-101.46553764339598, 20.65297071757196], [-101.46553698792678, 20.652930093344263]], [[-101.46553698792678, 20.652930093344263], [-101.46549382832893, 20.652930710302417]], [[-101.46549448378669, 20.65297133453144], [-101.46549382832893, 20.652930710302417]], [[-101.46549382832893, 20.652930710302417], [-101.4654506687295, 20.652931327249796]], [[-101.46545132417582, 20.65297195148014], [-101.4654506687295, 20.652931327249796]], [[-101.4654506687295, 20.652931327249796], [-101.46540750912851, 20.652931944186395]], [[-101.46540816456336, 20.652972568418065], [-101.46540750912851, 20.652931944186395]], [[-101.46540750912851, 20.652931944186395], [-101.46536434952591, 20.65293256111223]], [[-101.46536500494933, 20.65297318534521], [-101.46536434952591, 20.65293256111223]], [[-101.46536434952591, 20.65293256111223], [-101.46532118992174, 20.652933178027276]], [[-101.4653218453337, 20.652973802261585], [-101.46532118992174, 20.652933178027276]], [[-101.46532118992174, 20.652933178027276], [-101.465278030316, 20.652933794931553]], [[-101.46527868571651, 20.65297441916718], [-101.465278030316, 20.652933794931553]], [[-101.465278030316, 20.652933794931553], [-101.46523487070866, 20.65293441182505]], [[-101.46523552609774, 20.652975036062006], [-101.46523487070866, 20.65293441182505]], [[-101.46523487070866, 20.65293441182505], [-101.46519171109975, 20.652935028707777]], [[-101.46519236647737, 20.65297565294605], [-101.46519171109975, 20.652935028707777]], [[-101.46519171109975, 20.652935028707777], [-101.46514855148925, 20.652935645579724]], [[-101.46514920685544, 20.65297626981932], [-101.46514855148925, 20.652935645579724]], [[-101.46514855148925, 20.652935645579724], [-101.46510539187717, 20.652936262440893]], [[-101.46510604723193, 20.65297688668181], [-101.46510539187717, 20.652936262440893]], [[-101.46510539187717, 20.652936262440893], [-101.46506223226352, 20.652936879291293]], [[-101.4650628876068, 20.652977503533528], [-101.46506223226352, 20.652936879291293]], [[-101.46506223226352, 20.652936879291293], [-101.46501907264827, 20.65293749613091]], [[-101.46501972798013, 20.652978120374474], [-101.46501907264827, 20.65293749613091]], [[-101.46501907264827, 20.65293749613091], [-101.46497591303147, 20.652938112959756]], [[-101.46497656835187, 20.65297873720463], [-101.46497591303147, 20.652938112959756]], [[-101.46795392288159, 20.65289552648931], [-101.46795326677301, 20.652854902335438]], [[-101.46795326677301, 20.652854902335438], [-101.4679101072752, 20.65285551989572]], [[-101.46791076337233, 20.652896144050914], [-101.4679101072752, 20.65285551989572]], [[-101.4679101072752, 20.65285551989572], [-101.46786694777582, 20.652856137445223]], [[-101.46786760386149, 20.652896761601735], [-101.46786694777582, 20.652856137445223]], [[-101.46786694777582, 20.652856137445223], [-101.46782378827484, 20.652856754983947]], [[-101.46782444434908, 20.652897379141788], [-101.46782378827484, 20.652856754983947]], [[-101.46782378827484, 20.652856754983947], [-101.46778062877229, 20.652857372511903]], [[-101.46778128483508, 20.65289799667106], [-101.46778062877229, 20.652857372511903]], [[-101.46778062877229, 20.652857372511903], [-101.46773746926816, 20.652857990029084]], [[-101.4677381253195, 20.652898614189564], [-101.46773746926816, 20.652857990029084]], [[-101.46773746926816, 20.652857990029084], [-101.46769430976242, 20.652858607535478]], [[-101.46769496580232, 20.652899231697287], [-101.46769430976242, 20.652858607535478]], [[-101.46769430976242, 20.652858607535478], [-101.46765115025512, 20.6528592250311]], [[-101.46765180628358, 20.652899849194235], [-101.46765115025512, 20.6528592250311]], [[-101.46765115025512, 20.6528592250311], [-101.46760799074625, 20.652859842515955]], [[-101.46760864676325, 20.652900466680407], [-101.46760799074625, 20.652859842515955]], [[-101.46760799074625, 20.652859842515955], [-101.46756483123578, 20.65286045999003]], [[-101.46756548724133, 20.6529010841558], [-101.46756483123578, 20.65286045999003]], [[-101.46756483123578, 20.65286045999003], [-101.46752167172373, 20.652861077453323]], [[-101.46752232771784, 20.652901701620422], [-101.46752167172373, 20.652861077453323]], [[-101.46752167172373, 20.652861077453323], [-101.4674785122101, 20.652861694905848]], [[-101.46747916819277, 20.652902319074265], [-101.4674785122101, 20.652861694905848]], [[-101.4674785122101, 20.652861694905848], [-101.46743535269489, 20.652862312347594]], [[-101.46743600866611, 20.652902936517336], [-101.46743535269489, 20.652862312347594]], [[-101.46743535269489, 20.652862312347594], [-101.46739219317809, 20.65286292977856]], [[-101.46739284913787, 20.652903553949624], [-101.46739219317809, 20.65286292977856]], [[-101.46739219317809, 20.65286292977856], [-101.4673490336597, 20.652863547198756]], [[-101.46734968960804, 20.652904171371144], [-101.4673490336597, 20.652863547198756]], [[-101.4673490336597, 20.652863547198756], [-101.46730587413974, 20.652864164608175]], [[-101.46730653007663, 20.652904788781886], [-101.46730587413974, 20.652864164608175]], [[-101.46730587413974, 20.652864164608175], [-101.4672627146182, 20.65286478200682]], [[-101.46726337054365, 20.65290540618185], [-101.4672627146182, 20.65286478200682]], [[-101.4672627146182, 20.65286478200682], [-101.46721955509507, 20.65286539939469]], [[-101.46722021100906, 20.652906023571038], [-101.46721955509507, 20.65286539939469]], [[-101.46721955509507, 20.65286539939469], [-101.46717639557036, 20.652866016771778]], [[-101.4671770514729, 20.652906640949457], [-101.46717639557036, 20.652866016771778]], [[-101.46717639557036, 20.652866016771778], [-101.46713323604408, 20.652866634138093]], [[-101.46713389193518, 20.652907258317093], [-101.46713323604408, 20.652866634138093]], [[-101.46713323604408, 20.652866634138093], [-101.4670900765162, 20.65286725149363]], [[-101.46709073239586, 20.652907875673954], [-101.4670900765162, 20.65286725149363]], [[-101.4670900765162, 20.65286725149363], [-101.46704691698673, 20.652867868838392]], [[-101.46704757285497, 20.652908493020036], [-101.46704691698673, 20.652867868838392]], [[-101.46704691698673, 20.652867868838392], [-101.4670037574557, 20.652868486172387]], [[-101.46700441331247, 20.65290911035535], [-101.4670037574557, 20.652868486172387]], [[-101.4670037574557, 20.652868486172387], [-101.46696059792308, 20.652869103495593]], [[-101.4669612537684, 20.652909727679884], [-101.46696059792308, 20.652869103495593]], [[-101.46696059792308, 20.652869103495593], [-101.46691743838888, 20.652869720808027]], [[-101.46691809422276, 20.65291034499364], [-101.46691743838888, 20.652869720808027]], [[-101.46691743838888, 20.652869720808027], [-101.46687427885308, 20.652870338109697]], [[-101.46687493467553, 20.652910962296623], [-101.46687427885308, 20.652870338109697]], [[-101.46687427885308, 20.652870338109697], [-101.46683111931573, 20.652870955400576]], [[-101.4668317751267, 20.65291157958883], [-101.46683111931573, 20.652870955400576]], [[-101.46683111931573, 20.652870955400576], [-101.46678795977678, 20.652871572680684]], [[-101.46678861557632, 20.65291219687027], [-101.46678795977678, 20.652871572680684]], [[-101.46678795977678, 20.652871572680684], [-101.46674480023624, 20.652872189950017]], [[-101.46674545602434, 20.65291281414092], [-101.46674480023624, 20.652872189950017]], [[-101.46674480023624, 20.652872189950017], [-101.46670164069414, 20.652872807208574]], [[-101.46670229647079, 20.652913431400798], [-101.46670164069414, 20.652872807208574]], [[-101.46670164069414, 20.652872807208574], [-101.46665848115043, 20.652873424456356]], [[-101.46665913691565, 20.652914048649905], [-101.46665848115043, 20.652873424456356]], [[-101.46665848115043, 20.652873424456356], [-101.46661532160516, 20.652874041693362]], [[-101.46661597735891, 20.65291466588823], [-101.46661532160516, 20.652874041693362]], [[-101.46661532160516, 20.652874041693362], [-101.4665721620583, 20.65287465891959]], [[-101.46657281780061, 20.65291528311578], [-101.4665721620583, 20.65287465891959]], [[-101.4665721620583, 20.65287465891959], [-101.46652900250986, 20.652875276135045]], [[-101.46652965824073, 20.652915900332555], [-101.46652900250986, 20.652875276135045]], [[-101.46652900250986, 20.652875276135045], [-101.46648584295983, 20.652875893339726]], [[-101.46648649867926, 20.652916517538557], [-101.46648584295983, 20.652875893339726]], [[-101.46648584295983, 20.652875893339726], [-101.46644268340823, 20.652876510533627]], [[-101.4664433391162, 20.65291713473378], [-101.46644268340823, 20.652876510533627]], [[-101.46644268340823, 20.652876510533627], [-101.46639952385505, 20.652877127716753]], [[-101.46640017955157, 20.652917751918228], [-101.46639952385505, 20.652877127716753]], [[-101.46639952385505, 20.652877127716753], [-101.46635636430028, 20.652877744889103]], [[-101.46635701998535, 20.6529183690919], [-101.46635636430028, 20.652877744889103]], [[-101.46635636430028, 20.652877744889103], [-101.46631320474393, 20.652878362050675]], [[-101.46631386041756, 20.652918986254797], [-101.46631320474393, 20.652878362050675]], [[-101.46631320474393, 20.652878362050675], [-101.466270045186, 20.652878979201475]], [[-101.46627070084818, 20.652919603406914], [-101.466270045186, 20.652878979201475]], [[-101.466270045186, 20.652878979201475], [-101.46622688562648, 20.6528795963415]], [[-101.46622754127723, 20.65292022054826], [-101.46622688562648, 20.6528795963415]], [[-101.46622688562648, 20.6528795963415], [-101.4661837260654, 20.652880213470745]], [[-101.4661843817047, 20.65292083767883], [-101.4661837260654, 20.652880213470745]], [[-101.4661837260654, 20.652880213470745], [-101.4661405665027, 20.65288083058921]], [[-101.46614122213056, 20.652921454798626], [-101.4661405665027, 20.65288083058921]], [[-101.4661405665027, 20.65288083058921], [-101.46609740693845, 20.652881447696913]], [[-101.46609806255486, 20.65292207190764], [-101.46609740693845, 20.652881447696913]], [[-101.46609740693845, 20.652881447696913], [-101.46605424737261, 20.65288206479383]], [[-101.46605490297758, 20.652922689005884], [-101.46605424737261, 20.65288206479383]], [[-101.46605424737261, 20.65288206479383], [-101.46601108780519, 20.65288268187997]], [[-101.46601174339871, 20.65292330609335], [-101.46601108780519, 20.65288268187997]], [[-101.46601108780519, 20.65288268187997], [-101.46596792823617, 20.65288329895535]], [[-101.46596858381825, 20.65292392317004], [-101.46596792823617, 20.65288329895535]], [[-101.46596792823617, 20.65288329895535], [-101.46592476866559, 20.652883916019935]], [[-101.46592542423622, 20.652924540235954], [-101.46592476866559, 20.652883916019935]], [[-101.46592476866559, 20.652883916019935], [-101.46588160909343, 20.652884533073752]], [[-101.4658822646526, 20.65292515729109], [-101.46588160909343, 20.652884533073752]], [[-101.46588160909343, 20.652884533073752], [-101.46583844951968, 20.652885150116788]], [[-101.46583910506742, 20.652925774335454], [-101.46583844951968, 20.652885150116788]], [[-101.46583844951968, 20.652885150116788], [-101.46579528994435, 20.652885767149055]], [[-101.46579594548064, 20.652926391369036], [-101.46579528994435, 20.652885767149055]], [[-101.46579528994435, 20.652885767149055], [-101.46575213036743, 20.652886384170543]], [[-101.46575278589228, 20.652927008391845], [-101.46575213036743, 20.652886384170543]], [[-101.46575213036743, 20.652886384170543], [-101.46570897078895, 20.652887001181252]], [[-101.46570962630236, 20.652927625403883], [-101.46570897078895, 20.652887001181252]], [[-101.46570897078895, 20.652887001181252], [-101.46566581120888, 20.652887618181197]], [[-101.46566646671083, 20.65292824240514], [-101.46566581120888, 20.652887618181197]], [[-101.46566581120888, 20.652887618181197], [-101.46562265162721, 20.65288823517035]], [[-101.46562330711772, 20.65292885939562], [-101.46562265162721, 20.65288823517035]], [[-101.46562265162721, 20.65288823517035], [-101.46557949204399, 20.65288885214874]], [[-101.46558014752304, 20.652929476375334], [-101.46557949204399, 20.65288885214874]], [[-101.46557949204399, 20.65288885214874], [-101.46553633245917, 20.65288946911635]], [[-101.46553698792678, 20.652930093344263], [-101.46553633245917, 20.65288946911635]], [[-101.46553633245917, 20.65288946911635], [-101.46549317287277, 20.652890086073185]], [[-101.46549382832893, 20.652930710302417], [-101.46549317287277, 20.652890086073185]], [[-101.46549317287277, 20.652890086073185], [-101.46545001328478, 20.652890703019235]], [[-101.4654506687295, 20.652931327249796], [-101.46545001328478, 20.652890703019235]], [[-101.46545001328478, 20.652890703019235], [-101.46540685369521, 20.652891319954517]], [[-101.46540750912851, 20.652931944186395], [-101.46540685369521, 20.652891319954517]], [[-101.46540685369521, 20.652891319954517], [-101.46536369410407, 20.652891936879026]], [[-101.46536434952591, 20.65293256111223], [-101.46536369410407, 20.652891936879026]], [[-101.46536369410407, 20.652891936879026], [-101.46532053451135, 20.652892553792753]], [[-101.46532118992174, 20.652933178027276], [-101.46532053451135, 20.652892553792753]], [[-101.46532053451135, 20.652892553792753], [-101.46527737491704, 20.652893170695712]], [[-101.465278030316, 20.652933794931553], [-101.46527737491704, 20.652893170695712]], [[-101.46527737491704, 20.652893170695712], [-101.46523421532117, 20.652893787587885]], [[-101.46523487070866, 20.65293441182505], [-101.46523421532117, 20.652893787587885]], [[-101.46523421532117, 20.652893787587885], [-101.4651910557237, 20.65289440446929]], [[-101.46519171109975, 20.652935028707777], [-101.4651910557237, 20.65289440446929]], [[-101.4651910557237, 20.65289440446929], [-101.46514789612465, 20.65289502133992]], [[-101.46514855148925, 20.652935645579724], [-101.46514789612465, 20.65289502133992]], [[-101.46514789612465, 20.65289502133992], [-101.46510473652401, 20.652895638199766]], [[-101.46510539187717, 20.652936262440893], [-101.46510473652401, 20.652895638199766]], [[-101.46510473652401, 20.652895638199766], [-101.4650615769218, 20.652896255048837]], [[-101.46506223226352, 20.652936879291293], [-101.4650615769218, 20.652896255048837]], [[-101.4650615769218, 20.652896255048837], [-101.46501841731802, 20.65289687188714]], [[-101.46501907264827, 20.65293749613091], [-101.46501841731802, 20.65289687188714]], [[-101.46501841731802, 20.65289687188714], [-101.46497525771264, 20.65289748871466]], [[-101.46497591303147, 20.652938112959756], [-101.46497525771264, 20.65289748871466]], [[-101.46795326677301, 20.652854902335438], [-101.46795261066602, 20.652814278181356]], [[-101.46795261066602, 20.652814278181356], [-101.46790945117966, 20.652814895740317]], [[-101.4679101072752, 20.65285551989572], [-101.46790945117966, 20.652814895740317]], [[-101.46790945117966, 20.652814895740317], [-101.46786629169172, 20.6528155132885]], [[-101.46786694777582, 20.652856137445223], [-101.46786629169172, 20.6528155132885]], [[-101.46786629169172, 20.6528155132885], [-101.46782313220218, 20.6528161308259]], [[-101.46782378827484, 20.652856754983947], [-101.46782313220218, 20.6528161308259]], [[-101.46782313220218, 20.6528161308259], [-101.46777997271109, 20.652816748352528]], [[-101.46778062877229, 20.652857372511903], [-101.46777997271109, 20.652816748352528]], [[-101.46777997271109, 20.652816748352528], [-101.46773681321838, 20.652817365868387]], [[-101.46773746926816, 20.652857990029084], [-101.46773681321838, 20.652817365868387]], [[-101.46773681321838, 20.652817365868387], [-101.46769365372411, 20.65281798337346]], [[-101.46769430976242, 20.652858607535478], [-101.46769365372411, 20.65281798337346]], [[-101.46769365372411, 20.65281798337346], [-101.46765049422825, 20.65281860086776]], [[-101.46765115025512, 20.6528592250311], [-101.46765049422825, 20.65281860086776]], [[-101.46765049422825, 20.65281860086776], [-101.46760733473081, 20.652819218351294]], [[-101.46760799074625, 20.652859842515955], [-101.46760733473081, 20.652819218351294]], [[-101.46760733473081, 20.652819218351294], [-101.46756417523179, 20.65281983582404]], [[-101.46756483123578, 20.65286045999003], [-101.46756417523179, 20.65281983582404]], [[-101.46756417523179, 20.65281983582404], [-101.4675210157312, 20.652820453286015]], [[-101.46752167172373, 20.652861077453323], [-101.4675210157312, 20.652820453286015]], [[-101.4675210157312, 20.652820453286015], [-101.46747785622901, 20.652821070737215]], [[-101.4674785122101, 20.652861694905848], [-101.46747785622901, 20.652821070737215]], [[-101.46747785622901, 20.652821070737215], [-101.46743469672523, 20.65282168817764]], [[-101.46743535269489, 20.652862312347594], [-101.46743469672523, 20.65282168817764]], [[-101.46743469672523, 20.65282168817764], [-101.46739153721988, 20.652822305607287]], [[-101.46739219317809, 20.65286292977856], [-101.46739153721988, 20.652822305607287]], [[-101.46739153721988, 20.652822305607287], [-101.46734837771295, 20.652822923026154]], [[-101.4673490336597, 20.652863547198756], [-101.46734837771295, 20.652822923026154]], [[-101.46734837771295, 20.652822923026154], [-101.46730521820444, 20.652823540434248]], [[-101.46730587413974, 20.652864164608175], [-101.46730521820444, 20.652823540434248]], [[-101.46730521820444, 20.652823540434248], [-101.46726205869433, 20.652824157831574]], [[-101.4672627146182, 20.65286478200682], [-101.46726205869433, 20.652824157831574]], [[-101.46726205869433, 20.652824157831574], [-101.46721889918265, 20.652824775218114]], [[-101.46721955509507, 20.65286539939469], [-101.46721889918265, 20.652824775218114]], [[-101.46721889918265, 20.652824775218114], [-101.46717573966939, 20.65282539259389]], [[-101.46717639557036, 20.652866016771778], [-101.46717573966939, 20.65282539259389]], [[-101.46717573966939, 20.65282539259389], [-101.46713258015454, 20.65282600995888]], [[-101.46713323604408, 20.652866634138093], [-101.46713258015454, 20.65282600995888]], [[-101.46713258015454, 20.65282600995888], [-101.46708942063812, 20.652826627313093]], [[-101.4670900765162, 20.65286725149363], [-101.46708942063812, 20.652826627313093]], [[-101.46708942063812, 20.652826627313093], [-101.4670462611201, 20.652827244656542]], [[-101.46704691698673, 20.652867868838392], [-101.4670462611201, 20.652827244656542]], [[-101.4670462611201, 20.652827244656542], [-101.46700310160051, 20.652827861989202]], [[-101.4670037574557, 20.652868486172387], [-101.46700310160051, 20.652827861989202]], [[-101.46700310160051, 20.652827861989202], [-101.46695994207934, 20.652828479311097]], [[-101.46696059792308, 20.652869103495593], [-101.46695994207934, 20.652828479311097]], [[-101.46695994207934, 20.652828479311097], [-101.46691678255658, 20.65282909662221]], [[-101.46691743838888, 20.652869720808027], [-101.46691678255658, 20.65282909662221]], [[-101.46691678255658, 20.65282909662221], [-101.46687362303224, 20.65282971392255]], [[-101.46687427885308, 20.652870338109697], [-101.46687362303224, 20.65282971392255]], [[-101.46687362303224, 20.65282971392255], [-101.46683046350631, 20.652830331212108]], [[-101.46683111931573, 20.652870955400576], [-101.46683046350631, 20.652830331212108]], [[-101.46683046350631, 20.652830331212108], [-101.46678730397882, 20.652830948490898]], [[-101.46678795977678, 20.652871572680684], [-101.46678730397882, 20.652830948490898]], [[-101.46678730397882, 20.652830948490898], [-101.46674414444972, 20.652831565758902]], [[-101.46674480023624, 20.652872189950017], [-101.46674414444972, 20.652831565758902]], [[-101.46674414444972, 20.652831565758902], [-101.46670098491906, 20.652832183016137]], [[-101.46670164069414, 20.652872807208574], [-101.46670098491906, 20.652832183016137]], [[-101.46670098491906, 20.652832183016137], [-101.46665782538682, 20.652832800262598]], [[-101.46665848115043, 20.652873424456356], [-101.46665782538682, 20.652832800262598]], [[-101.46665782538682, 20.652832800262598], [-101.46661466585299, 20.652833417498282]], [[-101.46661532160516, 20.652874041693362], [-101.46661466585299, 20.652833417498282]], [[-101.46661466585299, 20.652833417498282], [-101.46657150631756, 20.65283403472319]], [[-101.4665721620583, 20.65287465891959], [-101.46657150631756, 20.65283403472319]], [[-101.46657150631756, 20.65283403472319], [-101.46652834678056, 20.652834651937322]], [[-101.46652900250986, 20.652875276135045], [-101.46652834678056, 20.652834651937322]], [[-101.46652834678056, 20.652834651937322], [-101.466485187242, 20.652835269140677]], [[-101.46648584295983, 20.652875893339726], [-101.466485187242, 20.652835269140677]], [[-101.466485187242, 20.652835269140677], [-101.46644202770183, 20.652835886333257]], [[-101.46644268340823, 20.652876510533627], [-101.46644202770183, 20.652835886333257]], [[-101.46644202770183, 20.652835886333257], [-101.46639886816008, 20.652836503515065]], [[-101.46639952385505, 20.652877127716753], [-101.46639886816008, 20.652836503515065]], [[-101.46639886816008, 20.652836503515065], [-101.46635570861677, 20.65283712068609]], [[-101.46635636430028, 20.652877744889103], [-101.46635570861677, 20.65283712068609]], [[-101.46635570861677, 20.65283712068609], [-101.46631254907187, 20.65283773784634]], [[-101.46631320474393, 20.652878362050675], [-101.46631254907187, 20.65283773784634]], [[-101.46631254907187, 20.65283773784634], [-101.46626938952538, 20.65283835499582]], [[-101.466270045186, 20.652878979201475], [-101.46626938952538, 20.65283835499582]], [[-101.46626938952538, 20.65283835499582], [-101.46622622997731, 20.65283897213452]], [[-101.46622688562648, 20.6528795963415], [-101.46622622997731, 20.65283897213452]], [[-101.46622622997731, 20.65283897213452], [-101.46618307042766, 20.65283958926245]], [[-101.4661837260654, 20.652880213470745], [-101.46618307042766, 20.65283958926245]], [[-101.46618307042766, 20.65283958926245], [-101.46613991087644, 20.652840206379597]], [[-101.4661405665027, 20.65288083058921], [-101.46613991087644, 20.652840206379597]], [[-101.46613991087644, 20.652840206379597], [-101.46609675132362, 20.65284082348597]], [[-101.46609740693845, 20.652881447696913], [-101.46609675132362, 20.65284082348597]], [[-101.46609675132362, 20.65284082348597], [-101.46605359176922, 20.652841440581568]], [[-101.46605424737261, 20.65288206479383], [-101.46605359176922, 20.652841440581568]], [[-101.46605359176922, 20.652841440581568], [-101.46601043221324, 20.652842057666387]], [[-101.46601108780519, 20.65288268187997], [-101.46601043221324, 20.652842057666387]], [[-101.46601043221324, 20.652842057666387], [-101.46596727265569, 20.652842674740434]], [[-101.46596792823617, 20.65288329895535], [-101.46596727265569, 20.652842674740434]], [[-101.46596727265569, 20.652842674740434], [-101.46592411309655, 20.652843291803705]], [[-101.46592476866559, 20.652883916019935], [-101.46592411309655, 20.652843291803705]], [[-101.46592411309655, 20.652843291803705], [-101.46588095353583, 20.6528439088562]], [[-101.46588160909343, 20.652884533073752], [-101.46588095353583, 20.6528439088562]], [[-101.46588095353583, 20.6528439088562], [-101.46583779397352, 20.65284452589792]], [[-101.46583844951968, 20.652885150116788], [-101.46583779397352, 20.65284452589792]], [[-101.46583779397352, 20.65284452589792], [-101.46579463440965, 20.65284514292886]], [[-101.46579528994435, 20.652885767149055], [-101.46579463440965, 20.65284514292886]], [[-101.46579463440965, 20.65284514292886], [-101.46575147484417, 20.652845759949027]], [[-101.46575213036743, 20.652886384170543], [-101.46575147484417, 20.652845759949027]], [[-101.46575147484417, 20.652845759949027], [-101.46570831527713, 20.652846376958415]], [[-101.46570897078895, 20.652887001181252], [-101.46570831527713, 20.652846376958415]], [[-101.46570831527713, 20.652846376958415], [-101.4656651557085, 20.652846993957034]], [[-101.46566581120888, 20.652887618181197], [-101.4656651557085, 20.652846993957034]], [[-101.4656651557085, 20.652846993957034], [-101.46562199613828, 20.652847610944875]], [[-101.46562265162721, 20.65288823517035], [-101.46562199613828, 20.652847610944875]], [[-101.46562199613828, 20.652847610944875], [-101.4655788365665, 20.652848227921936]], [[-101.46557949204399, 20.65288885214874], [-101.4655788365665, 20.652848227921936]], [[-101.4655788365665, 20.652848227921936], [-101.46553567699313, 20.652848844888226]], [[-101.46553633245917, 20.65288946911635], [-101.46553567699313, 20.652848844888226]], [[-101.46553567699313, 20.652848844888226], [-101.46549251741817, 20.652849461843736]], [[-101.46549317287277, 20.652890086073185], [-101.46549251741817, 20.652849461843736]], [[-101.46549251741817, 20.652849461843736], [-101.46544935784165, 20.652850078788468]], [[-101.46545001328478, 20.652890703019235], [-101.46544935784165, 20.652850078788468]], [[-101.46544935784165, 20.652850078788468], [-101.46540619826352, 20.65285069572243]], [[-101.46540685369521, 20.652891319954517], [-101.46540619826352, 20.65285069572243]], [[-101.46540619826352, 20.65285069572243], [-101.46536303868382, 20.652851312645613]], [[-101.46536369410407, 20.652891936879026], [-101.46536303868382, 20.652851312645613]], [[-101.46536303868382, 20.652851312645613], [-101.46531987910254, 20.65285192955802]], [[-101.46532053451135, 20.652892553792753], [-101.46531987910254, 20.65285192955802]], [[-101.46531987910254, 20.65285192955802], [-101.4652767195197, 20.652852546459663]], [[-101.46527737491704, 20.652893170695712], [-101.4652767195197, 20.652852546459663]], [[-101.4652767195197, 20.652852546459663], [-101.46523355993524, 20.65285316335051]], [[-101.46523421532117, 20.652893787587885], [-101.46523355993524, 20.65285316335051]], [[-101.46523355993524, 20.65285316335051], [-101.46519040034923, 20.652853780230597]], [[-101.4651910557237, 20.65289440446929], [-101.46519040034923, 20.652853780230597]], [[-101.46519040034923, 20.652853780230597], [-101.46514724076162, 20.652854397099897]], [[-101.46514789612465, 20.65289502133992], [-101.46514724076162, 20.652854397099897]], [[-101.46514724076162, 20.652854397099897], [-101.46510408117244, 20.65285501395843]], [[-101.46510473652401, 20.652895638199766], [-101.46510408117244, 20.65285501395843]], [[-101.46510408117244, 20.65285501395843], [-101.46506092158168, 20.652855630806183]], [[-101.4650615769218, 20.652896255048837], [-101.46506092158168, 20.652855630806183]], [[-101.46506092158168, 20.652855630806183], [-101.46501776198933, 20.652856247643157]], [[-101.46501841731802, 20.65289687188714], [-101.46501776198933, 20.652856247643157]], [[-101.46501776198933, 20.652856247643157], [-101.4649746023954, 20.652856864469356]], [[-101.46497525771264, 20.65289748871466], [-101.4649746023954, 20.652856864469356]], [[-101.46795261066602, 20.652814278181356], [-101.4679519545606, 20.65277365402707]], [[-101.4679519545606, 20.65277365402707], [-101.46790879508569, 20.6527742715847]], [[-101.46790945117966, 20.652814895740317], [-101.46790879508569, 20.6527742715847]], [[-101.46790879508569, 20.6527742715847], [-101.4678656356092, 20.652774889131557]], [[-101.46786629169172, 20.6528155132885], [-101.4678656356092, 20.652774889131557]], [[-101.4678656356092, 20.652774889131557], [-101.46782247613112, 20.65277550666764]], [[-101.46782313220218, 20.6528161308259], [-101.46782247613112, 20.65277550666764]], [[-101.46782247613112, 20.65277550666764], [-101.46777931665146, 20.652776124192947]], [[-101.46777997271109, 20.652816748352528], [-101.46777931665146, 20.652776124192947]], [[-101.46777931665146, 20.652776124192947], [-101.46773615717021, 20.652776741707477]], [[-101.46773681321838, 20.652817365868387], [-101.46773615717021, 20.652776741707477]], [[-101.46773615717021, 20.652776741707477], [-101.46769299768738, 20.652777359211232]], [[-101.46769365372411, 20.65281798337346], [-101.46769299768738, 20.652777359211232]], [[-101.46769299768738, 20.652777359211232], [-101.46764983820296, 20.652777976704215]], [[-101.46765049422825, 20.65281860086776], [-101.46764983820296, 20.652777976704215]], [[-101.46764983820296, 20.652777976704215], [-101.46760667871698, 20.65277859418642]], [[-101.46760733473081, 20.652819218351294], [-101.46760667871698, 20.65277859418642]], [[-101.46760667871698, 20.65277859418642], [-101.4675635192294, 20.652779211657847]], [[-101.46756417523179, 20.65281983582404], [-101.4675635192294, 20.652779211657847]], [[-101.4675635192294, 20.652779211657847], [-101.46752035974023, 20.652779829118494]], [[-101.4675210157312, 20.652820453286015], [-101.46752035974023, 20.652779829118494]], [[-101.46752035974023, 20.652779829118494], [-101.4674772002495, 20.65278044656837]], [[-101.46747785622901, 20.652821070737215], [-101.4674772002495, 20.65278044656837]], [[-101.4674772002495, 20.65278044656837], [-101.46743404075717, 20.65278106400747]], [[-101.46743469672523, 20.65282168817764], [-101.46743404075717, 20.65278106400747]], [[-101.46743404075717, 20.65278106400747], [-101.46739088126327, 20.652781681435798]], [[-101.46739153721988, 20.652822305607287], [-101.46739088126327, 20.652781681435798]], [[-101.46739088126327, 20.652781681435798], [-101.46734772176778, 20.65278229885335]], [[-101.46734837771295, 20.652822923026154], [-101.46734772176778, 20.65278229885335]], [[-101.46734772176778, 20.65278229885335], [-101.46730456227071, 20.652782916260122]], [[-101.46730521820444, 20.652823540434248], [-101.46730456227071, 20.652782916260122]], [[-101.46730456227071, 20.652782916260122], [-101.46726140277205, 20.65278353365612]], [[-101.46726205869433, 20.652824157831574], [-101.46726140277205, 20.65278353365612]], [[-101.46726140277205, 20.65278353365612], [-101.46721824327182, 20.65278415104134]], [[-101.46721889918265, 20.652824775218114], [-101.46721824327182, 20.65278415104134]], [[-101.46721824327182, 20.65278415104134], [-101.46717508377, 20.652784768415785]], [[-101.46717573966939, 20.65282539259389], [-101.46717508377, 20.652784768415785]], [[-101.46717508377, 20.652784768415785], [-101.4671319242666, 20.652785385779456]], [[-101.46713258015454, 20.65282600995888], [-101.4671319242666, 20.652785385779456]], [[-101.4671319242666, 20.652785385779456], [-101.46708876476163, 20.652786003132352]], [[-101.46708942063812, 20.652826627313093], [-101.46708876476163, 20.652786003132352]], [[-101.46708876476163, 20.652786003132352], [-101.46704560525505, 20.652786620474473]], [[-101.4670462611201, 20.652827244656542], [-101.46704560525505, 20.652786620474473]], [[-101.46704560525505, 20.652786620474473], [-101.4670024457469, 20.652787237805818]], [[-101.46700310160051, 20.652827861989202], [-101.4670024457469, 20.652787237805818]], [[-101.4670024457469, 20.652787237805818], [-101.46695928623718, 20.65278785512638]], [[-101.46695994207934, 20.652828479311097], [-101.46695928623718, 20.65278785512638]], [[-101.46695928623718, 20.65278785512638], [-101.46691612672586, 20.652788472436175]], [[-101.46691678255658, 20.65282909662221], [-101.46691612672586, 20.652788472436175]], [[-101.46691612672586, 20.652788472436175], [-101.46687296721298, 20.652789089735187]], [[-101.46687362303224, 20.65282971392255], [-101.46687296721298, 20.652789089735187]], [[-101.46687296721298, 20.652789089735187], [-101.46682980769849, 20.652789707023427]], [[-101.46683046350631, 20.652830331212108], [-101.46682980769849, 20.652789707023427]], [[-101.46682980769849, 20.652789707023427], [-101.46678664818243, 20.65279032430089]], [[-101.46678730397882, 20.652830948490898], [-101.46678664818243, 20.65279032430089]], [[-101.46678664818243, 20.65279032430089], [-101.46674348866479, 20.652790941567584]], [[-101.46674414444972, 20.652831565758902], [-101.46674348866479, 20.652790941567584]], [[-101.46674348866479, 20.652790941567584], [-101.46670032914558, 20.652791558823495]], [[-101.46670098491906, 20.652832183016137], [-101.46670032914558, 20.652791558823495]], [[-101.46670032914558, 20.652791558823495], [-101.46665716962477, 20.652792176068633]], [[-101.46665782538682, 20.652832800262598], [-101.46665716962477, 20.652792176068633]], [[-101.46665716962477, 20.652792176068633], [-101.46661401010239, 20.652792793302993]], [[-101.46661466585299, 20.652833417498282], [-101.46661401010239, 20.652792793302993]], [[-101.46661401010239, 20.652792793302993], [-101.46657085057842, 20.65279341052658]], [[-101.46657150631756, 20.65283403472319], [-101.46657085057842, 20.65279341052658]], [[-101.46657085057842, 20.65279341052658], [-101.46652769105286, 20.652794027739386]], [[-101.46652834678056, 20.652834651937322], [-101.46652769105286, 20.652794027739386]], [[-101.46652769105286, 20.652794027739386], [-101.46648453152574, 20.65279464494142]], [[-101.466485187242, 20.652835269140677], [-101.46648453152574, 20.65279464494142]], [[-101.46648453152574, 20.65279464494142], [-101.46644137199702, 20.65279526213268]], [[-101.46644202770183, 20.652835886333257], [-101.46644137199702, 20.65279526213268]], [[-101.46644137199702, 20.65279526213268], [-101.46639821246673, 20.652795879313164]], [[-101.46639886816008, 20.652836503515065], [-101.46639821246673, 20.652795879313164]], [[-101.46639821246673, 20.652795879313164], [-101.46635505293484, 20.652796496482868]], [[-101.46635570861677, 20.65283712068609], [-101.46635505293484, 20.652796496482868]], [[-101.46635505293484, 20.652796496482868], [-101.4663118934014, 20.652797113641803]], [[-101.46631254907187, 20.65283773784634], [-101.4663118934014, 20.652797113641803]], [[-101.4663118934014, 20.652797113641803], [-101.46626873386636, 20.652797730789953]], [[-101.46626938952538, 20.65283835499582], [-101.46626873386636, 20.652797730789953]], [[-101.46626873386636, 20.652797730789953], [-101.46622557432973, 20.65279834792733]], [[-101.46622622997731, 20.65283897213452], [-101.46622557432973, 20.65279834792733]], [[-101.46622557432973, 20.65279834792733], [-101.46618241479152, 20.65279896505394]], [[-101.46618307042766, 20.65283958926245], [-101.46618241479152, 20.65279896505394]], [[-101.46618241479152, 20.65279896505394], [-101.46613925525173, 20.652799582169767]], [[-101.46613991087644, 20.652840206379597], [-101.46613925525173, 20.652799582169767]], [[-101.46613925525173, 20.652799582169767], [-101.46609609571037, 20.652800199274814]], [[-101.46609675132362, 20.65284082348597], [-101.46609609571037, 20.652800199274814]], [[-101.46609609571037, 20.652800199274814], [-101.46605293616742, 20.652800816369094]], [[-101.46605359176922, 20.652841440581568], [-101.46605293616742, 20.652800816369094]], [[-101.46605293616742, 20.652800816369094], [-101.46600977662288, 20.652801433452588]], [[-101.46601043221324, 20.652842057666387], [-101.46600977662288, 20.652801433452588]], [[-101.46600977662288, 20.652801433452588], [-101.46596661707679, 20.652802050525317]], [[-101.46596727265569, 20.652842674740434], [-101.46596661707679, 20.652802050525317]], [[-101.46596661707679, 20.652802050525317], [-101.46592345752909, 20.652802667587267]], [[-101.46592411309655, 20.652843291803705], [-101.46592345752909, 20.652802667587267]], [[-101.46592345752909, 20.652802667587267], [-101.46588029797981, 20.652803284638434]], [[-101.46588095353583, 20.6528439088562], [-101.46588029797981, 20.652803284638434]], [[-101.46588029797981, 20.652803284638434], [-101.46583713842895, 20.652803901678833]], [[-101.46583779397352, 20.65284452589792], [-101.46583713842895, 20.652803901678833]], [[-101.46583713842895, 20.652803901678833], [-101.4657939788765, 20.65280451870845]], [[-101.46579463440965, 20.65284514292886], [-101.4657939788765, 20.65280451870845]], [[-101.4657939788765, 20.65280451870845], [-101.4657508193225, 20.652805135727295]], [[-101.46575147484417, 20.652845759949027], [-101.4657508193225, 20.652805135727295]], [[-101.4657508193225, 20.652805135727295], [-101.46570765976689, 20.652805752735368]], [[-101.46570831527713, 20.652846376958415], [-101.46570765976689, 20.652805752735368]], [[-101.46570765976689, 20.652805752735368], [-101.46566450020971, 20.652806369732666]], [[-101.4656651557085, 20.652846993957034], [-101.46566450020971, 20.652806369732666]], [[-101.46566450020971, 20.652806369732666], [-101.46562134065094, 20.652806986719185]], [[-101.46562199613828, 20.652847610944875], [-101.46562134065094, 20.652806986719185]], [[-101.46562134065094, 20.652806986719185], [-101.4655781810906, 20.652807603694924]], [[-101.4655788365665, 20.652848227921936], [-101.4655781810906, 20.652807603694924]], [[-101.4655781810906, 20.652807603694924], [-101.46553502152867, 20.652808220659885]], [[-101.46553567699313, 20.652848844888226], [-101.46553502152867, 20.652808220659885]], [[-101.46553502152867, 20.652808220659885], [-101.46549186196516, 20.652808837614078]], [[-101.46549251741817, 20.652849461843736], [-101.46549186196516, 20.652808837614078]], [[-101.46549186196516, 20.652808837614078], [-101.46544870240007, 20.652809454557495]], [[-101.46544935784165, 20.652850078788468], [-101.46544870240007, 20.652809454557495]], [[-101.46544870240007, 20.652809454557495], [-101.46540554283341, 20.65281007149013]], [[-101.46540619826352, 20.65285069572243], [-101.46540554283341, 20.65281007149013]], [[-101.46540554283341, 20.65281007149013], [-101.46536238326516, 20.652810688411996]], [[-101.46536303868382, 20.652851312645613], [-101.46536238326516, 20.652810688411996]], [[-101.46536238326516, 20.652810688411996], [-101.46531922369532, 20.65281130532308]], [[-101.46531987910254, 20.65285192955802], [-101.46531922369532, 20.65281130532308]], [[-101.46531922369532, 20.65281130532308], [-101.46527606412391, 20.652811922223393]], [[-101.4652767195197, 20.652852546459663], [-101.46527606412391, 20.652811922223393]], [[-101.46527606412391, 20.652811922223393], [-101.46523290455092, 20.652812539112922]], [[-101.46523355993524, 20.65285316335051], [-101.46523290455092, 20.652812539112922]], [[-101.46523290455092, 20.652812539112922], [-101.46518974497633, 20.652813155991684]], [[-101.46519040034923, 20.652853780230597], [-101.46518974497633, 20.652813155991684]], [[-101.46518974497633, 20.652813155991684], [-101.46514658540018, 20.652813772859673]], [[-101.46514724076162, 20.652854397099897], [-101.46514658540018, 20.652813772859673]], [[-101.46514658540018, 20.652813772859673], [-101.46510342582245, 20.652814389716873]], [[-101.46510408117244, 20.65285501395843], [-101.46510342582245, 20.652814389716873]], [[-101.46510342582245, 20.652814389716873], [-101.46506026624311, 20.652815006563305]], [[-101.46506092158168, 20.652855630806183], [-101.46506026624311, 20.652815006563305]], [[-101.46506026624311, 20.652815006563305], [-101.46501710666222, 20.65281562339897]], [[-101.46501776198933, 20.652856247643157], [-101.46501710666222, 20.65281562339897]], [[-101.46501710666222, 20.65281562339897], [-101.46497394707974, 20.652816240223846]], [[-101.4649746023954, 20.652856864469356], [-101.46497394707974, 20.652816240223846]], [[-101.4679519545606, 20.65277365402707], [-101.46795129845678, 20.652733029872564]], [[-101.46795129845678, 20.652733029872564], [-101.46790813899331, 20.652733647428875]], [[-101.46790879508569, 20.6527742715847], [-101.46790813899331, 20.652733647428875]], [[-101.46790813899331, 20.652733647428875], [-101.46786497952826, 20.652734264974406]], [[-101.4678656356092, 20.652774889131557], [-101.46786497952826, 20.652734264974406]], [[-101.46786497952826, 20.652734264974406], [-101.46782182006163, 20.652734882509172]], [[-101.46782247613112, 20.65277550666764], [-101.46782182006163, 20.652734882509172]], [[-101.46782182006163, 20.652734882509172], [-101.46777866059341, 20.652735500033153]], [[-101.46777931665146, 20.652776124192947], [-101.46777866059341, 20.652735500033153]], [[-101.46777866059341, 20.652735500033153], [-101.46773550112361, 20.65273611754636]], [[-101.46773615717021, 20.652776741707477], [-101.46773550112361, 20.65273611754636]], [[-101.46773550112361, 20.65273611754636], [-101.46769234165222, 20.652736735048794]], [[-101.46769299768738, 20.652777359211232], [-101.46769234165222, 20.652736735048794]], [[-101.46769234165222, 20.652736735048794], [-101.46764918217926, 20.65273735254045]], [[-101.46764983820296, 20.652777976704215], [-101.46764918217926, 20.65273735254045]], [[-101.46764918217926, 20.65273735254045], [-101.46760602270471, 20.65273797002133]], [[-101.46760667871698, 20.65277859418642], [-101.46760602270471, 20.65273797002133]], [[-101.46760602270471, 20.65273797002133], [-101.46756286322858, 20.652738587491438]], [[-101.4675635192294, 20.652779211657847], [-101.46756286322858, 20.652738587491438]], [[-101.46756286322858, 20.652738587491438], [-101.46751970375088, 20.652739204950763]], [[-101.46752035974023, 20.652779829118494], [-101.46751970375088, 20.652739204950763]], [[-101.46751970375088, 20.652739204950763], [-101.46747654427158, 20.65273982239932]], [[-101.4674772002495, 20.65278044656837], [-101.46747654427158, 20.65273982239932]], [[-101.46747654427158, 20.65273982239932], [-101.4674333847907, 20.652740439837096]], [[-101.46743404075717, 20.65278106400747], [-101.4674333847907, 20.652740439837096]], [[-101.4674333847907, 20.652740439837096], [-101.46739022530824, 20.6527410572641]], [[-101.46739088126327, 20.652781681435798], [-101.46739022530824, 20.6527410572641]], [[-101.46739022530824, 20.6527410572641], [-101.46734706582419, 20.65274167468032]], [[-101.46734772176778, 20.65278229885335], [-101.46734706582419, 20.65274167468032]], [[-101.46734706582419, 20.65274167468032], [-101.46730390633857, 20.65274229208578]], [[-101.46730456227071, 20.652782916260122], [-101.46730390633857, 20.65274229208578]], [[-101.46730390633857, 20.65274229208578], [-101.46726074685137, 20.65274290948045]], [[-101.46726140277205, 20.65278353365612], [-101.46726074685137, 20.65274290948045]], [[-101.46726074685137, 20.65274290948045], [-101.46721758736257, 20.652743526864356]], [[-101.46721824327182, 20.65278415104134], [-101.46721758736257, 20.652743526864356]], [[-101.46721758736257, 20.652743526864356], [-101.4671744278722, 20.652744144237477]], [[-101.46717508377, 20.652784768415785], [-101.4671744278722, 20.652744144237477]], [[-101.4671744278722, 20.652744144237477], [-101.46713126838024, 20.652744761599823]], [[-101.4671319242666, 20.652785385779456], [-101.46713126838024, 20.652744761599823]], [[-101.46713126838024, 20.652744761599823], [-101.46708810888671, 20.652745378951394]], [[-101.46708876476163, 20.652786003132352], [-101.46708810888671, 20.652745378951394]], [[-101.46708810888671, 20.652745378951394], [-101.46704494939158, 20.652745996292197]], [[-101.46704560525505, 20.652786620474473], [-101.46704494939158, 20.652745996292197]], [[-101.46704494939158, 20.652745996292197], [-101.4670017898949, 20.652746613622217]], [[-101.4670024457469, 20.652787237805818], [-101.4670017898949, 20.652746613622217]], [[-101.4670017898949, 20.652746613622217], [-101.4669586303966, 20.65274723094146]], [[-101.46695928623718, 20.65278785512638], [-101.4669586303966, 20.65274723094146]], [[-101.4669586303966, 20.65274723094146], [-101.46691547089674, 20.65274784824993]], [[-101.46691612672586, 20.652788472436175], [-101.46691547089674, 20.65274784824993]], [[-101.46691547089674, 20.65274784824993], [-101.46687231139528, 20.65274846554762]], [[-101.46687296721298, 20.652789089735187], [-101.46687231139528, 20.65274846554762]], [[-101.46687231139528, 20.65274846554762], [-101.46682915189226, 20.65274908283454]], [[-101.46682980769849, 20.652789707023427], [-101.46682915189226, 20.65274908283454]], [[-101.46682915189226, 20.65274908283454], [-101.46678599238764, 20.652749700110682]], [[-101.46678664818243, 20.65279032430089], [-101.46678599238764, 20.652749700110682]], [[-101.46678599238764, 20.652749700110682], [-101.46674283288145, 20.65275031737605]], [[-101.46674348866479, 20.652790941567584], [-101.46674283288145, 20.65275031737605]], [[-101.46674283288145, 20.65275031737605], [-101.46669967337368, 20.652750934630642]], [[-101.46670032914558, 20.652791558823495], [-101.46669967337368, 20.652750934630642]], [[-101.46669967337368, 20.652750934630642], [-101.46665651386431, 20.652751551874452]], [[-101.46665716962477, 20.652792176068633], [-101.46665651386431, 20.652751551874452]], [[-101.46665651386431, 20.652751551874452], [-101.46661335435337, 20.65275216910749]], [[-101.46661401010239, 20.652792793302993], [-101.46661335435337, 20.65275216910749]], [[-101.46661335435337, 20.65275216910749], [-101.46657019484086, 20.65275278632976]], [[-101.46657085057842, 20.65279341052658], [-101.46657019484086, 20.65275278632976]], [[-101.46657019484086, 20.65275278632976], [-101.46652703532675, 20.65275340354124]], [[-101.46652769105286, 20.652794027739386], [-101.46652703532675, 20.65275340354124]], [[-101.46652703532675, 20.65275340354124], [-101.46648387581106, 20.65275402074196]], [[-101.46648453152574, 20.65279464494142], [-101.46648387581106, 20.65275402074196]], [[-101.46648387581106, 20.65275402074196], [-101.46644071629379, 20.65275463793189]], [[-101.46644137199702, 20.65279526213268], [-101.46644071629379, 20.65275463793189]], [[-101.46644071629379, 20.65275463793189], [-101.46639755677494, 20.65275525511105]], [[-101.46639821246673, 20.652795879313164], [-101.46639755677494, 20.65275525511105]], [[-101.46639755677494, 20.65275525511105], [-101.4663543972545, 20.652755872279435]], [[-101.46635505293484, 20.652796496482868], [-101.4663543972545, 20.652755872279435]], [[-101.4663543972545, 20.652755872279435], [-101.4663112377325, 20.652756489437042]], [[-101.4663118934014, 20.652797113641803], [-101.4663112377325, 20.652756489437042]], [[-101.4663112377325, 20.652756489437042], [-101.4662680782089, 20.65275710658388]], [[-101.46626873386636, 20.652797730789953], [-101.4662680782089, 20.65275710658388]], [[-101.4662680782089, 20.65275710658388], [-101.46622491868372, 20.652757723719937]], [[-101.46622557432973, 20.65279834792733], [-101.46622491868372, 20.652757723719937]], [[-101.46622491868372, 20.652757723719937], [-101.46618175915697, 20.652758340845217]], [[-101.46618241479152, 20.65279896505394], [-101.46618175915697, 20.652758340845217]], [[-101.46618175915697, 20.652758340845217], [-101.46613859962862, 20.65275895795972]], [[-101.46613925525173, 20.652799582169767], [-101.46613859962862, 20.65275895795972]], [[-101.46613859962862, 20.65275895795972], [-101.4660954400987, 20.65275957506345]], [[-101.46609609571037, 20.652800199274814], [-101.4660954400987, 20.65275957506345]], [[-101.4660954400987, 20.65275957506345], [-101.4660522805672, 20.652760192156407]], [[-101.46605293616742, 20.652800816369094], [-101.4660522805672, 20.652760192156407]], [[-101.4660522805672, 20.652760192156407], [-101.46600912103412, 20.652760809238586]], [[-101.46600977662288, 20.652801433452588], [-101.46600912103412, 20.652760809238586]], [[-101.46600912103412, 20.652760809238586], [-101.46596596149945, 20.652761426309983]], [[-101.46596661707679, 20.652802050525317], [-101.46596596149945, 20.652761426309983]], [[-101.46596596149945, 20.652761426309983], [-101.4659228019632, 20.65276204337061]], [[-101.46592345752909, 20.652802667587267], [-101.4659228019632, 20.65276204337061]], [[-101.4659228019632, 20.65276204337061], [-101.46587964242536, 20.652762660420464]], [[-101.46588029797981, 20.652803284638434], [-101.46587964242536, 20.652762660420464]], [[-101.46587964242536, 20.652762660420464], [-101.46583648288596, 20.65276327745954]], [[-101.46583713842895, 20.652803901678833], [-101.46583648288596, 20.65276327745954]], [[-101.46583648288596, 20.65276327745954], [-101.46579332334497, 20.652763894487837]], [[-101.4657939788765, 20.65280451870845], [-101.46579332334497, 20.652763894487837]], [[-101.46579332334497, 20.652763894487837], [-101.4657501638024, 20.652764511505364]], [[-101.4657508193225, 20.652805135727295], [-101.4657501638024, 20.652764511505364]], [[-101.4657501638024, 20.652764511505364], [-101.46570700425823, 20.652765128512108]], [[-101.46570765976689, 20.652805752735368], [-101.46570700425823, 20.652765128512108]], [[-101.46570700425823, 20.652765128512108], [-101.4656638447125, 20.65276574550808]], [[-101.46566450020971, 20.652806369732666], [-101.4656638447125, 20.65276574550808]], [[-101.4656638447125, 20.65276574550808], [-101.46562068516519, 20.652766362493274]], [[-101.46562134065094, 20.652806986719185], [-101.46562068516519, 20.652766362493274]], [[-101.46562068516519, 20.652766362493274], [-101.46557752561628, 20.6527669794677]], [[-101.4655781810906, 20.652807603694924], [-101.46557752561628, 20.6527669794677]], [[-101.46557752561628, 20.6527669794677], [-101.4655343660658, 20.652767596431346]], [[-101.46553502152867, 20.652808220659885], [-101.4655343660658, 20.652767596431346]], [[-101.4655343660658, 20.652767596431346], [-101.46549120651375, 20.65276821338421]], [[-101.46549186196516, 20.652808837614078], [-101.46549120651375, 20.65276821338421]], [[-101.46549120651375, 20.65276821338421], [-101.46544804696009, 20.652768830326302]], [[-101.46544870240007, 20.652809454557495], [-101.46544804696009, 20.652768830326302]], [[-101.46544804696009, 20.652768830326302], [-101.46540488740487, 20.652769447257622]], [[-101.46540554283341, 20.65281007149013], [-101.46540488740487, 20.652769447257622]], [[-101.46540488740487, 20.652769447257622], [-101.46536172784806, 20.652770064178164]], [[-101.46536238326516, 20.652810688411996], [-101.46536172784806, 20.652770064178164]], [[-101.46536172784806, 20.652770064178164], [-101.46531856828967, 20.652770681087926]], [[-101.46531922369532, 20.65281130532308], [-101.46531856828967, 20.652770681087926]], [[-101.46531856828967, 20.652770681087926], [-101.46527540872971, 20.652771297986916]], [[-101.46527606412391, 20.652811922223393], [-101.46527540872971, 20.652771297986916]], [[-101.46527540872971, 20.652771297986916], [-101.46523224916815, 20.65277191487513]], [[-101.46523290455092, 20.652812539112922], [-101.46523224916815, 20.65277191487513]], [[-101.46523224916815, 20.65277191487513], [-101.46518908960502, 20.652772531752564]], [[-101.46518974497633, 20.652813155991684], [-101.46518908960502, 20.652772531752564]], [[-101.46518908960502, 20.652772531752564], [-101.46514593004032, 20.65277314861923]], [[-101.46514658540018, 20.652813772859673], [-101.46514593004032, 20.65277314861923]], [[-101.46514593004032, 20.65277314861923], [-101.46510277047402, 20.65277376547512]], [[-101.46510342582245, 20.652814389716873], [-101.46510277047402, 20.65277376547512]], [[-101.46510277047402, 20.65277376547512], [-101.46505961090615, 20.652774382320228]], [[-101.46506026624311, 20.652815006563305], [-101.46505961090615, 20.652774382320228]], [[-101.46505961090615, 20.652774382320228], [-101.4650164513367, 20.65277499915456]], [[-101.46501710666222, 20.65281562339897], [-101.4650164513367, 20.65277499915456]], [[-101.4650164513367, 20.65277499915456], [-101.46497329176566, 20.652775615978122]], [[-101.46497394707974, 20.652816240223846], [-101.46497329176566, 20.652775615978122]], [[-101.46795129845678, 20.652733029872564], [-101.46795064235454, 20.65269240571785]], [[-101.46795064235454, 20.65269240571785], [-101.46790748290252, 20.65269302327284]], [[-101.46790813899331, 20.652733647428875], [-101.46790748290252, 20.65269302327284]], [[-101.46790748290252, 20.65269302327284], [-101.46786432344891, 20.652693640817052]], [[-101.46786497952826, 20.652734264974406], [-101.46786432344891, 20.652693640817052]], [[-101.46786432344891, 20.652693640817052], [-101.46782116399372, 20.652694258350486]], [[-101.46782182006163, 20.652734882509172], [-101.46782116399372, 20.652694258350486]], [[-101.46782116399372, 20.652694258350486], [-101.46777800453695, 20.652694875873152]], [[-101.46777866059341, 20.652735500033153], [-101.46777800453695, 20.652694875873152]], [[-101.46777800453695, 20.652694875873152], [-101.4677348450786, 20.65269549338504]], [[-101.46773550112361, 20.65273611754636], [-101.4677348450786, 20.65269549338504]], [[-101.4677348450786, 20.65269549338504], [-101.46769168561865, 20.652696110886144]], [[-101.46769234165222, 20.652736735048794], [-101.46769168561865, 20.652696110886144]], [[-101.46769168561865, 20.652696110886144], [-101.46764852615713, 20.652696728376476]], [[-101.46764918217926, 20.65273735254045], [-101.46764852615713, 20.652696728376476]], [[-101.46764852615713, 20.652696728376476], [-101.46760536669403, 20.652697345856037]], [[-101.46760602270471, 20.65273797002133], [-101.46760536669403, 20.652697345856037]], [[-101.46760536669403, 20.652697345856037], [-101.46756220722935, 20.652697963324822]], [[-101.46756286322858, 20.652738587491438], [-101.46756220722935, 20.652697963324822]], [[-101.46756220722935, 20.652697963324822], [-101.46751904776309, 20.65269858078283]], [[-101.46751970375088, 20.652739204950763], [-101.46751904776309, 20.65269858078283]], [[-101.46751904776309, 20.65269858078283], [-101.46747588829524, 20.65269919823006]], [[-101.46747654427158, 20.65273982239932], [-101.46747588829524, 20.65269919823006]], [[-101.46747588829524, 20.65269919823006], [-101.4674327288258, 20.652699815666516]], [[-101.4674333847907, 20.652740439837096], [-101.4674327288258, 20.652699815666516]], [[-101.4674327288258, 20.652699815666516], [-101.4673895693548, 20.652700433092196]], [[-101.46739022530824, 20.6527410572641], [-101.4673895693548, 20.652700433092196]], [[-101.4673895693548, 20.652700433092196], [-101.4673464098822, 20.6527010505071]], [[-101.46734706582419, 20.65274167468032], [-101.4673464098822, 20.6527010505071]], [[-101.4673464098822, 20.6527010505071], [-101.46730325040801, 20.652701667911227]], [[-101.46730390633857, 20.65274229208578], [-101.46730325040801, 20.652701667911227]], [[-101.46730325040801, 20.652701667911227], [-101.46726009093224, 20.65270228530458]], [[-101.46726074685137, 20.65274290948045], [-101.46726009093224, 20.65270228530458]], [[-101.46726009093224, 20.65270228530458], [-101.4672169314549, 20.652702902687157]], [[-101.46721758736257, 20.652743526864356], [-101.4672169314549, 20.652702902687157]], [[-101.4672169314549, 20.652702902687157], [-101.46717377197598, 20.652703520058957]], [[-101.4671744278722, 20.652744144237477], [-101.46717377197598, 20.652703520058957]], [[-101.46717377197598, 20.652703520058957], [-101.46713061249547, 20.652704137419985]], [[-101.46713126838024, 20.652744761599823], [-101.46713061249547, 20.652704137419985]], [[-101.46713061249547, 20.652704137419985], [-101.46708745301336, 20.652704754770234]], [[-101.46708810888671, 20.652745378951394], [-101.46708745301336, 20.652704754770234]], [[-101.46708745301336, 20.652704754770234], [-101.46704429352971, 20.652705372109708]], [[-101.46704494939158, 20.652745996292197], [-101.46704429352971, 20.652705372109708]], [[-101.46704429352971, 20.652705372109708], [-101.46700113404444, 20.652705989438406]], [[-101.4670017898949, 20.652746613622217], [-101.46700113404444, 20.652705989438406]], [[-101.46700113404444, 20.652705989438406], [-101.4669579745576, 20.652706606756325]], [[-101.4669586303966, 20.65274723094146], [-101.4669579745576, 20.652706606756325]], [[-101.4669579745576, 20.652706606756325], [-101.46691481506917, 20.65270722406348]], [[-101.46691547089674, 20.65274784824993], [-101.46691481506917, 20.65270722406348]], [[-101.46691481506917, 20.65270722406348], [-101.46687165557918, 20.65270784135985]], [[-101.46687231139528, 20.65274846554762], [-101.46687165557918, 20.65270784135985]], [[-101.46687165557918, 20.65270784135985], [-101.4668284960876, 20.652708458645442]], [[-101.46682915189226, 20.65274908283454], [-101.4668284960876, 20.652708458645442]], [[-101.4668284960876, 20.652708458645442], [-101.46678533659444, 20.652709075920267]], [[-101.46678599238764, 20.652749700110682], [-101.46678533659444, 20.652709075920267]], [[-101.46678533659444, 20.652709075920267], [-101.46674217709968, 20.652709693184306]], [[-101.46674283288145, 20.65275031737605], [-101.46674217709968, 20.652709693184306]], [[-101.46674217709968, 20.652709693184306], [-101.46669901760335, 20.652710310437573]], [[-101.46669967337368, 20.652750934630642], [-101.46669901760335, 20.652710310437573]], [[-101.46669901760335, 20.652710310437573], [-101.46665585810544, 20.65271092768007]], [[-101.46665651386431, 20.652751551874452], [-101.46665585810544, 20.65271092768007]], [[-101.46665585810544, 20.65271092768007], [-101.46661269860594, 20.652711544911778]], [[-101.46661335435337, 20.65275216910749], [-101.46661269860594, 20.652711544911778]], [[-101.46661269860594, 20.652711544911778], [-101.46656953910487, 20.652712162132726]], [[-101.46657019484086, 20.65275278632976], [-101.46656953910487, 20.652712162132726]], [[-101.46656953910487, 20.652712162132726], [-101.4665263796022, 20.65271277934289]], [[-101.46652703532675, 20.65275340354124], [-101.4665263796022, 20.65271277934289]], [[-101.4665263796022, 20.65271277934289], [-101.46648322009797, 20.652713396542282]], [[-101.46648387581106, 20.65275402074196], [-101.46648322009797, 20.652713396542282]], [[-101.46648322009797, 20.652713396542282], [-101.46644006059215, 20.65271401373089]], [[-101.46644071629379, 20.65275463793189], [-101.46644006059215, 20.65271401373089]], [[-101.46644006059215, 20.65271401373089], [-101.46639690108474, 20.652714630908733]], [[-101.46639755677494, 20.65275525511105], [-101.46639690108474, 20.652714630908733]], [[-101.46639690108474, 20.652714630908733], [-101.46635374157576, 20.652715248075793]], [[-101.4663543972545, 20.652755872279435], [-101.46635374157576, 20.652715248075793]], [[-101.46635374157576, 20.652715248075793], [-101.46631058206518, 20.652715865232082]], [[-101.4663112377325, 20.652756489437042], [-101.46631058206518, 20.652715865232082]], [[-101.46631058206518, 20.652715865232082], [-101.46626742255303, 20.652716482377592]], [[-101.4662680782089, 20.65275710658388], [-101.46626742255303, 20.652716482377592]], [[-101.46626742255303, 20.652716482377592], [-101.46622426303931, 20.65271709951233]], [[-101.46622491868372, 20.652757723719937], [-101.46622426303931, 20.65271709951233]], [[-101.46622426303931, 20.65271709951233], [-101.466181103524, 20.652717716636285]], [[-101.46618175915697, 20.652758340845217], [-101.466181103524, 20.652717716636285]], [[-101.466181103524, 20.652717716636285], [-101.46613794400709, 20.652718333749473]], [[-101.46613859962862, 20.65275895795972], [-101.46613794400709, 20.652718333749473]], [[-101.46613794400709, 20.652718333749473], [-101.46609478448862, 20.652718950851877]], [[-101.4660954400987, 20.65275957506345], [-101.46609478448862, 20.652718950851877]], [[-101.46609478448862, 20.652718950851877], [-101.46605162496856, 20.65271956794351]], [[-101.4660522805672, 20.652760192156407], [-101.46605162496856, 20.65271956794351]], [[-101.46605162496856, 20.65271956794351], [-101.46600846544692, 20.652720185024368]], [[-101.46600912103412, 20.652760809238586], [-101.46600846544692, 20.652720185024368]], [[-101.46600846544692, 20.652720185024368], [-101.4659653059237, 20.652720802094446]], [[-101.46596596149945, 20.652761426309983], [-101.4659653059237, 20.652720802094446]], [[-101.4659653059237, 20.652720802094446], [-101.4659221463989, 20.652721419153757]], [[-101.4659228019632, 20.65276204337061], [-101.4659221463989, 20.652721419153757]], [[-101.4659221463989, 20.652721419153757], [-101.46587898687251, 20.652722036202277]], [[-101.46587964242536, 20.652762660420464], [-101.46587898687251, 20.652722036202277]], [[-101.46587898687251, 20.652722036202277], [-101.46583582734455, 20.652722653240033]], [[-101.46583648288596, 20.65276327745954], [-101.46583582734455, 20.652722653240033]], [[-101.46583582734455, 20.652722653240033], [-101.465792667815, 20.65272327026701]], [[-101.46579332334497, 20.652763894487837], [-101.465792667815, 20.65272327026701]], [[-101.465792667815, 20.65272327026701], [-101.46574950828386, 20.65272388728322]], [[-101.4657501638024, 20.652764511505364], [-101.46574950828386, 20.65272388728322]], [[-101.46574950828386, 20.65272388728322], [-101.46570634875116, 20.65272450428864]], [[-101.46570700425823, 20.652765128512108], [-101.46570634875116, 20.65272450428864]], [[-101.46570634875116, 20.65272450428864], [-101.46566318921687, 20.652725121283293]], [[-101.4656638447125, 20.65276574550808], [-101.46566318921687, 20.652725121283293]], [[-101.46566318921687, 20.652725121283293], [-101.46562002968099, 20.65272573826717]], [[-101.46562068516519, 20.652766362493274], [-101.46562002968099, 20.65272573826717]], [[-101.46562002968099, 20.65272573826717], [-101.46557687014354, 20.65272635524026]], [[-101.46557752561628, 20.6527669794677], [-101.46557687014354, 20.65272635524026]], [[-101.46557687014354, 20.65272635524026], [-101.4655337106045, 20.65272697220259]], [[-101.4655343660658, 20.652767596431346], [-101.4655337106045, 20.65272697220259]], [[-101.4655337106045, 20.65272697220259], [-101.46549055106388, 20.65272758915414]], [[-101.46549120651375, 20.65276821338421], [-101.46549055106388, 20.65272758915414]], [[-101.46549055106388, 20.65272758915414], [-101.46544739152169, 20.652728206094906]], [[-101.46544804696009, 20.652768830326302], [-101.46544739152169, 20.652728206094906]], [[-101.46544739152169, 20.652728206094906], [-101.46540423197791, 20.652728823024898]], [[-101.46540488740487, 20.652769447257622], [-101.46540423197791, 20.652728823024898]], [[-101.46540423197791, 20.652728823024898], [-101.46536107243256, 20.65272943994412]], [[-101.46536172784806, 20.652770064178164], [-101.46536107243256, 20.65272943994412]], [[-101.46536107243256, 20.65272943994412], [-101.46531791288561, 20.65273005685257]], [[-101.46531856828967, 20.652770681087926], [-101.46531791288561, 20.65273005685257]], [[-101.46531791288561, 20.65273005685257], [-101.46527475333708, 20.65273067375023]], [[-101.46527540872971, 20.652771297986916], [-101.46527475333708, 20.65273067375023]], [[-101.46527475333708, 20.65273067375023], [-101.46523159378698, 20.652731290637124]], [[-101.46523224916815, 20.65277191487513], [-101.46523159378698, 20.652731290637124]], [[-101.46523159378698, 20.652731290637124], [-101.4651884342353, 20.65273190751324]], [[-101.46518908960502, 20.652772531752564], [-101.4651884342353, 20.65273190751324]], [[-101.4651884342353, 20.65273190751324], [-101.46514527468204, 20.65273252437858]], [[-101.46514593004032, 20.65277314861923], [-101.46514527468204, 20.65273252437858]], [[-101.46514527468204, 20.65273252437858], [-101.4651021151272, 20.652733141233146]], [[-101.46510277047402, 20.65277376547512], [-101.4651021151272, 20.652733141233146]], [[-101.4651021151272, 20.652733141233146], [-101.46505895557075, 20.65273375807694]], [[-101.46505961090615, 20.652774382320228], [-101.46505895557075, 20.65273375807694]], [[-101.46505895557075, 20.65273375807694], [-101.46501579601276, 20.65273437490995]], [[-101.4650164513367, 20.65277499915456], [-101.46501579601276, 20.65273437490995]], [[-101.46501579601276, 20.65273437490995], [-101.46497263645317, 20.65273499173219]], [[-101.46497329176566, 20.652775615978122], [-101.46497263645317, 20.65273499173219]], [[-101.46795064235454, 20.65269240571785], [-101.46794998625388, 20.652651781562923]], [[-101.46794998625388, 20.652651781562923], [-101.4679068268133, 20.65265239911659]], [[-101.46790748290252, 20.65269302327284], [-101.4679068268133, 20.65265239911659]], [[-101.4679068268133, 20.65265239911659], [-101.46786366737115, 20.652653016659475]], [[-101.46786432344891, 20.652693640817052], [-101.46786366737115, 20.652653016659475]], [[-101.46786366737115, 20.652653016659475], [-101.4678205079274, 20.652653634191594]], [[-101.46782116399372, 20.652694258350486], [-101.4678205079274, 20.652653634191594]], [[-101.4678205079274, 20.652653634191594], [-101.46777734848207, 20.65265425171293]], [[-101.46777800453695, 20.652694875873152], [-101.46777734848207, 20.65265425171293]], [[-101.46777734848207, 20.65265425171293], [-101.46773418903516, 20.65265486922349]], [[-101.4677348450786, 20.65269549338504], [-101.46773418903516, 20.65265486922349]], [[-101.46773418903516, 20.65265486922349], [-101.46769102958667, 20.652655486723283]], [[-101.46769168561865, 20.652696110886144], [-101.46769102958667, 20.652655486723283]], [[-101.46769102958667, 20.652655486723283], [-101.46764787013659, 20.652656104212294]], [[-101.46764852615713, 20.652696728376476], [-101.46764787013659, 20.652656104212294]], [[-101.46764787013659, 20.652656104212294], [-101.46760471068494, 20.65265672169053]], [[-101.46760536669403, 20.652697345856037], [-101.46760471068494, 20.65265672169053]], [[-101.46760471068494, 20.65265672169053], [-101.4675615512317, 20.652657339157987]], [[-101.46756220722935, 20.652697963324822], [-101.4675615512317, 20.652657339157987]], [[-101.4675615512317, 20.652657339157987], [-101.46751839177688, 20.65265795661467]], [[-101.46751904776309, 20.65269858078283], [-101.46751839177688, 20.65265795661467]], [[-101.46751839177688, 20.65265795661467], [-101.46747523232048, 20.65265857406058]], [[-101.46747588829524, 20.65269919823006], [-101.46747523232048, 20.65265857406058]], [[-101.46747523232048, 20.65265857406058], [-101.46743207286248, 20.65265919149571]], [[-101.4674327288258, 20.652699815666516], [-101.46743207286248, 20.65265919149571]], [[-101.46743207286248, 20.65265919149571], [-101.46738891340291, 20.65265980892007]], [[-101.4673895693548, 20.652700433092196], [-101.46738891340291, 20.65265980892007]], [[-101.46738891340291, 20.65265980892007], [-101.46734575394177, 20.652660426333654]], [[-101.4673464098822, 20.6527010505071], [-101.46734575394177, 20.652660426333654]], [[-101.46734575394177, 20.652660426333654], [-101.46730259447904, 20.652661043736458]], [[-101.46730325040801, 20.652701667911227], [-101.46730259447904, 20.652661043736458]], [[-101.46730259447904, 20.652661043736458], [-101.46725943501472, 20.652661661128494]], [[-101.46726009093224, 20.65270228530458], [-101.46725943501472, 20.652661661128494]], [[-101.46725943501472, 20.652661661128494], [-101.46721627554881, 20.652662278509744]], [[-101.4672169314549, 20.652702902687157], [-101.46721627554881, 20.652662278509744]], [[-101.46721627554881, 20.652662278509744], [-101.46717311608133, 20.65266289588022]], [[-101.46717377197598, 20.652703520058957], [-101.46717311608133, 20.65266289588022]], [[-101.46717311608133, 20.65266289588022], [-101.46712995661227, 20.65266351323993]], [[-101.46713061249547, 20.652704137419985], [-101.46712995661227, 20.65266351323993]], [[-101.46712995661227, 20.65266351323993], [-101.46708679714162, 20.652664130588853]], [[-101.46708745301336, 20.652704754770234], [-101.46708679714162, 20.652664130588853]], [[-101.46708679714162, 20.652664130588853], [-101.46704363766939, 20.652664747927002]], [[-101.46704429352971, 20.652705372109708], [-101.46704363766939, 20.652664747927002]], [[-101.46704363766939, 20.652664747927002], [-101.46700047819559, 20.65266536525438]], [[-101.46700113404444, 20.652705989438406], [-101.46700047819559, 20.65266536525438]], [[-101.46700047819559, 20.65266536525438], [-101.46695731872019, 20.65266598257098]], [[-101.4669579745576, 20.652706606756325], [-101.46695731872019, 20.65266598257098]], [[-101.46695731872019, 20.65266598257098], [-101.46691415924322, 20.652666599876806]], [[-101.46691481506917, 20.65270722406348], [-101.46691415924322, 20.652666599876806]], [[-101.46691415924322, 20.652666599876806], [-101.46687099976465, 20.652667217171853]], [[-101.46687165557918, 20.65270784135985], [-101.46687099976465, 20.652667217171853]], [[-101.46687099976465, 20.652667217171853], [-101.46682784028452, 20.65266783445613]], [[-101.4668284960876, 20.652708458645442], [-101.46682784028452, 20.65266783445613]], [[-101.46682784028452, 20.65266783445613], [-101.4667846808028, 20.652668451729628]], [[-101.46678533659444, 20.652709075920267], [-101.4667846808028, 20.652668451729628]], [[-101.4667846808028, 20.652668451729628], [-101.46674152131949, 20.65266906899235]], [[-101.46674217709968, 20.652709693184306], [-101.46674152131949, 20.65266906899235]], [[-101.46674152131949, 20.65266906899235], [-101.4666983618346, 20.652669686244295]], [[-101.46669901760335, 20.652710310437573], [-101.4666983618346, 20.652669686244295]], [[-101.4666983618346, 20.652669686244295], [-101.46665520234814, 20.65267030348546]], [[-101.46665585810544, 20.65271092768007], [-101.46665520234814, 20.65267030348546]], [[-101.46665520234814, 20.65267030348546], [-101.46661204286009, 20.652670920715863]], [[-101.46661269860594, 20.652711544911778], [-101.46661204286009, 20.652670920715863]], [[-101.46661204286009, 20.652670920715863], [-101.46656888337047, 20.65267153793548]], [[-101.46656953910487, 20.652712162132726], [-101.46656888337047, 20.65267153793548]], [[-101.46656888337047, 20.65267153793548], [-101.46652572387924, 20.652672155144323]], [[-101.4665263796022, 20.65271277934289], [-101.46652572387924, 20.652672155144323]], [[-101.46652572387924, 20.652672155144323], [-101.46648256438645, 20.65267277234239]], [[-101.46648322009797, 20.652713396542282], [-101.46648256438645, 20.65267277234239]], [[-101.46648256438645, 20.65267277234239], [-101.46643940489209, 20.652673389529685]], [[-101.46644006059215, 20.65271401373089], [-101.46643940489209, 20.652673389529685]], [[-101.46643940489209, 20.652673389529685], [-101.46639624539611, 20.6526740067062]], [[-101.46639690108474, 20.652714630908733], [-101.46639624539611, 20.6526740067062]], [[-101.46639624539611, 20.6526740067062], [-101.46635308589858, 20.65267462387194]], [[-101.46635374157576, 20.652715248075793], [-101.46635308589858, 20.65267462387194]], [[-101.46635308589858, 20.65267462387194], [-101.46630992639946, 20.652675241026902]], [[-101.46631058206518, 20.652715865232082], [-101.46630992639946, 20.652675241026902]], [[-101.46630992639946, 20.652675241026902], [-101.46626676689874, 20.652675858171097]], [[-101.46626742255303, 20.652716482377592], [-101.46626676689874, 20.652675858171097]], [[-101.46626676689874, 20.652675858171097], [-101.46622360739647, 20.652676475304506]], [[-101.46622426303931, 20.65271709951233], [-101.46622360739647, 20.652676475304506]], [[-101.46622360739647, 20.652676475304506], [-101.4661804478926, 20.652677092427144]], [[-101.466181103524, 20.652717716636285], [-101.4661804478926, 20.652677092427144]], [[-101.4661804478926, 20.652677092427144], [-101.46613728838715, 20.652677709539002]], [[-101.46613794400709, 20.652718333749473], [-101.46613728838715, 20.652677709539002]], [[-101.46613728838715, 20.652677709539002], [-101.46609412888012, 20.65267832664009]], [[-101.46609478448862, 20.652718950851877], [-101.46609412888012, 20.65267832664009]], [[-101.46609412888012, 20.65267832664009], [-101.46605096937151, 20.652678943730397]], [[-101.46605162496856, 20.65271956794351], [-101.46605096937151, 20.652678943730397]], [[-101.46605096937151, 20.652678943730397], [-101.46600780986131, 20.652679560809936]], [[-101.46600846544692, 20.652720185024368], [-101.46600780986131, 20.652679560809936]], [[-101.46600780986131, 20.652679560809936], [-101.46596465034953, 20.652680177878697]], [[-101.4659653059237, 20.652720802094446], [-101.46596465034953, 20.652680177878697]], [[-101.46596465034953, 20.652680177878697], [-101.46592149083618, 20.652680794936675]], [[-101.4659221463989, 20.652721419153757], [-101.46592149083618, 20.652680794936675]], [[-101.46592149083618, 20.652680794936675], [-101.46587833132124, 20.652681411983885]], [[-101.46587898687251, 20.652722036202277], [-101.46587833132124, 20.652681411983885]], [[-101.46587833132124, 20.652681411983885], [-101.46583517180471, 20.652682029020315]], [[-101.46583582734455, 20.652722653240033], [-101.46583517180471, 20.652682029020315]], [[-101.46583517180471, 20.652682029020315], [-101.46579201228661, 20.65268264604597]], [[-101.465792667815, 20.65272327026701], [-101.46579201228661, 20.65268264604597]], [[-101.46579201228661, 20.65268264604597], [-101.46574885276694, 20.65268326306085]], [[-101.46574950828386, 20.65272388728322], [-101.46574885276694, 20.65268326306085]], [[-101.46574885276694, 20.65268326306085], [-101.46570569324567, 20.65268388006496]], [[-101.46570634875116, 20.65272450428864], [-101.46570569324567, 20.65268388006496]], [[-101.46570569324567, 20.65268388006496], [-101.46566253372282, 20.652684497058285]], [[-101.46566318921687, 20.652725121283293], [-101.46566253372282, 20.652684497058285]], [[-101.46566253372282, 20.652684497058285], [-101.4656193741984, 20.652685114040835]], [[-101.46562002968099, 20.65272573826717], [-101.4656193741984, 20.652685114040835]], [[-101.4656193741984, 20.652685114040835], [-101.4655762146724, 20.652685731012618]], [[-101.46557687014354, 20.65272635524026], [-101.4655762146724, 20.652685731012618]], [[-101.4655762146724, 20.652685731012618], [-101.46553305514479, 20.652686347973614]], [[-101.4655337106045, 20.65272697220259], [-101.46553305514479, 20.652686347973614]], [[-101.46553305514479, 20.652686347973614], [-101.46548989561562, 20.65268696492384]], [[-101.46549055106388, 20.65272758915414], [-101.46548989561562, 20.65268696492384]], [[-101.46548989561562, 20.65268696492384], [-101.46544673608487, 20.652687581863297]], [[-101.46544739152169, 20.652728206094906], [-101.46544673608487, 20.652687581863297]], [[-101.46544673608487, 20.652687581863297], [-101.46540357655255, 20.652688198791967]], [[-101.46540423197791, 20.652728823024898], [-101.46540357655255, 20.652688198791967]], [[-101.46540357655255, 20.652688198791967], [-101.46536041701863, 20.652688815709862]], [[-101.46536107243256, 20.65272943994412], [-101.46536041701863, 20.652688815709862]], [[-101.46536041701863, 20.652688815709862], [-101.46531725748314, 20.652689432616988]], [[-101.46531791288561, 20.65273005685257], [-101.46531725748314, 20.652689432616988]], [[-101.46531725748314, 20.652689432616988], [-101.46527409794605, 20.652690049513332]], [[-101.46527475333708, 20.65273067375023], [-101.46527409794605, 20.652690049513332]], [[-101.46527409794605, 20.652690049513332], [-101.4652309384074, 20.652690666398904]], [[-101.46523159378698, 20.652731290637124], [-101.4652309384074, 20.652690666398904]], [[-101.4652309384074, 20.652690666398904], [-101.46518777886716, 20.6526912832737]], [[-101.4651884342353, 20.65273190751324], [-101.46518777886716, 20.6526912832737]], [[-101.46518777886716, 20.6526912832737], [-101.46514461932534, 20.652691900137718]], [[-101.46514527468204, 20.65273252437858], [-101.46514461932534, 20.652691900137718]], [[-101.46514461932534, 20.652691900137718], [-101.46510145978193, 20.652692516990967]], [[-101.4651021151272, 20.652733141233146], [-101.46510145978193, 20.652692516990967]], [[-101.46510145978193, 20.652692516990967], [-101.46505830023696, 20.652693133833427]], [[-101.46505895557075, 20.65273375807694], [-101.46505830023696, 20.652693133833427]], [[-101.46505830023696, 20.652693133833427], [-101.4650151406904, 20.652693750665122]], [[-101.46501579601276, 20.65273437490995], [-101.4650151406904, 20.652693750665122]], [[-101.46794998625388, 20.652651781562923], [-101.4679493301548, 20.652611157407787]], [[-101.4679493301548, 20.652611157407787], [-101.46790617072567, 20.652611774960125]], [[-101.4679068268133, 20.65265239911659], [-101.46790617072567, 20.652611774960125]], [[-101.46790617072567, 20.652611774960125], [-101.46786301129497, 20.652612392501695]], [[-101.46786366737115, 20.652653016659475], [-101.46786301129497, 20.652612392501695]], [[-101.46786301129497, 20.652612392501695], [-101.46781985186266, 20.652613010032486]], [[-101.4678205079274, 20.652653634191594], [-101.46781985186266, 20.652613010032486]], [[-101.46781985186266, 20.652613010032486], [-101.46777669242877, 20.6526136275525]], [[-101.46777734848207, 20.65265425171293], [-101.46777669242877, 20.6526136275525]], [[-101.46777669242877, 20.6526136275525], [-101.46773353299331, 20.652614245061745]], [[-101.46773418903516, 20.65265486922349], [-101.46773353299331, 20.652614245061745]], [[-101.46773353299331, 20.652614245061745], [-101.46769037355627, 20.65261486256021]], [[-101.46769102958667, 20.652655486723283], [-101.46769037355627, 20.65261486256021]], [[-101.46769037355627, 20.65261486256021], [-101.46764721411763, 20.6526154800479]], [[-101.46764787013659, 20.652656104212294], [-101.46764721411763, 20.6526154800479]], [[-101.46764721411763, 20.6526154800479], [-101.46760405467742, 20.652616097524813]], [[-101.46760471068494, 20.65265672169053], [-101.46760405467742, 20.652616097524813]], [[-101.46760405467742, 20.652616097524813], [-101.46756089523564, 20.652616714990945]], [[-101.4675615512317, 20.652657339157987], [-101.46756089523564, 20.652616714990945]], [[-101.46756089523564, 20.652616714990945], [-101.46751773579226, 20.652617332446308]], [[-101.46751839177688, 20.65265795661467], [-101.46751773579226, 20.652617332446308]], [[-101.46751773579226, 20.652617332446308], [-101.4674745763473, 20.652617949890896]], [[-101.46747523232048, 20.65265857406058], [-101.4674745763473, 20.652617949890896]], [[-101.4674745763473, 20.652617949890896], [-101.46743141690075, 20.652618567324705]], [[-101.46743207286248, 20.65265919149571], [-101.46743141690075, 20.652618567324705]], [[-101.46743141690075, 20.652618567324705], [-101.46738825745264, 20.652619184747742]], [[-101.46738891340291, 20.65265980892007], [-101.46738825745264, 20.652619184747742]], [[-101.46738825745264, 20.652619184747742], [-101.46734509800292, 20.65261980216]], [[-101.46734575394177, 20.652660426333654], [-101.46734509800292, 20.65261980216]], [[-101.46734509800292, 20.65261980216], [-101.46730193855164, 20.652620419561483]], [[-101.46730259447904, 20.652661043736458], [-101.46730193855164, 20.652620419561483]], [[-101.46730193855164, 20.652620419561483], [-101.46725877909876, 20.65262103695219]], [[-101.46725943501472, 20.652661661128494], [-101.46725877909876, 20.65262103695219]], [[-101.46725877909876, 20.65262103695219], [-101.4672156196443, 20.652621654332123]], [[-101.46721627554881, 20.652662278509744], [-101.4672156196443, 20.652621654332123]], [[-101.4672156196443, 20.652621654332123], [-101.46717246018828, 20.652622271701283]], [[-101.46717311608133, 20.65266289588022], [-101.46717246018828, 20.652622271701283]], [[-101.46717246018828, 20.652622271701283], [-101.46712930073065, 20.65262288905966]], [[-101.46712995661227, 20.65266351323993], [-101.46712930073065, 20.65262288905966]], [[-101.46712930073065, 20.65262288905966], [-101.46708614127145, 20.652623506407267]], [[-101.46708679714162, 20.652664130588853], [-101.46708614127145, 20.652623506407267]], [[-101.46708614127145, 20.652623506407267], [-101.46704298181068, 20.652624123744097]], [[-101.46704363766939, 20.652664747927002], [-101.46704298181068, 20.652624123744097]], [[-101.46704298181068, 20.652624123744097], [-101.4669998223483, 20.65262474107015]], [[-101.46700047819559, 20.65266536525438], [-101.4669998223483, 20.65262474107015]], [[-101.4669998223483, 20.65262474107015], [-101.46695666288436, 20.65262535838543]], [[-101.46695731872019, 20.65266598257098], [-101.46695666288436, 20.65262535838543]], [[-101.46695666288436, 20.65262535838543], [-101.46691350341882, 20.65262597568993]], [[-101.46691415924322, 20.652666599876806], [-101.46691350341882, 20.65262597568993]], [[-101.46691350341882, 20.65262597568993], [-101.46687034395173, 20.65262659298366]], [[-101.46687099976465, 20.652667217171853], [-101.46687034395173, 20.65262659298366]], [[-101.46687034395173, 20.65262659298366], [-101.46682718448302, 20.65262721026661]], [[-101.46682784028452, 20.65266783445613], [-101.46682718448302, 20.65262721026661]], [[-101.46682718448302, 20.65262721026661], [-101.46678402501276, 20.65262782753878]], [[-101.4667846808028, 20.652668451729628], [-101.46678402501276, 20.65262782753878]], [[-101.46678402501276, 20.65262782753878], [-101.4667408655409, 20.652628444800182]], [[-101.46674152131949, 20.65266906899235], [-101.4667408655409, 20.652628444800182]], [[-101.4667408655409, 20.652628444800182], [-101.46669770606746, 20.652629062050806]], [[-101.4666983618346, 20.652669686244295], [-101.46669770606746, 20.652629062050806]], [[-101.46669770606746, 20.652629062050806], [-101.46665454659244, 20.652629679290655]], [[-101.46665520234814, 20.65267030348546], [-101.46665454659244, 20.652629679290655]], [[-101.46665454659244, 20.652629679290655], [-101.46661138711583, 20.65263029651973]], [[-101.46661204286009, 20.652670920715863], [-101.46661138711583, 20.65263029651973]], [[-101.46661138711583, 20.65263029651973], [-101.46656822763765, 20.652630913738026]], [[-101.46656888337047, 20.65267153793548], [-101.46656822763765, 20.652630913738026]], [[-101.46656822763765, 20.652630913738026], [-101.46652506815788, 20.652631530945545]], [[-101.46652572387924, 20.652672155144323], [-101.46652506815788, 20.652631530945545]], [[-101.46652506815788, 20.652631530945545], [-101.46648190867653, 20.652632148142292]], [[-101.46648256438645, 20.65267277234239], [-101.46648190867653, 20.652632148142292]], [[-101.46648190867653, 20.652632148142292], [-101.46643874919359, 20.652632765328264]], [[-101.46643940489209, 20.652673389529685], [-101.46643874919359, 20.652632765328264]], [[-101.46643874919359, 20.652632765328264], [-101.46639558970908, 20.652633382503453]], [[-101.46639624539611, 20.6526740067062], [-101.46639558970908, 20.652633382503453]], [[-101.46639558970908, 20.652633382503453], [-101.46635243022298, 20.652633999667874]], [[-101.46635308589858, 20.65267462387194], [-101.46635243022298, 20.652633999667874]], [[-101.46635243022298, 20.652633999667874], [-101.4663092707353, 20.652634616821512]], [[-101.46630992639946, 20.652675241026902], [-101.4663092707353, 20.652634616821512]], [[-101.4663092707353, 20.652634616821512], [-101.46626611124604, 20.652635233964382]], [[-101.46626676689874, 20.652675858171097], [-101.46626611124604, 20.652635233964382]], [[-101.46626611124604, 20.652635233964382], [-101.46622295175521, 20.65263585109647]], [[-101.46622360739647, 20.652676475304506], [-101.46622295175521, 20.65263585109647]], [[-101.46622295175521, 20.65263585109647], [-101.46617979226278, 20.652636468217793]], [[-101.4661804478926, 20.652677092427144], [-101.46617979226278, 20.652636468217793]], [[-101.46617979226278, 20.652636468217793], [-101.46613663276878, 20.652637085328333]], [[-101.46613728838715, 20.652677709539002], [-101.46613663276878, 20.652637085328333]], [[-101.46613663276878, 20.652637085328333], [-101.4660934732732, 20.65263770242809]], [[-101.46609412888012, 20.65267832664009], [-101.4660934732732, 20.65263770242809]], [[-101.4660934732732, 20.65263770242809], [-101.46605031377602, 20.65263831951708]], [[-101.46605096937151, 20.652678943730397], [-101.46605031377602, 20.65263831951708]], [[-101.46605031377602, 20.65263831951708], [-101.46600715427728, 20.652638936595295]], [[-101.46600780986131, 20.652679560809936], [-101.46600715427728, 20.652638936595295]], [[-101.46600715427728, 20.652638936595295], [-101.46596399477696, 20.652639553662734]], [[-101.46596465034953, 20.652680177878697], [-101.46596399477696, 20.652639553662734]], [[-101.46596399477696, 20.652639553662734], [-101.46592083527504, 20.652640170719394]], [[-101.46592149083618, 20.652680794936675], [-101.46592083527504, 20.652640170719394]], [[-101.46592083527504, 20.652640170719394], [-101.46587767577154, 20.652640787765275]], [[-101.46587833132124, 20.652681411983885], [-101.46587767577154, 20.652640787765275]], [[-101.46587767577154, 20.652640787765275], [-101.46583451626647, 20.65264140480039]], [[-101.46583517180471, 20.652682029020315], [-101.46583451626647, 20.65264140480039]], [[-101.46583451626647, 20.65264140480039], [-101.46579135675981, 20.65264202182472]], [[-101.46579201228661, 20.65268264604597], [-101.46579135675981, 20.65264202182472]], [[-101.46579135675981, 20.65264202182472], [-101.46574819725159, 20.65264263883828]], [[-101.46574885276694, 20.65268326306085], [-101.46574819725159, 20.65264263883828]], [[-101.46574819725159, 20.65264263883828], [-101.46570503774176, 20.652643255841063]], [[-101.46570569324567, 20.65268388006496], [-101.46570503774176, 20.652643255841063]], [[-101.46570503774176, 20.652643255841063], [-101.46566187823036, 20.652643872833067]], [[-101.46566253372282, 20.652684497058285], [-101.46566187823036, 20.652643872833067]], [[-101.46566187823036, 20.652643872833067], [-101.46561871871737, 20.6526444898143]], [[-101.4656193741984, 20.652685114040835], [-101.46561871871737, 20.6526444898143]], [[-101.46561871871737, 20.6526444898143], [-101.46557555920282, 20.652645106784757]], [[-101.4655762146724, 20.652685731012618], [-101.46557555920282, 20.652645106784757]], [[-101.46557555920282, 20.652645106784757], [-101.46553239968667, 20.652645723744435]], [[-101.46553305514479, 20.652686347973614], [-101.46553239968667, 20.652645723744435]], [[-101.46553239968667, 20.652645723744435], [-101.46548924016894, 20.65264634069334]], [[-101.46548989561562, 20.65268696492384], [-101.46548924016894, 20.65264634069334]], [[-101.46548924016894, 20.65264634069334], [-101.46544608064964, 20.652646957631468]], [[-101.46544673608487, 20.652687581863297], [-101.46544608064964, 20.652646957631468]], [[-101.46544608064964, 20.652646957631468], [-101.46540292112874, 20.652647574558824]], [[-101.46540357655255, 20.652688198791967], [-101.46540292112874, 20.652647574558824]], [[-101.46540292112874, 20.652647574558824], [-101.46535976160628, 20.652648191475404]], [[-101.46536041701863, 20.652688815709862], [-101.46535976160628, 20.652648191475404]], [[-101.46535976160628, 20.652648191475404], [-101.46531660208224, 20.6526488083812]], [[-101.46531725748314, 20.652689432616988], [-101.46531660208224, 20.6526488083812]], [[-101.46531660208224, 20.6526488083812], [-101.4652734425566, 20.652649425276223]], [[-101.46527409794605, 20.652690049513332], [-101.4652734425566, 20.652649425276223]], [[-101.4652734425566, 20.652649425276223], [-101.46523028302938, 20.65265004216047]], [[-101.4652309384074, 20.652690666398904], [-101.46523028302938, 20.65265004216047]], [[-101.46523028302938, 20.65265004216047], [-101.4651871235006, 20.652650659033952]], [[-101.46518777886716, 20.6526912832737], [-101.4651871235006, 20.652650659033952]], [[-101.4651871235006, 20.652650659033952], [-101.46514396397022, 20.65265127589665]], [[-101.46514461932534, 20.652691900137718], [-101.46514396397022, 20.65265127589665]], [[-101.46514396397022, 20.65265127589665], [-101.46510080443825, 20.652651892748565]], [[-101.46510145978193, 20.652692516990967], [-101.46510080443825, 20.652651892748565]], [[-101.46510080443825, 20.652651892748565], [-101.46505764490472, 20.652652509589714]], [[-101.46505830023696, 20.652693133833427], [-101.46505764490472, 20.652652509589714]], [[-101.46505764490472, 20.652652509589714], [-101.46501448536961, 20.652653126420084]], [[-101.4650151406904, 20.652693750665122], [-101.46501448536961, 20.652653126420084]], [[-101.4679493301548, 20.652611157407787], [-101.46794867405731, 20.652570533252444]], [[-101.46794867405731, 20.652570533252444], [-101.46790551463963, 20.652571150803464]], [[-101.46790617072567, 20.652611774960125], [-101.46790551463963, 20.652571150803464]], [[-101.46790551463963, 20.652571150803464], [-101.46786235522036, 20.652571768343705]], [[-101.46786301129497, 20.652612392501695], [-101.46786235522036, 20.652571768343705]], [[-101.46786235522036, 20.652571768343705], [-101.4678191957995, 20.652572385873174]], [[-101.46781985186266, 20.652613010032486], [-101.4678191957995, 20.652572385873174]], [[-101.4678191957995, 20.652572385873174], [-101.46777603637707, 20.652573003391865]], [[-101.46777669242877, 20.6526136275525], [-101.46777603637707, 20.652573003391865]], [[-101.46777603637707, 20.652573003391865], [-101.46773287695305, 20.65257362089979]], [[-101.46773353299331, 20.652614245061745], [-101.46773287695305, 20.65257362089979]], [[-101.46773287695305, 20.65257362089979], [-101.46768971752745, 20.652574238396927]], [[-101.46769037355627, 20.65261486256021], [-101.46768971752745, 20.652574238396927]], [[-101.46768971752745, 20.652574238396927], [-101.46764655810027, 20.65257485588329]], [[-101.46764721411763, 20.6526154800479], [-101.46764655810027, 20.65257485588329]], [[-101.46764655810027, 20.65257485588329], [-101.4676033986715, 20.652575473358883]], [[-101.46760405467742, 20.652616097524813], [-101.4676033986715, 20.652575473358883]], [[-101.4676033986715, 20.652575473358883], [-101.46756023924114, 20.652576090823697]], [[-101.46756089523564, 20.652616714990945], [-101.46756023924114, 20.652576090823697]], [[-101.46756023924114, 20.652576090823697], [-101.46751707980921, 20.65257670827774]], [[-101.46751773579226, 20.652617332446308], [-101.46751707980921, 20.65257670827774]], [[-101.46751707980921, 20.65257670827774], [-101.4674739203757, 20.652577325721]], [[-101.4674745763473, 20.652617949890896], [-101.4674739203757, 20.652577325721]], [[-101.4674739203757, 20.652577325721], [-101.46743076094062, 20.65257794315349]], [[-101.46743141690075, 20.652618567324705], [-101.46743076094062, 20.65257794315349]], [[-101.46743076094062, 20.65257794315349], [-101.46738760150393, 20.6525785605752]], [[-101.46738825745264, 20.652619184747742], [-101.46738760150393, 20.6525785605752]], [[-101.46738760150393, 20.6525785605752], [-101.46734444206567, 20.652579177986134]], [[-101.46734509800292, 20.65261980216], [-101.46734444206567, 20.652579177986134]], [[-101.46734444206567, 20.652579177986134], [-101.46730128262583, 20.6525797953863]], [[-101.46730193855164, 20.652620419561483], [-101.46730128262583, 20.6525797953863]], [[-101.46730128262583, 20.6525797953863], [-101.4672581231844, 20.652580412775688]], [[-101.46725877909876, 20.65262103695219], [-101.4672581231844, 20.652580412775688]], [[-101.4672581231844, 20.652580412775688], [-101.46721496374138, 20.652581030154295]], [[-101.4672156196443, 20.652621654332123], [-101.46721496374138, 20.652581030154295]], [[-101.46721496374138, 20.652581030154295], [-101.4671718042968, 20.652581647522126]], [[-101.46717246018828, 20.652622271701283], [-101.4671718042968, 20.652581647522126]], [[-101.4671718042968, 20.652581647522126], [-101.46712864485062, 20.65258226487919]], [[-101.46712930073065, 20.65262288905966], [-101.46712864485062, 20.65258226487919]], [[-101.46712864485062, 20.65258226487919], [-101.46708548540288, 20.652582882225467]], [[-101.46708614127145, 20.652623506407267], [-101.46708548540288, 20.652582882225467]], [[-101.46708548540288, 20.652582882225467], [-101.46704232595353, 20.652583499560972]], [[-101.46704298181068, 20.652624123744097], [-101.46704232595353, 20.652583499560972]], [[-101.46704232595353, 20.652583499560972], [-101.46699916650262, 20.65258411688571]], [[-101.4669998223483, 20.65262474107015], [-101.46699916650262, 20.65258411688571]], [[-101.46699916650262, 20.65258411688571], [-101.4669560070501, 20.652584734199664]], [[-101.46695666288436, 20.65262535838543], [-101.4669560070501, 20.652584734199664]], [[-101.4669560070501, 20.652584734199664], [-101.46691284759603, 20.652585351502847]], [[-101.46691350341882, 20.65262597568993], [-101.46691284759603, 20.652585351502847]], [[-101.46691284759603, 20.652585351502847], [-101.46686968814035, 20.65258596879525]], [[-101.46687034395173, 20.65262659298366], [-101.46686968814035, 20.65258596879525]], [[-101.46686968814035, 20.65258596879525], [-101.46682652868311, 20.652586586076875]], [[-101.46682718448302, 20.65262721026661], [-101.46682652868311, 20.652586586076875]], [[-101.46682652868311, 20.652586586076875], [-101.46678336922429, 20.65258720334773]], [[-101.46678402501276, 20.65262782753878], [-101.46678336922429, 20.65258720334773]], [[-101.46678336922429, 20.65258720334773], [-101.46674020976387, 20.65258782060781]], [[-101.4667408655409, 20.652628444800182], [-101.46674020976387, 20.65258782060781]], [[-101.46674020976387, 20.65258782060781], [-101.46669705030187, 20.65258843785711]], [[-101.46669770606746, 20.652629062050806], [-101.46669705030187, 20.65258843785711]], [[-101.46669705030187, 20.65258843785711], [-101.4666538908383, 20.652589055095635]], [[-101.46665454659244, 20.652629679290655], [-101.4666538908383, 20.652589055095635]], [[-101.4666538908383, 20.652589055095635], [-101.46661073137315, 20.652589672323383]], [[-101.46661138711583, 20.65263029651973], [-101.46661073137315, 20.652589672323383]], [[-101.46661073137315, 20.652589672323383], [-101.4665675719064, 20.65259028954036]], [[-101.46656822763765, 20.652630913738026], [-101.4665675719064, 20.65259028954036]], [[-101.4665675719064, 20.65259028954036], [-101.46652441243808, 20.652590906746564]], [[-101.46652506815788, 20.652631530945545], [-101.46652441243808, 20.652590906746564]], [[-101.46652441243808, 20.652590906746564], [-101.46648125296817, 20.652591523941986]], [[-101.46648190867653, 20.652632148142292], [-101.46648125296817, 20.652591523941986]], [[-101.46648125296817, 20.652591523941986], [-101.46643809349669, 20.65259214112663]], [[-101.46643874919359, 20.652632765328264], [-101.46643809349669, 20.65259214112663]], [[-101.46643809349669, 20.65259214112663], [-101.46639493402363, 20.652592758300504]], [[-101.46639558970908, 20.652633382503453], [-101.46639493402363, 20.652592758300504]], [[-101.46639493402363, 20.652592758300504], [-101.46635177454897, 20.652593375463603]], [[-101.46635243022298, 20.652633999667874], [-101.46635177454897, 20.652593375463603]], [[-101.46635177454897, 20.652593375463603], [-101.46630861507275, 20.652593992615923]], [[-101.4663092707353, 20.652634616821512], [-101.46630861507275, 20.652593992615923]], [[-101.46630861507275, 20.652593992615923], [-101.46626545559494, 20.652594609757465]], [[-101.46626611124604, 20.652635233964382], [-101.46626545559494, 20.652594609757465]], [[-101.46626545559494, 20.652594609757465], [-101.46622229611553, 20.65259522688823]], [[-101.46622295175521, 20.65263585109647], [-101.46622229611553, 20.65259522688823]], [[-101.46622229611553, 20.65259522688823], [-101.46617913663455, 20.652595844008232]], [[-101.46617979226278, 20.652636468217793], [-101.46617913663455, 20.652595844008232]], [[-101.46617913663455, 20.652595844008232], [-101.466135977152, 20.652596461117447]], [[-101.46613663276878, 20.652637085328333], [-101.466135977152, 20.652596461117447]], [[-101.466135977152, 20.652596461117447], [-101.46609281766786, 20.652597078215887]], [[-101.4660934732732, 20.65263770242809], [-101.46609281766786, 20.652597078215887]], [[-101.46609281766786, 20.652597078215887], [-101.46604965818214, 20.65259769530356]], [[-101.46605031377602, 20.65263831951708], [-101.46604965818214, 20.65259769530356]], [[-101.46604965818214, 20.65259769530356], [-101.46600649869482, 20.652598312380444]], [[-101.46600715427728, 20.652638936595295], [-101.46600649869482, 20.652598312380444]], [[-101.46600649869482, 20.652598312380444], [-101.46596333920594, 20.65259892944656]], [[-101.46596399477696, 20.652639553662734], [-101.46596333920594, 20.65259892944656]], [[-101.46596333920594, 20.65259892944656], [-101.46592017971548, 20.652599546501897]], [[-101.46592083527504, 20.652640170719394], [-101.46592017971548, 20.652599546501897]], [[-101.46592017971548, 20.652599546501897], [-101.46587702022343, 20.652600163546467]], [[-101.46587767577154, 20.652640787765275], [-101.46587702022343, 20.652600163546467]], [[-101.46587702022343, 20.652600163546467], [-101.46583386072982, 20.65260078058025]], [[-101.46583451626647, 20.65264140480039], [-101.46583386072982, 20.65260078058025]], [[-101.46583386072982, 20.65260078058025], [-101.4657907012346, 20.652601397603263]], [[-101.46579135675981, 20.65264202182472], [-101.4657907012346, 20.652601397603263]], [[-101.4657907012346, 20.652601397603263], [-101.4657475417378, 20.652602014615503]], [[-101.46574819725159, 20.65264263883828], [-101.4657475417378, 20.652602014615503]], [[-101.4657475417378, 20.652602014615503], [-101.46570438223942, 20.652602631616965]], [[-101.46570503774176, 20.652643255841063], [-101.46570438223942, 20.652602631616965]], [[-101.46570438223942, 20.652602631616965], [-101.46566122273948, 20.652603248607647]], [[-101.46566187823036, 20.652643872833067], [-101.46566122273948, 20.652603248607647]], [[-101.46566122273948, 20.652603248607647], [-101.46561806323794, 20.652603865587555]], [[-101.46561871871737, 20.6526444898143], [-101.46561806323794, 20.652603865587555]], [[-101.46561806323794, 20.652603865587555], [-101.46557490373482, 20.652604482556693]], [[-101.46557555920282, 20.652645106784757], [-101.46557490373482, 20.652604482556693]], [[-101.46557490373482, 20.652604482556693], [-101.46553174423012, 20.65260509951505]], [[-101.46553239968667, 20.652645723744435], [-101.46553174423012, 20.65260509951505]], [[-101.46553174423012, 20.65260509951505], [-101.46548858472384, 20.652605716462634]], [[-101.46548924016894, 20.65264634069334], [-101.46548858472384, 20.652605716462634]], [[-101.46548858472384, 20.652605716462634], [-101.46544542521598, 20.652606333399437]], [[-101.46544608064964, 20.652646957631468], [-101.46544542521598, 20.652606333399437]], [[-101.46544542521598, 20.652606333399437], [-101.46540226570654, 20.65260695032547]], [[-101.46540292112874, 20.652647574558824], [-101.46540226570654, 20.65260695032547]], [[-101.46540226570654, 20.65260695032547], [-101.4653591061955, 20.652607567240725]], [[-101.46535976160628, 20.652648191475404], [-101.4653591061955, 20.652607567240725]], [[-101.4653591061955, 20.652607567240725], [-101.4653159466829, 20.652608184145205]], [[-101.46531660208224, 20.6526488083812], [-101.4653159466829, 20.652608184145205]], [[-101.4653159466829, 20.652608184145205], [-101.46527278716873, 20.652608801038912]], [[-101.4652734425566, 20.652649425276223], [-101.46527278716873, 20.652608801038912]], [[-101.46527278716873, 20.652608801038912], [-101.46522962765295, 20.652609417921838]], [[-101.46523028302938, 20.65265004216047], [-101.46522962765295, 20.652609417921838]], [[-101.46522962765295, 20.652609417921838], [-101.46518646813561, 20.65261003479399]], [[-101.4651871235006, 20.652650659033952], [-101.46518646813561, 20.65261003479399]], [[-101.46518646813561, 20.65261003479399], [-101.46514330861667, 20.652610651655365]], [[-101.46514396397022, 20.65265127589665], [-101.46514330861667, 20.652610651655365]], [[-101.46514330861667, 20.652610651655365], [-101.46510014909617, 20.652611268505968]], [[-101.46510080443825, 20.652651892748565], [-101.46510014909617, 20.652611268505968]], [[-101.46510014909617, 20.652611268505968], [-101.46505698957408, 20.65261188534579]], [[-101.46505764490472, 20.652652509589714], [-101.46505698957408, 20.65261188534579]], [[-101.46505698957408, 20.65261188534579], [-101.46501383005041, 20.652612502174843]], [[-101.46501448536961, 20.652653126420084], [-101.46501383005041, 20.652612502174843]], [[-101.46794867405731, 20.652570533252444], [-101.46794801796139, 20.652529909096884]], [[-101.46794801796139, 20.652529909096884], [-101.46790485855516, 20.65253052664658]], [[-101.46790551463963, 20.652571150803464], [-101.46790485855516, 20.65253052664658]], [[-101.46790485855516, 20.65253052664658], [-101.46786169914733, 20.652531144185502]], [[-101.46786235522036, 20.652571768343705], [-101.46786169914733, 20.652531144185502]], [[-101.46786169914733, 20.652531144185502], [-101.46781853973792, 20.652531761713643]], [[-101.4678191957995, 20.652572385873174], [-101.46781853973792, 20.652531761713643]], [[-101.46781853973792, 20.652531761713643], [-101.46777538032693, 20.652532379231015]], [[-101.46777603637707, 20.652573003391865], [-101.46777538032693, 20.652532379231015]], [[-101.46777538032693, 20.652532379231015], [-101.46773222091436, 20.65253299673761]], [[-101.46773287695305, 20.65257362089979], [-101.46773222091436, 20.65253299673761]], [[-101.46773222091436, 20.65253299673761], [-101.46768906150021, 20.652533614233427]], [[-101.46768971752745, 20.652574238396927], [-101.46768906150021, 20.652533614233427]], [[-101.46768906150021, 20.652533614233427], [-101.46764590208447, 20.652534231718473]], [[-101.46764655810027, 20.65257485588329], [-101.46764590208447, 20.652534231718473]], [[-101.46764590208447, 20.652534231718473], [-101.46760274266714, 20.652534849192744]], [[-101.4676033986715, 20.652575473358883], [-101.46760274266714, 20.652534849192744]], [[-101.46760274266714, 20.652534849192744], [-101.46755958324823, 20.652535466656232]], [[-101.46756023924114, 20.652576090823697], [-101.46755958324823, 20.652535466656232]], [[-101.46755958324823, 20.652535466656232], [-101.46751642382775, 20.652536084108952]], [[-101.46751707980921, 20.65257670827774], [-101.46751642382775, 20.652536084108952]], [[-101.46751642382775, 20.652536084108952], [-101.46747326440568, 20.652536701550893]], [[-101.4674739203757, 20.652577325721], [-101.46747326440568, 20.652536701550893]], [[-101.46747326440568, 20.652536701550893], [-101.46743010498203, 20.652537318982056]], [[-101.46743076094062, 20.65257794315349], [-101.46743010498203, 20.652537318982056]], [[-101.46743010498203, 20.652537318982056], [-101.4673869455568, 20.652537936402446]], [[-101.46738760150393, 20.6525785605752], [-101.4673869455568, 20.652537936402446]], [[-101.4673869455568, 20.652537936402446], [-101.46734378612999, 20.652538553812057]], [[-101.46734444206567, 20.652579177986134], [-101.46734378612999, 20.652538553812057]], [[-101.46734378612999, 20.652538553812057], [-101.46730062670159, 20.652539171210893]], [[-101.46730128262583, 20.6525797953863], [-101.46730062670159, 20.652539171210893]], [[-101.46730062670159, 20.652539171210893], [-101.46725746727162, 20.65253978859896]], [[-101.4672581231844, 20.652580412775688], [-101.46725746727162, 20.65253978859896]], [[-101.46725746727162, 20.65253978859896], [-101.46721430784005, 20.652540405976243]], [[-101.46721496374138, 20.652581030154295], [-101.46721430784005, 20.652540405976243]], [[-101.46721430784005, 20.652540405976243], [-101.4671711484069, 20.652541023342764]], [[-101.4671718042968, 20.652581647522126], [-101.4671711484069, 20.652541023342764]], [[-101.4671711484069, 20.652541023342764], [-101.46712798897218, 20.65254164069849]], [[-101.46712864485062, 20.65258226487919], [-101.46712798897218, 20.65254164069849]], [[-101.46712798897218, 20.65254164069849], [-101.46708482953586, 20.65254225804346]], [[-101.46708548540288, 20.652582882225467], [-101.46708482953586, 20.65254225804346]], [[-101.46708482953586, 20.65254225804346], [-101.46704167009798, 20.65254287537764]], [[-101.46704232595353, 20.652583499560972], [-101.46704167009798, 20.65254287537764]], [[-101.46704167009798, 20.65254287537764], [-101.4669985106585, 20.65254349270105]], [[-101.46699916650262, 20.65258411688571], [-101.4669985106585, 20.65254349270105]], [[-101.4669985106585, 20.65254349270105], [-101.46695535121744, 20.652544110013686]], [[-101.4669560070501, 20.652584734199664], [-101.46695535121744, 20.652544110013686]], [[-101.46695535121744, 20.652544110013686], [-101.46691219177481, 20.65254472731554]], [[-101.46691284759603, 20.652585351502847], [-101.46691219177481, 20.65254472731554]], [[-101.46691219177481, 20.65254472731554], [-101.46686903233059, 20.652545344606622]], [[-101.46686968814035, 20.65258596879525], [-101.46686903233059, 20.652545344606622]], [[-101.46686903233059, 20.652545344606622], [-101.46682587288478, 20.65254596188693]], [[-101.46682652868311, 20.652586586076875], [-101.46682587288478, 20.65254596188693]], [[-101.46682587288478, 20.65254596188693], [-101.4667827134374, 20.65254657915646]], [[-101.46678336922429, 20.65258720334773], [-101.4667827134374, 20.65254657915646]], [[-101.4667827134374, 20.65254657915646], [-101.46673955398843, 20.652547196415217]], [[-101.46674020976387, 20.65258782060781], [-101.46673955398843, 20.652547196415217]], [[-101.46673955398843, 20.652547196415217], [-101.46669639453789, 20.652547813663194]], [[-101.46669705030187, 20.65258843785711], [-101.46669639453789, 20.652547813663194]], [[-101.46669639453789, 20.652547813663194], [-101.46665323508574, 20.6525484309004]], [[-101.4666538908383, 20.652589055095635], [-101.46665323508574, 20.6525484309004]], [[-101.46665323508574, 20.6525484309004], [-101.46661007563205, 20.652549048126826]], [[-101.46661073137315, 20.652589672323383], [-101.46661007563205, 20.652549048126826]], [[-101.46661007563205, 20.652549048126826], [-101.46656691617675, 20.652549665342484]], [[-101.4665675719064, 20.65259028954036], [-101.46656691617675, 20.652549665342484]], [[-101.46656691617675, 20.652549665342484], [-101.46652375671987, 20.652550282547356]], [[-101.46652441243808, 20.652590906746564], [-101.46652375671987, 20.652550282547356]], [[-101.46652375671987, 20.652550282547356], [-101.4664805972614, 20.65255089974146]], [[-101.46648125296817, 20.652591523941986], [-101.4664805972614, 20.65255089974146]], [[-101.4664805972614, 20.65255089974146], [-101.46643743780136, 20.65255151692478]], [[-101.46643809349669, 20.65259214112663], [-101.46643743780136, 20.65255151692478]], [[-101.46643743780136, 20.65255151692478], [-101.46639427833975, 20.65255213409733]], [[-101.46639493402363, 20.652592758300504], [-101.46639427833975, 20.65255213409733]], [[-101.46639427833975, 20.65255213409733], [-101.46635111887653, 20.652552751259112]], [[-101.46635177454897, 20.652593375463603], [-101.46635111887653, 20.652552751259112]], [[-101.46635111887653, 20.652552751259112], [-101.46630795941175, 20.652553368410103]], [[-101.46630861507275, 20.652593992615923], [-101.46630795941175, 20.652553368410103]], [[-101.46630795941175, 20.652553368410103], [-101.46626479994539, 20.65255398555033]], [[-101.46626545559494, 20.652594609757465], [-101.46626479994539, 20.65255398555033]], [[-101.46626479994539, 20.65255398555033], [-101.46622164047744, 20.65255460267978]], [[-101.46622229611553, 20.65259522688823], [-101.46622164047744, 20.65255460267978]], [[-101.46622164047744, 20.65255460267978], [-101.4661784810079, 20.652555219798447]], [[-101.46617913663455, 20.652595844008232], [-101.4661784810079, 20.652555219798447]], [[-101.4661784810079, 20.652555219798447], [-101.4661353215368, 20.65255583690634]], [[-101.466135977152, 20.652596461117447], [-101.4661353215368, 20.65255583690634]], [[-101.4661353215368, 20.65255583690634], [-101.4660921620641, 20.652556454003467]], [[-101.46609281766786, 20.652597078215887], [-101.4660921620641, 20.652556454003467]], [[-101.4660921620641, 20.652556454003467], [-101.46604900258983, 20.652557071089813]], [[-101.46604965818214, 20.65259769530356], [-101.46604900258983, 20.652557071089813]], [[-101.46604900258983, 20.652557071089813], [-101.46600584311396, 20.652557688165377]], [[-101.46600649869482, 20.652598312380444], [-101.46600584311396, 20.652557688165377]], [[-101.46600584311396, 20.652557688165377], [-101.46596268363652, 20.652558305230173]], [[-101.46596333920594, 20.65259892944656], [-101.46596268363652, 20.652558305230173]], [[-101.46596268363652, 20.652558305230173], [-101.4659195241575, 20.65255892228419]], [[-101.46592017971548, 20.652599546501897], [-101.4659195241575, 20.65255892228419]], [[-101.4659195241575, 20.65255892228419], [-101.4658763646769, 20.65255953932743]], [[-101.46587702022343, 20.652600163546467], [-101.4658763646769, 20.65255953932743]], [[-101.4658763646769, 20.65255953932743], [-101.46583320519471, 20.652560156359904]], [[-101.46583386072982, 20.65260078058025], [-101.46583320519471, 20.652560156359904]], [[-101.46583320519471, 20.652560156359904], [-101.46579004571095, 20.652560773381587]], [[-101.4657907012346, 20.652601397603263], [-101.46579004571095, 20.652560773381587]], [[-101.46579004571095, 20.652560773381587], [-101.4657468862256, 20.652561390392506]], [[-101.4657475417378, 20.652602014615503], [-101.4657468862256, 20.652561390392506]], [[-101.4657468862256, 20.652561390392506], [-101.46570372673868, 20.652562007392646]], [[-101.46570438223942, 20.652602631616965], [-101.46570372673868, 20.652562007392646]], [[-101.46570372673868, 20.652562007392646], [-101.46566056725017, 20.652562624382007]], [[-101.46566122273948, 20.652603248607647], [-101.46566056725017, 20.652562624382007]], [[-101.46566056725017, 20.652562624382007], [-101.46561740776008, 20.652563241360596]], [[-101.46561806323794, 20.652603865587555], [-101.46561740776008, 20.652563241360596]], [[-101.46561740776008, 20.652563241360596], [-101.4655742482684, 20.652563858328406]], [[-101.46557490373482, 20.652604482556693], [-101.4655742482684, 20.652563858328406]], [[-101.4655742482684, 20.652563858328406], [-101.46553108877515, 20.65256447528544]], [[-101.46553174423012, 20.65260509951505], [-101.46553108877515, 20.65256447528544]], [[-101.46553108877515, 20.65256447528544], [-101.46548792928033, 20.652565092231704]], [[-101.46548858472384, 20.652605716462634], [-101.46548792928033, 20.652565092231704]], [[-101.46548792928033, 20.652565092231704], [-101.4654447697839, 20.65256570916719]], [[-101.46544542521598, 20.652606333399437], [-101.4654447697839, 20.65256570916719]], [[-101.4654447697839, 20.65256570916719], [-101.46540161028591, 20.652566326091897]], [[-101.46540226570654, 20.65260695032547], [-101.46540161028591, 20.652566326091897]], [[-101.46540161028591, 20.652566326091897], [-101.46535845078633, 20.652566943005834]], [[-101.4653591061955, 20.652607567240725], [-101.46535845078633, 20.652566943005834]], [[-101.46535845078633, 20.652566943005834], [-101.46531529128517, 20.65256755990899]], [[-101.4653159466829, 20.652608184145205], [-101.46531529128517, 20.65256755990899]], [[-101.46531529128517, 20.65256755990899], [-101.46527213178243, 20.65256817680137]], [[-101.46527278716873, 20.652608801038912], [-101.46527213178243, 20.65256817680137]], [[-101.46527213178243, 20.65256817680137], [-101.46522897227811, 20.652568793682985]], [[-101.46522962765295, 20.652609417921838], [-101.46522897227811, 20.652568793682985]], [[-101.46522897227811, 20.652568793682985], [-101.4651858127722, 20.652569410553813]], [[-101.46518646813561, 20.65261003479399], [-101.4651858127722, 20.652569410553813]], [[-101.4651858127722, 20.652569410553813], [-101.46514265326472, 20.65257002741387]], [[-101.46514330861667, 20.652610651655365], [-101.46514265326472, 20.65257002741387]], [[-101.46514265326472, 20.65257002741387], [-101.46509949375566, 20.65257064426315]], [[-101.46510014909617, 20.652611268505968], [-101.46509949375566, 20.65257064426315]], [[-101.46509949375566, 20.65257064426315], [-101.46505633424502, 20.652571261101656]], [[-101.46505698957408, 20.65261188534579], [-101.46505633424502, 20.652571261101656]], [[-101.46505633424502, 20.652571261101656], [-101.46501317473279, 20.652571877929383]], [[-101.46501383005041, 20.652612502174843], [-101.46501317473279, 20.652571877929383]], [[-101.46794801796139, 20.652529909096884], [-101.46794736186708, 20.65248928494111]], [[-101.46794736186708, 20.65248928494111], [-101.46790420247227, 20.65248990248949]], [[-101.46790485855516, 20.65253052664658], [-101.46790420247227, 20.65248990248949]], [[-101.46790420247227, 20.65248990248949], [-101.4678610430759, 20.652490520027087]], [[-101.46786169914733, 20.652531144185502], [-101.4678610430759, 20.652490520027087]], [[-101.4678610430759, 20.652490520027087], [-101.46781788367792, 20.65249113755391]], [[-101.46781853973792, 20.652531761713643], [-101.46781788367792, 20.65249113755391]], [[-101.46781788367792, 20.65249113755391], [-101.46777472427839, 20.652491755069956]], [[-101.46777538032693, 20.652532379231015], [-101.46777472427839, 20.652491755069956]], [[-101.46777472427839, 20.652491755069956], [-101.46773156487725, 20.652492372575228]], [[-101.46773222091436, 20.65253299673761], [-101.46773156487725, 20.652492372575228]], [[-101.46773156487725, 20.652492372575228], [-101.46768840547455, 20.652492990069728]], [[-101.46768906150021, 20.652533614233427], [-101.46768840547455, 20.652492990069728]], [[-101.46768840547455, 20.652492990069728], [-101.46764524607025, 20.652493607553446]], [[-101.46764590208447, 20.652534231718473], [-101.46764524607025, 20.652493607553446]], [[-101.46764524607025, 20.652493607553446], [-101.46760208666439, 20.652494225026388]], [[-101.46760274266714, 20.652534849192744], [-101.46760208666439, 20.652494225026388]], [[-101.46760208666439, 20.652494225026388], [-101.46755892725693, 20.65249484248856]], [[-101.46755958324823, 20.652535466656232], [-101.46755892725693, 20.65249484248856]], [[-101.46755892725693, 20.65249484248856], [-101.46751576784787, 20.652495459939953]], [[-101.46751642382775, 20.652536084108952], [-101.46751576784787, 20.652495459939953]], [[-101.46751576784787, 20.652495459939953], [-101.46747260843726, 20.652496077380572]], [[-101.46747326440568, 20.652536701550893], [-101.46747260843726, 20.652496077380572]], [[-101.46747260843726, 20.652496077380572], [-101.46742944902506, 20.652496694810416]], [[-101.46743010498203, 20.652537318982056], [-101.46742944902506, 20.652496694810416]], [[-101.46742944902506, 20.652496694810416], [-101.46738628961127, 20.65249731222948]], [[-101.4673869455568, 20.652537936402446], [-101.46738628961127, 20.65249731222948]], [[-101.46738628961127, 20.65249731222948], [-101.46734313019589, 20.652497929637775]], [[-101.46734378612999, 20.652538553812057], [-101.46734313019589, 20.652497929637775]], [[-101.46734313019589, 20.652497929637775], [-101.46729997077894, 20.652498547035286]], [[-101.46730062670159, 20.652539171210893], [-101.46729997077894, 20.652498547035286]], [[-101.46729997077894, 20.652498547035286], [-101.4672568113604, 20.65249916442203]], [[-101.46725746727162, 20.65253978859896], [-101.4672568113604, 20.65249916442203]], [[-101.4672568113604, 20.65249916442203], [-101.46721365194028, 20.652499781797992]], [[-101.46721430784005, 20.652540405976243], [-101.46721365194028, 20.652499781797992]], [[-101.46721365194028, 20.652499781797992], [-101.46717049251859, 20.65250039916318]], [[-101.4671711484069, 20.652541023342764], [-101.46717049251859, 20.65250039916318]], [[-101.46717049251859, 20.65250039916318], [-101.4671273330953, 20.652501016517597]], [[-101.46712798897218, 20.65254164069849], [-101.4671273330953, 20.652501016517597]], [[-101.4671273330953, 20.652501016517597], [-101.46708417367044, 20.65250163386123]], [[-101.46708482953586, 20.65254225804346], [-101.46708417367044, 20.65250163386123]], [[-101.46708417367044, 20.65250163386123], [-101.467041014244, 20.652502251194093]], [[-101.46704167009798, 20.65254287537764], [-101.467041014244, 20.652502251194093]], [[-101.467041014244, 20.652502251194093], [-101.46699785481597, 20.65250286851618]], [[-101.4669985106585, 20.65254349270105], [-101.46699785481597, 20.65250286851618]], [[-101.46699785481597, 20.65250286851618], [-101.46695469538636, 20.6525034858275]], [[-101.46695535121744, 20.652544110013686], [-101.46695469538636, 20.6525034858275]], [[-101.46695469538636, 20.6525034858275], [-101.46691153595516, 20.652504103128027]], [[-101.46691219177481, 20.65254472731554], [-101.46691153595516, 20.652504103128027]], [[-101.46691153595516, 20.652504103128027], [-101.46686837652238, 20.65250472041779]], [[-101.46686903233059, 20.652545344606622], [-101.46686837652238, 20.65250472041779]], [[-101.46686837652238, 20.65250472041779], [-101.46682521708803, 20.652505337696773]], [[-101.46682587288478, 20.65254596188693], [-101.46682521708803, 20.652505337696773]], [[-101.46682521708803, 20.652505337696773], [-101.4667820576521, 20.652505954964983]], [[-101.4667827134374, 20.65254657915646], [-101.4667820576521, 20.652505954964983]], [[-101.4667820576521, 20.652505954964983], [-101.46673889821457, 20.652506572222418]], [[-101.46673955398843, 20.652547196415217], [-101.46673889821457, 20.652506572222418]], [[-101.46673889821457, 20.652506572222418], [-101.46669573877547, 20.652507189469073]], [[-101.46669639453789, 20.652547813663194], [-101.46669573877547, 20.652507189469073]], [[-101.46669573877547, 20.652507189469073], [-101.46665257933478, 20.652507806704957]], [[-101.46665323508574, 20.6525484309004], [-101.46665257933478, 20.652507806704957]], [[-101.46665257933478, 20.652507806704957], [-101.46660941989252, 20.65250842393006]], [[-101.46661007563205, 20.652549048126826], [-101.46660941989252, 20.65250842393006]], [[-101.46660941989252, 20.65250842393006], [-101.46656626044866, 20.652509041144395]], [[-101.46656691617675, 20.652549665342484], [-101.46656626044866, 20.652509041144395]], [[-101.46656626044866, 20.652509041144395], [-101.46652310100323, 20.652509658347945]], [[-101.46652375671987, 20.652550282547356], [-101.46652310100323, 20.652509658347945]], [[-101.46652310100323, 20.652509658347945], [-101.46647994155623, 20.65251027554073]], [[-101.4664805972614, 20.65255089974146], [-101.46647994155623, 20.65251027554073]], [[-101.46647994155623, 20.65251027554073], [-101.46643678210762, 20.652510892722727]], [[-101.46643743780136, 20.65255151692478], [-101.46643678210762, 20.652510892722727]], [[-101.46643678210762, 20.652510892722727], [-101.46639362265745, 20.65251150989396]], [[-101.46639427833975, 20.65255213409733], [-101.46639362265745, 20.65251150989396]], [[-101.46639362265745, 20.65251150989396], [-101.46635046320569, 20.65251212705441]], [[-101.46635111887653, 20.652552751259112], [-101.46635046320569, 20.65251212705441]], [[-101.46635046320569, 20.65251212705441], [-101.46630730375234, 20.652512744204092]], [[-101.46630795941175, 20.652553368410103], [-101.46630730375234, 20.652512744204092]], [[-101.46630730375234, 20.652512744204092], [-101.46626414429743, 20.65251336134299]], [[-101.46626479994539, 20.65255398555033], [-101.46626414429743, 20.65251336134299]], [[-101.46626414429743, 20.65251336134299], [-101.46622098484092, 20.652513978471113]], [[-101.46622164047744, 20.65255460267978], [-101.46622098484092, 20.652513978471113]], [[-101.46622098484092, 20.652513978471113], [-101.46617782538284, 20.65251459558846]], [[-101.4661784810079, 20.652555219798447], [-101.46617782538284, 20.65251459558846]], [[-101.46617782538284, 20.65251459558846], [-101.46613466592316, 20.652515212695032]], [[-101.4661353215368, 20.65255583690634], [-101.46613466592316, 20.652515212695032]], [[-101.46613466592316, 20.652515212695032], [-101.46609150646192, 20.652515829790836]], [[-101.4660921620641, 20.652556454003467], [-101.46609150646192, 20.652515829790836]], [[-101.46609150646192, 20.652515829790836], [-101.4660483469991, 20.652516446875858]], [[-101.46604900258983, 20.652557071089813], [-101.4660483469991, 20.652516446875858]], [[-101.4660483469991, 20.652516446875858], [-101.46600518753468, 20.652517063950107]], [[-101.46600584311396, 20.652557688165377], [-101.46600518753468, 20.652517063950107]], [[-101.46600518753468, 20.652517063950107], [-101.46596202806869, 20.65251768101358]], [[-101.46596268363652, 20.652558305230173], [-101.46596202806869, 20.65251768101358]], [[-101.46596202806869, 20.65251768101358], [-101.46591886860112, 20.652518298066276]], [[-101.4659195241575, 20.65255892228419], [-101.46591886860112, 20.652518298066276]], [[-101.46591886860112, 20.652518298066276], [-101.46587570913195, 20.652518915108192]], [[-101.4658763646769, 20.65255953932743], [-101.46587570913195, 20.652518915108192]], [[-101.46587570913195, 20.652518915108192], [-101.46583254966122, 20.65251953213934]], [[-101.46583320519471, 20.652560156359904], [-101.46583254966122, 20.65251953213934]], [[-101.46583254966122, 20.65251953213934], [-101.4657893901889, 20.652520149159713]], [[-101.46579004571095, 20.652560773381587], [-101.4657893901889, 20.652520149159713]], [[-101.4657893901889, 20.652520149159713], [-101.46574623071498, 20.652520766169303]], [[-101.4657468862256, 20.652561390392506], [-101.46574623071498, 20.652520766169303]], [[-101.46574623071498, 20.652520766169303], [-101.4657030712395, 20.65252138316812]], [[-101.46570372673868, 20.652562007392646], [-101.4657030712395, 20.65252138316812]], [[-101.4657030712395, 20.65252138316812], [-101.46565991176244, 20.652522000156164]], [[-101.46566056725017, 20.652562624382007], [-101.46565991176244, 20.652522000156164]], [[-101.46565991176244, 20.652522000156164], [-101.46561675228381, 20.652522617133428]], [[-101.46561740776008, 20.652563241360596], [-101.46561675228381, 20.652522617133428]], [[-101.46561675228381, 20.652522617133428], [-101.46557359280358, 20.65252323409992]], [[-101.4655742482684, 20.652563858328406], [-101.46557359280358, 20.65252323409992]], [[-101.46557359280358, 20.65252323409992], [-101.46553043332177, 20.652523851055633]], [[-101.46553108877515, 20.65256447528544], [-101.46553043332177, 20.652523851055633]], [[-101.46553043332177, 20.652523851055633], [-101.46548727383838, 20.65252446800057]], [[-101.46548792928033, 20.652565092231704], [-101.46548727383838, 20.65252446800057]], [[-101.46548727383838, 20.65252446800057], [-101.4654441143534, 20.652525084934734]], [[-101.4654447697839, 20.65256570916719], [-101.4654441143534, 20.652525084934734]], [[-101.4654441143534, 20.652525084934734], [-101.46540095486685, 20.652525701858124]], [[-101.46540161028591, 20.652566326091897], [-101.46540095486685, 20.652525701858124]], [[-101.46540095486685, 20.652525701858124], [-101.46535779537872, 20.65252631877074]], [[-101.46535845078633, 20.652566943005834], [-101.46535779537872, 20.65252631877074]], [[-101.46535779537872, 20.65252631877074], [-101.46531463588902, 20.652526935672576]], [[-101.46531529128517, 20.65256755990899], [-101.46531463588902, 20.652526935672576]], [[-101.46531463588902, 20.652526935672576], [-101.46527147639772, 20.652527552563637]], [[-101.46527213178243, 20.65256817680137], [-101.46527147639772, 20.652527552563637]], [[-101.46527147639772, 20.652527552563637], [-101.46522831690484, 20.652528169443915]], [[-101.46522897227811, 20.652568793682985], [-101.46522831690484, 20.652528169443915]], [[-101.46522831690484, 20.652528169443915], [-101.46518515741039, 20.65252878631343]], [[-101.4651858127722, 20.652569410553813], [-101.46518515741039, 20.65252878631343]], [[-101.46518515741039, 20.65252878631343], [-101.46514199791434, 20.652529403172164]], [[-101.46514265326472, 20.65257002741387], [-101.46514199791434, 20.652529403172164]], [[-101.46514199791434, 20.652529403172164], [-101.46509883841672, 20.65253002002012]], [[-101.46509949375566, 20.65257064426315], [-101.46509883841672, 20.65253002002012]], [[-101.46509883841672, 20.65253002002012], [-101.46505567891752, 20.652530636857303]], [[-101.46505633424502, 20.652571261101656], [-101.46505567891752, 20.652530636857303]], [[-101.46505567891752, 20.652530636857303], [-101.46501251941675, 20.652531253683712]], [[-101.46501317473279, 20.652571877929383], [-101.46501251941675, 20.652531253683712]], [[-101.46794736186708, 20.65248928494111], [-101.46794670577432, 20.652448660785137]], [[-101.46794670577432, 20.652448660785137], [-101.46790354639097, 20.652449278332192]], [[-101.46790420247227, 20.65248990248949], [-101.46790354639097, 20.652449278332192]], [[-101.46790354639097, 20.652449278332192], [-101.46786038700604, 20.65244989586846]], [[-101.4678610430759, 20.652490520027087], [-101.46786038700604, 20.65244989586846]], [[-101.46786038700604, 20.65244989586846], [-101.46781722761952, 20.652450513393962]], [[-101.46781788367792, 20.65249113755391], [-101.46781722761952, 20.652450513393962]], [[-101.46781722761952, 20.652450513393962], [-101.46777406823142, 20.65245113090869]], [[-101.46777472427839, 20.652491755069956], [-101.46777406823142, 20.65245113090869]], [[-101.46777406823142, 20.65245113090869], [-101.46773090884173, 20.652451748412638]], [[-101.46773156487725, 20.652492372575228], [-101.46773090884173, 20.652451748412638]], [[-101.46773090884173, 20.652451748412638], [-101.46768774945048, 20.65245236590581]], [[-101.46768840547455, 20.652492990069728], [-101.46768774945048, 20.65245236590581]], [[-101.46768774945048, 20.65245236590581], [-101.46764459005763, 20.65245298338821]], [[-101.46764524607025, 20.652493607553446], [-101.46764459005763, 20.65245298338821]], [[-101.46764459005763, 20.65245298338821], [-101.4676014306632, 20.652453600859833]], [[-101.46760208666439, 20.652494225026388], [-101.4676014306632, 20.652453600859833]], [[-101.4676014306632, 20.652453600859833], [-101.46755827126718, 20.65245421832068]], [[-101.46755892725693, 20.65249484248856], [-101.46755827126718, 20.65245421832068]], [[-101.46755827126718, 20.65245421832068], [-101.46751511186959, 20.652454835770747]], [[-101.46751576784787, 20.652495459939953], [-101.46751511186959, 20.652454835770747]], [[-101.46751511186959, 20.652454835770747], [-101.46747195247042, 20.652455453210045]], [[-101.46747260843726, 20.652496077380572], [-101.46747195247042, 20.652455453210045]], [[-101.46747195247042, 20.652455453210045], [-101.46742879306964, 20.652456070638564]], [[-101.46742944902506, 20.652496694810416], [-101.46742879306964, 20.652456070638564]], [[-101.46742879306964, 20.652456070638564], [-101.4673856336673, 20.65245668805631]], [[-101.46738628961127, 20.65249731222948], [-101.4673856336673, 20.65245668805631]], [[-101.4673856336673, 20.65245668805631], [-101.46734247426339, 20.652457305463276]], [[-101.46734313019589, 20.652497929637775], [-101.46734247426339, 20.652457305463276]], [[-101.46734247426339, 20.652457305463276], [-101.46729931485787, 20.652457922859472]], [[-101.46729997077894, 20.652498547035286], [-101.46729931485787, 20.652457922859472]], [[-101.46729931485787, 20.652457922859472], [-101.4672561554508, 20.652458540244893]], [[-101.4672568113604, 20.65249916442203], [-101.4672561554508, 20.652458540244893]], [[-101.4672561554508, 20.652458540244893], [-101.46721299604211, 20.652459157619536]], [[-101.46721365194028, 20.652499781797992], [-101.46721299604211, 20.652459157619536]], [[-101.46721299604211, 20.652459157619536], [-101.46716983663185, 20.6524597749834]], [[-101.46717049251859, 20.65250039916318], [-101.46716983663185, 20.6524597749834]], [[-101.46716983663185, 20.6524597749834], [-101.46712667722002, 20.652460392336494]], [[-101.4671273330953, 20.652501016517597], [-101.46712667722002, 20.652460392336494]], [[-101.46712667722002, 20.652460392336494], [-101.46708351780661, 20.652461009678806]], [[-101.46708417367044, 20.65250163386123], [-101.46708351780661, 20.652461009678806]], [[-101.46708351780661, 20.652461009678806], [-101.4670403583916, 20.652461627010346]], [[-101.467041014244, 20.652502251194093], [-101.4670403583916, 20.652461627010346]], [[-101.4670403583916, 20.652461627010346], [-101.46699719897502, 20.65246224433111]], [[-101.46699785481597, 20.65250286851618], [-101.46699719897502, 20.65246224433111]], [[-101.46699719897502, 20.65246224433111], [-101.46695403955685, 20.652462861641098]], [[-101.46695469538636, 20.6525034858275], [-101.46695403955685, 20.652462861641098]], [[-101.46695403955685, 20.652462861641098], [-101.4669108801371, 20.652463478940312]], [[-101.46691153595516, 20.652504103128027], [-101.4669108801371, 20.652463478940312]], [[-101.4669108801371, 20.652463478940312], [-101.46686772071578, 20.65246409622875]], [[-101.46686837652238, 20.65250472041779], [-101.46686772071578, 20.65246409622875]], [[-101.46686772071578, 20.65246409622875], [-101.46682456129287, 20.65246471350641]], [[-101.46682521708803, 20.652505337696773], [-101.46682456129287, 20.65246471350641]], [[-101.46682456129287, 20.65246471350641], [-101.46678140186837, 20.652465330773296]], [[-101.4667820576521, 20.652505954964983], [-101.46678140186837, 20.652465330773296]], [[-101.46678140186837, 20.652465330773296], [-101.4667382424423, 20.65246594802941]], [[-101.46673889821457, 20.652506572222418], [-101.4667382424423, 20.65246594802941]], [[-101.4667382424423, 20.65246594802941], [-101.46669508301464, 20.652466565274743]], [[-101.46669573877547, 20.652507189469073], [-101.46669508301464, 20.652466565274743]], [[-101.46669508301464, 20.652466565274743], [-101.4666519235854, 20.652467182509305]], [[-101.46665257933478, 20.652507806704957], [-101.4666519235854, 20.652467182509305]], [[-101.4666519235854, 20.652467182509305], [-101.46660876415459, 20.652467799733085]], [[-101.46660941989252, 20.65250842393006], [-101.46660876415459, 20.652467799733085]], [[-101.46660876415459, 20.652467799733085], [-101.46656560472218, 20.652468416946096]], [[-101.46656626044866, 20.652509041144395], [-101.46656560472218, 20.652468416946096]], [[-101.46656560472218, 20.652468416946096], [-101.46652244528819, 20.652469034148325]], [[-101.46652310100323, 20.652509658347945], [-101.46652244528819, 20.652469034148325]], [[-101.46652244528819, 20.652469034148325], [-101.46647928585261, 20.652469651339782]], [[-101.46647994155623, 20.65251027554073], [-101.46647928585261, 20.652469651339782]], [[-101.46647928585261, 20.652469651339782], [-101.46643612641546, 20.652470268520464]], [[-101.46643678210762, 20.652510892722727], [-101.46643612641546, 20.652470268520464]], [[-101.46643612641546, 20.652470268520464], [-101.46639296697673, 20.652470885690374]], [[-101.46639362265745, 20.65251150989396], [-101.46639296697673, 20.652470885690374]], [[-101.46639296697673, 20.652470885690374], [-101.46634980753642, 20.652471502849505]], [[-101.46635046320569, 20.65251212705441], [-101.46634980753642, 20.652471502849505]], [[-101.46634980753642, 20.652471502849505], [-101.46630664809453, 20.65247211999786]], [[-101.46630730375234, 20.652512744204092], [-101.46630664809453, 20.65247211999786]], [[-101.46630664809453, 20.65247211999786], [-101.46626348865105, 20.65247273713544]], [[-101.46626414429743, 20.65251336134299], [-101.46626348865105, 20.65247273713544]], [[-101.46626348865105, 20.65247273713544], [-101.466220329206, 20.65247335426224]], [[-101.46622098484092, 20.652513978471113], [-101.466220329206, 20.65247335426224]], [[-101.466220329206, 20.65247335426224], [-101.46617716975935, 20.65247397137827]], [[-101.46617782538284, 20.65251459558846], [-101.46617716975935, 20.65247397137827]], [[-101.46617716975935, 20.65247397137827], [-101.46613401031114, 20.65247458848352]], [[-101.46613466592316, 20.652515212695032], [-101.46613401031114, 20.65247458848352]], [[-101.46613401031114, 20.65247458848352], [-101.46609085086132, 20.652475205578]], [[-101.46609150646192, 20.652515829790836], [-101.46609085086132, 20.652475205578]], [[-101.46609085086132, 20.652475205578], [-101.46604769140994, 20.652475822661703]], [[-101.4660483469991, 20.652516446875858], [-101.46604769140994, 20.652475822661703]], [[-101.46604769140994, 20.652475822661703], [-101.46600453195698, 20.652476439734624]], [[-101.46600518753468, 20.652517063950107], [-101.46600453195698, 20.652476439734624]], [[-101.46600453195698, 20.652476439734624], [-101.46596137250242, 20.652477056796776]], [[-101.46596202806869, 20.65251768101358], [-101.46596137250242, 20.652477056796776]], [[-101.46596137250242, 20.652477056796776], [-101.4659182130463, 20.65247767384815]], [[-101.46591886860112, 20.652518298066276], [-101.4659182130463, 20.65247767384815]], [[-101.4659182130463, 20.65247767384815], [-101.46587505358858, 20.652478290888748]], [[-101.46587570913195, 20.652518915108192], [-101.46587505358858, 20.652478290888748]], [[-101.46587505358858, 20.652478290888748], [-101.4658318941293, 20.652478907918567]], [[-101.46583254966122, 20.65251953213934], [-101.4658318941293, 20.652478907918567]], [[-101.4658318941293, 20.652478907918567], [-101.46578873466842, 20.65247952493762]], [[-101.4657893901889, 20.652520149159713], [-101.46578873466842, 20.65247952493762]], [[-101.46578873466842, 20.65247952493762], [-101.46574557520597, 20.652480141945887]], [[-101.46574623071498, 20.652520766169303], [-101.46574557520597, 20.652480141945887]], [[-101.46574557520597, 20.652480141945887], [-101.46570241574192, 20.652480758943387]], [[-101.4657030712395, 20.65252138316812], [-101.46570241574192, 20.652480758943387]], [[-101.46570241574192, 20.652480758943387], [-101.46565925627631, 20.652481375930105]], [[-101.46565991176244, 20.652522000156164], [-101.46565925627631, 20.652481375930105]], [[-101.46565925627631, 20.652481375930105], [-101.4656160968091, 20.65248199290605]], [[-101.46561675228381, 20.652522617133428], [-101.4656160968091, 20.65248199290605]], [[-101.4656160968091, 20.65248199290605], [-101.46557293734033, 20.65248260987122]], [[-101.46557359280358, 20.65252323409992], [-101.46557293734033, 20.65248260987122]], [[-101.46557293734033, 20.65248260987122], [-101.46552977786996, 20.652483226825613]], [[-101.46553043332177, 20.652523851055633], [-101.46552977786996, 20.652483226825613]], [[-101.46552977786996, 20.652483226825613], [-101.46548661839802, 20.65248384376923]], [[-101.46548727383838, 20.65252446800057], [-101.46548661839802, 20.65248384376923]], [[-101.46548661839802, 20.65248384376923], [-101.4654434589245, 20.652484460702073]], [[-101.4654441143534, 20.652525084934734], [-101.4654434589245, 20.652484460702073]], [[-101.4654434589245, 20.652484460702073], [-101.46540029944939, 20.652485077624142]], [[-101.46540095486685, 20.652525701858124], [-101.46540029944939, 20.652485077624142]], [[-101.46540029944939, 20.652485077624142], [-101.4653571399727, 20.652485694535436]], [[-101.46535779537872, 20.65252631877074], [-101.4653571399727, 20.652485694535436]], [[-101.4653571399727, 20.652485694535436], [-101.46531398049444, 20.652486311435943]], [[-101.46531463588902, 20.652526935672576], [-101.46531398049444, 20.652486311435943]], [[-101.46531398049444, 20.652486311435943], [-101.46527082101458, 20.652486928325686]], [[-101.46527147639772, 20.652527552563637], [-101.46527082101458, 20.652486928325686]], [[-101.46527082101458, 20.652486928325686], [-101.46522766153315, 20.65248754520465]], [[-101.46522831690484, 20.652528169443915], [-101.46522766153315, 20.65248754520465]], [[-101.46522766153315, 20.65248754520465], [-101.46518450205014, 20.652488162072835]], [[-101.46518515741039, 20.65252878631343], [-101.46518450205014, 20.652488162072835]], [[-101.46518450205014, 20.652488162072835], [-101.46514134256554, 20.65248877893025]], [[-101.46514199791434, 20.652529403172164], [-101.46514134256554, 20.65248877893025]], [[-101.46514134256554, 20.65248877893025], [-101.46509818307938, 20.65248939577689]], [[-101.46509883841672, 20.65253002002012], [-101.46509818307938, 20.65248939577689]], [[-101.46509818307938, 20.65248939577689], [-101.46505502359163, 20.652490012612745]], [[-101.46505567891752, 20.652530636857303], [-101.46505502359163, 20.652490012612745]], [[-101.46505502359163, 20.652490012612745], [-101.46501186410228, 20.652490629437835]], [[-101.46501251941675, 20.652531253683712], [-101.46501186410228, 20.652490629437835]], [[-101.46794670577432, 20.652448660785137], [-101.46794604968316, 20.652408036628948]], [[-101.46794604968316, 20.652408036628948], [-101.46790289031127, 20.652408654174675]], [[-101.46790354639097, 20.652449278332192], [-101.46790289031127, 20.652408654174675]], [[-101.46790289031127, 20.652408654174675], [-101.46785973093777, 20.652409271709626]], [[-101.46786038700604, 20.65244989586846], [-101.46785973093777, 20.652409271709626]], [[-101.46785973093777, 20.652409271709626], [-101.4678165715627, 20.652409889233805]], [[-101.46781722761952, 20.652450513393962], [-101.4678165715627, 20.652409889233805]], [[-101.4678165715627, 20.652409889233805], [-101.46777341218605, 20.65241050674721]], [[-101.46777406823142, 20.65245113090869], [-101.46777341218605, 20.65241050674721]], [[-101.46777341218605, 20.65241050674721], [-101.46773025280781, 20.652411124249834]], [[-101.46773090884173, 20.652451748412638], [-101.46773025280781, 20.652411124249834]], [[-101.46773025280781, 20.652411124249834], [-101.46768709342798, 20.65241174174168]], [[-101.46768774945048, 20.65245236590581], [-101.46768709342798, 20.65241174174168]], [[-101.46768709342798, 20.65241174174168], [-101.46764393404658, 20.652412359222758]], [[-101.46764459005763, 20.65245298338821], [-101.46764393404658, 20.652412359222758]], [[-101.46764393404658, 20.652412359222758], [-101.4676007746636, 20.652412976693057]], [[-101.4676014306632, 20.652453600859833], [-101.4676007746636, 20.652412976693057]], [[-101.4676007746636, 20.652412976693057], [-101.46755761527902, 20.65241359415258]], [[-101.46755827126718, 20.65245421832068], [-101.46755761527902, 20.65241359415258]], [[-101.46755761527902, 20.65241359415258], [-101.46751445589287, 20.65241421160133]], [[-101.46751511186959, 20.652454835770747], [-101.46751445589287, 20.65241421160133]], [[-101.46751445589287, 20.65241421160133], [-101.46747129650515, 20.6524148290393]], [[-101.46747195247042, 20.652455453210045], [-101.46747129650515, 20.6524148290393]], [[-101.46747129650515, 20.6524148290393], [-101.46742813711583, 20.6524154464665]], [[-101.46742879306964, 20.652456070638564], [-101.46742813711583, 20.6524154464665]], [[-101.46742813711583, 20.6524154464665], [-101.46738497772493, 20.652416063882924]], [[-101.4673856336673, 20.65245668805631], [-101.46738497772493, 20.652416063882924]], [[-101.46738497772493, 20.652416063882924], [-101.46734181833246, 20.65241668128857]], [[-101.46734247426339, 20.652457305463276], [-101.46734181833246, 20.65241668128857]], [[-101.46734181833246, 20.65241668128857], [-101.46729865893839, 20.652417298683442]], [[-101.46729931485787, 20.652457922859472], [-101.46729865893839, 20.652417298683442]], [[-101.46729865893839, 20.652417298683442], [-101.46725549954274, 20.652417916067535]], [[-101.4672561554508, 20.652458540244893], [-101.46725549954274, 20.652417916067535]], [[-101.46725549954274, 20.652417916067535], [-101.46721234014552, 20.652418533440855]], [[-101.46721299604211, 20.652459157619536], [-101.46721234014552, 20.652418533440855]], [[-101.46721234014552, 20.652418533440855], [-101.46716918074671, 20.652419150803404]], [[-101.46716983663185, 20.6524597749834], [-101.46716918074671, 20.652419150803404]], [[-101.46716918074671, 20.652419150803404], [-101.46712602134633, 20.652419768155166]], [[-101.46712667722002, 20.652460392336494], [-101.46712602134633, 20.652419768155166]], [[-101.46712602134633, 20.652419768155166], [-101.46708286194435, 20.652420385496157]], [[-101.46708351780661, 20.652461009678806], [-101.46708286194435, 20.652420385496157]], [[-101.46708286194435, 20.652420385496157], [-101.4670397025408, 20.652421002826376]], [[-101.4670403583916, 20.652461627010346], [-101.4670397025408, 20.652421002826376]], [[-101.4670397025408, 20.652421002826376], [-101.46699654313565, 20.652421620145823]], [[-101.46699719897502, 20.65246224433111], [-101.46699654313565, 20.652421620145823]], [[-101.46699654313565, 20.652421620145823], [-101.46695338372894, 20.65242223745449]], [[-101.46695403955685, 20.652462861641098], [-101.46695338372894, 20.65242223745449]], [[-101.46695338372894, 20.65242223745449], [-101.46691022432064, 20.652422854752384]], [[-101.4669108801371, 20.652463478940312], [-101.46691022432064, 20.652422854752384]], [[-101.46691022432064, 20.652422854752384], [-101.46686706491074, 20.65242347203949]], [[-101.46686772071578, 20.65246409622875], [-101.46686706491074, 20.65242347203949]], [[-101.46686706491074, 20.65242347203949], [-101.46682390549928, 20.652424089315833]], [[-101.46682456129287, 20.65246471350641], [-101.46682390549928, 20.652424089315833]], [[-101.46682390549928, 20.652424089315833], [-101.46678074608624, 20.652424706581396]], [[-101.46678140186837, 20.652465330773296], [-101.46678074608624, 20.652424706581396]], [[-101.46678074608624, 20.652424706581396], [-101.4667375866716, 20.65242532383619]], [[-101.4667382424423, 20.65246594802941], [-101.4667375866716, 20.65242532383619]], [[-101.4667375866716, 20.65242532383619], [-101.46669442725539, 20.6524259410802]], [[-101.46669508301464, 20.652466565274743], [-101.46669442725539, 20.6524259410802]], [[-101.46669442725539, 20.6524259410802], [-101.46665126783759, 20.652426558313437]], [[-101.4666519235854, 20.652467182509305], [-101.46665126783759, 20.652426558313437]], [[-101.46665126783759, 20.652426558313437], [-101.46660810841823, 20.652427175535898]], [[-101.46660876415459, 20.652467799733085], [-101.46660810841823, 20.652427175535898]], [[-101.46660810841823, 20.652427175535898], [-101.46656494899726, 20.652427792747588]], [[-101.46656560472218, 20.652468416946096], [-101.46656494899726, 20.652427792747588]], [[-101.46656494899726, 20.652427792747588], [-101.46652178957471, 20.652428409948495]], [[-101.46652244528819, 20.652469034148325], [-101.46652178957471, 20.652428409948495]], [[-101.46652178957471, 20.652428409948495], [-101.46647863015059, 20.652429027138634]], [[-101.46647928585261, 20.652469651339782], [-101.46647863015059, 20.652429027138634]], [[-101.46647863015059, 20.652429027138634], [-101.46643547072489, 20.652429644317987]], [[-101.46643612641546, 20.652470268520464], [-101.46643547072489, 20.652429644317987]], [[-101.46643547072489, 20.652429644317987], [-101.46639231129761, 20.65243026148658]], [[-101.46639296697673, 20.652470885690374], [-101.46639231129761, 20.65243026148658]], [[-101.46639231129761, 20.65243026148658], [-101.46634915186874, 20.65243087864438]], [[-101.46634980753642, 20.652471502849505], [-101.46634915186874, 20.65243087864438]], [[-101.46634915186874, 20.65243087864438], [-101.4663059924383, 20.652431495791415]], [[-101.46630664809453, 20.65247211999786], [-101.4663059924383, 20.652431495791415]], [[-101.4663059924383, 20.652431495791415], [-101.46626283300625, 20.652432112927674]], [[-101.46626348865105, 20.65247273713544], [-101.46626283300625, 20.652432112927674]], [[-101.46626283300625, 20.652432112927674], [-101.46621967357264, 20.65243273005316]], [[-101.466220329206, 20.65247335426224], [-101.46621967357264, 20.65243273005316]], [[-101.46621967357264, 20.65243273005316], [-101.46617651413744, 20.652433347167857]], [[-101.46617716975935, 20.65247397137827], [-101.46617651413744, 20.652433347167857]], [[-101.46617651413744, 20.652433347167857], [-101.46613335470067, 20.65243396427179]], [[-101.46613401031114, 20.65247458848352], [-101.46613335470067, 20.65243396427179]], [[-101.46613335470067, 20.65243396427179], [-101.46609019526231, 20.652434581364947]], [[-101.46609085086132, 20.652475205578], [-101.46609019526231, 20.652434581364947]], [[-101.46609019526231, 20.652434581364947], [-101.46604703582237, 20.652435198447325]], [[-101.46604769140994, 20.652475822661703], [-101.46604703582237, 20.652435198447325]], [[-101.46604703582237, 20.652435198447325], [-101.46600387638085, 20.65243581551893]], [[-101.46600453195698, 20.652476439734624], [-101.46600387638085, 20.65243581551893]], [[-101.46600387638085, 20.65243581551893], [-101.46596071693776, 20.65243643257976]], [[-101.46596137250242, 20.652477056796776], [-101.46596071693776, 20.65243643257976]], [[-101.46596071693776, 20.65243643257976], [-101.46591755749307, 20.652437049629807]], [[-101.4659182130463, 20.65247767384815], [-101.46591755749307, 20.652437049629807]], [[-101.46591755749307, 20.652437049629807], [-101.4658743980468, 20.652437666669083]], [[-101.46587505358858, 20.652478290888748], [-101.4658743980468, 20.652437666669083]], [[-101.4658743980468, 20.652437666669083], [-101.46583123859895, 20.652438283697588]], [[-101.4658318941293, 20.652478907918567], [-101.46583123859895, 20.652438283697588]], [[-101.46583123859895, 20.652438283697588], [-101.46578807914952, 20.652438900715314]], [[-101.46578873466842, 20.65247952493762], [-101.46578807914952, 20.652438900715314]], [[-101.46578807914952, 20.652438900715314], [-101.46574491969852, 20.652439517722264]], [[-101.46574557520597, 20.652480141945887], [-101.46574491969852, 20.652439517722264]], [[-101.46574491969852, 20.652439517722264], [-101.46570176024592, 20.65244013471844]], [[-101.46570241574192, 20.652480758943387], [-101.46570176024592, 20.65244013471844]], [[-101.46570176024592, 20.65244013471844], [-101.46565860079174, 20.652440751703832]], [[-101.46565925627631, 20.652481375930105], [-101.46565860079174, 20.652440751703832]], [[-101.46565860079174, 20.652440751703832], [-101.465615441336, 20.652441368678456]], [[-101.4656160968091, 20.65248199290605], [-101.465615441336, 20.652441368678456]], [[-101.465615441336, 20.652441368678456], [-101.46557228187865, 20.652441985642305]], [[-101.46557293734033, 20.65248260987122], [-101.46557228187865, 20.652441985642305]], [[-101.46557228187865, 20.652441985642305], [-101.46552912241974, 20.65244260259538]], [[-101.46552977786996, 20.652483226825613], [-101.46552912241974, 20.65244260259538]], [[-101.46552912241974, 20.65244260259538], [-101.46548596295925, 20.652443219537673]], [[-101.46548661839802, 20.65248384376923], [-101.46548596295925, 20.652443219537673]], [[-101.46548596295925, 20.652443219537673], [-101.46544280349715, 20.652443836469196]], [[-101.4654434589245, 20.652484460702073], [-101.46544280349715, 20.652443836469196]], [[-101.46544280349715, 20.652443836469196], [-101.46539964403351, 20.65244445338994]], [[-101.46540029944939, 20.652485077624142], [-101.46539964403351, 20.65244445338994]], [[-101.46539964403351, 20.65244445338994], [-101.46535648456826, 20.652445070299915]], [[-101.4653571399727, 20.652485694535436], [-101.46535648456826, 20.652445070299915]], [[-101.46535648456826, 20.652445070299915], [-101.46531332510145, 20.65244568719911]], [[-101.46531398049444, 20.652486311435943], [-101.46531332510145, 20.65244568719911]], [[-101.46531332510145, 20.65244568719911], [-101.46527016563303, 20.652446304087526]], [[-101.46527082101458, 20.652486928325686], [-101.46527016563303, 20.652446304087526]], [[-101.46527016563303, 20.652446304087526], [-101.46522700616305, 20.652446920965165]], [[-101.46522766153315, 20.65248754520465], [-101.46522700616305, 20.652446920965165]], [[-101.46522700616305, 20.652446920965165], [-101.46518384669147, 20.652447537832032]], [[-101.46518450205014, 20.652488162072835], [-101.46518384669147, 20.652447537832032]], [[-101.46518384669147, 20.652447537832032], [-101.46514068721834, 20.652448154688127]], [[-101.46514134256554, 20.65248877893025], [-101.46514068721834, 20.652448154688127]], [[-101.46514068721834, 20.652448154688127], [-101.46509752774361, 20.65244877153344]], [[-101.46509818307938, 20.65248939577689], [-101.46509752774361, 20.65244877153344]], [[-101.46509752774361, 20.65244877153344], [-101.4650543682673, 20.652449388367977]], [[-101.46505502359163, 20.652490012612745], [-101.4650543682673, 20.652449388367977]], [[-101.4650543682673, 20.652449388367977], [-101.4650112087894, 20.652450005191742]], [[-101.46501186410228, 20.652490629437835], [-101.4650112087894, 20.652450005191742]], [[-101.46794604968316, 20.652408036628948], [-101.46794539359358, 20.652367412472543]], [[-101.46794539359358, 20.652367412472543], [-101.46790223423312, 20.652368030016945]], [[-101.46790289031127, 20.652408654174675], [-101.46790223423312, 20.652368030016945]], [[-101.46790223423312, 20.652368030016945], [-101.46785907487107, 20.652368647550578]], [[-101.46785973093777, 20.652409271709626], [-101.46785907487107, 20.652368647550578]], [[-101.46785907487107, 20.652368647550578], [-101.46781591550744, 20.652369265073425]], [[-101.4678165715627, 20.652409889233805], [-101.46781591550744, 20.652369265073425]], [[-101.46781591550744, 20.652369265073425], [-101.46777275614224, 20.65236988258551]], [[-101.46777341218605, 20.65241050674721], [-101.46777275614224, 20.65236988258551]], [[-101.46777275614224, 20.65236988258551], [-101.46772959677546, 20.65237050008681]], [[-101.46773025280781, 20.652411124249834], [-101.46772959677546, 20.65237050008681]], [[-101.46772959677546, 20.65237050008681], [-101.46768643740708, 20.652371117577342]], [[-101.46768709342798, 20.65241174174168], [-101.46768643740708, 20.652371117577342]], [[-101.46768643740708, 20.652371117577342], [-101.46764327803712, 20.652371735057095]], [[-101.46764393404658, 20.652412359222758], [-101.46764327803712, 20.652371735057095]], [[-101.46764327803712, 20.652371735057095], [-101.46760011866557, 20.65237235252607]], [[-101.4676007746636, 20.652412976693057], [-101.46760011866557, 20.65237235252607]], [[-101.46760011866557, 20.65237235252607], [-101.46755695929245, 20.652372969984274]], [[-101.46755761527902, 20.65241359415258], [-101.46755695929245, 20.652372969984274]], [[-101.46755695929245, 20.652372969984274], [-101.46751379991775, 20.652373587431697]], [[-101.46751445589287, 20.65241421160133], [-101.46751379991775, 20.652373587431697]], [[-101.46751379991775, 20.652373587431697], [-101.46747064054146, 20.652374204868348]], [[-101.46747129650515, 20.6524148290393], [-101.46747064054146, 20.652374204868348]], [[-101.46747064054146, 20.652374204868348], [-101.46742748116358, 20.652374822294224]], [[-101.46742813711583, 20.6524154464665], [-101.46742748116358, 20.652374822294224]], [[-101.46742748116358, 20.652374822294224], [-101.46738432178414, 20.65237543970932]], [[-101.46738497772493, 20.652416063882924], [-101.46738432178414, 20.65237543970932]], [[-101.46738432178414, 20.65237543970932], [-101.46734116240312, 20.652376057113646]], [[-101.46734181833246, 20.65241668128857], [-101.46734116240312, 20.652376057113646]], [[-101.46734116240312, 20.652376057113646], [-101.4672980030205, 20.65237667450719]], [[-101.46729865893839, 20.652417298683442], [-101.4672980030205, 20.65237667450719]], [[-101.4672980030205, 20.65237667450719], [-101.4672548436363, 20.65237729188997]], [[-101.46725549954274, 20.652417916067535], [-101.4672548436363, 20.65237729188997]], [[-101.4672548436363, 20.65237729188997], [-101.46721168425051, 20.652377909261965]], [[-101.46721234014552, 20.652418533440855], [-101.46721168425051, 20.652377909261965]], [[-101.46721168425051, 20.652377909261965], [-101.46716852486314, 20.65237852662319]], [[-101.46716918074671, 20.652419150803404], [-101.46716852486314, 20.65237852662319]], [[-101.46716852486314, 20.65237852662319], [-101.4671253654742, 20.652379143973633]], [[-101.46712602134633, 20.652419768155166], [-101.4671253654742, 20.652379143973633]], [[-101.4671253654742, 20.652379143973633], [-101.46708220608367, 20.652379761313306]], [[-101.46708286194435, 20.652420385496157], [-101.46708220608367, 20.652379761313306]], [[-101.46708220608367, 20.652379761313306], [-101.46703904669157, 20.6523803786422]], [[-101.4670397025408, 20.652421002826376], [-101.46703904669157, 20.6523803786422]], [[-101.46703904669157, 20.6523803786422], [-101.46699588729787, 20.65238099596032]], [[-101.46699654313565, 20.652421620145823], [-101.46699588729787, 20.65238099596032]], [[-101.46699588729787, 20.65238099596032], [-101.4669527279026, 20.652381613267664]], [[-101.46695338372894, 20.65242223745449], [-101.4669527279026, 20.652381613267664]], [[-101.4669527279026, 20.652381613267664], [-101.46690956850574, 20.652382230564232]], [[-101.46691022432064, 20.652422854752384], [-101.46690956850574, 20.652382230564232]], [[-101.46690956850574, 20.652382230564232], [-101.46686640910731, 20.652382847850028]], [[-101.46686706491074, 20.65242347203949], [-101.46686640910731, 20.652382847850028]], [[-101.46686640910731, 20.652382847850028], [-101.46682324970728, 20.652383465125045]], [[-101.46682390549928, 20.652424089315833], [-101.46682324970728, 20.652383465125045]], [[-101.46682324970728, 20.652383465125045], [-101.46678009030568, 20.652384082389286]], [[-101.46678074608624, 20.652424706581396], [-101.46678009030568, 20.652384082389286]], [[-101.46678009030568, 20.652384082389286], [-101.46673693090248, 20.65238469964275]], [[-101.4667375866716, 20.65242532383619], [-101.46673693090248, 20.65238469964275]], [[-101.46673693090248, 20.65238469964275], [-101.46669377149772, 20.652385316885443]], [[-101.46669442725539, 20.6524259410802], [-101.46669377149772, 20.652385316885443]], [[-101.46669377149772, 20.652385316885443], [-101.46665061209137, 20.652385934117355]], [[-101.46665126783759, 20.652426558313437], [-101.46665061209137, 20.652385934117355]], [[-101.46665061209137, 20.652385934117355], [-101.46660745268345, 20.6523865513385]], [[-101.46660810841823, 20.652427175535898], [-101.46660745268345, 20.6523865513385]], [[-101.46660745268345, 20.6523865513385], [-101.46656429327392, 20.652387168548863]], [[-101.46656494899726, 20.652427792747588], [-101.46656429327392, 20.652387168548863]], [[-101.46656429327392, 20.652387168548863], [-101.46652113386284, 20.652387785748452]], [[-101.46652178957471, 20.652428409948495], [-101.46652113386284, 20.652387785748452]], [[-101.46652113386284, 20.652387785748452], [-101.46647797445014, 20.652388402937262]], [[-101.46647863015059, 20.652429027138634], [-101.46647797445014, 20.652388402937262]], [[-101.46647797445014, 20.652388402937262], [-101.4664348150359, 20.652389020115297]], [[-101.46643547072489, 20.652429644317987], [-101.4664348150359, 20.652389020115297]], [[-101.4664348150359, 20.652389020115297], [-101.46639165562006, 20.652389637282564]], [[-101.46639231129761, 20.65243026148658], [-101.46639165562006, 20.652389637282564]], [[-101.46639165562006, 20.652389637282564], [-101.46634849620263, 20.652390254439045]], [[-101.46634915186874, 20.65243087864438], [-101.46634849620263, 20.652390254439045]], [[-101.46634849620263, 20.652390254439045], [-101.46630533678362, 20.65239087158476]], [[-101.4663059924383, 20.652431495791415], [-101.46630533678362, 20.65239087158476]], [[-101.46630533678362, 20.65239087158476], [-101.46626217736305, 20.6523914887197]], [[-101.46626283300625, 20.652432112927674], [-101.46626217736305, 20.6523914887197]], [[-101.46626217736305, 20.6523914887197], [-101.46621901794087, 20.652392105843855]], [[-101.46621967357264, 20.65243273005316], [-101.46621901794087, 20.652392105843855]], [[-101.46621901794087, 20.652392105843855], [-101.46617585851713, 20.652392722957238]], [[-101.46617651413744, 20.652433347167857], [-101.46617585851713, 20.652392722957238]], [[-101.46617585851713, 20.652392722957238], [-101.46613269909179, 20.65239334005985]], [[-101.46613335470067, 20.65243396427179], [-101.46613269909179, 20.65239334005985]], [[-101.46613269909179, 20.65239334005985], [-101.46608953966488, 20.65239395715168]], [[-101.46609019526231, 20.652434581364947], [-101.46608953966488, 20.65239395715168]], [[-101.46608953966488, 20.65239395715168], [-101.46604638023639, 20.652394574232734]], [[-101.46604703582237, 20.652435198447325], [-101.46604638023639, 20.652394574232734]], [[-101.46604638023639, 20.652394574232734], [-101.46600322080631, 20.652395191303018]], [[-101.46600387638085, 20.65243581551893], [-101.46600322080631, 20.652395191303018]], [[-101.46600322080631, 20.652395191303018], [-101.46596006137466, 20.65239580836252]], [[-101.46596071693776, 20.65243643257976], [-101.46596006137466, 20.65239580836252]], [[-101.46596006137466, 20.65239580836252], [-101.46591690194141, 20.652396425411258]], [[-101.46591755749307, 20.652437049629807], [-101.46591690194141, 20.652396425411258]], [[-101.46591690194141, 20.652396425411258], [-101.46587374250659, 20.652397042449206]], [[-101.4658743980468, 20.652437666669083], [-101.46587374250659, 20.652397042449206]], [[-101.46587374250659, 20.652397042449206], [-101.4658305830702, 20.652397659476392]], [[-101.46583123859895, 20.652438283697588], [-101.4658305830702, 20.652397659476392]], [[-101.4658305830702, 20.652397659476392], [-101.46578742363221, 20.652398276492793]], [[-101.46578807914952, 20.652438900715314], [-101.46578742363221, 20.652398276492793]], [[-101.46578742363221, 20.652398276492793], [-101.46574426419265, 20.652398893498418]], [[-101.46574491969852, 20.652439517722264], [-101.46574426419265, 20.652398893498418]], [[-101.46574426419265, 20.652398893498418], [-101.4657011047515, 20.652399510493275]], [[-101.46570176024592, 20.65244013471844], [-101.4657011047515, 20.652399510493275]], [[-101.4657011047515, 20.652399510493275], [-101.46565794530876, 20.65240012747735]], [[-101.46565860079174, 20.652440751703832], [-101.46565794530876, 20.65240012747735]], [[-101.46565794530876, 20.65240012747735], [-101.46561478586446, 20.652400744450656]], [[-101.465615441336, 20.652441368678456], [-101.46561478586446, 20.652400744450656]], [[-101.46561478586446, 20.652400744450656], [-101.46557162641857, 20.65240136141318]], [[-101.46557228187865, 20.652441985642305], [-101.46557162641857, 20.65240136141318]], [[-101.46557162641857, 20.65240136141318], [-101.4655284669711, 20.652401978364928]], [[-101.46552912241974, 20.65244260259538], [-101.4655284669711, 20.652401978364928]], [[-101.4655284669711, 20.652401978364928], [-101.46548530752206, 20.652402595305908]], [[-101.46548596295925, 20.652443219537673], [-101.46548530752206, 20.652402595305908]], [[-101.46548530752206, 20.652402595305908], [-101.46544214807142, 20.652403212236106]], [[-101.46544280349715, 20.652443836469196], [-101.46544214807142, 20.652403212236106]], [[-101.46544214807142, 20.652403212236106], [-101.4653989886192, 20.652403829155528]], [[-101.46539964403351, 20.65244445338994], [-101.4653989886192, 20.652403829155528]], [[-101.4653989886192, 20.652403829155528], [-101.4653558291654, 20.65240444606418]], [[-101.46535648456826, 20.652445070299915], [-101.4653558291654, 20.65240444606418]], [[-101.4653558291654, 20.65240444606418], [-101.46531266971002, 20.65240506296205]], [[-101.46531332510145, 20.65244568719911], [-101.46531266971002, 20.65240506296205]], [[-101.46531266971002, 20.65240506296205], [-101.46526951025307, 20.65240567984915]], [[-101.46527016563303, 20.652446304087526], [-101.46526951025307, 20.65240567984915]], [[-101.46526951025307, 20.65240567984915], [-101.46522635079452, 20.652406296725463]], [[-101.46522700616305, 20.652446920965165], [-101.46522635079452, 20.652406296725463]], [[-101.46522635079452, 20.652406296725463], [-101.4651831913344, 20.65240691359101]], [[-101.46518384669147, 20.652447537832032], [-101.4651831913344, 20.65240691359101]], [[-101.4651831913344, 20.65240691359101], [-101.4651400318727, 20.652407530445785]], [[-101.46514068721834, 20.652448154688127], [-101.4651400318727, 20.652407530445785]], [[-101.4651400318727, 20.652407530445785], [-101.46509687240942, 20.652408147289773]], [[-101.46509752774361, 20.65244877153344], [-101.46509687240942, 20.652408147289773]], [[-101.46509687240942, 20.652408147289773], [-101.46505371294455, 20.652408764122995]], [[-101.4650543682673, 20.652449388367977], [-101.46505371294455, 20.652408764122995]], [[-101.46505371294455, 20.652408764122995], [-101.46501055347811, 20.652409380945436]], [[-101.4650112087894, 20.652450005191742], [-101.46501055347811, 20.652409380945436]], [[-101.46794539359358, 20.652367412472543], [-101.46794473750558, 20.652326788315932]], [[-101.46794473750558, 20.652326788315932], [-101.46790157815657, 20.652327405859015]], [[-101.46790223423312, 20.652368030016945], [-101.46790157815657, 20.652327405859015]], [[-101.46790157815657, 20.652327405859015], [-101.46785841880596, 20.65232802339132]], [[-101.46785907487107, 20.652368647550578], [-101.46785841880596, 20.65232802339132]], [[-101.46785841880596, 20.65232802339132], [-101.46781525945379, 20.65232864091285]], [[-101.46781591550744, 20.652369265073425], [-101.46781525945379, 20.65232864091285]], [[-101.46781525945379, 20.65232864091285], [-101.46777210010002, 20.652329258423606]], [[-101.46777275614224, 20.65236988258551], [-101.46777210010002, 20.652329258423606]], [[-101.46777210010002, 20.652329258423606], [-101.46772894074468, 20.652329875923588]], [[-101.46772959677546, 20.65237050008681], [-101.46772894074468, 20.652329875923588]], [[-101.46772894074468, 20.652329875923588], [-101.46768578138776, 20.652330493412798]], [[-101.46768643740708, 20.652371117577342], [-101.46768578138776, 20.652330493412798]], [[-101.46768578138776, 20.652330493412798], [-101.46764262202923, 20.652331110891225]], [[-101.46764327803712, 20.652371735057095], [-101.46764262202923, 20.652331110891225]], [[-101.46764262202923, 20.652331110891225], [-101.46759946266914, 20.652331728358877]], [[-101.46760011866557, 20.65237235252607], [-101.46759946266914, 20.652331728358877]], [[-101.46759946266914, 20.652331728358877], [-101.46755630330748, 20.65233234581576]], [[-101.46755695929245, 20.652372969984274], [-101.46755630330748, 20.65233234581576]], [[-101.46755630330748, 20.65233234581576], [-101.4675131439442, 20.65233296326186]], [[-101.46751379991775, 20.652373587431697], [-101.4675131439442, 20.65233296326186]], [[-101.4675131439442, 20.65233296326186], [-101.46746998457937, 20.652333580697185]], [[-101.46747064054146, 20.652374204868348], [-101.46746998457937, 20.652333580697185]], [[-101.46746998457937, 20.652333580697185], [-101.46742682521294, 20.652334198121743]], [[-101.46742748116358, 20.652374822294224], [-101.46742682521294, 20.652334198121743]], [[-101.46742682521294, 20.652334198121743], [-101.46738366584493, 20.652334815535514]], [[-101.46738432178414, 20.65237543970932], [-101.46738366584493, 20.652334815535514]], [[-101.46738366584493, 20.652334815535514], [-101.46734050647535, 20.652335432938518]], [[-101.46734116240312, 20.652376057113646], [-101.46734050647535, 20.652335432938518]], [[-101.46734050647535, 20.652335432938518], [-101.46729734710416, 20.652336050330746]], [[-101.4672980030205, 20.65237667450719], [-101.46729734710416, 20.652336050330746]], [[-101.46729734710416, 20.652336050330746], [-101.46725418773141, 20.652336667712195]], [[-101.4672548436363, 20.65237729188997], [-101.46725418773141, 20.652336667712195]], [[-101.46725418773141, 20.652336667712195], [-101.46721102835708, 20.652337285082872]], [[-101.46721168425051, 20.652377909261965], [-101.46721102835708, 20.652337285082872]], [[-101.46721102835708, 20.652337285082872], [-101.46716786898116, 20.65233790244277]], [[-101.46716852486314, 20.65237852662319], [-101.46716786898116, 20.65233790244277]], [[-101.46716786898116, 20.65233790244277], [-101.46712470960367, 20.652338519791897]], [[-101.4671253654742, 20.652379143973633], [-101.46712470960367, 20.652338519791897]], [[-101.46712470960367, 20.652338519791897], [-101.46708155022458, 20.65233913713024]], [[-101.46708220608367, 20.652379761313306], [-101.46708155022458, 20.65233913713024]], [[-101.46708155022458, 20.65233913713024], [-101.46703839084391, 20.652339754457813]], [[-101.46703904669157, 20.6523803786422], [-101.46703839084391, 20.652339754457813]], [[-101.46703839084391, 20.652339754457813], [-101.46699523146167, 20.652340371774613]], [[-101.46699588729787, 20.65238099596032], [-101.46699523146167, 20.652340371774613]], [[-101.46699523146167, 20.652340371774613], [-101.46695207207785, 20.65234098908063]], [[-101.4669527279026, 20.652381613267664], [-101.46695207207785, 20.65234098908063]], [[-101.46695207207785, 20.65234098908063], [-101.46690891269243, 20.65234160637588]], [[-101.46690956850574, 20.652382230564232], [-101.46690891269243, 20.65234160637588]], [[-101.46690891269243, 20.65234160637588], [-101.46686575330544, 20.65234222366035]], [[-101.46686640910731, 20.652382847850028], [-101.46686575330544, 20.65234222366035]], [[-101.46686575330544, 20.65234222366035], [-101.46682259391686, 20.652342840934043]], [[-101.46682324970728, 20.652383465125045], [-101.46682259391686, 20.652342840934043]], [[-101.46682259391686, 20.652342840934043], [-101.4667794345267, 20.652343458196963]], [[-101.46678009030568, 20.652384082389286], [-101.4667794345267, 20.652343458196963]], [[-101.4667794345267, 20.652343458196963], [-101.46673627513496, 20.652344075449108]], [[-101.46673693090248, 20.65238469964275], [-101.46673627513496, 20.652344075449108]], [[-101.46673627513496, 20.652344075449108], [-101.46669311574163, 20.65234469269048]], [[-101.46669377149772, 20.652385316885443], [-101.46669311574163, 20.65234469269048]], [[-101.46669311574163, 20.65234469269048], [-101.46664995634673, 20.65234530992107]], [[-101.46665061209137, 20.652385934117355], [-101.46664995634673, 20.65234530992107]], [[-101.46664995634673, 20.65234530992107], [-101.46660679695024, 20.652345927140892]], [[-101.46660745268345, 20.6523865513385], [-101.46660679695024, 20.652345927140892]], [[-101.46660679695024, 20.652345927140892], [-101.46656363755218, 20.652346544349935]], [[-101.46656429327392, 20.652387168548863], [-101.46656363755218, 20.652346544349935]], [[-101.46656363755218, 20.652346544349935], [-101.46652047815253, 20.6523471615482]], [[-101.46652113386284, 20.652387785748452], [-101.46652047815253, 20.6523471615482]], [[-101.46652047815253, 20.6523471615482], [-101.4664773187513, 20.652347778735695]], [[-101.46647797445014, 20.652388402937262], [-101.4664773187513, 20.652347778735695]], [[-101.4664773187513, 20.652347778735695], [-101.46643415934848, 20.652348395912405]], [[-101.4664348150359, 20.652389020115297], [-101.46643415934848, 20.652348395912405]], [[-101.46643415934848, 20.652348395912405], [-101.46639099994408, 20.652349013078346]], [[-101.46639165562006, 20.652389637282564], [-101.46639099994408, 20.652349013078346]], [[-101.46639099994408, 20.652349013078346], [-101.4663478405381, 20.65234963023351]], [[-101.46634849620263, 20.652390254439045], [-101.4663478405381, 20.65234963023351]], [[-101.4663478405381, 20.65234963023351], [-101.46630468113055, 20.652350247377903]], [[-101.46630533678362, 20.65239087158476], [-101.46630468113055, 20.652350247377903]], [[-101.46630468113055, 20.652350247377903], [-101.4662615217214, 20.652350864511508]], [[-101.46626217736305, 20.6523914887197], [-101.4662615217214, 20.652350864511508]], [[-101.4662615217214, 20.652350864511508], [-101.4662183623107, 20.652351481634348]], [[-101.46621901794087, 20.652392105843855], [-101.4662183623107, 20.652351481634348]], [[-101.4662183623107, 20.652351481634348], [-101.46617520289838, 20.652352098746416]], [[-101.46617585851713, 20.652392722957238], [-101.46617520289838, 20.652352098746416]], [[-101.46617520289838, 20.652352098746416], [-101.4661320434845, 20.652352715847698]], [[-101.46613269909179, 20.65239334005985], [-101.4661320434845, 20.652352715847698]], [[-101.4661320434845, 20.652352715847698], [-101.46608888406902, 20.652353332938212]], [[-101.46608953966488, 20.65239395715168], [-101.46608888406902, 20.652353332938212]], [[-101.46608888406902, 20.652353332938212], [-101.46604572465198, 20.652353950017947]], [[-101.46604638023639, 20.652394574232734], [-101.46604572465198, 20.652353950017947]], [[-101.46604572465198, 20.652353950017947], [-101.46600256523335, 20.65235456708691]], [[-101.46600322080631, 20.652395191303018], [-101.46600256523335, 20.65235456708691]], [[-101.46600256523335, 20.65235456708691], [-101.46595940581314, 20.65235518414509]], [[-101.46596006137466, 20.65239580836252], [-101.46595940581314, 20.65235518414509]], [[-101.46595940581314, 20.65235518414509], [-101.46591624639134, 20.652355801192495]], [[-101.46591690194141, 20.652396425411258], [-101.46591624639134, 20.652355801192495]], [[-101.46591624639134, 20.652355801192495], [-101.46587308696797, 20.652356418229132]], [[-101.46587374250659, 20.652397042449206], [-101.46587308696797, 20.652356418229132]], [[-101.46587308696797, 20.652356418229132], [-101.46582992754301, 20.65235703525499]], [[-101.4658305830702, 20.652397659476392], [-101.46582992754301, 20.65235703525499]], [[-101.46582992754301, 20.65235703525499], [-101.46578676811647, 20.652357652270073]], [[-101.46578742363221, 20.652398276492793], [-101.46578676811647, 20.652357652270073]], [[-101.46578676811647, 20.652357652270073], [-101.46574360868836, 20.65235826927438]], [[-101.46574426419265, 20.652398893498418], [-101.46574360868836, 20.65235826927438]], [[-101.46574360868836, 20.65235826927438], [-101.46570044925866, 20.65235888626791]], [[-101.4657011047515, 20.652399510493275], [-101.46570044925866, 20.65235888626791]], [[-101.46570044925866, 20.65235888626791], [-101.46565728982738, 20.652359503250665]], [[-101.46565794530876, 20.65240012747735], [-101.46565728982738, 20.652359503250665]], [[-101.46565728982738, 20.652359503250665], [-101.46561413039451, 20.652360120222646]], [[-101.46561478586446, 20.652400744450656], [-101.46561413039451, 20.652360120222646]], [[-101.46561413039451, 20.652360120222646], [-101.46557097096006, 20.65236073718385]], [[-101.46557162641857, 20.65240136141318], [-101.46557097096006, 20.65236073718385]], [[-101.46557097096006, 20.65236073718385], [-101.46552781152404, 20.652361354134275]], [[-101.4655284669711, 20.652401978364928], [-101.46552781152404, 20.652361354134275]], [[-101.46552781152404, 20.652361354134275], [-101.46548465208643, 20.65236197107393]], [[-101.46548530752206, 20.652402595305908], [-101.46548465208643, 20.65236197107393]], [[-101.46548465208643, 20.65236197107393], [-101.46544149264724, 20.652362588002806]], [[-101.46544214807142, 20.652403212236106], [-101.46544149264724, 20.652362588002806]], [[-101.46544149264724, 20.652362588002806], [-101.46539833320647, 20.65236320492091]], [[-101.4653989886192, 20.652403829155528], [-101.46539833320647, 20.65236320492091]], [[-101.46539833320647, 20.65236320492091], [-101.46535517376412, 20.652363821828235]], [[-101.4653558291654, 20.65240444606418], [-101.46535517376412, 20.652363821828235]], [[-101.46535517376412, 20.652363821828235], [-101.46531201432019, 20.65236443872479]], [[-101.46531266971002, 20.65240506296205], [-101.46531201432019, 20.65236443872479]], [[-101.46531201432019, 20.65236443872479], [-101.46526885487468, 20.652365055610563]], [[-101.46526951025307, 20.65240567984915], [-101.46526885487468, 20.652365055610563]], [[-101.46526885487468, 20.652365055610563], [-101.46522569542758, 20.652365672485562]], [[-101.46522635079452, 20.652406296725463], [-101.46522569542758, 20.652365672485562]], [[-101.46522569542758, 20.652365672485562], [-101.46518253597891, 20.65236628934979]], [[-101.4651831913344, 20.65240691359101], [-101.46518253597891, 20.65236628934979]], [[-101.46518253597891, 20.65236628934979], [-101.46513937652865, 20.652366906203234]], [[-101.4651400318727, 20.652407530445785], [-101.46513937652865, 20.652366906203234]], [[-101.46513937652865, 20.652366906203234], [-101.4650962170768, 20.65236752304591]], [[-101.46509687240942, 20.652408147289773], [-101.4650962170768, 20.65236752304591]], [[-101.4650962170768, 20.65236752304591], [-101.4650530576234, 20.652368139877808]], [[-101.46505371294455, 20.652408764122995], [-101.4650530576234, 20.652368139877808]], [[-101.4650530576234, 20.652368139877808], [-101.4650098981684, 20.652368756698927]], [[-101.46501055347811, 20.652409380945436], [-101.4650098981684, 20.652368756698927]], [[-101.46798789685302, 20.652326170762073], [-101.46794473750558, 20.652326788315932]], [[-101.46798789685302, 20.652326170762073], [-101.46798724075515, 20.65228554660657]], [[-101.46798724075515, 20.65228554660657], [-101.46794408141918, 20.652286164159108]], [[-101.46794473750558, 20.652326788315932], [-101.46794408141918, 20.652286164159108]], [[-101.46794408141918, 20.652286164159108], [-101.4679009220816, 20.652286781700866]], [[-101.46790157815657, 20.652327405859015], [-101.4679009220816, 20.652286781700866]], [[-101.4679009220816, 20.652286781700866], [-101.46785776274244, 20.65228739923185]], [[-101.46785841880596, 20.65232802339132], [-101.46785776274244, 20.65228739923185]], [[-101.46785776274244, 20.65228739923185], [-101.4678146034017, 20.65228801675206]], [[-101.46781525945379, 20.65232864091285], [-101.4678146034017, 20.65228801675206]], [[-101.4678146034017, 20.65228801675206], [-101.4677714440594, 20.65228863426149]], [[-101.46777210010002, 20.652329258423606], [-101.4677714440594, 20.65228863426149]], [[-101.4677714440594, 20.65228863426149], [-101.46772828471549, 20.652289251760152]], [[-101.46772894074468, 20.652329875923588], [-101.46772828471549, 20.652289251760152]], [[-101.46772828471549, 20.652289251760152], [-101.46768512537, 20.65228986924804]], [[-101.46768578138776, 20.652330493412798], [-101.46768512537, 20.65228986924804]], [[-101.46768512537, 20.65228986924804], [-101.46764196602294, 20.65229048672514]], [[-101.46764262202923, 20.652331110891225], [-101.46764196602294, 20.65229048672514]], [[-101.46764196602294, 20.65229048672514], [-101.46759880667429, 20.65229110419147]], [[-101.46759946266914, 20.652331728358877], [-101.46759880667429, 20.65229110419147]], [[-101.46759880667429, 20.65229110419147], [-101.46755564732406, 20.65229172164703]], [[-101.46755630330748, 20.65233234581576], [-101.46755564732406, 20.65229172164703]], [[-101.46755564732406, 20.65229172164703], [-101.46751248797224, 20.652292339091808]], [[-101.4675131439442, 20.65233296326186], [-101.46751248797224, 20.652292339091808]], [[-101.46751248797224, 20.652292339091808], [-101.46746932861885, 20.65229295652582]], [[-101.46746998457937, 20.652333580697185], [-101.46746932861885, 20.65229295652582]], [[-101.46746932861885, 20.65229295652582], [-101.46742616926386, 20.652293573949045]], [[-101.46742682521294, 20.652334198121743], [-101.46742616926386, 20.652293573949045]], [[-101.46742616926386, 20.652293573949045], [-101.46738300990731, 20.652294191361502]], [[-101.46738366584493, 20.652334815535514], [-101.46738300990731, 20.652294191361502]], [[-101.46738300990731, 20.652294191361502], [-101.46733985054917, 20.652294808763177]], [[-101.46734050647535, 20.652335432938518], [-101.46733985054917, 20.652294808763177]], [[-101.46733985054917, 20.652294808763177], [-101.46729669118943, 20.65229542615408]], [[-101.46729734710416, 20.652336050330746], [-101.46729669118943, 20.65229542615408]], [[-101.46729669118943, 20.65229542615408], [-101.46725353182813, 20.65229604353421]], [[-101.46725418773141, 20.652336667712195], [-101.46725353182813, 20.65229604353421]], [[-101.46725353182813, 20.65229604353421], [-101.46721037246525, 20.652296660903563]], [[-101.46721102835708, 20.652337285082872], [-101.46721037246525, 20.652296660903563]], [[-101.46721037246525, 20.652296660903563], [-101.46716721310077, 20.65229727826214]], [[-101.46716786898116, 20.65233790244277], [-101.46716721310077, 20.65229727826214]], [[-101.46716721310077, 20.65229727826214], [-101.46712405373471, 20.65229789560994]], [[-101.46712470960367, 20.652338519791897], [-101.46712405373471, 20.65229789560994]], [[-101.46712405373471, 20.65229789560994], [-101.46708089436707, 20.652298512946967]], [[-101.46708155022458, 20.65233913713024], [-101.46708089436707, 20.652298512946967]], [[-101.46708089436707, 20.652298512946967], [-101.46703773499786, 20.652299130273214]], [[-101.46703839084391, 20.652339754457813], [-101.46703773499786, 20.652299130273214]], [[-101.46703773499786, 20.652299130273214], [-101.46699457562706, 20.652299747588696]], [[-101.46699523146167, 20.652340371774613], [-101.46699457562706, 20.652299747588696]], [[-101.46699457562706, 20.652299747588696], [-101.46695141625466, 20.65230036489339]], [[-101.46695207207785, 20.65234098908063], [-101.46695141625466, 20.65230036489339]], [[-101.46695141625466, 20.65230036489339], [-101.4669082568807, 20.652300982187317]], [[-101.46690891269243, 20.65234160637588], [-101.4669082568807, 20.652300982187317]], [[-101.4669082568807, 20.652300982187317], [-101.46686509750515, 20.652301599470466]], [[-101.46686575330544, 20.65234222366035], [-101.46686509750515, 20.652301599470466]], [[-101.46686509750515, 20.652301599470466], [-101.46682193812802, 20.65230221674284]], [[-101.46682259391686, 20.652342840934043], [-101.46682193812802, 20.65230221674284]], [[-101.46682193812802, 20.65230221674284], [-101.4667787787493, 20.652302834004434]], [[-101.4667794345267, 20.652343458196963], [-101.4667787787493, 20.652302834004434]], [[-101.4667787787493, 20.652302834004434], [-101.466735619369, 20.652303451255257]], [[-101.46673627513496, 20.652344075449108], [-101.466735619369, 20.652303451255257]], [[-101.466735619369, 20.652303451255257], [-101.46669245998713, 20.652304068495305]], [[-101.46669311574163, 20.65234469269048], [-101.46669245998713, 20.652304068495305]], [[-101.46669245998713, 20.652304068495305], [-101.46664930060368, 20.652304685724573]], [[-101.46664995634673, 20.65234530992107], [-101.46664930060368, 20.652304685724573]], [[-101.46664930060368, 20.652304685724573], [-101.46660614121863, 20.652305302943066]], [[-101.46660679695024, 20.652345927140892], [-101.46660614121863, 20.652305302943066]], [[-101.46660614121863, 20.652305302943066], [-101.46656298183201, 20.652305920150784]], [[-101.46656363755218, 20.652346544349935], [-101.46656298183201, 20.652305920150784]], [[-101.46656298183201, 20.652305920150784], [-101.46651982244381, 20.65230653734773]], [[-101.46652047815253, 20.6523471615482], [-101.46651982244381, 20.65230653734773]], [[-101.46651982244381, 20.65230653734773], [-101.46647666305402, 20.6523071545339]], [[-101.4664773187513, 20.652347778735695], [-101.46647666305402, 20.6523071545339]], [[-101.46647666305402, 20.6523071545339], [-101.46643350366266, 20.652307771709296]], [[-101.46643415934848, 20.652348395912405], [-101.46643350366266, 20.652307771709296]], [[-101.46643350366266, 20.652307771709296], [-101.4663903442697, 20.652308388873912]], [[-101.46639099994408, 20.652349013078346], [-101.4663903442697, 20.652308388873912]], [[-101.4663903442697, 20.652308388873912], [-101.46634718487516, 20.652309006027753]], [[-101.4663478405381, 20.65234963023351], [-101.46634718487516, 20.652309006027753]], [[-101.46634718487516, 20.652309006027753], [-101.46630402547906, 20.652309623170826]], [[-101.46630468113055, 20.652350247377903], [-101.46630402547906, 20.652309623170826]], [[-101.46630402547906, 20.652309623170826], [-101.46626086608136, 20.652310240303112]], [[-101.4662615217214, 20.652350864511508], [-101.46626086608136, 20.652310240303112]], [[-101.46626086608136, 20.652310240303112], [-101.46621770668209, 20.65231085742463]], [[-101.4662183623107, 20.652351481634348], [-101.46621770668209, 20.65231085742463]], [[-101.46621770668209, 20.65231085742463], [-101.46617454728123, 20.65231147453537]], [[-101.46617520289838, 20.652352098746416], [-101.46617454728123, 20.65231147453537]], [[-101.46617454728123, 20.65231147453537], [-101.46613138787879, 20.652312091635338]], [[-101.4661320434845, 20.652352715847698], [-101.46613138787879, 20.652312091635338]], [[-101.46613138787879, 20.652312091635338], [-101.46608822847476, 20.652312708724523]], [[-101.46608888406902, 20.652353332938212], [-101.46608822847476, 20.652312708724523]], [[-101.46608822847476, 20.652312708724523], [-101.46604506906917, 20.65231332580294]], [[-101.46604572465198, 20.652353950017947], [-101.46604506906917, 20.65231332580294]], [[-101.46604506906917, 20.65231332580294], [-101.46600190966197, 20.65231394287058]], [[-101.46600256523335, 20.65235456708691], [-101.46600190966197, 20.65231394287058]], [[-101.46600190966197, 20.65231394287058], [-101.46595875025321, 20.652314559927436]], [[-101.46595940581314, 20.65235518414509], [-101.46595875025321, 20.652314559927436]], [[-101.46595875025321, 20.652314559927436], [-101.46591559084285, 20.652315176973527]], [[-101.46591624639134, 20.652355801192495], [-101.46591559084285, 20.652315176973527]], [[-101.46591559084285, 20.652315176973527], [-101.46587243143094, 20.65231579400884]], [[-101.46587308696797, 20.652356418229132], [-101.46587243143094, 20.65231579400884]], [[-101.46587243143094, 20.65231579400884], [-101.46582927201742, 20.652316411033375]], [[-101.46582992754301, 20.65235703525499], [-101.46582927201742, 20.652316411033375]], [[-101.46582927201742, 20.652316411033375], [-101.46578611260233, 20.65231702804713]], [[-101.46578676811647, 20.652357652270073], [-101.46578611260233, 20.65231702804713]], [[-101.46578611260233, 20.65231702804713], [-101.46574295318565, 20.65231764505012]], [[-101.46574360868836, 20.65235826927438], [-101.46574295318565, 20.65231764505012]], [[-101.46574295318565, 20.65231764505012], [-101.4656997937674, 20.652318262042332]], [[-101.46570044925866, 20.65235888626791], [-101.4656997937674, 20.652318262042332]], [[-101.4656997937674, 20.652318262042332], [-101.46565663434755, 20.652318879023763]], [[-101.46565728982738, 20.652359503250665], [-101.46565663434755, 20.652318879023763]], [[-101.46565663434755, 20.652318879023763], [-101.46561347492614, 20.652319495994423]], [[-101.46561413039451, 20.652360120222646], [-101.46561347492614, 20.652319495994423]], [[-101.46561347492614, 20.652319495994423], [-101.46557031550314, 20.652320112954303]], [[-101.46557097096006, 20.65236073718385], [-101.46557031550314, 20.652320112954303]], [[-101.46557031550314, 20.652320112954303], [-101.46552715607855, 20.652320729903412]], [[-101.46552781152404, 20.652361354134275], [-101.46552715607855, 20.652320729903412]], [[-101.46552715607855, 20.652320729903412], [-101.4654839966524, 20.652321346841745]], [[-101.46548465208643, 20.65236197107393], [-101.4654839966524, 20.652321346841745]], [[-101.4654839966524, 20.652321346841745], [-101.46544083722466, 20.6523219637693]], [[-101.46544149264724, 20.652362588002806], [-101.46544083722466, 20.6523219637693]], [[-101.46544083722466, 20.6523219637693], [-101.46539767779532, 20.65232258068608]], [[-101.46539833320647, 20.65236320492091], [-101.46539767779532, 20.65232258068608]], [[-101.46539767779532, 20.65232258068608], [-101.46535451836442, 20.652323197592082]], [[-101.46535517376412, 20.652363821828235], [-101.46535451836442, 20.652323197592082]], [[-101.46535451836442, 20.652323197592082], [-101.46531135893194, 20.652323814487314]], [[-101.46531201432019, 20.65236443872479], [-101.46531135893194, 20.652323814487314]], [[-101.46531135893194, 20.652323814487314], [-101.46526819949787, 20.65232443137177]], [[-101.46526885487468, 20.652365055610563], [-101.46526819949787, 20.65232443137177]], [[-101.46526819949787, 20.65232443137177], [-101.46522504006221, 20.652325048245444]], [[-101.46522569542758, 20.652365672485562], [-101.46522504006221, 20.652325048245444]], [[-101.46522504006221, 20.652325048245444], [-101.46518188062498, 20.652325665108343]], [[-101.46518253597891, 20.65236628934979], [-101.46518188062498, 20.652325665108343]], [[-101.46518188062498, 20.652325665108343], [-101.46513872118618, 20.652326281960477]], [[-101.46513937652865, 20.652366906203234], [-101.46513872118618, 20.652326281960477]], [[-101.46513872118618, 20.652326281960477], [-101.46509556174578, 20.652326898801828]], [[-101.4650962170768, 20.65236752304591], [-101.46509556174578, 20.652326898801828]], [[-101.46509556174578, 20.652326898801828], [-101.46505240230381, 20.652327515632404]], [[-101.4650530576234, 20.652368139877808], [-101.46505240230381, 20.652327515632404]], [[-101.46505240230381, 20.652327515632404], [-101.46500924286026, 20.6523281324522]], [[-101.4650098981684, 20.652368756698927], [-101.46500924286026, 20.6523281324522]], [[-101.46798724075515, 20.65228554660657], [-101.46798658465887, 20.65224492245086]], [[-101.46798658465887, 20.65224492245086], [-101.46794342533434, 20.652245540002067]], [[-101.46794408141918, 20.652286164159108], [-101.46794342533434, 20.652245540002067]], [[-101.46794342533434, 20.652245540002067], [-101.46790026600821, 20.652246157542507]], [[-101.4679009220816, 20.652286781700866], [-101.46790026600821, 20.652246157542507]], [[-101.46790026600821, 20.652246157542507], [-101.4678571066805, 20.65224677507217]], [[-101.46785776274244, 20.65228739923185], [-101.4678571066805, 20.65224677507217]], [[-101.4678571066805, 20.65224677507217], [-101.46781394735122, 20.652247392591054]], [[-101.4678146034017, 20.65228801675206], [-101.46781394735122, 20.652247392591054]], [[-101.46781394735122, 20.652247392591054], [-101.46777078802033, 20.652248010099164]], [[-101.4677714440594, 20.65228863426149], [-101.46777078802033, 20.652248010099164]], [[-101.46777078802033, 20.652248010099164], [-101.46772762868788, 20.6522486275965]], [[-101.46772828471549, 20.652289251760152], [-101.46772762868788, 20.6522486275965]], [[-101.46772762868788, 20.6522486275965], [-101.46768446935384, 20.65224924508306]], [[-101.46768512537, 20.65228986924804], [-101.46768446935384, 20.65224924508306]], [[-101.46768446935384, 20.65224924508306], [-101.46764131001822, 20.652249862558843]], [[-101.46764196602294, 20.65229048672514], [-101.46764131001822, 20.652249862558843]], [[-101.46764131001822, 20.652249862558843], [-101.46759815068103, 20.652250480023856]], [[-101.46759880667429, 20.65229110419147], [-101.46759815068103, 20.652250480023856]], [[-101.46759815068103, 20.652250480023856], [-101.46755499134224, 20.652251097478086]], [[-101.46755564732406, 20.65229172164703], [-101.46755499134224, 20.652251097478086]], [[-101.46755499134224, 20.652251097478086], [-101.46751183200186, 20.652251714921547]], [[-101.46751248797224, 20.652292339091808], [-101.46751183200186, 20.652251714921547]], [[-101.46751183200186, 20.652251714921547], [-101.4674686726599, 20.652252332354227]], [[-101.46746932861885, 20.65229295652582], [-101.4674686726599, 20.652252332354227]], [[-101.4674686726599, 20.652252332354227], [-101.46742551331639, 20.65225294977613]], [[-101.46742616926386, 20.652293573949045], [-101.46742551331639, 20.65225294977613]], [[-101.46742551331639, 20.65225294977613], [-101.46738235397126, 20.652253567187262]], [[-101.46738300990731, 20.652294191361502], [-101.46738235397126, 20.652253567187262]], [[-101.46738235397126, 20.652253567187262], [-101.46733919462456, 20.65225418458762]], [[-101.46733985054917, 20.652294808763177], [-101.46733919462456, 20.65225418458762]], [[-101.46733919462456, 20.65225418458762], [-101.46729603527629, 20.6522548019772]], [[-101.46729669118943, 20.65229542615408], [-101.46729603527629, 20.6522548019772]], [[-101.46729603527629, 20.6522548019772], [-101.46725287592642, 20.652255419356013]], [[-101.46725353182813, 20.65229604353421], [-101.46725287592642, 20.652255419356013]], [[-101.46725287592642, 20.652255419356013], [-101.46720971657498, 20.65225603672404]], [[-101.46721037246525, 20.652296660903563], [-101.46720971657498, 20.65225603672404]], [[-101.46720971657498, 20.65225603672404], [-101.46716655722194, 20.652256654081288]], [[-101.46716721310077, 20.65229727826214], [-101.46716655722194, 20.652256654081288]], [[-101.46716655722194, 20.652256654081288], [-101.46712339786734, 20.65225727142777]], [[-101.46712405373471, 20.65229789560994], [-101.46712339786734, 20.65225727142777]], [[-101.46712339786734, 20.65225727142777], [-101.46708023851114, 20.652257888763476]], [[-101.46708089436707, 20.652298512946967], [-101.46708023851114, 20.652257888763476]], [[-101.46708023851114, 20.652257888763476], [-101.46703707915337, 20.652258506088405]], [[-101.46703773499786, 20.652299130273214], [-101.46703707915337, 20.652258506088405]], [[-101.46703707915337, 20.652258506088405], [-101.46699391979402, 20.652259123402555]], [[-101.46699457562706, 20.652299747588696], [-101.46699391979402, 20.652259123402555]], [[-101.46699391979402, 20.652259123402555], [-101.46695076043306, 20.652259740705933]], [[-101.46695141625466, 20.65230036489339], [-101.46695076043306, 20.652259740705933]], [[-101.46695076043306, 20.652259740705933], [-101.46690760107056, 20.652260357998536]], [[-101.4669082568807, 20.652300982187317], [-101.46690760107056, 20.652260357998536]], [[-101.46690760107056, 20.652260357998536], [-101.46686444170645, 20.652260975280363]], [[-101.46686509750515, 20.652301599470466], [-101.46686444170645, 20.652260975280363]], [[-101.46686444170645, 20.652260975280363], [-101.46682128234076, 20.65226159255141]], [[-101.46682193812802, 20.65230221674284], [-101.46682128234076, 20.65226159255141]], [[-101.46682128234076, 20.65226159255141], [-101.4667781229735, 20.652262209811685]], [[-101.4667787787493, 20.652302834004434], [-101.4667781229735, 20.652262209811685]], [[-101.4667781229735, 20.652262209811685], [-101.46673496360465, 20.65226282706119]], [[-101.466735619369, 20.652303451255257], [-101.46673496360465, 20.65226282706119]], [[-101.46673496360465, 20.65226282706119], [-101.46669180423422, 20.65226344429991]], [[-101.46669245998713, 20.652304068495305], [-101.46669180423422, 20.65226344429991]], [[-101.46669180423422, 20.65226344429991], [-101.46664864486219, 20.652264061527863]], [[-101.46664930060368, 20.652304685724573], [-101.46664864486219, 20.652264061527863]], [[-101.46664864486219, 20.652264061527863], [-101.4666054854886, 20.652264678745034]], [[-101.46660614121863, 20.652305302943066], [-101.4666054854886, 20.652264678745034]], [[-101.4666054854886, 20.652264678745034], [-101.46656232611343, 20.65226529595143]], [[-101.46656298183201, 20.652305920150784], [-101.46656232611343, 20.65226529595143]], [[-101.46656232611343, 20.65226529595143], [-101.46651916673667, 20.65226591314705]], [[-101.46651982244381, 20.65230653734773], [-101.46651916673667, 20.65226591314705]], [[-101.46651916673667, 20.65226591314705], [-101.46647600735832, 20.6522665303319]], [[-101.46647666305402, 20.6523071545339], [-101.46647600735832, 20.6522665303319]], [[-101.46647600735832, 20.6522665303319], [-101.46643284797841, 20.652267147505974]], [[-101.46643350366266, 20.652307771709296], [-101.46643284797841, 20.652267147505974]], [[-101.46643284797841, 20.652267147505974], [-101.4663896885969, 20.652267764669265]], [[-101.4663903442697, 20.652308388873912], [-101.4663896885969, 20.652267764669265]], [[-101.4663896885969, 20.652267764669265], [-101.46634652921381, 20.652268381821788]], [[-101.46634718487516, 20.652309006027753], [-101.46634652921381, 20.652268381821788]], [[-101.46634652921381, 20.652268381821788], [-101.46630336982915, 20.65226899896353]], [[-101.46630402547906, 20.652309623170826], [-101.46630336982915, 20.65226899896353]], [[-101.46630336982915, 20.65226899896353], [-101.4662602104429, 20.652269616094504]], [[-101.46626086608136, 20.652310240303112], [-101.4662602104429, 20.652269616094504]], [[-101.4662602104429, 20.652269616094504], [-101.46621705105507, 20.652270233214693]], [[-101.46621770668209, 20.65231085742463], [-101.46621705105507, 20.652270233214693]], [[-101.46621705105507, 20.652270233214693], [-101.46617389166565, 20.65227085032411]], [[-101.46617454728123, 20.65231147453537], [-101.46617389166565, 20.65227085032411]], [[-101.46617389166565, 20.65227085032411], [-101.46613073227465, 20.652271467422757]], [[-101.46613138787879, 20.652312091635338], [-101.46613073227465, 20.652271467422757]], [[-101.46613073227465, 20.652271467422757], [-101.46608757288207, 20.652272084510624]], [[-101.46608822847476, 20.652312708724523], [-101.46608757288207, 20.652272084510624]], [[-101.46608757288207, 20.652272084510624], [-101.46604441348792, 20.652272701587716]], [[-101.46604506906917, 20.65231332580294], [-101.46604441348792, 20.652272701587716]], [[-101.46604441348792, 20.652272701587716], [-101.46600125409218, 20.652273318654032]], [[-101.46600190966197, 20.65231394287058], [-101.46600125409218, 20.652273318654032]], [[-101.46600125409218, 20.652273318654032], [-101.46595809469486, 20.652273935709577]], [[-101.46595875025321, 20.652314559927436], [-101.46595809469486, 20.652273935709577]], [[-101.46595809469486, 20.652273935709577], [-101.46591493529596, 20.65227455275434]], [[-101.46591559084285, 20.652315176973527], [-101.46591493529596, 20.65227455275434]], [[-101.46591493529596, 20.65227455275434], [-101.46587177589547, 20.652275169788332]], [[-101.46587243143094, 20.65231579400884], [-101.46587177589547, 20.652275169788332]], [[-101.46587177589547, 20.652275169788332], [-101.46582861649341, 20.652275786811547]], [[-101.46582927201742, 20.652316411033375], [-101.46582861649341, 20.652275786811547]], [[-101.46582861649341, 20.652275786811547], [-101.46578545708975, 20.65227640382398]], [[-101.46578611260233, 20.65231702804713], [-101.46578545708975, 20.65227640382398]], [[-101.46578545708975, 20.65227640382398], [-101.46574229768453, 20.652277020825643]], [[-101.46574295318565, 20.65231764505012], [-101.46574229768453, 20.652277020825643]], [[-101.46574229768453, 20.652277020825643], [-101.46569913827773, 20.652277637816535]], [[-101.4656997937674, 20.652318262042332], [-101.46569913827773, 20.652277637816535]], [[-101.46569913827773, 20.652277637816535], [-101.46565597886932, 20.652278254796645]], [[-101.46565663434755, 20.652318879023763], [-101.46565597886932, 20.652278254796645]], [[-101.46565597886932, 20.652278254796645], [-101.46561281945935, 20.652278871765983]], [[-101.46561347492614, 20.652319495994423], [-101.46561281945935, 20.652278871765983]], [[-101.46561281945935, 20.652278871765983], [-101.4655696600478, 20.652279488724545]], [[-101.46557031550314, 20.652320112954303], [-101.4655696600478, 20.652279488724545]], [[-101.4655696600478, 20.652279488724545], [-101.46552650063467, 20.652280105672332]], [[-101.46552715607855, 20.652320729903412], [-101.46552650063467, 20.652280105672332]], [[-101.46552650063467, 20.652280105672332], [-101.46548334121995, 20.652280722609337]], [[-101.4654839966524, 20.652321346841745], [-101.46548334121995, 20.652280722609337]], [[-101.46548334121995, 20.652280722609337], [-101.46544018180364, 20.652281339535573]], [[-101.46544083722466, 20.6523219637693], [-101.46544018180364, 20.652281339535573]], [[-101.46544018180364, 20.652281339535573], [-101.46539702238576, 20.652281956451034]], [[-101.46539767779532, 20.65232258068608], [-101.46539702238576, 20.652281956451034]], [[-101.46539702238576, 20.652281956451034], [-101.46535386296631, 20.652282573355713]], [[-101.46535451836442, 20.652323197592082], [-101.46535386296631, 20.652282573355713]], [[-101.46535386296631, 20.652282573355713], [-101.46531070354527, 20.652283190249626]], [[-101.46531135893194, 20.652323814487314], [-101.46531070354527, 20.652283190249626]], [[-101.46531070354527, 20.652283190249626], [-101.46526754412264, 20.652283807132754]], [[-101.46526819949787, 20.65232443137177], [-101.46526754412264, 20.652283807132754]], [[-101.46526754412264, 20.652283807132754], [-101.46522438469844, 20.652284424005114]], [[-101.46522504006221, 20.652325048245444], [-101.46522438469844, 20.652284424005114]], [[-101.46522438469844, 20.652284424005114], [-101.46518122527266, 20.6522850408667]], [[-101.46518188062498, 20.652325665108343], [-101.46518122527266, 20.6522850408667]], [[-101.46518122527266, 20.6522850408667], [-101.4651380658453, 20.652285657717503]], [[-101.46513872118618, 20.652326281960477], [-101.4651380658453, 20.652285657717503]], [[-101.4651380658453, 20.652285657717503], [-101.46509490641634, 20.652286274557536]], [[-101.46509556174578, 20.652326898801828], [-101.46509490641634, 20.652286274557536]], [[-101.46509490641634, 20.652286274557536], [-101.46505174698582, 20.65228689138678]], [[-101.46505240230381, 20.652327515632404], [-101.46505174698582, 20.65228689138678]], [[-101.46798658465887, 20.65224492245086], [-101.46798592856418, 20.652204298294933]], [[-101.46798592856418, 20.652204298294933], [-101.46794276925108, 20.652204915844827]], [[-101.46794342533434, 20.652245540002067], [-101.46794276925108, 20.652204915844827]], [[-101.46794276925108, 20.652204915844827], [-101.46789960993641, 20.65220553338394]], [[-101.46790026600821, 20.652246157542507], [-101.46789960993641, 20.65220553338394]], [[-101.46789960993641, 20.65220553338394], [-101.46785645062015, 20.652206150912278]], [[-101.4678571066805, 20.65224677507217], [-101.46785645062015, 20.652206150912278]], [[-101.46785645062015, 20.652206150912278], [-101.46781329130229, 20.652206768429842]], [[-101.46781394735122, 20.652247392591054], [-101.46781329130229, 20.652206768429842]], [[-101.46781329130229, 20.652206768429842], [-101.46777013198286, 20.652207385936627]], [[-101.46777078802033, 20.652248010099164], [-101.46777013198286, 20.652207385936627]], [[-101.46777013198286, 20.652207385936627], [-101.46772697266185, 20.652208003432644]], [[-101.46772762868788, 20.6522486275965], [-101.46772697266185, 20.652208003432644]], [[-101.46772697266185, 20.652208003432644], [-101.46768381333926, 20.65220862091788]], [[-101.46768446935384, 20.65224924508306], [-101.46768381333926, 20.65220862091788]], [[-101.46768381333926, 20.65220862091788], [-101.46764065401509, 20.652209238392338]], [[-101.46764131001822, 20.652249862558843], [-101.46764065401509, 20.652209238392338]], [[-101.46764065401509, 20.652209238392338], [-101.46759749468933, 20.652209855856025]], [[-101.46759815068103, 20.652250480023856], [-101.46759749468933, 20.652209855856025]], [[-101.46759749468933, 20.652209855856025], [-101.467554335362, 20.652210473308937]], [[-101.46755499134224, 20.652251097478086], [-101.467554335362, 20.652210473308937]], [[-101.467554335362, 20.652210473308937], [-101.46751117603307, 20.652211090751074]], [[-101.46751183200186, 20.652251714921547], [-101.46751117603307, 20.652211090751074]], [[-101.46751117603307, 20.652211090751074], [-101.46746801670255, 20.65221170818243]], [[-101.4674686726599, 20.652252332354227], [-101.46746801670255, 20.65221170818243]], [[-101.46746801670255, 20.65221170818243], [-101.46742485737047, 20.65221232560302]], [[-101.46742551331639, 20.65225294977613], [-101.46742485737047, 20.65221232560302]], [[-101.46742485737047, 20.65221232560302], [-101.4673816980368, 20.65221294301283]], [[-101.46738235397126, 20.652253567187262], [-101.4673816980368, 20.65221294301283]], [[-101.4673816980368, 20.65221294301283], [-101.46733853870154, 20.652213560411862]], [[-101.46733919462456, 20.65225418458762], [-101.46733853870154, 20.652213560411862]], [[-101.46733853870154, 20.652213560411862], [-101.46729537936471, 20.652214177800122]], [[-101.46729603527629, 20.6522548019772], [-101.46729537936471, 20.652214177800122]], [[-101.46729537936471, 20.652214177800122], [-101.4672522200263, 20.652214795177603]], [[-101.46725287592642, 20.652255419356013], [-101.4672522200263, 20.652214795177603]], [[-101.4672522200263, 20.652214795177603], [-101.4672090606863, 20.65221541254431]], [[-101.46720971657498, 20.65225603672404], [-101.4672090606863, 20.65221541254431]], [[-101.4672090606863, 20.65221541254431], [-101.46716590134471, 20.65221602990024]], [[-101.46716655722194, 20.652256654081288], [-101.46716590134471, 20.65221602990024]], [[-101.46716590134471, 20.65221602990024], [-101.46712274200155, 20.6522166472454]], [[-101.46712339786734, 20.65225727142777], [-101.46712274200155, 20.6522166472454]], [[-101.46712274200155, 20.6522166472454], [-101.46707958265681, 20.652217264579782]], [[-101.46708023851114, 20.652257888763476], [-101.46707958265681, 20.652217264579782]], [[-101.46707958265681, 20.652217264579782], [-101.46703642331046, 20.65221788190339]], [[-101.46703707915337, 20.652258506088405], [-101.46703642331046, 20.65221788190339]], [[-101.46703642331046, 20.65221788190339], [-101.46699326396256, 20.652218499216215]], [[-101.46699391979402, 20.652259123402555], [-101.46699326396256, 20.652218499216215]], [[-101.46699326396256, 20.652218499216215], [-101.46695010461306, 20.65221911651827]], [[-101.46695076043306, 20.652259740705933], [-101.46695010461306, 20.65221911651827]], [[-101.46695010461306, 20.65221911651827], [-101.46690694526198, 20.652219733809552]], [[-101.46690760107056, 20.652260357998536], [-101.46690694526198, 20.652219733809552]], [[-101.46690694526198, 20.652219733809552], [-101.46686378590934, 20.652220351090058]], [[-101.46686444170645, 20.652260975280363], [-101.46686378590934, 20.652220351090058]], [[-101.46686378590934, 20.652220351090058], [-101.46682062655509, 20.65222096835978]], [[-101.46682128234076, 20.65226159255141], [-101.46682062655509, 20.65222096835978]], [[-101.46682062655509, 20.65222096835978], [-101.46677746719926, 20.652221585618733]], [[-101.4667781229735, 20.652262209811685], [-101.46677746719926, 20.652221585618733]], [[-101.46677746719926, 20.652221585618733], [-101.46673430784186, 20.652222202866913]], [[-101.46673496360465, 20.65226282706119], [-101.46673430784186, 20.652222202866913]], [[-101.46673430784186, 20.652222202866913], [-101.46669114848288, 20.652222820104313]], [[-101.46669180423422, 20.65226344429991], [-101.46669114848288, 20.652222820104313]], [[-101.46669114848288, 20.652222820104313], [-101.46664798912231, 20.652223437330942]], [[-101.46664864486219, 20.652264061527863], [-101.46664798912231, 20.652223437330942]], [[-101.46664798912231, 20.652223437330942], [-101.46660482976016, 20.652224054546792]], [[-101.4666054854886, 20.652264678745034], [-101.46660482976016, 20.652224054546792]], [[-101.46660482976016, 20.652224054546792], [-101.46656167039643, 20.65222467175187]], [[-101.46656232611343, 20.65226529595143], [-101.46656167039643, 20.65222467175187]], [[-101.46656167039643, 20.65222467175187], [-101.46651851103111, 20.65222528894617]], [[-101.46651916673667, 20.65226591314705], [-101.46651851103111, 20.65222528894617]], [[-101.46651851103111, 20.65222528894617], [-101.46647535166422, 20.652225906129694]], [[-101.46647600735832, 20.6522665303319], [-101.46647535166422, 20.652225906129694]], [[-101.46647535166422, 20.652225906129694], [-101.46643219229574, 20.652226523302442]], [[-101.46643284797841, 20.652267147505974], [-101.46643219229574, 20.652226523302442]], [[-101.46643219229574, 20.652226523302442], [-101.46638903292568, 20.652227140464415]], [[-101.4663896885969, 20.652267764669265], [-101.46638903292568, 20.652227140464415]], [[-101.46638903292568, 20.652227140464415], [-101.46634587355403, 20.652227757615616]], [[-101.46634652921381, 20.652268381821788], [-101.46634587355403, 20.652227757615616]], [[-101.46634587355403, 20.652227757615616], [-101.46630271418081, 20.652228374756035]], [[-101.46630336982915, 20.65226899896353], [-101.46630271418081, 20.652228374756035]], [[-101.46630271418081, 20.652228374756035], [-101.46625955480602, 20.652228991885686]], [[-101.4662602104429, 20.652269616094504], [-101.46625955480602, 20.652228991885686]], [[-101.46625955480602, 20.652228991885686], [-101.46621639542963, 20.652229609004557]], [[-101.46621705105507, 20.652270233214693], [-101.46621639542963, 20.652229609004557]], [[-101.46621639542963, 20.652229609004557], [-101.46617323605166, 20.652230226112653]], [[-101.46617389166565, 20.65227085032411], [-101.46617323605166, 20.652230226112653]], [[-101.46617323605166, 20.652230226112653], [-101.4661300766721, 20.652230843209978]], [[-101.46613073227465, 20.652271467422757], [-101.4661300766721, 20.652230843209978]], [[-101.4661300766721, 20.652230843209978], [-101.46608691729097, 20.652231460296523]], [[-101.46608757288207, 20.652272084510624], [-101.46608691729097, 20.652231460296523]], [[-101.46608691729097, 20.652231460296523], [-101.46604375790825, 20.65223207737229]], [[-101.46604441348792, 20.652272701587716], [-101.46604375790825, 20.65223207737229]], [[-101.46604375790825, 20.65223207737229], [-101.46600059852396, 20.65223269443729]], [[-101.46600125409218, 20.652273318654032], [-101.46600059852396, 20.65223269443729]], [[-101.46600059852396, 20.65223269443729], [-101.46595743913808, 20.652233311491504]], [[-101.46595809469486, 20.652273935709577], [-101.46595743913808, 20.652233311491504]], [[-101.46595743913808, 20.652233311491504], [-101.46591427975062, 20.65223392853495]], [[-101.46591493529596, 20.65227455275434], [-101.46591427975062, 20.65223392853495]], [[-101.46591427975062, 20.65223392853495], [-101.46587112036158, 20.652234545567616]], [[-101.46587177589547, 20.652275169788332], [-101.46587112036158, 20.652234545567616]], [[-101.46587112036158, 20.652234545567616], [-101.46582796097097, 20.65223516258951]], [[-101.46582861649341, 20.652275786811547], [-101.46582796097097, 20.65223516258951]], [[-101.46582796097097, 20.65223516258951], [-101.46578480157876, 20.652235779600627]], [[-101.46578545708975, 20.65227640382398], [-101.46578480157876, 20.652235779600627]], [[-101.46578480157876, 20.652235779600627], [-101.46574164218498, 20.652236396600966]], [[-101.46574229768453, 20.652277020825643], [-101.46574164218498, 20.652236396600966]], [[-101.46574164218498, 20.652236396600966], [-101.4656984827896, 20.652237013590536]], [[-101.46569913827773, 20.652277637816535], [-101.4656984827896, 20.652237013590536]], [[-101.4656984827896, 20.652237013590536], [-101.46565532339267, 20.652237630569324]], [[-101.46565597886932, 20.652278254796645], [-101.46565532339267, 20.652237630569324]], [[-101.46565532339267, 20.652237630569324], [-101.46561216399415, 20.652238247537337]], [[-101.46561281945935, 20.652278871765983], [-101.46561216399415, 20.652238247537337]], [[-101.46561216399415, 20.652238247537337], [-101.46556900459403, 20.652238864494578]], [[-101.4655696600478, 20.652279488724545], [-101.46556900459403, 20.652238864494578]], [[-101.46556900459403, 20.652238864494578], [-101.46552584519235, 20.652239481441043]], [[-101.46552650063467, 20.652280105672332], [-101.46552584519235, 20.652239481441043]], [[-101.46552584519235, 20.652239481441043], [-101.46548268578907, 20.65224009837673]], [[-101.46548334121995, 20.652280722609337], [-101.46548268578907, 20.65224009837673]], [[-101.46548268578907, 20.65224009837673], [-101.46543952638422, 20.65224071530164]], [[-101.46544018180364, 20.652281339535573], [-101.46543952638422, 20.65224071530164]], [[-101.46543952638422, 20.65224071530164], [-101.46539636697779, 20.65224133221578]], [[-101.46539702238576, 20.652281956451034], [-101.46539636697779, 20.65224133221578]], [[-101.46539636697779, 20.65224133221578], [-101.46535320756978, 20.652241949119148]], [[-101.46535386296631, 20.652282573355713], [-101.46535320756978, 20.652241949119148]], [[-101.46535320756978, 20.652241949119148], [-101.46531004816018, 20.652242566011733]], [[-101.46531070354527, 20.652283190249626], [-101.46531004816018, 20.652242566011733]], [[-101.46531004816018, 20.652242566011733], [-101.46526688874899, 20.65224318289354]], [[-101.46526754412264, 20.652283807132754], [-101.46526688874899, 20.65224318289354]], [[-101.46526688874899, 20.65224318289354], [-101.46522372933624, 20.65224379976458]], [[-101.46522438469844, 20.652284424005114], [-101.46522372933624, 20.65224379976458]], [[-101.46522372933624, 20.65224379976458], [-101.4651805699219, 20.65224441662484]], [[-101.46518122527266, 20.6522850408667], [-101.4651805699219, 20.65224441662484]], [[-101.4651805699219, 20.65224441662484], [-101.46513741050597, 20.652245033474323]], [[-101.4651380658453, 20.652285657717503], [-101.46513741050597, 20.652245033474323]], [[-101.46513741050597, 20.652245033474323], [-101.46509425108849, 20.65224565031303]], [[-101.46509490641634, 20.652286274557536], [-101.46509425108849, 20.65224565031303]], [[-101.46509425108849, 20.65224565031303], [-101.4650510916694, 20.652246267140963]], [[-101.46505174698582, 20.65228689138678], [-101.4650510916694, 20.652246267140963]], [[-101.46798592856418, 20.652204298294933], [-101.46798527247107, 20.6521636741388]], [[-101.46798527247107, 20.6521636741388], [-101.46794211316941, 20.65216429168737]], [[-101.46794276925108, 20.652204915844827], [-101.46794211316941, 20.65216429168737]], [[-101.46794211316941, 20.65216429168737], [-101.46789895386618, 20.65216490922516]], [[-101.46789960993641, 20.65220553338394], [-101.46789895386618, 20.65216490922516]], [[-101.46789895386618, 20.65216490922516], [-101.46785579456136, 20.652165526752178]], [[-101.46785645062015, 20.652206150912278], [-101.46785579456136, 20.652165526752178]], [[-101.46785579456136, 20.652165526752178], [-101.46781263525497, 20.652166144268417]], [[-101.46781329130229, 20.652206768429842], [-101.46781263525497, 20.652166144268417]], [[-101.46781263525497, 20.652166144268417], [-101.467769475947, 20.652166761773884]], [[-101.46777013198286, 20.652207385936627], [-101.467769475947, 20.652166761773884]], [[-101.467769475947, 20.652166761773884], [-101.46772631663741, 20.652167379268572]], [[-101.46772697266185, 20.652208003432644], [-101.46772631663741, 20.652167379268572]], [[-101.46772631663741, 20.652167379268572], [-101.46768315732628, 20.652167996752482]], [[-101.46768381333926, 20.65220862091788], [-101.46768315732628, 20.652167996752482]], [[-101.46768315732628, 20.652167996752482], [-101.46763999801354, 20.65216861422562]], [[-101.46764065401509, 20.652209238392338], [-101.46763999801354, 20.65216861422562]], [[-101.46763999801354, 20.65216861422562], [-101.46759683869922, 20.652169231687985]], [[-101.46759749468933, 20.652209855856025], [-101.46759683869922, 20.652169231687985]], [[-101.46759683869922, 20.652169231687985], [-101.46755367938333, 20.652169849139575]], [[-101.467554335362, 20.652210473308937], [-101.46755367938333, 20.652169849139575]], [[-101.46755367938333, 20.652169849139575], [-101.46751052006586, 20.65217046658039]], [[-101.46751117603307, 20.652211090751074], [-101.46751052006586, 20.65217046658039]], [[-101.46751052006586, 20.65217046658039], [-101.4674673607468, 20.652171084010426]], [[-101.46746801670255, 20.65221170818243], [-101.4674673607468, 20.652171084010426]], [[-101.4674673607468, 20.652171084010426], [-101.46742420142614, 20.65217170142969]], [[-101.46742485737047, 20.65221232560302], [-101.46742420142614, 20.65217170142969]], [[-101.46742420142614, 20.65217170142969], [-101.46738104210392, 20.65217231883818]], [[-101.4673816980368, 20.65221294301283], [-101.46738104210392, 20.65217231883818]], [[-101.46738104210392, 20.65217231883818], [-101.46733788278011, 20.652172936235885]], [[-101.46733853870154, 20.652213560411862], [-101.46733788278011, 20.652172936235885]], [[-101.46733788278011, 20.652172936235885], [-101.46729472345473, 20.65217355362282]], [[-101.46729537936471, 20.652214177800122], [-101.46729472345473, 20.65217355362282]], [[-101.46729472345473, 20.65217355362282], [-101.46725156412775, 20.652174170998986]], [[-101.4672522200263, 20.652214795177603], [-101.46725156412775, 20.652174170998986]], [[-101.46725156412775, 20.652174170998986], [-101.4672084047992, 20.65217478836437]], [[-101.4672090606863, 20.65221541254431], [-101.4672084047992, 20.65217478836437]], [[-101.4672084047992, 20.65217478836437], [-101.46716524546906, 20.652175405718975]], [[-101.46716590134471, 20.65221602990024], [-101.46716524546906, 20.652175405718975]], [[-101.46716524546906, 20.652175405718975], [-101.46712208613734, 20.652176023062815]], [[-101.46712274200155, 20.6522166472454], [-101.46712208613734, 20.652176023062815]], [[-101.46712208613734, 20.652176023062815], [-101.46707892680404, 20.65217664039587]], [[-101.46707958265681, 20.652217264579782], [-101.46707892680404, 20.65217664039587]], [[-101.46707892680404, 20.65217664039587], [-101.46703576746914, 20.652177257718158]], [[-101.46703642331046, 20.65221788190339], [-101.46703576746914, 20.652177257718158]], [[-101.46703576746914, 20.652177257718158], [-101.46699260813268, 20.65217787502966]], [[-101.46699326396256, 20.652218499216215], [-101.46699260813268, 20.65217787502966]], [[-101.46699260813268, 20.65217787502966], [-101.46694944879464, 20.652178492330393]], [[-101.46695010461306, 20.65221911651827], [-101.46694944879464, 20.652178492330393]], [[-101.46694944879464, 20.652178492330393], [-101.46690628945501, 20.65217910962035]], [[-101.46690694526198, 20.652219733809552], [-101.46690628945501, 20.65217910962035]], [[-101.46690628945501, 20.65217910962035], [-101.4668631301138, 20.652179726899533]], [[-101.46686378590934, 20.652220351090058], [-101.4668631301138, 20.652179726899533]], [[-101.4668631301138, 20.652179726899533], [-101.466819970771, 20.65218034416794]], [[-101.46682062655509, 20.65222096835978], [-101.466819970771, 20.65218034416794]], [[-101.466819970771, 20.65218034416794], [-101.46677681142663, 20.652180961425568]], [[-101.46677746719926, 20.652221585618733], [-101.46677681142663, 20.652180961425568]], [[-101.46677681142663, 20.652180961425568], [-101.46673365208066, 20.652181578672426]], [[-101.46673430784186, 20.652222202866913], [-101.46673365208066, 20.652181578672426]], [[-101.46673365208066, 20.652181578672426], [-101.46669049273312, 20.65218219590851]], [[-101.46669114848288, 20.652222820104313], [-101.46669049273312, 20.65218219590851]], [[-101.46669049273312, 20.65218219590851], [-101.466647333384, 20.652182813133805]], [[-101.46664798912231, 20.652223437330942], [-101.466647333384, 20.652182813133805]], [[-101.466647333384, 20.652182813133805], [-101.4666041740333, 20.652183430348337]], [[-101.46660482976016, 20.652224054546792], [-101.4666041740333, 20.652183430348337]], [[-101.4666041740333, 20.652183430348337], [-101.466561014681, 20.652184047552094]], [[-101.46656167039643, 20.65222467175187], [-101.466561014681, 20.652184047552094]], [[-101.466561014681, 20.652184047552094], [-101.46651785532714, 20.65218466474507]], [[-101.46651851103111, 20.65222528894617], [-101.46651785532714, 20.65218466474507]], [[-101.46651785532714, 20.65218466474507], [-101.46647469597168, 20.652185281927277]], [[-101.46647535166422, 20.652225906129694], [-101.46647469597168, 20.652185281927277]], [[-101.46647469597168, 20.652185281927277], [-101.46643153661466, 20.6521858990987]], [[-101.46643219229574, 20.652226523302442], [-101.46643153661466, 20.6521858990987]], [[-101.46643153661466, 20.6521858990987], [-101.46638837725604, 20.652186516259352]], [[-101.46638903292568, 20.652227140464415], [-101.46638837725604, 20.652186516259352]], [[-101.46638837725604, 20.652186516259352], [-101.46634521789585, 20.652187133409228]], [[-101.46634587355403, 20.652227757615616], [-101.46634521789585, 20.652187133409228]], [[-101.46634521789585, 20.652187133409228], [-101.46630205853405, 20.65218775054833]], [[-101.46630271418081, 20.652228374756035], [-101.46630205853405, 20.65218775054833]], [[-101.46630205853405, 20.65218775054833], [-101.46625889917071, 20.652188367676658]], [[-101.46625955480602, 20.652228991885686], [-101.46625889917071, 20.652188367676658]], [[-101.46625889917071, 20.652188367676658], [-101.46621573980576, 20.6521889847942]], [[-101.46621639542963, 20.652229609004557], [-101.46621573980576, 20.6521889847942]], [[-101.46621573980576, 20.6521889847942], [-101.46617258043923, 20.652189601900982]], [[-101.46617323605166, 20.652230226112653], [-101.46617258043923, 20.652189601900982]], [[-101.46617258043923, 20.652189601900982], [-101.46612942107114, 20.652190218996978]], [[-101.4661300766721, 20.652230843209978], [-101.46612942107114, 20.652190218996978]], [[-101.46612942107114, 20.652190218996978], [-101.46608626170145, 20.652190836082205]], [[-101.46608691729097, 20.652231460296523], [-101.46608626170145, 20.652190836082205]], [[-101.46608626170145, 20.652190836082205], [-101.46604310233018, 20.652191453156654]], [[-101.46604375790825, 20.65223207737229], [-101.46604310233018, 20.652191453156654]], [[-101.46604310233018, 20.652191453156654], [-101.46599994295734, 20.652192070220327]], [[-101.46600059852396, 20.65223269443729], [-101.46599994295734, 20.652192070220327]], [[-101.46599994295734, 20.652192070220327], [-101.4659567835829, 20.65219268727322]], [[-101.46595743913808, 20.652233311491504], [-101.4659567835829, 20.65219268727322]], [[-101.4659567835829, 20.65219268727322], [-101.46591362420689, 20.65219330431534]], [[-101.46591427975062, 20.65223392853495], [-101.46591362420689, 20.65219330431534]], [[-101.46591362420689, 20.65219330431534], [-101.4658704648293, 20.652193921346687]], [[-101.46587112036158, 20.652234545567616], [-101.4658704648293, 20.652193921346687]], [[-101.4658704648293, 20.652193921346687], [-101.46582730545012, 20.652194538367258]], [[-101.46582796097097, 20.65223516258951], [-101.46582730545012, 20.652194538367258]], [[-101.46582730545012, 20.652194538367258], [-101.46578414606935, 20.652195155377054]], [[-101.46578480157876, 20.652235779600627], [-101.46578414606935, 20.652195155377054]], [[-101.46578414606935, 20.652195155377054], [-101.46574098668701, 20.652195772376075]], [[-101.46574164218498, 20.652236396600966], [-101.46574098668701, 20.652195772376075]], [[-101.46574098668701, 20.652195772376075], [-101.4656978273031, 20.65219638936432]], [[-101.4656984827896, 20.652237013590536], [-101.4656978273031, 20.65219638936432]], [[-101.4656978273031, 20.65219638936432], [-101.4656546679176, 20.65219700634179]], [[-101.46565532339267, 20.652237630569324], [-101.4656546679176, 20.65219700634179]], [[-101.4656546679176, 20.65219700634179], [-101.46561150853051, 20.65219762330848]], [[-101.46561216399415, 20.652238247537337], [-101.46561150853051, 20.65219762330848]], [[-101.46561150853051, 20.65219762330848], [-101.46556834914186, 20.6521982402644]], [[-101.46556900459403, 20.652238864494578], [-101.46556834914186, 20.6521982402644]], [[-101.46556834914186, 20.6521982402644], [-101.46552518975162, 20.652198857209548]], [[-101.46552584519235, 20.652239481441043], [-101.46552518975162, 20.652198857209548]], [[-101.46552518975162, 20.652198857209548], [-101.46548203035978, 20.652199474143913]], [[-101.46548268578907, 20.65224009837673], [-101.46548203035978, 20.652199474143913]], [[-101.46548203035978, 20.652199474143913], [-101.46543887096638, 20.652200091067506]], [[-101.46543952638422, 20.65224071530164], [-101.46543887096638, 20.652200091067506]], [[-101.46543887096638, 20.652200091067506], [-101.46539571157139, 20.652200707980317]], [[-101.46539636697779, 20.65224133221578], [-101.46539571157139, 20.652200707980317]], [[-101.46539571157139, 20.652200707980317], [-101.46535255217482, 20.652201324882355]], [[-101.46535320756978, 20.652241949119148], [-101.46535255217482, 20.652201324882355]], [[-101.46535255217482, 20.652201324882355], [-101.46530939277667, 20.652201941773626]], [[-101.46531004816018, 20.652242566011733], [-101.46530939277667, 20.652201941773626]], [[-101.46530939277667, 20.652201941773626], [-101.46526623337694, 20.65220255865411]], [[-101.46526688874899, 20.65224318289354], [-101.46526623337694, 20.65220255865411]], [[-101.46526623337694, 20.65220255865411], [-101.46522307397562, 20.652203175523827]], [[-101.46522372933624, 20.65224379976458], [-101.46522307397562, 20.652203175523827]], [[-101.46522307397562, 20.652203175523827], [-101.46517991457273, 20.652203792382764]], [[-101.4651805699219, 20.65224441662484], [-101.46517991457273, 20.652203792382764]], [[-101.46517991457273, 20.652203792382764], [-101.46513675516825, 20.65220440923093]], [[-101.46513741050597, 20.652245033474323], [-101.46513675516825, 20.65220440923093]], [[-101.46513675516825, 20.65220440923093], [-101.4650935957622, 20.65220502606832]], [[-101.46509425108849, 20.65224565031303], [-101.4650935957622, 20.65220502606832]], [[-101.4650935957622, 20.65220502606832], [-101.46505043635456, 20.65220564289493]], [[-101.4650510916694, 20.652246267140963], [-101.46505043635456, 20.65220564289493]], [[-101.46798527247107, 20.6521636741388], [-101.46798461637954, 20.652123049982453]], [[-101.46798461637954, 20.652123049982453], [-101.46794145708934, 20.652123667529697]], [[-101.46794211316941, 20.65216429168737], [-101.46794145708934, 20.652123667529697]], [[-101.46794145708934, 20.652123667529697], [-101.46789829779755, 20.65212428506617]], [[-101.46789895386618, 20.65216490922516], [-101.46789829779755, 20.65212428506617]], [[-101.46789829779755, 20.65212428506617], [-101.46785513850418, 20.652124902591858]], [[-101.46785579456136, 20.652165526752178], [-101.46785513850418, 20.652124902591858]], [[-101.46785513850418, 20.652124902591858], [-101.46781197920922, 20.65212552010678]], [[-101.46781263525497, 20.652166144268417], [-101.46781197920922, 20.65212552010678]], [[-101.46781197920922, 20.65212552010678], [-101.46776881991268, 20.65212613761092]], [[-101.467769475947, 20.652166761773884], [-101.46776881991268, 20.65212613761092]], [[-101.46776881991268, 20.65212613761092], [-101.46772566061456, 20.652126755104288]], [[-101.46772631663741, 20.652167379268572], [-101.46772566061456, 20.652126755104288]], [[-101.46772566061456, 20.652126755104288], [-101.46768250131487, 20.652127372586882]], [[-101.46768315732628, 20.652167996752482], [-101.46768250131487, 20.652127372586882]], [[-101.46768250131487, 20.652127372586882], [-101.46763934201357, 20.6521279900587]], [[-101.46763999801354, 20.65216861422562], [-101.46763934201357, 20.6521279900587]], [[-101.46763934201357, 20.6521279900587], [-101.46759618271071, 20.652128607519735]], [[-101.46759683869922, 20.652169231687985], [-101.46759618271071, 20.652128607519735]], [[-101.46759618271071, 20.652128607519735], [-101.46755302340625, 20.652129224970004]], [[-101.46755367938333, 20.652169849139575], [-101.46755302340625, 20.652129224970004]], [[-101.46755302340625, 20.652129224970004], [-101.46750986410022, 20.652129842409494]], [[-101.46751052006586, 20.65217046658039], [-101.46750986410022, 20.652129842409494]], [[-101.46750986410022, 20.652129842409494], [-101.4674667047926, 20.652130459838208]], [[-101.4674673607468, 20.652171084010426], [-101.4674667047926, 20.652130459838208]], [[-101.4674667047926, 20.652130459838208], [-101.46742354548341, 20.652131077256147]], [[-101.46742420142614, 20.65217170142969], [-101.46742354548341, 20.652131077256147]], [[-101.46742354548341, 20.652131077256147], [-101.46738038617262, 20.652131694663314]], [[-101.46738104210392, 20.65217231883818], [-101.46738038617262, 20.652131694663314]], [[-101.46738038617262, 20.652131694663314], [-101.46733722686027, 20.652132312059702]], [[-101.46733788278011, 20.652172936235885], [-101.46733722686027, 20.652132312059702]], [[-101.46733722686027, 20.652132312059702], [-101.46729406754632, 20.65213292944531]], [[-101.46729472345473, 20.65217355362282], [-101.46729406754632, 20.65213292944531]], [[-101.46729406754632, 20.65213292944531], [-101.46725090823078, 20.652133546820153]], [[-101.46725156412775, 20.652174170998986], [-101.46725090823078, 20.652133546820153]], [[-101.46725090823078, 20.652133546820153], [-101.46720774891368, 20.652134164184215]], [[-101.4672084047992, 20.65217478836437], [-101.46720774891368, 20.652134164184215]], [[-101.46720774891368, 20.652134164184215], [-101.46716458959499, 20.6521347815375]], [[-101.46716524546906, 20.652175405718975], [-101.46716458959499, 20.6521347815375]], [[-101.46716458959499, 20.6521347815375], [-101.46712143027472, 20.652135398880013]], [[-101.46712208613734, 20.652176023062815], [-101.46712143027472, 20.652135398880013]], [[-101.46712143027472, 20.652135398880013], [-101.46707827095285, 20.65213601621175]], [[-101.46707892680404, 20.65217664039587], [-101.46707827095285, 20.65213601621175]], [[-101.46707827095285, 20.65213601621175], [-101.46703511162941, 20.65213663353271]], [[-101.46703576746914, 20.652177257718158], [-101.46703511162941, 20.65213663353271]], [[-101.46703511162941, 20.65213663353271], [-101.46699195230438, 20.652137250842898]], [[-101.46699260813268, 20.65217787502966], [-101.46699195230438, 20.652137250842898]], [[-101.46699195230438, 20.652137250842898], [-101.46694879297779, 20.65213786814231]], [[-101.46694944879464, 20.652178492330393], [-101.46694879297779, 20.65213786814231]], [[-101.46694879297779, 20.65213786814231], [-101.4669056336496, 20.65213848543094]], [[-101.46690628945501, 20.65217910962035], [-101.4669056336496, 20.65213848543094]], [[-101.4669056336496, 20.65213848543094], [-101.46686247431984, 20.652139102708794]], [[-101.4668631301138, 20.652179726899533], [-101.46686247431984, 20.652139102708794]], [[-101.46686247431984, 20.652139102708794], [-101.46681931498848, 20.652139719975885]], [[-101.466819970771, 20.65218034416794], [-101.46681931498848, 20.652139719975885]], [[-101.46681931498848, 20.652139719975885], [-101.46677615565555, 20.652140337232193]], [[-101.46677681142663, 20.652180961425568], [-101.46677615565555, 20.652140337232193]], [[-101.46677615565555, 20.652140337232193], [-101.46673299632104, 20.652140954477726]], [[-101.46673365208066, 20.652181578672426], [-101.46673299632104, 20.652140954477726]], [[-101.46673299632104, 20.652140954477726], [-101.46668983698494, 20.652141571712484]], [[-101.46669049273312, 20.65218219590851], [-101.46668983698494, 20.652141571712484]], [[-101.46668983698494, 20.652141571712484], [-101.46664667764728, 20.65214218893647]], [[-101.466647333384, 20.652182813133805], [-101.46664667764728, 20.65214218893647]], [[-101.46664667764728, 20.65214218893647], [-101.466603518308, 20.652142806149673]], [[-101.4666041740333, 20.652183430348337], [-101.466603518308, 20.652142806149673]], [[-101.466603518308, 20.652142806149673], [-101.46656035896717, 20.652143423352108]], [[-101.466561014681, 20.652184047552094], [-101.46656035896717, 20.652143423352108]], [[-101.46656035896717, 20.652143423352108], [-101.46651719962475, 20.652144040543764]], [[-101.46651785532714, 20.65218466474507], [-101.46651719962475, 20.652144040543764]], [[-101.46651719962475, 20.652144040543764], [-101.46647404028073, 20.65214465772464]], [[-101.46647469597168, 20.652185281927277], [-101.46647404028073, 20.65214465772464]], [[-101.46647404028073, 20.65214465772464], [-101.46643088093514, 20.652145274894746]], [[-101.46643153661466, 20.6521858990987], [-101.46643088093514, 20.652145274894746]], [[-101.46643088093514, 20.652145274894746], [-101.46638772158798, 20.652145892054072]], [[-101.46638837725604, 20.652186516259352], [-101.46638772158798, 20.652145892054072]], [[-101.46638772158798, 20.652145892054072], [-101.46634456223923, 20.652146509202634]], [[-101.46634521789585, 20.652187133409228], [-101.46634456223923, 20.652146509202634]], [[-101.46634456223923, 20.652146509202634], [-101.46630140288889, 20.65214712634041]], [[-101.46630205853405, 20.65218775054833], [-101.46630140288889, 20.65214712634041]], [[-101.46630140288889, 20.65214712634041], [-101.46625824353698, 20.652147743467413]], [[-101.46625889917071, 20.652188367676658], [-101.46625824353698, 20.652147743467413]], [[-101.46625824353698, 20.652147743467413], [-101.46621508418349, 20.65214836058364]], [[-101.46621573980576, 20.6521889847942], [-101.46621508418349, 20.65214836058364]], [[-101.46621508418349, 20.65214836058364], [-101.4661719248284, 20.652148977689095]], [[-101.46617258043923, 20.652189601900982], [-101.4661719248284, 20.652148977689095]], [[-101.4661719248284, 20.652148977689095], [-101.46612876547175, 20.652149594783772]], [[-101.46612942107114, 20.652190218996978], [-101.46612876547175, 20.652149594783772]], [[-101.46612876547175, 20.652149594783772], [-101.46608560611351, 20.652150211867674]], [[-101.46608626170145, 20.652190836082205], [-101.46608560611351, 20.652150211867674]], [[-101.46608560611351, 20.652150211867674], [-101.46604244675369, 20.6521508289408]], [[-101.46604310233018, 20.652191453156654], [-101.46604244675369, 20.6521508289408]], [[-101.46604244675369, 20.6521508289408], [-101.46599928739228, 20.65215144600315]], [[-101.46599994295734, 20.652192070220327], [-101.46599928739228, 20.65215144600315]], [[-101.46599928739228, 20.65215144600315], [-101.4659561280293, 20.652152063054732]], [[-101.4659567835829, 20.65219268727322], [-101.4659561280293, 20.652152063054732]], [[-101.4659561280293, 20.652152063054732], [-101.46591296866472, 20.65215268009553]], [[-101.46591362420689, 20.65219330431534], [-101.46591296866472, 20.65215268009553]], [[-101.46591296866472, 20.65215268009553], [-101.46586980929858, 20.652153297125555]], [[-101.4658704648293, 20.652193921346687], [-101.46586980929858, 20.652153297125555]], [[-101.46586980929858, 20.652153297125555], [-101.46582664993085, 20.6521539141448]], [[-101.46582730545012, 20.652194538367258], [-101.46582664993085, 20.6521539141448]], [[-101.46582664993085, 20.6521539141448], [-101.46578349056153, 20.652154531153272]], [[-101.46578414606935, 20.652195155377054], [-101.46578349056153, 20.652154531153272]], [[-101.46578349056153, 20.652154531153272], [-101.46574033119063, 20.65215514815097]], [[-101.46574098668701, 20.652195772376075], [-101.46574033119063, 20.65215514815097]], [[-101.46574033119063, 20.65215514815097], [-101.46569717181816, 20.652155765137895]], [[-101.4656978273031, 20.65219638936432], [-101.46569717181816, 20.652155765137895]], [[-101.46569717181816, 20.652155765137895], [-101.46565401244412, 20.652156382114043]], [[-101.4656546679176, 20.65219700634179], [-101.46565401244412, 20.652156382114043]], [[-101.46565401244412, 20.652156382114043], [-101.46561085306847, 20.65215699907942]], [[-101.46561150853051, 20.65219762330848], [-101.46561085306847, 20.65215699907942]], [[-101.46561085306847, 20.65215699907942], [-101.46556769369126, 20.65215761603401]], [[-101.46556834914186, 20.6521982402644], [-101.46556769369126, 20.65215761603401]], [[-101.46556769369126, 20.65215761603401], [-101.46552453431246, 20.652158232977833]], [[-101.46552518975162, 20.652198857209548], [-101.46552453431246, 20.652158232977833]], [[-101.46552453431246, 20.652158232977833], [-101.46548137493207, 20.65215884991088]], [[-101.46548203035978, 20.652199474143913], [-101.46548137493207, 20.65215884991088]], [[-101.46548137493207, 20.65215884991088], [-101.46543821555011, 20.652159466833147]], [[-101.46543887096638, 20.652200091067506], [-101.46543821555011, 20.652159466833147]], [[-101.46543821555011, 20.652159466833147], [-101.46539505616657, 20.652160083744644]], [[-101.46539571157139, 20.652200707980317], [-101.46539505616657, 20.652160083744644]], [[-101.46539505616657, 20.652160083744644], [-101.46535189678144, 20.65216070064536]], [[-101.46535255217482, 20.652201324882355], [-101.46535189678144, 20.65216070064536]], [[-101.46535189678144, 20.65216070064536], [-101.46530873739474, 20.65216131753531]], [[-101.46530939277667, 20.652201941773626], [-101.46530873739474, 20.65216131753531]], [[-101.46530873739474, 20.65216131753531], [-101.46526557800645, 20.65216193441448]], [[-101.46526623337694, 20.65220255865411], [-101.46526557800645, 20.65216193441448]], [[-101.46526557800645, 20.65216193441448], [-101.46522241861658, 20.652162551282863]], [[-101.46522307397562, 20.652203175523827], [-101.46522241861658, 20.652162551282863]], [[-101.46522241861658, 20.652162551282863], [-101.46517925922514, 20.652163168140483]], [[-101.46517991457273, 20.652203792382764], [-101.46517925922514, 20.652163168140483]], [[-101.46517925922514, 20.652163168140483], [-101.46513609983211, 20.65216378498733]], [[-101.46513675516825, 20.65220440923093], [-101.46513609983211, 20.65216378498733]], [[-101.46513609983211, 20.65216378498733], [-101.4650929404375, 20.652164401823388]], [[-101.4650935957622, 20.65220502606832], [-101.4650929404375, 20.652164401823388]], [[-101.4650929404375, 20.652164401823388], [-101.4650497810413, 20.652165018648688]], [[-101.46505043635456, 20.65220564289493], [-101.4650497810413, 20.652165018648688]], [[-101.46798461637954, 20.652123049982453], [-101.4679839602896, 20.6520824258259]], [[-101.4679839602896, 20.6520824258259], [-101.46794080101084, 20.652083043371817]], [[-101.46794145708934, 20.652123667529697], [-101.46794080101084, 20.652083043371817]], [[-101.46794080101084, 20.652083043371817], [-101.4678976417305, 20.652083660906964]], [[-101.46789829779755, 20.65212428506617], [-101.4678976417305, 20.652083660906964]], [[-101.4678976417305, 20.652083660906964], [-101.46785448244857, 20.65208427843133]], [[-101.46785513850418, 20.652124902591858], [-101.46785448244857, 20.65208427843133]], [[-101.46785448244857, 20.65208427843133], [-101.46781132316505, 20.652084895944927]], [[-101.46781197920922, 20.65212552010678], [-101.46781132316505, 20.652084895944927]], [[-101.46781132316505, 20.652084895944927], [-101.46776816387997, 20.65208551344775]], [[-101.46776881991268, 20.65212613761092], [-101.46776816387997, 20.65208551344775]], [[-101.46776816387997, 20.65208551344775], [-101.46772500459329, 20.652086130939793]], [[-101.46772566061456, 20.652126755104288], [-101.46772500459329, 20.652086130939793]], [[-101.46772500459329, 20.652086130939793], [-101.46768184530502, 20.652086748421063]], [[-101.46768250131487, 20.652127372586882], [-101.46768184530502, 20.652086748421063]], [[-101.46768184530502, 20.652086748421063], [-101.46763868601519, 20.652087365891557]], [[-101.46763934201357, 20.6521279900587], [-101.46763868601519, 20.652087365891557]], [[-101.46763868601519, 20.652087365891557], [-101.46759552672377, 20.652087983351276]], [[-101.46759618271071, 20.652128607519735], [-101.46759552672377, 20.652087983351276]], [[-101.46759552672377, 20.652087983351276], [-101.46755236743076, 20.652088600800216]], [[-101.46755302340625, 20.652129224970004], [-101.46755236743076, 20.652088600800216]], [[-101.46755236743076, 20.652088600800216], [-101.46750920813616, 20.65208921823839]], [[-101.46750986410022, 20.652129842409494], [-101.46750920813616, 20.65208921823839]], [[-101.46750920813616, 20.65208921823839], [-101.46746604884001, 20.65208983566578]], [[-101.4674667047926, 20.652130459838208], [-101.46746604884001, 20.65208983566578]], [[-101.46746604884001, 20.65208983566578], [-101.46742288954225, 20.652090453082394]], [[-101.46742354548341, 20.652131077256147], [-101.46742288954225, 20.652090453082394]], [[-101.46742288954225, 20.652090453082394], [-101.46737973024291, 20.652091070488236]], [[-101.46738038617262, 20.652131694663314], [-101.46737973024291, 20.652091070488236]], [[-101.46737973024291, 20.652091070488236], [-101.467336570942, 20.652091687883306]], [[-101.46733722686027, 20.652132312059702], [-101.467336570942, 20.652091687883306]], [[-101.467336570942, 20.652091687883306], [-101.46729341163949, 20.652092305267594]], [[-101.46729406754632, 20.65213292944531], [-101.46729341163949, 20.652092305267594]], [[-101.46729341163949, 20.652092305267594], [-101.46725025233542, 20.65209292264111]], [[-101.46725090823078, 20.652133546820153], [-101.46725025233542, 20.65209292264111]], [[-101.46725025233542, 20.65209292264111], [-101.46720709302974, 20.65209354000385]], [[-101.46720774891368, 20.652134164184215], [-101.46720709302974, 20.65209354000385]], [[-101.46720709302974, 20.65209354000385], [-101.4671639337225, 20.652094157355812]], [[-101.46716458959499, 20.6521347815375], [-101.4671639337225, 20.652094157355812]], [[-101.4671639337225, 20.652094157355812], [-101.46712077441366, 20.652094774697005]], [[-101.46712143027472, 20.652135398880013], [-101.46712077441366, 20.652094774697005]], [[-101.46712077441366, 20.652094774697005], [-101.46707761510325, 20.65209539202742]], [[-101.46707827095285, 20.65213601621175], [-101.46707761510325, 20.65209539202742]], [[-101.46707761510325, 20.65209539202742], [-101.46703445579126, 20.65209600934706]], [[-101.46703511162941, 20.65213663353271], [-101.46703445579126, 20.65209600934706]], [[-101.46703445579126, 20.65209600934706], [-101.46699129647769, 20.65209662665592]], [[-101.46699195230438, 20.652137250842898], [-101.46699129647769, 20.65209662665592]], [[-101.46699129647769, 20.65209662665592], [-101.46694813716253, 20.652097243954007]], [[-101.46694879297779, 20.65213786814231], [-101.46694813716253, 20.652097243954007]], [[-101.46694813716253, 20.652097243954007], [-101.46690497784579, 20.652097861241327]], [[-101.4669056336496, 20.65213848543094], [-101.46690497784579, 20.652097861241327]], [[-101.46690497784579, 20.652097861241327], [-101.46686181852746, 20.65209847851786]], [[-101.46686247431984, 20.652139102708794], [-101.46686181852746, 20.65209847851786]], [[-101.46686181852746, 20.65209847851786], [-101.46681865920756, 20.652099095783623]], [[-101.46681931498848, 20.652139719975885], [-101.46681865920756, 20.652099095783623]], [[-101.46681865920756, 20.652099095783623], [-101.46677549988607, 20.652099713038606]], [[-101.46677615565555, 20.652140337232193], [-101.46677549988607, 20.652099713038606]], [[-101.46677549988607, 20.652099713038606], [-101.46673234056301, 20.652100330282817]], [[-101.46673299632104, 20.652140954477726], [-101.46673234056301, 20.652100330282817]], [[-101.46673234056301, 20.652100330282817], [-101.46668918123835, 20.65210094751625]], [[-101.46668983698494, 20.652141571712484], [-101.46668918123835, 20.65210094751625]], [[-101.46668918123835, 20.65210094751625], [-101.46664602191213, 20.65210156473891]], [[-101.46664667764728, 20.65214218893647], [-101.46664602191213, 20.65210156473891]], [[-101.46664602191213, 20.65210156473891], [-101.4666028625843, 20.652102181950795]], [[-101.466603518308, 20.652142806149673], [-101.4666028625843, 20.652102181950795]], [[-101.4666028625843, 20.652102181950795], [-101.4665597032549, 20.652102799151905]], [[-101.46656035896717, 20.652143423352108], [-101.4665597032549, 20.652102799151905]], [[-101.4665597032549, 20.652102799151905], [-101.46651654392393, 20.65210341634224]], [[-101.46651719962475, 20.652144040543764], [-101.46651654392393, 20.65210341634224]], [[-101.46651654392393, 20.65210341634224], [-101.46647338459137, 20.6521040335218]], [[-101.46647404028073, 20.65214465772464], [-101.46647338459137, 20.6521040335218]], [[-101.46647338459137, 20.6521040335218], [-101.46643022525723, 20.65210465069058]], [[-101.46643088093514, 20.652145274894746], [-101.46643022525723, 20.65210465069058]], [[-101.46643022525723, 20.65210465069058], [-101.4663870659215, 20.65210526784859]], [[-101.46638772158798, 20.652145892054072], [-101.4663870659215, 20.65210526784859]], [[-101.4663870659215, 20.65210526784859], [-101.46634390658419, 20.652105884995823]], [[-101.46634456223923, 20.652146509202634], [-101.46634390658419, 20.652105884995823]], [[-101.46634390658419, 20.652105884995823], [-101.4663007472453, 20.652106502132277]], [[-101.46630140288889, 20.65214712634041], [-101.4663007472453, 20.652106502132277]], [[-101.4663007472453, 20.652106502132277], [-101.46625758790483, 20.65210711925796]], [[-101.46625824353698, 20.652147743467413], [-101.46625758790483, 20.65210711925796]], [[-101.46625758790483, 20.65210711925796], [-101.4662144285628, 20.652107736372866]], [[-101.46621508418349, 20.65214836058364], [-101.4662144285628, 20.652107736372866]], [[-101.4662144285628, 20.652107736372866], [-101.46617126921916, 20.652108353477]], [[-101.4661719248284, 20.652148977689095], [-101.46617126921916, 20.652108353477]], [[-101.46617126921916, 20.652108353477], [-101.46612810987395, 20.652108970570353]], [[-101.46612876547175, 20.652149594783772], [-101.46612810987395, 20.652108970570353]], [[-101.46612810987395, 20.652108970570353], [-101.46608495052715, 20.652109587652934]], [[-101.46608560611351, 20.652150211867674], [-101.46608495052715, 20.652109587652934]], [[-101.46608495052715, 20.652109587652934], [-101.46604179117877, 20.65211020472474]], [[-101.46604244675369, 20.6521508289408], [-101.46604179117877, 20.65211020472474]], [[-101.46604179117877, 20.65211020472474], [-101.46599863182881, 20.652110821785772]], [[-101.46599928739228, 20.65215144600315], [-101.46599863182881, 20.652110821785772]], [[-101.46599863182881, 20.652110821785772], [-101.46595547247728, 20.652111438836023]], [[-101.4659561280293, 20.652152063054732], [-101.46595547247728, 20.652111438836023]], [[-101.46595547247728, 20.652111438836023], [-101.46591231312415, 20.6521120558755]], [[-101.46591296866472, 20.65215268009553], [-101.46591231312415, 20.6521120558755]], [[-101.46591231312415, 20.6521120558755], [-101.46586915376943, 20.652112672904202]], [[-101.46586980929858, 20.652153297125555], [-101.46586915376943, 20.652112672904202]], [[-101.46586915376943, 20.652112672904202], [-101.46582599441317, 20.652113289922134]], [[-101.46582664993085, 20.6521539141448], [-101.46582599441317, 20.652113289922134]], [[-101.46582599441317, 20.652113289922134], [-101.4657828350553, 20.652113906929284]], [[-101.46578349056153, 20.652154531153272], [-101.4657828350553, 20.652113906929284]], [[-101.4657828350553, 20.652113906929284], [-101.46573967569584, 20.65211452392566]], [[-101.46574033119063, 20.65215514815097], [-101.46573967569584, 20.65211452392566]], [[-101.46573967569584, 20.65211452392566], [-101.46569651633482, 20.65211514091126]], [[-101.46569717181816, 20.652155765137895], [-101.46569651633482, 20.65211514091126]], [[-101.46569651633482, 20.65211514091126], [-101.4656533569722, 20.652115757886087]], [[-101.46565401244412, 20.652156382114043], [-101.4656533569722, 20.652115757886087]], [[-101.4656533569722, 20.652115757886087], [-101.46561019760802, 20.652116374850134]], [[-101.46561085306847, 20.65215699907942], [-101.46561019760802, 20.652116374850134]], [[-101.46561019760802, 20.652116374850134], [-101.46556703824224, 20.652116991803407]], [[-101.46556769369126, 20.65215761603401], [-101.46556703824224, 20.652116991803407]], [[-101.46556703824224, 20.652116991803407], [-101.46552387887488, 20.65211760874591]], [[-101.46552453431246, 20.652158232977833], [-101.46552387887488, 20.65211760874591]], [[-101.46552387887488, 20.65211760874591], [-101.46548071950595, 20.652118225677633]], [[-101.46548137493207, 20.65215884991088], [-101.46548071950595, 20.652118225677633]], [[-101.46548071950595, 20.652118225677633], [-101.46543756013543, 20.65211884259858]], [[-101.46543821555011, 20.652159466833147], [-101.46543756013543, 20.65211884259858]], [[-101.46543756013543, 20.65211884259858], [-101.46539440076333, 20.652119459508757]], [[-101.46539505616657, 20.652160083744644], [-101.46539440076333, 20.652119459508757]], [[-101.46539440076333, 20.652119459508757], [-101.46535124138966, 20.65212007640815]], [[-101.46535189678144, 20.65216070064536], [-101.46535124138966, 20.65212007640815]], [[-101.46535124138966, 20.65212007640815], [-101.46530808201439, 20.652120693296776]], [[-101.46530873739474, 20.65216131753531], [-101.46530808201439, 20.652120693296776]], [[-101.46530808201439, 20.652120693296776], [-101.46526492263756, 20.65212131017462]], [[-101.46526557800645, 20.65216193441448], [-101.46526492263756, 20.65212131017462]], [[-101.46526492263756, 20.65212131017462], [-101.46522176325912, 20.65212192704169]], [[-101.46522241861658, 20.652162551282863], [-101.46522176325912, 20.65212192704169]], [[-101.46522176325912, 20.65212192704169], [-101.46517860387912, 20.65212254389799]], [[-101.46517925922514, 20.652163168140483], [-101.46517860387912, 20.65212254389799]], [[-101.46517860387912, 20.65212254389799], [-101.46513544449753, 20.652123160743507]], [[-101.46513609983211, 20.65216378498733], [-101.46513544449753, 20.652123160743507]], [[-101.46513544449753, 20.652123160743507], [-101.46509228511437, 20.652123777578257]], [[-101.4650929404375, 20.652164401823388], [-101.46509228511437, 20.652123777578257]], [[-101.46509228511437, 20.652123777578257], [-101.46504912572964, 20.65212439440222]], [[-101.4650497810413, 20.652165018648688], [-101.46504912572964, 20.65212439440222]], [[-101.4679839602896, 20.6520824258259], [-101.46798330420124, 20.65204180166913]], [[-101.46798330420124, 20.65204180166913], [-101.46794014493392, 20.652042419213732]], [[-101.46794080101084, 20.652083043371817], [-101.46794014493392, 20.652042419213732]], [[-101.46794014493392, 20.652042419213732], [-101.46789698566502, 20.652043036747553]], [[-101.4678976417305, 20.652083660906964], [-101.46789698566502, 20.652043036747553]], [[-101.46789698566502, 20.652043036747553], [-101.46785382639453, 20.6520436542706]], [[-101.46785448244857, 20.65208427843133], [-101.46785382639453, 20.6520436542706]], [[-101.46785382639453, 20.6520436542706], [-101.46781066712246, 20.65204427178287]], [[-101.46781132316505, 20.652084895944927], [-101.46781066712246, 20.65204427178287]], [[-101.46781066712246, 20.65204427178287], [-101.46776750784882, 20.652044889284365]], [[-101.46776816387997, 20.65208551344775], [-101.46776750784882, 20.652044889284365]], [[-101.46776750784882, 20.652044889284365], [-101.4677243485736, 20.652045506775092]], [[-101.46772500459329, 20.652086130939793], [-101.4677243485736, 20.652045506775092]], [[-101.4677243485736, 20.652045506775092], [-101.46768118929678, 20.652046124255033]], [[-101.46768184530502, 20.652086748421063], [-101.46768118929678, 20.652046124255033]], [[-101.46768118929678, 20.652046124255033], [-101.46763803001838, 20.652046741724213]], [[-101.46763868601519, 20.652087365891557], [-101.46763803001838, 20.652046741724213]], [[-101.46763803001838, 20.652046741724213], [-101.46759487073841, 20.652047359182607]], [[-101.46759552672377, 20.652087983351276], [-101.46759487073841, 20.652047359182607]], [[-101.46759487073841, 20.652047359182607], [-101.46755171145685, 20.65204797663022]], [[-101.46755236743076, 20.652088600800216], [-101.46755171145685, 20.65204797663022]], [[-101.46755171145685, 20.65204797663022], [-101.4675085521737, 20.65204859406707]], [[-101.46750920813616, 20.65208921823839], [-101.4675085521737, 20.65204859406707]], [[-101.4675085521737, 20.65204859406707], [-101.46746539288898, 20.65204921149314]], [[-101.46746604884001, 20.65208983566578], [-101.46746539288898, 20.65204921149314]], [[-101.46746539288898, 20.65204921149314], [-101.46742223360266, 20.652049828908435]], [[-101.46742288954225, 20.652090453082394], [-101.46742223360266, 20.652049828908435]], [[-101.46742223360266, 20.652049828908435], [-101.46737907431478, 20.652050446312952]], [[-101.46737973024291, 20.652091070488236], [-101.46737907431478, 20.652050446312952]], [[-101.46737907431478, 20.652050446312952], [-101.46733591502532, 20.652051063706697]], [[-101.467336570942, 20.652091687883306], [-101.46733591502532, 20.652051063706697]], [[-101.46733591502532, 20.652051063706697], [-101.46729275573425, 20.652051681089667]], [[-101.46729341163949, 20.652092305267594], [-101.46729275573425, 20.652051681089667]], [[-101.46729275573425, 20.652051681089667], [-101.46724959644162, 20.652052298461857]], [[-101.46725025233542, 20.65209292264111], [-101.46724959644162, 20.652052298461857]], [[-101.46724959644162, 20.652052298461857], [-101.46720643714738, 20.652052915823276]], [[-101.46720709302974, 20.65209354000385], [-101.46720643714738, 20.652052915823276]], [[-101.46720643714738, 20.652052915823276], [-101.4671632778516, 20.65205353317392]], [[-101.4671639337225, 20.652094157355812], [-101.4671632778516, 20.65205353317392]], [[-101.4671632778516, 20.65205353317392], [-101.4671201185542, 20.652054150513788]], [[-101.46712077441366, 20.652094774697005], [-101.4671201185542, 20.652054150513788]], [[-101.4671201185542, 20.652054150513788], [-101.46707695925524, 20.652054767842877]], [[-101.46707761510325, 20.65209539202742], [-101.46707695925524, 20.652054767842877]], [[-101.46707695925524, 20.652054767842877], [-101.46703379995469, 20.652055385161194]], [[-101.46703445579126, 20.65209600934706], [-101.46703379995469, 20.652055385161194]], [[-101.46703379995469, 20.652055385161194], [-101.46699064065255, 20.652056002468736]], [[-101.46699129647769, 20.65209662665592], [-101.46699064065255, 20.652056002468736]], [[-101.46699064065255, 20.652056002468736], [-101.46694748134885, 20.6520566197655]], [[-101.46694813716253, 20.652097243954007], [-101.46694748134885, 20.6520566197655]], [[-101.46694748134885, 20.6520566197655], [-101.46690432204355, 20.65205723705149]], [[-101.46690497784579, 20.652097861241327], [-101.46690432204355, 20.65205723705149]], [[-101.46690432204355, 20.65205723705149], [-101.46686116273668, 20.652057854326706]], [[-101.46686181852746, 20.65209847851786], [-101.46686116273668, 20.652057854326706]], [[-101.46686116273668, 20.652057854326706], [-101.46681800342822, 20.652058471591147]], [[-101.46681865920756, 20.652099095783623], [-101.46681800342822, 20.652058471591147]], [[-101.46681800342822, 20.652058471591147], [-101.46677484411818, 20.65205908884481]], [[-101.46677549988607, 20.652099713038606], [-101.46677484411818, 20.65205908884481]], [[-101.46677484411818, 20.65205908884481], [-101.46673168480655, 20.652059706087698]], [[-101.46673234056301, 20.652100330282817], [-101.46673168480655, 20.652059706087698]], [[-101.46673168480655, 20.652059706087698], [-101.46668852549334, 20.652060323319812]], [[-101.46668918123835, 20.65210094751625], [-101.46668852549334, 20.652060323319812]], [[-101.46668852549334, 20.652060323319812], [-101.46664536617855, 20.65206094054115]], [[-101.46664602191213, 20.65210156473891], [-101.46664536617855, 20.65206094054115]], [[-101.46664536617855, 20.65206094054115], [-101.46660220686218, 20.65206155775171]], [[-101.4666028625843, 20.652102181950795], [-101.46660220686218, 20.65206155775171]], [[-101.46660220686218, 20.65206155775171], [-101.46655904754424, 20.652062174951496]], [[-101.4665597032549, 20.652102799151905], [-101.46655904754424, 20.652062174951496]], [[-101.46655904754424, 20.652062174951496], [-101.4665158882247, 20.652062792140512]], [[-101.46651654392393, 20.65210341634224], [-101.4665158882247, 20.652062792140512]], [[-101.4665158882247, 20.652062792140512], [-101.46647272890358, 20.652063409318746]], [[-101.46647338459137, 20.6521040335218], [-101.46647272890358, 20.652063409318746]], [[-101.46647272890358, 20.652063409318746], [-101.46642956958088, 20.652064026486205]], [[-101.46643022525723, 20.65210465069058], [-101.46642956958088, 20.652064026486205]], [[-101.46642956958088, 20.652064026486205], [-101.4663864102566, 20.65206464364289]], [[-101.4663870659215, 20.65210526784859], [-101.4663864102566, 20.65206464364289]], [[-101.4663864102566, 20.65206464364289], [-101.46634325093075, 20.652065260788802]], [[-101.46634390658419, 20.652105884995823], [-101.46634325093075, 20.652065260788802]], [[-101.46634325093075, 20.652065260788802], [-101.4663000916033, 20.652065877923942]], [[-101.4663007472453, 20.652106502132277], [-101.4663000916033, 20.652065877923942]], [[-101.4663000916033, 20.652065877923942], [-101.46625693227428, 20.652066495048295]], [[-101.46625758790483, 20.65210711925796], [-101.46625693227428, 20.652066495048295]], [[-101.46625693227428, 20.652066495048295], [-101.46621377294368, 20.652067112161884]], [[-101.4662144285628, 20.652107736372866], [-101.46621377294368, 20.652067112161884]], [[-101.46621377294368, 20.652067112161884], [-101.46617061361148, 20.65206772926469]], [[-101.46617126921916, 20.652108353477], [-101.46617061361148, 20.65206772926469]], [[-101.46617061361148, 20.65206772926469], [-101.46612745427771, 20.652068346356725]], [[-101.46612810987395, 20.652108970570353], [-101.46612745427771, 20.652068346356725]], [[-101.46612745427771, 20.652068346356725], [-101.46608429494236, 20.652068963437983]], [[-101.46608495052715, 20.652109587652934], [-101.46608429494236, 20.652068963437983]], [[-101.46608429494236, 20.652068963437983], [-101.46604113560544, 20.652069580508464]], [[-101.46604179117877, 20.65211020472474], [-101.46604113560544, 20.652069580508464]], [[-101.46604113560544, 20.652069580508464], [-101.46599797626692, 20.652070197568175]], [[-101.46599863182881, 20.652110821785772], [-101.46599797626692, 20.652070197568175]], [[-101.46599797626692, 20.652070197568175], [-101.46595481692682, 20.652070814617108]], [[-101.46595547247728, 20.652111438836023], [-101.46595481692682, 20.652070814617108]], [[-101.46595481692682, 20.652070814617108], [-101.46591165758515, 20.65207143165526]], [[-101.46591231312415, 20.6521120558755], [-101.46591165758515, 20.65207143165526]], [[-101.46591165758515, 20.65207143165526], [-101.46586849824189, 20.652072048682644]], [[-101.46586915376943, 20.652112672904202], [-101.46586849824189, 20.652072048682644]], [[-101.46586849824189, 20.652072048682644], [-101.46582533889705, 20.652072665699247]], [[-101.46582599441317, 20.652113289922134], [-101.46582533889705, 20.652072665699247]], [[-101.46582533889705, 20.652072665699247], [-101.46578217955063, 20.65207328270508]], [[-101.4657828350553, 20.652113906929284], [-101.46578217955063, 20.65207328270508]], [[-101.46578217955063, 20.65207328270508], [-101.46573902020262, 20.652073899700135]], [[-101.46573967569584, 20.65211452392566], [-101.46573902020262, 20.652073899700135]], [[-101.46573902020262, 20.652073899700135], [-101.46569586085303, 20.65207451668441]], [[-101.46569651633482, 20.65211514091126], [-101.46569586085303, 20.65207451668441]], [[-101.46569586085303, 20.65207451668441], [-101.46565270150188, 20.652075133657917]], [[-101.4656533569722, 20.652115757886087], [-101.46565270150188, 20.652075133657917]], [[-101.46565270150188, 20.652075133657917], [-101.46560954214912, 20.65207575062065]], [[-101.46561019760802, 20.652116374850134], [-101.46560954214912, 20.65207575062065]], [[-101.46560954214912, 20.65207575062065], [-101.4655663827948, 20.652076367572597]], [[-101.46556703824224, 20.652116991803407], [-101.4655663827948, 20.652076367572597]], [[-101.4655663827948, 20.652076367572597], [-101.4655232234389, 20.65207698451378]], [[-101.46552387887488, 20.65211760874591], [-101.4655232234389, 20.65207698451378]], [[-101.4655232234389, 20.65207698451378], [-101.46548006408139, 20.652077601444184]], [[-101.46548071950595, 20.652118225677633], [-101.46548006408139, 20.652077601444184]], [[-101.46548006408139, 20.652077601444184], [-101.46543690472234, 20.652078218363805]], [[-101.46543756013543, 20.65211884259858], [-101.46543690472234, 20.652078218363805]], [[-101.46543690472234, 20.652078218363805], [-101.46539374536168, 20.652078835272658]], [[-101.46539440076333, 20.652119459508757], [-101.46539374536168, 20.652078835272658]], [[-101.46539374536168, 20.652078835272658], [-101.46535058599943, 20.652079452170735]], [[-101.46535124138966, 20.65212007640815], [-101.46535058599943, 20.652079452170735]], [[-101.46535058599943, 20.652079452170735], [-101.46530742663563, 20.65208006905803]], [[-101.46530808201439, 20.652120693296776], [-101.46530742663563, 20.65208006905803]], [[-101.46530742663563, 20.65208006905803], [-101.46526426727023, 20.65208068593456]], [[-101.46526492263756, 20.65212131017462], [-101.46526426727023, 20.65208068593456]], [[-101.46526426727023, 20.65208068593456], [-101.46522110790325, 20.652081302800312]], [[-101.46522176325912, 20.65212192704169], [-101.46522110790325, 20.652081302800312]], [[-101.46522110790325, 20.652081302800312], [-101.4651779485347, 20.652081919655288]], [[-101.46517860387912, 20.65212254389799], [-101.4651779485347, 20.652081919655288]], [[-101.4651779485347, 20.652081919655288], [-101.46513478916455, 20.652082536499485]], [[-101.46513544449753, 20.652123160743507], [-101.46513478916455, 20.652082536499485]], [[-101.46513478916455, 20.652082536499485], [-101.46509162979284, 20.65208315333291]], [[-101.46509228511437, 20.652123777578257], [-101.46509162979284, 20.65208315333291]], [[-101.46509162979284, 20.65208315333291], [-101.46504847041953, 20.65208377015556]], [[-101.46504912572964, 20.65212439440222], [-101.46504847041953, 20.65208377015556]], [[-101.46798330420124, 20.65204180166913], [-101.46798264811444, 20.652001177512155]], [[-101.46798264811444, 20.652001177512155], [-101.46793948885859, 20.65200179505543]], [[-101.46794014493392, 20.652042419213732], [-101.46793948885859, 20.65200179505543]], [[-101.46793948885859, 20.65200179505543], [-101.46789632960112, 20.652002412587926]], [[-101.46789698566502, 20.652043036747553], [-101.46789632960112, 20.652002412587926]], [[-101.46789632960112, 20.652002412587926], [-101.4678531703421, 20.652003030109658]], [[-101.46785382639453, 20.6520436542706], [-101.4678531703421, 20.652003030109658]], [[-101.4678531703421, 20.652003030109658], [-101.46781001108148, 20.6520036476206]], [[-101.46781066712246, 20.65204427178287], [-101.46781001108148, 20.6520036476206]], [[-101.46781001108148, 20.6520036476206], [-101.46776685181926, 20.65200426512078]], [[-101.46776750784882, 20.652044889284365], [-101.46776685181926, 20.65200426512078]], [[-101.46776685181926, 20.65200426512078], [-101.46772369255548, 20.65200488261017]], [[-101.4677243485736, 20.652045506775092], [-101.46772369255548, 20.65200488261017]], [[-101.46772369255548, 20.65200488261017], [-101.46768053329012, 20.6520055000888]], [[-101.46768118929678, 20.652046124255033], [-101.46768053329012, 20.6520055000888]], [[-101.46768053329012, 20.6520055000888], [-101.46763737402316, 20.652006117556645]], [[-101.46763803001838, 20.652046741724213], [-101.46763737402316, 20.652006117556645]], [[-101.46763737402316, 20.652006117556645], [-101.46759421475463, 20.65200673501372]], [[-101.46759487073841, 20.652047359182607], [-101.46759421475463, 20.65200673501372]], [[-101.46759421475463, 20.65200673501372], [-101.46755105548452, 20.652007352460018]], [[-101.46755171145685, 20.65204797663022], [-101.46755105548452, 20.652007352460018]], [[-101.46755105548452, 20.652007352460018], [-101.46750789621282, 20.652007969895543]], [[-101.4675085521737, 20.65204859406707], [-101.46750789621282, 20.652007969895543]], [[-101.46750789621282, 20.652007969895543], [-101.46746473693955, 20.65200858732029]], [[-101.46746539288898, 20.65204921149314], [-101.46746473693955, 20.65200858732029]], [[-101.46746473693955, 20.65200858732029], [-101.46742157766468, 20.652009204734263]], [[-101.46742223360266, 20.652049828908435], [-101.46742157766468, 20.652009204734263]], [[-101.46742157766468, 20.652009204734263], [-101.46737841838822, 20.652009822137458]], [[-101.46737907431478, 20.652050446312952], [-101.46737841838822, 20.652009822137458]], [[-101.46737841838822, 20.652009822137458], [-101.4673352591102, 20.65201043952988]], [[-101.46733591502532, 20.652051063706697], [-101.4673352591102, 20.65201043952988]], [[-101.4673352591102, 20.65201043952988], [-101.46729209983059, 20.652011056911523]], [[-101.46729275573425, 20.652051681089667], [-101.46729209983059, 20.652011056911523]], [[-101.46729209983059, 20.652011056911523], [-101.4672489405494, 20.652011674282395]], [[-101.46724959644162, 20.652052298461857], [-101.4672489405494, 20.652011674282395]], [[-101.4672489405494, 20.652011674282395], [-101.46720578126661, 20.65201229164249]], [[-101.46720643714738, 20.652052915823276], [-101.46720578126661, 20.65201229164249]], [[-101.46720578126661, 20.65201229164249], [-101.46716262198227, 20.652012908991807]], [[-101.4671632778516, 20.65205353317392], [-101.46716262198227, 20.652012908991807]], [[-101.46716262198227, 20.652012908991807], [-101.46711946269633, 20.652013526330354]], [[-101.4671201185542, 20.652054150513788], [-101.46711946269633, 20.652013526330354]], [[-101.46711946269633, 20.652013526330354], [-101.4670763034088, 20.652014143658125]], [[-101.46707695925524, 20.652054767842877], [-101.4670763034088, 20.652014143658125]], [[-101.4670763034088, 20.652014143658125], [-101.46703314411971, 20.652014760975113]], [[-101.46703379995469, 20.652055385161194], [-101.46703314411971, 20.652014760975113]], [[-101.46703314411971, 20.652014760975113], [-101.46698998482901, 20.652015378281337]], [[-101.46699064065255, 20.652056002468736], [-101.46698998482901, 20.652015378281337]], [[-101.46698998482901, 20.652015378281337], [-101.46694682553674, 20.652015995576782]], [[-101.46694748134885, 20.6520566197655], [-101.46694682553674, 20.652015995576782]], [[-101.46694682553674, 20.652015995576782], [-101.4669036662429, 20.652016612861445]], [[-101.46690432204355, 20.65205723705149], [-101.4669036662429, 20.652016612861445]], [[-101.4669036662429, 20.652016612861445], [-101.46686050694747, 20.652017230135336]], [[-101.46686116273668, 20.652057854326706], [-101.46686050694747, 20.652017230135336]], [[-101.46686050694747, 20.652017230135336], [-101.46681734765045, 20.652017847398454]], [[-101.46681800342822, 20.652058471591147], [-101.46681734765045, 20.652017847398454]], [[-101.46681734765045, 20.652017847398454], [-101.46677418835185, 20.652018464650798]], [[-101.46677484411818, 20.65205908884481], [-101.46677418835185, 20.652018464650798]], [[-101.46677418835185, 20.652018464650798], [-101.46673102905167, 20.652019081892366]], [[-101.46673168480655, 20.652059706087698], [-101.46673102905167, 20.652019081892366]], [[-101.46673102905167, 20.652019081892366], [-101.46668786974992, 20.652019699123162]], [[-101.46668852549334, 20.652060323319812], [-101.46668786974992, 20.652019699123162]], [[-101.46668786974992, 20.652019699123162], [-101.46664471044656, 20.65202031634317]], [[-101.46664536617855, 20.65206094054115], [-101.46664471044656, 20.65202031634317]], [[-101.46664471044656, 20.65202031634317], [-101.46660155114165, 20.65202093355241]], [[-101.46660220686218, 20.65206155775171], [-101.46660155114165, 20.65202093355241]], [[-101.46660155114165, 20.65202093355241], [-101.46655839183514, 20.652021550750874]], [[-101.46655904754424, 20.652062174951496], [-101.46655839183514, 20.652021550750874]], [[-101.46655839183514, 20.652021550750874], [-101.46651523252706, 20.652022167938565]], [[-101.4665158882247, 20.652062792140512], [-101.46651523252706, 20.652022167938565]], [[-101.46651523252706, 20.652022167938565], [-101.46647207321737, 20.652022785115484]], [[-101.46647272890358, 20.652063409318746], [-101.46647207321737, 20.652022785115484]], [[-101.46647207321737, 20.652022785115484], [-101.46642891390613, 20.652023402281625]], [[-101.46642956958088, 20.652064026486205], [-101.46642891390613, 20.652023402281625]], [[-101.46642891390613, 20.652023402281625], [-101.46638575459329, 20.652024019436986]], [[-101.4663864102566, 20.65206464364289], [-101.46638575459329, 20.652024019436986]], [[-101.46638575459329, 20.652024019436986], [-101.46634259527887, 20.652024636581572]], [[-101.46634325093075, 20.652065260788802], [-101.46634259527887, 20.652024636581572]], [[-101.46634259527887, 20.652024636581572], [-101.46629943596288, 20.652025253715383]], [[-101.4663000916033, 20.652065877923942], [-101.46629943596288, 20.652025253715383]], [[-101.46629943596288, 20.652025253715383], [-101.4662562766453, 20.652025870838422]], [[-101.46625693227428, 20.652066495048295], [-101.4662562766453, 20.652025870838422]], [[-101.4662562766453, 20.652025870838422], [-101.46621311732615, 20.65202648795069]], [[-101.46621377294368, 20.652067112161884], [-101.46621311732615, 20.65202648795069]], [[-101.46621311732615, 20.65202648795069], [-101.4661699580054, 20.652027105052174]], [[-101.46617061361148, 20.65206772926469], [-101.4661699580054, 20.652027105052174]], [[-101.4661699580054, 20.652027105052174], [-101.46612679868308, 20.65202772214289]], [[-101.46612745427771, 20.652068346356725], [-101.46612679868308, 20.65202772214289]], [[-101.46612679868308, 20.65202772214289], [-101.46608363935917, 20.65202833922282]], [[-101.46608429494236, 20.652068963437983], [-101.46608363935917, 20.65202833922282]], [[-101.46608363935917, 20.65202833922282], [-101.46604048003368, 20.65202895629198]], [[-101.46604113560544, 20.652069580508464], [-101.46604048003368, 20.65202895629198]], [[-101.46604048003368, 20.65202895629198], [-101.4659973207066, 20.65202957335037]], [[-101.46599797626692, 20.652070197568175], [-101.4659973207066, 20.65202957335037]], [[-101.4659973207066, 20.65202957335037], [-101.46595416137797, 20.65203019039798]], [[-101.46595481692682, 20.652070814617108], [-101.46595416137797, 20.65203019039798]], [[-101.46595416137797, 20.65203019039798], [-101.46591100204773, 20.65203080743482]], [[-101.46591165758515, 20.65207143165526], [-101.46591100204773, 20.65203080743482]], [[-101.46591100204773, 20.65203080743482], [-101.46586784271592, 20.652031424460873]], [[-101.46586849824189, 20.652072048682644], [-101.46586784271592, 20.652031424460873]], [[-101.46586784271592, 20.652031424460873], [-101.46582468338252, 20.652032041476154]], [[-101.46582533889705, 20.652072665699247], [-101.46582468338252, 20.652032041476154]], [[-101.46582468338252, 20.652032041476154], [-101.46578152404754, 20.652032658480664]], [[-101.46578217955063, 20.65207328270508], [-101.46578152404754, 20.652032658480664]], [[-101.46578152404754, 20.652032658480664], [-101.46573836471099, 20.6520332754744]], [[-101.46573902020262, 20.652073899700135], [-101.46573836471099, 20.6520332754744]], [[-101.46573836471099, 20.6520332754744], [-101.46569520537285, 20.652033892457354]], [[-101.46569586085303, 20.65207451668441], [-101.46569520537285, 20.652033892457354]], [[-101.46569520537285, 20.652033892457354], [-101.46565204603313, 20.652034509429534]], [[-101.46565270150188, 20.652075133657917], [-101.46565204603313, 20.652034509429534]], [[-101.46565204603313, 20.652034509429534], [-101.46560888669183, 20.652035126390942]], [[-101.46560954214912, 20.65207575062065], [-101.46560888669183, 20.652035126390942]], [[-101.46560888669183, 20.652035126390942], [-101.46556572734895, 20.652035743341575]], [[-101.4655663827948, 20.652076367572597], [-101.46556572734895, 20.652035743341575]], [[-101.46556572734895, 20.652035743341575], [-101.46552256800447, 20.652036360281432]], [[-101.4655232234389, 20.65207698451378], [-101.46552256800447, 20.652036360281432]], [[-101.46552256800447, 20.652036360281432], [-101.46547940865844, 20.652036977210514]], [[-101.46548006408139, 20.652077601444184], [-101.46547940865844, 20.652036977210514]], [[-101.46547940865844, 20.652036977210514], [-101.46543624931081, 20.652037594128817]], [[-101.46543690472234, 20.652078218363805], [-101.46543624931081, 20.652037594128817]], [[-101.46543624931081, 20.652037594128817], [-101.4653930899616, 20.652038211036356]], [[-101.46539374536168, 20.652078835272658], [-101.4653930899616, 20.652038211036356]], [[-101.4653930899616, 20.652038211036356], [-101.46534993061081, 20.652038827933104]], [[-101.46535058599943, 20.652079452170735], [-101.46534993061081, 20.652038827933104]], [[-101.46534993061081, 20.652038827933104], [-101.46530677125844, 20.652039444819085]], [[-101.46530742663563, 20.65208006905803], [-101.46530677125844, 20.652039444819085]], [[-101.46530677125844, 20.652039444819085], [-101.46526361190449, 20.65204006169429]], [[-101.46526426727023, 20.65208068593456], [-101.46526361190449, 20.65204006169429]], [[-101.46526361190449, 20.65204006169429], [-101.46522045254895, 20.65204067855872]], [[-101.46522110790325, 20.652081302800312], [-101.46522045254895, 20.65204067855872]], [[-101.46522045254895, 20.65204067855872], [-101.46517729319184, 20.652041295412374]], [[-101.4651779485347, 20.652081919655288], [-101.46517729319184, 20.652041295412374]], [[-101.46517729319184, 20.652041295412374], [-101.46513413383316, 20.652041912255243]], [[-101.46513478916455, 20.652082536499485], [-101.46513413383316, 20.652041912255243]], [[-101.46513413383316, 20.652041912255243], [-101.46509097447287, 20.652042529087346]], [[-101.46509162979284, 20.65208315333291], [-101.46509097447287, 20.652042529087346]], [[-101.46509097447287, 20.652042529087346], [-101.46504781511102, 20.652043145908678]], [[-101.46504847041953, 20.65208377015556], [-101.46504781511102, 20.652043145908678]], [[-101.46798264811444, 20.652001177512155], [-101.46798199202927, 20.65196055335496]], [[-101.46798199202927, 20.65196055335496], [-101.46793883278482, 20.651961170896918]], [[-101.46793948885859, 20.65200179505543], [-101.46793883278482, 20.651961170896918]], [[-101.46793883278482, 20.651961170896918], [-101.46789567353882, 20.651961788428093]], [[-101.46789632960112, 20.652002412587926], [-101.46789567353882, 20.651961788428093]], [[-101.46789567353882, 20.651961788428093], [-101.46785251429122, 20.6519624059485]], [[-101.4678531703421, 20.652003030109658], [-101.46785251429122, 20.6519624059485]], [[-101.46785251429122, 20.6519624059485], [-101.46780935504205, 20.651963023458123]], [[-101.46781001108148, 20.6520036476206], [-101.46780935504205, 20.651963023458123]], [[-101.46780935504205, 20.651963023458123], [-101.46776619579128, 20.65196364095698]], [[-101.46776685181926, 20.65200426512078], [-101.46776619579128, 20.65196364095698]], [[-101.46776619579128, 20.65196364095698], [-101.46772303653896, 20.65196425844505]], [[-101.46772369255548, 20.65200488261017], [-101.46772303653896, 20.65196425844505]], [[-101.46772303653896, 20.65196425844505], [-101.46767987728504, 20.65196487592235]], [[-101.46768053329012, 20.6520055000888], [-101.46767987728504, 20.65196487592235]], [[-101.46767987728504, 20.65196487592235], [-101.46763671802952, 20.651965493388875]], [[-101.46763737402316, 20.652006117556645], [-101.46763671802952, 20.651965493388875]], [[-101.46763671802952, 20.651965493388875], [-101.46759355877244, 20.651966110844626]], [[-101.46759421475463, 20.65200673501372], [-101.46759355877244, 20.651966110844626]], [[-101.46759355877244, 20.651966110844626], [-101.46755039951377, 20.651966728289608]], [[-101.46755105548452, 20.652007352460018], [-101.46755039951377, 20.651966728289608]], [[-101.46755039951377, 20.651966728289608], [-101.46750724025351, 20.6519673457238]], [[-101.46750789621282, 20.652007969895543], [-101.46750724025351, 20.6519673457238]], [[-101.46750724025351, 20.6519673457238], [-101.46746408099168, 20.65196796314723]], [[-101.46746473693955, 20.65200858732029], [-101.46746408099168, 20.65196796314723]], [[-101.46746408099168, 20.65196796314723], [-101.46742092172826, 20.651968580559874]], [[-101.46742157766468, 20.652009204734263], [-101.46742092172826, 20.651968580559874]], [[-101.46742092172826, 20.651968580559874], [-101.46737776246326, 20.65196919796175]], [[-101.46737841838822, 20.652009822137458], [-101.46737776246326, 20.65196919796175]], [[-101.46737776246326, 20.65196919796175], [-101.46733460319668, 20.65196981535285]], [[-101.4673352591102, 20.65201043952988], [-101.46733460319668, 20.65196981535285]], [[-101.46733460319668, 20.65196981535285], [-101.46729144392852, 20.65197043273317]], [[-101.46729209983059, 20.652011056911523], [-101.46729144392852, 20.65197043273317]], [[-101.46729144392852, 20.65197043273317], [-101.46724828465877, 20.65197105010272]], [[-101.4672489405494, 20.652011674282395], [-101.46724828465877, 20.65197105010272]], [[-101.46724828465877, 20.65197105010272], [-101.46720512538744, 20.651971667461492]], [[-101.46720578126661, 20.65201229164249], [-101.46720512538744, 20.651971667461492]], [[-101.46720512538744, 20.651971667461492], [-101.46716196611452, 20.651972284809492]], [[-101.46716262198227, 20.652012908991807], [-101.46716196611452, 20.651972284809492]], [[-101.46716196611452, 20.651972284809492], [-101.46711880684003, 20.65197290214671]], [[-101.46711946269633, 20.652013526330354], [-101.46711880684003, 20.65197290214671]], [[-101.46711880684003, 20.65197290214671], [-101.46707564756396, 20.65197351947316]], [[-101.4670763034088, 20.652014143658125], [-101.46707564756396, 20.65197351947316]], [[-101.46707564756396, 20.65197351947316], [-101.46703248828629, 20.65197413678883]], [[-101.46703314411971, 20.652014760975113], [-101.46703248828629, 20.65197413678883]], [[-101.46703248828629, 20.65197413678883], [-101.46698932900705, 20.651974754093725]], [[-101.46698998482901, 20.652015378281337], [-101.46698932900705, 20.651974754093725]], [[-101.46698932900705, 20.651974754093725], [-101.46694616972623, 20.65197537138785]], [[-101.46694682553674, 20.652015995576782], [-101.46694616972623, 20.65197537138785]], [[-101.46694616972623, 20.65197537138785], [-101.46690301044383, 20.651975988671193]], [[-101.4669036662429, 20.652016612861445], [-101.46690301044383, 20.651975988671193]], [[-101.46690301044383, 20.651975988671193], [-101.46685985115984, 20.65197660594376]], [[-101.46686050694747, 20.652017230135336], [-101.46685985115984, 20.65197660594376]], [[-101.46685985115984, 20.65197660594376], [-101.46681669187427, 20.651977223205556]], [[-101.46681734765045, 20.652017847398454], [-101.46681669187427, 20.651977223205556]], [[-101.46681669187427, 20.651977223205556], [-101.46677353258711, 20.651977840456578]], [[-101.46677418835185, 20.652018464650798], [-101.46677353258711, 20.651977840456578]], [[-101.46677353258711, 20.651977840456578], [-101.46673037329838, 20.651978457696824]], [[-101.46673102905167, 20.652019081892366], [-101.46673037329838, 20.651978457696824]], [[-101.46673037329838, 20.651978457696824], [-101.46668721400806, 20.65197907492629]], [[-101.46668786974992, 20.652019699123162], [-101.46668721400806, 20.65197907492629]], [[-101.46668721400806, 20.65197907492629], [-101.46664405471617, 20.651979692144987]], [[-101.46664471044656, 20.65202031634317], [-101.46664405471617, 20.651979692144987]], [[-101.46664405471617, 20.651979692144987], [-101.4666008954227, 20.651980309352904]], [[-101.46660155114165, 20.65202093355241], [-101.4666008954227, 20.651980309352904]], [[-101.4666008954227, 20.651980309352904], [-101.46655773612763, 20.651980926550046]], [[-101.46655839183514, 20.652021550750874], [-101.46655773612763, 20.651980926550046]], [[-101.46655773612763, 20.651980926550046], [-101.46651457683099, 20.65198154373641]], [[-101.46651523252706, 20.652022167938565], [-101.46651457683099, 20.65198154373641]], [[-101.46651457683099, 20.65198154373641], [-101.46647141753276, 20.651982160912006]], [[-101.46647207321737, 20.652022785115484], [-101.46647141753276, 20.651982160912006]], [[-101.46647141753276, 20.651982160912006], [-101.46642825823295, 20.651982778076825]], [[-101.46642891390613, 20.652023402281625], [-101.46642825823295, 20.651982778076825]], [[-101.46642825823295, 20.651982778076825], [-101.46638509893157, 20.651983395230864]], [[-101.46638575459329, 20.652024019436986], [-101.46638509893157, 20.651983395230864]], [[-101.46638509893157, 20.651983395230864], [-101.46634193962859, 20.651984012374136]], [[-101.46634259527887, 20.652024636581572], [-101.46634193962859, 20.651984012374136]], [[-101.46634193962859, 20.651984012374136], [-101.46629878032404, 20.65198462950662]], [[-101.46629943596288, 20.652025253715383], [-101.46629878032404, 20.65198462950662]], [[-101.46629878032404, 20.65198462950662], [-101.46625562101791, 20.651985246628335]], [[-101.4662562766453, 20.652025870838422], [-101.46625562101791, 20.651985246628335]], [[-101.46625562101791, 20.651985246628335], [-101.46621246171019, 20.65198586373928]], [[-101.46621311732615, 20.65202648795069], [-101.46621246171019, 20.65198586373928]], [[-101.46621246171019, 20.65198586373928], [-101.4661693024009, 20.651986480839444]], [[-101.4661699580054, 20.652027105052174], [-101.4661693024009, 20.651986480839444]], [[-101.4661693024009, 20.651986480839444], [-101.46612614309001, 20.651987097928835]], [[-101.46612679868308, 20.65202772214289], [-101.46612614309001, 20.651987097928835]], [[-101.46612614309001, 20.651987097928835], [-101.46608298377755, 20.651987715007447]], [[-101.46608363935917, 20.65202833922282], [-101.46608298377755, 20.651987715007447]], [[-101.46608298377755, 20.651987715007447], [-101.46603982446351, 20.651988332075288]], [[-101.46604048003368, 20.65202895629198], [-101.46603982446351, 20.651988332075288]], [[-101.46603982446351, 20.651988332075288], [-101.4659966651479, 20.65198894913235]], [[-101.4659973207066, 20.65202957335037], [-101.4659966651479, 20.65198894913235]], [[-101.4659966651479, 20.65198894913235], [-101.46595350583068, 20.65198956617864]], [[-101.46595416137797, 20.65203019039798], [-101.46595350583068, 20.65198956617864]], [[-101.46595350583068, 20.65198956617864], [-101.4659103465119, 20.651990183214153]], [[-101.46591100204773, 20.65203080743482], [-101.4659103465119, 20.651990183214153]], [[-101.4659103465119, 20.651990183214153], [-101.46586718719152, 20.65199080023889]], [[-101.46586784271592, 20.652031424460873], [-101.46586718719152, 20.65199080023889]], [[-101.46586718719152, 20.65199080023889], [-101.46582402786957, 20.65199141725285]], [[-101.46582468338252, 20.652032041476154], [-101.46582402786957, 20.65199141725285]], [[-101.46582402786957, 20.65199141725285], [-101.46578086854605, 20.65199203425604]], [[-101.46578152404754, 20.652032658480664], [-101.46578086854605, 20.65199203425604]], [[-101.46578086854605, 20.65199203425604], [-101.46573770922093, 20.651992651248452]], [[-101.46573836471099, 20.6520332754744], [-101.46573770922093, 20.651992651248452]], [[-101.46573770922093, 20.651992651248452], [-101.46569454989424, 20.651993268230083]], [[-101.46569520537285, 20.652033892457354], [-101.46569454989424, 20.651993268230083]], [[-101.46569454989424, 20.651993268230083], [-101.46565139056597, 20.651993885200948]], [[-101.46565204603313, 20.652034509429534], [-101.46565139056597, 20.651993885200948]], [[-101.46565139056597, 20.651993885200948], [-101.4656082312361, 20.651994502161035]], [[-101.46560888669183, 20.652035126390942], [-101.4656082312361, 20.651994502161035]], [[-101.4656082312361, 20.651994502161035], [-101.46556507190466, 20.65199511911035]], [[-101.46556572734895, 20.652035743341575], [-101.46556507190466, 20.65199511911035]], [[-101.46556507190466, 20.65199511911035], [-101.46552191257166, 20.651995736048875]], [[-101.46552256800447, 20.652036360281432], [-101.46552191257166, 20.651995736048875]], [[-101.46552191257166, 20.651995736048875], [-101.46547875323705, 20.65199635297664]], [[-101.46547940865844, 20.652036977210514], [-101.46547875323705, 20.65199635297664]], [[-101.46547875323705, 20.65199635297664], [-101.46543559390086, 20.651996969893624]], [[-101.46543624931081, 20.652037594128817], [-101.46543559390086, 20.651996969893624]], [[-101.46543559390086, 20.651996969893624], [-101.4653924345631, 20.651997586799833]], [[-101.4653930899616, 20.652038211036356], [-101.4653924345631, 20.651997586799833]], [[-101.4653924345631, 20.651997586799833], [-101.46534927522376, 20.651998203695264]], [[-101.46534993061081, 20.652038827933104], [-101.46534927522376, 20.651998203695264]], [[-101.46534927522376, 20.651998203695264], [-101.46530611588284, 20.65199882057992]], [[-101.46530677125844, 20.652039444819085], [-101.46530611588284, 20.65199882057992]], [[-101.46530611588284, 20.65199882057992], [-101.46526295654034, 20.651999437453803]], [[-101.46526361190449, 20.65204006169429], [-101.46526295654034, 20.651999437453803]], [[-101.46526295654034, 20.651999437453803], [-101.46521979719624, 20.65200005431691]], [[-101.46522045254895, 20.65204067855872], [-101.46521979719624, 20.65200005431691]], [[-101.46521979719624, 20.65200005431691], [-101.46517663785058, 20.652000671169237]], [[-101.46517729319184, 20.652041295412374], [-101.46517663785058, 20.652000671169237]], [[-101.46517663785058, 20.652000671169237], [-101.46513347850332, 20.652001288010798]], [[-101.46513413383316, 20.652041912255243], [-101.46513347850332, 20.652001288010798]], [[-101.46513347850332, 20.652001288010798], [-101.4650903191545, 20.652001904841583]], [[-101.46509097447287, 20.652042529087346], [-101.4650903191545, 20.652001904841583]], [[-101.4650903191545, 20.652001904841583], [-101.46504715980409, 20.652002521661586]], [[-101.46504781511102, 20.652043145908678], [-101.46504715980409, 20.652002521661586]], [[-101.46798199202927, 20.65196055335496], [-101.46798133594564, 20.651919929197565]], [[-101.46798133594564, 20.651919929197565], [-101.46793817671266, 20.651920546738193]], [[-101.46793883278482, 20.651961170896918], [-101.46793817671266, 20.651920546738193]], [[-101.46793817671266, 20.651920546738193], [-101.4678950174781, 20.65192116426805]], [[-101.46789567353882, 20.651961788428093], [-101.4678950174781, 20.65192116426805]], [[-101.4678950174781, 20.65192116426805], [-101.46785185824194, 20.651921781787127]], [[-101.46785251429122, 20.6519624059485], [-101.46785185824194, 20.651921781787127]], [[-101.46785185824194, 20.651921781787127], [-101.46780869900421, 20.65192239929543]], [[-101.46780935504205, 20.651963023458123], [-101.46780869900421, 20.65192239929543]], [[-101.46780869900421, 20.65192239929543], [-101.4677655397649, 20.651923016792963]], [[-101.46776619579128, 20.65196364095698], [-101.4677655397649, 20.651923016792963]], [[-101.4677655397649, 20.651923016792963], [-101.46772238052401, 20.65192363427971]], [[-101.46772303653896, 20.65196425844505], [-101.46772238052401, 20.65192363427971]], [[-101.46772238052401, 20.65192363427971], [-101.46767922128153, 20.65192425175569]], [[-101.46767987728504, 20.65196487592235], [-101.46767922128153, 20.65192425175569]], [[-101.46767922128153, 20.65192425175569], [-101.46763606203747, 20.65192486922089]], [[-101.46763671802952, 20.651965493388875], [-101.46763606203747, 20.65192486922089]], [[-101.46763606203747, 20.65192486922089], [-101.46759290279182, 20.651925486675328]], [[-101.46759355877244, 20.651966110844626], [-101.46759290279182, 20.651925486675328]], [[-101.46759290279182, 20.651925486675328], [-101.46754974354461, 20.651926104118978]], [[-101.46755039951377, 20.651966728289608], [-101.46754974354461, 20.651926104118978]], [[-101.46754974354461, 20.651926104118978], [-101.46750658429579, 20.651926721551852]], [[-101.46750724025351, 20.6519673457238], [-101.46750658429579, 20.651926721551852]], [[-101.46750658429579, 20.651926721551852], [-101.4674634250454, 20.65192733897395]], [[-101.46746408099168, 20.65196796314723], [-101.4674634250454, 20.65192733897395]], [[-101.4674634250454, 20.65192733897395], [-101.46742026579344, 20.65192795638528]], [[-101.46742092172826, 20.651968580559874], [-101.46742026579344, 20.65192795638528]], [[-101.46742026579344, 20.65192795638528], [-101.46737710653987, 20.65192857378583]], [[-101.46737776246326, 20.65196919796175], [-101.46737710653987, 20.65192857378583]], [[-101.46737710653987, 20.65192857378583], [-101.46733394728474, 20.651929191175608]], [[-101.46733460319668, 20.65196981535285], [-101.46733394728474, 20.651929191175608]], [[-101.46733394728474, 20.651929191175608], [-101.46729078802801, 20.65192980855461]], [[-101.46729144392852, 20.65197043273317], [-101.46729078802801, 20.65192980855461]], [[-101.46729078802801, 20.65192980855461], [-101.46724762876971, 20.651930425922835]], [[-101.46724828465877, 20.65197105010272], [-101.46724762876971, 20.651930425922835]], [[-101.46724762876971, 20.651930425922835], [-101.46720446950982, 20.651931043280285]], [[-101.46720512538744, 20.651971667461492], [-101.46720446950982, 20.651931043280285]], [[-101.46720446950982, 20.651931043280285], [-101.46716131024837, 20.651931660626957]], [[-101.46716196611452, 20.651972284809492], [-101.46716131024837, 20.651931660626957]], [[-101.46716131024837, 20.651931660626957], [-101.46711815098531, 20.65193227796286]], [[-101.46711880684003, 20.65197290214671], [-101.46711815098531, 20.65193227796286]], [[-101.46711815098531, 20.65193227796286], [-101.46707499172068, 20.651932895287985]], [[-101.46707564756396, 20.65197351947316], [-101.46707499172068, 20.651932895287985]], [[-101.46707499172068, 20.651932895287985], [-101.46703183245447, 20.65193351260233]], [[-101.46703248828629, 20.65197413678883], [-101.46703183245447, 20.65193351260233]], [[-101.46703183245447, 20.65193351260233], [-101.46698867318668, 20.651934129905907]], [[-101.46698932900705, 20.651974754093725], [-101.46698867318668, 20.651934129905907]], [[-101.46698867318668, 20.651934129905907], [-101.4669455139173, 20.651934747198705]], [[-101.46694616972623, 20.65197537138785], [-101.4669455139173, 20.651934747198705]], [[-101.4669455139173, 20.651934747198705], [-101.46690235464634, 20.651935364480728]], [[-101.46690301044383, 20.651975988671193], [-101.46690235464634, 20.651935364480728]], [[-101.46690235464634, 20.651935364480728], [-101.4668591953738, 20.65193598175198]], [[-101.46685985115984, 20.65197660594376], [-101.4668591953738, 20.65193598175198]], [[-101.4668591953738, 20.65193598175198], [-101.46681603609967, 20.65193659901245]], [[-101.46681669187427, 20.651977223205556], [-101.46681603609967, 20.65193659901245]], [[-101.46681603609967, 20.65193659901245], [-101.46677287682397, 20.651937216262148]], [[-101.46677353258711, 20.651977840456578], [-101.46677287682397, 20.651937216262148]], [[-101.46677287682397, 20.651937216262148], [-101.46672971754667, 20.651937833501073]], [[-101.46673037329838, 20.651978457696824], [-101.46672971754667, 20.651937833501073]], [[-101.46672971754667, 20.651937833501073], [-101.4666865582678, 20.651938450729215]], [[-101.46668721400806, 20.65197907492629], [-101.4666865582678, 20.651938450729215]], [[-101.4666865582678, 20.651938450729215], [-101.46664339898734, 20.651939067946586]], [[-101.46664405471617, 20.651979692144987], [-101.46664339898734, 20.651939067946586]], [[-101.46664339898734, 20.651939067946586], [-101.46660023970531, 20.651939685153184]], [[-101.4666008954227, 20.651980309352904], [-101.46660023970531, 20.651939685153184]], [[-101.46660023970531, 20.651939685153184], [-101.4665570804217, 20.651940302349004]], [[-101.46655773612763, 20.651980926550046], [-101.4665570804217, 20.651940302349004]], [[-101.4665570804217, 20.651940302349004], [-101.4665139211365, 20.65194091953405]], [[-101.46651457683099, 20.65198154373641], [-101.4665139211365, 20.65194091953405]], [[-101.4665139211365, 20.65194091953405], [-101.46647076184972, 20.651941536708318]], [[-101.46647141753276, 20.651982160912006], [-101.46647076184972, 20.651941536708318]], [[-101.46647076184972, 20.651941536708318], [-101.46642760256135, 20.651942153871815]], [[-101.46642825823295, 20.651982778076825], [-101.46642760256135, 20.651942153871815]], [[-101.46642760256135, 20.651942153871815], [-101.46638444327141, 20.651942771024537]], [[-101.46638509893157, 20.651983395230864], [-101.46638444327141, 20.651942771024537]], [[-101.46638444327141, 20.651942771024537], [-101.46634128397989, 20.651943388166476]], [[-101.46634193962859, 20.651984012374136], [-101.46634128397989, 20.651943388166476]], [[-101.46634128397989, 20.651943388166476], [-101.46629812468679, 20.65194400529765]], [[-101.46629878032404, 20.65198462950662], [-101.46629812468679, 20.65194400529765]], [[-101.46629812468679, 20.65194400529765], [-101.4662549653921, 20.65194462241804]], [[-101.46625562101791, 20.651985246628335], [-101.4662549653921, 20.65194462241804]], [[-101.4662549653921, 20.65194462241804], [-101.46621180609583, 20.65194523952766]], [[-101.46621246171019, 20.65198586373928], [-101.46621180609583, 20.65194523952766]], [[-101.46621180609583, 20.65194523952766], [-101.46616864679797, 20.651945856626504]], [[-101.4661693024009, 20.651986480839444], [-101.46616864679797, 20.651945856626504]], [[-101.46616864679797, 20.651945856626504], [-101.46612548749853, 20.65194647371457]], [[-101.46612614309001, 20.651987097928835], [-101.46612548749853, 20.65194647371457]], [[-101.46612548749853, 20.65194647371457], [-101.46608232819752, 20.651947090791865]], [[-101.46608298377755, 20.651987715007447], [-101.46608232819752, 20.651947090791865]], [[-101.46608232819752, 20.651947090791865], [-101.46603916889492, 20.651947707858376]], [[-101.46603982446351, 20.651988332075288], [-101.46603916889492, 20.651947707858376]], [[-101.46603916889492, 20.651947707858376], [-101.46599600959074, 20.651948324914123]], [[-101.4659966651479, 20.65198894913235], [-101.46599600959074, 20.651948324914123]], [[-101.46599600959074, 20.651948324914123], [-101.46595285028498, 20.65194894195909]], [[-101.46595350583068, 20.65198956617864], [-101.46595285028498, 20.65194894195909]], [[-101.46595285028498, 20.65194894195909], [-101.46590969097765, 20.65194955899328]], [[-101.4659103465119, 20.651990183214153], [-101.46590969097765, 20.65194955899328]], [[-101.46590969097765, 20.65194955899328], [-101.46586653166872, 20.651950176016697]], [[-101.46586718719152, 20.65199080023889], [-101.46586653166872, 20.651950176016697]], [[-101.46586653166872, 20.651950176016697], [-101.46582337235822, 20.651950793029336]], [[-101.46582402786957, 20.65199141725285], [-101.46582337235822, 20.651950793029336]], [[-101.46582337235822, 20.651950793029336], [-101.46578021304613, 20.651951410031206]], [[-101.46578086854605, 20.65199203425604], [-101.46578021304613, 20.651951410031206]], [[-101.46578021304613, 20.651951410031206], [-101.46573705373245, 20.651952027022293]], [[-101.46573770922093, 20.651992651248452], [-101.46573705373245, 20.651952027022293]], [[-101.46573705373245, 20.651952027022293], [-101.46569389441721, 20.65195264400261]], [[-101.46569454989424, 20.651993268230083], [-101.46569389441721, 20.65195264400261]], [[-101.46569389441721, 20.65195264400261], [-101.46565073510038, 20.651953260972142]], [[-101.46565139056597, 20.651993885200948], [-101.46565073510038, 20.651953260972142]], [[-101.46565073510038, 20.651953260972142], [-101.46560757578196, 20.65195387793091]], [[-101.4656082312361, 20.651994502161035], [-101.46560757578196, 20.65195387793091]], [[-101.46560757578196, 20.65195387793091], [-101.46556441646197, 20.6519544948789]], [[-101.46556507190466, 20.65199511911035], [-101.46556441646197, 20.6519544948789]], [[-101.46556441646197, 20.6519544948789], [-101.4655212571404, 20.651955111816115]], [[-101.46552191257166, 20.651995736048875], [-101.4655212571404, 20.651955111816115]], [[-101.4655212571404, 20.651955111816115], [-101.46547809781725, 20.65195572874255]], [[-101.46547875323705, 20.65199635297664], [-101.46547809781725, 20.65195572874255]], [[-101.46547809781725, 20.65195572874255], [-101.4654349384925, 20.651956345658213]], [[-101.46543559390086, 20.651996969893624], [-101.4654349384925, 20.651956345658213]], [[-101.4654349384925, 20.651956345658213], [-101.4653917791662, 20.6519569625631]], [[-101.4653924345631, 20.651997586799833], [-101.4653917791662, 20.6519569625631]], [[-101.4653917791662, 20.6519569625631], [-101.4653486198383, 20.65195757945721]], [[-101.46534927522376, 20.651998203695264], [-101.4653486198383, 20.65195757945721]], [[-101.4653486198383, 20.65195757945721], [-101.46530546050882, 20.651958196340548]], [[-101.46530611588284, 20.65199882057992], [-101.46530546050882, 20.651958196340548]], [[-101.46530546050882, 20.651958196340548], [-101.46526230117776, 20.65195881321311]], [[-101.46526295654034, 20.651999437453803], [-101.46526230117776, 20.65195881321311]], [[-101.46526230117776, 20.65195881321311], [-101.46521914184511, 20.651959430074893]], [[-101.46521979719624, 20.65200005431691], [-101.46521914184511, 20.651959430074893]], [[-101.46521914184511, 20.651959430074893], [-101.46517598251089, 20.651960046925904]], [[-101.46517663785058, 20.652000671169237], [-101.46517598251089, 20.651960046925904]], [[-101.46517598251089, 20.651960046925904], [-101.46513282317508, 20.65196066376614]], [[-101.46513347850332, 20.652001288010798], [-101.46513282317508, 20.65196066376614]], [[-101.46513282317508, 20.65196066376614], [-101.4650896638377, 20.6519612805956]], [[-101.4650903191545, 20.652001904841583], [-101.4650896638377, 20.6519612805956]], [[-101.4650896638377, 20.6519612805956], [-101.46504650449873, 20.651961897414285]], [[-101.46504715980409, 20.652002521661586], [-101.46504650449873, 20.651961897414285]], [[-101.46798133594564, 20.651919929197565], [-101.46798067986362, 20.651879305039955]], [[-101.46798067986362, 20.651879305039955], [-101.46793752064208, 20.65187992257926]], [[-101.46793817671266, 20.651920546738193], [-101.46793752064208, 20.65187992257926]], [[-101.46793752064208, 20.65187992257926], [-101.46789436141896, 20.65188054010779]], [[-101.4678950174781, 20.65192116426805], [-101.46789436141896, 20.65188054010779]], [[-101.46789436141896, 20.65188054010779], [-101.46785120219425, 20.651881157625546]], [[-101.46785185824194, 20.651921781787127], [-101.46785120219425, 20.651881157625546]], [[-101.46785120219425, 20.651881157625546], [-101.46780804296796, 20.65188177513253]], [[-101.46780869900421, 20.65192239929543], [-101.46780804296796, 20.65188177513253]], [[-101.46780804296796, 20.65188177513253], [-101.46776488374009, 20.651882392628735]], [[-101.4677655397649, 20.651923016792963], [-101.46776488374009, 20.651882392628735]], [[-101.46776488374009, 20.651882392628735], [-101.46772172451064, 20.65188301011417]], [[-101.46772238052401, 20.65192363427971], [-101.46772172451064, 20.65188301011417]], [[-101.46772172451064, 20.65188301011417], [-101.46767856527961, 20.65188362758882]], [[-101.46767922128153, 20.65192425175569], [-101.46767856527961, 20.65188362758882]], [[-101.46767856527961, 20.65188362758882], [-101.467635406047, 20.6518842450527]], [[-101.46763606203747, 20.65192486922089], [-101.467635406047, 20.6518842450527]], [[-101.467635406047, 20.6518842450527], [-101.4675922468128, 20.651884862505806]], [[-101.46759290279182, 20.651925486675328], [-101.4675922468128, 20.651884862505806]], [[-101.4675922468128, 20.651884862505806], [-101.46754908757703, 20.651885479948135]], [[-101.46754974354461, 20.651926104118978], [-101.46754908757703, 20.651885479948135]], [[-101.46754908757703, 20.651885479948135], [-101.46750592833966, 20.65188609737969]], [[-101.46750658429579, 20.651926721551852], [-101.46750592833966, 20.65188609737969]], [[-101.46750592833966, 20.65188609737969], [-101.46746276910072, 20.65188671480047]], [[-101.4674634250454, 20.65192733897395], [-101.46746276910072, 20.65188671480047]], [[-101.46746276910072, 20.65188671480047], [-101.46741960986019, 20.65188733221047]], [[-101.46742026579344, 20.65192795638528], [-101.46741960986019, 20.65188733221047]], [[-101.46741960986019, 20.65188733221047], [-101.46737645061808, 20.651887949609705]], [[-101.46737710653987, 20.65192857378583], [-101.46737645061808, 20.651887949609705]], [[-101.46737645061808, 20.651887949609705], [-101.46733329137437, 20.651888566998156]], [[-101.46733394728474, 20.651929191175608], [-101.46733329137437, 20.651888566998156]], [[-101.46733329137437, 20.651888566998156], [-101.46729013212911, 20.651889184375833]], [[-101.46729078802801, 20.65192980855461], [-101.46729013212911, 20.651889184375833]], [[-101.46729013212911, 20.651889184375833], [-101.46724697288225, 20.651889801742733]], [[-101.46724762876971, 20.651930425922835], [-101.46724697288225, 20.651889801742733]], [[-101.46724697288225, 20.651889801742733], [-101.4672038136338, 20.651890419098866]], [[-101.46720446950982, 20.651931043280285], [-101.4672038136338, 20.651890419098866]], [[-101.4672038136338, 20.651890419098866], [-101.46716065438379, 20.651891036444216]], [[-101.46716131024837, 20.651931660626957], [-101.46716065438379, 20.651891036444216]], [[-101.46716065438379, 20.651891036444216], [-101.46711749513219, 20.651891653778797]], [[-101.46711815098531, 20.65193227796286], [-101.46711749513219, 20.651891653778797]], [[-101.46711749513219, 20.651891653778797], [-101.46707433587899, 20.651892271102597]], [[-101.46707499172068, 20.651932895287985], [-101.46707433587899, 20.651892271102597]], [[-101.46707433587899, 20.651892271102597], [-101.46703117662423, 20.65189288841562]], [[-101.46703183245447, 20.65193351260233], [-101.46703117662423, 20.65189288841562]], [[-101.46703117662423, 20.65189288841562], [-101.46698801736787, 20.651893505717876]], [[-101.46698867318668, 20.651934129905907], [-101.46698801736787, 20.651893505717876]], [[-101.46698801736787, 20.651893505717876], [-101.46694485810994, 20.651894123009352]], [[-101.4669455139173, 20.651934747198705], [-101.46694485810994, 20.651894123009352]], [[-101.46694485810994, 20.651894123009352], [-101.46690169885042, 20.65189474029005]], [[-101.46690235464634, 20.651935364480728], [-101.46690169885042, 20.65189474029005]], [[-101.46690169885042, 20.65189474029005], [-101.46685853958932, 20.651895357559976]], [[-101.4668591953738, 20.65193598175198], [-101.46685853958932, 20.651895357559976]], [[-101.46685853958932, 20.651895357559976], [-101.46681538032665, 20.651895974819126]], [[-101.46681603609967, 20.65193659901245], [-101.46681538032665, 20.651895974819126]], [[-101.46681538032665, 20.651895974819126], [-101.46677222106239, 20.651896592067505]], [[-101.46677287682397, 20.651937216262148], [-101.46677222106239, 20.651896592067505]], [[-101.46677222106239, 20.651896592067505], [-101.46672906179654, 20.651897209305105]], [[-101.46672971754667, 20.651937833501073], [-101.46672906179654, 20.651897209305105]], [[-101.46672906179654, 20.651897209305105], [-101.46668590252911, 20.65189782653193]], [[-101.4666865582678, 20.651938450729215], [-101.46668590252911, 20.65189782653193]], [[-101.46668590252911, 20.65189782653193], [-101.46664274326011, 20.651898443747978]], [[-101.46664339898734, 20.651939067946586], [-101.46664274326011, 20.651898443747978]], [[-101.46664274326011, 20.651898443747978], [-101.46659958398952, 20.651899060953255]], [[-101.46660023970531, 20.651939685153184], [-101.46659958398952, 20.651899060953255]], [[-101.46659958398952, 20.651899060953255], [-101.46655642471735, 20.651899678147753]], [[-101.4665570804217, 20.651940302349004], [-101.46655642471735, 20.651899678147753]], [[-101.46655642471735, 20.651899678147753], [-101.4665132654436, 20.651900295331473]], [[-101.4665139211365, 20.65194091953405], [-101.4665132654436, 20.651900295331473]], [[-101.4665132654436, 20.651900295331473], [-101.46647010616826, 20.651900912504424]], [[-101.46647076184972, 20.651941536708318], [-101.46647010616826, 20.651900912504424]], [[-101.46647010616826, 20.651900912504424], [-101.46642694689135, 20.651901529666596]], [[-101.46642760256135, 20.651942153871815], [-101.46642694689135, 20.651901529666596]], [[-101.46642694689135, 20.651901529666596], [-101.46638378761286, 20.651902146817996]], [[-101.46638444327141, 20.651942771024537], [-101.46638378761286, 20.651902146817996]], [[-101.46638378761286, 20.651902146817996], [-101.46634062833277, 20.651902763958613]], [[-101.46634128397989, 20.651943388166476], [-101.46634062833277, 20.651902763958613]], [[-101.46634062833277, 20.651902763958613], [-101.4662974690511, 20.651903381088463]], [[-101.46629812468679, 20.65194400529765], [-101.4662974690511, 20.651903381088463]], [[-101.4662974690511, 20.651903381088463], [-101.46625430976785, 20.651903998207537]], [[-101.4662549653921, 20.65194462241804], [-101.46625430976785, 20.651903998207537]], [[-101.46625430976785, 20.651903998207537], [-101.46621115048303, 20.651904615315836]], [[-101.46621180609583, 20.65194523952766], [-101.46621115048303, 20.651904615315836]], [[-101.46621115048303, 20.651904615315836], [-101.46616799119663, 20.651905232413352]], [[-101.46616864679797, 20.651945856626504], [-101.46616799119663, 20.651905232413352]], [[-101.46616799119663, 20.651905232413352], [-101.46612483190863, 20.651905849500103]], [[-101.46612548749853, 20.65194647371457], [-101.46612483190863, 20.651905849500103]], [[-101.46612483190863, 20.651905849500103], [-101.46608167261907, 20.65190646657607]], [[-101.46608232819752, 20.651947090791865], [-101.46608167261907, 20.65190646657607]], [[-101.46608167261907, 20.65190646657607], [-101.46603851332792, 20.651907083641266]], [[-101.46603916889492, 20.651947707858376], [-101.46603851332792, 20.651907083641266]], [[-101.46603851332792, 20.651907083641266], [-101.46599535403517, 20.651907700695688]], [[-101.46599600959074, 20.651948324914123], [-101.46599535403517, 20.651907700695688]], [[-101.46599535403517, 20.651907700695688], [-101.46595219474086, 20.65190831773933]], [[-101.46595285028498, 20.65194894195909], [-101.46595219474086, 20.65190831773933]], [[-101.46595219474086, 20.65190831773933], [-101.46590903544497, 20.651908934772198]], [[-101.46590969097765, 20.65194955899328], [-101.46590903544497, 20.651908934772198]], [[-101.46590903544497, 20.651908934772198], [-101.46586587614749, 20.651909551794294]], [[-101.46586653166872, 20.651950176016697], [-101.46586587614749, 20.651909551794294]], [[-101.46586587614749, 20.651909551794294], [-101.46582271684844, 20.651910168805617]], [[-101.46582337235822, 20.651950793029336], [-101.46582271684844, 20.651910168805617]], [[-101.46582271684844, 20.651910168805617], [-101.46577955754779, 20.651910785806155]], [[-101.46578021304613, 20.651951410031206], [-101.46577955754779, 20.651910785806155]], [[-101.46577955754779, 20.651910785806155], [-101.46573639824557, 20.651911402795925]], [[-101.46573705373245, 20.651952027022293], [-101.46573639824557, 20.651911402795925]], [[-101.46573639824557, 20.651911402795925], [-101.46569323894175, 20.651912019774922]], [[-101.46569389441721, 20.65195264400261], [-101.46569323894175, 20.651912019774922]], [[-101.46569323894175, 20.651912019774922], [-101.46565007963638, 20.651912636743134]], [[-101.46565073510038, 20.651953260972142], [-101.46565007963638, 20.651912636743134]], [[-101.46565007963638, 20.651912636743134], [-101.46560692032942, 20.651913253700577]], [[-101.46560757578196, 20.65195387793091], [-101.46560692032942, 20.651913253700577]], [[-101.46560692032942, 20.651913253700577], [-101.46556376102086, 20.651913870647242]], [[-101.46556441646197, 20.6519544948789], [-101.46556376102086, 20.651913870647242]], [[-101.46556376102086, 20.651913870647242], [-101.46552060171074, 20.651914487583134]], [[-101.4655212571404, 20.651955111816115], [-101.46552060171074, 20.651914487583134]], [[-101.46552060171074, 20.651914487583134], [-101.46547744239902, 20.651915104508248]], [[-101.46547809781725, 20.65195572874255], [-101.46547744239902, 20.651915104508248]], [[-101.46547744239902, 20.651915104508248], [-101.46543428308574, 20.651915721422593]], [[-101.4654349384925, 20.651956345658213], [-101.46543428308574, 20.651915721422593]], [[-101.46543428308574, 20.651915721422593], [-101.46539112377086, 20.651916338326156]], [[-101.4653917791662, 20.6519569625631], [-101.46539112377086, 20.651916338326156]], [[-101.46539112377086, 20.651916338326156], [-101.4653479644544, 20.65191695521895]], [[-101.4653486198383, 20.65195757945721], [-101.4653479644544, 20.65191695521895]], [[-101.4653479644544, 20.65191695521895], [-101.46530480513637, 20.651917572100967]], [[-101.46530546050882, 20.651958196340548], [-101.46530480513637, 20.651917572100967]], [[-101.46530480513637, 20.651917572100967], [-101.46526164581675, 20.651918188972203]], [[-101.46526230117776, 20.65195881321311], [-101.46526164581675, 20.651918188972203]], [[-101.46526164581675, 20.651918188972203], [-101.46521848649556, 20.65191880583267]], [[-101.46521914184511, 20.651959430074893], [-101.46521848649556, 20.65191880583267]], [[-101.46521848649556, 20.65191880583267], [-101.46517532717279, 20.651919422682354]], [[-101.46517598251089, 20.651960046925904], [-101.46517532717279, 20.651919422682354]], [[-101.46517532717279, 20.651919422682354], [-101.46513216784841, 20.65192003952127]], [[-101.46513282317508, 20.65196066376614], [-101.46513216784841, 20.65192003952127]], [[-101.46513216784841, 20.65192003952127], [-101.46508900852248, 20.65192065634941]], [[-101.4650896638377, 20.6519612805956], [-101.46508900852248, 20.65192065634941]], [[-101.46798067986362, 20.651879305039955], [-101.46798002378316, 20.651838680882133]], [[-101.46798002378316, 20.651838680882133], [-101.46793686457308, 20.651839298420118]], [[-101.46793752064208, 20.65187992257926], [-101.46793686457308, 20.651839298420118]], [[-101.46793686457308, 20.651839298420118], [-101.46789370536139, 20.651839915947328]], [[-101.46789436141896, 20.65188054010779], [-101.46789370536139, 20.651839915947328]], [[-101.46789370536139, 20.651839915947328], [-101.46785054614813, 20.65184053346376]], [[-101.46785120219425, 20.651881157625546], [-101.46785054614813, 20.65184053346376]], [[-101.46785054614813, 20.65184053346376], [-101.4678073869333, 20.651841150969418]], [[-101.46780804296796, 20.65188177513253], [-101.4678073869333, 20.651841150969418]], [[-101.4678073869333, 20.651841150969418], [-101.46776422771687, 20.651841768464305]], [[-101.46776488374009, 20.651882392628735], [-101.46776422771687, 20.651841768464305]], [[-101.46776422771687, 20.651841768464305], [-101.46772106849886, 20.65184238594841]], [[-101.46772172451064, 20.65188301011417], [-101.46772106849886, 20.65184238594841]], [[-101.46772106849886, 20.65184238594841], [-101.46767790927929, 20.651843003421742]], [[-101.46767856527961, 20.65188362758882], [-101.46767790927929, 20.651843003421742]], [[-101.46767790927929, 20.651843003421742], [-101.46763475005811, 20.651843620884296]], [[-101.467635406047, 20.6518842450527], [-101.46763475005811, 20.651843620884296]], [[-101.46763475005811, 20.651843620884296], [-101.46759159083535, 20.651844238336082]], [[-101.4675922468128, 20.651884862505806], [-101.46759159083535, 20.651844238336082]], [[-101.46759159083535, 20.651844238336082], [-101.46754843161102, 20.651844855777092]], [[-101.46754908757703, 20.651885479948135], [-101.46754843161102, 20.651844855777092]], [[-101.46754843161102, 20.651844855777092], [-101.4675052723851, 20.65184547320732]], [[-101.46750592833966, 20.65188609737969], [-101.4675052723851, 20.65184547320732]], [[-101.4675052723851, 20.65184547320732], [-101.4674621131576, 20.651846090626776]], [[-101.46746276910072, 20.65188671480047], [-101.4674621131576, 20.651846090626776]], [[-101.4674621131576, 20.651846090626776], [-101.46741895392852, 20.65184670803546]], [[-101.46741960986019, 20.65188733221047], [-101.46741895392852, 20.65184670803546]], [[-101.46741895392852, 20.65184670803546], [-101.46737579469786, 20.651847325433366]], [[-101.46737645061808, 20.651887949609705], [-101.46737579469786, 20.651847325433366]], [[-101.46737579469786, 20.651847325433366], [-101.46733263546561, 20.651847942820496]], [[-101.46733329137437, 20.651888566998156], [-101.46733263546561, 20.651847942820496]], [[-101.46733263546561, 20.651847942820496], [-101.46728947623177, 20.651848560196854]], [[-101.46729013212911, 20.651889184375833], [-101.46728947623177, 20.651848560196854]], [[-101.46728947623177, 20.651848560196854], [-101.46724631699637, 20.651849177562433]], [[-101.46724697288225, 20.651889801742733], [-101.46724631699637, 20.651849177562433]], [[-101.46724631699637, 20.651849177562433], [-101.46720315775937, 20.65184979491724]], [[-101.4672038136338, 20.651890419098866], [-101.46720315775937, 20.65184979491724]], [[-101.46720315775937, 20.65184979491724], [-101.46715999852078, 20.65185041226127]], [[-101.46716065438379, 20.651891036444216], [-101.46715999852078, 20.65185041226127]], [[-101.46715999852078, 20.65185041226127], [-101.46711683928064, 20.65185102959452]], [[-101.46711749513219, 20.651891653778797], [-101.46711683928064, 20.65185102959452]], [[-101.46711683928064, 20.65185102959452], [-101.4670736800389, 20.651851646917002]], [[-101.46707433587899, 20.651892271102597], [-101.4670736800389, 20.651851646917002]], [[-101.4670736800389, 20.651851646917002], [-101.46703052079557, 20.651852264228705]], [[-101.46703117662423, 20.65189288841562], [-101.46703052079557, 20.651852264228705]], [[-101.46703052079557, 20.651852264228705], [-101.46698736155066, 20.65185288152964]], [[-101.46698801736787, 20.651893505717876], [-101.46698736155066, 20.65185288152964]], [[-101.46698736155066, 20.65185288152964], [-101.46694420230416, 20.65185349881979]], [[-101.46694485810994, 20.651894123009352], [-101.46694420230416, 20.65185349881979]], [[-101.46694420230416, 20.65185349881979], [-101.46690104305611, 20.65185411609917]], [[-101.46690169885042, 20.65189474029005], [-101.46690104305611, 20.65185411609917]], [[-101.46690104305611, 20.65185411609917], [-101.46685788380645, 20.651854733367774]], [[-101.46685853958932, 20.651895357559976], [-101.46685788380645, 20.651854733367774]], [[-101.46685788380645, 20.651854733367774], [-101.4668147245552, 20.651855350625606]], [[-101.46681538032665, 20.651895974819126], [-101.4668147245552, 20.651855350625606]], [[-101.4668147245552, 20.651855350625606], [-101.46677156530241, 20.651855967872656]], [[-101.46677222106239, 20.651896592067505], [-101.46677156530241, 20.651855967872656]], [[-101.46677156530241, 20.651855967872656], [-101.46672840604799, 20.65185658510893]], [[-101.46672906179654, 20.651897209305105], [-101.46672840604799, 20.65185658510893]], [[-101.46672840604799, 20.65185658510893], [-101.46668524679203, 20.651857202334437]], [[-101.46668590252911, 20.65189782653193], [-101.46668524679203, 20.651857202334437]], [[-101.46668524679203, 20.651857202334437], [-101.46664208753445, 20.65185781954916]], [[-101.46664274326011, 20.651898443747978], [-101.46664208753445, 20.65185781954916]], [[-101.46664208753445, 20.65185781954916], [-101.4665989282753, 20.651858436753113]], [[-101.46659958398952, 20.651899060953255], [-101.4665989282753, 20.651858436753113]], [[-101.4665989282753, 20.651858436753113], [-101.46655576901459, 20.65185905394629]], [[-101.46655642471735, 20.651899678147753], [-101.46655576901459, 20.65185905394629]], [[-101.46655576901459, 20.65185905394629], [-101.46651260975227, 20.65185967112869]], [[-101.4665132654436, 20.651900295331473], [-101.46651260975227, 20.65185967112869]], [[-101.46651260975227, 20.65185967112869], [-101.46646945048839, 20.651860288300316]], [[-101.46647010616826, 20.651900912504424], [-101.46646945048839, 20.651860288300316]], [[-101.46646945048839, 20.651860288300316], [-101.46642629122292, 20.65186090546117]], [[-101.46642694689135, 20.651901529666596], [-101.46642629122292, 20.65186090546117]], [[-101.46642629122292, 20.65186090546117], [-101.46638313195587, 20.651861522611238]], [[-101.46638378761286, 20.651902146817996], [-101.46638313195587, 20.651861522611238]], [[-101.46638313195587, 20.651861522611238], [-101.46633997268722, 20.651862139750545]], [[-101.46634062833277, 20.651902763958613], [-101.46633997268722, 20.651862139750545]], [[-101.46633997268722, 20.651862139750545], [-101.466296813417, 20.651862756879066]], [[-101.4662974690511, 20.651903381088463], [-101.466296813417, 20.651862756879066]], [[-101.466296813417, 20.651862756879066], [-101.4662536541452, 20.651863373996818]], [[-101.46625430976785, 20.651903998207537], [-101.4662536541452, 20.651863373996818]], [[-101.4662536541452, 20.651863373996818], [-101.46621049487183, 20.65186399110379]], [[-101.46621115048303, 20.651904615315836], [-101.46621049487183, 20.65186399110379]], [[-101.46621049487183, 20.65186399110379], [-101.46616733559686, 20.651864608199997]], [[-101.46616799119663, 20.651905232413352], [-101.46616733559686, 20.651864608199997]], [[-101.46616733559686, 20.651864608199997], [-101.46612417632032, 20.651865225285416]], [[-101.46612483190863, 20.651905849500103], [-101.46612417632032, 20.651865225285416]], [[-101.46612417632032, 20.651865225285416], [-101.4660810170422, 20.651865842360067]], [[-101.46608167261907, 20.65190646657607], [-101.4660810170422, 20.651865842360067]], [[-101.4660810170422, 20.651865842360067], [-101.46603785776249, 20.651866459423943]], [[-101.46603851332792, 20.651907083641266], [-101.46603785776249, 20.651866459423943]], [[-101.46603785776249, 20.651866459423943], [-101.46599469848121, 20.65186707647704]], [[-101.46599535403517, 20.651907700695688], [-101.46599469848121, 20.65186707647704]], [[-101.46599469848121, 20.65186707647704], [-101.46595153919833, 20.651867693519364]], [[-101.46595219474086, 20.65190831773933], [-101.46595153919833, 20.651867693519364]], [[-101.46595153919833, 20.651867693519364], [-101.46590837991387, 20.65186831055091]], [[-101.46590903544497, 20.651908934772198], [-101.46590837991387, 20.65186831055091]], [[-101.46590837991387, 20.65186831055091], [-101.46586522062785, 20.65186892757168]], [[-101.46586587614749, 20.651909551794294], [-101.46586522062785, 20.65186892757168]], [[-101.46586522062785, 20.65186892757168], [-101.46582206134023, 20.65186954458168]], [[-101.46582271684844, 20.651910168805617], [-101.46582206134023, 20.65186954458168]], [[-101.46582206134023, 20.65186954458168], [-101.46577890205104, 20.651870161580902]], [[-101.46577955754779, 20.651910785806155], [-101.46577890205104, 20.651870161580902]], [[-101.46577890205104, 20.651870161580902], [-101.46573574276026, 20.651870778569346]], [[-101.46573639824557, 20.651911402795925], [-101.46573574276026, 20.651870778569346]], [[-101.46573574276026, 20.651870778569346], [-101.4656925834679, 20.651871395547023]], [[-101.46569323894175, 20.651912019774922], [-101.4656925834679, 20.651871395547023]], [[-101.4656925834679, 20.651871395547023], [-101.46564942417396, 20.651872012513916]], [[-101.46565007963638, 20.651912636743134], [-101.46564942417396, 20.651872012513916]], [[-101.46564942417396, 20.651872012513916], [-101.46560626487845, 20.651872629470034]], [[-101.46560692032942, 20.651913253700577], [-101.46560626487845, 20.651872629470034]], [[-101.46560626487845, 20.651872629470034], [-101.46556310558134, 20.65187324641538]], [[-101.46556376102086, 20.651913870647242], [-101.46556310558134, 20.65187324641538]], [[-101.46556310558134, 20.65187324641538], [-101.46551994628265, 20.651873863349948]], [[-101.46552060171074, 20.651914487583134], [-101.46551994628265, 20.651873863349948]], [[-101.46551994628265, 20.651873863349948], [-101.46547678698238, 20.651874480273744]], [[-101.46547744239902, 20.651915104508248], [-101.46547678698238, 20.651874480273744]], [[-101.46547678698238, 20.651874480273744], [-101.46543362768054, 20.651875097186768]], [[-101.46543428308574, 20.651915721422593], [-101.46543362768054, 20.651875097186768]], [[-101.46543362768054, 20.651875097186768], [-101.46539046837711, 20.651875714089012]], [[-101.46539112377086, 20.651916338326156], [-101.46539046837711, 20.651875714089012]], [[-101.46539046837711, 20.651875714089012], [-101.4653473090721, 20.651876330980482]], [[-101.4653479644544, 20.65191695521895], [-101.4653473090721, 20.651876330980482]], [[-101.4653473090721, 20.651876330980482], [-101.4653041497655, 20.651876947861172]], [[-101.46530480513637, 20.651917572100967], [-101.4653041497655, 20.651876947861172]], [[-101.4653041497655, 20.651876947861172], [-101.46526099045734, 20.65187756473109]], [[-101.46526164581675, 20.651918188972203], [-101.46526099045734, 20.65187756473109]], [[-101.46526099045734, 20.65187756473109], [-101.4652178311476, 20.65187818159023]], [[-101.46521848649556, 20.65191880583267], [-101.4652178311476, 20.65187818159023]], [[-101.4652178311476, 20.65187818159023], [-101.46517467183625, 20.6518787984386]], [[-101.46517532717279, 20.651919422682354], [-101.46517467183625, 20.6518787984386]], [[-101.46517467183625, 20.6518787984386], [-101.46513151252334, 20.65187941527619]], [[-101.46513216784841, 20.65192003952127], [-101.46513151252334, 20.65187941527619]], [[-101.46513151252334, 20.65187941527619], [-101.46508835320884, 20.651880032103005]], [[-101.46508900852248, 20.65192065634941], [-101.46508835320884, 20.651880032103005]], [[-101.46798002378316, 20.651838680882133], [-101.46797936770429, 20.651798056724093]], [[-101.46797936770429, 20.651798056724093], [-101.46793620850565, 20.651798674260757]], [[-101.46793686457308, 20.651839298420118], [-101.46793620850565, 20.651798674260757]], [[-101.46793620850565, 20.651798674260757], [-101.46789304930542, 20.651799291786645]], [[-101.46789370536139, 20.651839915947328], [-101.46789304930542, 20.651799291786645]], [[-101.46789304930542, 20.651799291786645], [-101.4678498901036, 20.651799909301754]], [[-101.46785054614813, 20.65184053346376], [-101.4678498901036, 20.651799909301754]], [[-101.4678498901036, 20.651799909301754], [-101.46780673090021, 20.651800526806085]], [[-101.4678073869333, 20.651841150969418], [-101.46780673090021, 20.651800526806085]], [[-101.46780673090021, 20.651800526806085], [-101.46776357169523, 20.651801144299647]], [[-101.46776422771687, 20.651841768464305], [-101.46776357169523, 20.651801144299647]], [[-101.46776357169523, 20.651801144299647], [-101.46772041248867, 20.651801761782433]], [[-101.46772106849886, 20.65184238594841], [-101.46772041248867, 20.651801761782433]], [[-101.46772041248867, 20.651801761782433], [-101.46767725328053, 20.651802379254445]], [[-101.46767790927929, 20.651843003421742], [-101.46767725328053, 20.651802379254445]], [[-101.46767725328053, 20.651802379254445], [-101.4676340940708, 20.65180299671568]], [[-101.46763475005811, 20.651843620884296], [-101.4676340940708, 20.65180299671568]], [[-101.4676340940708, 20.65180299671568], [-101.4675909348595, 20.65180361416614]], [[-101.46759159083535, 20.651844238336082], [-101.4675909348595, 20.65180361416614]], [[-101.4675909348595, 20.65180361416614], [-101.46754777564661, 20.651804231605826]], [[-101.46754843161102, 20.651844855777092], [-101.46754777564661, 20.651804231605826]], [[-101.46754777564661, 20.651804231605826], [-101.46750461643214, 20.651804849034733]], [[-101.4675052723851, 20.65184547320732], [-101.46750461643214, 20.651804849034733]], [[-101.46750461643214, 20.651804849034733], [-101.46746145721607, 20.651805466452867]], [[-101.4674621131576, 20.651846090626776], [-101.46746145721607, 20.651805466452867]], [[-101.46746145721607, 20.651805466452867], [-101.46741829799844, 20.651806083860226]], [[-101.46741895392852, 20.65184670803546], [-101.46741829799844, 20.651806083860226]], [[-101.46741829799844, 20.651806083860226], [-101.46737513877922, 20.65180670125681]], [[-101.46737579469786, 20.651847325433366], [-101.46737513877922, 20.65180670125681]], [[-101.46737513877922, 20.65180670125681], [-101.46733197955842, 20.65180731864262]], [[-101.46733263546561, 20.651847942820496], [-101.46733197955842, 20.65180731864262]], [[-101.46733197955842, 20.65180731864262], [-101.46728882033602, 20.65180793601765]], [[-101.46728947623177, 20.651848560196854], [-101.46728882033602, 20.65180793601765]], [[-101.46728882033602, 20.65180793601765], [-101.46724566111206, 20.65180855338191]], [[-101.46724631699637, 20.651849177562433], [-101.46724566111206, 20.65180855338191]], [[-101.46724566111206, 20.65180855338191], [-101.4672025018865, 20.651809170735394]], [[-101.46720315775937, 20.65184979491724], [-101.4672025018865, 20.651809170735394]], [[-101.4672025018865, 20.651809170735394], [-101.46715934265937, 20.651809788078104]], [[-101.46715999852078, 20.65185041226127], [-101.46715934265937, 20.651809788078104]], [[-101.46715934265937, 20.651809788078104], [-101.46711618343066, 20.651810405410032]], [[-101.46711683928064, 20.65185102959452], [-101.46711618343066, 20.651810405410032]], [[-101.46711618343066, 20.651810405410032], [-101.46707302420037, 20.65181102273119]], [[-101.4670736800389, 20.651851646917002], [-101.46707302420037, 20.65181102273119]], [[-101.46707302420037, 20.65181102273119], [-101.4670298649685, 20.651811640041572]], [[-101.46703052079557, 20.651852264228705], [-101.4670298649685, 20.651811640041572]], [[-101.4670298649685, 20.651811640041572], [-101.46698670573502, 20.651812257341177]], [[-101.46698736155066, 20.65185288152964], [-101.46698670573502, 20.651812257341177]], [[-101.46698670573502, 20.651812257341177], [-101.46694354649999, 20.651812874630007]], [[-101.46694420230416, 20.65185349881979], [-101.46694354649999, 20.651812874630007]], [[-101.46694354649999, 20.651812874630007], [-101.46690038726337, 20.651813491908065]], [[-101.46690104305611, 20.65185411609917], [-101.46690038726337, 20.651813491908065]], [[-101.46690038726337, 20.651813491908065], [-101.46685722802515, 20.651814109175344]], [[-101.46685788380645, 20.651854733367774], [-101.46685722802515, 20.651814109175344]], [[-101.46685722802515, 20.651814109175344], [-101.46681406878535, 20.651814726431855]], [[-101.4668147245552, 20.651855350625606], [-101.46681406878535, 20.651814726431855]], [[-101.46681406878535, 20.651814726431855], [-101.46677090954398, 20.651815343677587]], [[-101.46677156530241, 20.651855967872656], [-101.46677090954398, 20.651815343677587]], [[-101.46677090954398, 20.651815343677587], [-101.46672775030103, 20.651815960912543]], [[-101.46672840604799, 20.65185658510893], [-101.46672775030103, 20.651815960912543]], [[-101.46672775030103, 20.651815960912543], [-101.4666845910565, 20.651816578136724]], [[-101.46668524679203, 20.651857202334437], [-101.4666845910565, 20.651816578136724]], [[-101.4666845910565, 20.651816578136724], [-101.46664143181039, 20.651817195350127]], [[-101.46664208753445, 20.65185781954916], [-101.46664143181039, 20.651817195350127]], [[-101.46664143181039, 20.651817195350127], [-101.46659827256268, 20.651817812552753]], [[-101.4665989282753, 20.651858436753113], [-101.46659827256268, 20.651817812552753]], [[-101.46659827256268, 20.651817812552753], [-101.46655511331339, 20.651818429744612]], [[-101.46655576901459, 20.65185905394629], [-101.46655511331339, 20.651818429744612]], [[-101.46655511331339, 20.651818429744612], [-101.46651195406254, 20.65181904692569]], [[-101.46651260975227, 20.65185967112869], [-101.46651195406254, 20.65181904692569]], [[-101.46651195406254, 20.65181904692569], [-101.4664687948101, 20.65181966409599]], [[-101.46646945048839, 20.651860288300316], [-101.4664687948101, 20.65181966409599]], [[-101.4664687948101, 20.65181966409599], [-101.46642563555606, 20.651820281255524]], [[-101.46642629122292, 20.65186090546117], [-101.46642563555606, 20.651820281255524]], [[-101.46642563555606, 20.651820281255524], [-101.46638247630047, 20.651820898404278]], [[-101.46638313195587, 20.651861522611238], [-101.46638247630047, 20.651820898404278]], [[-101.46638247630047, 20.651820898404278], [-101.46633931704326, 20.651821515542256]], [[-101.46633997268722, 20.651862139750545], [-101.46633931704326, 20.651821515542256]], [[-101.46633931704326, 20.651821515542256], [-101.46629615778448, 20.65182213266946]], [[-101.466296813417, 20.651862756879066], [-101.46629615778448, 20.65182213266946]], [[-101.46629615778448, 20.65182213266946], [-101.46625299852414, 20.65182274978589]], [[-101.4662536541452, 20.651863373996818], [-101.46625299852414, 20.65182274978589]], [[-101.46625299852414, 20.65182274978589], [-101.4662098392622, 20.651823366891538]], [[-101.46621049487183, 20.65186399110379], [-101.4662098392622, 20.651823366891538]], [[-101.4662098392622, 20.651823366891538], [-101.4661666799987, 20.651823983986414]], [[-101.46616733559686, 20.651864608199997], [-101.4661666799987, 20.651823983986414]], [[-101.4661666799987, 20.651823983986414], [-101.46612352073359, 20.65182460107052]], [[-101.46612417632032, 20.651865225285416], [-101.46612352073359, 20.65182460107052]], [[-101.46612352073359, 20.65182460107052], [-101.46608036146691, 20.651825218143845]], [[-101.4660810170422, 20.651865842360067], [-101.46608036146691, 20.651825218143845]], [[-101.46608036146691, 20.651825218143845], [-101.46603720219863, 20.6518258352064]], [[-101.46603785776249, 20.651866459423943], [-101.46603720219863, 20.6518258352064]], [[-101.46603720219863, 20.6518258352064], [-101.4659940429288, 20.651826452258177]], [[-101.46599469848121, 20.65186707647704], [-101.4659940429288, 20.651826452258177]], [[-101.4659940429288, 20.651826452258177], [-101.46595088365737, 20.65182706929918]], [[-101.46595153919833, 20.651867693519364], [-101.46595088365737, 20.65182706929918]], [[-101.46595088365737, 20.65182706929918], [-101.46590772438437, 20.6518276863294]], [[-101.46590837991387, 20.65186831055091], [-101.46590772438437, 20.6518276863294]], [[-101.46590772438437, 20.6518276863294], [-101.46586456510978, 20.651828303348857]], [[-101.46586522062785, 20.65186892757168], [-101.46586456510978, 20.651828303348857]], [[-101.46586456510978, 20.651828303348857], [-101.46582140583361, 20.651828920357527]], [[-101.46582206134023, 20.65186954458168], [-101.46582140583361, 20.651828920357527]], [[-101.46582140583361, 20.651828920357527], [-101.46577824655586, 20.651829537355432]], [[-101.46577890205104, 20.651870161580902], [-101.46577824655586, 20.651829537355432]], [[-101.46577824655586, 20.651829537355432], [-101.46573508727653, 20.65183015434256]], [[-101.46573574276026, 20.651870778569346], [-101.46573508727653, 20.65183015434256]], [[-101.46573508727653, 20.65183015434256], [-101.4656919279956, 20.6518307713189]], [[-101.4656925834679, 20.651871395547023], [-101.4656919279956, 20.6518307713189]], [[-101.4656919279956, 20.6518307713189], [-101.46564876871311, 20.65183138828448]], [[-101.46564942417396, 20.651872012513916], [-101.46564876871311, 20.65183138828448]], [[-101.46564876871311, 20.65183138828448], [-101.46560560942905, 20.651832005239278]], [[-101.46560626487845, 20.651872629470034], [-101.46560560942905, 20.651832005239278]], [[-101.46560560942905, 20.651832005239278], [-101.4655624501434, 20.6518326221833]], [[-101.46556310558134, 20.65187324641538], [-101.4655624501434, 20.6518326221833]], [[-101.4655624501434, 20.6518326221833], [-101.46551929085615, 20.651833239116552]], [[-101.46551994628265, 20.651873863349948], [-101.46551929085615, 20.651833239116552]], [[-101.46551929085615, 20.651833239116552], [-101.46547613156731, 20.651833856039026]], [[-101.46547678698238, 20.651874480273744], [-101.46547613156731, 20.651833856039026]], [[-101.46547613156731, 20.651833856039026], [-101.46543297227691, 20.65183447295072]], [[-101.46543362768054, 20.651875097186768], [-101.46543297227691, 20.65183447295072]], [[-101.46543297227691, 20.65183447295072], [-101.46538981298494, 20.651835089851645]], [[-101.46539046837711, 20.651875714089012], [-101.46538981298494, 20.651835089851645]], [[-101.46538981298494, 20.651835089851645], [-101.46534665369138, 20.651835706741792]], [[-101.4653473090721, 20.651876330980482], [-101.46534665369138, 20.651835706741792]], [[-101.46534665369138, 20.651835706741792], [-101.46530349439624, 20.651836323621165]], [[-101.4653041497655, 20.651876947861172], [-101.46530349439624, 20.651836323621165]], [[-101.46530349439624, 20.651836323621165], [-101.46526033509952, 20.65183694048976]], [[-101.46526099045734, 20.65187756473109], [-101.46526033509952, 20.65183694048976]], [[-101.46526033509952, 20.65183694048976], [-101.4652171758012, 20.651837557347584]], [[-101.4652178311476, 20.65187818159023], [-101.4652171758012, 20.651837557347584]], [[-101.4652171758012, 20.651837557347584], [-101.46517401650132, 20.651838174194623]], [[-101.46517467183625, 20.6518787984386], [-101.46517401650132, 20.651838174194623]], [[-101.46517401650132, 20.651838174194623], [-101.46513085719984, 20.651838791030897]], [[-101.46513151252334, 20.65187941527619], [-101.46513085719984, 20.651838791030897]], [[-101.46513085719984, 20.651838791030897], [-101.46508769789679, 20.651839407856396]], [[-101.46508835320884, 20.651880032103005], [-101.46508769789679, 20.651839407856396]], [[-101.46797936770429, 20.651798056724093], [-101.467978711627, 20.65175743256585]], [[-101.467978711627, 20.65175743256585], [-101.46793555243981, 20.651758050101183]], [[-101.46793620850565, 20.651798674260757], [-101.46793555243981, 20.651758050101183]], [[-101.46793555243981, 20.651758050101183], [-101.46789239325102, 20.651758667625753]], [[-101.46789304930542, 20.651799291786645], [-101.46789239325102, 20.651758667625753]], [[-101.46789239325102, 20.651758667625753], [-101.46784923406065, 20.651759285139537]], [[-101.4678498901036, 20.651799909301754], [-101.46784923406065, 20.651759285139537]], [[-101.46784923406065, 20.651759285139537], [-101.4678060748687, 20.651759902642556]], [[-101.46780673090021, 20.651800526806085], [-101.4678060748687, 20.651759902642556]], [[-101.4678060748687, 20.651759902642556], [-101.46776291567517, 20.651760520134793]], [[-101.46776357169523, 20.651801144299647], [-101.46776291567517, 20.651760520134793]], [[-101.46776291567517, 20.651760520134793], [-101.46771975648007, 20.651761137616255]], [[-101.46772041248867, 20.651801761782433], [-101.46771975648007, 20.651761137616255]], [[-101.46771975648007, 20.651761137616255], [-101.46767659728336, 20.65176175508694]], [[-101.46767725328053, 20.651802379254445], [-101.46767659728336, 20.65176175508694]], [[-101.46767659728336, 20.65176175508694], [-101.46763343808507, 20.65176237254685]], [[-101.4676340940708, 20.65180299671568], [-101.46763343808507, 20.65176237254685]], [[-101.46763343808507, 20.65176237254685], [-101.46759027888521, 20.65176298999599]], [[-101.4675909348595, 20.65180361416614], [-101.46759027888521, 20.65176298999599]], [[-101.46759027888521, 20.65176298999599], [-101.46754711968377, 20.65176360743435]], [[-101.46754777564661, 20.651804231605826], [-101.46754711968377, 20.65176360743435]], [[-101.46754711968377, 20.65176360743435], [-101.46750396048074, 20.65176422486194]], [[-101.46750461643214, 20.651804849034733], [-101.46750396048074, 20.65176422486194]], [[-101.46750396048074, 20.65176422486194], [-101.46746080127613, 20.65176484227875]], [[-101.46746145721607, 20.651805466452867], [-101.46746080127613, 20.65176484227875]], [[-101.46746080127613, 20.65176484227875], [-101.46741764206993, 20.651765459684785]], [[-101.46741829799844, 20.651806083860226], [-101.46741764206993, 20.651765459684785]], [[-101.46741764206993, 20.651765459684785], [-101.46737448286217, 20.651766077080048]], [[-101.46737513877922, 20.65180670125681], [-101.46737448286217, 20.651766077080048]], [[-101.46737448286217, 20.651766077080048], [-101.4673313236528, 20.651766694464538]], [[-101.46733197955842, 20.65180731864262], [-101.4673313236528, 20.651766694464538]], [[-101.4673313236528, 20.651766694464538], [-101.46728816444187, 20.651767311838245]], [[-101.46728882033602, 20.65180793601765], [-101.46728816444187, 20.651767311838245]], [[-101.46728816444187, 20.651767311838245], [-101.46724500522933, 20.651767929201185]], [[-101.46724566111206, 20.65180855338191], [-101.46724500522933, 20.651767929201185]], [[-101.46724500522933, 20.651767929201185], [-101.46720184601523, 20.651768546553342]], [[-101.4672025018865, 20.651809170735394], [-101.46720184601523, 20.651768546553342]], [[-101.46720184601523, 20.651768546553342], [-101.46715868679955, 20.651769163894727]], [[-101.46715934265937, 20.651809788078104], [-101.46715868679955, 20.651769163894727]], [[-101.46715868679955, 20.651769163894727], [-101.46711552758228, 20.651769781225337]], [[-101.46711618343066, 20.651810405410032], [-101.46711552758228, 20.651769781225337]], [[-101.46711552758228, 20.651769781225337], [-101.46707236836342, 20.65177039854517]], [[-101.46707302420037, 20.65181102273119], [-101.46707236836342, 20.65177039854517]], [[-101.46707236836342, 20.65177039854517], [-101.46702920914299, 20.65177101585423]], [[-101.4670298649685, 20.651811640041572], [-101.46702920914299, 20.65177101585423]], [[-101.46702920914299, 20.65177101585423], [-101.46698604992098, 20.651771633152517]], [[-101.46698670573502, 20.651812257341177], [-101.46698604992098, 20.651771633152517]], [[-101.46698604992098, 20.651771633152517], [-101.46694289069737, 20.65177225044003]], [[-101.46694354649999, 20.651812874630007], [-101.46694289069737, 20.65177225044003]], [[-101.46694289069737, 20.65177225044003], [-101.4668997314722, 20.651772867716762]], [[-101.46690038726337, 20.651813491908065], [-101.4668997314722, 20.651772867716762]], [[-101.4668997314722, 20.651772867716762], [-101.46685657224543, 20.651773484982723]], [[-101.46685722802515, 20.651814109175344], [-101.46685657224543, 20.651773484982723]], [[-101.46685657224543, 20.651773484982723], [-101.46681341301709, 20.6517741022379]], [[-101.46681406878535, 20.651814726431855], [-101.46681341301709, 20.6517741022379]], [[-101.46681341301709, 20.6517741022379], [-101.46677025378716, 20.651774719482308]], [[-101.46677090954398, 20.651815343677587], [-101.46677025378716, 20.651774719482308]], [[-101.46677025378716, 20.651774719482308], [-101.46672709455567, 20.651775336715943]], [[-101.46672775030103, 20.651815960912543], [-101.46672709455567, 20.651775336715943]], [[-101.46672709455567, 20.651775336715943], [-101.46668393532256, 20.6517759539388]], [[-101.4666845910565, 20.651816578136724], [-101.46668393532256, 20.6517759539388]], [[-101.46668393532256, 20.6517759539388], [-101.4666407760879, 20.651776571150886]], [[-101.46664143181039, 20.651817195350127], [-101.4666407760879, 20.651776571150886]], [[-101.4666407760879, 20.651776571150886], [-101.46659761685164, 20.651777188352195]], [[-101.46659827256268, 20.651817812552753], [-101.46659761685164, 20.651777188352195]], [[-101.46659761685164, 20.651777188352195], [-101.46655445761381, 20.651777805542725]], [[-101.46655511331339, 20.651818429744612], [-101.46655445761381, 20.651777805542725]], [[-101.46655445761381, 20.651777805542725], [-101.46651129837439, 20.651778422722487]], [[-101.46651195406254, 20.65181904692569], [-101.46651129837439, 20.651778422722487]], [[-101.46651129837439, 20.651778422722487], [-101.46646813913338, 20.651779039891466]], [[-101.4664687948101, 20.65181966409599], [-101.46646813913338, 20.651779039891466]], [[-101.46646813913338, 20.651779039891466], [-101.4664249798908, 20.651779657049676]], [[-101.46642563555606, 20.651820281255524], [-101.4664249798908, 20.651779657049676]], [[-101.4664249798908, 20.651779657049676], [-101.46638182064663, 20.651780274197097]], [[-101.46638247630047, 20.651820898404278], [-101.46638182064663, 20.651780274197097]], [[-101.46638182064663, 20.651780274197097], [-101.46633866140088, 20.651780891333754]], [[-101.46633931704326, 20.651821515542256], [-101.46633866140088, 20.651780891333754]], [[-101.46633866140088, 20.651780891333754], [-101.46629550215356, 20.65178150845964]], [[-101.46629615778448, 20.65182213266946], [-101.46629550215356, 20.65178150845964]], [[-101.46629550215356, 20.65178150845964], [-101.46625234290465, 20.651782125574744]], [[-101.46625299852414, 20.65182274978589], [-101.46625234290465, 20.651782125574744]], [[-101.46625234290465, 20.651782125574744], [-101.46620918365417, 20.651782742679078]], [[-101.4662098392622, 20.651823366891538], [-101.46620918365417, 20.651782742679078]], [[-101.46620918365417, 20.651782742679078], [-101.46616602440209, 20.651783359772633]], [[-101.4661666799987, 20.651823983986414], [-101.46616602440209, 20.651783359772633]], [[-101.46616602440209, 20.651783359772633], [-101.46612286514844, 20.651783976855413]], [[-101.46612352073359, 20.65182460107052], [-101.46612286514844, 20.651783976855413]], [[-101.46612286514844, 20.651783976855413], [-101.4660797058932, 20.65178459392742]], [[-101.46608036146691, 20.651825218143845], [-101.4660797058932, 20.65178459392742]], [[-101.4660797058932, 20.65178459392742], [-101.46603654663639, 20.65178521098865]], [[-101.46603720219863, 20.6518258352064], [-101.46603654663639, 20.65178521098865]], [[-101.46603654663639, 20.65178521098865], [-101.46599338737798, 20.651785828039102]], [[-101.4659940429288, 20.651826452258177], [-101.46599338737798, 20.651785828039102]], [[-101.46599338737798, 20.651785828039102], [-101.465950228118, 20.651786445078784]], [[-101.46595088365737, 20.65182706929918], [-101.465950228118, 20.651786445078784]], [[-101.465950228118, 20.651786445078784], [-101.46590706885644, 20.651787062107687]], [[-101.46590772438437, 20.6518276863294], [-101.46590706885644, 20.651787062107687]], [[-101.46590706885644, 20.651787062107687], [-101.4658639095933, 20.651787679125817]], [[-101.46586456510978, 20.651828303348857], [-101.4658639095933, 20.651787679125817]], [[-101.4658639095933, 20.651787679125817], [-101.46582075032858, 20.65178829613317]], [[-101.46582140583361, 20.651828920357527], [-101.46582075032858, 20.65178829613317]], [[-101.46582075032858, 20.65178829613317], [-101.46577759106226, 20.65178891312975]], [[-101.46577824655586, 20.651829537355432], [-101.46577759106226, 20.65178891312975]], [[-101.46577759106226, 20.65178891312975], [-101.46573443179439, 20.651789530115554]], [[-101.46573508727653, 20.65183015434256], [-101.46573443179439, 20.651789530115554]], [[-101.46573443179439, 20.651789530115554], [-101.46569127252491, 20.65179014709058]], [[-101.4656919279956, 20.6518307713189], [-101.46569127252491, 20.65179014709058]], [[-101.46569127252491, 20.65179014709058], [-101.46564811325386, 20.651790764054834]], [[-101.46564876871311, 20.65183138828448], [-101.46564811325386, 20.651790764054834]], [[-101.46564811325386, 20.651790764054834], [-101.46560495398123, 20.65179138100831]], [[-101.46560560942905, 20.651832005239278], [-101.46560495398123, 20.65179138100831]], [[-101.46560495398123, 20.65179138100831], [-101.46556179470703, 20.651791997951012]], [[-101.4655624501434, 20.6518326221833], [-101.46556179470703, 20.651791997951012]], [[-101.46556179470703, 20.651791997951012], [-101.46551863543122, 20.65179261488294]], [[-101.46551929085615, 20.651833239116552], [-101.46551863543122, 20.65179261488294]], [[-101.46551863543122, 20.65179261488294], [-101.46547547615386, 20.651793231804092]], [[-101.46547613156731, 20.651833856039026], [-101.46547547615386, 20.651793231804092]], [[-101.46547547615386, 20.651793231804092], [-101.46543231687488, 20.65179384871447]], [[-101.46543297227691, 20.65183447295072], [-101.46543231687488, 20.65179384871447]], [[-101.46543231687488, 20.65179384871447], [-101.46538915759436, 20.65179446561407]], [[-101.46538981298494, 20.651835089851645], [-101.46538915759436, 20.65179446561407]], [[-101.46538915759436, 20.65179446561407], [-101.46534599831224, 20.651795082502897]], [[-101.46534665369138, 20.651835706741792], [-101.46534599831224, 20.651795082502897]], [[-101.46534599831224, 20.651795082502897], [-101.46530283902852, 20.651795699380948]], [[-101.46530349439624, 20.651836323621165], [-101.46530283902852, 20.651795699380948]], [[-101.46530283902852, 20.651795699380948], [-101.46525967974326, 20.651796316248223]], [[-101.46526033509952, 20.65183694048976], [-101.46525967974326, 20.651796316248223]], [[-101.46525967974326, 20.651796316248223], [-101.4652165204564, 20.65179693310472]], [[-101.4652171758012, 20.651837557347584], [-101.4652165204564, 20.65179693310472]], [[-101.4652165204564, 20.65179693310472], [-101.46517336116794, 20.651797549950444]], [[-101.46517401650132, 20.651838174194623], [-101.46517336116794, 20.651797549950444]], [[-101.46517336116794, 20.651797549950444], [-101.46513020187793, 20.651798166785394]], [[-101.46513085719984, 20.651838791030897], [-101.46513020187793, 20.651798166785394]], [[-101.46513020187793, 20.651798166785394], [-101.46508704258632, 20.65179878360957]], [[-101.46508769789679, 20.651839407856396], [-101.46508704258632, 20.65179878360957]], [[-101.467978711627, 20.65175743256585], [-101.46797805555131, 20.6517168084074]], [[-101.46797805555131, 20.6517168084074], [-101.46793489637554, 20.651717425941413]], [[-101.46793555243981, 20.651758050101183], [-101.46793489637554, 20.651717425941413]], [[-101.46793489637554, 20.651717425941413], [-101.4678917371982, 20.65171804346465]], [[-101.46789239325102, 20.651758667625753], [-101.4678917371982, 20.65171804346465]], [[-101.4678917371982, 20.65171804346465], [-101.46784857801929, 20.651718660977117]], [[-101.46784923406065, 20.651759285139537], [-101.46784857801929, 20.651718660977117]], [[-101.46784857801929, 20.651718660977117], [-101.46780541883878, 20.651719278478808]], [[-101.4678060748687, 20.651759902642556], [-101.46780541883878, 20.651719278478808]], [[-101.46780541883878, 20.651719278478808], [-101.4677622596567, 20.651719895969727]], [[-101.46776291567517, 20.651760520134793], [-101.4677622596567, 20.651719895969727]], [[-101.4677622596567, 20.651719895969727], [-101.46771910047302, 20.651720513449863]], [[-101.46771975648007, 20.651761137616255], [-101.46771910047302, 20.651720513449863]], [[-101.46771910047302, 20.651720513449863], [-101.46767594128777, 20.65172113091923]], [[-101.46767659728336, 20.65176175508694], [-101.46767594128777, 20.65172113091923]], [[-101.46767594128777, 20.65172113091923], [-101.46763278210094, 20.65172174837782]], [[-101.46763343808507, 20.65176237254685], [-101.46763278210094, 20.65172174837782]], [[-101.46763278210094, 20.65172174837782], [-101.46758962291251, 20.651722365825638]], [[-101.46759027888521, 20.65176298999599], [-101.46758962291251, 20.651722365825638]], [[-101.46758962291251, 20.651722365825638], [-101.46754646372253, 20.651722983262673]], [[-101.46754711968377, 20.65176360743435], [-101.46754646372253, 20.651722983262673]], [[-101.46754646372253, 20.651722983262673], [-101.46750330453094, 20.651723600688936]], [[-101.46750396048074, 20.65176422486194], [-101.46750330453094, 20.651723600688936]], [[-101.46750330453094, 20.651723600688936], [-101.46746014533777, 20.651724218104427]], [[-101.46746080127613, 20.65176484227875], [-101.46746014533777, 20.651724218104427]], [[-101.46746014533777, 20.651724218104427], [-101.46741698614302, 20.65172483550914]], [[-101.46741764206993, 20.651765459684785], [-101.46741698614302, 20.65172483550914]], [[-101.46741698614302, 20.65172483550914], [-101.46737382694668, 20.65172545290308]], [[-101.46737448286217, 20.651766077080048], [-101.46737382694668, 20.65172545290308]], [[-101.46737382694668, 20.65172545290308], [-101.46733066774878, 20.651726070286244]], [[-101.4673313236528, 20.651766694464538], [-101.46733066774878, 20.651726070286244]], [[-101.46733066774878, 20.651726070286244], [-101.46728750854928, 20.651726687658627]], [[-101.46728816444187, 20.651767311838245], [-101.46728750854928, 20.651726687658627]], [[-101.46728750854928, 20.651726687658627], [-101.4672443493482, 20.651727305020245]], [[-101.46724500522933, 20.651767929201185], [-101.4672443493482, 20.651727305020245]], [[-101.4672443493482, 20.651727305020245], [-101.46720119014554, 20.65172792237108]], [[-101.46720184601523, 20.651768546553342], [-101.46720119014554, 20.65172792237108]], [[-101.46720119014554, 20.65172792237108], [-101.46715803094129, 20.651728539711144]], [[-101.46715868679955, 20.651769163894727], [-101.46715803094129, 20.651728539711144]], [[-101.46715803094129, 20.651728539711144], [-101.46711487173548, 20.65172915704043]], [[-101.46711552758228, 20.651769781225337], [-101.46711487173548, 20.65172915704043]], [[-101.46711487173548, 20.65172915704043], [-101.46707171252807, 20.651729774358945]], [[-101.46707236836342, 20.65177039854517], [-101.46707171252807, 20.651729774358945]], [[-101.46707171252807, 20.651729774358945], [-101.46702855331908, 20.651730391666682]], [[-101.46702920914299, 20.65177101585423], [-101.46702855331908, 20.651730391666682]], [[-101.46702855331908, 20.651730391666682], [-101.4669853941085, 20.651731008963647]], [[-101.46698604992098, 20.651771633152517], [-101.4669853941085, 20.651731008963647]], [[-101.4669853941085, 20.651731008963647], [-101.46694223489635, 20.651731626249834]], [[-101.46694289069737, 20.65177225044003], [-101.46694223489635, 20.651731626249834]], [[-101.46694223489635, 20.651731626249834], [-101.46689907568262, 20.65173224352525]], [[-101.4668997314722, 20.651772867716762], [-101.46689907568262, 20.65173224352525]], [[-101.46689907568262, 20.65173224352525], [-101.4668559164673, 20.65173286078988]], [[-101.46685657224543, 20.651773484982723], [-101.4668559164673, 20.65173286078988]], [[-101.4668559164673, 20.65173286078988], [-101.46681275725041, 20.65173347804374]], [[-101.46681341301709, 20.6517741022379], [-101.46681275725041, 20.65173347804374]], [[-101.46681275725041, 20.65173347804374], [-101.46676959803192, 20.651734095286827]], [[-101.46677025378716, 20.651774719482308], [-101.46676959803192, 20.651734095286827]], [[-101.46676959803192, 20.651734095286827], [-101.46672643881186, 20.651734712519136]], [[-101.46672709455567, 20.651775336715943], [-101.46672643881186, 20.651734712519136]], [[-101.46672643881186, 20.651734712519136], [-101.46668327959021, 20.651735329740678]], [[-101.46668393532256, 20.6517759539388], [-101.46668327959021, 20.651735329740678]], [[-101.46668327959021, 20.651735329740678], [-101.46664012036697, 20.651735946951433]], [[-101.4666407760879, 20.651776571150886], [-101.46664012036697, 20.651735946951433]], [[-101.46664012036697, 20.651735946951433], [-101.46659696114217, 20.65173656415142]], [[-101.46659761685164, 20.651777188352195], [-101.46659696114217, 20.65173656415142]], [[-101.46659696114217, 20.65173656415142], [-101.46655380191578, 20.651737181340632]], [[-101.46655445761381, 20.651777805542725], [-101.46655380191578, 20.651737181340632]], [[-101.46655380191578, 20.651737181340632], [-101.46651064268781, 20.65173779851907]], [[-101.46651129837439, 20.651778422722487], [-101.46651064268781, 20.65173779851907]], [[-101.46651064268781, 20.65173779851907], [-101.46646748345826, 20.65173841568673]], [[-101.46646813913338, 20.651779039891466], [-101.46646748345826, 20.65173841568673]], [[-101.46646748345826, 20.65173841568673], [-101.4664243242271, 20.65173903284361]], [[-101.4664249798908, 20.651779657049676], [-101.4664243242271, 20.65173903284361]], [[-101.4664243242271, 20.65173903284361], [-101.46638116499439, 20.651739649989718]], [[-101.46638182064663, 20.651780274197097], [-101.46638116499439, 20.651739649989718]], [[-101.46638116499439, 20.651739649989718], [-101.4663380057601, 20.651740267125053]], [[-101.46633866140088, 20.651780891333754], [-101.4663380057601, 20.651740267125053]], [[-101.4663380057601, 20.651740267125053], [-101.4662948465242, 20.651740884249616]], [[-101.46629550215356, 20.65178150845964], [-101.4662948465242, 20.651740884249616]], [[-101.4662948465242, 20.651740884249616], [-101.46625168728674, 20.651741501363396]], [[-101.46625234290465, 20.651782125574744], [-101.46625168728674, 20.651741501363396]], [[-101.46625168728674, 20.651741501363396], [-101.4662085280477, 20.65174211846641]], [[-101.46620918365417, 20.651782742679078], [-101.4662085280477, 20.65174211846641]], [[-101.4662085280477, 20.65174211846641], [-101.46616536880707, 20.65174273555864]], [[-101.46616602440209, 20.651783359772633], [-101.46616536880707, 20.65174273555864]], [[-101.46616536880707, 20.65174273555864], [-101.46612220956486, 20.651743352640096]], [[-101.46612286514844, 20.651783976855413], [-101.46612220956486, 20.651743352640096]], [[-101.46612220956486, 20.651743352640096], [-101.46607905032107, 20.651743969710786]], [[-101.4660797058932, 20.65178459392742], [-101.46607905032107, 20.651743969710786]], [[-101.46607905032107, 20.651743969710786], [-101.46603589107569, 20.65174458677069]], [[-101.46603654663639, 20.65178521098865], [-101.46603589107569, 20.65174458677069]], [[-101.46603589107569, 20.65174458677069], [-101.46599273182875, 20.65174520381983]], [[-101.46599338737798, 20.651785828039102], [-101.46599273182875, 20.65174520381983]], [[-101.46599273182875, 20.65174520381983], [-101.4659495725802, 20.65174582085818]], [[-101.465950228118, 20.651786445078784], [-101.4659495725802, 20.65174582085818]], [[-101.4659495725802, 20.65174582085818], [-101.4659064133301, 20.651746437885762]], [[-101.46590706885644, 20.651787062107687], [-101.4659064133301, 20.651746437885762]], [[-101.4659064133301, 20.651746437885762], [-101.4658632540784, 20.651747054902568]], [[-101.4658639095933, 20.651787679125817], [-101.4658632540784, 20.651747054902568]], [[-101.4658632540784, 20.651747054902568], [-101.46582009482512, 20.651747671908602]], [[-101.46582075032858, 20.65178829613317], [-101.46582009482512, 20.651747671908602]], [[-101.46582009482512, 20.651747671908602], [-101.46577693557025, 20.651748288903857]], [[-101.46577759106226, 20.65178891312975], [-101.46577693557025, 20.651748288903857]], [[-101.46577693557025, 20.651748288903857], [-101.46573377631381, 20.65174890588834]], [[-101.46573443179439, 20.651789530115554], [-101.46573377631381, 20.65174890588834]], [[-101.46573377631381, 20.65174890588834], [-101.4656906170558, 20.65174952286205]], [[-101.46569127252491, 20.65179014709058], [-101.4656906170558, 20.65174952286205]], [[-101.4656906170558, 20.65174952286205], [-101.46564745779618, 20.65175013982498]], [[-101.46564811325386, 20.651790764054834], [-101.46564745779618, 20.65175013982498]], [[-101.46564745779618, 20.65175013982498], [-101.465604298535, 20.651750756777137]], [[-101.46560495398123, 20.65179138100831], [-101.465604298535, 20.651750756777137]], [[-101.465604298535, 20.651750756777137], [-101.46556113927222, 20.65175137371852]], [[-101.46556179470703, 20.651791997951012], [-101.46556113927222, 20.65175137371852]], [[-101.46556113927222, 20.65175137371852], [-101.46551798000789, 20.651751990649117]], [[-101.46551863543122, 20.65179261488294], [-101.46551798000789, 20.651751990649117]], [[-101.46551798000789, 20.651751990649117], [-101.46547482074195, 20.65175260756895]], [[-101.46547547615386, 20.651793231804092], [-101.46547482074195, 20.65175260756895]], [[-101.46547482074195, 20.65175260756895], [-101.46543166147444, 20.651753224478007]], [[-101.46543231687488, 20.65179384871447], [-101.46543166147444, 20.651753224478007]], [[-101.46543166147444, 20.651753224478007], [-101.46538850220534, 20.65175384137629]], [[-101.46538915759436, 20.65179446561407], [-101.46538850220534, 20.65175384137629]], [[-101.46538850220534, 20.65175384137629], [-101.46534534293467, 20.65175445826379]], [[-101.46534599831224, 20.651795082502897], [-101.46534534293467, 20.65175445826379]], [[-101.46534534293467, 20.65175445826379], [-101.46530218366242, 20.651755075140525]], [[-101.46530283902852, 20.651795699380948], [-101.46530218366242, 20.651755075140525]], [[-101.46530218366242, 20.651755075140525], [-101.46525902438857, 20.65175569200647]], [[-101.46525967974326, 20.651796316248223], [-101.46525902438857, 20.65175569200647]], [[-101.46525902438857, 20.65175569200647], [-101.46521586511317, 20.651756308861653]], [[-101.4652165204564, 20.65179693310472], [-101.46521586511317, 20.651756308861653]], [[-101.46521586511317, 20.651756308861653], [-101.46517270583617, 20.651756925706056]], [[-101.46517336116794, 20.651797549950444], [-101.46517270583617, 20.651756925706056]], [[-101.46517270583617, 20.651756925706056], [-101.46512954655759, 20.651757542539684]], [[-101.46513020187793, 20.651798166785394], [-101.46512954655759, 20.651757542539684]], [[-101.46512954655759, 20.651757542539684], [-101.46508638727742, 20.651758159362537]], [[-101.46508704258632, 20.65179878360957], [-101.46508638727742, 20.651758159362537]], [[-101.46797805555131, 20.6517168084074], [-101.46797739947719, 20.651676184248732]], [[-101.46797739947719, 20.651676184248732], [-101.46793424031287, 20.65167680178142]], [[-101.46793489637554, 20.651717425941413], [-101.46793424031287, 20.65167680178142]], [[-101.46793424031287, 20.65167680178142], [-101.46789108114699, 20.651677419303336]], [[-101.4678917371982, 20.65171804346465], [-101.46789108114699, 20.651677419303336]], [[-101.46789108114699, 20.651677419303336], [-101.46784792197951, 20.651678036814484]], [[-101.46784857801929, 20.651718660977117], [-101.46784792197951, 20.651678036814484]], [[-101.46784792197951, 20.651678036814484], [-101.46780476281045, 20.651678654314846]], [[-101.46780541883878, 20.651719278478808], [-101.46780476281045, 20.651678654314846]], [[-101.46780476281045, 20.651678654314846], [-101.4677616036398, 20.65167927180444]], [[-101.4677622596567, 20.651719895969727], [-101.4677616036398, 20.65167927180444]], [[-101.4677616036398, 20.65167927180444], [-101.46771844446758, 20.65167988928326]], [[-101.46771910047302, 20.651720513449863], [-101.46771844446758, 20.65167988928326]], [[-101.46771844446758, 20.65167988928326], [-101.46767528529377, 20.651680506751298]], [[-101.46767594128777, 20.65172113091923], [-101.46767528529377, 20.651680506751298]], [[-101.46767528529377, 20.651680506751298], [-101.46763212611837, 20.65168112420857]], [[-101.46763278210094, 20.65172174837782], [-101.46763212611837, 20.65168112420857]], [[-101.46763212611837, 20.65168112420857], [-101.46758896694139, 20.65168174165506]], [[-101.46758962291251, 20.651722365825638], [-101.46758896694139, 20.65168174165506]], [[-101.46758896694139, 20.65168174165506], [-101.46754580776285, 20.65168235909077]], [[-101.46754646372253, 20.651722983262673], [-101.46754580776285, 20.65168235909077]], [[-101.46754580776285, 20.65168235909077], [-101.46750264858271, 20.651682976515715]], [[-101.46750330453094, 20.651723600688936], [-101.46750264858271, 20.651682976515715]], [[-101.46750264858271, 20.651682976515715], [-101.46745948940098, 20.651683593929885]], [[-101.46746014533777, 20.651724218104427], [-101.46745948940098, 20.651683593929885]], [[-101.46745948940098, 20.651683593929885], [-101.46741633021767, 20.651684211333276]], [[-101.46741698614302, 20.65172483550914], [-101.46741633021767, 20.651684211333276]], [[-101.46741633021767, 20.651684211333276], [-101.46737317103279, 20.651684828725887]], [[-101.46737382694668, 20.65172545290308], [-101.46737317103279, 20.651684828725887]], [[-101.46737317103279, 20.651684828725887], [-101.46733001184633, 20.65168544610773]], [[-101.46733066774878, 20.651726070286244], [-101.46733001184633, 20.65168544610773]], [[-101.46733001184633, 20.65168544610773], [-101.46728685265828, 20.6516860634788]], [[-101.46728750854928, 20.651726687658627], [-101.46728685265828, 20.6516860634788]], [[-101.46728685265828, 20.6516860634788], [-101.46724369346865, 20.65168668083909]], [[-101.4672443493482, 20.651727305020245], [-101.46724369346865, 20.65168668083909]], [[-101.46724369346865, 20.65168668083909], [-101.46720053427744, 20.651687298188605]], [[-101.46720119014554, 20.65172792237108], [-101.46720053427744, 20.651687298188605]], [[-101.46720053427744, 20.651687298188605], [-101.46715737508464, 20.65168791552734]], [[-101.46715803094129, 20.651728539711144], [-101.46715737508464, 20.65168791552734]], [[-101.46715737508464, 20.65168791552734], [-101.46711421589025, 20.651688532855314]], [[-101.46711487173548, 20.65172915704043], [-101.46711421589025, 20.651688532855314]], [[-101.46711421589025, 20.651688532855314], [-101.46707105669428, 20.6516891501725]], [[-101.46707171252807, 20.651729774358945], [-101.46707105669428, 20.6516891501725]], [[-101.46707105669428, 20.6516891501725], [-101.46702789749675, 20.65168976747892]], [[-101.46702855331908, 20.651730391666682], [-101.46702789749675, 20.65168976747892]], [[-101.46702789749675, 20.65168976747892], [-101.46698473829763, 20.651690384774554]], [[-101.4669853941085, 20.651731008963647], [-101.46698473829763, 20.651690384774554]], [[-101.46698473829763, 20.651690384774554], [-101.46694157909691, 20.65169100205942]], [[-101.46694223489635, 20.651731626249834], [-101.46694157909691, 20.65169100205942]], [[-101.46694157909691, 20.65169100205942], [-101.46689841989462, 20.65169161933351]], [[-101.46689907568262, 20.65173224352525], [-101.46689841989462, 20.65169161933351]], [[-101.46689841989462, 20.65169161933351], [-101.46685526069075, 20.651692236596826]], [[-101.4668559164673, 20.65173286078988], [-101.46685526069075, 20.651692236596826]], [[-101.46685526069075, 20.651692236596826], [-101.46681210148529, 20.65169285384936]], [[-101.46681275725041, 20.65173347804374], [-101.46681210148529, 20.65169285384936]], [[-101.46681210148529, 20.65169285384936], [-101.46676894227826, 20.651693471091125]], [[-101.46676959803192, 20.651734095286827], [-101.46676894227826, 20.651693471091125]], [[-101.46676894227826, 20.651693471091125], [-101.46672578306963, 20.651694088322117]], [[-101.46672643881186, 20.651734712519136], [-101.46672578306963, 20.651694088322117]], [[-101.46672578306963, 20.651694088322117], [-101.46668262385944, 20.65169470554233]], [[-101.46668327959021, 20.651735329740678], [-101.46668262385944, 20.65169470554233]], [[-101.46668262385944, 20.65169470554233], [-101.46663946464766, 20.65169532275177]], [[-101.46664012036697, 20.651735946951433], [-101.46663946464766, 20.65169532275177]], [[-101.46663946464766, 20.65169532275177], [-101.4665963054343, 20.651695939950436]], [[-101.46659696114217, 20.65173656415142], [-101.4665963054343, 20.651695939950436]], [[-101.4665963054343, 20.651695939950436], [-101.46655314621934, 20.65169655713832]], [[-101.46655380191578, 20.651737181340632], [-101.46655314621934, 20.65169655713832]], [[-101.46655314621934, 20.65169655713832], [-101.46650998700282, 20.651697174315434]], [[-101.46651064268781, 20.65173779851907], [-101.46650998700282, 20.651697174315434]], [[-101.46650998700282, 20.651697174315434], [-101.4664668277847, 20.65169779148177]], [[-101.46646748345826, 20.65173841568673], [-101.4664668277847, 20.65169779148177]], [[-101.4664668277847, 20.65169779148177], [-101.46642366856501, 20.651698408637333]], [[-101.4664243242271, 20.65173903284361], [-101.46642366856501, 20.651698408637333]], [[-101.46642366856501, 20.651698408637333], [-101.46638050934374, 20.651699025782126]], [[-101.46638116499439, 20.651739649989718], [-101.46638050934374, 20.651699025782126]], [[-101.46638050934374, 20.651699025782126], [-101.46633735012088, 20.65169964291613]], [[-101.4663380057601, 20.651740267125053], [-101.46633735012088, 20.65169964291613]], [[-101.46633735012088, 20.65169964291613], [-101.46629419089645, 20.651700260039366]], [[-101.4662948465242, 20.651740884249616], [-101.46629419089645, 20.651700260039366]], [[-101.46629419089645, 20.651700260039366], [-101.46625103167042, 20.651700877151836]], [[-101.46625168728674, 20.651741501363396], [-101.46625103167042, 20.651700877151836]], [[-101.46625103167042, 20.651700877151836], [-101.46620787244282, 20.651701494253523]], [[-101.4662085280477, 20.65174211846641], [-101.46620787244282, 20.651701494253523]], [[-101.46620787244282, 20.651701494253523], [-101.46616471321363, 20.65170211134443]], [[-101.46616536880707, 20.65174273555864], [-101.46616471321363, 20.65170211134443]], [[-101.46616471321363, 20.65170211134443], [-101.46612155398287, 20.65170272842457]], [[-101.46612220956486, 20.651743352640096], [-101.46612155398287, 20.65170272842457]], [[-101.46612155398287, 20.65170272842457], [-101.46607839475053, 20.65170334549393]], [[-101.46607905032107, 20.651743969710786], [-101.46607839475053, 20.65170334549393]], [[-101.46607839475053, 20.65170334549393], [-101.4660352355166, 20.651703962552514]], [[-101.46603589107569, 20.65174458677069], [-101.4660352355166, 20.651703962552514]], [[-101.4660352355166, 20.651703962552514], [-101.4659920762811, 20.651704579600327]], [[-101.46599273182875, 20.65174520381983], [-101.4659920762811, 20.651704579600327]], [[-101.4659920762811, 20.651704579600327], [-101.465948917044, 20.651705196637362]], [[-101.4659495725802, 20.65174582085818], [-101.465948917044, 20.651705196637362]], [[-101.465948917044, 20.651705196637362], [-101.46590575780533, 20.65170581366362]], [[-101.4659064133301, 20.651746437885762], [-101.46590575780533, 20.65170581366362]], [[-101.46590575780533, 20.65170581366362], [-101.46586259856507, 20.65170643067911]], [[-101.4658632540784, 20.651747054902568], [-101.46586259856507, 20.65170643067911]], [[-101.46586259856507, 20.65170643067911], [-101.46581943932324, 20.65170704768382]], [[-101.46582009482512, 20.651747671908602], [-101.46581943932324, 20.65170704768382]], [[-101.46581943932324, 20.65170704768382], [-101.46577628007982, 20.651707664677755]], [[-101.46577693557025, 20.651748288903857], [-101.46577628007982, 20.651707664677755]], [[-101.46577628007982, 20.651707664677755], [-101.46573312083483, 20.651708281660916]], [[-101.46573377631381, 20.65174890588834], [-101.46573312083483, 20.651708281660916]], [[-101.46573312083483, 20.651708281660916], [-101.46568996158824, 20.651708898633302]], [[-101.4656906170558, 20.65174952286205], [-101.46568996158824, 20.651708898633302]], [[-101.46568996158824, 20.651708898633302], [-101.46564680234009, 20.65170951559491]], [[-101.46564745779618, 20.65175013982498], [-101.46564680234009, 20.65170951559491]], [[-101.46564680234009, 20.65170951559491], [-101.46560364309035, 20.65171013254574]], [[-101.465604298535, 20.651750756777137], [-101.46560364309035, 20.65171013254574]], [[-101.46560364309035, 20.65171013254574], [-101.46556048383901, 20.6517107494858]], [[-101.46556113927222, 20.65175137371852], [-101.46556048383901, 20.6517107494858]], [[-101.46556048383901, 20.6517107494858], [-101.46551732458612, 20.651711366415086]], [[-101.46551798000789, 20.651751990649117], [-101.46551732458612, 20.651711366415086]], [[-101.46551732458612, 20.651711366415086], [-101.46547416533163, 20.651711983333595]], [[-101.46547482074195, 20.65175260756895], [-101.46547416533163, 20.651711983333595]], [[-101.46547416533163, 20.651711983333595], [-101.46543100607558, 20.651712600241325]], [[-101.46543166147444, 20.651753224478007], [-101.46543100607558, 20.651712600241325]], [[-101.46543100607558, 20.651712600241325], [-101.46538784681792, 20.651713217138287]], [[-101.46538850220534, 20.65175384137629], [-101.46538784681792, 20.651713217138287]], [[-101.46538784681792, 20.651713217138287], [-101.4653446875587, 20.65171383402447]], [[-101.46534534293467, 20.65175445826379], [-101.4653446875587, 20.65171383402447]], [[-101.4653446875587, 20.65171383402447], [-101.46530152829789, 20.65171445089988]], [[-101.46530218366242, 20.651755075140525], [-101.46530152829789, 20.65171445089988]], [[-101.46530152829789, 20.65171445089988], [-101.46525836903548, 20.651715067764513]], [[-101.46525902438857, 20.65175569200647], [-101.46525836903548, 20.651715067764513]], [[-101.46525836903548, 20.651715067764513], [-101.46521520977151, 20.651715684618367]], [[-101.46521586511317, 20.651756308861653], [-101.46521520977151, 20.651715684618367]], [[-101.46521520977151, 20.651715684618367], [-101.46517205050597, 20.65171630146145]], [[-101.46517270583617, 20.651756925706056], [-101.46517205050597, 20.65171630146145]], [[-101.46517205050597, 20.65171630146145], [-101.46512889123883, 20.651716918293758]], [[-101.46512954655759, 20.651757542539684], [-101.46512889123883, 20.651716918293758]], [[-101.46512889123883, 20.651716918293758], [-101.4650857319701, 20.65171753511529]], [[-101.46508638727742, 20.651758159362537], [-101.4650857319701, 20.65171753511529]], [[-101.46797739947719, 20.651676184248732], [-101.46797674340466, 20.651635560089854]], [[-101.46797674340466, 20.651635560089854], [-101.46793358425178, 20.651636177621224]], [[-101.46793424031287, 20.65167680178142], [-101.46793358425178, 20.651636177621224]], [[-101.46793358425178, 20.651636177621224], [-101.46789042509734, 20.651636795141815]], [[-101.46789108114699, 20.651677419303336], [-101.46789042509734, 20.651636795141815]], [[-101.46789042509734, 20.651636795141815], [-101.4678472659413, 20.651637412651635]], [[-101.46784792197951, 20.651678036814484], [-101.4678472659413, 20.651637412651635]], [[-101.4678472659413, 20.651637412651635], [-101.46780410678369, 20.65163803015068]], [[-101.46780476281045, 20.651678654314846], [-101.46780410678369, 20.65163803015068]], [[-101.46780410678369, 20.65163803015068], [-101.4677609476245, 20.65163864763895]], [[-101.4677616036398, 20.65167927180444], [-101.4677609476245, 20.65163864763895]], [[-101.4677609476245, 20.65163864763895], [-101.4677177884637, 20.651639265116444]], [[-101.46771844446758, 20.65167988928326], [-101.4677177884637, 20.651639265116444]], [[-101.4677177884637, 20.651639265116444], [-101.46767462930134, 20.65163988258316]], [[-101.46767528529377, 20.651680506751298], [-101.46767462930134, 20.65163988258316]], [[-101.46767462930134, 20.65163988258316], [-101.4676314701374, 20.651640500039104]], [[-101.46763212611837, 20.65168112420857], [-101.4676314701374, 20.651640500039104]], [[-101.4676314701374, 20.651640500039104], [-101.46758831097186, 20.651641117484278]], [[-101.46758896694139, 20.65168174165506], [-101.46758831097186, 20.651641117484278]], [[-101.46758831097186, 20.651641117484278], [-101.46754515180476, 20.651641734918673]], [[-101.46754580776285, 20.65168235909077], [-101.46754515180476, 20.651641734918673]], [[-101.46754515180476, 20.651641734918673], [-101.46750199263607, 20.65164235234229]], [[-101.46750264858271, 20.651682976515715], [-101.46750199263607, 20.65164235234229]], [[-101.46750199263607, 20.65164235234229], [-101.46745883346578, 20.651642969755134]], [[-101.46745948940098, 20.651683593929885], [-101.46745883346578, 20.651642969755134]], [[-101.46745883346578, 20.651642969755134], [-101.46741567429393, 20.6516435871572]], [[-101.46741633021767, 20.651684211333276], [-101.46741567429393, 20.6516435871572]], [[-101.46741567429393, 20.6516435871572], [-101.46737251512049, 20.651644204548493]], [[-101.46737317103279, 20.651684828725887], [-101.46737251512049, 20.651644204548493]], [[-101.46737251512049, 20.651644204548493], [-101.46732935594547, 20.65164482192902]], [[-101.46733001184633, 20.65168544610773], [-101.46732935594547, 20.65164482192902]], [[-101.46732935594547, 20.65164482192902], [-101.46728619676887, 20.65164543929876]], [[-101.46728685265828, 20.6516860634788], [-101.46728619676887, 20.65164543929876]], [[-101.46728619676887, 20.65164543929876], [-101.46724303759068, 20.651646056657725]], [[-101.46724369346865, 20.65168668083909], [-101.46724303759068, 20.651646056657725]], [[-101.46724303759068, 20.651646056657725], [-101.4671998784109, 20.651646674005917]], [[-101.46720053427744, 20.651687298188605], [-101.4671998784109, 20.651646674005917]], [[-101.4671998784109, 20.651646674005917], [-101.46715671922955, 20.651647291343338]], [[-101.46715737508464, 20.65168791552734], [-101.46715671922955, 20.651647291343338]], [[-101.46715671922955, 20.651647291343338], [-101.46711356004661, 20.65164790866998]], [[-101.46711421589025, 20.651688532855314], [-101.46711356004661, 20.65164790866998]], [[-101.46711356004661, 20.65164790866998], [-101.46707040086208, 20.651648525985845]], [[-101.46707105669428, 20.6516891501725], [-101.46707040086208, 20.651648525985845]], [[-101.46707040086208, 20.651648525985845], [-101.46702724167599, 20.65164914329094]], [[-101.46702789749675, 20.65168976747892], [-101.46702724167599, 20.65164914329094]], [[-101.46702724167599, 20.65164914329094], [-101.46698408248831, 20.651649760585258]], [[-101.46698473829763, 20.651690384774554], [-101.46698408248831, 20.651649760585258]], [[-101.46698408248831, 20.651649760585258], [-101.46694092329905, 20.6516503778688]], [[-101.46694157909691, 20.65169100205942], [-101.46694092329905, 20.6516503778688]], [[-101.46694092329905, 20.6516503778688], [-101.46689776410821, 20.651650995141562]], [[-101.46689841989462, 20.65169161933351], [-101.46689776410821, 20.651650995141562]], [[-101.46689776410821, 20.651650995141562], [-101.46685460491578, 20.651651612403562]], [[-101.46685526069075, 20.651692236596826], [-101.46685460491578, 20.651651612403562]], [[-101.46685460491578, 20.651651612403562], [-101.46681144572177, 20.651652229654772]], [[-101.46681210148529, 20.65169285384936], [-101.46681144572177, 20.651652229654772]], [[-101.46681144572177, 20.651652229654772], [-101.46676828652618, 20.65165284689522]], [[-101.46676894227826, 20.651693471091125], [-101.46676828652618, 20.65165284689522]], [[-101.46676828652618, 20.65165284689522], [-101.466725127329, 20.651653464124884]], [[-101.46672578306963, 20.651694088322117], [-101.466725127329, 20.651653464124884]], [[-101.466725127329, 20.651653464124884], [-101.46668196813025, 20.65165408134378]], [[-101.46668262385944, 20.65169470554233], [-101.46668196813025, 20.65165408134378]], [[-101.46668196813025, 20.65165408134378], [-101.46663880892991, 20.65165469855189]], [[-101.46663946464766, 20.65169532275177], [-101.46663880892991, 20.65165469855189]], [[-101.46663880892991, 20.65165469855189], [-101.46659564972798, 20.651655315749238]], [[-101.4665963054343, 20.651695939950436], [-101.46659564972798, 20.651655315749238]], [[-101.46659564972798, 20.651655315749238], [-101.46655249052448, 20.6516559329358]], [[-101.46655314621934, 20.65169655713832], [-101.46655249052448, 20.6516559329358]], [[-101.46655249052448, 20.6516559329358], [-101.4665093313194, 20.651656550111593]], [[-101.46650998700282, 20.651697174315434], [-101.4665093313194, 20.651656550111593]], [[-101.4665093313194, 20.651656550111593], [-101.46646617211273, 20.651657167276607]], [[-101.4664668277847, 20.65169779148177], [-101.46646617211273, 20.651657167276607]], [[-101.46646617211273, 20.651657167276607], [-101.46642301290449, 20.65165778443085]], [[-101.46642366856501, 20.651698408637333], [-101.46642301290449, 20.65165778443085]], [[-101.46642301290449, 20.65165778443085], [-101.46637985369466, 20.651658401574316]], [[-101.46638050934374, 20.651699025782126], [-101.46637985369466, 20.651658401574316]], [[-101.46637985369466, 20.651658401574316], [-101.46633669448325, 20.651659018707004]], [[-101.46633735012088, 20.65169964291613], [-101.46633669448325, 20.651659018707004]], [[-101.46633669448325, 20.651659018707004], [-101.46629353527025, 20.651659635828924]], [[-101.46629419089645, 20.651700260039366], [-101.46629353527025, 20.651659635828924]], [[-101.46629353527025, 20.651659635828924], [-101.46625037605568, 20.65166025294006]], [[-101.46625103167042, 20.651700877151836], [-101.46625037605568, 20.65166025294006]], [[-101.46625037605568, 20.65166025294006], [-101.46620721683952, 20.65166087004042]], [[-101.46620787244282, 20.651701494253523], [-101.46620721683952, 20.65166087004042]], [[-101.46620721683952, 20.65166087004042], [-101.46616405762178, 20.651661487130013]], [[-101.46616471321363, 20.65170211134443], [-101.46616405762178, 20.651661487130013]], [[-101.46616405762178, 20.651661487130013], [-101.46612089840247, 20.65166210420883]], [[-101.46612155398287, 20.65170272842457], [-101.46612089840247, 20.65166210420883]], [[-101.46612089840247, 20.65166210420883], [-101.46607773918157, 20.651662721276868]], [[-101.46607839475053, 20.65170334549393], [-101.46607773918157, 20.651662721276868]], [[-101.46607773918157, 20.651662721276868], [-101.46603457995909, 20.651663338334135]], [[-101.4660352355166, 20.651703962552514], [-101.46603457995909, 20.651663338334135]], [[-101.46603457995909, 20.651663338334135], [-101.46599142073502, 20.65166395538062]], [[-101.4659920762811, 20.651704579600327], [-101.46599142073502, 20.65166395538062]], [[-101.46599142073502, 20.65166395538062], [-101.46594826150937, 20.65166457241634]], [[-101.465948917044, 20.651705196637362], [-101.46594826150937, 20.65166457241634]], [[-101.46594826150937, 20.65166457241634], [-101.46590510228215, 20.651665189441275]], [[-101.46590575780533, 20.65170581366362], [-101.46590510228215, 20.651665189441275]], [[-101.46590510228215, 20.651665189441275], [-101.46586194305334, 20.65166580645544]], [[-101.46586259856507, 20.65170643067911], [-101.46586194305334, 20.65166580645544]], [[-101.46586194305334, 20.65166580645544], [-101.46581878382294, 20.65166642345883]], [[-101.46581943932324, 20.65170704768382], [-101.46581878382294, 20.65166642345883]], [[-101.46581878382294, 20.65166642345883], [-101.46577562459098, 20.65166704045144]], [[-101.46577628007982, 20.651707664677755], [-101.46577562459098, 20.65166704045144]], [[-101.46577562459098, 20.65166704045144], [-101.46573246535742, 20.651667657433283]], [[-101.46573312083483, 20.651708281660916], [-101.46573246535742, 20.651667657433283]], [[-101.46573246535742, 20.651667657433283], [-101.4656893061223, 20.651668274404344]], [[-101.46568996158824, 20.651708898633302], [-101.4656893061223, 20.651668274404344]], [[-101.4656893061223, 20.651668274404344], [-101.46564614688558, 20.65166889136463]], [[-101.46564680234009, 20.65170951559491], [-101.46564614688558, 20.65166889136463]], [[-101.46564614688558, 20.65166889136463], [-101.46560298764727, 20.651669508314146]], [[-101.46560364309035, 20.65171013254574], [-101.46560298764727, 20.651669508314146]], [[-101.46560298764727, 20.651669508314146], [-101.4655598284074, 20.65167012525288]], [[-101.46556048383901, 20.6517107494858], [-101.4655598284074, 20.65167012525288]], [[-101.4655598284074, 20.65167012525288], [-101.46551666916594, 20.65167074218084]], [[-101.46551732458612, 20.651711366415086], [-101.46551666916594, 20.65167074218084]], [[-101.46551666916594, 20.65167074218084], [-101.4654735099229, 20.651671359098035]], [[-101.46547416533163, 20.651711983333595], [-101.4654735099229, 20.651671359098035]], [[-101.4654735099229, 20.651671359098035], [-101.46543035067828, 20.651671976004444]], [[-101.46543100607558, 20.651712600241325], [-101.46543035067828, 20.651671976004444]], [[-101.46543035067828, 20.651671976004444], [-101.46538719143209, 20.65167259290008]], [[-101.46538784681792, 20.651713217138287], [-101.46538719143209, 20.65167259290008]], [[-101.46538719143209, 20.65167259290008], [-101.46534403218429, 20.651673209784942]], [[-101.4653446875587, 20.65171383402447], [-101.46534403218429, 20.651673209784942]], [[-101.46534403218429, 20.651673209784942], [-101.46530087293493, 20.651673826659028]], [[-101.46530152829789, 20.65171445089988], [-101.46530087293493, 20.651673826659028]], [[-101.46530087293493, 20.651673826659028], [-101.46525771368398, 20.65167444352234]], [[-101.46525836903548, 20.651715067764513], [-101.46525771368398, 20.65167444352234]], [[-101.46525771368398, 20.65167444352234], [-101.46521455443144, 20.651675060374874]], [[-101.46521520977151, 20.651715684618367], [-101.46521455443144, 20.651675060374874]], [[-101.46521455443144, 20.651675060374874], [-101.46517139517734, 20.651675677216637]], [[-101.46517205050597, 20.65171630146145], [-101.46517139517734, 20.651675677216637]], [[-101.46517139517734, 20.651675677216637], [-101.46512823592165, 20.65167629404762]], [[-101.46512889123883, 20.651716918293758], [-101.46512823592165, 20.65167629404762]], [[-101.46512823592165, 20.65167629404762], [-101.46508507666438, 20.651676910867835]], [[-101.4650857319701, 20.65171753511529], [-101.46508507666438, 20.651676910867835]], [[-101.46797674340466, 20.651635560089854], [-101.46797608733371, 20.651594935930767]], [[-101.46797608733371, 20.651594935930767], [-101.46793292819228, 20.65159555346081]], [[-101.46793358425178, 20.651636177621224], [-101.46793292819228, 20.65159555346081]], [[-101.46793292819228, 20.65159555346081], [-101.46788976904928, 20.651596170980085]], [[-101.46789042509734, 20.651636795141815], [-101.46788976904928, 20.651596170980085]], [[-101.46788976904928, 20.651596170980085], [-101.46784660990468, 20.651596788488582]], [[-101.4678472659413, 20.651637412651635], [-101.46784660990468, 20.651596788488582]], [[-101.46784660990468, 20.651596788488582], [-101.46780345075851, 20.6515974059863]], [[-101.46780410678369, 20.65163803015068], [-101.46780345075851, 20.6515974059863]], [[-101.46780345075851, 20.6515974059863], [-101.46776029161077, 20.651598023473248]], [[-101.4677609476245, 20.65163864763895], [-101.46776029161077, 20.651598023473248]], [[-101.46776029161077, 20.651598023473248], [-101.46771713246143, 20.651598640949423]], [[-101.4677177884637, 20.651639265116444], [-101.46771713246143, 20.651598640949423]], [[-101.46771713246143, 20.651598640949423], [-101.4676739733105, 20.65159925841482]], [[-101.46767462930134, 20.65163988258316], [-101.4676739733105, 20.65159925841482]], [[-101.4676739733105, 20.65159925841482], [-101.46763081415801, 20.65159987586944]], [[-101.4676314701374, 20.651640500039104], [-101.46763081415801, 20.65159987586944]], [[-101.46763081415801, 20.65159987586944], [-101.46758765500392, 20.651600493313286]], [[-101.46758831097186, 20.651641117484278], [-101.46758765500392, 20.651600493313286]], [[-101.46758765500392, 20.651600493313286], [-101.46754449584826, 20.65160111074636]], [[-101.46754515180476, 20.651641734918673], [-101.46754449584826, 20.65160111074636]], [[-101.46754449584826, 20.65160111074636], [-101.467501336691, 20.65160172816865]], [[-101.46750199263607, 20.65164235234229], [-101.467501336691, 20.65160172816865]], [[-101.467501336691, 20.65160172816865], [-101.46745817753218, 20.65160234558018]], [[-101.46745883346578, 20.651642969755134], [-101.46745817753218, 20.65160234558018]], [[-101.46745817753218, 20.65160234558018], [-101.46741501837175, 20.651602962980924]], [[-101.46741567429393, 20.6516435871572], [-101.46741501837175, 20.651602962980924]], [[-101.46741501837175, 20.651602962980924], [-101.46737185920976, 20.651603580370892]], [[-101.46737251512049, 20.651644204548493], [-101.46737185920976, 20.651603580370892]], [[-101.46737185920976, 20.651603580370892], [-101.46732870004618, 20.65160419775009]], [[-101.46732935594547, 20.65164482192902], [-101.46732870004618, 20.65160419775009]], [[-101.46732870004618, 20.65160419775009], [-101.46728554088102, 20.651604815118507]], [[-101.46728619676887, 20.65164543929876], [-101.46728554088102, 20.651604815118507]], [[-101.46728554088102, 20.651604815118507], [-101.46724238171429, 20.651605432476156]], [[-101.46724303759068, 20.651646056657725], [-101.46724238171429, 20.651605432476156]], [[-101.46724238171429, 20.651605432476156], [-101.46719922254596, 20.651606049823027]], [[-101.4671998784109, 20.651646674005917], [-101.46719922254596, 20.651606049823027]], [[-101.46719922254596, 20.651606049823027], [-101.46715606337605, 20.65160666715912]], [[-101.46715671922955, 20.651647291343338], [-101.46715606337605, 20.65160666715912]], [[-101.46715606337605, 20.65160666715912], [-101.46711290420457, 20.65160728448444]], [[-101.46711356004661, 20.65164790866998], [-101.46711290420457, 20.65160728448444]], [[-101.46711290420457, 20.65160728448444], [-101.46706974503148, 20.65160790179899]], [[-101.46707040086208, 20.651648525985845], [-101.46706974503148, 20.65160790179899]], [[-101.46706974503148, 20.65160790179899], [-101.46702658585683, 20.651608519102762]], [[-101.46702724167599, 20.65164914329094], [-101.46702658585683, 20.651608519102762]], [[-101.46702658585683, 20.651608519102762], [-101.4669834266806, 20.651609136395756]], [[-101.46698408248831, 20.651649760585258], [-101.4669834266806, 20.651609136395756]], [[-101.4669834266806, 20.651609136395756], [-101.46694026750278, 20.651609753677974]], [[-101.46694092329905, 20.6516503778688], [-101.46694026750278, 20.651609753677974]], [[-101.46694026750278, 20.651609753677974], [-101.46689710832338, 20.651610370949417]], [[-101.46689776410821, 20.651650995141562], [-101.46689710832338, 20.651610370949417]], [[-101.46689710832338, 20.651610370949417], [-101.46685394914239, 20.651610988210088]], [[-101.46685460491578, 20.651651612403562], [-101.46685394914239, 20.651610988210088]], [[-101.46685394914239, 20.651610988210088], [-101.46681078995984, 20.651611605459983]], [[-101.46681144572177, 20.651652229654772], [-101.46681078995984, 20.651611605459983]], [[-101.46681078995984, 20.651611605459983], [-101.46676763077568, 20.651612222699107]], [[-101.46676828652618, 20.65165284689522], [-101.46676763077568, 20.651612222699107]], [[-101.46676763077568, 20.651612222699107], [-101.46672447158994, 20.65161283992745]], [[-101.466725127329, 20.651653464124884], [-101.46672447158994, 20.65161283992745]], [[-101.46672447158994, 20.65161283992745], [-101.46668131240263, 20.651613457145015]], [[-101.46668196813025, 20.65165408134378], [-101.46668131240263, 20.651613457145015]], [[-101.46668131240263, 20.651613457145015], [-101.46663815321375, 20.65161407435181]], [[-101.46663880892991, 20.65165469855189], [-101.46663815321375, 20.65161407435181]], [[-101.46663815321375, 20.65161407435181], [-101.46659499402327, 20.651614691547827]], [[-101.46659564972798, 20.651655315749238], [-101.46659499402327, 20.651614691547827]], [[-101.46659499402327, 20.651614691547827], [-101.46655183483122, 20.651615308733074]], [[-101.46655249052448, 20.6516559329358], [-101.46655183483122, 20.651615308733074]], [[-101.46655183483122, 20.651615308733074], [-101.46650867563757, 20.651615925907546]], [[-101.4665093313194, 20.651656550111593], [-101.46650867563757, 20.651615925907546]], [[-101.46650867563757, 20.651615925907546], [-101.46646551644236, 20.651616543071235]], [[-101.46646617211273, 20.651657167276607], [-101.46646551644236, 20.651616543071235]], [[-101.46646551644236, 20.651616543071235], [-101.46642235724555, 20.651617160224156]], [[-101.46642301290449, 20.65165778443085], [-101.46642235724555, 20.651617160224156]], [[-101.46642235724555, 20.651617160224156], [-101.46637919804716, 20.651617777366297]], [[-101.46637985369466, 20.651658401574316], [-101.46637919804716, 20.651617777366297]], [[-101.46637919804716, 20.651617777366297], [-101.46633603884719, 20.65161839449767]], [[-101.46633669448325, 20.651659018707004], [-101.46633603884719, 20.65161839449767]], [[-101.46633603884719, 20.65161839449767], [-101.46629287964565, 20.651619011618262]], [[-101.46629353527025, 20.651659635828924], [-101.46629287964565, 20.651619011618262]], [[-101.46629287964565, 20.651619011618262], [-101.46624972044252, 20.65161962872808]], [[-101.46625037605568, 20.65166025294006], [-101.46624972044252, 20.65161962872808]], [[-101.46624972044252, 20.65161962872808], [-101.46620656123781, 20.65162024582712]], [[-101.46620721683952, 20.65166087004042], [-101.46620656123781, 20.65162024582712]], [[-101.46620656123781, 20.65162024582712], [-101.46616340203151, 20.65162086291539]], [[-101.46616405762178, 20.651661487130013], [-101.46616340203151, 20.65162086291539]], [[-101.46616340203151, 20.65162086291539], [-101.46612024282365, 20.651621479992883]], [[-101.46612089840247, 20.65166210420883], [-101.46612024282365, 20.651621479992883]], [[-101.46612024282365, 20.651621479992883], [-101.46607708361418, 20.6516220970596]], [[-101.46607773918157, 20.651662721276868], [-101.46607708361418, 20.6516220970596]], [[-101.46607708361418, 20.6516220970596], [-101.46603392440315, 20.651622714115543]], [[-101.46603457995909, 20.651663338334135], [-101.46603392440315, 20.651622714115543]], [[-101.46603392440315, 20.651622714115543], [-101.46599076519053, 20.651623331160714]], [[-101.46599142073502, 20.65166395538062], [-101.46599076519053, 20.651623331160714]], [[-101.46599076519053, 20.651623331160714], [-101.46594760597633, 20.651623948195102]], [[-101.46594826150937, 20.65166457241634], [-101.46594760597633, 20.651623948195102]], [[-101.46594760597633, 20.651623948195102], [-101.46590444676055, 20.65162456521872]], [[-101.46590510228215, 20.651665189441275], [-101.46590444676055, 20.65162456521872]], [[-101.46590444676055, 20.65162456521872], [-101.46586128754318, 20.651625182231562]], [[-101.46586194305334, 20.65166580645544], [-101.46586128754318, 20.651625182231562]], [[-101.46586128754318, 20.651625182231562], [-101.46581812832424, 20.65162579923363]], [[-101.46581878382294, 20.65166642345883], [-101.46581812832424, 20.65162579923363]], [[-101.46581812832424, 20.65162579923363], [-101.4657749691037, 20.651626416224925]], [[-101.46577562459098, 20.65166704045144], [-101.4657749691037, 20.651626416224925]], [[-101.4657749691037, 20.651626416224925], [-101.4657318098816, 20.65162703320544]], [[-101.46573246535742, 20.651667657433283], [-101.4657318098816, 20.65162703320544]], [[-101.4657318098816, 20.65162703320544], [-101.46568865065791, 20.651627650175175]], [[-101.4656893061223, 20.651668274404344], [-101.46568865065791, 20.651627650175175]], [[-101.46568865065791, 20.651627650175175], [-101.46564549143264, 20.651628267134146]], [[-101.46564614688558, 20.65166889136463], [-101.46564549143264, 20.651628267134146]], [[-101.46564549143264, 20.651628267134146], [-101.46560233220579, 20.65162888408234]], [[-101.46560298764727, 20.651669508314146], [-101.46560233220579, 20.65162888408234]], [[-101.46560233220579, 20.65162888408234], [-101.46555917297735, 20.65162950101975]], [[-101.4655598284074, 20.65167012525288], [-101.46555917297735, 20.65162950101975]], [[-101.46555917297735, 20.65162950101975], [-101.46551601374735, 20.651630117946397]], [[-101.46551666916594, 20.65167074218084], [-101.46551601374735, 20.651630117946397]], [[-101.46551601374735, 20.651630117946397], [-101.46547285451574, 20.651630734862255]], [[-101.4654735099229, 20.651671359098035], [-101.46547285451574, 20.651630734862255]], [[-101.46547285451574, 20.651630734862255], [-101.46542969528257, 20.65163135176735]], [[-101.46543035067828, 20.651671976004444], [-101.46542969528257, 20.65163135176735]], [[-101.46542969528257, 20.65163135176735], [-101.4653865360478, 20.65163196866167]], [[-101.46538719143209, 20.65167259290008], [-101.4653865360478, 20.65163196866167]], [[-101.4653865360478, 20.65163196866167], [-101.46534337681148, 20.651632585545205]], [[-101.46534403218429, 20.651673209784942], [-101.46534337681148, 20.651632585545205]], [[-101.46534337681148, 20.651632585545205], [-101.46530021757356, 20.65163320241797]], [[-101.46530087293493, 20.651673826659028], [-101.46530021757356, 20.65163320241797]], [[-101.46530021757356, 20.65163320241797], [-101.46525705833406, 20.65163381927996]], [[-101.46525771368398, 20.65167444352234], [-101.46525705833406, 20.65163381927996]], [[-101.46525705833406, 20.65163381927996], [-101.46521389909296, 20.651634436131175]], [[-101.46521455443144, 20.651675060374874], [-101.46521389909296, 20.651634436131175]], [[-101.46521389909296, 20.651634436131175], [-101.46517073985031, 20.65163505297161]], [[-101.46517139517734, 20.651675677216637], [-101.46517073985031, 20.65163505297161]], [[-101.46517073985031, 20.65163505297161], [-101.46512758060607, 20.65163566980128]], [[-101.46512823592165, 20.65167629404762], [-101.46512758060607, 20.65163566980128]], [[-101.46797608733371, 20.651594935930767], [-101.46797543126434, 20.651554311771466]], [[-101.46797543126434, 20.651554311771466], [-101.46793227213435, 20.65155492930019]], [[-101.46793292819228, 20.65159555346081], [-101.46793227213435, 20.65155492930019]], [[-101.46793227213435, 20.65155492930019], [-101.46788911300278, 20.651555546818138]], [[-101.46788976904928, 20.651596170980085], [-101.46788911300278, 20.651555546818138]], [[-101.46788911300278, 20.651555546818138], [-101.46784595386964, 20.651556164325314]], [[-101.46784660990468, 20.651596788488582], [-101.46784595386964, 20.651556164325314]], [[-101.46784595386964, 20.651556164325314], [-101.46780279473492, 20.651556781821714]], [[-101.46780345075851, 20.6515974059863], [-101.46780279473492, 20.651556781821714]], [[-101.46780279473492, 20.651556781821714], [-101.46775963559861, 20.65155739930734]], [[-101.46776029161077, 20.651598023473248], [-101.46775963559861, 20.65155739930734]], [[-101.46775963559861, 20.65155739930734], [-101.46771647646074, 20.651558016782186]], [[-101.46771713246143, 20.651598640949423], [-101.46771647646074, 20.651558016782186]], [[-101.46771647646074, 20.651558016782186], [-101.46767331732126, 20.65155863424626]], [[-101.4676739733105, 20.65159925841482], [-101.46767331732126, 20.65155863424626]], [[-101.46767331732126, 20.65155863424626], [-101.4676301581802, 20.65155925169956]], [[-101.46763081415801, 20.65159987586944], [-101.4676301581802, 20.65155925169956]], [[-101.4676301581802, 20.65155925169956], [-101.46758699903755, 20.65155986914208]], [[-101.46758765500392, 20.651600493313286], [-101.46758699903755, 20.65155986914208]], [[-101.46758699903755, 20.65155986914208], [-101.46754383989332, 20.65156048657383]], [[-101.46754449584826, 20.65160111074636], [-101.46754383989332, 20.65156048657383]], [[-101.46754383989332, 20.65156048657383], [-101.46750068074752, 20.651561103994805]], [[-101.467501336691, 20.65160172816865], [-101.46750068074752, 20.651561103994805]], [[-101.46750068074752, 20.651561103994805], [-101.46745752160015, 20.651561721405002]], [[-101.46745817753218, 20.65160234558018], [-101.46745752160015, 20.651561721405002]], [[-101.46745752160015, 20.651561721405002], [-101.46741436245117, 20.65156233880443]], [[-101.46741501837175, 20.651602962980924], [-101.46741436245117, 20.65156233880443]], [[-101.46741436245117, 20.65156233880443], [-101.46737120330062, 20.651562956193075]], [[-101.46737185920976, 20.651603580370892], [-101.46737120330062, 20.651562956193075]], [[-101.46737120330062, 20.651562956193075], [-101.46732804414849, 20.65156357357095]], [[-101.46732870004618, 20.65160419775009], [-101.46732804414849, 20.65156357357095]], [[-101.46732804414849, 20.65156357357095], [-101.46728488499477, 20.651564190938046]], [[-101.46728554088102, 20.651604815118507], [-101.46728488499477, 20.651564190938046]], [[-101.46728488499477, 20.651564190938046], [-101.46724172583947, 20.65156480829437]], [[-101.46724238171429, 20.651605432476156], [-101.46724172583947, 20.65156480829437]], [[-101.46724172583947, 20.65156480829437], [-101.4671985666826, 20.65156542563992]], [[-101.46719922254596, 20.651606049823027], [-101.4671985666826, 20.65156542563992]], [[-101.4671985666826, 20.65156542563992], [-101.46715540752412, 20.651566042974693]], [[-101.46715606337605, 20.65160666715912], [-101.46715540752412, 20.651566042974693]], [[-101.46715540752412, 20.651566042974693], [-101.46711224836409, 20.651566660298688]], [[-101.46711290420457, 20.65160728448444], [-101.46711224836409, 20.651566660298688]], [[-101.46711224836409, 20.651566660298688], [-101.46706908920245, 20.65156727761191]], [[-101.46706974503148, 20.65160790179899], [-101.46706908920245, 20.65156727761191]], [[-101.46706908920245, 20.65156727761191], [-101.46702593003924, 20.651567894914365]], [[-101.46702658585683, 20.651608519102762], [-101.46702593003924, 20.651567894914365]], [[-101.46702593003924, 20.651567894914365], [-101.46698277087445, 20.651568512206033]], [[-101.4669834266806, 20.651609136395756], [-101.46698277087445, 20.651568512206033]], [[-101.46698277087445, 20.651568512206033], [-101.46693961170807, 20.651569129486933]], [[-101.46694026750278, 20.651609753677974], [-101.46693961170807, 20.651569129486933]], [[-101.46693961170807, 20.651569129486933], [-101.46689645254013, 20.65156974675705]], [[-101.46689710832338, 20.651610370949417], [-101.46689645254013, 20.65156974675705]], [[-101.46689645254013, 20.65156974675705], [-101.46685329337058, 20.6515703640164]], [[-101.46685394914239, 20.651610988210088], [-101.46685329337058, 20.6515703640164]], [[-101.46685329337058, 20.6515703640164], [-101.46681013419946, 20.651570981264975]], [[-101.46681078995984, 20.651611605459983], [-101.46681013419946, 20.651570981264975]], [[-101.46681013419946, 20.651570981264975], [-101.46676697502676, 20.651571598502773]], [[-101.46676763077568, 20.651612222699107], [-101.46676697502676, 20.651571598502773]], [[-101.46676697502676, 20.651571598502773], [-101.46672381585248, 20.651572215729797]], [[-101.46672447158994, 20.65161283992745], [-101.46672381585248, 20.651572215729797]], [[-101.46672381585248, 20.651572215729797], [-101.4666806566766, 20.651572832946037]], [[-101.46668131240263, 20.651613457145015], [-101.4666806566766, 20.651572832946037]], [[-101.4666806566766, 20.651572832946037], [-101.46663749749916, 20.651573450151513]], [[-101.46663815321375, 20.65161407435181], [-101.46663749749916, 20.651573450151513]], [[-101.46663749749916, 20.651573450151513], [-101.46659433832014, 20.65157406734621]], [[-101.46659499402327, 20.651614691547827], [-101.46659433832014, 20.65157406734621]], [[-101.46659433832014, 20.65157406734621], [-101.46655117913951, 20.65157468453013]], [[-101.46655183483122, 20.651615308733074], [-101.46655117913951, 20.65157468453013]], [[-101.46655117913951, 20.65157468453013], [-101.46650801995733, 20.651575301703282]], [[-101.46650867563757, 20.651615925907546], [-101.46650801995733, 20.651575301703282]], [[-101.46650801995733, 20.651575301703282], [-101.46646486077356, 20.65157591886565]], [[-101.46646551644236, 20.651616543071235], [-101.46646486077356, 20.65157591886565]], [[-101.46646486077356, 20.65157591886565], [-101.46642170158819, 20.65157653601725]], [[-101.46642235724555, 20.651617160224156], [-101.46642170158819, 20.65157653601725]], [[-101.46642170158819, 20.65157653601725], [-101.46637854240124, 20.65157715315807]], [[-101.46637919804716, 20.651617777366297], [-101.46637854240124, 20.65157715315807]], [[-101.46637854240124, 20.65157715315807], [-101.46633538321272, 20.651577770288114]], [[-101.46633603884719, 20.65161839449767], [-101.46633538321272, 20.651577770288114]], [[-101.46633538321272, 20.651577770288114], [-101.46629222402262, 20.651578387407387]], [[-101.46629287964565, 20.651619011618262], [-101.46629222402262, 20.651578387407387]], [[-101.46629222402262, 20.651578387407387], [-101.46624906483093, 20.651579004515884]], [[-101.46624972044252, 20.65161962872808], [-101.46624906483093, 20.651579004515884]], [[-101.46624906483093, 20.651579004515884], [-101.46620590563766, 20.651579621613607]], [[-101.46620656123781, 20.65162024582712], [-101.46620590563766, 20.651579621613607]], [[-101.46620590563766, 20.651579621613607], [-101.46616274644283, 20.651580238700554]], [[-101.46616340203151, 20.65162086291539], [-101.46616274644283, 20.651580238700554]], [[-101.46616274644283, 20.651580238700554], [-101.4661195872464, 20.65158085577672]], [[-101.46612024282365, 20.651621479992883], [-101.4661195872464, 20.65158085577672]], [[-101.4661195872464, 20.65158085577672], [-101.46607642804838, 20.651581472842118]], [[-101.46607708361418, 20.6516220970596], [-101.46607642804838, 20.651581472842118]], [[-101.46607642804838, 20.651581472842118], [-101.46603326884879, 20.65158208989674]], [[-101.46603392440315, 20.651622714115543], [-101.46603326884879, 20.65158208989674]], [[-101.46603326884879, 20.65158208989674], [-101.46599010964762, 20.65158270694058]], [[-101.46599076519053, 20.651623331160714], [-101.46599010964762, 20.65158270694058]], [[-101.46599010964762, 20.65158270694058], [-101.46594695044486, 20.651583323973657]], [[-101.46594760597633, 20.651623948195102], [-101.46594695044486, 20.651583323973657]], [[-101.46594695044486, 20.651583323973657], [-101.46590379124052, 20.651583940995952]], [[-101.46590444676055, 20.65162456521872], [-101.46590379124052, 20.651583940995952]], [[-101.46590379124052, 20.651583940995952], [-101.4658606320346, 20.651584558007468]], [[-101.46586128754318, 20.651625182231562], [-101.4658606320346, 20.651584558007468]], [[-101.4658606320346, 20.651584558007468], [-101.46581747282711, 20.65158517500822]], [[-101.46581812832424, 20.65162579923363], [-101.46581747282711, 20.65158517500822]], [[-101.46581747282711, 20.65158517500822], [-101.46577431361803, 20.651585791998187]], [[-101.4657749691037, 20.651626416224925], [-101.46577431361803, 20.651585791998187]], [[-101.46577431361803, 20.651585791998187], [-101.46573115440735, 20.65158640897738]], [[-101.4657318098816, 20.65162703320544], [-101.46573115440735, 20.65158640897738]], [[-101.46573115440735, 20.65158640897738], [-101.46568799519513, 20.651587025945798]], [[-101.46568865065791, 20.651627650175175], [-101.46568799519513, 20.651587025945798]], [[-101.46568799519513, 20.651587025945798], [-101.4656448359813, 20.651587642903447]], [[-101.46564549143264, 20.651628267134146], [-101.4656448359813, 20.651587642903447]], [[-101.4656448359813, 20.651587642903447], [-101.46560167676587, 20.651588259850318]], [[-101.46560233220579, 20.65162888408234], [-101.46560167676587, 20.651588259850318]], [[-101.46560167676587, 20.651588259850318], [-101.4655585175489, 20.65158887678641]], [[-101.46555917297735, 20.65162950101975], [-101.4655585175489, 20.65158887678641]], [[-101.4655585175489, 20.65158887678641], [-101.46551535833032, 20.651589493711725]], [[-101.46551601374735, 20.651630117946397], [-101.46551535833032, 20.651589493711725]], [[-101.46551535833032, 20.651589493711725], [-101.46547219911017, 20.651590110626273]], [[-101.46547285451574, 20.651630734862255], [-101.46547219911017, 20.651590110626273]], [[-101.46547219911017, 20.651590110626273], [-101.46542903988845, 20.651590727530042]], [[-101.46542969528257, 20.65163135176735], [-101.46542903988845, 20.651590727530042]], [[-101.46542903988845, 20.651590727530042], [-101.46538588066512, 20.651591344423032]], [[-101.4653865360478, 20.65163196866167], [-101.46538588066512, 20.651591344423032]], [[-101.46538588066512, 20.651591344423032], [-101.46534272144024, 20.651591961305257]], [[-101.46534337681148, 20.651632585545205], [-101.46534272144024, 20.651591961305257]], [[-101.46534272144024, 20.651591961305257], [-101.46529956221376, 20.651592578176697]], [[-101.46530021757356, 20.65163320241797], [-101.46529956221376, 20.651592578176697]], [[-101.46529956221376, 20.651592578176697], [-101.4652564029857, 20.651593195037364]], [[-101.46525705833406, 20.65163381927996], [-101.4652564029857, 20.651593195037364]], [[-101.4652564029857, 20.651593195037364], [-101.46521324375605, 20.65159381188726]], [[-101.46521389909296, 20.651634436131175], [-101.46521324375605, 20.65159381188726]], [[-101.46521324375605, 20.65159381188726], [-101.46517008452484, 20.651594428726384]], [[-101.46517073985031, 20.65163505297161], [-101.46517008452484, 20.651594428726384]], [[-101.46797543126434, 20.651554311771466], [-101.46797477519654, 20.65151368761195]], [[-101.46797477519654, 20.65151368761195], [-101.467931616078, 20.651514305139358]], [[-101.46793227213435, 20.65155492930019], [-101.467931616078, 20.651514305139358]], [[-101.467931616078, 20.651514305139358], [-101.4678884569579, 20.65151492265598]], [[-101.46788911300278, 20.651555546818138], [-101.4678884569579, 20.65151492265598]], [[-101.4678884569579, 20.65151492265598], [-101.4678452978362, 20.65151554016183]], [[-101.46784595386964, 20.651556164325314], [-101.4678452978362, 20.65151554016183]], [[-101.4678452978362, 20.65151554016183], [-101.46780213871291, 20.651516157656907]], [[-101.46780279473492, 20.651556781821714], [-101.46780213871291, 20.651516157656907]], [[-101.46780213871291, 20.651516157656907], [-101.46775897958806, 20.65151677514121]], [[-101.46775963559861, 20.65155739930734], [-101.46775897958806, 20.65151677514121]], [[-101.46775897958806, 20.65151677514121], [-101.4677158204616, 20.651517392614736]], [[-101.46771647646074, 20.651558016782186], [-101.4677158204616, 20.651517392614736]], [[-101.4677158204616, 20.651517392614736], [-101.46767266133358, 20.65151801007749]], [[-101.46767331732126, 20.65155863424626], [-101.46767266133358, 20.65151801007749]], [[-101.46767266133358, 20.65151801007749], [-101.46762950220396, 20.651518627529462]], [[-101.4676301581802, 20.65155925169956], [-101.46762950220396, 20.651518627529462]], [[-101.46762950220396, 20.651518627529462], [-101.46758634307277, 20.65151924497066]], [[-101.46758699903755, 20.65155986914208], [-101.46758634307277, 20.65151924497066]], [[-101.46758634307277, 20.65151924497066], [-101.46754318394, 20.65151986240109]], [[-101.46754383989332, 20.65156048657383], [-101.46754318394, 20.65151986240109]], [[-101.46754318394, 20.65151986240109], [-101.46750002480563, 20.651520479820743]], [[-101.46750068074752, 20.651561103994805], [-101.46750002480563, 20.651520479820743]], [[-101.46750002480563, 20.651520479820743], [-101.46745686566969, 20.65152109722962]], [[-101.46745752160015, 20.651561721405002], [-101.46745686566969, 20.65152109722962]], [[-101.46745686566969, 20.65152109722962], [-101.46741370653217, 20.651521714627716]], [[-101.46741436245117, 20.65156233880443], [-101.46741370653217, 20.651521714627716]], [[-101.46741370653217, 20.651521714627716], [-101.46737054739306, 20.651522332015045]], [[-101.46737120330062, 20.651562956193075], [-101.46737054739306, 20.651522332015045]], [[-101.46737054739306, 20.651522332015045], [-101.46732738825237, 20.651522949391595]], [[-101.46732804414849, 20.65156357357095], [-101.46732738825237, 20.651522949391595]], [[-101.46732738825237, 20.651522949391595], [-101.46728422911009, 20.651523566757373]], [[-101.46728488499477, 20.651564190938046], [-101.46728422911009, 20.651523566757373]], [[-101.46728422911009, 20.651523566757373], [-101.46724106996624, 20.65152418411237]], [[-101.46724172583947, 20.65156480829437], [-101.46724106996624, 20.65152418411237]], [[-101.46724106996624, 20.65152418411237], [-101.46719791082081, 20.651524801456596]], [[-101.4671985666826, 20.65156542563992], [-101.46719791082081, 20.651524801456596]], [[-101.46719791082081, 20.651524801456596], [-101.46715475167379, 20.651525418790047]], [[-101.46715540752412, 20.651566042974693], [-101.46715475167379, 20.651525418790047]], [[-101.46715475167379, 20.651525418790047], [-101.46711159252519, 20.651526036112728]], [[-101.46711224836409, 20.651566660298688], [-101.46711159252519, 20.651526036112728]], [[-101.46711159252519, 20.651526036112728], [-101.467068433375, 20.651526653424625]], [[-101.46706908920245, 20.65156727761191], [-101.467068433375, 20.651526653424625]], [[-101.467068433375, 20.651526653424625], [-101.46702527422325, 20.65152727072575]], [[-101.46702593003924, 20.651567894914365], [-101.46702527422325, 20.65152727072575]], [[-101.46702527422325, 20.65152727072575], [-101.4669821150699, 20.651527888016094]], [[-101.46698277087445, 20.651568512206033], [-101.4669821150699, 20.651527888016094]], [[-101.4669821150699, 20.651527888016094], [-101.46693895591496, 20.651528505295676]], [[-101.46693961170807, 20.651569129486933], [-101.46693895591496, 20.651528505295676]], [[-101.46693895591496, 20.651528505295676], [-101.46689579675845, 20.65152912256448]], [[-101.46689645254013, 20.65156974675705], [-101.46689579675845, 20.65152912256448]], [[-101.46689579675845, 20.65152912256448], [-101.46685263760035, 20.6515297398225]], [[-101.46685329337058, 20.6515703640164], [-101.46685263760035, 20.6515297398225]], [[-101.46685263760035, 20.6515297398225], [-101.46680947844068, 20.651530357069753]], [[-101.46681013419946, 20.651570981264975], [-101.46680947844068, 20.651530357069753]], [[-101.46680947844068, 20.651530357069753], [-101.46676631927942, 20.65153097430623]], [[-101.46676697502676, 20.651571598502773], [-101.46676631927942, 20.65153097430623]], [[-101.46676631927942, 20.65153097430623], [-101.46672316011659, 20.651531591531928]], [[-101.46672381585248, 20.651572215729797], [-101.46672316011659, 20.651531591531928]], [[-101.46672316011659, 20.651531591531928], [-101.46668000095217, 20.65153220874685]], [[-101.4666806566766, 20.651572832946037], [-101.46668000095217, 20.65153220874685]], [[-101.46668000095217, 20.65153220874685], [-101.46663684178617, 20.651532825951005]], [[-101.46663749749916, 20.651573450151513], [-101.46663684178617, 20.651532825951005]], [[-101.46663684178617, 20.651532825951005], [-101.46659368261857, 20.651533443144377]], [[-101.46659433832014, 20.65157406734621], [-101.46659368261857, 20.651533443144377]], [[-101.46659368261857, 20.651533443144377], [-101.4665505234494, 20.651534060326973]], [[-101.46655117913951, 20.65157468453013], [-101.4665505234494, 20.651534060326973]], [[-101.4665505234494, 20.651534060326973], [-101.46650736427866, 20.651534677498802]], [[-101.46650801995733, 20.651575301703282], [-101.46650736427866, 20.651534677498802]], [[-101.46650736427866, 20.651534677498802], [-101.46646420510632, 20.65153529465985]], [[-101.46646486077356, 20.65157591886565], [-101.46646420510632, 20.65153529465985]], [[-101.46646420510632, 20.65153529465985], [-101.4664210459324, 20.651535911810125]], [[-101.46642170158819, 20.65157653601725], [-101.4664210459324, 20.651535911810125]], [[-101.4664210459324, 20.651535911810125], [-101.46637788675692, 20.651536528949624]], [[-101.46637854240124, 20.65157715315807], [-101.46637788675692, 20.651536528949624]], [[-101.46637788675692, 20.651536528949624], [-101.46633472757983, 20.65153714607835]], [[-101.46633538321272, 20.651577770288114], [-101.46633472757983, 20.65153714607835]], [[-101.46633472757983, 20.65153714607835], [-101.46629156840118, 20.6515377631963]], [[-101.46629222402262, 20.651578387407387], [-101.46629156840118, 20.6515377631963]], [[-101.46629156840118, 20.6515377631963], [-101.46624840922094, 20.651538380303474]], [[-101.46624906483093, 20.651579004515884], [-101.46624840922094, 20.651538380303474]], [[-101.46624840922094, 20.651538380303474], [-101.46620525003912, 20.651538997399875]], [[-101.46620590563766, 20.651579621613607], [-101.46620525003912, 20.651538997399875]], [[-101.46620525003912, 20.651538997399875], [-101.46616209085572, 20.651539614485497]], [[-101.46616274644283, 20.651580238700554], [-101.46616209085572, 20.651539614485497]], [[-101.46616209085572, 20.651539614485497], [-101.46611893167072, 20.651540231560347]], [[-101.4661195872464, 20.65158085577672], [-101.46611893167072, 20.651540231560347]], [[-101.46611893167072, 20.651540231560347], [-101.46607577248416, 20.65154084862442]], [[-101.46607642804838, 20.651581472842118], [-101.46607577248416, 20.65154084862442]], [[-101.46607577248416, 20.65154084862442], [-101.46603261329602, 20.65154146567772]], [[-101.46603326884879, 20.65158208989674], [-101.46603261329602, 20.65154146567772]], [[-101.46603261329602, 20.65154146567772], [-101.46598945410629, 20.65154208272024]], [[-101.46599010964762, 20.65158270694058], [-101.46598945410629, 20.65154208272024]], [[-101.46598945410629, 20.65154208272024], [-101.46594629491497, 20.651542699751996]], [[-101.46594695044486, 20.651583323973657], [-101.46594629491497, 20.651542699751996]], [[-101.46594629491497, 20.651542699751996], [-101.46590313572209, 20.651543316772965]], [[-101.46590379124052, 20.651583940995952], [-101.46590313572209, 20.651543316772965]], [[-101.46590313572209, 20.651543316772965], [-101.46585997652761, 20.65154393378317]], [[-101.4658606320346, 20.651584558007468], [-101.46585997652761, 20.65154393378317]], [[-101.46585997652761, 20.65154393378317], [-101.46581681733156, 20.65154455078259]], [[-101.46581747282711, 20.65158517500822], [-101.46581681733156, 20.65154455078259]], [[-101.46581681733156, 20.65154455078259], [-101.46577365813391, 20.65154516777124]], [[-101.46577431361803, 20.651585791998187], [-101.46577365813391, 20.65154516777124]], [[-101.46577365813391, 20.65154516777124], [-101.4657304989347, 20.651545784749107]], [[-101.46573115440735, 20.65158640897738], [-101.4657304989347, 20.651545784749107]], [[-101.4657304989347, 20.651545784749107], [-101.46568733973389, 20.651546401716214]], [[-101.46568799519513, 20.651587025945798], [-101.46568733973389, 20.651546401716214]], [[-101.46568733973389, 20.651546401716214], [-101.46564418053151, 20.651547018672535]], [[-101.4656448359813, 20.651587642903447], [-101.46564418053151, 20.651547018672535]], [[-101.46564418053151, 20.651547018672535], [-101.46560102132756, 20.65154763561808]], [[-101.46560167676587, 20.651588259850318], [-101.46560102132756, 20.65154763561808]], [[-101.46560102132756, 20.65154763561808], [-101.46555786212201, 20.65154825255285]], [[-101.4655585175489, 20.65158887678641], [-101.46555786212201, 20.65154825255285]], [[-101.46555786212201, 20.65154825255285], [-101.46551470291489, 20.651548869476848]], [[-101.46551535833032, 20.651589493711725], [-101.46551470291489, 20.651548869476848]], [[-101.46551470291489, 20.651548869476848], [-101.46547154370619, 20.651549486390074]], [[-101.46547219911017, 20.651590110626273], [-101.46547154370619, 20.651549486390074]], [[-101.46547154370619, 20.651549486390074], [-101.4654283844959, 20.651550103292518]], [[-101.46542903988845, 20.651590727530042], [-101.4654283844959, 20.651550103292518]], [[-101.4654283844959, 20.651550103292518], [-101.46538522528402, 20.651550720184193]], [[-101.46538588066512, 20.651591344423032], [-101.46538522528402, 20.651550720184193]], [[-101.46538522528402, 20.651550720184193], [-101.46534206607058, 20.651551337065086]], [[-101.46534272144024, 20.651591961305257], [-101.46534206607058, 20.651551337065086]], [[-101.46534206607058, 20.651551337065086], [-101.46529890685555, 20.65155195393522]], [[-101.46529956221376, 20.651592578176697], [-101.46529890685555, 20.65155195393522]], [[-101.46529890685555, 20.65155195393522], [-101.46525574763893, 20.651552570794557]], [[-101.4652564029857, 20.651593195037364], [-101.46525574763893, 20.651552570794557]], [[-101.46525574763893, 20.651552570794557], [-101.46521258842074, 20.651553187643135]], [[-101.46521324375605, 20.65159381188726], [-101.46521258842074, 20.651553187643135]], [[-101.46797477519654, 20.65151368761195], [-101.46797411913033, 20.651473063452237]], [[-101.46797411913033, 20.651473063452237], [-101.46793096002325, 20.65147368097831]], [[-101.467931616078, 20.651514305139358], [-101.46793096002325, 20.65147368097831]], [[-101.46793096002325, 20.65147368097831], [-101.46788780091458, 20.65147429849361]], [[-101.4678884569579, 20.65151492265598], [-101.46788780091458, 20.65147429849361]], [[-101.46788780091458, 20.65147429849361], [-101.46784464180433, 20.65147491599814]], [[-101.4678452978362, 20.65151554016183], [-101.46784464180433, 20.65147491599814]], [[-101.46784464180433, 20.65147491599814], [-101.46780148269248, 20.651475533491897]], [[-101.46780213871291, 20.651516157656907], [-101.46780148269248, 20.651475533491897]], [[-101.46780148269248, 20.651475533491897], [-101.46775832357908, 20.651476150974876]], [[-101.46775897958806, 20.65151677514121], [-101.46775832357908, 20.651476150974876]], [[-101.46775832357908, 20.651476150974876], [-101.46771516446408, 20.65147676844708]], [[-101.4677158204616, 20.651517392614736], [-101.46771516446408, 20.65147676844708]], [[-101.46771516446408, 20.65147676844708], [-101.46767200534748, 20.651477385908503]], [[-101.46767266133358, 20.65151801007749], [-101.46767200534748, 20.651477385908503]], [[-101.46767200534748, 20.651477385908503], [-101.46762884622932, 20.651478003359156]], [[-101.46762950220396, 20.651518627529462], [-101.46762884622932, 20.651478003359156]], [[-101.46762884622932, 20.651478003359156], [-101.46758568710958, 20.65147862079904]], [[-101.46758634307277, 20.65151924497066], [-101.46758568710958, 20.65147862079904]], [[-101.46758568710958, 20.65147862079904], [-101.46754252798823, 20.65147923822814]], [[-101.46754318394, 20.65151986240109], [-101.46754252798823, 20.65147923822814]], [[-101.46754252798823, 20.65147923822814], [-101.46749936886532, 20.65147985564647]], [[-101.46750002480563, 20.651520479820743], [-101.46749936886532, 20.65147985564647]], [[-101.46749936886532, 20.65147985564647], [-101.46745620974083, 20.651480473054026]], [[-101.46745686566969, 20.65152109722962], [-101.46745620974083, 20.651480473054026]], [[-101.46745620974083, 20.651480473054026], [-101.46741305061475, 20.6514810904508]], [[-101.46741370653217, 20.651521714627716], [-101.46741305061475, 20.6514810904508]], [[-101.46741305061475, 20.6514810904508], [-101.46736989148708, 20.651481707836805]], [[-101.46737054739306, 20.651522332015045], [-101.46736989148708, 20.651481707836805]], [[-101.46736989148708, 20.651481707836805], [-101.46732673235783, 20.651482325212033]], [[-101.46732738825237, 20.651522949391595], [-101.46732673235783, 20.651482325212033]], [[-101.46732673235783, 20.651482325212033], [-101.46728357322701, 20.651482942576482]], [[-101.46728422911009, 20.651523566757373], [-101.46728357322701, 20.651482942576482]], [[-101.46728357322701, 20.651482942576482], [-101.46724041409459, 20.651483559930167]], [[-101.46724106996624, 20.65152418411237], [-101.46724041409459, 20.651483559930167]], [[-101.46724041409459, 20.651483559930167], [-101.46719725496061, 20.651484177273073]], [[-101.46719791082081, 20.651524801456596], [-101.46719725496061, 20.651484177273073]], [[-101.46719725496061, 20.651484177273073], [-101.46715409582504, 20.6514847946052]], [[-101.46715475167379, 20.651525418790047], [-101.46715409582504, 20.6514847946052]], [[-101.46715409582504, 20.6514847946052], [-101.46711093668787, 20.651485411926547]], [[-101.46711159252519, 20.651526036112728], [-101.46711093668787, 20.651485411926547]], [[-101.46711093668787, 20.651485411926547], [-101.46706777754913, 20.65148602923713]], [[-101.467068433375, 20.651526653424625], [-101.46706777754913, 20.65148602923713]], [[-101.46706777754913, 20.65148602923713], [-101.46702461840881, 20.65148664653693]], [[-101.46702527422325, 20.65152727072575], [-101.46702461840881, 20.65148664653693]], [[-101.46702461840881, 20.65148664653693], [-101.46698145926692, 20.65148726382596]], [[-101.4669821150699, 20.651527888016094], [-101.46698145926692, 20.65148726382596]], [[-101.46698145926692, 20.65148726382596], [-101.46693830012343, 20.65148788110422]], [[-101.46693895591496, 20.651528505295676], [-101.46693830012343, 20.65148788110422]], [[-101.46693830012343, 20.65148788110422], [-101.46689514097837, 20.651488498371695]], [[-101.46689579675845, 20.65152912256448], [-101.46689514097837, 20.651488498371695]], [[-101.46689514097837, 20.651488498371695], [-101.46685198183171, 20.651489115628394]], [[-101.46685263760035, 20.6515297398225], [-101.46685198183171, 20.651489115628394]], [[-101.46685198183171, 20.651489115628394], [-101.46680882268348, 20.65148973287432]], [[-101.46680947844068, 20.651530357069753], [-101.46680882268348, 20.65148973287432]], [[-101.46680882268348, 20.65148973287432], [-101.46676566353368, 20.65149035010948]], [[-101.46676631927942, 20.65153097430623], [-101.46676566353368, 20.65149035010948]], [[-101.46676566353368, 20.65149035010948], [-101.46672250438228, 20.651490967333853]], [[-101.46672316011659, 20.651531591531928], [-101.46672250438228, 20.651490967333853]], [[-101.46672250438228, 20.651490967333853], [-101.4666793452293, 20.65149158454746]], [[-101.46668000095217, 20.65153220874685], [-101.4666793452293, 20.65149158454746]], [[-101.4666793452293, 20.65149158454746], [-101.46663618607474, 20.651492201750283]], [[-101.46663684178617, 20.651532825951005], [-101.46663618607474, 20.651492201750283]], [[-101.46663618607474, 20.651492201750283], [-101.4665930269186, 20.651492818942337]], [[-101.46659368261857, 20.651533443144377], [-101.4665930269186, 20.651492818942337]], [[-101.4665930269186, 20.651492818942337], [-101.46654986776088, 20.651493436123616]], [[-101.4665505234494, 20.651534060326973], [-101.46654986776088, 20.651493436123616]], [[-101.46654986776088, 20.651493436123616], [-101.46650670860159, 20.651494053294115]], [[-101.46650736427866, 20.651534677498802], [-101.46650670860159, 20.651494053294115]], [[-101.46650670860159, 20.651494053294115], [-101.46646354944069, 20.651494670453847]], [[-101.46646420510632, 20.65153529465985], [-101.46646354944069, 20.651494670453847]], [[-101.46646354944069, 20.651494670453847], [-101.46642039027822, 20.651495287602803]], [[-101.4664210459324, 20.651535911810125], [-101.46642039027822, 20.651495287602803]], [[-101.46642039027822, 20.651495287602803], [-101.46637723111417, 20.651495904740976]], [[-101.46637788675692, 20.651536528949624], [-101.46637723111417, 20.651495904740976]], [[-101.46637723111417, 20.651495904740976], [-101.46633407194852, 20.651496521868378]], [[-101.46633472757983, 20.65153714607835], [-101.46633407194852, 20.651496521868378]], [[-101.46633407194852, 20.651496521868378], [-101.46629091278132, 20.651497138985004]], [[-101.46629156840118, 20.6515377631963], [-101.46629091278132, 20.651497138985004]], [[-101.46629091278132, 20.651497138985004], [-101.46624775361252, 20.65149775609086]], [[-101.46624840922094, 20.651538380303474], [-101.46624775361252, 20.65149775609086]], [[-101.46624775361252, 20.65149775609086], [-101.46620459444215, 20.651498373185934]], [[-101.46620525003912, 20.651538997399875], [-101.46620459444215, 20.651498373185934]], [[-101.46620459444215, 20.651498373185934], [-101.4661614352702, 20.651498990270237]], [[-101.46616209085572, 20.651539614485497], [-101.4661614352702, 20.651498990270237]], [[-101.4661614352702, 20.651498990270237], [-101.46611827609665, 20.651499607343762]], [[-101.46611893167072, 20.651540231560347], [-101.46611827609665, 20.651499607343762]], [[-101.46611827609665, 20.651499607343762], [-101.46607511692153, 20.651500224406515]], [[-101.46607577248416, 20.65154084862442], [-101.46607511692153, 20.651500224406515]], [[-101.46607511692153, 20.651500224406515], [-101.46603195774483, 20.651500841458493]], [[-101.46603261329602, 20.65154146567772], [-101.46603195774483, 20.651500841458493]], [[-101.46603195774483, 20.651500841458493], [-101.46598879856654, 20.651501458499695]], [[-101.46598945410629, 20.65154208272024], [-101.46598879856654, 20.651501458499695]], [[-101.46598879856654, 20.651501458499695], [-101.46594563938667, 20.65150207553012]], [[-101.46594629491497, 20.651542699751996], [-101.46594563938667, 20.65150207553012]], [[-101.46594563938667, 20.65150207553012], [-101.46590248020523, 20.651502692549773]], [[-101.46590313572209, 20.651543316772965], [-101.46590248020523, 20.651502692549773]], [[-101.46590248020523, 20.651502692549773], [-101.4658593210222, 20.65150330955865]], [[-101.46585997652761, 20.65154393378317], [-101.4658593210222, 20.65150330955865]], [[-101.4658593210222, 20.65150330955865], [-101.46581616183758, 20.651503926556757]], [[-101.46581681733156, 20.65154455078259], [-101.46581616183758, 20.651503926556757]], [[-101.46581616183758, 20.651503926556757], [-101.46577300265139, 20.65150454354408]], [[-101.46577365813391, 20.65154516777124], [-101.46577300265139, 20.65150454354408]], [[-101.46577300265139, 20.65150454354408], [-101.46572984346362, 20.65150516052063]], [[-101.4657304989347, 20.651545784749107], [-101.46572984346362, 20.65150516052063]], [[-101.46572984346362, 20.65150516052063], [-101.46568668427427, 20.651505777486406]], [[-101.46568733973389, 20.651546401716214], [-101.46568668427427, 20.651505777486406]], [[-101.46568668427427, 20.651505777486406], [-101.46564352508332, 20.65150639444141]], [[-101.46564418053151, 20.651547018672535], [-101.46564352508332, 20.65150639444141]], [[-101.46564352508332, 20.65150639444141], [-101.46560036589081, 20.651507011385636]], [[-101.46560102132756, 20.65154763561808], [-101.46560036589081, 20.651507011385636]], [[-101.46560036589081, 20.651507011385636], [-101.46555720669672, 20.651507628319088]], [[-101.46555786212201, 20.65154825255285], [-101.46555720669672, 20.651507628319088]], [[-101.46555720669672, 20.651507628319088], [-101.46551404750103, 20.651508245241764]], [[-101.46551470291489, 20.651548869476848], [-101.46551404750103, 20.651508245241764]], [[-101.46551404750103, 20.651508245241764], [-101.46547088830377, 20.651508862153662]], [[-101.46547154370619, 20.651549486390074], [-101.46547088830377, 20.651508862153662]], [[-101.46547088830377, 20.651508862153662], [-101.46542772910493, 20.65150947905479]], [[-101.4654283844959, 20.651550103292518], [-101.46542772910493, 20.65150947905479]], [[-101.46542772910493, 20.65150947905479], [-101.4653845699045, 20.65151009594514]], [[-101.46538522528402, 20.651550720184193], [-101.4653845699045, 20.65151009594514]], [[-101.4653845699045, 20.65151009594514], [-101.46534141070251, 20.651510712824717]], [[-101.46534206607058, 20.651551337065086], [-101.46534141070251, 20.651510712824717]], [[-101.46534141070251, 20.651510712824717], [-101.46529825149892, 20.651511329693516]], [[-101.46529890685555, 20.65155195393522], [-101.46529825149892, 20.651511329693516]], [[-101.46529825149892, 20.651511329693516], [-101.46525509229375, 20.651511946551544]], [[-101.46525574763893, 20.651552570794557], [-101.46525509229375, 20.651511946551544]], [[-101.46797411913033, 20.651473063452237], [-101.46797346306572, 20.651432439292304]], [[-101.46797346306572, 20.651432439292304], [-101.46793030397006, 20.65143305681706]], [[-101.46793096002325, 20.65147368097831], [-101.46793030397006, 20.65143305681706]], [[-101.46793030397006, 20.65143305681706], [-101.46788714487286, 20.65143367433104]], [[-101.46788780091458, 20.65147429849361], [-101.46788714487286, 20.65143367433104]], [[-101.46788714487286, 20.65143367433104], [-101.46784398577404, 20.651434291834242]], [[-101.46784464180433, 20.65147491599814], [-101.46784398577404, 20.651434291834242]], [[-101.46784398577404, 20.651434291834242], [-101.46780082667364, 20.651434909326678]], [[-101.46780148269248, 20.651475533491897], [-101.46780082667364, 20.651434909326678]], [[-101.46780082667364, 20.651434909326678], [-101.46775766757168, 20.651435526808335]], [[-101.46775832357908, 20.651476150974876], [-101.46775766757168, 20.651435526808335]], [[-101.46775766757168, 20.651435526808335], [-101.46771450846812, 20.651436144279213]], [[-101.46771516446408, 20.65147676844708], [-101.46771450846812, 20.651436144279213]], [[-101.46771450846812, 20.651436144279213], [-101.46767134936297, 20.651436761739316]], [[-101.46767200534748, 20.651477385908503], [-101.46767134936297, 20.651436761739316]], [[-101.46767134936297, 20.651436761739316], [-101.46762819025625, 20.651437379188646]], [[-101.46762884622932, 20.651478003359156], [-101.46762819025625, 20.651437379188646]], [[-101.46762819025625, 20.651437379188646], [-101.46758503114795, 20.651437996627205]], [[-101.46758568710958, 20.65147862079904], [-101.46758503114795, 20.651437996627205]], [[-101.46758503114795, 20.651437996627205], [-101.46754187203807, 20.651438614054985]], [[-101.46754252798823, 20.65147923822814], [-101.46754187203807, 20.651438614054985]], [[-101.46754187203807, 20.651438614054985], [-101.46749871292658, 20.65143923147199]], [[-101.46749936886532, 20.65147985564647], [-101.46749871292658, 20.65143923147199]], [[-101.46749871292658, 20.65143923147199], [-101.46745555381354, 20.651439848878226]], [[-101.46745620974083, 20.651480473054026], [-101.46745555381354, 20.651439848878226]], [[-101.46745555381354, 20.651439848878226], [-101.46741239469891, 20.651440466273677]], [[-101.46741305061475, 20.6514810904508], [-101.46741239469891, 20.651440466273677]], [[-101.46741239469891, 20.651440466273677], [-101.46736923558268, 20.651441083658355]], [[-101.46736989148708, 20.651481707836805], [-101.46736923558268, 20.651441083658355]], [[-101.46736923558268, 20.651441083658355], [-101.46732607646489, 20.65144170103227]], [[-101.46732673235783, 20.651482325212033], [-101.46732607646489, 20.65144170103227]], [[-101.46732607646489, 20.65144170103227], [-101.4672829173455, 20.651442318395397]], [[-101.46728357322701, 20.651482942576482], [-101.4672829173455, 20.651442318395397]], [[-101.4672829173455, 20.651442318395397], [-101.46723975822454, 20.651442935747752]], [[-101.46724041409459, 20.651483559930167], [-101.46723975822454, 20.651442935747752]], [[-101.46723975822454, 20.651442935747752], [-101.467196599102, 20.65144355308933]], [[-101.46719725496061, 20.651484177273073], [-101.467196599102, 20.65144355308933]], [[-101.467196599102, 20.65144355308933], [-101.46715343997786, 20.651444170420135]], [[-101.46715409582504, 20.6514847946052], [-101.46715343997786, 20.651444170420135]], [[-101.46715343997786, 20.651444170420135], [-101.46711028085215, 20.65144478774017]], [[-101.46711093668787, 20.651485411926547], [-101.46711028085215, 20.65144478774017]], [[-101.46711028085215, 20.65144478774017], [-101.46706712172485, 20.651445405049426]], [[-101.46706777754913, 20.65148602923713], [-101.46706712172485, 20.651445405049426]], [[-101.46706712172485, 20.651445405049426], [-101.46702396259597, 20.651446022347905]], [[-101.46702461840881, 20.65148664653693], [-101.46702396259597, 20.651446022347905]], [[-101.46702396259597, 20.651446022347905], [-101.46698080346552, 20.651446639635612]], [[-101.46698145926692, 20.65148726382596], [-101.46698080346552, 20.651446639635612]], [[-101.46698080346552, 20.651446639635612], [-101.46693764433348, 20.651447256912544]], [[-101.46693830012343, 20.65148788110422], [-101.46693764433348, 20.651447256912544]], [[-101.46693764433348, 20.651447256912544], [-101.46689448519986, 20.651447874178697]], [[-101.46689514097837, 20.651488498371695], [-101.46689448519986, 20.651447874178697]], [[-101.46689448519986, 20.651447874178697], [-101.46685132606466, 20.651448491434078]], [[-101.46685198183171, 20.651489115628394], [-101.46685132606466, 20.651448491434078]], [[-101.46685132606466, 20.651448491434078], [-101.46680816692788, 20.651449108678683]], [[-101.46680882268348, 20.65148973287432], [-101.46680816692788, 20.651449108678683]], [[-101.46680816692788, 20.651449108678683], [-101.4667650077895, 20.651449725912514]], [[-101.46676566353368, 20.65149035010948], [-101.4667650077895, 20.651449725912514]], [[-101.4667650077895, 20.651449725912514], [-101.46672184864956, 20.65145034313557]], [[-101.46672250438228, 20.651490967333853], [-101.46672184864956, 20.65145034313557]], [[-101.46672184864956, 20.65145034313557], [-101.46667868950802, 20.65145096034785]], [[-101.4666793452293, 20.65149158454746], [-101.46667868950802, 20.65145096034785]], [[-101.46667868950802, 20.65145096034785], [-101.4666355303649, 20.651451577549356]], [[-101.46663618607474, 20.651492201750283], [-101.4666355303649, 20.651451577549356]], [[-101.4666355303649, 20.651451577549356], [-101.4665923712202, 20.651452194740088]], [[-101.4665930269186, 20.651492818942337], [-101.4665923712202, 20.651452194740088]], [[-101.4665923712202, 20.651452194740088], [-101.46654921207393, 20.651452811920045]], [[-101.46654986776088, 20.651493436123616], [-101.46654921207393, 20.651452811920045]], [[-101.46654921207393, 20.651452811920045], [-101.46650605292606, 20.651453429089226]], [[-101.46650670860159, 20.651494053294115], [-101.46650605292606, 20.651453429089226]], [[-101.46650605292606, 20.651453429089226], [-101.46646289377664, 20.65145404624763]], [[-101.46646354944069, 20.651494670453847], [-101.46646289377664, 20.65145404624763]], [[-101.46646289377664, 20.65145404624763], [-101.4664197346256, 20.651454663395263]], [[-101.46642039027822, 20.651495287602803], [-101.4664197346256, 20.651454663395263]], [[-101.4664197346256, 20.651454663395263], [-101.46637657547299, 20.651455280532115]], [[-101.46637723111417, 20.651495904740976], [-101.46637657547299, 20.651455280532115]], [[-101.46637657547299, 20.651455280532115], [-101.4663334163188, 20.651455897658195]], [[-101.46633407194852, 20.651496521868378], [-101.4663334163188, 20.651455897658195]], [[-101.4663334163188, 20.651455897658195], [-101.46629025716305, 20.651456514773503]], [[-101.46629091278132, 20.651497138985004], [-101.46629025716305, 20.651456514773503]], [[-101.46629025716305, 20.651456514773503], [-101.4662470980057, 20.651457131878033]], [[-101.46624775361252, 20.65149775609086], [-101.4662470980057, 20.651457131878033]], [[-101.4662470980057, 20.651457131878033], [-101.46620393884676, 20.65145774897179]], [[-101.46620459444215, 20.651498373185934], [-101.46620393884676, 20.65145774897179]], [[-101.46620393884676, 20.65145774897179], [-101.46616077968625, 20.65145836605477]], [[-101.4661614352702, 20.651498990270237], [-101.46616077968625, 20.65145836605477]], [[-101.46616077968625, 20.65145836605477], [-101.46611762052414, 20.65145898312697]], [[-101.46611827609665, 20.651499607343762], [-101.46611762052414, 20.65145898312697]], [[-101.46611762052414, 20.65145898312697], [-101.46607446136046, 20.651459600188407]], [[-101.46607511692153, 20.651500224406515], [-101.46607446136046, 20.651459600188407]], [[-101.46607446136046, 20.651459600188407], [-101.46603130219522, 20.651460217239062]], [[-101.46603195774483, 20.651500841458493], [-101.46603130219522, 20.651460217239062]], [[-101.46603130219522, 20.651460217239062], [-101.46598814302837, 20.65146083427894]], [[-101.46598879856654, 20.651501458499695], [-101.46598814302837, 20.65146083427894]], [[-101.46598814302837, 20.65146083427894], [-101.46594498385996, 20.651461451308045]], [[-101.46594563938667, 20.65150207553012], [-101.46594498385996, 20.651461451308045]], [[-101.46594498385996, 20.651461451308045], [-101.46590182468995, 20.651462068326378]], [[-101.46590248020523, 20.651502692549773], [-101.46590182468995, 20.651462068326378]], [[-101.46590182468995, 20.651462068326378], [-101.46585866551837, 20.65146268533393]], [[-101.4658593210222, 20.65150330955865], [-101.46585866551837, 20.65146268533393]], [[-101.46585866551837, 20.65146268533393], [-101.4658155063452, 20.65146330233071]], [[-101.46581616183758, 20.651503926556757], [-101.4658155063452, 20.65146330233071]], [[-101.4658155063452, 20.65146330233071], [-101.46577234717046, 20.651463919316715]], [[-101.46577300265139, 20.65150454354408], [-101.46577234717046, 20.651463919316715]], [[-101.46577234717046, 20.651463919316715], [-101.46572918799411, 20.651464536291947]], [[-101.46572984346362, 20.65150516052063], [-101.46572918799411, 20.651464536291947]], [[-101.46572918799411, 20.651464536291947], [-101.46568602881621, 20.651465153256403]], [[-101.46568668427427, 20.651505777486406], [-101.46568602881621, 20.651465153256403]], [[-101.46568602881621, 20.651465153256403], [-101.46564286963672, 20.65146577021008]], [[-101.46564352508332, 20.65150639444141], [-101.46564286963672, 20.65146577021008]], [[-101.46564286963672, 20.65146577021008], [-101.46559971045565, 20.651466387152983]], [[-101.46560036589081, 20.651507011385636], [-101.46559971045565, 20.651466387152983]], [[-101.46559971045565, 20.651466387152983], [-101.465556551273, 20.651467004085116]], [[-101.46555720669672, 20.651507628319088], [-101.465556551273, 20.651467004085116]], [[-101.465556551273, 20.651467004085116], [-101.46551339208877, 20.651467621006468]], [[-101.46551404750103, 20.651508245241764], [-101.46551339208877, 20.651467621006468]], [[-101.46551339208877, 20.651467621006468], [-101.46547023290294, 20.651468237917047]], [[-101.46547088830377, 20.651508862153662], [-101.46547023290294, 20.651468237917047]], [[-101.46547023290294, 20.651468237917047], [-101.46542707371555, 20.651468854816848]], [[-101.46542772910493, 20.65150947905479], [-101.46542707371555, 20.651468854816848]], [[-101.46542707371555, 20.651468854816848], [-101.46538391452657, 20.65146947170588]], [[-101.4653845699045, 20.65151009594514], [-101.46538391452657, 20.65146947170588]], [[-101.46538391452657, 20.65146947170588], [-101.465340755336, 20.651470088584137]], [[-101.46534141070251, 20.651510712824717], [-101.465340755336, 20.651470088584137]], [[-101.465340755336, 20.651470088584137], [-101.46529759614386, 20.651470705451615]], [[-101.46529825149892, 20.651511329693516], [-101.46529759614386, 20.651470705451615]], [[-101.46797346306572, 20.651432439292304], [-101.46797280700268, 20.65139181513216]], [[-101.46797280700268, 20.65139181513216], [-101.46792964791848, 20.65139243265559]], [[-101.46793030397006, 20.65143305681706], [-101.46792964791848, 20.65139243265559]], [[-101.46792964791848, 20.65139243265559], [-101.4678864888327, 20.651393050168252]], [[-101.46788714487286, 20.65143367433104], [-101.4678864888327, 20.651393050168252]], [[-101.4678864888327, 20.651393050168252], [-101.46784332974534, 20.65139366767013]], [[-101.46784398577404, 20.651434291834242], [-101.46784332974534, 20.65139366767013]], [[-101.46784332974534, 20.65139366767013], [-101.46780017065639, 20.651394285161242]], [[-101.46780082667364, 20.651434909326678], [-101.46780017065639, 20.651394285161242]], [[-101.46780017065639, 20.651394285161242], [-101.46775701156585, 20.65139490264157]], [[-101.46775766757168, 20.651435526808335], [-101.46775701156585, 20.65139490264157]], [[-101.46775701156585, 20.65139490264157], [-101.46771385247374, 20.65139552011113]], [[-101.46771450846812, 20.651436144279213], [-101.46771385247374, 20.65139552011113]], [[-101.46771385247374, 20.65139552011113], [-101.46767069338006, 20.651396137569915]], [[-101.46767134936297, 20.651436761739316], [-101.46767069338006, 20.651396137569915]], [[-101.46767069338006, 20.651396137569915], [-101.46762753428477, 20.651396755017924]], [[-101.46762819025625, 20.651437379188646], [-101.46762753428477, 20.651396755017924]], [[-101.46762753428477, 20.651396755017924], [-101.46758437518791, 20.651397372455158]], [[-101.46758503114795, 20.651437996627205], [-101.46758437518791, 20.651397372455158]], [[-101.46758437518791, 20.651397372455158], [-101.46754121608946, 20.65139798988161]], [[-101.46754187203807, 20.651438614054985], [-101.46754121608946, 20.65139798988161]], [[-101.46754121608946, 20.65139798988161], [-101.46749805698944, 20.651398607297295]], [[-101.46749871292658, 20.65143923147199], [-101.46749805698944, 20.651398607297295]], [[-101.46749805698944, 20.651398607297295], [-101.46745489788783, 20.651399224702203]], [[-101.46745555381354, 20.651439848878226], [-101.46745489788783, 20.651399224702203]], [[-101.46745489788783, 20.651399224702203], [-101.46741173878463, 20.65139984209634]], [[-101.46741239469891, 20.651440466273677], [-101.46741173878463, 20.65139984209634]], [[-101.46741173878463, 20.65139984209634], [-101.46736857967987, 20.6514004594797]], [[-101.46736923558268, 20.651441083658355], [-101.46736857967987, 20.6514004594797]], [[-101.46736857967987, 20.6514004594797], [-101.46732542057352, 20.65140107685228]], [[-101.46732607646489, 20.65144170103227], [-101.46732542057352, 20.65140107685228]], [[-101.46732542057352, 20.65140107685228], [-101.46728226146558, 20.651401694214087]], [[-101.4672829173455, 20.651442318395397], [-101.46728226146558, 20.651401694214087]], [[-101.46728226146558, 20.651401694214087], [-101.46723910235606, 20.65140231156512]], [[-101.46723975822454, 20.651442935747752], [-101.46723910235606, 20.65140231156512]], [[-101.46723910235606, 20.65140231156512], [-101.46719594324496, 20.65140292890538]], [[-101.467196599102, 20.65144355308933], [-101.46719594324496, 20.65140292890538]], [[-101.46719594324496, 20.65140292890538], [-101.46715278413227, 20.651403546234867]], [[-101.46715343997786, 20.651444170420135], [-101.46715278413227, 20.651403546234867]], [[-101.46715278413227, 20.651403546234867], [-101.46710962501801, 20.65140416355357]], [[-101.46711028085215, 20.65144478774017], [-101.46710962501801, 20.65140416355357]], [[-101.46710962501801, 20.65140416355357], [-101.46706646590215, 20.651404780861505]], [[-101.46706712172485, 20.651445405049426], [-101.46706646590215, 20.651404780861505]], [[-101.46706646590215, 20.651404780861505], [-101.46702330678472, 20.651405398158662]], [[-101.46702396259597, 20.651446022347905], [-101.46702330678472, 20.651405398158662]], [[-101.46702330678472, 20.651405398158662], [-101.46698014766571, 20.651406015445048]], [[-101.46698080346552, 20.651446639635612], [-101.46698014766571, 20.651406015445048]], [[-101.46698014766571, 20.651406015445048], [-101.46693698854511, 20.651406632720658]], [[-101.46693764433348, 20.651447256912544], [-101.46693698854511, 20.651406632720658]], [[-101.46693698854511, 20.651406632720658], [-101.46689382942294, 20.651407249985485]], [[-101.46689448519986, 20.651447874178697], [-101.46689382942294, 20.651407249985485]], [[-101.46689382942294, 20.651407249985485], [-101.46685067029918, 20.65140786723955]], [[-101.46685132606466, 20.651448491434078], [-101.46685067029918, 20.65140786723955]], [[-101.46685067029918, 20.65140786723955], [-101.46680751117384, 20.651408484482833]], [[-101.46680816692788, 20.651449108678683], [-101.46680751117384, 20.651408484482833]], [[-101.46680751117384, 20.651408484482833], [-101.46676435204691, 20.65140910171534]], [[-101.4667650077895, 20.651449725912514], [-101.46676435204691, 20.65140910171534]], [[-101.46676435204691, 20.65140910171534], [-101.46672119291841, 20.651409718937074]], [[-101.46672184864956, 20.65145034313557], [-101.46672119291841, 20.651409718937074]], [[-101.46672119291841, 20.651409718937074], [-101.46667803378833, 20.651410336148036]], [[-101.46667868950802, 20.65145096034785], [-101.46667803378833, 20.651410336148036]], [[-101.46667803378833, 20.651410336148036], [-101.46663487465666, 20.651410953348215]], [[-101.4666355303649, 20.651451577549356], [-101.46663487465666, 20.651410953348215]], [[-101.46663487465666, 20.651410953348215], [-101.46659171552339, 20.651411570537622]], [[-101.4665923712202, 20.651452194740088], [-101.46659171552339, 20.651411570537622]], [[-101.46659171552339, 20.651411570537622], [-101.46654855638856, 20.65141218771626]], [[-101.46654921207393, 20.651452811920045], [-101.46654855638856, 20.65141218771626]], [[-101.46654855638856, 20.65141218771626], [-101.46650539725215, 20.651412804884114]], [[-101.46650605292606, 20.651453429089226], [-101.46650539725215, 20.651412804884114]], [[-101.46650539725215, 20.651412804884114], [-101.46646223811415, 20.651413422041202]], [[-101.46646289377664, 20.65145404624763], [-101.46646223811415, 20.651413422041202]], [[-101.46646223811415, 20.651413422041202], [-101.46641907897457, 20.65141403918751]], [[-101.4664197346256, 20.651454663395263], [-101.46641907897457, 20.65141403918751]], [[-101.46641907897457, 20.65141403918751], [-101.46637591983341, 20.65141465632304]], [[-101.46637657547299, 20.651455280532115], [-101.46637591983341, 20.65141465632304]], [[-101.46637591983341, 20.65141465632304], [-101.46633276069066, 20.651415273447803]], [[-101.4663334163188, 20.651455897658195], [-101.46633276069066, 20.651415273447803]], [[-101.46633276069066, 20.651415273447803], [-101.46628960154634, 20.651415890561783]], [[-101.46629025716305, 20.651456514773503], [-101.46628960154634, 20.651415890561783]], [[-101.46628960154634, 20.651415890561783], [-101.46624644240043, 20.65141650766499]], [[-101.4662470980057, 20.651457131878033], [-101.46624644240043, 20.65141650766499]], [[-101.46624644240043, 20.65141650766499], [-101.46620328325295, 20.65141712475743]], [[-101.46620393884676, 20.65145774897179], [-101.46620328325295, 20.65141712475743]], [[-101.46620328325295, 20.65141712475743], [-101.4661601241039, 20.651417741839083]], [[-101.46616077968625, 20.65145836605477], [-101.4661601241039, 20.651417741839083]], [[-101.4661601241039, 20.651417741839083], [-101.46611696495323, 20.651418358909968]], [[-101.46611762052414, 20.65145898312697], [-101.46611696495323, 20.651418358909968]], [[-101.46611696495323, 20.651418358909968], [-101.466073805801, 20.651418975970078]], [[-101.46607446136046, 20.651459600188407], [-101.466073805801, 20.651418975970078]], [[-101.466073805801, 20.651418975970078], [-101.46603064664718, 20.651419593019412]], [[-101.46603130219522, 20.651460217239062], [-101.46603064664718, 20.651419593019412]], [[-101.46603064664718, 20.651419593019412], [-101.46598748749179, 20.65142021005797]], [[-101.46598814302837, 20.65146083427894], [-101.46598748749179, 20.65142021005797]], [[-101.46598748749179, 20.65142021005797], [-101.46594432833481, 20.651420827085758]], [[-101.46594498385996, 20.651461451308045], [-101.46594432833481, 20.651420827085758]], [[-101.46594432833481, 20.651420827085758], [-101.46590116917626, 20.651421444102763]], [[-101.46590182468995, 20.651462068326378], [-101.46590116917626, 20.651421444102763]], [[-101.46590116917626, 20.651421444102763], [-101.46585801001612, 20.651422061108995]], [[-101.46585866551837, 20.65146268533393], [-101.46585801001612, 20.651422061108995]], [[-101.46585801001612, 20.651422061108995], [-101.46581485085439, 20.651422678104456]], [[-101.4658155063452, 20.65146330233071], [-101.46581485085439, 20.651422678104456]], [[-101.46581485085439, 20.651422678104456], [-101.46577169169109, 20.651423295089135]], [[-101.46577234717046, 20.651463919316715], [-101.46577169169109, 20.651423295089135]], [[-101.46577169169109, 20.651423295089135], [-101.4657285325262, 20.651423912063045]], [[-101.46572918799411, 20.651464536291947], [-101.4657285325262, 20.651423912063045]], [[-101.4657285325262, 20.651423912063045], [-101.46568537335973, 20.651424529026176]], [[-101.46568602881621, 20.651465153256403], [-101.46568537335973, 20.651424529026176]], [[-101.46568537335973, 20.651424529026176], [-101.4656422141917, 20.65142514597854]], [[-101.46564286963672, 20.65146577021008], [-101.4656422141917, 20.65142514597854]], [[-101.4656422141917, 20.65142514597854], [-101.46559905502207, 20.65142576292012]], [[-101.46559971045565, 20.651466387152983], [-101.46559905502207, 20.65142576292012]], [[-101.46559905502207, 20.65142576292012], [-101.46555589585087, 20.65142637985093]], [[-101.465556551273, 20.651467004085116], [-101.46555589585087, 20.65142637985093]], [[-101.46555589585087, 20.65142637985093], [-101.46551273667806, 20.651426996770958]], [[-101.46551339208877, 20.651467621006468], [-101.46551273667806, 20.651426996770958]], [[-101.46551273667806, 20.651426996770958], [-101.4654695775037, 20.65142761368022]], [[-101.46547023290294, 20.651468237917047], [-101.4654695775037, 20.65142761368022]], [[-101.4654695775037, 20.65142761368022], [-101.46542641832774, 20.6514282305787]], [[-101.46542707371555, 20.651468854816848], [-101.46542641832774, 20.6514282305787]], [[-101.46542641832774, 20.6514282305787], [-101.46538325915022, 20.651428847466406]], [[-101.46538391452657, 20.65146947170588], [-101.46538325915022, 20.651428847466406]], [[-101.46538325915022, 20.651428847466406], [-101.46534009997109, 20.651429464343344]], [[-101.465340755336, 20.651470088584137], [-101.46534009997109, 20.651429464343344]], [[-101.46797280700268, 20.65139181513216], [-101.46797215094124, 20.6513511909718]], [[-101.46797215094124, 20.6513511909718], [-101.46792899186848, 20.65135180849391]], [[-101.46792964791848, 20.65139243265559], [-101.46792899186848, 20.65135180849391]], [[-101.46792899186848, 20.65135180849391], [-101.46788583279412, 20.65135242600525]], [[-101.4678864888327, 20.651393050168252], [-101.46788583279412, 20.65135242600525]], [[-101.46788583279412, 20.65135242600525], [-101.46784267371821, 20.651353043505807]], [[-101.46784332974534, 20.65139366767013], [-101.46784267371821, 20.651353043505807]], [[-101.46784267371821, 20.651353043505807], [-101.46779951464072, 20.651353660995593]], [[-101.46780017065639, 20.651394285161242], [-101.46779951464072, 20.651353660995593]], [[-101.46779951464072, 20.651353660995593], [-101.46775635556163, 20.651354278474603]], [[-101.46775701156585, 20.65139490264157], [-101.46775635556163, 20.651354278474603]], [[-101.46775635556163, 20.651354278474603], [-101.46771319648096, 20.651354895942834]], [[-101.46771385247374, 20.65139552011113], [-101.46771319648096, 20.651354895942834]], [[-101.46771319648096, 20.651354895942834], [-101.4676700373987, 20.651355513400294]], [[-101.46767069338006, 20.651396137569915], [-101.4676700373987, 20.651355513400294]], [[-101.4676700373987, 20.651355513400294], [-101.46762687831487, 20.65135613084698]], [[-101.46762753428477, 20.651396755017924], [-101.46762687831487, 20.65135613084698]], [[-101.46762687831487, 20.65135613084698], [-101.46758371922947, 20.651356748282897]], [[-101.46758437518791, 20.651397372455158], [-101.46758371922947, 20.651356748282897]], [[-101.46758371922947, 20.651356748282897], [-101.46754056014247, 20.651357365708026]], [[-101.46754121608946, 20.65139798988161], [-101.46754056014247, 20.651357365708026]], [[-101.46754056014247, 20.651357365708026], [-101.46749740105388, 20.65135798312239]], [[-101.46749805698944, 20.651398607297295], [-101.46749740105388, 20.65135798312239]], [[-101.46749740105388, 20.65135798312239], [-101.46745424196372, 20.651358600525974]], [[-101.46745489788783, 20.651399224702203], [-101.46745424196372, 20.651358600525974]], [[-101.46745424196372, 20.651358600525974], [-101.46741108287196, 20.651359217918788]], [[-101.46741173878463, 20.65139984209634], [-101.46741108287196, 20.651359217918788]], [[-101.46741108287196, 20.651359217918788], [-101.46736792377864, 20.65135983530082]], [[-101.46736857967987, 20.6514004594797], [-101.46736792377864, 20.65135983530082]], [[-101.46736792377864, 20.65135983530082], [-101.46732476468372, 20.651360452672083]], [[-101.46732542057352, 20.65140107685228], [-101.46732476468372, 20.651360452672083]], [[-101.46732476468372, 20.651360452672083], [-101.46728160558725, 20.651361070032568]], [[-101.46728226146558, 20.651401694214087], [-101.46728160558725, 20.651361070032568]], [[-101.46728160558725, 20.651361070032568], [-101.46723844648916, 20.65136168738228]], [[-101.46723910235606, 20.65140231156512], [-101.46723844648916, 20.65136168738228]], [[-101.46723844648916, 20.65136168738228], [-101.4671952873895, 20.651362304721214]], [[-101.46719594324496, 20.65140292890538], [-101.4671952873895, 20.651362304721214]], [[-101.4671952873895, 20.651362304721214], [-101.46715212828826, 20.651362922049376]], [[-101.46715278413227, 20.651403546234867], [-101.46715212828826, 20.651362922049376]], [[-101.46715212828826, 20.651362922049376], [-101.46710896918545, 20.651363539366763]], [[-101.46710962501801, 20.65140416355357], [-101.46710896918545, 20.651363539366763]], [[-101.46710896918545, 20.651363539366763], [-101.46706581008104, 20.651364156673377]], [[-101.46706646590215, 20.651404780861505], [-101.46706581008104, 20.651364156673377]], [[-101.46706581008104, 20.651364156673377], [-101.46702265097505, 20.651364773969206]], [[-101.46702330678472, 20.651405398158662], [-101.46702265097505, 20.651364773969206]], [[-101.46702265097505, 20.651364773969206], [-101.46697949186748, 20.65136539125427]], [[-101.46698014766571, 20.651406015445048], [-101.46697949186748, 20.65136539125427]], [[-101.46697949186748, 20.65136539125427], [-101.46693633275832, 20.651366008528555]], [[-101.46693698854511, 20.651406632720658], [-101.46693633275832, 20.651366008528555]], [[-101.46693633275832, 20.651366008528555], [-101.4668931736476, 20.65136662579207]], [[-101.46689382942294, 20.651407249985485], [-101.4668931736476, 20.65136662579207]], [[-101.4668931736476, 20.65136662579207], [-101.46685001453528, 20.651367243044803]], [[-101.46685067029918, 20.65140786723955], [-101.46685001453528, 20.651367243044803]], [[-101.46685001453528, 20.651367243044803], [-101.4668068554214, 20.651367860286765]], [[-101.46680751117384, 20.651408484482833], [-101.4668068554214, 20.651367860286765]], [[-101.4668068554214, 20.651367860286765], [-101.4667636963059, 20.651368477517956]], [[-101.46676435204691, 20.65140910171534], [-101.4667636963059, 20.651368477517956]], [[-101.4667636963059, 20.651368477517956], [-101.46672053718885, 20.651369094738364]], [[-101.46672119291841, 20.651409718937074], [-101.46672053718885, 20.651369094738364]], [[-101.46672053718885, 20.651369094738364], [-101.4666773780702, 20.651369711948]], [[-101.46667803378833, 20.651410336148036], [-101.4666773780702, 20.651369711948]], [[-101.4666773780702, 20.651369711948], [-101.46663421894998, 20.651370329146864]], [[-101.46663487465666, 20.651410953348215], [-101.46663421894998, 20.651370329146864]], [[-101.46663421894998, 20.651370329146864], [-101.46659105982818, 20.651370946334946]], [[-101.46659171552339, 20.651411570537622], [-101.46659105982818, 20.651370946334946]], [[-101.46659105982818, 20.651370946334946], [-101.46654790070478, 20.65137156351226]], [[-101.46654855638856, 20.65141218771626], [-101.46654790070478, 20.65137156351226]], [[-101.46654790070478, 20.65137156351226], [-101.46650474157981, 20.651372180678795]], [[-101.46650539725215, 20.651412804884114], [-101.46650474157981, 20.651372180678795]], [[-101.46650474157981, 20.651372180678795], [-101.46646158245326, 20.651372797834554]], [[-101.46646223811415, 20.651413422041202], [-101.46646158245326, 20.651372797834554]], [[-101.46646158245326, 20.651372797834554], [-101.46641842332512, 20.651373414979545]], [[-101.46641907897457, 20.65141403918751], [-101.46641842332512, 20.651373414979545]], [[-101.46641842332512, 20.651373414979545], [-101.4663752641954, 20.651374032113758]], [[-101.46637591983341, 20.65141465632304], [-101.4663752641954, 20.651374032113758]], [[-101.4663752641954, 20.651374032113758], [-101.46633210506411, 20.651374649237194]], [[-101.46633276069066, 20.651415273447803], [-101.46633210506411, 20.651374649237194]], [[-101.46633210506411, 20.651374649237194], [-101.46628894593123, 20.651375266349852]], [[-101.46628960154634, 20.651415890561783], [-101.46628894593123, 20.651375266349852]], [[-101.46628894593123, 20.651375266349852], [-101.46624578679678, 20.651375883451742]], [[-101.46624644240043, 20.65141650766499], [-101.46624578679678, 20.651375883451742]], [[-101.46624578679678, 20.651375883451742], [-101.46620262766073, 20.651376500542852]], [[-101.46620328325295, 20.65141712475743], [-101.46620262766073, 20.651376500542852]], [[-101.46620262766073, 20.651376500542852], [-101.4661594685231, 20.651377117623188]], [[-101.4661601241039, 20.651417741839083], [-101.4661594685231, 20.651377117623188]], [[-101.4661594685231, 20.651377117623188], [-101.46611630938389, 20.651377734692755]], [[-101.46611696495323, 20.651418358909968], [-101.46611630938389, 20.651377734692755]], [[-101.46611630938389, 20.651377734692755], [-101.4660731502431, 20.65137835175154]], [[-101.466073805801, 20.651418975970078], [-101.4660731502431, 20.65137835175154]], [[-101.4660731502431, 20.65137835175154], [-101.46602999110074, 20.65137896879955]], [[-101.46603064664718, 20.651419593019412], [-101.46602999110074, 20.65137896879955]], [[-101.46602999110074, 20.65137896879955], [-101.46598683195678, 20.651379585836786]], [[-101.46598748749179, 20.65142021005797], [-101.46598683195678, 20.651379585836786]], [[-101.46598683195678, 20.651379585836786], [-101.46594367281125, 20.651380202863248]], [[-101.46594432833481, 20.651420827085758], [-101.46594367281125, 20.651380202863248]], [[-101.46594367281125, 20.651380202863248], [-101.46590051366414, 20.651380819878934]], [[-101.46590116917626, 20.651421444102763], [-101.46590051366414, 20.651380819878934]], [[-101.46590051366414, 20.651380819878934], [-101.46585735451544, 20.651381436883845]], [[-101.46585801001612, 20.651422061108995], [-101.46585735451544, 20.651381436883845]], [[-101.46585735451544, 20.651381436883845], [-101.46581419536517, 20.65138205387798]], [[-101.46581485085439, 20.651422678104456], [-101.46581419536517, 20.65138205387798]], [[-101.46581419536517, 20.65138205387798], [-101.46577103621331, 20.651382670861345]], [[-101.46577169169109, 20.651423295089135], [-101.46577103621331, 20.651382670861345]], [[-101.46577103621331, 20.651382670861345], [-101.46572787705988, 20.65138328783393]], [[-101.4657285325262, 20.651423912063045], [-101.46572787705988, 20.65138328783393]], [[-101.46572787705988, 20.65138328783393], [-101.46568471790485, 20.651383904795743]], [[-101.46568537335973, 20.651424529026176], [-101.46568471790485, 20.651383904795743]], [[-101.46568471790485, 20.651383904795743], [-101.46564155874825, 20.651384521746785]], [[-101.4656422141917, 20.65142514597854], [-101.46564155874825, 20.651384521746785]], [[-101.46564155874825, 20.651384521746785], [-101.46559839959006, 20.65138513868704]], [[-101.46559905502207, 20.65142576292012], [-101.46559839959006, 20.65138513868704]], [[-101.46559839959006, 20.65138513868704], [-101.46555524043029, 20.65138575561653]], [[-101.46555589585087, 20.65142637985093], [-101.46555524043029, 20.65138575561653]], [[-101.46555524043029, 20.65138575561653], [-101.46551208126895, 20.65138637253524]], [[-101.46551273667806, 20.651426996770958], [-101.46551208126895, 20.65138637253524]], [[-101.46551208126895, 20.65138637253524], [-101.46546892210603, 20.651386989443175]], [[-101.4654695775037, 20.65142761368022], [-101.46546892210603, 20.651386989443175]], [[-101.46546892210603, 20.651386989443175], [-101.46542576294152, 20.651387606340336]], [[-101.46542641832774, 20.6514282305787], [-101.46542576294152, 20.651387606340336]], [[-101.46542576294152, 20.651387606340336], [-101.46538260377542, 20.651388223226725]], [[-101.46538325915022, 20.651428847466406], [-101.46538260377542, 20.651388223226725]], [[-101.46797215094124, 20.6513511909718], [-101.46797149488135, 20.651310566811237]], [[-101.46797149488135, 20.651310566811237], [-101.46792833582005, 20.651311184332023]], [[-101.46792899186848, 20.65135180849391], [-101.46792833582005, 20.651311184332023]], [[-101.46792833582005, 20.651311184332023], [-101.46788517675715, 20.651311801842038]], [[-101.46788583279412, 20.65135242600525], [-101.46788517675715, 20.651311801842038]], [[-101.46788517675715, 20.651311801842038], [-101.46784201769267, 20.651312419341274]], [[-101.46784267371821, 20.651353043505807], [-101.46784201769267, 20.651312419341274]], [[-101.46784201769267, 20.651312419341274], [-101.46779885862662, 20.651313036829738]], [[-101.46779951464072, 20.651353660995593], [-101.46779885862662, 20.651313036829738]], [[-101.46779885862662, 20.651313036829738], [-101.46775569955898, 20.651313654307422]], [[-101.46775635556163, 20.651354278474603], [-101.46775569955898, 20.651313654307422]], [[-101.46775569955898, 20.651313654307422], [-101.46771254048976, 20.65131427177434]], [[-101.46771319648096, 20.651354895942834], [-101.46771254048976, 20.65131427177434]], [[-101.46771254048976, 20.65131427177434], [-101.46766938141894, 20.651314889230477]], [[-101.4676700373987, 20.651355513400294], [-101.46766938141894, 20.651314889230477]], [[-101.46766938141894, 20.651314889230477], [-101.46762622234657, 20.651315506675836]], [[-101.46762687831487, 20.65135613084698], [-101.46762622234657, 20.651315506675836]], [[-101.46762622234657, 20.651315506675836], [-101.46758306327258, 20.651316124110426]], [[-101.46758371922947, 20.651356748282897], [-101.46758306327258, 20.651316124110426]], [[-101.46758306327258, 20.651316124110426], [-101.46753990419703, 20.651316741534234]], [[-101.46754056014247, 20.651357365708026], [-101.46753990419703, 20.651316741534234]], [[-101.46753990419703, 20.651316741534234], [-101.46749674511989, 20.651317358947274]], [[-101.46749740105388, 20.65135798312239], [-101.46749674511989, 20.651317358947274]], [[-101.46749674511989, 20.651317358947274], [-101.46745358604117, 20.651317976349542]], [[-101.46745424196372, 20.651358600525974], [-101.46745358604117, 20.651317976349542]], [[-101.46745358604117, 20.651317976349542], [-101.46741042696088, 20.651318593741028]], [[-101.46741108287196, 20.651359217918788], [-101.46741042696088, 20.651318593741028]], [[-101.46741042696088, 20.651318593741028], [-101.467367267879, 20.65131921112174]], [[-101.46736792377864, 20.65135983530082], [-101.467367267879, 20.65131921112174]], [[-101.467367267879, 20.65131921112174], [-101.46732410879554, 20.65131982849168]], [[-101.46732476468372, 20.651360452672083], [-101.46732410879554, 20.65131982849168]], [[-101.46732410879554, 20.65131982849168], [-101.46728094971049, 20.651320445850843]], [[-101.46728160558725, 20.651361070032568], [-101.46728094971049, 20.651320445850843]], [[-101.46728094971049, 20.651320445850843], [-101.46723779062386, 20.651321063199234]], [[-101.46723844648916, 20.65136168738228], [-101.46723779062386, 20.651321063199234]], [[-101.46723779062386, 20.651321063199234], [-101.46719463153563, 20.651321680536846]], [[-101.4671952873895, 20.651362304721214], [-101.46719463153563, 20.651321680536846]], [[-101.46719463153563, 20.651321680536846], [-101.46715147244583, 20.651322297863686]], [[-101.46715212828826, 20.651362922049376], [-101.46715147244583, 20.651322297863686]], [[-101.46715147244583, 20.651322297863686], [-101.46710831335446, 20.651322915179747]], [[-101.46710896918545, 20.651363539366763], [-101.46710831335446, 20.651322915179747]], [[-101.46710831335446, 20.651322915179747], [-101.4670651542615, 20.65132353248504]], [[-101.46706581008104, 20.651364156673377], [-101.4670651542615, 20.65132353248504]], [[-101.4670651542615, 20.65132353248504], [-101.46702199516696, 20.65132414977955]], [[-101.46702265097505, 20.651364773969206], [-101.46702199516696, 20.65132414977955]], [[-101.46702199516696, 20.65132414977955], [-101.46697883607084, 20.651324767063286]], [[-101.46697949186748, 20.65136539125427], [-101.46697883607084, 20.651324767063286]], [[-101.46697883607084, 20.651324767063286], [-101.46693567697312, 20.651325384336257]], [[-101.46693633275832, 20.651366008528555], [-101.46693567697312, 20.651325384336257]], [[-101.46693567697312, 20.651325384336257], [-101.46689251787384, 20.651326001598445]], [[-101.4668931736476, 20.65136662579207], [-101.46689251787384, 20.651326001598445]], [[-101.46689251787384, 20.651326001598445], [-101.46684935877298, 20.651326618849854]], [[-101.46685001453528, 20.651367243044803], [-101.46684935877298, 20.651326618849854]], [[-101.46684935877298, 20.651326618849854], [-101.46680619967051, 20.651327236090495]], [[-101.4668068554214, 20.651367860286765], [-101.46680619967051, 20.651327236090495]], [[-101.46680619967051, 20.651327236090495], [-101.46676304056649, 20.651327853320364]], [[-101.4667636963059, 20.651368477517956], [-101.46676304056649, 20.651327853320364]], [[-101.46676304056649, 20.651327853320364], [-101.46671988146086, 20.65132847053945]], [[-101.46672053718885, 20.651369094738364], [-101.46671988146086, 20.65132847053945]], [[-101.46671988146086, 20.65132847053945], [-101.46667672235367, 20.65132908774776]], [[-101.4666773780702, 20.651369711948], [-101.46667672235367, 20.65132908774776]], [[-101.46667672235367, 20.65132908774776], [-101.4666335632449, 20.6513297049453]], [[-101.46663421894998, 20.651370329146864], [-101.4666335632449, 20.6513297049453]], [[-101.4666335632449, 20.6513297049453], [-101.46659040413452, 20.651330322132065]], [[-101.46659105982818, 20.651370946334946], [-101.46659040413452, 20.651330322132065]], [[-101.46659040413452, 20.651330322132065], [-101.46654724502258, 20.651330939308057]], [[-101.46654790070478, 20.65137156351226], [-101.46654724502258, 20.651330939308057]], [[-101.46654724502258, 20.651330939308057], [-101.46650408590905, 20.65133155647327]], [[-101.46650474157981, 20.651372180678795], [-101.46650408590905, 20.65133155647327]], [[-101.46650408590905, 20.65133155647327], [-101.46646092679394, 20.651332173627708]], [[-101.46646158245326, 20.651372797834554], [-101.46646092679394, 20.651332173627708]], [[-101.46646092679394, 20.651332173627708], [-101.46641776767726, 20.65133279077137]], [[-101.46641842332512, 20.651373414979545], [-101.46641776767726, 20.65133279077137]], [[-101.46641776767726, 20.65133279077137], [-101.46637460855898, 20.65133340790426]], [[-101.4663752641954, 20.651374032113758], [-101.46637460855898, 20.65133340790426]], [[-101.46637460855898, 20.65133340790426], [-101.46633144943914, 20.651334025026376]], [[-101.46633210506411, 20.651374649237194], [-101.46633144943914, 20.651334025026376]], [[-101.46633144943914, 20.651334025026376], [-101.4662882903177, 20.651334642137716]], [[-101.46628894593123, 20.651375266349852], [-101.4662882903177, 20.651334642137716]], [[-101.4662882903177, 20.651334642137716], [-101.46624513119468, 20.65133525923828]], [[-101.46624578679678, 20.651375883451742], [-101.46624513119468, 20.65133525923828]], [[-101.46624513119468, 20.65133525923828], [-101.46620197207008, 20.651335876328073]], [[-101.46620262766073, 20.651376500542852], [-101.46620197207008, 20.651335876328073]], [[-101.46620197207008, 20.651335876328073], [-101.4661588129439, 20.65133649340709]], [[-101.4661594685231, 20.651377117623188], [-101.4661588129439, 20.65133649340709]], [[-101.4661588129439, 20.65133649340709], [-101.46611565381613, 20.651337110475325]], [[-101.46611630938389, 20.651377734692755], [-101.46611565381613, 20.651337110475325]], [[-101.46611565381613, 20.651337110475325], [-101.4660724946868, 20.651337727532795]], [[-101.4660731502431, 20.65137835175154], [-101.4660724946868, 20.651337727532795]], [[-101.4660724946868, 20.651337727532795], [-101.46602933555587, 20.65133834457948]], [[-101.46602999110074, 20.65137896879955], [-101.46602933555587, 20.65133834457948]], [[-101.46602933555587, 20.65133834457948], [-101.46598617642336, 20.65133896161539]], [[-101.46598683195678, 20.651379585836786], [-101.46598617642336, 20.65133896161539]], [[-101.46598617642336, 20.65133896161539], [-101.46594301728928, 20.65133957864053]], [[-101.46594367281125, 20.651380202863248], [-101.46594301728928, 20.65133957864053]], [[-101.46594301728928, 20.65133957864053], [-101.4658998581536, 20.651340195654903]], [[-101.46590051366414, 20.651380819878934], [-101.4658998581536, 20.651340195654903]], [[-101.4658998581536, 20.651340195654903], [-101.46585669901636, 20.65134081265849]], [[-101.46585735451544, 20.651381436883845], [-101.46585669901636, 20.65134081265849]], [[-101.46585669901636, 20.65134081265849], [-101.46581353987753, 20.651341429651303]], [[-101.46581419536517, 20.65138205387798], [-101.46581353987753, 20.651341429651303]], [[-101.46581353987753, 20.651341429651303], [-101.46577038073711, 20.651342046633346]], [[-101.46577103621331, 20.651382670861345], [-101.46577038073711, 20.651342046633346]], [[-101.46577038073711, 20.651342046633346], [-101.46572722159512, 20.651342663604613]], [[-101.46572787705988, 20.65138328783393], [-101.46572722159512, 20.651342663604613]], [[-101.46572722159512, 20.651342663604613], [-101.46568406245154, 20.651343280565097]], [[-101.46568471790485, 20.651383904795743], [-101.46568406245154, 20.651343280565097]], [[-101.46568406245154, 20.651343280565097], [-101.46564090330638, 20.651343897514813]], [[-101.46564155874825, 20.651384521746785], [-101.46564090330638, 20.651343897514813]], [[-101.46564090330638, 20.651343897514813], [-101.46559774415965, 20.651344514453758]], [[-101.46559839959006, 20.65138513868704], [-101.46559774415965, 20.651344514453758]], [[-101.46559774415965, 20.651344514453758], [-101.46555458501133, 20.65134513138192]], [[-101.46555524043029, 20.65138575561653], [-101.46555458501133, 20.65134513138192]], [[-101.46555458501133, 20.65134513138192], [-101.46551142586142, 20.65134574829931]], [[-101.46551208126895, 20.65138637253524], [-101.46551142586142, 20.65134574829931]], [[-101.46551142586142, 20.65134574829931], [-101.46546826670995, 20.651346365205928]], [[-101.46546892210603, 20.651386989443175], [-101.46546826670995, 20.651346365205928]], [[-101.46546826670995, 20.651346365205928], [-101.46542510755688, 20.651346982101767]], [[-101.46542576294152, 20.651387606340336], [-101.46542510755688, 20.651346982101767]], [[-101.46797149488135, 20.651310566811237], [-101.46797083882306, 20.651269942650462]], [[-101.46797083882306, 20.651269942650462], [-101.4679276797732, 20.651270560169927]], [[-101.46792833582005, 20.651311184332023], [-101.4679276797732, 20.651270560169927]], [[-101.4679276797732, 20.651270560169927], [-101.46788452072175, 20.651271177678616]], [[-101.46788517675715, 20.651311801842038], [-101.46788452072175, 20.651271177678616]], [[-101.46788452072175, 20.651271177678616], [-101.46784136166872, 20.65127179517653]], [[-101.46784201769267, 20.651312419341274], [-101.46784136166872, 20.65127179517653]], [[-101.46784136166872, 20.65127179517653], [-101.4677982026141, 20.651272412663666]], [[-101.46779885862662, 20.651313036829738], [-101.4677982026141, 20.651272412663666]], [[-101.4677982026141, 20.651272412663666], [-101.46775504355791, 20.651273030140036]], [[-101.46775569955898, 20.651313654307422], [-101.46775504355791, 20.651273030140036]], [[-101.46775504355791, 20.651273030140036], [-101.46771188450013, 20.651273647605624]], [[-101.46771254048976, 20.65131427177434], [-101.46771188450013, 20.651273647605624]], [[-101.46771188450013, 20.651273647605624], [-101.46766872544077, 20.65127426506044]], [[-101.46766938141894, 20.651314889230477], [-101.46766872544077, 20.65127426506044]], [[-101.46766872544077, 20.65127426506044], [-101.46762556637982, 20.651274882504477]], [[-101.46762622234657, 20.651315506675836], [-101.46762556637982, 20.651274882504477]], [[-101.46762556637982, 20.651274882504477], [-101.4675824073173, 20.651275499937746]], [[-101.46758306327258, 20.651316124110426], [-101.4675824073173, 20.651275499937746]], [[-101.4675824073173, 20.651275499937746], [-101.46753924825319, 20.651276117360233]], [[-101.46753990419703, 20.651316741534234], [-101.46753924825319, 20.651276117360233]], [[-101.46753924825319, 20.651276117360233], [-101.46749608918749, 20.65127673477195]], [[-101.46749674511989, 20.651317358947274], [-101.46749608918749, 20.65127673477195]], [[-101.46749608918749, 20.65127673477195], [-101.46745293012022, 20.65127735217289]], [[-101.46745358604117, 20.651317976349542], [-101.46745293012022, 20.65127735217289]], [[-101.46745293012022, 20.65127735217289], [-101.46740977105136, 20.651277969563058]], [[-101.46741042696088, 20.651318593741028], [-101.46740977105136, 20.651277969563058]], [[-101.46740977105136, 20.651277969563058], [-101.46736661198092, 20.651278586942446]], [[-101.467367267879, 20.65131921112174], [-101.46736661198092, 20.651278586942446]], [[-101.46736661198092, 20.651278586942446], [-101.4673234529089, 20.651279204311066]], [[-101.46732410879554, 20.65131982849168], [-101.4673234529089, 20.651279204311066]], [[-101.4673234529089, 20.651279204311066], [-101.4672802938353, 20.6512798216689]], [[-101.46728094971049, 20.651320445850843], [-101.4672802938353, 20.6512798216689]], [[-101.4672802938353, 20.6512798216689], [-101.46723713476011, 20.65128043901597]], [[-101.46723779062386, 20.651321063199234], [-101.46723713476011, 20.65128043901597]], [[-101.46723713476011, 20.65128043901597], [-101.46719397568334, 20.65128105635226]], [[-101.46719463153563, 20.651321680536846], [-101.46719397568334, 20.65128105635226]], [[-101.46719397568334, 20.65128105635226], [-101.467150816605, 20.651281673677776]], [[-101.46715147244583, 20.651322297863686], [-101.467150816605, 20.651281673677776]], [[-101.467150816605, 20.651281673677776], [-101.46710765752506, 20.65128229099252]], [[-101.46710831335446, 20.651322915179747], [-101.46710765752506, 20.65128229099252]], [[-101.46710765752506, 20.65128229099252], [-101.46706449844355, 20.651282908296483]], [[-101.4670651542615, 20.65132353248504], [-101.46706449844355, 20.651282908296483]], [[-101.46706449844355, 20.651282908296483], [-101.46702133936046, 20.651283525589676]], [[-101.46702199516696, 20.65132414977955], [-101.46702133936046, 20.651283525589676]], [[-101.46702133936046, 20.651283525589676], [-101.46697818027577, 20.651284142872093]], [[-101.46697883607084, 20.651324767063286], [-101.46697818027577, 20.651284142872093]], [[-101.46697818027577, 20.651284142872093], [-101.46693502118951, 20.651284760143735]], [[-101.46693567697312, 20.651325384336257], [-101.46693502118951, 20.651284760143735]], [[-101.46693502118951, 20.651284760143735], [-101.46689186210168, 20.6512853774046]], [[-101.46689251787384, 20.651326001598445], [-101.46689186210168, 20.6512853774046]], [[-101.46689186210168, 20.6512853774046], [-101.46684870301225, 20.651285994654693]], [[-101.46684935877298, 20.651326618849854], [-101.46684870301225, 20.651285994654693]], [[-101.46684870301225, 20.651285994654693], [-101.46680554392124, 20.65128661189401]], [[-101.46680619967051, 20.651327236090495], [-101.46680554392124, 20.65128661189401]], [[-101.46680554392124, 20.65128661189401], [-101.46676238482864, 20.651287229122556]], [[-101.46676304056649, 20.651327853320364], [-101.46676238482864, 20.651287229122556]], [[-101.46676238482864, 20.651287229122556], [-101.46671922573447, 20.65128784634032]], [[-101.46671988146086, 20.65132847053945], [-101.46671922573447, 20.65128784634032]], [[-101.46671922573447, 20.65128784634032], [-101.46667606663871, 20.651288463547306]], [[-101.46667672235367, 20.65132908774776], [-101.46667606663871, 20.651288463547306]], [[-101.46667606663871, 20.651288463547306], [-101.46663290754138, 20.651289080743528]], [[-101.4666335632449, 20.6513297049453], [-101.46663290754138, 20.651289080743528]], [[-101.46663290754138, 20.651289080743528], [-101.46658974844246, 20.65128969792897]], [[-101.46659040413452, 20.651330322132065], [-101.46658974844246, 20.65128969792897]], [[-101.46658974844246, 20.65128969792897], [-101.46654658934196, 20.651290315103637]], [[-101.46654724502258, 20.651330939308057], [-101.46654658934196, 20.651290315103637]], [[-101.46654658934196, 20.651290315103637], [-101.46650343023988, 20.651290932267532]], [[-101.46650408590905, 20.65133155647327], [-101.46650343023988, 20.651290932267532]], [[-101.46650343023988, 20.651290932267532], [-101.46646027113621, 20.651291549420648]], [[-101.46646092679394, 20.651332173627708], [-101.46646027113621, 20.651291549420648]], [[-101.46646027113621, 20.651291549420648], [-101.46641711203097, 20.651292166562992]], [[-101.46641776767726, 20.65133279077137], [-101.46641711203097, 20.651292166562992]], [[-101.46641711203097, 20.651292166562992], [-101.46637395292414, 20.651292783694554]], [[-101.46637460855898, 20.65133340790426], [-101.46637395292414, 20.651292783694554]], [[-101.46637395292414, 20.651292783694554], [-101.46633079381574, 20.65129340081535]], [[-101.46633144943914, 20.651334025026376], [-101.46633079381574, 20.65129340081535]], [[-101.46633079381574, 20.65129340081535], [-101.46628763470574, 20.65129401792537]], [[-101.4662882903177, 20.651334642137716], [-101.46628763470574, 20.65129401792537]], [[-101.46628763470574, 20.65129401792537], [-101.46624447559418, 20.651294635024612]], [[-101.46624513119468, 20.65133525923828], [-101.46624447559418, 20.651294635024612]], [[-101.46624447559418, 20.651294635024612], [-101.46620131648102, 20.651295252113076]], [[-101.46620197207008, 20.651335876328073], [-101.46620131648102, 20.651295252113076]], [[-101.46620131648102, 20.651295252113076], [-101.46615815736628, 20.651295869190772]], [[-101.4661588129439, 20.65133649340709], [-101.46615815736628, 20.651295869190772]], [[-101.46615815736628, 20.651295869190772], [-101.46611499824996, 20.65129648625769]], [[-101.46611565381613, 20.651337110475325], [-101.46611499824996, 20.65129648625769]], [[-101.46611499824996, 20.65129648625769], [-101.46607183913207, 20.651297103313834]], [[-101.4660724946868, 20.651337727532795], [-101.46607183913207, 20.651297103313834]], [[-101.46607183913207, 20.651297103313834], [-101.46602868001258, 20.6512977203592]], [[-101.46602933555587, 20.65133834457948], [-101.46602868001258, 20.6512977203592]], [[-101.46602868001258, 20.6512977203592], [-101.46598552089152, 20.65129833739379]], [[-101.46598617642336, 20.65133896161539], [-101.46598552089152, 20.65129833739379]], [[-101.46598552089152, 20.65129833739379], [-101.46594236176888, 20.651298954417612]], [[-101.46594301728928, 20.65133957864053], [-101.46594236176888, 20.651298954417612]], [[-101.46594236176888, 20.651298954417612], [-101.46589920264465, 20.651299571430652]], [[-101.4658998581536, 20.651340195654903], [-101.46589920264465, 20.651299571430652]], [[-101.46589920264465, 20.651299571430652], [-101.46585604351885, 20.651300188432923]], [[-101.46585669901636, 20.65134081265849], [-101.46585604351885, 20.651300188432923]], [[-101.46585604351885, 20.651300188432923], [-101.46581288439147, 20.651300805424416]], [[-101.46581353987753, 20.651341429651303], [-101.46581288439147, 20.651300805424416]], [[-101.46581288439147, 20.651300805424416], [-101.46576972526249, 20.651301422405133]], [[-101.46577038073711, 20.651342046633346], [-101.46576972526249, 20.651301422405133]], [[-101.46576972526249, 20.651301422405133], [-101.46572656613195, 20.651302039375075]], [[-101.46572722159512, 20.651342663604613], [-101.46572656613195, 20.651302039375075]], [[-101.46572656613195, 20.651302039375075], [-101.46568340699982, 20.65130265633425]], [[-101.46568406245154, 20.651343280565097], [-101.46568340699982, 20.65130265633425]], [[-101.46568340699982, 20.65130265633425], [-101.4656402478661, 20.651303273282636]], [[-101.46564090330638, 20.651343897514813], [-101.4656402478661, 20.651303273282636]], [[-101.4656402478661, 20.651303273282636], [-101.46559708873082, 20.651303890220255]], [[-101.46559774415965, 20.651344514453758], [-101.46559708873082, 20.651303890220255]], [[-101.46559708873082, 20.651303890220255], [-101.46555392959394, 20.6513045071471]], [[-101.46555458501133, 20.65134513138192], [-101.46555392959394, 20.6513045071471]], [[-101.46555392959394, 20.6513045071471], [-101.46551077045547, 20.65130512406317]], [[-101.46551142586142, 20.65134574829931], [-101.46551077045547, 20.65130512406317]], [[-101.46797083882306, 20.651269942650462], [-101.46797018276635, 20.651229318489467]], [[-101.46797018276635, 20.651229318489467], [-101.46792702372794, 20.651229936007617]], [[-101.4679276797732, 20.651270560169927], [-101.46792702372794, 20.651229936007617]], [[-101.46792702372794, 20.651229936007617], [-101.46788386468793, 20.651230553514978]], [[-101.46788452072175, 20.651271177678616], [-101.46788386468793, 20.651230553514978]], [[-101.46788386468793, 20.651230553514978], [-101.46784070564634, 20.651231171011574]], [[-101.46784136166872, 20.65127179517653], [-101.46784070564634, 20.651231171011574]], [[-101.46784070564634, 20.651231171011574], [-101.46779754660317, 20.651231788497384]], [[-101.4677982026141, 20.651272412663666], [-101.46779754660317, 20.651231788497384]], [[-101.46779754660317, 20.651231788497384], [-101.46775438755843, 20.651232405972426]], [[-101.46775504355791, 20.651273030140036], [-101.46775438755843, 20.651232405972426]], [[-101.46775438755843, 20.651232405972426], [-101.46771122851209, 20.651233023436696]], [[-101.46771188450013, 20.651273647605624], [-101.46771122851209, 20.651233023436696]], [[-101.46771122851209, 20.651233023436696], [-101.46766806946417, 20.65123364089019]], [[-101.46766872544077, 20.65127426506044], [-101.46766806946417, 20.65123364089019]], [[-101.46766806946417, 20.65123364089019], [-101.46762491041467, 20.651234258332906]], [[-101.46762556637982, 20.651274882504477], [-101.46762491041467, 20.651234258332906]], [[-101.46762491041467, 20.651234258332906], [-101.4675817513636, 20.651234875764846]], [[-101.4675824073173, 20.651275499937746], [-101.4675817513636, 20.651234875764846]], [[-101.4675817513636, 20.651234875764846], [-101.46753859231093, 20.651235493186018]], [[-101.46753924825319, 20.651276117360233], [-101.46753859231093, 20.651235493186018]], [[-101.46753859231093, 20.651235493186018], [-101.46749543325667, 20.651236110596408]], [[-101.46749608918749, 20.65127673477195], [-101.46749543325667, 20.651236110596408]], [[-101.46749543325667, 20.651236110596408], [-101.46745227420085, 20.651236727996025]], [[-101.46745293012022, 20.65127735217289], [-101.46745227420085, 20.651236727996025]], [[-101.46745227420085, 20.651236727996025], [-101.46740911514344, 20.65123734538487]], [[-101.46740977105136, 20.651277969563058], [-101.46740911514344, 20.65123734538487]], [[-101.46740911514344, 20.65123734538487], [-101.46736595608445, 20.651237962762934]], [[-101.46736661198092, 20.651278586942446], [-101.46736595608445, 20.651237962762934]], [[-101.46736595608445, 20.651237962762934], [-101.46732279702387, 20.651238580130233]], [[-101.4673234529089, 20.651279204311066], [-101.46732279702387, 20.651238580130233]], [[-101.46732279702387, 20.651238580130233], [-101.46727963796171, 20.65123919748675]], [[-101.4672802938353, 20.6512798216689], [-101.46727963796171, 20.65123919748675]], [[-101.46727963796171, 20.65123919748675], [-101.46723647889796, 20.65123981483249]], [[-101.46723713476011, 20.65128043901597], [-101.46723647889796, 20.65123981483249]], [[-101.46723647889796, 20.65123981483249], [-101.46719331983265, 20.651240432167462]], [[-101.46719397568334, 20.65128105635226], [-101.46719331983265, 20.651240432167462]], [[-101.46719331983265, 20.651240432167462], [-101.46715016076573, 20.651241049491652]], [[-101.467150816605, 20.651281673677776], [-101.46715016076573, 20.651241049491652]], [[-101.46715016076573, 20.651241049491652], [-101.46710700169724, 20.651241666805078]], [[-101.46710765752506, 20.65128229099252], [-101.46710700169724, 20.651241666805078]], [[-101.46710700169724, 20.651241666805078], [-101.46706384262718, 20.65124228410772]], [[-101.46706449844355, 20.651282908296483], [-101.46706384262718, 20.65124228410772]], [[-101.46706384262718, 20.65124228410772], [-101.46702068355552, 20.651242901399588]], [[-101.46702133936046, 20.651283525589676], [-101.46702068355552, 20.651242901399588]], [[-101.46702068355552, 20.651242901399588], [-101.46697752448229, 20.65124351868068]], [[-101.46697818027577, 20.651284142872093], [-101.46697752448229, 20.65124351868068]], [[-101.46697752448229, 20.65124351868068], [-101.46693436540747, 20.651244135951003]], [[-101.46693502118951, 20.651284760143735], [-101.46693436540747, 20.651244135951003]], [[-101.46693436540747, 20.651244135951003], [-101.46689120633107, 20.65124475321055]], [[-101.46689186210168, 20.6512853774046], [-101.46689120633107, 20.65124475321055]], [[-101.46689120633107, 20.65124475321055], [-101.46684804725308, 20.651245370459318]], [[-101.46684870301225, 20.651285994654693], [-101.46684804725308, 20.651245370459318]], [[-101.46684804725308, 20.651245370459318], [-101.46680488817353, 20.65124598769731]], [[-101.46680554392124, 20.65128661189401], [-101.46680488817353, 20.65124598769731]], [[-101.46680488817353, 20.65124598769731], [-101.46676172909238, 20.65124660492453]], [[-101.46676238482864, 20.651287229122556], [-101.46676172909238, 20.65124660492453]], [[-101.46676172909238, 20.65124660492453], [-101.46671857000966, 20.651247222140974]], [[-101.46671922573447, 20.65128784634032], [-101.46671857000966, 20.651247222140974]], [[-101.46671857000966, 20.651247222140974], [-101.46667541092535, 20.65124783934664]], [[-101.46667606663871, 20.651288463547306], [-101.46667541092535, 20.65124783934664]], [[-101.46667541092535, 20.65124783934664], [-101.46663225183946, 20.651248456541538]], [[-101.46663290754138, 20.651289080743528], [-101.46663225183946, 20.651248456541538]], [[-101.46663225183946, 20.651248456541538], [-101.46658909275199, 20.651249073725666]], [[-101.46658974844246, 20.65128969792897], [-101.46658909275199, 20.651249073725666]], [[-101.46658909275199, 20.651249073725666], [-101.46654593366293, 20.651249690899004]], [[-101.46654658934196, 20.651290315103637], [-101.46654593366293, 20.651249690899004]], [[-101.46654593366293, 20.651249690899004], [-101.46650277457229, 20.651250308061577]], [[-101.46650343023988, 20.651290932267532], [-101.46650277457229, 20.651250308061577]], [[-101.46650277457229, 20.651250308061577], [-101.46645961548008, 20.651250925213372]], [[-101.46646027113621, 20.651291549420648], [-101.46645961548008, 20.651250925213372]], [[-101.46645961548008, 20.651250925213372], [-101.46641645638627, 20.651251542354395]], [[-101.46641711203097, 20.651292166562992], [-101.46641645638627, 20.651251542354395]], [[-101.46641645638627, 20.651251542354395], [-101.46637329729089, 20.65125215948464]], [[-101.46637395292414, 20.651292783694554], [-101.46637329729089, 20.65125215948464]], [[-101.46637329729089, 20.65125215948464], [-101.46633013819392, 20.651252776604107]], [[-101.46633079381574, 20.65129340081535], [-101.46633013819392, 20.651252776604107]], [[-101.46633013819392, 20.651252776604107], [-101.46628697909537, 20.651253393712803]], [[-101.46628763470574, 20.65129401792537], [-101.46628697909537, 20.651253393712803]], [[-101.46628697909537, 20.651253393712803], [-101.46624381999524, 20.65125401081072]], [[-101.46624447559418, 20.651294635024612], [-101.46624381999524, 20.65125401081072]], [[-101.46624381999524, 20.65125401081072], [-101.46620066089353, 20.65125462789787]], [[-101.46620131648102, 20.651295252113076], [-101.46620066089353, 20.65125462789787]], [[-101.46620066089353, 20.65125462789787], [-101.46615750179025, 20.65125524497424]], [[-101.46615815736628, 20.651295869190772], [-101.46615750179025, 20.65125524497424]], [[-101.46615750179025, 20.65125524497424], [-101.46611434268539, 20.65125586203984]], [[-101.46611499824996, 20.65129648625769], [-101.46611434268539, 20.65125586203984]], [[-101.46611434268539, 20.65125586203984], [-101.46607118357892, 20.651256479094656]], [[-101.46607183913207, 20.651297103313834], [-101.46607118357892, 20.651256479094656]], [[-101.46607118357892, 20.651256479094656], [-101.46602802447089, 20.651257096138707]], [[-101.46602868001258, 20.6512977203592], [-101.46602802447089, 20.651257096138707]], [[-101.46602802447089, 20.651257096138707], [-101.46598486536126, 20.651257713171972]], [[-101.46598552089152, 20.65129833739379], [-101.46598486536126, 20.651257713171972]], [[-101.46598486536126, 20.651257713171972], [-101.46594170625008, 20.651258330194477]], [[-101.46594236176888, 20.651298954417612], [-101.46594170625008, 20.651258330194477]], [[-101.46594170625008, 20.651258330194477], [-101.46589854713729, 20.651258947206195]], [[-101.46589920264465, 20.651299571430652], [-101.46589854713729, 20.651258947206195]], [[-101.46589854713729, 20.651258947206195], [-101.46585538802293, 20.651259564207137]], [[-101.46585604351885, 20.651300188432923], [-101.46585538802293, 20.651259564207137]], [[-101.46585538802293, 20.651259564207137], [-101.465812228907, 20.651260181197312]], [[-101.46581288439147, 20.651300805424416], [-101.465812228907, 20.651260181197312]], [[-101.465812228907, 20.651260181197312], [-101.46576906978946, 20.65126079817671]], [[-101.46576972526249, 20.651301422405133], [-101.46576906978946, 20.65126079817671]], [[-101.46576906978946, 20.65126079817671], [-101.46572591067036, 20.65126141514533]], [[-101.46572656613195, 20.651302039375075], [-101.46572591067036, 20.65126141514533]], [[-101.46572591067036, 20.65126141514533], [-101.46568275154968, 20.651262032103176]], [[-101.46568340699982, 20.65130265633425], [-101.46568275154968, 20.651262032103176]], [[-101.46568275154968, 20.651262032103176], [-101.4656395924274, 20.651262649050246]], [[-101.4656402478661, 20.651303273282636], [-101.4656395924274, 20.651262649050246]], [[-101.4656395924274, 20.651262649050246], [-101.46559643330356, 20.651263265986543]], [[-101.46559708873082, 20.651303890220255], [-101.46559643330356, 20.651263265986543]], [[-101.46559643330356, 20.651263265986543], [-101.46555327417812, 20.651263882912062]], [[-101.46555392959394, 20.6513045071471], [-101.46555327417812, 20.651263882912062]], [[-101.4680133418032, 20.651228700960555], [-101.46797018276635, 20.651229318489467]], [[-101.4680133418032, 20.651228700960555], [-101.46801268573662, 20.651188076800683]], [[-101.46801268573662, 20.651188076800683], [-101.46796952671124, 20.651188694328273]], [[-101.46797018276635, 20.651229318489467], [-101.46796952671124, 20.651188694328273]], [[-101.46796952671124, 20.651188694328273], [-101.46792636768424, 20.651189311845094]], [[-101.46792702372794, 20.651229936007617], [-101.46792636768424, 20.651189311845094]], [[-101.46792636768424, 20.651189311845094], [-101.46788320865569, 20.651189929351137]], [[-101.46788386468793, 20.651230553514978], [-101.46788320865569, 20.651189929351137]], [[-101.46788320865569, 20.651189929351137], [-101.46784004962555, 20.651190546846408]], [[-101.46784070564634, 20.651231171011574], [-101.46784004962555, 20.651190546846408]], [[-101.46784004962555, 20.651190546846408], [-101.46779689059383, 20.6511911643309]], [[-101.46779754660317, 20.651231788497384], [-101.46779689059383, 20.6511911643309]], [[-101.46779689059383, 20.6511911643309], [-101.46775373156052, 20.65119178180462]], [[-101.46775438755843, 20.651232405972426], [-101.46775373156052, 20.65119178180462]], [[-101.46775373156052, 20.65119178180462], [-101.46771057252563, 20.651192399267565]], [[-101.46771122851209, 20.651233023436696], [-101.46771057252563, 20.651192399267565]], [[-101.46771057252563, 20.651192399267565], [-101.46766741348915, 20.651193016719734]], [[-101.46766806946417, 20.65123364089019], [-101.46766741348915, 20.651193016719734]], [[-101.46766741348915, 20.651193016719734], [-101.4676242544511, 20.651193634161128]], [[-101.46762491041467, 20.651234258332906], [-101.4676242544511, 20.651193634161128]], [[-101.4676242544511, 20.651193634161128], [-101.46758109541146, 20.65119425159175]], [[-101.4675817513636, 20.651234875764846], [-101.46758109541146, 20.65119425159175]], [[-101.46758109541146, 20.65119425159175], [-101.46753793637023, 20.651194869011597]], [[-101.46753859231093, 20.651235493186018], [-101.46753793637023, 20.651194869011597]], [[-101.46753793637023, 20.651194869011597], [-101.46749477732743, 20.65119548642066]], [[-101.46749543325667, 20.651236110596408], [-101.46749477732743, 20.65119548642066]], [[-101.46749477732743, 20.65119548642066], [-101.46745161828306, 20.651196103818965]], [[-101.46745227420085, 20.651236727996025], [-101.46745161828306, 20.651196103818965]], [[-101.46745161828306, 20.651196103818965], [-101.46740845923709, 20.651196721206478]], [[-101.46740911514344, 20.65123734538487], [-101.46740845923709, 20.651196721206478]], [[-101.46740845923709, 20.651196721206478], [-101.46736530018954, 20.65119733858323]], [[-101.46736595608445, 20.651237962762934], [-101.46736530018954, 20.65119733858323]], [[-101.46736530018954, 20.65119733858323], [-101.4673221411404, 20.651197955949193]], [[-101.46732279702387, 20.651238580130233], [-101.4673221411404, 20.651197955949193]], [[-101.4673221411404, 20.651197955949193], [-101.4672789820897, 20.65119857330439]], [[-101.46727963796171, 20.65123919748675], [-101.4672789820897, 20.65119857330439]], [[-101.4672789820897, 20.65119857330439], [-101.4672358230374, 20.651199190648814]], [[-101.46723647889796, 20.65123981483249], [-101.4672358230374, 20.651199190648814]], [[-101.4672358230374, 20.651199190648814], [-101.46719266398351, 20.651199807982458]], [[-101.46719331983265, 20.651240432167462], [-101.46719266398351, 20.651199807982458]], [[-101.46719266398351, 20.651199807982458], [-101.46714950492806, 20.651200425305333]], [[-101.46715016076573, 20.651241049491652], [-101.46714950492806, 20.651200425305333]], [[-101.46714950492806, 20.651200425305333], [-101.46710634587102, 20.651201042617426]], [[-101.46710700169724, 20.651241666805078], [-101.46710634587102, 20.651201042617426]], [[-101.46710634587102, 20.651201042617426], [-101.46706318681238, 20.651201659918748]], [[-101.46706384262718, 20.65124228410772], [-101.46706318681238, 20.651201659918748]], [[-101.46706318681238, 20.651201659918748], [-101.46702002775218, 20.651202277209297]], [[-101.46702068355552, 20.651242901399588], [-101.46702002775218, 20.651202277209297]], [[-101.46702002775218, 20.651202277209297], [-101.46697686869038, 20.65120289448907]], [[-101.46697752448229, 20.65124351868068], [-101.46697686869038, 20.65120289448907]], [[-101.46697686869038, 20.65120289448907], [-101.46693370962701, 20.651203511758066]], [[-101.46693436540747, 20.651244135951003], [-101.46693370962701, 20.651203511758066]], [[-101.46693370962701, 20.651203511758066], [-101.46689055056206, 20.651204129016286]], [[-101.46689120633107, 20.65124475321055], [-101.46689055056206, 20.651204129016286]], [[-101.46689055056206, 20.651204129016286], [-101.46684739149552, 20.651204746263733]], [[-101.46684804725308, 20.651245370459318], [-101.46684739149552, 20.651204746263733]], [[-101.46684739149552, 20.651204746263733], [-101.46680423242739, 20.65120536350041]], [[-101.46680488817353, 20.65124598769731], [-101.46680423242739, 20.65120536350041]], [[-101.46680423242739, 20.65120536350041], [-101.4667610733577, 20.651205980726306]], [[-101.46676172909238, 20.65124660492453], [-101.4667610733577, 20.651205980726306]], [[-101.4667610733577, 20.651205980726306], [-101.46671791428642, 20.651206597941425]], [[-101.46671857000966, 20.651247222140974], [-101.46671791428642, 20.651206597941425]], [[-101.46671791428642, 20.651206597941425], [-101.46667475521355, 20.651207215145778]], [[-101.46667541092535, 20.65124783934664], [-101.46667475521355, 20.651207215145778]], [[-101.46667475521355, 20.651207215145778], [-101.46663159613911, 20.65120783233934]], [[-101.46663225183946, 20.651248456541538], [-101.46663159613911, 20.65120783233934]], [[-101.46663159613911, 20.65120783233934], [-101.46658843706308, 20.651208449522148]], [[-101.46658909275199, 20.651249073725666], [-101.46658843706308, 20.651208449522148]], [[-101.46658843706308, 20.651208449522148], [-101.46654527798546, 20.65120906669417]], [[-101.46654593366293, 20.651249690899004], [-101.46654527798546, 20.65120906669417]], [[-101.46654527798546, 20.65120906669417], [-101.46650211890628, 20.65120968385542]], [[-101.46650277457229, 20.651250308061577], [-101.46650211890628, 20.65120968385542]], [[-101.46650211890628, 20.65120968385542], [-101.4664589598255, 20.65121030100589]], [[-101.46645961548008, 20.651250925213372], [-101.4664589598255, 20.65121030100589]], [[-101.4664589598255, 20.65121030100589], [-101.46641580074315, 20.651210918145583]], [[-101.46641645638627, 20.651251542354395], [-101.46641580074315, 20.651210918145583]], [[-101.46641580074315, 20.651210918145583], [-101.4663726416592, 20.65121153527451]], [[-101.46637329729089, 20.65125215948464], [-101.4663726416592, 20.65121153527451]], [[-101.4663726416592, 20.65121153527451], [-101.4663294825737, 20.65121215239266]], [[-101.46633013819392, 20.651252776604107], [-101.4663294825737, 20.65121215239266]], [[-101.4663294825737, 20.65121215239266], [-101.46628632348659, 20.651212769500034]], [[-101.46628697909537, 20.651253393712803], [-101.46628632348659, 20.651212769500034]], [[-101.46628632348659, 20.651212769500034], [-101.4662431643979, 20.651213386596634]], [[-101.46624381999524, 20.65125401081072], [-101.4662431643979, 20.651213386596634]], [[-101.4662431643979, 20.651213386596634], [-101.46620000530764, 20.65121400368246]], [[-101.46620066089353, 20.65125462789787], [-101.46620000530764, 20.65121400368246]], [[-101.46620000530764, 20.65121400368246], [-101.4661568462158, 20.651214620757504]], [[-101.46615750179025, 20.65125524497424], [-101.4661568462158, 20.651214620757504]], [[-101.4661568462158, 20.651214620757504], [-101.46611368712236, 20.65121523782178]], [[-101.46611434268539, 20.65125586203984], [-101.46611368712236, 20.65121523782178]], [[-101.46611368712236, 20.65121523782178], [-101.46607052802736, 20.651215854875282]], [[-101.46607118357892, 20.651256479094656], [-101.46607052802736, 20.651215854875282]], [[-101.46607052802736, 20.651215854875282], [-101.46602736893077, 20.65121647191801]], [[-101.46602802447089, 20.651257096138707], [-101.46602736893077, 20.65121647191801]], [[-101.46602736893077, 20.65121647191801], [-101.46598420983258, 20.651217088949956]], [[-101.46598486536126, 20.651257713171972], [-101.46598420983258, 20.651217088949956]], [[-101.46598420983258, 20.651217088949956], [-101.46594105073284, 20.65121770597113]], [[-101.46594170625008, 20.651258330194477], [-101.46594105073284, 20.65121770597113]], [[-101.46594105073284, 20.65121770597113], [-101.4658978916315, 20.651218322981524]], [[-101.46589854713729, 20.651258947206195], [-101.4658978916315, 20.651218322981524]], [[-101.4658978916315, 20.651218322981524], [-101.46585473252858, 20.65121893998115]], [[-101.46585538802293, 20.651259564207137], [-101.46585473252858, 20.65121893998115]], [[-101.46585473252858, 20.65121893998115], [-101.46581157342409, 20.651219556970002]], [[-101.465812228907, 20.651260181197312], [-101.46581157342409, 20.651219556970002]], [[-101.46581157342409, 20.651219556970002], [-101.465768414318, 20.65122017394808]], [[-101.46576906978946, 20.65126079817671], [-101.465768414318, 20.65122017394808]], [[-101.465768414318, 20.65122017394808], [-101.46572525521034, 20.651220790915378]], [[-101.46572591067036, 20.65126141514533], [-101.46572525521034, 20.651220790915378]], [[-101.46572525521034, 20.651220790915378], [-101.4656820961011, 20.6512214078719]], [[-101.46568275154968, 20.651262032103176], [-101.4656820961011, 20.6512214078719]], [[-101.4656820961011, 20.6512214078719], [-101.46563893699027, 20.651222024817653]], [[-101.4656395924274, 20.651262649050246], [-101.46563893699027, 20.651222024817653]], [[-101.46563893699027, 20.651222024817653], [-101.46559577787788, 20.651222641752632]], [[-101.46559643330356, 20.651263265986543], [-101.46559577787788, 20.651222641752632]], [[-101.46801268573662, 20.651188076800683], [-101.46801202967164, 20.651147452640593]], [[-101.46801202967164, 20.651147452640593], [-101.46796887065769, 20.651148070166865]], [[-101.46796952671124, 20.651188694328273], [-101.46796887065769, 20.651148070166865]], [[-101.46796887065769, 20.651148070166865], [-101.46792571164215, 20.651148687682362]], [[-101.46792636768424, 20.651189311845094], [-101.46792571164215, 20.651148687682362]], [[-101.46792571164215, 20.651148687682362], [-101.46788255262504, 20.651149305187076]], [[-101.46788320865569, 20.651189929351137], [-101.46788255262504, 20.651149305187076]], [[-101.46788255262504, 20.651149305187076], [-101.46783939360634, 20.65114992268103]], [[-101.46784004962555, 20.651190546846408], [-101.46783939360634, 20.65114992268103]], [[-101.46783939360634, 20.65114992268103], [-101.46779623458606, 20.6511505401642]], [[-101.46779689059383, 20.6511911643309], [-101.46779623458606, 20.6511505401642]], [[-101.46779623458606, 20.6511505401642], [-101.4677530755642, 20.651151157636594]], [[-101.46775373156052, 20.65119178180462], [-101.4677530755642, 20.651151157636594]], [[-101.4677530755642, 20.651151157636594], [-101.46770991654076, 20.651151775098217]], [[-101.46771057252563, 20.651192399267565], [-101.46770991654076, 20.651151775098217]], [[-101.46770991654076, 20.651151775098217], [-101.46766675751573, 20.651152392549065]], [[-101.46766741348915, 20.651193016719734], [-101.46766675751573, 20.651152392549065]], [[-101.46766675751573, 20.651152392549065], [-101.46762359848911, 20.651153009989137]], [[-101.4676242544511, 20.651193634161128], [-101.46762359848911, 20.651153009989137]], [[-101.46762359848911, 20.651153009989137], [-101.46758043946093, 20.651153627418438]], [[-101.46758109541146, 20.65119425159175], [-101.46758043946093, 20.651153627418438]], [[-101.46758043946093, 20.651153627418438], [-101.46753728043116, 20.651154244836956]], [[-101.46753793637023, 20.651194869011597], [-101.46753728043116, 20.651154244836956]], [[-101.46753728043116, 20.651154244836956], [-101.46749412139978, 20.651154862244702]], [[-101.46749477732743, 20.65119548642066], [-101.46749412139978, 20.651154862244702]], [[-101.46749412139978, 20.651154862244702], [-101.46745096236684, 20.65115547964168]], [[-101.46745161828306, 20.651196103818965], [-101.46745096236684, 20.65115547964168]], [[-101.46745096236684, 20.65115547964168], [-101.46740780333232, 20.651156097027876]], [[-101.46740845923709, 20.651196721206478], [-101.46740780333232, 20.651156097027876]], [[-101.46740780333232, 20.651156097027876], [-101.46736464429621, 20.6511567144033]], [[-101.46736530018954, 20.65119733858323], [-101.46736464429621, 20.6511567144033]], [[-101.46736464429621, 20.6511567144033], [-101.46732148525852, 20.651157331767948]], [[-101.4673221411404, 20.651197955949193], [-101.46732148525852, 20.651157331767948]], [[-101.46732148525852, 20.651157331767948], [-101.46727832621926, 20.65115794912182]], [[-101.4672789820897, 20.65119857330439], [-101.46727832621926, 20.65115794912182]], [[-101.46727832621926, 20.65115794912182], [-101.4672351671784, 20.651158566464925]], [[-101.4672358230374, 20.651199190648814], [-101.4672351671784, 20.651158566464925]], [[-101.4672351671784, 20.651158566464925], [-101.46719200813598, 20.65115918379724]], [[-101.46719266398351, 20.651199807982458], [-101.46719200813598, 20.65115918379724]], [[-101.46719200813598, 20.65115918379724], [-101.46714884909196, 20.65115980111879]], [[-101.46714950492806, 20.651200425305333], [-101.46714884909196, 20.65115980111879]], [[-101.46714884909196, 20.65115980111879], [-101.46710569004635, 20.651160418429566]], [[-101.46710634587102, 20.651201042617426], [-101.46710569004635, 20.651160418429566]], [[-101.46710569004635, 20.651160418429566], [-101.46706253099917, 20.651161035729565]], [[-101.46706318681238, 20.651201659918748], [-101.46706253099917, 20.651161035729565]], [[-101.46706253099917, 20.651161035729565], [-101.46701937195041, 20.65116165301879]], [[-101.46702002775218, 20.651202277209297], [-101.46701937195041, 20.65116165301879]], [[-101.46701937195041, 20.65116165301879], [-101.46697621290006, 20.651162270297238]], [[-101.46697686869038, 20.65120289448907], [-101.46697621290006, 20.651162270297238]], [[-101.46697621290006, 20.651162270297238], [-101.46693305384814, 20.65116288756492]], [[-101.46693370962701, 20.651203511758066], [-101.46693305384814, 20.65116288756492]], [[-101.46693305384814, 20.65116288756492], [-101.46688989479462, 20.651163504821817]], [[-101.46689055056206, 20.651204129016286], [-101.46688989479462, 20.651163504821817]], [[-101.46688989479462, 20.651163504821817], [-101.46684673573952, 20.651164122067936]], [[-101.46684739149552, 20.651204746263733], [-101.46684673573952, 20.651164122067936]], [[-101.46684673573952, 20.651164122067936], [-101.46680357668286, 20.651164739303287]], [[-101.46680423242739, 20.65120536350041], [-101.46680357668286, 20.651164739303287]], [[-101.46680357668286, 20.651164739303287], [-101.4667604176246, 20.651165356527862]], [[-101.4667610733577, 20.651205980726306], [-101.4667604176246, 20.651165356527862]], [[-101.4667604176246, 20.651165356527862], [-101.46671725856477, 20.65116597374167]], [[-101.46671791428642, 20.651206597941425], [-101.46671725856477, 20.65116597374167]], [[-101.46671725856477, 20.65116597374167], [-101.46667409950335, 20.651166590944694]], [[-101.46667475521355, 20.651207215145778], [-101.46667409950335, 20.651166590944694]], [[-101.46667409950335, 20.651166590944694], [-101.46663094044034, 20.651167208136943]], [[-101.46663159613911, 20.65120783233934], [-101.46663094044034, 20.651167208136943]], [[-101.46663094044034, 20.651167208136943], [-101.46658778137576, 20.651167825318417]], [[-101.46658843706308, 20.651208449522148], [-101.46658778137576, 20.651167825318417]], [[-101.46658778137576, 20.651167825318417], [-101.46654462230958, 20.651168442489116]], [[-101.46654527798546, 20.65120906669417], [-101.46654462230958, 20.651168442489116]], [[-101.46654462230958, 20.651168442489116], [-101.46650146324184, 20.651169059649042]], [[-101.46650211890628, 20.65120968385542], [-101.46650146324184, 20.651169059649042]], [[-101.46650146324184, 20.651169059649042], [-101.46645830417252, 20.651169676798194]], [[-101.4664589598255, 20.65121030100589], [-101.46645830417252, 20.651169676798194]], [[-101.46645830417252, 20.651169676798194], [-101.4664151451016, 20.65117029393657]], [[-101.46641580074315, 20.651210918145583], [-101.4664151451016, 20.65117029393657]], [[-101.4664151451016, 20.65117029393657], [-101.46637198602912, 20.65117091106417]], [[-101.4663726416592, 20.65121153527451], [-101.46637198602912, 20.65117091106417]], [[-101.46637198602912, 20.65117091106417], [-101.46632882695503, 20.651171528181]], [[-101.4663294825737, 20.65121215239266], [-101.46632882695503, 20.651171528181]], [[-101.46632882695503, 20.651171528181], [-101.46628566787938, 20.651172145287056]], [[-101.46628632348659, 20.651212769500034], [-101.46628566787938, 20.651172145287056]], [[-101.46628566787938, 20.651172145287056], [-101.46624250880215, 20.65117276238233]], [[-101.4662431643979, 20.651213386596634], [-101.46624250880215, 20.65117276238233]], [[-101.46624250880215, 20.65117276238233], [-101.46619934972331, 20.65117337946683]], [[-101.46620000530764, 20.65121400368246], [-101.46619934972331, 20.65117337946683]], [[-101.46619934972331, 20.65117337946683], [-101.46615619064292, 20.651173996540553]], [[-101.4661568462158, 20.651214620757504], [-101.46615619064292, 20.651173996540553]], [[-101.46615619064292, 20.651173996540553], [-101.46611303156094, 20.651174613603512]], [[-101.46611368712236, 20.65121523782178], [-101.46611303156094, 20.651174613603512]], [[-101.46611303156094, 20.651174613603512], [-101.46606987247738, 20.65117523065569]], [[-101.46607052802736, 20.651215854875282], [-101.46606987247738, 20.65117523065569]], [[-101.46606987247738, 20.65117523065569], [-101.46602671339222, 20.65117584769709]], [[-101.46602736893077, 20.65121647191801], [-101.46602671339222, 20.65117584769709]], [[-101.46602671339222, 20.65117584769709], [-101.4659835543055, 20.651176464727715]], [[-101.46598420983258, 20.651217088949956], [-101.4659835543055, 20.651176464727715]], [[-101.4659835543055, 20.651176464727715], [-101.46594039521719, 20.651177081747573]], [[-101.46594105073284, 20.65121770597113], [-101.46594039521719, 20.651177081747573]], [[-101.46594039521719, 20.651177081747573], [-101.4658972361273, 20.65117769875665]], [[-101.4658978916315, 20.651218322981524], [-101.4658972361273, 20.65117769875665]], [[-101.4658972361273, 20.65117769875665], [-101.46585407703583, 20.65117831575495]], [[-101.46585473252858, 20.65121893998115], [-101.46585407703583, 20.65117831575495]], [[-101.46585407703583, 20.65117831575495], [-101.46581091794278, 20.65117893274248]], [[-101.46581157342409, 20.651219556970002], [-101.46581091794278, 20.65117893274248]], [[-101.46581091794278, 20.65117893274248], [-101.46576775884814, 20.651179549719235]], [[-101.465768414318, 20.65122017394808], [-101.46576775884814, 20.651179549719235]], [[-101.46576775884814, 20.651179549719235], [-101.46572459975192, 20.65118016668521]], [[-101.46572525521034, 20.651220790915378], [-101.46572459975192, 20.65118016668521]], [[-101.46572459975192, 20.65118016668521], [-101.46568144065411, 20.651180783640413]], [[-101.4656820961011, 20.6512214078719], [-101.46568144065411, 20.651180783640413]], [[-101.46568144065411, 20.651180783640413], [-101.46563828155473, 20.651181400584843]], [[-101.46563893699027, 20.651222024817653], [-101.46563828155473, 20.651181400584843]], [[-101.46801202967164, 20.651147452640593], [-101.46801137360823, 20.651106828480295]], [[-101.46801137360823, 20.651106828480295], [-101.46796821460573, 20.651107446005245]], [[-101.46796887065769, 20.651148070166865], [-101.46796821460573, 20.651107446005245]], [[-101.46796821460573, 20.651107446005245], [-101.46792505560164, 20.651108063519416]], [[-101.46792571164215, 20.651148687682362], [-101.46792505560164, 20.651108063519416]], [[-101.46792505560164, 20.651108063519416], [-101.46788189659598, 20.65110868102282]], [[-101.46788255262504, 20.651149305187076], [-101.46788189659598, 20.65110868102282]], [[-101.46788189659598, 20.65110868102282], [-101.46783873758872, 20.65110929851544]], [[-101.46783939360634, 20.65114992268103], [-101.46783873758872, 20.65110929851544]], [[-101.46783873758872, 20.65110929851544], [-101.46779557857988, 20.651109915997285]], [[-101.46779623458606, 20.6511505401642], [-101.46779557857988, 20.651109915997285]], [[-101.46779557857988, 20.651109915997285], [-101.46775241956946, 20.65111053346836]], [[-101.4677530755642, 20.651151157636594], [-101.46775241956946, 20.65111053346836]], [[-101.46775241956946, 20.65111053346836], [-101.46770926055746, 20.65111115092866]], [[-101.46770991654076, 20.651151775098217], [-101.46770926055746, 20.65111115092866]], [[-101.46770926055746, 20.65111115092866], [-101.46766610154388, 20.65111176837819]], [[-101.46766675751573, 20.651152392549065], [-101.46766610154388, 20.65111176837819]], [[-101.46766610154388, 20.65111176837819], [-101.46762294252872, 20.651112385816937]], [[-101.46762359848911, 20.651153009989137], [-101.46762294252872, 20.651112385816937]], [[-101.46762294252872, 20.651112385816937], [-101.46757978351197, 20.65111300324491]], [[-101.46758043946093, 20.651153627418438], [-101.46757978351197, 20.65111300324491]], [[-101.46757978351197, 20.65111300324491], [-101.46753662449363, 20.65111362066211]], [[-101.46753728043116, 20.651154244836956], [-101.46753662449363, 20.65111362066211]], [[-101.46753662449363, 20.65111362066211], [-101.46749346547372, 20.651114238068534]], [[-101.46749412139978, 20.651154862244702], [-101.46749346547372, 20.651114238068534]], [[-101.46749346547372, 20.651114238068534], [-101.46745030645222, 20.651114855464183]], [[-101.46745096236684, 20.65115547964168], [-101.46745030645222, 20.651114855464183]], [[-101.46745030645222, 20.651114855464183], [-101.46740714742914, 20.65111547284906]], [[-101.46740780333232, 20.651156097027876], [-101.46740714742914, 20.65111547284906]], [[-101.46740714742914, 20.65111547284906], [-101.46736398840449, 20.65111609022316]], [[-101.46736464429621, 20.6511567144033], [-101.46736398840449, 20.65111609022316]], [[-101.46736398840449, 20.65111609022316], [-101.46732082937824, 20.651116707586485]], [[-101.46732148525852, 20.651157331767948], [-101.46732082937824, 20.651116707586485]], [[-101.46732082937824, 20.651116707586485], [-101.46727767035041, 20.651117324939037]], [[-101.46727832621926, 20.65115794912182], [-101.46727767035041, 20.651117324939037]], [[-101.46727767035041, 20.651117324939037], [-101.46723451132101, 20.651117942280813]], [[-101.4672351671784, 20.651158566464925], [-101.46723451132101, 20.651117942280813]], [[-101.46723451132101, 20.651117942280813], [-101.46719135229002, 20.651118559611813]], [[-101.46719200813598, 20.65115918379724], [-101.46719135229002, 20.651118559611813]], [[-101.46719135229002, 20.651118559611813], [-101.46714819325744, 20.651119176932045]], [[-101.46714884909196, 20.65115980111879], [-101.46714819325744, 20.651119176932045]], [[-101.46714819325744, 20.651119176932045], [-101.4671050342233, 20.651119794241495]], [[-101.46710569004635, 20.651160418429566], [-101.4671050342233, 20.651119794241495]], [[-101.4671050342233, 20.651119794241495], [-101.46706187518755, 20.65112041154017]], [[-101.46706253099917, 20.651161035729565], [-101.46706187518755, 20.65112041154017]], [[-101.46706187518755, 20.65112041154017], [-101.46701871615024, 20.651121028828072]], [[-101.46701937195041, 20.65116165301879], [-101.46701871615024, 20.651121028828072]], [[-101.46701871615024, 20.651121028828072], [-101.46697555711133, 20.6511216461052]], [[-101.46697621290006, 20.651162270297238], [-101.46697555711133, 20.6511216461052]], [[-101.46697555711133, 20.6511216461052], [-101.46693239807085, 20.651122263371544]], [[-101.46693305384814, 20.65116288756492], [-101.46693239807085, 20.651122263371544]], [[-101.46693239807085, 20.651122263371544], [-101.46688923902877, 20.65112288062713]], [[-101.46688989479462, 20.651163504821817], [-101.46688923902877, 20.65112288062713]], [[-101.46688923902877, 20.65112288062713], [-101.46684607998513, 20.651123497871932]], [[-101.46684673573952, 20.651164122067936], [-101.46684607998513, 20.651123497871932]], [[-101.46684607998513, 20.651123497871932], [-101.4668029209399, 20.65112411510596]], [[-101.46680357668286, 20.651164739303287], [-101.4668029209399, 20.65112411510596]], [[-101.4668029209399, 20.65112411510596], [-101.46675976189309, 20.651124732329215]], [[-101.4667604176246, 20.651165356527862], [-101.46675976189309, 20.651124732329215]], [[-101.46675976189309, 20.651124732329215], [-101.46671660284468, 20.65112534954169]], [[-101.46671725856477, 20.65116597374167], [-101.46671660284468, 20.65112534954169]], [[-101.46671660284468, 20.65112534954169], [-101.46667344379473, 20.651125966743393]], [[-101.46667409950335, 20.651166590944694], [-101.46667344379473, 20.651125966743393]], [[-101.46667344379473, 20.651125966743393], [-101.46663028474316, 20.65112658393432]], [[-101.46663094044034, 20.651167208136943], [-101.46663028474316, 20.65112658393432]], [[-101.46663028474316, 20.65112658393432], [-101.46658712569003, 20.651127201114477]], [[-101.46658778137576, 20.651167825318417], [-101.46658712569003, 20.651127201114477]], [[-101.46658712569003, 20.651127201114477], [-101.4665439666353, 20.651127818283854]], [[-101.46654462230958, 20.651168442489116], [-101.4665439666353, 20.651127818283854]], [[-101.4665439666353, 20.651127818283854], [-101.46650080757901, 20.65112843544246]], [[-101.46650146324184, 20.651169059649042], [-101.46650080757901, 20.65112843544246]], [[-101.46650080757901, 20.65112843544246], [-101.46645764852111, 20.65112905259029]], [[-101.46645830417252, 20.651169676798194], [-101.46645764852111, 20.65112905259029]], [[-101.46645764852111, 20.65112905259029], [-101.46641448946164, 20.651129669727343]], [[-101.4664151451016, 20.65117029393657], [-101.46641448946164, 20.651129669727343]], [[-101.46641448946164, 20.651129669727343], [-101.4663713304006, 20.651130286853622]], [[-101.46637198602912, 20.65117091106417], [-101.4663713304006, 20.651130286853622]], [[-101.4663713304006, 20.651130286853622], [-101.46632817133796, 20.651130903969133]], [[-101.46632882695503, 20.651171528181], [-101.46632817133796, 20.651130903969133]], [[-101.46632817133796, 20.651130903969133], [-101.46628501227376, 20.651131521073857]], [[-101.46628566787938, 20.651172145287056], [-101.46628501227376, 20.651131521073857]], [[-101.46628501227376, 20.651131521073857], [-101.46624185320796, 20.65113213816781]], [[-101.46624250880215, 20.65117276238233], [-101.46624185320796, 20.65113213816781]], [[-101.46624185320796, 20.65113213816781], [-101.46619869414057, 20.651132755250995]], [[-101.46619934972331, 20.65117337946683], [-101.46619869414057, 20.651132755250995]], [[-101.46619869414057, 20.651132755250995], [-101.46615553507164, 20.651133372323397]], [[-101.46615619064292, 20.651173996540553], [-101.46615553507164, 20.651133372323397]], [[-101.46615553507164, 20.651133372323397], [-101.46611237600108, 20.65113398938503]], [[-101.46611303156094, 20.651174613603512], [-101.46611237600108, 20.65113398938503]], [[-101.46611237600108, 20.65113398938503], [-101.46606921692897, 20.651134606435882]], [[-101.46606987247738, 20.65117523065569], [-101.46606921692897, 20.651134606435882]], [[-101.46606921692897, 20.651134606435882], [-101.46602605785526, 20.65113522347596]], [[-101.46602671339222, 20.65117584769709], [-101.46602605785526, 20.65113522347596]], [[-101.46602605785526, 20.65113522347596], [-101.46598289877998, 20.65113584050527]], [[-101.4659835543055, 20.651176464727715], [-101.46598289877998, 20.65113584050527]], [[-101.46598289877998, 20.65113584050527], [-101.46593973970312, 20.6511364575238]], [[-101.46594039521719, 20.651177081747573], [-101.46593973970312, 20.6511364575238]], [[-101.46593973970312, 20.6511364575238], [-101.46589658062467, 20.651137074531555]], [[-101.4658972361273, 20.65117769875665], [-101.46589658062467, 20.651137074531555]], [[-101.46589658062467, 20.651137074531555], [-101.46585342154465, 20.65113769152854]], [[-101.46585407703583, 20.65117831575495], [-101.46585342154465, 20.65113769152854]], [[-101.46585342154465, 20.65113769152854], [-101.46581026246304, 20.651138308514746]], [[-101.46581091794278, 20.65117893274248], [-101.46581026246304, 20.651138308514746]], [[-101.46581026246304, 20.651138308514746], [-101.46576710337985, 20.651138925490176]], [[-101.46576775884814, 20.651179549719235], [-101.46576710337985, 20.651138925490176]], [[-101.46576710337985, 20.651138925490176], [-101.46572394429508, 20.651139542454832]], [[-101.46572459975192, 20.65118016668521], [-101.46572394429508, 20.651139542454832]], [[-101.46572394429508, 20.651139542454832], [-101.46568078520872, 20.651140159408715]], [[-101.46568144065411, 20.651180783640413], [-101.46568078520872, 20.651140159408715]], [[-101.46801137360823, 20.651106828480295], [-101.4680107175464, 20.65106620431979]], [[-101.4680107175464, 20.65106620431979], [-101.46796755855534, 20.651066821843415]], [[-101.46796821460573, 20.651107446005245], [-101.46796755855534, 20.651066821843415]], [[-101.46796755855534, 20.651066821843415], [-101.46792439956272, 20.651067439356265]], [[-101.46792505560164, 20.651108063519416], [-101.46792439956272, 20.651067439356265]], [[-101.46792439956272, 20.651067439356265], [-101.46788124056849, 20.651068056858342]], [[-101.46788189659598, 20.65110868102282], [-101.46788124056849, 20.651068056858342]], [[-101.46788124056849, 20.651068056858342], [-101.46783808157268, 20.651068674349638]], [[-101.46783873758872, 20.65110929851544], [-101.46783808157268, 20.651068674349638]], [[-101.46783808157268, 20.651068674349638], [-101.46779492257528, 20.651069291830165]], [[-101.46779557857988, 20.651109915997285], [-101.46779492257528, 20.651069291830165]], [[-101.46779492257528, 20.651069291830165], [-101.4677517635763, 20.651069909299917]], [[-101.46775241956946, 20.65111053346836], [-101.4677517635763, 20.651069909299917]], [[-101.4677517635763, 20.651069909299917], [-101.46770860457576, 20.65107052675889]], [[-101.46770926055746, 20.65111115092866], [-101.46770860457576, 20.65107052675889]], [[-101.46770860457576, 20.65107052675889], [-101.46766544557362, 20.651071144207094]], [[-101.46766610154388, 20.65111176837819], [-101.46766544557362, 20.651071144207094]], [[-101.46766544557362, 20.651071144207094], [-101.46762228656989, 20.65107176164452]], [[-101.46762294252872, 20.651112385816937], [-101.46762228656989, 20.65107176164452]], [[-101.46762228656989, 20.65107176164452], [-101.46757912756459, 20.65107237907117]], [[-101.46757978351197, 20.65111300324491], [-101.46757912756459, 20.65107237907117]], [[-101.46757912756459, 20.65107237907117], [-101.4675359685577, 20.651072996487052]], [[-101.46753662449363, 20.65111362066211], [-101.4675359685577, 20.651072996487052]], [[-101.4675359685577, 20.651072996487052], [-101.46749280954923, 20.65107361389215]], [[-101.46749346547372, 20.651114238068534], [-101.46749280954923, 20.65107361389215]], [[-101.46749280954923, 20.65107361389215], [-101.46744965053918, 20.651074231286476]], [[-101.46745030645222, 20.651114855464183], [-101.46744965053918, 20.651074231286476]], [[-101.46744965053918, 20.651074231286476], [-101.46740649152754, 20.651074848670035]], [[-101.46740714742914, 20.65111547284906], [-101.46740649152754, 20.651074848670035]], [[-101.46740649152754, 20.651074848670035], [-101.46736333251432, 20.651075466042812]], [[-101.46736398840449, 20.65111609022316], [-101.46736333251432, 20.651075466042812]], [[-101.46736333251432, 20.651075466042812], [-101.46732017349953, 20.651076083404817]], [[-101.46732082937824, 20.651116707586485], [-101.46732017349953, 20.651076083404817]], [[-101.46732017349953, 20.651076083404817], [-101.46727701448314, 20.651076700756043]], [[-101.46727767035041, 20.651117324939037], [-101.46727701448314, 20.651076700756043]], [[-101.46727701448314, 20.651076700756043], [-101.46723385546518, 20.651077318096497]], [[-101.46723451132101, 20.651117942280813], [-101.46723385546518, 20.651077318096497]], [[-101.46723385546518, 20.651077318096497], [-101.46719069644563, 20.65107793542618]], [[-101.46719135229002, 20.651118559611813], [-101.46719069644563, 20.65107793542618]], [[-101.46719069644563, 20.65107793542618], [-101.46714753742451, 20.65107855274508]], [[-101.46714819325744, 20.651119176932045], [-101.46714753742451, 20.65107855274508]], [[-101.46714753742451, 20.65107855274508], [-101.4671043784018, 20.651079170053208]], [[-101.4671050342233, 20.651119794241495], [-101.4671043784018, 20.651079170053208]], [[-101.4671043784018, 20.651079170053208], [-101.4670612193775, 20.651079787350564]], [[-101.46706187518755, 20.65112041154017], [-101.4670612193775, 20.651079787350564]], [[-101.4670612193775, 20.651079787350564], [-101.46701806035163, 20.651080404637145]], [[-101.46701871615024, 20.651121028828072], [-101.46701806035163, 20.651080404637145]], [[-101.46701806035163, 20.651080404637145], [-101.46697490132418, 20.651081021912947]], [[-101.46697555711133, 20.6511216461052], [-101.46697490132418, 20.651081021912947]], [[-101.46697490132418, 20.651081021912947], [-101.46693174229513, 20.651081639177978]], [[-101.46693239807085, 20.651122263371544], [-101.46693174229513, 20.651081639177978]], [[-101.46693174229513, 20.651081639177978], [-101.46688858326452, 20.65108225643224]], [[-101.46688923902877, 20.65112288062713], [-101.46688858326452, 20.65108225643224]], [[-101.46688858326452, 20.65108225643224], [-101.46684542423232, 20.651082873675712]], [[-101.46684607998513, 20.651123497871932], [-101.46684542423232, 20.651082873675712]], [[-101.46684542423232, 20.651082873675712], [-101.46680226519852, 20.651083490908423]], [[-101.4668029209399, 20.65112411510596], [-101.46680226519852, 20.651083490908423]], [[-101.46680226519852, 20.651083490908423], [-101.46675910616315, 20.651084108130355]], [[-101.46675976189309, 20.651124732329215], [-101.46675910616315, 20.651084108130355]], [[-101.46675910616315, 20.651084108130355], [-101.4667159471262, 20.65108472534151]], [[-101.46671660284468, 20.65112534954169], [-101.4667159471262, 20.65108472534151]], [[-101.4667159471262, 20.65108472534151], [-101.46667278808768, 20.651085342541883]], [[-101.46667344379473, 20.651125966743393], [-101.46667278808768, 20.651085342541883]], [[-101.46667278808768, 20.651085342541883], [-101.46662962904756, 20.651085959731493]], [[-101.46663028474316, 20.65112658393432], [-101.46662962904756, 20.651085959731493]], [[-101.46662962904756, 20.651085959731493], [-101.46658647000586, 20.651086576910323]], [[-101.46658712569003, 20.651127201114477], [-101.46658647000586, 20.651086576910323]], [[-101.46658647000586, 20.651086576910323], [-101.46654331096259, 20.65108719407838]], [[-101.4665439666353, 20.651127818283854], [-101.46654331096259, 20.65108719407838]], [[-101.46654331096259, 20.65108719407838], [-101.46650015191773, 20.651087811235666]], [[-101.46650080757901, 20.65112843544246], [-101.46650015191773, 20.651087811235666]], [[-101.46650015191773, 20.651087811235666], [-101.46645699287129, 20.651088428382174]], [[-101.46645764852111, 20.65112905259029], [-101.46645699287129, 20.651088428382174]], [[-101.46645699287129, 20.651088428382174], [-101.46641383382327, 20.651089045517903]], [[-101.46641448946164, 20.651129669727343], [-101.46641383382327, 20.651089045517903]], [[-101.46641383382327, 20.651089045517903], [-101.46637067477367, 20.651089662642864]], [[-101.4663713304006, 20.651130286853622], [-101.46637067477367, 20.651089662642864]], [[-101.46637067477367, 20.651089662642864], [-101.46632751572248, 20.651090279757046]], [[-101.46632817133796, 20.651130903969133], [-101.46632751572248, 20.651090279757046]], [[-101.46632751572248, 20.651090279757046], [-101.46628435666972, 20.651090896860456]], [[-101.46628501227376, 20.651131521073857], [-101.46628435666972, 20.651090896860456]], [[-101.46628435666972, 20.651090896860456], [-101.46624119761536, 20.65109151395309]], [[-101.46624185320796, 20.65113213816781], [-101.46624119761536, 20.65109151395309]], [[-101.46624119761536, 20.65109151395309], [-101.46619803855943, 20.651092131034943]], [[-101.46619869414057, 20.651132755250995], [-101.46619803855943, 20.651092131034943]], [[-101.46619803855943, 20.651092131034943], [-101.46615487950193, 20.65109274810603]], [[-101.46615553507164, 20.651133372323397], [-101.46615487950193, 20.65109274810603]], [[-101.46615487950193, 20.65109274810603], [-101.46611172044283, 20.65109336516634]], [[-101.46611237600108, 20.65113398938503], [-101.46611172044283, 20.65109336516634]], [[-101.46611172044283, 20.65109336516634], [-101.46606856138214, 20.65109398221587]], [[-101.46606921692897, 20.651134606435882], [-101.46606856138214, 20.65109398221587]], [[-101.46606856138214, 20.65109398221587], [-101.4660254023199, 20.651094599254627]], [[-101.46602605785526, 20.65113522347596], [-101.4660254023199, 20.651094599254627]], [[-101.4660254023199, 20.651094599254627], [-101.46598224325605, 20.651095216282613]], [[-101.46598289877998, 20.65113584050527], [-101.46598224325605, 20.651095216282613]], [[-101.46598224325605, 20.651095216282613], [-101.46593908419062, 20.651095833299824]], [[-101.46593973970312, 20.6511364575238], [-101.46593908419062, 20.651095833299824]], [[-101.46593908419062, 20.651095833299824], [-101.46589592512363, 20.651096450306255]], [[-101.46589658062467, 20.651137074531555], [-101.46589592512363, 20.651096450306255]], [[-101.46589592512363, 20.651096450306255], [-101.46585276605505, 20.651097067301915]], [[-101.46585342154465, 20.65113769152854], [-101.46585276605505, 20.651097067301915]], [[-101.46585276605505, 20.651097067301915], [-101.46580960698489, 20.651097684286803]], [[-101.46581026246304, 20.651138308514746], [-101.46580960698489, 20.651097684286803]], [[-101.46580960698489, 20.651097684286803], [-101.46576644791314, 20.651098301260912]], [[-101.46576710337985, 20.651138925490176], [-101.46576644791314, 20.651098301260912]], [[-101.46576644791314, 20.651098301260912], [-101.4657232888398, 20.651098918224246]], [[-101.46572394429508, 20.651139542454832], [-101.4657232888398, 20.651098918224246]], [[-101.4680107175464, 20.65106620431979], [-101.46801006148617, 20.651025580159065]], [[-101.46801006148617, 20.651025580159065], [-101.46796690250656, 20.65102619768137]], [[-101.46796755855534, 20.651066821843415], [-101.46796690250656, 20.65102619768137]], [[-101.46796690250656, 20.65102619768137], [-101.46792374352536, 20.651026815192896]], [[-101.46792439956272, 20.651067439356265], [-101.46792374352536, 20.651026815192896]], [[-101.46792374352536, 20.651026815192896], [-101.46788058454258, 20.651027432693656]], [[-101.46788124056849, 20.651068056858342], [-101.46788058454258, 20.651027432693656]], [[-101.46788058454258, 20.651027432693656], [-101.46783742555822, 20.65102805018363]], [[-101.46783808157268, 20.651068674349638], [-101.46783742555822, 20.65102805018363]], [[-101.46783742555822, 20.65102805018363], [-101.46779426657227, 20.651028667662832]], [[-101.46779492257528, 20.651069291830165], [-101.46779426657227, 20.651028667662832]], [[-101.46779426657227, 20.651028667662832], [-101.46775110758475, 20.651029285131262]], [[-101.4677517635763, 20.651069909299917], [-101.46775110758475, 20.651029285131262]], [[-101.46775110758475, 20.651029285131262], [-101.46770794859563, 20.651029902588917]], [[-101.46770860457576, 20.65107052675889], [-101.46770794859563, 20.651029902588917]], [[-101.46770794859563, 20.651029902588917], [-101.46766478960494, 20.65103052003579]], [[-101.46766544557362, 20.651071144207094], [-101.46766478960494, 20.65103052003579]], [[-101.46766478960494, 20.65103052003579], [-101.46762163061265, 20.651031137471897]], [[-101.46762228656989, 20.65107176164452], [-101.46762163061265, 20.651031137471897]], [[-101.46762163061265, 20.651031137471897], [-101.4675784716188, 20.65103175489723]], [[-101.46757912756459, 20.65107237907117], [-101.4675784716188, 20.65103175489723]], [[-101.4675784716188, 20.65103175489723], [-101.46753531262334, 20.65103237231178]], [[-101.4675359685577, 20.651072996487052], [-101.46753531262334, 20.65103237231178]], [[-101.46753531262334, 20.65103237231178], [-101.46749215362632, 20.65103298971556]], [[-101.46749280954923, 20.65107361389215], [-101.46749215362632, 20.65103298971556]], [[-101.46749215362632, 20.65103298971556], [-101.46744899462772, 20.651033607108566]], [[-101.46744965053918, 20.651074231286476], [-101.46744899462772, 20.651033607108566]], [[-101.46744899462772, 20.651033607108566], [-101.46740583562753, 20.651034224490797]], [[-101.46740649152754, 20.651074848670035], [-101.46740583562753, 20.651034224490797]], [[-101.46740583562753, 20.651034224490797], [-101.46736267662575, 20.651034841862256]], [[-101.46736333251432, 20.651075466042812], [-101.46736267662575, 20.651034841862256]], [[-101.46736267662575, 20.651034841862256], [-101.4673195176224, 20.651035459222935]], [[-101.46732017349953, 20.651076083404817], [-101.4673195176224, 20.651035459222935]], [[-101.4673195176224, 20.651035459222935], [-101.46727635861747, 20.651036076572836]], [[-101.46727701448314, 20.651076700756043], [-101.46727635861747, 20.651036076572836]], [[-101.46727635861747, 20.651036076572836], [-101.46723319961094, 20.65103669391197]], [[-101.46723385546518, 20.651077318096497], [-101.46723319961094, 20.65103669391197]], [[-101.46723319961094, 20.65103669391197], [-101.46719004060284, 20.651037311240323]], [[-101.46719069644563, 20.65107793542618], [-101.46719004060284, 20.651037311240323]], [[-101.46719004060284, 20.651037311240323], [-101.46714688159315, 20.65103792855791]], [[-101.46714753742451, 20.65107855274508], [-101.46714688159315, 20.65103792855791]], [[-101.46714688159315, 20.65103792855791], [-101.4671037225819, 20.65103854586471]], [[-101.4671043784018, 20.651079170053208], [-101.4671037225819, 20.65103854586471]], [[-101.4671037225819, 20.65103854586471], [-101.46706056356905, 20.651039163160743]], [[-101.4670612193775, 20.651079787350564], [-101.46706056356905, 20.651039163160743]], [[-101.46706056356905, 20.651039163160743], [-101.46701740455462, 20.651039780446002]], [[-101.46701806035163, 20.651080404637145], [-101.46701740455462, 20.651039780446002]], [[-101.46701740455462, 20.651039780446002], [-101.4669742455386, 20.651040397720486]], [[-101.46697490132418, 20.651081021912947], [-101.4669742455386, 20.651040397720486]], [[-101.4669742455386, 20.651040397720486], [-101.46693108652102, 20.651041014984187]], [[-101.46693174229513, 20.651081639177978], [-101.46693108652102, 20.651041014984187]], [[-101.46693108652102, 20.651041014984187], [-101.46688792750183, 20.651041632237128]], [[-101.46688858326452, 20.65108225643224], [-101.46688792750183, 20.651041632237128]], [[-101.46688792750183, 20.651041632237128], [-101.46684476848107, 20.651042249479286]], [[-101.46684542423232, 20.651082873675712], [-101.46684476848107, 20.651042249479286]], [[-101.46684476848107, 20.651042249479286], [-101.46680160945873, 20.651042866710668]], [[-101.46680226519852, 20.651083490908423], [-101.46680160945873, 20.651042866710668]], [[-101.46680160945873, 20.651042866710668], [-101.4667584504348, 20.651043483931275]], [[-101.46675910616315, 20.651084108130355], [-101.4667584504348, 20.651043483931275]], [[-101.4667584504348, 20.651043483931275], [-101.4667152914093, 20.65104410114111]], [[-101.4667159471262, 20.65108472534151], [-101.4667152914093, 20.65104410114111]], [[-101.4667152914093, 20.65104410114111], [-101.46667213238221, 20.65104471834017]], [[-101.46667278808768, 20.651085342541883], [-101.46667213238221, 20.65104471834017]], [[-101.46667213238221, 20.65104471834017], [-101.46662897335355, 20.651045335528462]], [[-101.46662962904756, 20.651085959731493], [-101.46662897335355, 20.651045335528462]], [[-101.46662897335355, 20.651045335528462], [-101.4665858143233, 20.651045952705964]], [[-101.46658647000586, 20.651086576910323], [-101.4665858143233, 20.651045952705964]], [[-101.4665858143233, 20.651045952705964], [-101.46654265529146, 20.6510465698727]], [[-101.46654331096259, 20.65108719407838], [-101.46654265529146, 20.6510465698727]], [[-101.46654265529146, 20.6510465698727], [-101.46649949625805, 20.651047187028663]], [[-101.46650015191773, 20.651087811235666], [-101.46649949625805, 20.651047187028663]], [[-101.46649949625805, 20.651047187028663], [-101.46645633722305, 20.651047804173842]], [[-101.46645699287129, 20.651088428382174], [-101.46645633722305, 20.651047804173842]], [[-101.46645633722305, 20.651047804173842], [-101.46641317818647, 20.651048421308253]], [[-101.46641383382327, 20.651089045517903], [-101.46641317818647, 20.651048421308253]], [[-101.46641317818647, 20.651048421308253], [-101.46637001914831, 20.65104903843189]], [[-101.46637067477367, 20.651089662642864], [-101.46637001914831, 20.65104903843189]], [[-101.46637001914831, 20.65104903843189], [-101.46632686010858, 20.65104965554475]], [[-101.46632751572248, 20.651090279757046], [-101.46632686010858, 20.65104965554475]], [[-101.46632686010858, 20.65104965554475], [-101.46628370106725, 20.651050272646835]], [[-101.46628435666972, 20.651090896860456], [-101.46628370106725, 20.651050272646835]], [[-101.46628370106725, 20.651050272646835], [-101.46624054202434, 20.651050889738148]], [[-101.46624119761536, 20.65109151395309], [-101.46624054202434, 20.651050889738148]], [[-101.46624054202434, 20.651050889738148], [-101.46619738297986, 20.65105150681869]], [[-101.46619803855943, 20.651092131034943], [-101.46619738297986, 20.65105150681869]], [[-101.46619738297986, 20.65105150681869], [-101.46615422393378, 20.651052123888448]], [[-101.46615487950193, 20.65109274810603], [-101.46615422393378, 20.651052123888448]], [[-101.46615422393378, 20.651052123888448], [-101.46611106488615, 20.65105274094743]], [[-101.46611172044283, 20.65109336516634], [-101.46611106488615, 20.65105274094743]], [[-101.46611106488615, 20.65105274094743], [-101.46606790583691, 20.651053357995647]], [[-101.46606856138214, 20.65109398221587], [-101.46606790583691, 20.651053357995647]], [[-101.46606790583691, 20.651053357995647], [-101.4660247467861, 20.65105397503308]], [[-101.4660254023199, 20.651094599254627], [-101.4660247467861, 20.65105397503308]], [[-101.4660247467861, 20.65105397503308], [-101.46598158773371, 20.65105459205974]], [[-101.46598224325605, 20.651095216282613], [-101.46598158773371, 20.65105459205974]], [[-101.46598158773371, 20.65105459205974], [-101.46593842867972, 20.651055209075633]], [[-101.46593908419062, 20.651095833299824], [-101.46593842867972, 20.651055209075633]], [[-101.46593842867972, 20.651055209075633], [-101.46589526962417, 20.651055826080743]], [[-101.46589592512363, 20.651096450306255], [-101.46589526962417, 20.651055826080743]], [[-101.46589526962417, 20.651055826080743], [-101.46585211056703, 20.65105644307508]], [[-101.46585276605505, 20.651097067301915], [-101.46585211056703, 20.65105644307508]], [[-101.46585211056703, 20.65105644307508], [-101.46580895150831, 20.651057060058644]], [[-101.46580960698489, 20.651097684286803], [-101.46580895150831, 20.651057060058644]], [[-101.46580895150831, 20.651057060058644], [-101.46576579244801, 20.65105767703143]], [[-101.46576644791314, 20.651098301260912], [-101.46576579244801, 20.65105767703143]], [[-101.46801006148617, 20.651025580159065], [-101.46800940542752, 20.650984955998137]], [[-101.46800940542752, 20.650984955998137], [-101.46796624645934, 20.65098557351912]], [[-101.46796690250656, 20.65102619768137], [-101.46796624645934, 20.65098557351912]], [[-101.46796624645934, 20.65098557351912], [-101.4679230874896, 20.650986191029325]], [[-101.46792374352536, 20.651026815192896], [-101.4679230874896, 20.650986191029325]], [[-101.4679230874896, 20.650986191029325], [-101.46787992851826, 20.650986808528753]], [[-101.46788058454258, 20.651027432693656], [-101.46787992851826, 20.650986808528753]], [[-101.46787992851826, 20.650986808528753], [-101.46783676954534, 20.65098742601741]], [[-101.46783742555822, 20.65102805018363], [-101.46783676954534, 20.65098742601741]], [[-101.46783676954534, 20.65098742601741], [-101.46779361057084, 20.650988043495285]], [[-101.46779426657227, 20.651028667662832], [-101.46779361057084, 20.650988043495285]], [[-101.46779361057084, 20.650988043495285], [-101.46775045159475, 20.650988660962394]], [[-101.46775110758475, 20.651029285131262], [-101.46775045159475, 20.650988660962394]], [[-101.46775045159475, 20.650988660962394], [-101.46770729261708, 20.65098927841872]], [[-101.46770794859563, 20.651029902588917], [-101.46770729261708, 20.65098927841872]], [[-101.46770729261708, 20.65098927841872], [-101.46766413363784, 20.650989895864278]], [[-101.46766478960494, 20.65103052003579], [-101.46766413363784, 20.650989895864278]], [[-101.46766413363784, 20.650989895864278], [-101.467620974657, 20.65099051329906]], [[-101.46762163061265, 20.651031137471897], [-101.467620974657, 20.65099051329906]], [[-101.467620974657, 20.65099051329906], [-101.46757781567459, 20.650991130723067]], [[-101.4675784716188, 20.65103175489723], [-101.46757781567459, 20.650991130723067]], [[-101.46757781567459, 20.650991130723067], [-101.46753465669057, 20.650991748136295]], [[-101.46753531262334, 20.65103237231178], [-101.46753465669057, 20.650991748136295]], [[-101.46753465669057, 20.650991748136295], [-101.467491497705, 20.65099236553876]], [[-101.46749215362632, 20.65103298971556], [-101.467491497705, 20.65099236553876]], [[-101.467491497705, 20.65099236553876], [-101.46744833871783, 20.65099298293044]], [[-101.46744899462772, 20.651033607108566], [-101.46744833871783, 20.65099298293044]], [[-101.46744833871783, 20.65099298293044], [-101.46740517972908, 20.650993600311345]], [[-101.46740583562753, 20.651034224490797], [-101.46740517972908, 20.650993600311345]], [[-101.46740517972908, 20.650993600311345], [-101.46736202073878, 20.650994217681482]], [[-101.46736267662575, 20.651034841862256], [-101.46736202073878, 20.650994217681482]], [[-101.46736202073878, 20.650994217681482], [-101.46731886174686, 20.650994835040837]], [[-101.4673195176224, 20.651035459222935], [-101.46731886174686, 20.650994835040837]], [[-101.46731886174686, 20.650994835040837], [-101.46727570275337, 20.650995452389424]], [[-101.46727635861747, 20.651036076572836], [-101.46727570275337, 20.650995452389424]], [[-101.46727570275337, 20.650995452389424], [-101.46723254375829, 20.650996069727228]], [[-101.46723319961094, 20.65103669391197], [-101.46723254375829, 20.650996069727228]], [[-101.46723254375829, 20.650996069727228], [-101.46718938476162, 20.650996687054267]], [[-101.46719004060284, 20.651037311240323], [-101.46718938476162, 20.650996687054267]], [[-101.46718938476162, 20.650996687054267], [-101.46714622576339, 20.650997304370524]], [[-101.46714688159315, 20.65103792855791], [-101.46714622576339, 20.650997304370524]], [[-101.46714622576339, 20.650997304370524], [-101.46710306676357, 20.650997921676005]], [[-101.4671037225819, 20.65103854586471], [-101.46710306676357, 20.650997921676005]], [[-101.46710306676357, 20.650997921676005], [-101.46705990776216, 20.650998538970722]], [[-101.46706056356905, 20.651039163160743], [-101.46705990776216, 20.650998538970722]], [[-101.46705990776216, 20.650998538970722], [-101.46701674875918, 20.65099915625465]], [[-101.46701740455462, 20.651039780446002], [-101.46701674875918, 20.65099915625465]], [[-101.46701674875918, 20.65099915625465], [-101.4669735897546, 20.650999773527815]], [[-101.4669742455386, 20.651040397720486], [-101.4669735897546, 20.650999773527815]], [[-101.4669735897546, 20.650999773527815], [-101.46693043074846, 20.6510003907902]], [[-101.46693108652102, 20.651041014984187], [-101.46693043074846, 20.6510003907902]], [[-101.46693043074846, 20.6510003907902], [-101.46688727174073, 20.65100100804181]], [[-101.46688792750183, 20.651041632237128], [-101.46688727174073, 20.65100100804181]], [[-101.46688727174073, 20.65100100804181], [-101.46684411273141, 20.651001625282646]], [[-101.46684476848107, 20.651042249479286], [-101.46684411273141, 20.651001625282646]], [[-101.46684411273141, 20.651001625282646], [-101.46680095372052, 20.65100224251271]], [[-101.46680160945873, 20.651042866710668], [-101.46680095372052, 20.65100224251271]], [[-101.46680095372052, 20.65100224251271], [-101.46675779470803, 20.651002859731996]], [[-101.4667584504348, 20.651043483931275], [-101.46675779470803, 20.651002859731996]], [[-101.46675779470803, 20.651002859731996], [-101.46671463569398, 20.651003476940506]], [[-101.4667152914093, 20.65104410114111], [-101.46671463569398, 20.651003476940506]], [[-101.46671463569398, 20.651003476940506], [-101.46667147667833, 20.651004094138244]], [[-101.46667213238221, 20.65104471834017], [-101.46667147667833, 20.651004094138244]], [[-101.46667147667833, 20.651004094138244], [-101.46662831766112, 20.651004711325204]], [[-101.46662897335355, 20.651045335528462], [-101.46662831766112, 20.651004711325204]], [[-101.46662831766112, 20.651004711325204], [-101.4665851586423, 20.651005328501395]], [[-101.4665858143233, 20.651045952705964], [-101.4665851586423, 20.651005328501395]], [[-101.4665851586423, 20.651005328501395], [-101.46654199962191, 20.651005945666803]], [[-101.46654265529146, 20.6510465698727], [-101.46654199962191, 20.651005945666803]], [[-101.46654199962191, 20.651005945666803], [-101.46649884059995, 20.65100656282144]], [[-101.46649949625805, 20.651047187028663], [-101.46649884059995, 20.65100656282144]], [[-101.46649884059995, 20.65100656282144], [-101.46645568157639, 20.6510071799653]], [[-101.46645633722305, 20.651047804173842], [-101.46645568157639, 20.6510071799653]], [[-101.46645568157639, 20.6510071799653], [-101.46641252255127, 20.65100779709839]], [[-101.46641317818647, 20.651048421308253], [-101.46641252255127, 20.65100779709839]], [[-101.46641252255127, 20.65100779709839], [-101.46636936352455, 20.651008414220705]], [[-101.46637001914831, 20.65104903843189], [-101.46636936352455, 20.651008414220705]], [[-101.46636936352455, 20.651008414220705], [-101.46632620449624, 20.651009031332244]], [[-101.46632686010858, 20.65104965554475], [-101.46632620449624, 20.651009031332244]], [[-101.46632620449624, 20.651009031332244], [-101.46628304546637, 20.65100964843301]], [[-101.46628370106725, 20.651050272646835], [-101.46628304546637, 20.65100964843301]], [[-101.46628304546637, 20.65100964843301], [-101.46623988643492, 20.651010265523]], [[-101.46624054202434, 20.651050889738148], [-101.46623988643492, 20.651010265523]], [[-101.46623988643492, 20.651010265523], [-101.46619672740187, 20.651010882602215]], [[-101.46619738297986, 20.65105150681869], [-101.46619672740187, 20.651010882602215]], [[-101.46619672740187, 20.651010882602215], [-101.46615356836723, 20.651011499670652]], [[-101.46615422393378, 20.651052123888448], [-101.46615356836723, 20.651011499670652]], [[-101.46615356836723, 20.651011499670652], [-101.46611040933104, 20.651012116728314]], [[-101.46611106488615, 20.65105274094743], [-101.46611040933104, 20.651012116728314]], [[-101.46611040933104, 20.651012116728314], [-101.46606725029325, 20.651012733775207]], [[-101.46606790583691, 20.651053357995647], [-101.46606725029325, 20.651012733775207]], [[-101.46606725029325, 20.651012733775207], [-101.46602409125389, 20.651013350811322]], [[-101.4660247467861, 20.65105397503308], [-101.46602409125389, 20.651013350811322]], [[-101.46602409125389, 20.651013350811322], [-101.46598093221293, 20.65101396783666]], [[-101.46598158773371, 20.65105459205974], [-101.46598093221293, 20.65101396783666]], [[-101.46598093221293, 20.65101396783666], [-101.46593777317041, 20.651014584851225]], [[-101.46593842867972, 20.651055209075633], [-101.46593777317041, 20.651014584851225]], [[-101.46593777317041, 20.651014584851225], [-101.46589461412628, 20.65101520185502]], [[-101.46589526962417, 20.651055826080743], [-101.46589461412628, 20.65101520185502]], [[-101.46589461412628, 20.65101520185502], [-101.46585145508058, 20.651015818848034]], [[-101.46585211056703, 20.65105644307508], [-101.46585145508058, 20.651015818848034]], [[-101.46585145508058, 20.651015818848034], [-101.46580829603332, 20.651016435830275]], [[-101.46580895150831, 20.651057060058644], [-101.46580829603332, 20.651016435830275]], [[-101.46800940542752, 20.650984955998137], [-101.46800874937044, 20.650944331836996]], [[-101.46800874937044, 20.650944331836996], [-101.46796559041373, 20.650944949356653]], [[-101.46796624645934, 20.65098557351912], [-101.46796559041373, 20.650944949356653]], [[-101.46796559041373, 20.650944949356653], [-101.4679224314554, 20.650945566865534]], [[-101.4679230874896, 20.650986191029325], [-101.4679224314554, 20.650945566865534]], [[-101.4679224314554, 20.650945566865534], [-101.46787927249552, 20.65094618436364]], [[-101.46787992851826, 20.650986808528753], [-101.46787927249552, 20.65094618436364]], [[-101.46787927249552, 20.65094618436364], [-101.46783611353403, 20.650946801850978]], [[-101.46783676954534, 20.65098742601741], [-101.46783611353403, 20.650946801850978]], [[-101.46783611353403, 20.650946801850978], [-101.46779295457098, 20.65094741932753]], [[-101.46779361057084, 20.650988043495285], [-101.46779295457098, 20.65094741932753]], [[-101.46779295457098, 20.65094741932753], [-101.46774979560634, 20.650948036793316]], [[-101.46775045159475, 20.650988660962394], [-101.46774979560634, 20.650948036793316]], [[-101.46774979560634, 20.650948036793316], [-101.46770663664012, 20.65094865424832]], [[-101.46770729261708, 20.65098927841872], [-101.46770663664012, 20.65094865424832]], [[-101.46770663664012, 20.65094865424832], [-101.46766347767232, 20.65094927169256]], [[-101.46766413363784, 20.650989895864278], [-101.46766347767232, 20.65094927169256]], [[-101.46766347767232, 20.65094927169256], [-101.46762031870291, 20.65094988912601]], [[-101.467620974657, 20.65099051329906], [-101.46762031870291, 20.65094988912601]], [[-101.46762031870291, 20.65094988912601], [-101.46757715973196, 20.650950506548696]], [[-101.46757781567459, 20.650991130723067], [-101.46757715973196, 20.650950506548696]], [[-101.46757715973196, 20.650950506548696], [-101.4675340007594, 20.650951123960606]], [[-101.46753465669057, 20.650991748136295], [-101.4675340007594, 20.650951123960606]], [[-101.4675340007594, 20.650951123960606], [-101.46749084178526, 20.65095174136174]], [[-101.467491497705, 20.65099236553876], [-101.46749084178526, 20.65095174136174]], [[-101.46749084178526, 20.65095174136174], [-101.46744768280954, 20.6509523587521]], [[-101.46744833871783, 20.65099298293044], [-101.46744768280954, 20.6509523587521]], [[-101.46744768280954, 20.6509523587521], [-101.46740452383224, 20.650952976131688]], [[-101.46740517972908, 20.650993600311345], [-101.46740452383224, 20.650952976131688]], [[-101.46740452383224, 20.650952976131688], [-101.46736136485336, 20.650953593500496]], [[-101.46736202073878, 20.650994217681482], [-101.46736136485336, 20.650953593500496]], [[-101.46736136485336, 20.650953593500496], [-101.4673182058729, 20.650954210858533]], [[-101.46731886174686, 20.650994835040837], [-101.4673182058729, 20.650954210858533]], [[-101.4673182058729, 20.650954210858533], [-101.46727504689085, 20.650954828205794]], [[-101.46727570275337, 20.650995452389424], [-101.46727504689085, 20.650954828205794]], [[-101.46727504689085, 20.650954828205794], [-101.4672318879072, 20.65095544554228]], [[-101.46723254375829, 20.650996069727228], [-101.4672318879072, 20.65095544554228]], [[-101.4672318879072, 20.65095544554228], [-101.467188728922, 20.65095606286799]], [[-101.46718938476162, 20.650996687054267], [-101.467188728922, 20.65095606286799]], [[-101.467188728922, 20.65095606286799], [-101.4671455699352, 20.65095668018293]], [[-101.46714622576339, 20.650997304370524], [-101.4671455699352, 20.65095668018293]], [[-101.4671455699352, 20.65095668018293], [-101.46710241094682, 20.65095729748709]], [[-101.46710306676357, 20.650997921676005], [-101.46710241094682, 20.65095729748709]], [[-101.46710241094682, 20.65095729748709], [-101.46705925195687, 20.650957914780477]], [[-101.46705990776216, 20.650998538970722], [-101.46705925195687, 20.650957914780477]], [[-101.46705925195687, 20.650957914780477], [-101.46701609296532, 20.65095853206309]], [[-101.46701674875918, 20.65099915625465], [-101.46701609296532, 20.65095853206309]], [[-101.46701609296532, 20.65095853206309], [-101.4669729339722, 20.650959149334927]], [[-101.4669735897546, 20.650999773527815], [-101.4669729339722, 20.650959149334927]], [[-101.4669729339722, 20.650959149334927], [-101.4669297749775, 20.650959766595992]], [[-101.46693043074846, 20.6510003907902], [-101.4669297749775, 20.650959766595992]], [[-101.4669297749775, 20.650959766595992], [-101.46688661598121, 20.65096038384628]], [[-101.46688727174073, 20.65100100804181], [-101.46688661598121, 20.65096038384628]], [[-101.46688661598121, 20.65096038384628], [-101.46684345698334, 20.650961001085797]], [[-101.46684411273141, 20.651001625282646], [-101.46684345698334, 20.650961001085797]], [[-101.46684345698334, 20.650961001085797], [-101.46680029798388, 20.65096161831453]], [[-101.46680095372052, 20.65100224251271], [-101.46680029798388, 20.65096161831453]], [[-101.46680029798388, 20.65096161831453], [-101.46675713898284, 20.650962235532493]], [[-101.46675779470803, 20.651002859731996], [-101.46675713898284, 20.650962235532493]], [[-101.46675713898284, 20.650962235532493], [-101.46671397998024, 20.65096285273969]], [[-101.46671463569398, 20.651003476940506], [-101.46671397998024, 20.65096285273969]], [[-101.46671397998024, 20.65096285273969], [-101.46667082097603, 20.6509634699361]], [[-101.46667147667833, 20.651004094138244], [-101.46667082097603, 20.6509634699361]], [[-101.46667082097603, 20.6509634699361], [-101.46662766197025, 20.650964087121743]], [[-101.46662831766112, 20.651004711325204], [-101.46662766197025, 20.650964087121743]], [[-101.46662766197025, 20.650964087121743], [-101.46658450296289, 20.65096470429661]], [[-101.4665851586423, 20.651005328501395], [-101.46658450296289, 20.65096470429661]], [[-101.46658450296289, 20.65096470429661], [-101.46654134395395, 20.650965321460703]], [[-101.46654199962191, 20.651005945666803], [-101.46654134395395, 20.650965321460703]], [[-101.46654134395395, 20.650965321460703], [-101.46649818494342, 20.650965938614014]], [[-101.46649884059995, 20.65100656282144], [-101.46649818494342, 20.650965938614014]], [[-101.46649818494342, 20.650965938614014], [-101.46645502593132, 20.650966555756554]], [[-101.46645568157639, 20.6510071799653], [-101.46645502593132, 20.650966555756554]], [[-101.46645502593132, 20.650966555756554], [-101.46641186691762, 20.65096717288832]], [[-101.46641252255127, 20.65100779709839], [-101.46641186691762, 20.65096717288832]], [[-101.46641186691762, 20.65096717288832], [-101.46636870790235, 20.65096779000931]], [[-101.46636936352455, 20.651008414220705], [-101.46636870790235, 20.65096779000931]], [[-101.46636870790235, 20.65096779000931], [-101.46632554888551, 20.650968407119528]], [[-101.46632620449624, 20.651009031332244], [-101.46632554888551, 20.650968407119528]], [[-101.46632554888551, 20.650968407119528], [-101.46628238986706, 20.650969024218973]], [[-101.46628304546637, 20.65100964843301], [-101.46628238986706, 20.650969024218973]], [[-101.46628238986706, 20.650969024218973], [-101.46623923084705, 20.65096964130764]], [[-101.46623988643492, 20.651010265523], [-101.46623923084705, 20.65096964130764]], [[-101.46623923084705, 20.65096964130764], [-101.46619607182545, 20.650970258385534]], [[-101.46619672740187, 20.651010882602215], [-101.46619607182545, 20.650970258385534]], [[-101.46619607182545, 20.650970258385534], [-101.46615291280227, 20.650970875452646]], [[-101.46615356836723, 20.651011499670652], [-101.46615291280227, 20.650970875452646]], [[-101.46615291280227, 20.650970875452646], [-101.46610975377752, 20.650971492508997]], [[-101.46611040933104, 20.651012116728314], [-101.46610975377752, 20.650971492508997]], [[-101.46610975377752, 20.650971492508997], [-101.46606659475117, 20.65097210955456]], [[-101.46606725029325, 20.651012733775207], [-101.46606659475117, 20.65097210955456]], [[-101.46606659475117, 20.65097210955456], [-101.46602343572326, 20.650972726589355]], [[-101.46602409125389, 20.651013350811322], [-101.46602343572326, 20.650972726589355]], [[-101.46602343572326, 20.650972726589355], [-101.46598027669374, 20.650973343613373]], [[-101.46598093221293, 20.65101396783666], [-101.46598027669374, 20.650973343613373]], [[-101.46598027669374, 20.650973343613373], [-101.46593711766266, 20.650973960626615]], [[-101.46593777317041, 20.651014584851225], [-101.46593711766266, 20.650973960626615]], [[-101.46593711766266, 20.650973960626615], [-101.46589395862999, 20.650974577629086]], [[-101.46589461412628, 20.65101520185502], [-101.46589395862999, 20.650974577629086]], [[-101.46589395862999, 20.650974577629086], [-101.46585079959574, 20.65097519462078]], [[-101.46585145508058, 20.651015818848034], [-101.46585079959574, 20.65097519462078]], [[-101.46800874937044, 20.650944331836996], [-101.46800809331496, 20.650903707675642]], [[-101.46800809331496, 20.650903707675642], [-101.46796493436968, 20.650904325193977]], [[-101.46796559041373, 20.650944949356653], [-101.46796493436968, 20.650904325193977]], [[-101.46796493436968, 20.650904325193977], [-101.46792177542281, 20.650904942701537]], [[-101.4679224314554, 20.650945566865534], [-101.46792177542281, 20.650904942701537]], [[-101.46792177542281, 20.650904942701537], [-101.46787861647437, 20.65090556019832]], [[-101.46787927249552, 20.65094618436364], [-101.46787861647437, 20.65090556019832]], [[-101.46787861647437, 20.65090556019832], [-101.46783545752433, 20.65090617768433]], [[-101.46783611353403, 20.650946801850978], [-101.46783545752433, 20.65090617768433]], [[-101.46783545752433, 20.65090617768433], [-101.4677922985727, 20.65090679515956]], [[-101.46779295457098, 20.65094741932753], [-101.4677922985727, 20.65090679515956]], [[-101.4677922985727, 20.65090679515956], [-101.46774913961953, 20.650907412624022]], [[-101.46774979560634, 20.650948036793316], [-101.46774913961953, 20.650907412624022]], [[-101.46774913961953, 20.650907412624022], [-101.46770598066473, 20.65090803007771]], [[-101.46770663664012, 20.65094865424832], [-101.46770598066473, 20.65090803007771]], [[-101.46770598066473, 20.65090803007771], [-101.46766282170837, 20.65090864752062]], [[-101.46766347767232, 20.65094927169256], [-101.46766282170837, 20.65090864752062]], [[-101.46766282170837, 20.65090864752062], [-101.46761966275044, 20.650909264952755]], [[-101.46762031870291, 20.65094988912601], [-101.46761966275044, 20.650909264952755]], [[-101.46761966275044, 20.650909264952755], [-101.46757650379091, 20.650909882374116]], [[-101.46757715973196, 20.650950506548696], [-101.46757650379091, 20.650909882374116]], [[-101.46757650379091, 20.650909882374116], [-101.4675333448298, 20.6509104997847]], [[-101.4675340007594, 20.650951123960606], [-101.4675333448298, 20.6509104997847]], [[-101.4675333448298, 20.6509104997847], [-101.4674901858671, 20.650911117184513]], [[-101.46749084178526, 20.65095174136174], [-101.4674901858671, 20.650911117184513]], [[-101.4674901858671, 20.650911117184513], [-101.46744702690283, 20.650911734573555]], [[-101.46744768280954, 20.6509523587521], [-101.46744702690283, 20.650911734573555]], [[-101.46744702690283, 20.650911734573555], [-101.46740386793697, 20.650912351951817]], [[-101.46740452383224, 20.650952976131688], [-101.46740386793697, 20.650912351951817]], [[-101.46740386793697, 20.650912351951817], [-101.46736070896954, 20.650912969319307]], [[-101.46736136485336, 20.650953593500496], [-101.46736070896954, 20.650912969319307]], [[-101.46736070896954, 20.650912969319307], [-101.46731755000052, 20.65091358667602]], [[-101.4673182058729, 20.650954210858533], [-101.46731755000052, 20.65091358667602]], [[-101.46731755000052, 20.65091358667602], [-101.4672743910299, 20.65091420402196]], [[-101.46727504689085, 20.650954828205794], [-101.4672743910299, 20.65091420402196]], [[-101.4672743910299, 20.65091420402196], [-101.46723123205773, 20.65091482135712]], [[-101.4672318879072, 20.65095544554228], [-101.46723123205773, 20.65091482135712]], [[-101.46723123205773, 20.65091482135712], [-101.46718807308396, 20.650915438681515]], [[-101.467188728922, 20.65095606286799], [-101.46718807308396, 20.650915438681515]], [[-101.46718807308396, 20.650915438681515], [-101.4671449141086, 20.650916055995122]], [[-101.4671455699352, 20.65095668018293], [-101.4671449141086, 20.650916055995122]], [[-101.4671449141086, 20.650916055995122], [-101.46710175513167, 20.65091667329796]], [[-101.46710241094682, 20.65095729748709], [-101.46710175513167, 20.65091667329796]], [[-101.46710175513167, 20.65091667329796], [-101.46705859615315, 20.650917290590026]], [[-101.46705925195687, 20.650957914780477], [-101.46705859615315, 20.650917290590026]], [[-101.46705859615315, 20.650917290590026], [-101.46701543717306, 20.650917907871317]], [[-101.46701609296532, 20.65095853206309], [-101.46701543717306, 20.650917907871317]], [[-101.46701543717306, 20.650917907871317], [-101.46697227819138, 20.650918525141833]], [[-101.4669729339722, 20.650959149334927], [-101.46697227819138, 20.650918525141833]], [[-101.46697227819138, 20.650918525141833], [-101.46692911920812, 20.650919142401577]], [[-101.4669297749775, 20.650959766595992], [-101.46692911920812, 20.650919142401577]], [[-101.46692911920812, 20.650919142401577], [-101.46688596022327, 20.65091975965054]], [[-101.46688661598121, 20.65096038384628], [-101.46688596022327, 20.65091975965054]], [[-101.46688596022327, 20.65091975965054], [-101.46684280123684, 20.65092037688873]], [[-101.46684345698334, 20.650961001085797], [-101.46684280123684, 20.65092037688873]], [[-101.46684280123684, 20.65092037688873], [-101.46679964224883, 20.65092099411615]], [[-101.46680029798388, 20.65096161831453], [-101.46679964224883, 20.65092099411615]], [[-101.46679964224883, 20.65092099411615], [-101.46675648325925, 20.65092161133279]], [[-101.46675713898284, 20.650962235532493], [-101.46675648325925, 20.65092161133279]], [[-101.46675648325925, 20.65092161133279], [-101.46671332426807, 20.650922228538658]], [[-101.46671397998024, 20.65096285273969], [-101.46671332426807, 20.650922228538658]], [[-101.46671332426807, 20.650922228538658], [-101.46667016527532, 20.650922845733753]], [[-101.46667082097603, 20.6509634699361], [-101.46667016527532, 20.650922845733753]], [[-101.46667016527532, 20.650922845733753], [-101.46662700628097, 20.65092346291807]], [[-101.46662766197025, 20.650964087121743], [-101.46662700628097, 20.65092346291807]], [[-101.46662700628097, 20.65092346291807], [-101.46658384728507, 20.65092408009161]], [[-101.46658450296289, 20.65096470429661], [-101.46658384728507, 20.65092408009161]], [[-101.46658384728507, 20.65092408009161], [-101.46654068828758, 20.65092469725438]], [[-101.46654134395395, 20.650965321460703], [-101.46654068828758, 20.65092469725438]], [[-101.46654068828758, 20.65092469725438], [-101.46649752928849, 20.650925314406372]], [[-101.46649818494342, 20.650965938614014], [-101.46649752928849, 20.650925314406372]], [[-101.46649752928849, 20.650925314406372], [-101.46645437028782, 20.650925931547594]], [[-101.46645502593132, 20.650966555756554], [-101.46645437028782, 20.650925931547594]], [[-101.46645437028782, 20.650925931547594], [-101.46641121128557, 20.65092654867804]], [[-101.46641186691762, 20.65096717288832], [-101.46641121128557, 20.65092654867804]], [[-101.46641121128557, 20.65092654867804], [-101.46636805228175, 20.650927165797707]], [[-101.46636870790235, 20.65096779000931], [-101.46636805228175, 20.650927165797707]], [[-101.46636805228175, 20.650927165797707], [-101.46632489327635, 20.650927782906603]], [[-101.46632554888551, 20.650968407119528], [-101.46632489327635, 20.650927782906603]], [[-101.46632489327635, 20.650927782906603], [-101.46628173426936, 20.65092840000472]], [[-101.46628238986706, 20.650969024218973], [-101.46628173426936, 20.65092840000472]], [[-101.46628173426936, 20.65092840000472], [-101.46623857526077, 20.650929017092068]], [[-101.46623923084705, 20.65096964130764], [-101.46623857526077, 20.650929017092068]], [[-101.46623857526077, 20.650929017092068], [-101.46619541625063, 20.650929634168637]], [[-101.46619607182545, 20.650970258385534], [-101.46619541625063, 20.650929634168637]], [[-101.46619541625063, 20.650929634168637], [-101.4661522572389, 20.65093025123443]], [[-101.46615291280227, 20.650970875452646], [-101.4661522572389, 20.65093025123443]], [[-101.4661522572389, 20.65093025123443], [-101.46610909822557, 20.65093086828945]], [[-101.46610975377752, 20.650971492508997], [-101.46610909822557, 20.65093086828945]], [[-101.46610909822557, 20.65093086828945], [-101.46606593921068, 20.6509314853337]], [[-101.46606659475117, 20.65097210955456], [-101.46606593921068, 20.6509314853337]], [[-101.46606593921068, 20.6509314853337], [-101.46602278019421, 20.65093210236717]], [[-101.46602343572326, 20.650972726589355], [-101.46602278019421, 20.65093210236717]], [[-101.46602278019421, 20.65093210236717], [-101.46597962117613, 20.650932719389868]], [[-101.46598027669374, 20.650973343613373], [-101.46597962117613, 20.650932719389868]], [[-101.46597962117613, 20.650932719389868], [-101.4659364621565, 20.650933336401792]], [[-101.46593711766266, 20.650973960626615], [-101.4659364621565, 20.650933336401792]], [[-101.4659364621565, 20.650933336401792], [-101.46589330313527, 20.650933953402937]], [[-101.46589395862999, 20.650974577629086], [-101.46589330313527, 20.650933953402937]], [[-101.46800809331496, 20.650903707675642], [-101.46800743726105, 20.65086308351408]], [[-101.46800743726105, 20.65086308351408], [-101.46796427832722, 20.65086370103109]], [[-101.46796493436968, 20.650904325193977], [-101.46796427832722, 20.65086370103109]], [[-101.46796427832722, 20.65086370103109], [-101.46792111939179, 20.65086431853733]], [[-101.46792177542281, 20.650904942701537], [-101.46792111939179, 20.65086431853733]], [[-101.46792111939179, 20.65086431853733], [-101.46787796045479, 20.65086493603279]], [[-101.46787861647437, 20.65090556019832], [-101.46787796045479, 20.65086493603279]], [[-101.46787796045479, 20.65086493603279], [-101.4678348015162, 20.650865553517477]], [[-101.46783545752433, 20.65090617768433], [-101.4678348015162, 20.650865553517477]], [[-101.4678348015162, 20.650865553517477], [-101.46779164257603, 20.65086617099138]], [[-101.4677922985727, 20.65090679515956], [-101.46779164257603, 20.65086617099138]], [[-101.46779164257603, 20.65086617099138], [-101.46774848363428, 20.650866788454525]], [[-101.46774913961953, 20.650907412624022], [-101.46774848363428, 20.650866788454525]], [[-101.46774848363428, 20.650866788454525], [-101.46770532469094, 20.65086740590689]], [[-101.46770598066473, 20.65090803007771], [-101.46770532469094, 20.65086740590689]], [[-101.46770532469094, 20.65086740590689], [-101.46766216574602, 20.650868023348476]], [[-101.46766282170837, 20.65090864752062], [-101.46766216574602, 20.650868023348476]], [[-101.46766216574602, 20.650868023348476], [-101.46761900679952, 20.650868640779287]], [[-101.46761966275044, 20.650909264952755], [-101.46761900679952, 20.650868640779287]], [[-101.46761900679952, 20.650868640779287], [-101.46757584785145, 20.650869258199325]], [[-101.46757650379091, 20.650909882374116], [-101.46757584785145, 20.650869258199325]], [[-101.46757584785145, 20.650869258199325], [-101.46753268890178, 20.65086987560859]], [[-101.4675333448298, 20.6509104997847], [-101.46753268890178, 20.65086987560859]], [[-101.46753268890178, 20.65086987560859], [-101.46748952995053, 20.650870493007076]], [[-101.4674901858671, 20.650911117184513], [-101.46748952995053, 20.650870493007076]], [[-101.46748952995053, 20.650870493007076], [-101.46744637099769, 20.650871110394796]], [[-101.46744702690283, 20.650911734573555], [-101.46744637099769, 20.650871110394796]], [[-101.46744637099769, 20.650871110394796], [-101.4674032120433, 20.650871727771737]], [[-101.46740386793697, 20.650912351951817], [-101.4674032120433, 20.650871727771737]], [[-101.4674032120433, 20.650871727771737], [-101.46736005308729, 20.650872345137902]], [[-101.46736070896954, 20.650912969319307], [-101.46736005308729, 20.650872345137902]], [[-101.46736005308729, 20.650872345137902], [-101.46731689412971, 20.650872962493292]], [[-101.46731755000052, 20.65091358667602], [-101.46731689412971, 20.650872962493292]], [[-101.46731689412971, 20.650872962493292], [-101.46727373517055, 20.650873579837906]], [[-101.4672743910299, 20.65091420402196], [-101.46727373517055, 20.650873579837906]], [[-101.46727373517055, 20.650873579837906], [-101.4672305762098, 20.650874197171746]], [[-101.46723123205773, 20.65091482135712], [-101.4672305762098, 20.650874197171746]], [[-101.4672305762098, 20.650874197171746], [-101.46718741724749, 20.650874814494816]], [[-101.46718807308396, 20.650915438681515], [-101.46718741724749, 20.650874814494816]], [[-101.46718741724749, 20.650874814494816], [-101.46714425828357, 20.65087543180711]], [[-101.4671449141086, 20.650916055995122], [-101.46714425828357, 20.65087543180711]], [[-101.46714425828357, 20.65087543180711], [-101.46710109931809, 20.650876049108625]], [[-101.46710175513167, 20.65091667329796], [-101.46710109931809, 20.650876049108625]], [[-101.46710109931809, 20.650876049108625], [-101.46705794035103, 20.65087666639937]], [[-101.46705859615315, 20.650917290590026], [-101.46705794035103, 20.65087666639937]], [[-101.46705794035103, 20.65087666639937], [-101.46701478138236, 20.650877283679332]], [[-101.46701543717306, 20.650917907871317], [-101.46701478138236, 20.650877283679332]], [[-101.46701478138236, 20.650877283679332], [-101.46697162241213, 20.650877900948533]], [[-101.46697227819138, 20.650918525141833], [-101.46697162241213, 20.650877900948533]], [[-101.46697162241213, 20.650877900948533], [-101.46692846344031, 20.650878518206945]], [[-101.46692911920812, 20.650919142401577], [-101.46692846344031, 20.650878518206945]], [[-101.46692846344031, 20.650878518206945], [-101.46688530446691, 20.65087913545459]], [[-101.46688596022327, 20.65091975965054], [-101.46688530446691, 20.65087913545459]], [[-101.46688530446691, 20.65087913545459], [-101.46684214549194, 20.650879752691463]], [[-101.46684280123684, 20.65092037688873], [-101.46684214549194, 20.650879752691463]], [[-101.46684214549194, 20.650879752691463], [-101.46679898651537, 20.650880369917555]], [[-101.46679964224883, 20.65092099411615], [-101.46679898651537, 20.650880369917555]], [[-101.46679898651537, 20.650880369917555], [-101.46675582753723, 20.650880987132876]], [[-101.46675648325925, 20.65092161133279], [-101.46675582753723, 20.650880987132876]], [[-101.46675582753723, 20.650880987132876], [-101.46671266855749, 20.650881604337417]], [[-101.46671332426807, 20.650922228538658], [-101.46671266855749, 20.650881604337417]], [[-101.46671266855749, 20.650881604337417], [-101.46666950957619, 20.65088222153119]], [[-101.46667016527532, 20.650922845733753], [-101.46666950957619, 20.65088222153119]], [[-101.46666950957619, 20.65088222153119], [-101.4666263505933, 20.650882838714185]], [[-101.46662700628097, 20.65092346291807], [-101.4666263505933, 20.650882838714185]], [[-101.4666263505933, 20.650882838714185], [-101.46658319160882, 20.650883455886405]], [[-101.46658384728507, 20.65092408009161], [-101.46658319160882, 20.650883455886405]], [[-101.46658319160882, 20.650883455886405], [-101.46654003262276, 20.650884073047852]], [[-101.46654068828758, 20.65092469725438], [-101.46654003262276, 20.650884073047852]], [[-101.46654003262276, 20.650884073047852], [-101.46649687363512, 20.650884690198527]], [[-101.46649752928849, 20.650925314406372], [-101.46649687363512, 20.650884690198527]], [[-101.46649687363512, 20.650884690198527], [-101.46645371464591, 20.65088530733842]], [[-101.46645437028782, 20.650925931547594], [-101.46645371464591, 20.65088530733842]], [[-101.46645371464591, 20.65088530733842], [-101.4664105556551, 20.650885924467545]], [[-101.46641121128557, 20.65092654867804], [-101.4664105556551, 20.650885924467545]], [[-101.4664105556551, 20.650885924467545], [-101.46636739666273, 20.650886541585894]], [[-101.46636805228175, 20.650927165797707], [-101.46636739666273, 20.650886541585894]], [[-101.46636739666273, 20.650886541585894], [-101.46632423766876, 20.650887158693465]], [[-101.46632489327635, 20.650927782906603], [-101.46632423766876, 20.650887158693465]], [[-101.46632423766876, 20.650887158693465], [-101.46628107867322, 20.650887775790263]], [[-101.46628173426936, 20.65092840000472], [-101.46628107867322, 20.650887775790263]], [[-101.46628107867322, 20.650887775790263], [-101.46623791967609, 20.650888392876283]], [[-101.46623857526077, 20.650929017092068], [-101.46623791967609, 20.650888392876283]], [[-101.46623791967609, 20.650888392876283], [-101.46619476067738, 20.650889009951538]], [[-101.46619541625063, 20.650929634168637], [-101.46619476067738, 20.650889009951538]], [[-101.46619476067738, 20.650889009951538], [-101.46615160167708, 20.650889627016007]], [[-101.4661522572389, 20.65093025123443], [-101.46615160167708, 20.650889627016007]], [[-101.46615160167708, 20.650889627016007], [-101.46610844267522, 20.65089024406971]], [[-101.46610909822557, 20.65093086828945], [-101.46610844267522, 20.65089024406971]], [[-101.46610844267522, 20.65089024406971], [-101.46606528367177, 20.650890861112632]], [[-101.46606593921068, 20.6509314853337], [-101.46606528367177, 20.650890861112632]], [[-101.46606528367177, 20.650890861112632], [-101.46602212466674, 20.650891478144782]], [[-101.46602278019421, 20.65093210236717], [-101.46602212466674, 20.650891478144782]], [[-101.46602212466674, 20.650891478144782], [-101.46597896566011, 20.650892095166157]], [[-101.46597962117613, 20.650932719389868], [-101.46597896566011, 20.650892095166157]], [[-101.46800743726105, 20.65086308351408], [-101.46800678120873, 20.65082245935231]], [[-101.46800678120873, 20.65082245935231], [-101.46796362228633, 20.650823076868]], [[-101.46796427832722, 20.65086370103109], [-101.46796362228633, 20.650823076868]], [[-101.46796362228633, 20.650823076868], [-101.46792046336236, 20.650823694372907]], [[-101.46792111939179, 20.65086431853733], [-101.46792046336236, 20.650823694372907]], [[-101.46792046336236, 20.650823694372907], [-101.4678773044368, 20.650824311867048]], [[-101.46787796045479, 20.65086493603279], [-101.4678773044368, 20.650824311867048]], [[-101.4678773044368, 20.650824311867048], [-101.46783414550964, 20.650824929350414]], [[-101.4678348015162, 20.650865553517477], [-101.46783414550964, 20.650824929350414]], [[-101.46783414550964, 20.650824929350414], [-101.46779098658092, 20.650825546822997]], [[-101.46779164257603, 20.65086617099138], [-101.46779098658092, 20.650825546822997]], [[-101.46779098658092, 20.650825546822997], [-101.46774782765061, 20.65082616428482]], [[-101.46774848363428, 20.650866788454525], [-101.46774782765061, 20.65082616428482]], [[-101.46774782765061, 20.65082616428482], [-101.46770466871872, 20.650826781735855]], [[-101.46770532469094, 20.65086740590689], [-101.46770466871872, 20.650826781735855]], [[-101.46770466871872, 20.650826781735855], [-101.46766150978526, 20.65082739917612]], [[-101.46766216574602, 20.650868023348476], [-101.46766150978526, 20.65082739917612]], [[-101.46766150978526, 20.65082739917612], [-101.4676183508502, 20.650828016605608]], [[-101.46761900679952, 20.650868640779287], [-101.4676183508502, 20.650828016605608]], [[-101.4676183508502, 20.650828016605608], [-101.46757519191357, 20.65082863402433]], [[-101.46757584785145, 20.650869258199325], [-101.46757519191357, 20.65082863402433]], [[-101.46757519191357, 20.65082863402433], [-101.46753203297534, 20.650829251432267]], [[-101.46753268890178, 20.65086987560859], [-101.46753203297534, 20.650829251432267]], [[-101.46753203297534, 20.650829251432267], [-101.46748887403554, 20.650829868829437]], [[-101.46748952995053, 20.650870493007076], [-101.46748887403554, 20.650829868829437]], [[-101.46748887403554, 20.650829868829437], [-101.46744571509414, 20.650830486215828]], [[-101.46744637099769, 20.650871110394796], [-101.46744571509414, 20.650830486215828]], [[-101.46744571509414, 20.650830486215828], [-101.46740255615117, 20.650831103591443]], [[-101.4674032120433, 20.650871727771737], [-101.46740255615117, 20.650831103591443]], [[-101.46740255615117, 20.650831103591443], [-101.46735939720662, 20.650831720956287]], [[-101.46736005308729, 20.650872345137902], [-101.46735939720662, 20.650831720956287]], [[-101.46735939720662, 20.650831720956287], [-101.4673162382605, 20.650832338310355]], [[-101.46731689412971, 20.650872962493292], [-101.4673162382605, 20.650832338310355]], [[-101.4673162382605, 20.650832338310355], [-101.46727307931279, 20.65083295565365]], [[-101.46727373517055, 20.650873579837906], [-101.46727307931279, 20.65083295565365]], [[-101.46727307931279, 20.65083295565365], [-101.46722992036348, 20.65083357298617]], [[-101.4672305762098, 20.650874197171746], [-101.46722992036348, 20.65083357298617]], [[-101.46722992036348, 20.65083357298617], [-101.4671867614126, 20.65083419030791]], [[-101.46718741724749, 20.650874814494816], [-101.4671867614126, 20.65083419030791]], [[-101.4671867614126, 20.65083419030791], [-101.46714360246014, 20.65083480761888]], [[-101.46714425828357, 20.65087543180711], [-101.46714360246014, 20.65083480761888]], [[-101.46714360246014, 20.65083480761888], [-101.4671004435061, 20.650835424919077]], [[-101.46710109931809, 20.650876049108625], [-101.4671004435061, 20.650835424919077]], [[-101.4671004435061, 20.650835424919077], [-101.46705728455046, 20.6508360422085]], [[-101.46705794035103, 20.65087666639937], [-101.46705728455046, 20.6508360422085]], [[-101.46705728455046, 20.6508360422085], [-101.46701412559325, 20.650836659487148]], [[-101.46701478138236, 20.650877283679332], [-101.46701412559325, 20.650836659487148]], [[-101.46701412559325, 20.650836659487148], [-101.46697096663448, 20.650837276755013]], [[-101.46697162241213, 20.650877900948533], [-101.46697096663448, 20.650837276755013]], [[-101.46697096663448, 20.650837276755013], [-101.4669278076741, 20.650837894012113]], [[-101.46692846344031, 20.650878518206945], [-101.4669278076741, 20.650837894012113]], [[-101.4669278076741, 20.650837894012113], [-101.46688464871215, 20.650838511258435]], [[-101.46688530446691, 20.65087913545459], [-101.46688464871215, 20.650838511258435]], [[-101.46688464871215, 20.650838511258435], [-101.4668414897486, 20.65083912849398]], [[-101.46684214549194, 20.650879752691463], [-101.4668414897486, 20.65083912849398]], [[-101.4668414897486, 20.65083912849398], [-101.46679833078349, 20.650839745718752]], [[-101.46679898651537, 20.650880369917555], [-101.46679833078349, 20.650839745718752]], [[-101.46679833078349, 20.650839745718752], [-101.46675517181679, 20.65084036293275]], [[-101.46675582753723, 20.650880987132876], [-101.46675517181679, 20.65084036293275]], [[-101.46675517181679, 20.65084036293275], [-101.4667120128485, 20.65084098013597]], [[-101.46671266855749, 20.650881604337417], [-101.4667120128485, 20.65084098013597]], [[-101.4667120128485, 20.65084098013597], [-101.46666885387863, 20.650841597328423]], [[-101.46666950957619, 20.65088222153119], [-101.46666885387863, 20.650841597328423]], [[-101.46666885387863, 20.650841597328423], [-101.4666256949072, 20.650842214510092]], [[-101.4666263505933, 20.650882838714185], [-101.4666256949072, 20.650842214510092]], [[-101.4666256949072, 20.650842214510092], [-101.46658253593415, 20.650842831680993]], [[-101.46658319160882, 20.650883455886405], [-101.46658253593415, 20.650842831680993]], [[-101.46658253593415, 20.650842831680993], [-101.46653937695955, 20.65084344884112]], [[-101.46654003262276, 20.650884073047852], [-101.46653937695955, 20.65084344884112]], [[-101.46653937695955, 20.65084344884112], [-101.46649621798336, 20.65084406599047]], [[-101.46649687363512, 20.650884690198527], [-101.46649621798336, 20.65084406599047]], [[-101.46649621798336, 20.65084406599047], [-101.46645305900559, 20.65084468312904]], [[-101.46645371464591, 20.65088530733842], [-101.46645305900559, 20.65084468312904]], [[-101.46645305900559, 20.65084468312904], [-101.46640990002622, 20.65084530025684]], [[-101.4664105556551, 20.650885924467545], [-101.46640990002622, 20.65084530025684]], [[-101.46640990002622, 20.65084530025684], [-101.46636674104529, 20.650845917373868]], [[-101.46636739666273, 20.650886541585894], [-101.46636674104529, 20.650845917373868]], [[-101.46636674104529, 20.650845917373868], [-101.46632358206277, 20.650846534480117]], [[-101.46632423766876, 20.650887158693465], [-101.46632358206277, 20.650846534480117]], [[-101.46632358206277, 20.650846534480117], [-101.46628042307867, 20.650847151575597]], [[-101.46628107867322, 20.650887775790263], [-101.46628042307867, 20.650847151575597]], [[-101.46628042307867, 20.650847151575597], [-101.46623726409298, 20.650847768660295]], [[-101.46623791967609, 20.650888392876283], [-101.46623726409298, 20.650847768660295]], [[-101.46623726409298, 20.650847768660295], [-101.46619410510571, 20.650848385734225]], [[-101.46619476067738, 20.650889009951538], [-101.46619410510571, 20.650848385734225]], [[-101.46619410510571, 20.650848385734225], [-101.46615094611687, 20.650849002797376]], [[-101.46615160167708, 20.650889627016007], [-101.46615094611687, 20.650849002797376]], [[-101.46615094611687, 20.650849002797376], [-101.46610778712645, 20.65084961984975]], [[-101.46610844267522, 20.65089024406971], [-101.46610778712645, 20.65084961984975]], [[-101.46610778712645, 20.65084961984975], [-101.46606462813443, 20.65085023689136]], [[-101.46606528367177, 20.650890861112632], [-101.46606462813443, 20.65085023689136]], [[-101.46606462813443, 20.65085023689136], [-101.46602146914084, 20.650850853922183]], [[-101.46602212466674, 20.650891478144782], [-101.46602146914084, 20.650850853922183]], [[-101.46800678120873, 20.65082245935231], [-101.46800612515798, 20.65078183519032]], [[-101.46800612515798, 20.65078183519032], [-101.46796296624703, 20.650782452704686]], [[-101.46796362228633, 20.650823076868], [-101.46796296624703, 20.650782452704686]], [[-101.46796296624703, 20.650782452704686], [-101.4679198073345, 20.650783070208274]], [[-101.46792046336236, 20.650823694372907], [-101.4679198073345, 20.650783070208274]], [[-101.4679198073345, 20.650783070208274], [-101.46787664842039, 20.65078368770109]], [[-101.4678773044368, 20.650824311867048], [-101.46787664842039, 20.65078368770109]], [[-101.46787664842039, 20.65078368770109], [-101.46783348950468, 20.650784305183134]], [[-101.46783414550964, 20.650824929350414], [-101.46783348950468, 20.650784305183134]], [[-101.46783348950468, 20.650784305183134], [-101.4677903305874, 20.650784922654395]], [[-101.46779098658092, 20.650825546822997], [-101.4677903305874, 20.650784922654395]], [[-101.4677903305874, 20.650784922654395], [-101.46774717166853, 20.650785540114896]], [[-101.46774782765061, 20.65082616428482], [-101.46774717166853, 20.650785540114896]], [[-101.46774717166853, 20.650785540114896], [-101.4677040127481, 20.650786157564607]], [[-101.46770466871872, 20.650826781735855], [-101.4677040127481, 20.650786157564607]], [[-101.4677040127481, 20.650786157564607], [-101.46766085382608, 20.65078677500355]], [[-101.46766150978526, 20.65082739917612], [-101.46766085382608, 20.65078677500355]], [[-101.46766085382608, 20.65078677500355], [-101.46761769490244, 20.650787392431717]], [[-101.4676183508502, 20.650828016605608], [-101.46761769490244, 20.650787392431717]], [[-101.46761769490244, 20.650787392431717], [-101.46757453597726, 20.650788009849112]], [[-101.46757519191357, 20.65082863402433], [-101.46757453597726, 20.650788009849112]], [[-101.46757453597726, 20.650788009849112], [-101.46753137705049, 20.650788627255732]], [[-101.46753203297534, 20.650829251432267], [-101.46753137705049, 20.650788627255732]], [[-101.46753137705049, 20.650788627255732], [-101.46748821812213, 20.650789244651573]], [[-101.46748887403554, 20.650829868829437], [-101.46748821812213, 20.650789244651573]], [[-101.46748821812213, 20.650789244651573], [-101.46744505919219, 20.650789862036646]], [[-101.46744571509414, 20.650830486215828], [-101.46744505919219, 20.650789862036646]], [[-101.46744505919219, 20.650789862036646], [-101.46740190026065, 20.650790479410944]], [[-101.46740255615117, 20.650831103591443], [-101.46740190026065, 20.650790479410944]], [[-101.46740190026065, 20.650790479410944], [-101.46735874132754, 20.650791096774462]], [[-101.46735939720662, 20.650831720956287], [-101.46735874132754, 20.650791096774462]], [[-101.46735874132754, 20.650791096774462], [-101.46731558239286, 20.650791714127205]], [[-101.4673162382605, 20.650832338310355], [-101.46731558239286, 20.650791714127205]], [[-101.46731558239286, 20.650791714127205], [-101.46727242345659, 20.65079233146918]], [[-101.46727307931279, 20.65083295565365], [-101.46727242345659, 20.65079233146918]], [[-101.46727242345659, 20.65079233146918], [-101.46722926451874, 20.65079294880037]], [[-101.46722992036348, 20.65083357298617], [-101.46722926451874, 20.65079294880037]], [[-101.46722926451874, 20.65079294880037], [-101.4671861055793, 20.650793566120797]], [[-101.4671867614126, 20.65083419030791], [-101.4671861055793, 20.650793566120797]], [[-101.4671861055793, 20.650793566120797], [-101.46714294663828, 20.650794183430442]], [[-101.46714360246014, 20.65083480761888], [-101.46714294663828, 20.650794183430442]], [[-101.46714294663828, 20.650794183430442], [-101.46709978769567, 20.65079480072931]], [[-101.4671004435061, 20.650835424919077], [-101.46709978769567, 20.65079480072931]], [[-101.46709978769567, 20.65079480072931], [-101.46705662875151, 20.650795418017413]], [[-101.46705728455046, 20.6508360422085], [-101.46705662875151, 20.650795418017413]], [[-101.46705662875151, 20.650795418017413], [-101.46701346980574, 20.650796035294736]], [[-101.46701412559325, 20.650836659487148], [-101.46701346980574, 20.650796035294736]], [[-101.46701346980574, 20.650796035294736], [-101.46697031085839, 20.650796652561283]], [[-101.46697096663448, 20.650837276755013], [-101.46697031085839, 20.650796652561283]], [[-101.46697031085839, 20.650796652561283], [-101.46692715190946, 20.650797269817055]], [[-101.4669278076741, 20.650837894012113], [-101.46692715190946, 20.650797269817055]], [[-101.46692715190946, 20.650797269817055], [-101.46688399295894, 20.650797887062055]], [[-101.46688464871215, 20.650838511258435], [-101.46688399295894, 20.650797887062055]], [[-101.46688399295894, 20.650797887062055], [-101.46684083400685, 20.650798504296283]], [[-101.4668414897486, 20.65083912849398], [-101.46684083400685, 20.650798504296283]], [[-101.46684083400685, 20.650798504296283], [-101.46679767505319, 20.650799121519736]], [[-101.46679833078349, 20.650839745718752], [-101.46679767505319, 20.650799121519736]], [[-101.46679767505319, 20.650799121519736], [-101.46675451609792, 20.65079973873241]], [[-101.46675517181679, 20.65084036293275], [-101.46675451609792, 20.65079973873241]], [[-101.46675451609792, 20.65079973873241], [-101.46671135714108, 20.65080035593431]], [[-101.4667120128485, 20.65084098013597], [-101.46671135714108, 20.65080035593431]], [[-101.46671135714108, 20.65080035593431], [-101.46666819818267, 20.65080097312543]], [[-101.46666885387863, 20.650841597328423], [-101.46666819818267, 20.65080097312543]], [[-101.46666819818267, 20.65080097312543], [-101.46662503922266, 20.650801590305782]], [[-101.4666256949072, 20.650842214510092], [-101.46662503922266, 20.650801590305782]], [[-101.46662503922266, 20.650801590305782], [-101.46658188026107, 20.650802207475362]], [[-101.46658253593415, 20.650842831680993], [-101.46658188026107, 20.650802207475362]], [[-101.46658188026107, 20.650802207475362], [-101.46653872129791, 20.650802824634166]], [[-101.46653937695955, 20.65084344884112], [-101.46653872129791, 20.650802824634166]], [[-101.46653872129791, 20.650802824634166], [-101.46649556233317, 20.650803441782188]], [[-101.46649621798336, 20.65084406599047], [-101.46649556233317, 20.650803441782188]], [[-101.46649556233317, 20.650803441782188], [-101.46645240336683, 20.65080405891945]], [[-101.46645305900559, 20.65084468312904], [-101.46645240336683, 20.65080405891945]], [[-101.46645240336683, 20.65080405891945], [-101.46640924439892, 20.650804676045922]], [[-101.46640990002622, 20.65084530025684], [-101.46640924439892, 20.650804676045922]], [[-101.46640924439892, 20.650804676045922], [-101.46636608542943, 20.650805293161625]], [[-101.46636674104529, 20.650845917373868], [-101.46636608542943, 20.650805293161625]], [[-101.46636608542943, 20.650805293161625], [-101.46632292645835, 20.650805910266552]], [[-101.46632358206277, 20.650846534480117], [-101.46632292645835, 20.650805910266552]], [[-101.46632292645835, 20.650805910266552], [-101.4662797674857, 20.650806527360707]], [[-101.46628042307867, 20.650847151575597], [-101.4662797674857, 20.650806527360707]], [[-101.4662797674857, 20.650806527360707], [-101.46623660851145, 20.65080714444409]], [[-101.46623726409298, 20.650847768660295], [-101.46623660851145, 20.65080714444409]], [[-101.46623660851145, 20.65080714444409], [-101.46619344953564, 20.650807761516695]], [[-101.46619410510571, 20.650848385734225], [-101.46619344953564, 20.650807761516695]], [[-101.46619344953564, 20.650807761516695], [-101.46615029055823, 20.650808378578525]], [[-101.46615094611687, 20.650849002797376], [-101.46615029055823, 20.650808378578525]], [[-101.46615029055823, 20.650808378578525], [-101.46610713157924, 20.65080899562958]], [[-101.46610778712645, 20.65084961984975], [-101.46610713157924, 20.65080899562958]], [[-101.46610713157924, 20.65080899562958], [-101.46606397259868, 20.65080961266986]], [[-101.46606462813443, 20.65085023689136], [-101.46606397259868, 20.65080961266986]], [[-101.46800612515798, 20.65078183519032], [-101.46800546910883, 20.650741211028123]], [[-101.46800546910883, 20.650741211028123], [-101.46796231020933, 20.650741828541165]], [[-101.46796296624703, 20.650782452704686], [-101.46796231020933, 20.650741828541165]], [[-101.46796231020933, 20.650741828541165], [-101.46791915130824, 20.650742446043434]], [[-101.4679198073345, 20.650783070208274], [-101.46791915130824, 20.650742446043434]], [[-101.46791915130824, 20.650742446043434], [-101.46787599240555, 20.650743063534925]], [[-101.46787664842039, 20.65078368770109], [-101.46787599240555, 20.650743063534925]], [[-101.46787599240555, 20.650743063534925], [-101.4678328335013, 20.65074368101564]], [[-101.46783348950468, 20.650784305183134], [-101.4678328335013, 20.65074368101564]], [[-101.4678328335013, 20.65074368101564], [-101.46778967459547, 20.650744298485584]], [[-101.4677903305874, 20.650784922654395], [-101.46778967459547, 20.650744298485584]], [[-101.46778967459547, 20.650744298485584], [-101.46774651568805, 20.65074491594476]], [[-101.46774717166853, 20.650785540114896], [-101.46774651568805, 20.65074491594476]], [[-101.46774651568805, 20.65074491594476], [-101.46770335677905, 20.650745533393152]], [[-101.4677040127481, 20.650786157564607], [-101.46770335677905, 20.650745533393152]], [[-101.46770335677905, 20.650745533393152], [-101.46766019786845, 20.650746150830777]], [[-101.46766085382608, 20.65078677500355], [-101.46766019786845, 20.650746150830777]], [[-101.46766019786845, 20.650746150830777], [-101.46761703895629, 20.650746768257616]], [[-101.46761769490244, 20.650787392431717], [-101.46761703895629, 20.650746768257616]], [[-101.46761703895629, 20.650746768257616], [-101.46757388004254, 20.650747385673686]], [[-101.46757453597726, 20.650788009849112], [-101.46757388004254, 20.650747385673686]], [[-101.46757388004254, 20.650747385673686], [-101.46753072112722, 20.650748003078984]], [[-101.46753137705049, 20.650788627255732], [-101.46753072112722, 20.650748003078984]], [[-101.46753072112722, 20.650748003078984], [-101.4674875622103, 20.6507486204735]], [[-101.46748821812213, 20.650789244651573], [-101.4674875622103, 20.6507486204735]], [[-101.4674875622103, 20.6507486204735], [-101.4674444032918, 20.650749237857255]], [[-101.46744505919219, 20.650789862036646], [-101.4674444032918, 20.650749237857255]], [[-101.4674444032918, 20.650749237857255], [-101.46740124437171, 20.650749855230224]], [[-101.46740190026065, 20.650790479410944], [-101.46740124437171, 20.650749855230224]], [[-101.46740124437171, 20.650749855230224], [-101.46735808545004, 20.650750472592424]], [[-101.46735874132754, 20.650791096774462], [-101.46735808545004, 20.650750472592424]], [[-101.46735808545004, 20.650750472592424], [-101.46731492652681, 20.65075108994384]], [[-101.46731558239286, 20.650791714127205], [-101.46731492652681, 20.65075108994384]], [[-101.46731492652681, 20.65075108994384], [-101.46727176760199, 20.650751707284492]], [[-101.46727242345659, 20.65079233146918], [-101.46727176760199, 20.650751707284492]], [[-101.46727176760199, 20.650751707284492], [-101.46722860867558, 20.65075232461437]], [[-101.46722926451874, 20.65079294880037], [-101.46722860867558, 20.65075232461437]], [[-101.46722860867558, 20.65075232461437], [-101.46718544974757, 20.650752941933465]], [[-101.4671861055793, 20.650793566120797], [-101.46718544974757, 20.650752941933465]], [[-101.46718544974757, 20.650752941933465], [-101.467142290818, 20.650753559241792]], [[-101.46714294663828, 20.650794183430442], [-101.467142290818, 20.650753559241792]], [[-101.467142290818, 20.650753559241792], [-101.46709913188685, 20.650754176539337]], [[-101.46709978769567, 20.65079480072931], [-101.46709913188685, 20.650754176539337]], [[-101.46709913188685, 20.650754176539337], [-101.46705597295411, 20.650754793826117]], [[-101.46705662875151, 20.650795418017413], [-101.46705597295411, 20.650754793826117]], [[-101.46705597295411, 20.650754793826117], [-101.4670128140198, 20.650755411102118]], [[-101.46701346980574, 20.650796035294736], [-101.4670128140198, 20.650755411102118]], [[-101.4670128140198, 20.650755411102118], [-101.4669696550839, 20.650756028367343]], [[-101.46697031085839, 20.650796652561283], [-101.4669696550839, 20.650756028367343]], [[-101.4669696550839, 20.650756028367343], [-101.46692649614641, 20.650756645621797]], [[-101.46692715190946, 20.650797269817055], [-101.46692649614641, 20.650756645621797]], [[-101.46692649614641, 20.650756645621797], [-101.46688333720735, 20.650757262865472]], [[-101.46688399295894, 20.650797887062055], [-101.46688333720735, 20.650757262865472]], [[-101.46688333720735, 20.650757262865472], [-101.4668401782667, 20.650757880098375]], [[-101.46684083400685, 20.650798504296283], [-101.4668401782667, 20.650757880098375]], [[-101.4668401782667, 20.650757880098375], [-101.46679701932446, 20.650758497320503]], [[-101.46679767505319, 20.650799121519736], [-101.46679701932446, 20.650758497320503]], [[-101.46679701932446, 20.650758497320503], [-101.46675386038065, 20.650759114531855]], [[-101.46675451609792, 20.65079973873241], [-101.46675386038065, 20.650759114531855]], [[-101.46675386038065, 20.650759114531855], [-101.46671070143525, 20.65075973173244]], [[-101.46671135714108, 20.65080035593431], [-101.46671070143525, 20.65075973173244]], [[-101.46671070143525, 20.65075973173244], [-101.46666754248828, 20.65076034892224]], [[-101.46666819818267, 20.65080097312543], [-101.46666754248828, 20.65076034892224]], [[-101.46666754248828, 20.65076034892224], [-101.46662438353971, 20.65076096610127]], [[-101.46662503922266, 20.650801590305782], [-101.46662438353971, 20.65076096610127]], [[-101.46662438353971, 20.65076096610127], [-101.46658122458958, 20.650761583269524]], [[-101.46658188026107, 20.650802207475362], [-101.46658122458958, 20.650761583269524]], [[-101.46658122458958, 20.650761583269524], [-101.46653806563786, 20.650762200427]], [[-101.46653872129791, 20.650802824634166], [-101.46653806563786, 20.650762200427]], [[-101.46653806563786, 20.650762200427], [-101.46649490668456, 20.65076281757371]], [[-101.46649556233317, 20.650803441782188], [-101.46649490668456, 20.65076281757371]], [[-101.46649490668456, 20.65076281757371], [-101.46645174772966, 20.650763434709635]], [[-101.46645240336683, 20.65080405891945], [-101.46645174772966, 20.650763434709635]], [[-101.46645174772966, 20.650763434709635], [-101.46640858877319, 20.6507640518348]], [[-101.46640924439892, 20.650804676045922], [-101.46640858877319, 20.6507640518348]], [[-101.46640858877319, 20.6507640518348], [-101.46636542981516, 20.65076466894918]], [[-101.46636608542943, 20.650805293161625], [-101.46636542981516, 20.65076466894918]], [[-101.46636542981516, 20.65076466894918], [-101.46632227085551, 20.650765286052785]], [[-101.46632292645835, 20.650805910266552], [-101.46632227085551, 20.650765286052785]], [[-101.46632227085551, 20.650765286052785], [-101.4662791118943, 20.650765903145615]], [[-101.4662797674857, 20.650806527360707], [-101.4662791118943, 20.650765903145615]], [[-101.4662791118943, 20.650765903145615], [-101.46623595293151, 20.650766520227677]], [[-101.46623660851145, 20.65080714444409], [-101.46623595293151, 20.650766520227677]], [[-101.46623595293151, 20.650766520227677], [-101.46619279396714, 20.650767137298956]], [[-101.46619344953564, 20.650807761516695], [-101.46619279396714, 20.650767137298956]], [[-101.46619279396714, 20.650767137298956], [-101.46614963500117, 20.650767754359464]], [[-101.46615029055823, 20.650808378578525], [-101.46614963500117, 20.650767754359464]], [[-101.46614963500117, 20.650767754359464], [-101.46610647603364, 20.650768371409196]], [[-101.46610713157924, 20.65080899562958], [-101.46610647603364, 20.650768371409196]], [[-101.46800546910883, 20.650741211028123], [-101.46800481306126, 20.650700586865717]], [[-101.46800481306126, 20.650700586865717], [-101.4679616541732, 20.650701204377437]], [[-101.46796231020933, 20.650741828541165], [-101.4679616541732, 20.650701204377437]], [[-101.4679616541732, 20.650701204377437], [-101.46791849528354, 20.65070182187838]], [[-101.46791915130824, 20.650742446043434], [-101.46791849528354, 20.65070182187838]], [[-101.46791849528354, 20.65070182187838], [-101.46787533639231, 20.650702439368555]], [[-101.46787599240555, 20.650743063534925], [-101.46787533639231, 20.650702439368555]], [[-101.46787533639231, 20.650702439368555], [-101.4678321774995, 20.650703056847945]], [[-101.4678328335013, 20.65074368101564], [-101.4678321774995, 20.650703056847945]], [[-101.4678321774995, 20.650703056847945], [-101.4677890186051, 20.65070367431657]], [[-101.46778967459547, 20.650744298485584], [-101.4677890186051, 20.65070367431657]], [[-101.4677890186051, 20.65070367431657], [-101.46774585970914, 20.650704291774417]], [[-101.46774651568805, 20.65074491594476], [-101.46774585970914, 20.650704291774417]], [[-101.46774585970914, 20.650704291774417], [-101.46770270081159, 20.65070490922149]], [[-101.46770335677905, 20.650745533393152], [-101.46770270081159, 20.65070490922149]], [[-101.46770270081159, 20.65070490922149], [-101.46765954191244, 20.650705526657788]], [[-101.46766019786845, 20.650746150830777], [-101.46765954191244, 20.650705526657788]], [[-101.46765954191244, 20.650705526657788], [-101.46761638301172, 20.65070614408331]], [[-101.46761703895629, 20.650746768257616], [-101.46761638301172, 20.65070614408331]], [[-101.46761638301172, 20.65070614408331], [-101.46757322410942, 20.650706761498054]], [[-101.46757388004254, 20.650747385673686], [-101.46757322410942, 20.650706761498054]], [[-101.46757322410942, 20.650706761498054], [-101.46753006520552, 20.65070737890203]], [[-101.46753072112722, 20.650748003078984], [-101.46753006520552, 20.65070737890203]], [[-101.46753006520552, 20.65070737890203], [-101.46748690630005, 20.650707996295232]], [[-101.4674875622103, 20.6507486204735], [-101.46748690630005, 20.650707996295232]], [[-101.46748690630005, 20.650707996295232], [-101.467443747393, 20.65070861367765]], [[-101.4674444032918, 20.650749237857255], [-101.467443747393, 20.65070861367765]], [[-101.467443747393, 20.65070861367765], [-101.46740058848435, 20.650709231049305]], [[-101.46740124437171, 20.650749855230224], [-101.46740058848435, 20.650709231049305]], [[-101.46740058848435, 20.650709231049305], [-101.46735742957415, 20.650709848410177]], [[-101.46735808545004, 20.650750472592424], [-101.46735742957415, 20.650709848410177]], [[-101.46735742957415, 20.650709848410177], [-101.46731427066234, 20.650710465760277]], [[-101.46731492652681, 20.65075108994384], [-101.46731427066234, 20.650710465760277]], [[-101.46731427066234, 20.650710465760277], [-101.46727111174896, 20.6507110830996]], [[-101.46727176760199, 20.650751707284492], [-101.46727111174896, 20.6507110830996]], [[-101.46727111174896, 20.6507110830996], [-101.467227952834, 20.650711700428158]], [[-101.46722860867558, 20.65075232461437], [-101.467227952834, 20.650711700428158]], [[-101.467227952834, 20.650711700428158], [-101.46718479391745, 20.650712317745935]], [[-101.46718544974757, 20.650752941933465], [-101.46718479391745, 20.650712317745935]], [[-101.46718479391745, 20.650712317745935], [-101.46714163499931, 20.650712935052937]], [[-101.467142290818, 20.650753559241792], [-101.46714163499931, 20.650712935052937]], [[-101.46714163499931, 20.650712935052937], [-101.46709847607961, 20.650713552349167]], [[-101.46709913188685, 20.650754176539337], [-101.46709847607961, 20.650713552349167]], [[-101.46709847607961, 20.650713552349167], [-101.4670553171583, 20.650714169634615]], [[-101.46705597295411, 20.650754793826117], [-101.4670553171583, 20.650714169634615]], [[-101.4670553171583, 20.650714169634615], [-101.46701215823543, 20.650714786909294]], [[-101.4670128140198, 20.650755411102118], [-101.46701215823543, 20.650714786909294]], [[-101.46701215823543, 20.650714786909294], [-101.46696899931098, 20.650715404173198]], [[-101.4669696550839, 20.650756028367343], [-101.46696899931098, 20.650715404173198]], [[-101.46696899931098, 20.650715404173198], [-101.46692584038495, 20.65071602142633]], [[-101.46692649614641, 20.650756645621797], [-101.46692584038495, 20.65071602142633]], [[-101.46692584038495, 20.65071602142633], [-101.4668826814573, 20.65071663866868]], [[-101.46688333720735, 20.650757262865472], [-101.4668826814573, 20.65071663866868]], [[-101.4668826814573, 20.65071663866868], [-101.4668395225281, 20.650717255900258]], [[-101.4668401782667, 20.650757880098375], [-101.4668395225281, 20.650717255900258]], [[-101.4668395225281, 20.650717255900258], [-101.46679636359733, 20.65071787312107]], [[-101.46679701932446, 20.650758497320503], [-101.46679636359733, 20.65071787312107]], [[-101.46679636359733, 20.65071787312107], [-101.46675320466495, 20.650718490331098]], [[-101.46675386038065, 20.650759114531855], [-101.46675320466495, 20.650718490331098]], [[-101.46675320466495, 20.650718490331098], [-101.466710045731, 20.650719107530357]], [[-101.46671070143525, 20.65075973173244], [-101.466710045731, 20.650719107530357]], [[-101.466710045731, 20.650719107530357], [-101.46666688679547, 20.65071972471884]], [[-101.46666754248828, 20.65076034892224], [-101.46666688679547, 20.65071972471884]], [[-101.46666688679547, 20.65071972471884], [-101.46662372785835, 20.650720341896545]], [[-101.46662438353971, 20.65076096610127], [-101.46662372785835, 20.650720341896545]], [[-101.46662372785835, 20.650720341896545], [-101.46658056891965, 20.65072095906348]], [[-101.46658122458958, 20.650761583269524], [-101.46658056891965, 20.65072095906348]], [[-101.46658056891965, 20.65072095906348], [-101.46653740997938, 20.650721576219638]], [[-101.46653806563786, 20.650762200427], [-101.46653740997938, 20.650721576219638]], [[-101.46653740997938, 20.650721576219638], [-101.46649425103752, 20.650722193365016]], [[-101.46649490668456, 20.65076281757371], [-101.46649425103752, 20.650722193365016]], [[-101.46649425103752, 20.650722193365016], [-101.46645109209408, 20.650722810499623]], [[-101.46645174772966, 20.650763434709635], [-101.46645109209408, 20.650722810499623]], [[-101.46645109209408, 20.650722810499623], [-101.46640793314906, 20.65072342762346]], [[-101.46640858877319, 20.6507640518348], [-101.46640793314906, 20.65072342762346]], [[-101.46640793314906, 20.65072342762346], [-101.46636477420245, 20.650724044736524]], [[-101.46636542981516, 20.65076466894918], [-101.46636477420245, 20.650724044736524]], [[-101.46636477420245, 20.650724044736524], [-101.46632161525426, 20.650724661838808]], [[-101.46632227085551, 20.650765286052785], [-101.46632161525426, 20.650724661838808]], [[-101.46632161525426, 20.650724661838808], [-101.4662784563045, 20.650725278930317]], [[-101.4662791118943, 20.650765903145615], [-101.4662784563045, 20.650725278930317]], [[-101.4662784563045, 20.650725278930317], [-101.46623529735315, 20.650725896011053]], [[-101.46623595293151, 20.650766520227677], [-101.46623529735315, 20.650725896011053]], [[-101.46623529735315, 20.650725896011053], [-101.46619213840022, 20.650726513081015]], [[-101.46619279396714, 20.650767137298956], [-101.46619213840022, 20.650726513081015]], [[-101.46619213840022, 20.650726513081015], [-101.4661489794457, 20.6507271301402]], [[-101.46614963500117, 20.650767754359464], [-101.4661489794457, 20.6507271301402]], [[-101.46800481306126, 20.650700586865717], [-101.46800415701526, 20.6506599627031]], [[-101.46800415701526, 20.6506599627031], [-101.46796099813864, 20.65066058021349]], [[-101.4679616541732, 20.650701204377437], [-101.46796099813864, 20.65066058021349]], [[-101.46796099813864, 20.65066058021349], [-101.46791783926044, 20.650661197713113]], [[-101.46791849528354, 20.65070182187838], [-101.46791783926044, 20.650661197713113]], [[-101.46791783926044, 20.650661197713113], [-101.46787468038066, 20.65066181520196]], [[-101.46787533639231, 20.650702439368555], [-101.46787468038066, 20.65066181520196]], [[-101.46787468038066, 20.65066181520196], [-101.46783152149929, 20.65066243268004]], [[-101.4678321774995, 20.650703056847945], [-101.46783152149929, 20.65066243268004]], [[-101.46783152149929, 20.65066243268004], [-101.46778836261635, 20.650663050147333]], [[-101.4677890186051, 20.65070367431657], [-101.46778836261635, 20.650663050147333]], [[-101.46778836261635, 20.650663050147333], [-101.46774520373181, 20.650663667603855]], [[-101.46774585970914, 20.650704291774417], [-101.46774520373181, 20.650663667603855]], [[-101.46774520373181, 20.650663667603855], [-101.4677020448457, 20.650664285049608]], [[-101.46770270081159, 20.65070490922149], [-101.4677020448457, 20.650664285049608]], [[-101.4677020448457, 20.650664285049608], [-101.467658885958, 20.650664902484582]], [[-101.46765954191244, 20.650705526657788], [-101.467658885958, 20.650664902484582]], [[-101.467658885958, 20.650664902484582], [-101.46761572706872, 20.650665519908777]], [[-101.46761638301172, 20.65070614408331], [-101.46761572706872, 20.650665519908777]], [[-101.46761572706872, 20.650665519908777], [-101.46757256817786, 20.6506661373222]], [[-101.46757322410942, 20.650706761498054], [-101.46757256817786, 20.6506661373222]], [[-101.46757256817786, 20.6506661373222], [-101.46752940928542, 20.650666754724853]], [[-101.46753006520552, 20.65070737890203], [-101.46752940928542, 20.650666754724853]], [[-101.46752940928542, 20.650666754724853], [-101.46748625039139, 20.650667372116732]], [[-101.46748690630005, 20.650707996295232], [-101.46748625039139, 20.650667372116732]], [[-101.46748625039139, 20.650667372116732], [-101.46744309149578, 20.65066798949784]], [[-101.467443747393, 20.65070861367765], [-101.46744309149578, 20.65066798949784]], [[-101.46744309149578, 20.65066798949784], [-101.46739993259858, 20.650668606868162]], [[-101.46740058848435, 20.650709231049305], [-101.46739993259858, 20.650668606868162]], [[-101.46739993259858, 20.650668606868162], [-101.46735677369982, 20.650669224227716]], [[-101.46735742957415, 20.650709848410177], [-101.46735677369982, 20.650669224227716]], [[-101.46735677369982, 20.650669224227716], [-101.46731361479945, 20.65066984157649]], [[-101.46731427066234, 20.650710465760277], [-101.46731361479945, 20.65066984157649]], [[-101.46731361479945, 20.65066984157649], [-101.46727045589752, 20.650670458914497]], [[-101.46727111174896, 20.6507110830996], [-101.46727045589752, 20.650670458914497]], [[-101.46727045589752, 20.650670458914497], [-101.46722729699398, 20.650671076241725]], [[-101.467227952834, 20.650711700428158], [-101.46722729699398, 20.650671076241725]], [[-101.46722729699398, 20.650671076241725], [-101.4671841380889, 20.650671693558184]], [[-101.46718479391745, 20.650712317745935], [-101.4671841380889, 20.650671693558184]], [[-101.4671841380889, 20.650671693558184], [-101.4671409791822, 20.650672310863857]], [[-101.46714163499931, 20.650712935052937], [-101.4671409791822, 20.650672310863857]], [[-101.4671409791822, 20.650672310863857], [-101.46709782027393, 20.650672928158766]], [[-101.46709847607961, 20.650713552349167], [-101.46709782027393, 20.650672928158766]], [[-101.46709782027393, 20.650672928158766], [-101.46705466136409, 20.6506735454429]], [[-101.4670553171583, 20.650714169634615], [-101.46705466136409, 20.6506735454429]], [[-101.46705466136409, 20.6506735454429], [-101.46701150245265, 20.650674162716253]], [[-101.46701215823543, 20.650714786909294], [-101.46701150245265, 20.650674162716253]], [[-101.46701150245265, 20.650674162716253], [-101.46696834353965, 20.650674779978832]], [[-101.46696899931098, 20.650715404173198], [-101.46696834353965, 20.650674779978832]], [[-101.46696834353965, 20.650674779978832], [-101.46692518462504, 20.650675397230643]], [[-101.46692584038495, 20.65071602142633], [-101.46692518462504, 20.650675397230643]], [[-101.46692518462504, 20.650675397230643], [-101.46688202570887, 20.65067601447167]], [[-101.4668826814573, 20.65071663866868], [-101.46688202570887, 20.65067601447167]], [[-101.46688202570887, 20.65067601447167], [-101.46683886679111, 20.65067663170193]], [[-101.4668395225281, 20.650717255900258], [-101.46683886679111, 20.65067663170193]], [[-101.46683886679111, 20.65067663170193], [-101.46679570787177, 20.650677248921415]], [[-101.46679636359733, 20.65071787312107], [-101.46679570787177, 20.650677248921415]], [[-101.46679570787177, 20.650677248921415], [-101.46675254895084, 20.650677866130124]], [[-101.46675320466495, 20.650718490331098], [-101.46675254895084, 20.650677866130124]], [[-101.46675254895084, 20.650677866130124], [-101.46670939002833, 20.650678483328058]], [[-101.466710045731, 20.650719107530357], [-101.46670939002833, 20.650678483328058]], [[-101.46670939002833, 20.650678483328058], [-101.46666623110424, 20.650679100515216]], [[-101.46666688679547, 20.65071972471884], [-101.46666623110424, 20.650679100515216]], [[-101.46666623110424, 20.650679100515216], [-101.46662307217856, 20.650679717691602]], [[-101.46662372785835, 20.650720341896545], [-101.46662307217856, 20.650679717691602]], [[-101.46662307217856, 20.650679717691602], [-101.46657991325132, 20.650680334857213]], [[-101.46658056891965, 20.65072095906348], [-101.46657991325132, 20.650680334857213]], [[-101.46657991325132, 20.650680334857213], [-101.46653675432249, 20.65068095201205]], [[-101.46653740997938, 20.650721576219638], [-101.46653675432249, 20.65068095201205]], [[-101.46653675432249, 20.65068095201205], [-101.46649359539208, 20.650681569156113]], [[-101.46649425103752, 20.650722193365016], [-101.46649359539208, 20.650681569156113]], [[-101.46649359539208, 20.650681569156113], [-101.46645043646006, 20.650682186289398]], [[-101.46645109209408, 20.650722810499623], [-101.46645043646006, 20.650682186289398]], [[-101.46645043646006, 20.650682186289398], [-101.46640727752649, 20.65068280341191]], [[-101.46640793314906, 20.65072342762346], [-101.46640727752649, 20.65068280341191]], [[-101.46640727752649, 20.65068280341191], [-101.46636411859133, 20.650683420523645]], [[-101.46636477420245, 20.650724044736524], [-101.46636411859133, 20.650683420523645]], [[-101.46636411859133, 20.650683420523645], [-101.4663209596546, 20.650684037624607]], [[-101.46632161525426, 20.650724661838808], [-101.4663209596546, 20.650684037624607]], [[-101.4663209596546, 20.650684037624607], [-101.46627780071627, 20.650684654714794]], [[-101.4662784563045, 20.650725278930317], [-101.46627780071627, 20.650684654714794]], [[-101.46627780071627, 20.650684654714794], [-101.46623464177637, 20.65068527179421]], [[-101.46623529735315, 20.650725896011053], [-101.46623464177637, 20.65068527179421]], [[-101.46623464177637, 20.65068527179421], [-101.46619148283487, 20.65068588886285]], [[-101.46619213840022, 20.650726513081015], [-101.46619148283487, 20.65068588886285]], [[-101.46800415701526, 20.6506599627031], [-101.46800350097085, 20.650619338540263]], [[-101.46800350097085, 20.650619338540263], [-101.46796034210567, 20.65061995604934]], [[-101.46796099813864, 20.65066058021349], [-101.46796034210567, 20.65061995604934]], [[-101.46796034210567, 20.65061995604934], [-101.46791718323891, 20.65062057354764]], [[-101.46791783926044, 20.650661197713113], [-101.46791718323891, 20.65062057354764]], [[-101.46791718323891, 20.65062057354764], [-101.46787402437059, 20.65062119103516]], [[-101.46787468038066, 20.65066181520196], [-101.46787402437059, 20.65062119103516]], [[-101.46787402437059, 20.65062119103516], [-101.46783086550064, 20.650621808511914]], [[-101.46783152149929, 20.65066243268004], [-101.46783086550064, 20.650621808511914]], [[-101.46783086550064, 20.650621808511914], [-101.46778770662915, 20.65062242597789]], [[-101.46778836261635, 20.650663050147333], [-101.46778770662915, 20.65062242597789]], [[-101.46778770662915, 20.65062242597789], [-101.46774454775607, 20.65062304343309]], [[-101.46774520373181, 20.650663667603855], [-101.46774454775607, 20.65062304343309]], [[-101.46774454775607, 20.65062304343309], [-101.4677013888814, 20.650623660877518]], [[-101.4677020448457, 20.650664285049608], [-101.4677013888814, 20.650623660877518]], [[-101.4677013888814, 20.650623660877518], [-101.46765823000514, 20.650624278311167]], [[-101.467658885958, 20.650664902484582], [-101.46765823000514, 20.650624278311167]], [[-101.46765823000514, 20.650624278311167], [-101.4676150711273, 20.650624895734044]], [[-101.46761572706872, 20.650665519908777], [-101.4676150711273, 20.650624895734044]], [[-101.4676150711273, 20.650624895734044], [-101.46757191224789, 20.650625513146146]], [[-101.46757256817786, 20.6506661373222], [-101.46757191224789, 20.650625513146146]], [[-101.46757191224789, 20.650625513146146], [-101.46752875336689, 20.650626130547476]], [[-101.46752940928542, 20.650666754724853], [-101.46752875336689, 20.650626130547476]], [[-101.46752875336689, 20.650626130547476], [-101.46748559448432, 20.65062674793803]], [[-101.46748625039139, 20.650667372116732], [-101.46748559448432, 20.65062674793803]], [[-101.46748559448432, 20.65062674793803], [-101.46744243560015, 20.65062736531781]], [[-101.46744309149578, 20.65066798949784], [-101.46744243560015, 20.65062736531781]], [[-101.46744243560015, 20.65062736531781], [-101.4673992767144, 20.650627982686817]], [[-101.46739993259858, 20.650668606868162], [-101.4673992767144, 20.650627982686817]], [[-101.4673992767144, 20.650627982686817], [-101.46735611782707, 20.650628600045046]], [[-101.46735677369982, 20.650669224227716], [-101.46735611782707, 20.650628600045046]], [[-101.46735611782707, 20.650628600045046], [-101.46731295893815, 20.650629217392495]], [[-101.46731361479945, 20.65066984157649], [-101.46731295893815, 20.650629217392495]], [[-101.46731295893815, 20.650629217392495], [-101.46726980004766, 20.65062983472918]], [[-101.46727045589752, 20.650670458914497], [-101.46726980004766, 20.65062983472918]], [[-101.46726980004766, 20.65062983472918], [-101.46722664115558, 20.650630452055086]], [[-101.46722729699398, 20.650671076241725], [-101.46722664115558, 20.650630452055086]], [[-101.46722664115558, 20.650630452055086], [-101.46718348226192, 20.650631069370217]], [[-101.4671841380889, 20.650671693558184], [-101.46718348226192, 20.650631069370217]], [[-101.46718348226192, 20.650631069370217], [-101.46714032336668, 20.650631686674576]], [[-101.4671409791822, 20.650672310863857], [-101.46714032336668, 20.650631686674576]], [[-101.46714032336668, 20.650631686674576], [-101.46709716446985, 20.650632303968163]], [[-101.46709782027393, 20.650672928158766], [-101.46709716446985, 20.650632303968163]], [[-101.46709716446985, 20.650632303968163], [-101.46705400557144, 20.650632921250967]], [[-101.46705466136409, 20.6506735454429], [-101.46705400557144, 20.650632921250967]], [[-101.46705400557144, 20.650632921250967], [-101.46701084667146, 20.650633538523003]], [[-101.46701150245265, 20.650674162716253], [-101.46701084667146, 20.650633538523003]], [[-101.46701084667146, 20.650633538523003], [-101.4669676877699, 20.650634155784267]], [[-101.46696834353965, 20.650674779978832], [-101.4669676877699, 20.650634155784267]], [[-101.4669676877699, 20.650634155784267], [-101.46692452886674, 20.650634773034746]], [[-101.46692518462504, 20.650675397230643], [-101.46692452886674, 20.650634773034746]], [[-101.46692452886674, 20.650634773034746], [-101.466881369962, 20.650635390274456]], [[-101.46688202570887, 20.65067601447167], [-101.466881369962, 20.650635390274456]], [[-101.466881369962, 20.650635390274456], [-101.46683821105569, 20.650636007503394]], [[-101.46683886679111, 20.65067663170193], [-101.46683821105569, 20.650636007503394]], [[-101.46683821105569, 20.650636007503394], [-101.46679505214779, 20.650636624721553]], [[-101.46679570787177, 20.650677248921415], [-101.46679505214779, 20.650636624721553]], [[-101.46679505214779, 20.650636624721553], [-101.46675189323831, 20.65063724192894]], [[-101.46675254895084, 20.650677866130124], [-101.46675189323831, 20.65063724192894]], [[-101.46675189323831, 20.65063724192894], [-101.46670873432726, 20.650637859125553]], [[-101.46670939002833, 20.650678483328058], [-101.46670873432726, 20.650637859125553]], [[-101.46670873432726, 20.650637859125553], [-101.4666655754146, 20.65063847631139]], [[-101.46666623110424, 20.650679100515216], [-101.4666655754146, 20.65063847631139]], [[-101.4666655754146, 20.65063847631139], [-101.46662241650039, 20.650639093486454]], [[-101.46662307217856, 20.650679717691602], [-101.46662241650039, 20.650639093486454]], [[-101.46662241650039, 20.650639093486454], [-101.46657925758457, 20.650639710650744]], [[-101.46657991325132, 20.650680334857213], [-101.46657925758457, 20.650639710650744]], [[-101.46657925758457, 20.650639710650744], [-101.46653609866718, 20.650640327804254]], [[-101.46653675432249, 20.65068095201205], [-101.46653609866718, 20.650640327804254]], [[-101.46653609866718, 20.650640327804254], [-101.4664929397482, 20.650640944946993]], [[-101.46649359539208, 20.650681569156113], [-101.4664929397482, 20.650640944946993]], [[-101.4664929397482, 20.650640944946993], [-101.46644978082766, 20.65064156207896]], [[-101.46645043646006, 20.650682186289398], [-101.46644978082766, 20.65064156207896]], [[-101.46644978082766, 20.65064156207896], [-101.46640662190552, 20.650642179200148]], [[-101.46640727752649, 20.65068280341191], [-101.46640662190552, 20.650642179200148]], [[-101.46640662190552, 20.650642179200148], [-101.4663634629818, 20.650642796310567]], [[-101.46636411859133, 20.650683420523645], [-101.4663634629818, 20.650642796310567]], [[-101.4663634629818, 20.650642796310567], [-101.4663203040565, 20.650643413410208]], [[-101.4663209596546, 20.650684037624607], [-101.4663203040565, 20.650643413410208]], [[-101.4663203040565, 20.650643413410208], [-101.46627714512962, 20.650644030499073]], [[-101.46627780071627, 20.650684654714794], [-101.46627714512962, 20.650644030499073]], [[-101.46627714512962, 20.650644030499073], [-101.46623398620116, 20.650644647577163]], [[-101.46623464177637, 20.65068527179421], [-101.46623398620116, 20.650644647577163]], [[-101.46800350097085, 20.650619338540263], [-101.46800284492802, 20.65057871437722]], [[-101.46800284492802, 20.65057871437722], [-101.4679596860743, 20.650579331884977]], [[-101.46796034210567, 20.65061995604934], [-101.4679596860743, 20.650579331884977]], [[-101.4679596860743, 20.650579331884977], [-101.46791652721897, 20.650579949381957]], [[-101.46791718323891, 20.65062057354764], [-101.46791652721897, 20.650579949381957]], [[-101.46791652721897, 20.650579949381957], [-101.46787336836208, 20.650580566868157]], [[-101.46787402437059, 20.65062119103516], [-101.46787336836208, 20.650580566868157]], [[-101.46787336836208, 20.650580566868157], [-101.4678302095036, 20.650581184343583]], [[-101.46783086550064, 20.650621808511914], [-101.4678302095036, 20.650581184343583]], [[-101.4678302095036, 20.650581184343583], [-101.46778705064354, 20.650581801808233]], [[-101.46778770662915, 20.65062242597789], [-101.46778705064354, 20.650581801808233]], [[-101.46778705064354, 20.650581801808233], [-101.46774389178191, 20.650582419262115]], [[-101.46774454775607, 20.65062304343309], [-101.46774389178191, 20.650582419262115]], [[-101.46774389178191, 20.650582419262115], [-101.46770073291867, 20.65058303670522]], [[-101.4677013888814, 20.650623660877518], [-101.46770073291867, 20.65058303670522]], [[-101.46770073291867, 20.65058303670522], [-101.46765757405387, 20.65058365413755]], [[-101.46765823000514, 20.650624278311167], [-101.46765757405387, 20.65058365413755]], [[-101.46765757405387, 20.65058365413755], [-101.46761441518747, 20.6505842715591]], [[-101.4676150711273, 20.650624895734044], [-101.46761441518747, 20.6505842715591]], [[-101.46761441518747, 20.6505842715591], [-101.4675712563195, 20.650584888969888]], [[-101.46757191224789, 20.650625513146146], [-101.4675712563195, 20.650584888969888]], [[-101.4675712563195, 20.650584888969888], [-101.46752809744996, 20.65058550636989]], [[-101.46752875336689, 20.650626130547476], [-101.46752809744996, 20.65058550636989]], [[-101.46752809744996, 20.65058550636989], [-101.4674849385788, 20.650586123759123]], [[-101.46748559448432, 20.65062674793803], [-101.4674849385788, 20.650586123759123]], [[-101.4674849385788, 20.650586123759123], [-101.46744177970609, 20.650586741137577]], [[-101.46744243560015, 20.65062736531781], [-101.46744177970609, 20.650586741137577]], [[-101.46744177970609, 20.650586741137577], [-101.46739862083179, 20.650587358505256]], [[-101.4673992767144, 20.650627982686817], [-101.46739862083179, 20.650587358505256]], [[-101.46739862083179, 20.650587358505256], [-101.46735546195589, 20.650587975862166]], [[-101.46735611782707, 20.650628600045046], [-101.46735546195589, 20.650587975862166]], [[-101.46735546195589, 20.650587975862166], [-101.46731230307843, 20.6505885932083]], [[-101.46731295893815, 20.650629217392495], [-101.46731230307843, 20.6505885932083]], [[-101.46731230307843, 20.6505885932083], [-101.46726914419938, 20.65058921054366]], [[-101.46726980004766, 20.65062983472918], [-101.46726914419938, 20.65058921054366]], [[-101.46726914419938, 20.65058921054366], [-101.46722598531875, 20.65058982786824]], [[-101.46722664115558, 20.650630452055086], [-101.46722598531875, 20.65058982786824]], [[-101.46722598531875, 20.65058982786824], [-101.46718282643653, 20.65059044518205]], [[-101.46718348226192, 20.650631069370217], [-101.46718282643653, 20.65059044518205]], [[-101.46718282643653, 20.65059044518205], [-101.46713966755274, 20.650591062485088]], [[-101.46714032336668, 20.650631686674576], [-101.46713966755274, 20.650591062485088]], [[-101.46713966755274, 20.650591062485088], [-101.46709650866735, 20.650591679777346]], [[-101.46709716446985, 20.650632303968163], [-101.46709650866735, 20.650591679777346]], [[-101.46709650866735, 20.650591679777346], [-101.4670533497804, 20.650592297058832]], [[-101.46705400557144, 20.650632921250967], [-101.4670533497804, 20.650592297058832]], [[-101.4670533497804, 20.650592297058832], [-101.46701019089186, 20.650592914329547]], [[-101.46701084667146, 20.650633538523003], [-101.46701019089186, 20.650592914329547]], [[-101.46701019089186, 20.650592914329547], [-101.46696703200173, 20.650593531589482]], [[-101.4669676877699, 20.650634155784267], [-101.46696703200173, 20.650593531589482]], [[-101.46696703200173, 20.650593531589482], [-101.46692387311002, 20.650594148838646]], [[-101.46692452886674, 20.650634773034746], [-101.46692387311002, 20.650594148838646]], [[-101.46692387311002, 20.650594148838646], [-101.46688071421673, 20.650594766077035]], [[-101.466881369962, 20.650635390274456], [-101.46688071421673, 20.650594766077035]], [[-101.46688071421673, 20.650594766077035], [-101.46683755532186, 20.650595383304644]], [[-101.46683821105569, 20.650636007503394], [-101.46683755532186, 20.650595383304644]], [[-101.46683755532186, 20.650595383304644], [-101.4667943964254, 20.65059600052149]], [[-101.46679505214779, 20.650636624721553], [-101.4667943964254, 20.65059600052149]], [[-101.4667943964254, 20.65059600052149], [-101.46675123752736, 20.650596617727548]], [[-101.46675189323831, 20.65063724192894], [-101.46675123752736, 20.650596617727548]], [[-101.46675123752736, 20.650596617727548], [-101.46670807862775, 20.650597234922838]], [[-101.46670873432726, 20.650637859125553], [-101.46670807862775, 20.650597234922838]], [[-101.46670807862775, 20.650597234922838], [-101.46666491972654, 20.650597852107357]], [[-101.4666655754146, 20.65063847631139], [-101.46666491972654, 20.650597852107357]], [[-101.46666491972654, 20.650597852107357], [-101.46662176082377, 20.6505984692811]], [[-101.46662241650039, 20.650639093486454], [-101.46662176082377, 20.6505984692811]], [[-101.46662176082377, 20.6505984692811], [-101.4665786019194, 20.650599086444064]], [[-101.46657925758457, 20.650639710650744], [-101.4665786019194, 20.650599086444064]], [[-101.4665786019194, 20.650599086444064], [-101.46653544301344, 20.650599703596253]], [[-101.46653609866718, 20.650640327804254], [-101.46653544301344, 20.650599703596253]], [[-101.46653544301344, 20.650599703596253], [-101.46649228410591, 20.65060032073767]], [[-101.4664929397482, 20.650640944946993], [-101.46649228410591, 20.65060032073767]], [[-101.46649228410591, 20.65060032073767], [-101.46644912519682, 20.650600937868315]], [[-101.46644978082766, 20.65064156207896], [-101.46644912519682, 20.650600937868315]], [[-101.46644912519682, 20.650600937868315], [-101.46640596628612, 20.650601554988185]], [[-101.46640662190552, 20.650642179200148], [-101.46640596628612, 20.650601554988185]], [[-101.46640596628612, 20.650601554988185], [-101.46636280737384, 20.65060217209728]], [[-101.4663634629818, 20.650642796310567], [-101.46636280737384, 20.65060217209728]], [[-101.46636280737384, 20.65060217209728], [-101.46631964846, 20.650602789195595]], [[-101.4663203040565, 20.650643413410208], [-101.46631964846, 20.650602789195595]], [[-101.46631964846, 20.650602789195595], [-101.46627648954455, 20.650603406283143]], [[-101.46627714512962, 20.650644030499073], [-101.46627648954455, 20.650603406283143]], [[-101.46800284492802, 20.65057871437722], [-101.46800218888679, 20.650538090213978]], [[-101.46800218888679, 20.650538090213978], [-101.4679590300445, 20.650538707720404]], [[-101.4679596860743, 20.650579331884977], [-101.4679590300445, 20.650538707720404]], [[-101.4679590300445, 20.650538707720404], [-101.46791587120062, 20.650539325216055]], [[-101.46791652721897, 20.650579949381957], [-101.46791587120062, 20.650539325216055]], [[-101.46791587120062, 20.650539325216055], [-101.46787271235517, 20.65053994270094]], [[-101.46787336836208, 20.650580566868157], [-101.46787271235517, 20.65053994270094]], [[-101.46787271235517, 20.65053994270094], [-101.46782955350814, 20.650540560175042]], [[-101.4678302095036, 20.650581184343583], [-101.46782955350814, 20.650540560175042]], [[-101.46782955350814, 20.650540560175042], [-101.46778639465951, 20.650541177638374]], [[-101.46778705064354, 20.650581801808233], [-101.46778639465951, 20.650541177638374]], [[-101.46778639465951, 20.650541177638374], [-101.46774323580932, 20.650541795090927]], [[-101.46774389178191, 20.650582419262115], [-101.46774323580932, 20.650541795090927]], [[-101.46774323580932, 20.650541795090927], [-101.46770007695754, 20.650542412532705]], [[-101.46770073291867, 20.65058303670522], [-101.46770007695754, 20.650542412532705]], [[-101.46770007695754, 20.650542412532705], [-101.46765691810417, 20.650543029963714]], [[-101.46765757405387, 20.65058365413755], [-101.46765691810417, 20.650543029963714]], [[-101.46765691810417, 20.650543029963714], [-101.46761375924923, 20.650543647383945]], [[-101.46761441518747, 20.6505842715591], [-101.46761375924923, 20.650543647383945]], [[-101.46761375924923, 20.650543647383945], [-101.46757060039269, 20.650544264793403]], [[-101.4675712563195, 20.650584888969888], [-101.46757060039269, 20.650544264793403]], [[-101.46757060039269, 20.650544264793403], [-101.46752744153459, 20.650544882192087]], [[-101.46752809744996, 20.65058550636989], [-101.46752744153459, 20.650544882192087]], [[-101.46752744153459, 20.650544882192087], [-101.46748428267489, 20.650545499579994]], [[-101.4674849385788, 20.650586123759123], [-101.46748428267489, 20.650545499579994]], [[-101.46748428267489, 20.650545499579994], [-101.46744112381361, 20.650546116957127]], [[-101.46744177970609, 20.650586741137577], [-101.46744112381361, 20.650546116957127]], [[-101.46744112381361, 20.650546116957127], [-101.46739796495075, 20.650546734323488]], [[-101.46739862083179, 20.650587358505256], [-101.46739796495075, 20.650546734323488]], [[-101.46739796495075, 20.650546734323488], [-101.4673548060863, 20.650547351679073]], [[-101.46735546195589, 20.650587975862166], [-101.4673548060863, 20.650547351679073]], [[-101.4673548060863, 20.650547351679073], [-101.46731164722028, 20.650547969023886]], [[-101.46731230307843, 20.6505885932083], [-101.46731164722028, 20.650547969023886]], [[-101.46731164722028, 20.650547969023886], [-101.46726848835269, 20.650548586357917]], [[-101.46726914419938, 20.65058921054366], [-101.46726848835269, 20.650548586357917]], [[-101.46726848835269, 20.650548586357917], [-101.46722532948348, 20.650549203681184]], [[-101.46722598531875, 20.65058982786824], [-101.46722532948348, 20.650549203681184]], [[-101.46722532948348, 20.650549203681184], [-101.46718217061273, 20.650549820993668]], [[-101.46718282643653, 20.65059044518205], [-101.46718217061273, 20.650549820993668]], [[-101.46718217061273, 20.650549820993668], [-101.46713901174037, 20.650550438295383]], [[-101.46713966755274, 20.650591062485088], [-101.46713901174037, 20.650550438295383]], [[-101.46713901174037, 20.650550438295383], [-101.46709585286644, 20.650551055586323]], [[-101.46709650866735, 20.650591679777346], [-101.46709585286644, 20.650551055586323]], [[-101.46709585286644, 20.650551055586323], [-101.46705269399092, 20.650551672866484]], [[-101.4670533497804, 20.650592297058832], [-101.46705269399092, 20.650551672866484]], [[-101.46705269399092, 20.650551672866484], [-101.46700953511382, 20.650552290135877]], [[-101.46701019089186, 20.650592914329547], [-101.46700953511382, 20.650552290135877]], [[-101.46700953511382, 20.650552290135877], [-101.46696637623513, 20.650552907394495]], [[-101.46696703200173, 20.650593531589482], [-101.46696637623513, 20.650552907394495]], [[-101.46696637623513, 20.650552907394495], [-101.46692321735486, 20.650553524642326]], [[-101.46692387311002, 20.650594148838646], [-101.46692321735486, 20.650553524642326]], [[-101.46692321735486, 20.650553524642326], [-101.46688005847302, 20.650554141879393]], [[-101.46688071421673, 20.650594766077035], [-101.46688005847302, 20.650554141879393]], [[-101.46688005847302, 20.650554141879393], [-101.4668368995896, 20.650554759105685]], [[-101.46683755532186, 20.650595383304644], [-101.4668368995896, 20.650554759105685]], [[-101.4668368995896, 20.650554759105685], [-101.46679374070459, 20.650555376321204]], [[-101.4667943964254, 20.65059600052149], [-101.46679374070459, 20.650555376321204]], [[-101.46679374070459, 20.650555376321204], [-101.46675058181799, 20.650555993525945]], [[-101.46675123752736, 20.650596617727548], [-101.46675058181799, 20.650555993525945]], [[-101.46675058181799, 20.650555993525945], [-101.46670742292983, 20.650556610719914]], [[-101.46670807862775, 20.650597234922838], [-101.46670742292983, 20.650556610719914]], [[-101.46670742292983, 20.650556610719914], [-101.46666426404006, 20.650557227903104]], [[-101.46666491972654, 20.650597852107357], [-101.46666426404006, 20.650557227903104]], [[-101.46666426404006, 20.650557227903104], [-101.46662110514873, 20.650557845075525]], [[-101.46662176082377, 20.6505984692811], [-101.46662110514873, 20.650557845075525]], [[-101.46662110514873, 20.650557845075525], [-101.46657794625581, 20.65055846223717]], [[-101.4665786019194, 20.650599086444064], [-101.46657794625581, 20.65055846223717]], [[-101.46657794625581, 20.65055846223717], [-101.46653478736131, 20.650559079388042]], [[-101.46653544301344, 20.650599703596253], [-101.46653478736131, 20.650559079388042]], [[-101.46653478736131, 20.650559079388042], [-101.46649162846522, 20.650559696528134]], [[-101.46649228410591, 20.65060032073767], [-101.46649162846522, 20.650559696528134]], [[-101.46649162846522, 20.650559696528134], [-101.46644846956755, 20.650560313657454]], [[-101.46644912519682, 20.650600937868315], [-101.46644846956755, 20.650560313657454]], [[-101.46644846956755, 20.650560313657454], [-101.4664053106683, 20.650560930776]], [[-101.46640596628612, 20.650601554988185], [-101.4664053106683, 20.650560930776]], [[-101.4664053106683, 20.650560930776], [-101.46636215176748, 20.650561547883772]], [[-101.46636280737384, 20.65060217209728], [-101.46636215176748, 20.650561547883772]], [[-101.46636215176748, 20.650561547883772], [-101.46631899286507, 20.65056216498077]], [[-101.46631964846, 20.650602789195595], [-101.46631899286507, 20.65056216498077]], [[-101.46800218888679, 20.650538090213978], [-101.46800153284711, 20.650497466050513]], [[-101.46800153284711, 20.650497466050513], [-101.46795837401628, 20.650498083555615]], [[-101.4679590300445, 20.650538707720404], [-101.46795837401628, 20.650498083555615]], [[-101.46795837401628, 20.650498083555615], [-101.46791521518385, 20.650498701049944]], [[-101.46791587120062, 20.650539325216055], [-101.46791521518385, 20.650498701049944]], [[-101.46791521518385, 20.650498701049944], [-101.46787205634985, 20.650499318533505]], [[-101.46787271235517, 20.65053994270094], [-101.46787205634985, 20.650499318533505]], [[-101.46787205634985, 20.650499318533505], [-101.46782889751425, 20.65049993600628]], [[-101.46782955350814, 20.650540560175042], [-101.46782889751425, 20.65049993600628]], [[-101.46782889751425, 20.65049993600628], [-101.46778573867708, 20.650500553468294]], [[-101.46778639465951, 20.650541177638374], [-101.46778573867708, 20.650500553468294]], [[-101.46778573867708, 20.650500553468294], [-101.46774257983833, 20.65050117091953]], [[-101.46774323580932, 20.650541795090927], [-101.46774257983833, 20.65050117091953]], [[-101.46774257983833, 20.65050117091953], [-101.46769942099799, 20.65050178835998]], [[-101.46770007695754, 20.650542412532705], [-101.46769942099799, 20.65050178835998]], [[-101.46769942099799, 20.65050178835998], [-101.46765626215607, 20.650502405789666]], [[-101.46765691810417, 20.650543029963714], [-101.46765626215607, 20.650502405789666]], [[-101.46765626215607, 20.650502405789666], [-101.46761310331256, 20.65050302320857]], [[-101.46761375924923, 20.650543647383945], [-101.46761310331256, 20.65050302320857]], [[-101.46761310331256, 20.65050302320857], [-101.46756994446747, 20.65050364061671]], [[-101.46757060039269, 20.650544264793403], [-101.46756994446747, 20.65050364061671]], [[-101.46756994446747, 20.65050364061671], [-101.4675267856208, 20.650504258014074]], [[-101.46752744153459, 20.650544882192087], [-101.4675267856208, 20.650504258014074]], [[-101.4675267856208, 20.650504258014074], [-101.46748362677256, 20.650504875400657]], [[-101.46748428267489, 20.650545499579994], [-101.46748362677256, 20.650504875400657]], [[-101.46748362677256, 20.650504875400657], [-101.46744046792273, 20.650505492776468]], [[-101.46744112381361, 20.650546116957127], [-101.46744046792273, 20.650505492776468]], [[-101.46744046792273, 20.650505492776468], [-101.4673973090713, 20.650506110141507]], [[-101.46739796495075, 20.650546734323488], [-101.4673973090713, 20.650506110141507]], [[-101.4673973090713, 20.650506110141507], [-101.4673541502183, 20.65050672749577]], [[-101.4673548060863, 20.650547351679073], [-101.4673541502183, 20.65050672749577]], [[-101.4673541502183, 20.65050672749577], [-101.46731099136373, 20.650507344839255]], [[-101.46731164722028, 20.650547969023886], [-101.46731099136373, 20.650507344839255]], [[-101.46731099136373, 20.650507344839255], [-101.46726783250757, 20.65050796217197]], [[-101.46726848835269, 20.650548586357917], [-101.46726783250757, 20.65050796217197]], [[-101.46726783250757, 20.65050796217197], [-101.46722467364982, 20.65050857949391]], [[-101.46722532948348, 20.650549203681184], [-101.46722467364982, 20.65050857949391]], [[-101.46722467364982, 20.65050857949391], [-101.4671815147905, 20.650509196805075]], [[-101.46718217061273, 20.650549820993668], [-101.4671815147905, 20.650509196805075]], [[-101.4671815147905, 20.650509196805075], [-101.46713835592958, 20.65050981410546]], [[-101.46713901174037, 20.650550438295383], [-101.46713835592958, 20.65050981410546]], [[-101.46713835592958, 20.65050981410546], [-101.4670951970671, 20.65051043139508]], [[-101.46709585286644, 20.650551055586323], [-101.4670951970671, 20.65051043139508]], [[-101.4670951970671, 20.65051043139508], [-101.46705203820302, 20.650511048673923]], [[-101.46705269399092, 20.650551672866484], [-101.46705203820302, 20.650511048673923]], [[-101.46705203820302, 20.650511048673923], [-101.46700887933737, 20.65051166594199]], [[-101.46700953511382, 20.650552290135877], [-101.46700887933737, 20.65051166594199]], [[-101.46700887933737, 20.65051166594199], [-101.46696572047013, 20.65051228319928]], [[-101.46696637623513, 20.650552907394495], [-101.46696572047013, 20.65051228319928]], [[-101.46696572047013, 20.65051228319928], [-101.46692256160131, 20.650512900445797]], [[-101.46692321735486, 20.650553524642326], [-101.46692256160131, 20.650512900445797]], [[-101.46692256160131, 20.650512900445797], [-101.46687940273091, 20.650513517681542]], [[-101.46688005847302, 20.650554141879393], [-101.46687940273091, 20.650513517681542]], [[-101.46687940273091, 20.650513517681542], [-101.46683624385892, 20.650514134906512]], [[-101.4668368995896, 20.650554759105685], [-101.46683624385892, 20.650514134906512]], [[-101.46683624385892, 20.650514134906512], [-101.46679308498535, 20.650514752120706]], [[-101.46679374070459, 20.650555376321204], [-101.46679308498535, 20.650514752120706]], [[-101.46679308498535, 20.650514752120706], [-101.4667499261102, 20.65051536932413]], [[-101.46675058181799, 20.650555993525945], [-101.4667499261102, 20.65051536932413]], [[-101.4667499261102, 20.65051536932413], [-101.46670676723348, 20.650515986516773]], [[-101.46670742292983, 20.650556610719914], [-101.46670676723348, 20.650515986516773]], [[-101.46670676723348, 20.650515986516773], [-101.46666360835516, 20.65051660369864]], [[-101.46666426404006, 20.650557227903104], [-101.46666360835516, 20.65051660369864]], [[-101.46666360835516, 20.65051660369864], [-101.46662044947527, 20.65051722086974]], [[-101.46662110514873, 20.650557845075525], [-101.46662044947527, 20.65051722086974]], [[-101.46662044947527, 20.65051722086974], [-101.46657729059379, 20.65051783803006]], [[-101.46657794625581, 20.65055846223717], [-101.46657729059379, 20.65051783803006]], [[-101.46657729059379, 20.65051783803006], [-101.46653413171073, 20.65051845517961]], [[-101.46653478736131, 20.650559079388042], [-101.46653413171073, 20.65051845517961]], [[-101.46653413171073, 20.65051845517961], [-101.4664909728261, 20.650519072318378]], [[-101.46649162846522, 20.650559696528134], [-101.4664909728261, 20.650519072318378]], [[-101.4664909728261, 20.650519072318378], [-101.46644781393988, 20.650519689446384]], [[-101.46644846956755, 20.650560313657454], [-101.46644781393988, 20.650519689446384]], [[-101.46644781393988, 20.650519689446384], [-101.46640465505207, 20.6505203065636]], [[-101.4664053106683, 20.650560930776], [-101.46640465505207, 20.6505203065636]], [[-101.46800153284711, 20.650497466050513], [-101.46800087680903, 20.650456841886843]], [[-101.46800087680903, 20.650456841886843], [-101.46795771798963, 20.650457459390623]], [[-101.46795837401628, 20.650498083555615], [-101.46795771798963, 20.650457459390623]], [[-101.46795771798963, 20.650457459390623], [-101.46791455916866, 20.65045807688363]], [[-101.46791521518385, 20.650498701049944], [-101.46791455916866, 20.65045807688363]], [[-101.46791455916866, 20.65045807688363], [-101.46787140034608, 20.650458694365863]], [[-101.46787205634985, 20.650499318533505], [-101.46787140034608, 20.650458694365863]], [[-101.46787140034608, 20.650458694365863], [-101.46782824152194, 20.650459311837324]], [[-101.46782889751425, 20.65049993600628], [-101.46782824152194, 20.650459311837324]], [[-101.46782824152194, 20.650459311837324], [-101.46778508269622, 20.650459929298002]], [[-101.46778573867708, 20.650500553468294], [-101.46778508269622, 20.650459929298002]], [[-101.46778508269622, 20.650459929298002], [-101.46774192386891, 20.650460546747915]], [[-101.46774257983833, 20.65050117091953], [-101.46774192386891, 20.650460546747915]], [[-101.46774192386891, 20.650460546747915], [-101.46769876504001, 20.650461164187057]], [[-101.46769942099799, 20.65050178835998], [-101.46769876504001, 20.650461164187057]], [[-101.46769876504001, 20.650461164187057], [-101.46765560620953, 20.65046178161541]], [[-101.46765626215607, 20.650502405789666], [-101.46765560620953, 20.65046178161541]], [[-101.46765560620953, 20.65046178161541], [-101.46761244737748, 20.650462399033003]], [[-101.46761310331256, 20.65050302320857], [-101.46761244737748, 20.650462399033003]], [[-101.46761244737748, 20.650462399033003], [-101.46756928854383, 20.65046301643981]], [[-101.46756994446747, 20.65050364061671], [-101.46756928854383, 20.65046301643981]], [[-101.46756928854383, 20.65046301643981], [-101.46752612970862, 20.650463633835848]], [[-101.4675267856208, 20.650504258014074], [-101.46752612970862, 20.650463633835848]], [[-101.46752612970862, 20.650463633835848], [-101.4674829708718, 20.650464251221113]], [[-101.46748362677256, 20.650504875400657], [-101.4674829708718, 20.650464251221113]], [[-101.4674829708718, 20.650464251221113], [-101.46743981203342, 20.650464868595602]], [[-101.46744046792273, 20.650505492776468], [-101.46743981203342, 20.650464868595602]], [[-101.46743981203342, 20.650464868595602], [-101.46739665319345, 20.650465485959316]], [[-101.4673973090713, 20.650506110141507], [-101.46739665319345, 20.650465485959316]], [[-101.46739665319345, 20.650465485959316], [-101.46735349435188, 20.650466103312258]], [[-101.4673541502183, 20.65050672749577], [-101.46735349435188, 20.650466103312258]], [[-101.46735349435188, 20.650466103312258], [-101.46731033550876, 20.65046672065442]], [[-101.46731099136373, 20.650507344839255], [-101.46731033550876, 20.65046672065442]], [[-101.46731033550876, 20.65046672065442], [-101.46726717666402, 20.65046733798582]], [[-101.46726783250757, 20.65050796217197], [-101.46726717666402, 20.65046733798582]], [[-101.46726717666402, 20.65046733798582], [-101.46722401781774, 20.650467955306432]], [[-101.46722467364982, 20.65050857949391], [-101.46722401781774, 20.650467955306432]], [[-101.46722401781774, 20.650467955306432], [-101.46718085896985, 20.650468572616276]], [[-101.4671815147905, 20.650509196805075], [-101.46718085896985, 20.650468572616276]], [[-101.46718085896985, 20.650468572616276], [-101.46713770012039, 20.65046918991534]], [[-101.46713835592958, 20.65050981410546], [-101.46713770012039, 20.65046918991534]], [[-101.46713770012039, 20.65046918991534], [-101.46709454126933, 20.650469807203635]], [[-101.4670951970671, 20.65051043139508], [-101.46709454126933, 20.650469807203635]], [[-101.46709454126933, 20.650469807203635], [-101.46705138241671, 20.650470424481153]], [[-101.46705203820302, 20.650511048673923], [-101.46705138241671, 20.650470424481153]], [[-101.46705138241671, 20.650470424481153], [-101.4670082235625, 20.6504710417479]], [[-101.46700887933737, 20.65051166594199], [-101.4670082235625, 20.6504710417479]], [[-101.4670082235625, 20.6504710417479], [-101.4669650647067, 20.650471659003866]], [[-101.46696572047013, 20.65051228319928], [-101.4669650647067, 20.650471659003866]], [[-101.4669650647067, 20.650471659003866], [-101.46692190584932, 20.650472276249065]], [[-101.46692256160131, 20.650512900445797], [-101.46692190584932, 20.650472276249065]], [[-101.46692190584932, 20.650472276249065], [-101.46687874699037, 20.65047289348348]], [[-101.46687940273091, 20.650513517681542], [-101.46687874699037, 20.65047289348348]], [[-101.46687874699037, 20.65047289348348], [-101.46683558812983, 20.650473510707137]], [[-101.46683624385892, 20.650514134906512], [-101.46683558812983, 20.650473510707137]], [[-101.46683558812983, 20.650473510707137], [-101.46679242926771, 20.650474127920003]], [[-101.46679308498535, 20.650514752120706], [-101.46679242926771, 20.650474127920003]], [[-101.46679242926771, 20.650474127920003], [-101.46674927040401, 20.650474745122104]], [[-101.4667499261102, 20.65051536932413], [-101.46674927040401, 20.650474745122104]], [[-101.46674927040401, 20.650474745122104], [-101.46670611153873, 20.650475362313422]], [[-101.46670676723348, 20.650515986516773], [-101.46670611153873, 20.650475362313422]], [[-101.46670611153873, 20.650475362313422], [-101.46666295267185, 20.650475979493976]], [[-101.46666360835516, 20.65051660369864], [-101.46666295267185, 20.650475979493976]], [[-101.46666295267185, 20.650475979493976], [-101.4666197938034, 20.650476596663744]], [[-101.46662044947527, 20.65051722086974], [-101.4666197938034, 20.650476596663744]], [[-101.4666197938034, 20.650476596663744], [-101.46657663493336, 20.65047721382275]], [[-101.46657729059379, 20.65051783803006], [-101.46657663493336, 20.65047721382275]], [[-101.46657663493336, 20.65047721382275], [-101.46653347606176, 20.650477830970974]], [[-101.46653413171073, 20.65051845517961], [-101.46653347606176, 20.650477830970974]], [[-101.46653347606176, 20.650477830970974], [-101.46649031718856, 20.650478448108426]], [[-101.4664909728261, 20.650519072318378], [-101.46649031718856, 20.650478448108426]], [[-101.46649031718856, 20.650478448108426], [-101.46644715831378, 20.650479065235103]], [[-101.46644781393988, 20.650519689446384], [-101.46644715831378, 20.650479065235103]], [[-101.46800087680903, 20.650456841886843], [-101.46800022077254, 20.650416217722956]], [[-101.46800022077254, 20.650416217722956], [-101.46795706196458, 20.650416835225414]], [[-101.46795771798963, 20.650457459390623], [-101.46795706196458, 20.650416835225414]], [[-101.46795706196458, 20.650416835225414], [-101.46791390315504, 20.6504174527171]], [[-101.46791455916866, 20.65045807688363], [-101.46791390315504, 20.6504174527171]], [[-101.46791390315504, 20.6504174527171], [-101.46787074434393, 20.650418070198008]], [[-101.46787140034608, 20.650458694365863], [-101.46787074434393, 20.650418070198008]], [[-101.46787074434393, 20.650418070198008], [-101.46782758553123, 20.650418687668147]], [[-101.46782824152194, 20.650459311837324], [-101.46782758553123, 20.650418687668147]], [[-101.46782758553123, 20.650418687668147], [-101.46778442671695, 20.650419305127507]], [[-101.46778508269622, 20.650459929298002], [-101.46778442671695, 20.650419305127507]], [[-101.46778442671695, 20.650419305127507], [-101.46774126790108, 20.65041992257609]], [[-101.46774192386891, 20.650460546747915], [-101.46774126790108, 20.65041992257609]], [[-101.46774126790108, 20.65041992257609], [-101.46769810908363, 20.650420540013908]], [[-101.46769876504001, 20.650461164187057], [-101.46769810908363, 20.650420540013908]], [[-101.46769810908363, 20.650420540013908], [-101.46765495026459, 20.65042115744095]], [[-101.46765560620953, 20.65046178161541], [-101.46765495026459, 20.65042115744095]], [[-101.46765495026459, 20.65042115744095], [-101.46761179144397, 20.65042177485721]], [[-101.46761244737748, 20.650462399033003], [-101.46761179144397, 20.65042177485721]], [[-101.46761179144397, 20.65042177485721], [-101.46756863262178, 20.6504223922627]], [[-101.46756928854383, 20.65046301643981], [-101.46756863262178, 20.6504223922627]], [[-101.46756863262178, 20.6504223922627], [-101.467525473798, 20.65042300965741]], [[-101.46752612970862, 20.650463633835848], [-101.467525473798, 20.65042300965741]], [[-101.467525473798, 20.65042300965741], [-101.46748231497264, 20.65042362704136]], [[-101.4674829708718, 20.650464251221113], [-101.46748231497264, 20.65042362704136]], [[-101.46748231497264, 20.65042362704136], [-101.46743915614569, 20.65042424441452]], [[-101.46743981203342, 20.650464868595602], [-101.46743915614569, 20.65042424441452]], [[-101.46743915614569, 20.65042424441452], [-101.46739599731715, 20.650424861776916]], [[-101.46739665319345, 20.650465485959316], [-101.46739599731715, 20.650424861776916]], [[-101.46739599731715, 20.650424861776916], [-101.46735283848706, 20.650425479128533]], [[-101.46735349435188, 20.650466103312258], [-101.46735283848706, 20.650425479128533]], [[-101.46735283848706, 20.650425479128533], [-101.46730967965536, 20.650426096469374]], [[-101.46731033550876, 20.65046672065442], [-101.46730967965536, 20.650426096469374]], [[-101.46730967965536, 20.650426096469374], [-101.4672665208221, 20.650426713799444]], [[-101.46726717666402, 20.65046733798582], [-101.4672665208221, 20.650426713799444]], [[-101.4672665208221, 20.650426713799444], [-101.46722336198724, 20.65042733111874]], [[-101.46722401781774, 20.650467955306432], [-101.46722336198724, 20.65042733111874]], [[-101.46722336198724, 20.65042733111874], [-101.46718020315079, 20.650427948427257]], [[-101.46718085896985, 20.650468572616276], [-101.46718020315079, 20.650427948427257]], [[-101.46718020315079, 20.650427948427257], [-101.46713704431278, 20.650428565725004]], [[-101.46713770012039, 20.65046918991534], [-101.46713704431278, 20.650428565725004]], [[-101.46713704431278, 20.650428565725004], [-101.46709388547318, 20.650429183011976]], [[-101.46709454126933, 20.650469807203635], [-101.46709388547318, 20.650429183011976]], [[-101.46709388547318, 20.650429183011976], [-101.46705072663198, 20.650429800288173]], [[-101.46705138241671, 20.650470424481153], [-101.46705072663198, 20.650429800288173]], [[-101.46705072663198, 20.650429800288173], [-101.46700756778921, 20.650430417553597]], [[-101.4670082235625, 20.6504710417479], [-101.46700756778921, 20.650430417553597]], [[-101.46700756778921, 20.650430417553597], [-101.46696440894486, 20.650431034808243]], [[-101.4669650647067, 20.650471659003866], [-101.46696440894486, 20.650431034808243]], [[-101.46696440894486, 20.650431034808243], [-101.46692125009893, 20.650431652052117]], [[-101.46692190584932, 20.650472276249065], [-101.46692125009893, 20.650431652052117]], [[-101.46692125009893, 20.650431652052117], [-101.46687809125142, 20.650432269285215]], [[-101.46687874699037, 20.65047289348348], [-101.46687809125142, 20.650432269285215]], [[-101.46687809125142, 20.650432269285215], [-101.46683493240232, 20.650432886507538]], [[-101.46683558812983, 20.650473510707137], [-101.46683493240232, 20.650432886507538]], [[-101.46683493240232, 20.650432886507538], [-101.46679177355165, 20.65043350371909]], [[-101.46679242926771, 20.650474127920003], [-101.46679177355165, 20.65043350371909]], [[-101.46679177355165, 20.65043350371909], [-101.46674861469938, 20.65043412091986]], [[-101.46674927040401, 20.650474745122104], [-101.46674861469938, 20.65043412091986]], [[-101.46674861469938, 20.65043412091986], [-101.46670545584554, 20.650434738109865]], [[-101.46670611153873, 20.650475362313422], [-101.46670545584554, 20.650434738109865]], [[-101.46670545584554, 20.650434738109865], [-101.46666229699011, 20.65043535528909]], [[-101.46666295267185, 20.650475979493976], [-101.46666229699011, 20.65043535528909]], [[-101.46666229699011, 20.65043535528909], [-101.46661913813311, 20.650435972457544]], [[-101.4666197938034, 20.650476596663744], [-101.46661913813311, 20.650435972457544]], [[-101.46661913813311, 20.650435972457544], [-101.46657597927452, 20.650436589615225]], [[-101.46657663493336, 20.65047721382275], [-101.46657597927452, 20.650436589615225]], [[-101.46657597927452, 20.650436589615225], [-101.46653282041436, 20.65043720676212]], [[-101.46653347606176, 20.650477830970974], [-101.46653282041436, 20.65043720676212]], [[-101.46653282041436, 20.65043720676212], [-101.46648966155261, 20.65043782389825]], [[-101.46649031718856, 20.650478448108426], [-101.46648966155261, 20.65043782389825]], [[-101.46800022077254, 20.650416217722956], [-101.46799956473762, 20.650375593558852]], [[-101.46799956473762, 20.650375593558852], [-101.46795640594111, 20.650376211059992]], [[-101.46795706196458, 20.650416835225414], [-101.46795640594111, 20.650376211059992]], [[-101.46795640594111, 20.650376211059992], [-101.46791324714302, 20.65037682855035]], [[-101.46791390315504, 20.6504174527171], [-101.46791324714302, 20.65037682855035]], [[-101.46791324714302, 20.65037682855035], [-101.46787008834335, 20.650377446029946]], [[-101.46787074434393, 20.650418070198008], [-101.46787008834335, 20.650377446029946]], [[-101.46787008834335, 20.650377446029946], [-101.46782692954208, 20.650378063498756]], [[-101.46782758553123, 20.650418687668147], [-101.46782692954208, 20.650378063498756]], [[-101.46782692954208, 20.650378063498756], [-101.46778377073925, 20.65037868095679]], [[-101.46778442671695, 20.650419305127507], [-101.46778377073925, 20.65037868095679]], [[-101.46778377073925, 20.65037868095679], [-101.46774061193481, 20.650379298404054]], [[-101.46774126790108, 20.65041992257609], [-101.46774061193481, 20.650379298404054]], [[-101.46774061193481, 20.650379298404054], [-101.46769745312882, 20.65037991584055]], [[-101.46769810908363, 20.650420540013908], [-101.46769745312882, 20.65037991584055]], [[-101.46769745312882, 20.65037991584055], [-101.46765429432122, 20.65038053326626]], [[-101.46765495026459, 20.65042115744095], [-101.46765429432122, 20.65038053326626]], [[-101.46765429432122, 20.65038053326626], [-101.46761113551206, 20.650381150681206]], [[-101.46761179144397, 20.65042177485721], [-101.46761113551206, 20.650381150681206]], [[-101.46761113551206, 20.650381150681206], [-101.4675679767013, 20.65038176808537]], [[-101.46756863262178, 20.6504223922627], [-101.4675679767013, 20.65038176808537]], [[-101.4675679767013, 20.65038176808537], [-101.46752481788897, 20.65038238547876]], [[-101.467525473798, 20.65042300965741], [-101.46752481788897, 20.65038238547876]], [[-101.46752481788897, 20.65038238547876], [-101.46748165907505, 20.650383002861386]], [[-101.46748231497264, 20.65042362704136], [-101.46748165907505, 20.650383002861386]], [[-101.46748165907505, 20.650383002861386], [-101.46743850025955, 20.650383620233228]], [[-101.46743915614569, 20.65042424441452], [-101.46743850025955, 20.650383620233228]], [[-101.46743850025955, 20.650383620233228], [-101.46739534144245, 20.650384237594295]], [[-101.46739599731715, 20.650424861776916], [-101.46739534144245, 20.650384237594295]], [[-101.46739534144245, 20.650384237594295], [-101.4673521826238, 20.65038485494459]], [[-101.46735283848706, 20.650425479128533], [-101.4673521826238, 20.65038485494459]], [[-101.4673521826238, 20.65038485494459], [-101.46730902380355, 20.650385472284114]], [[-101.46730967965536, 20.650426096469374], [-101.46730902380355, 20.650385472284114]], [[-101.46730902380355, 20.650385472284114], [-101.46726586498171, 20.650386089612862]], [[-101.4672665208221, 20.650426713799444], [-101.46726586498171, 20.650386089612862]], [[-101.46726586498171, 20.650386089612862], [-101.46722270615831, 20.65038670693084]], [[-101.46722336198724, 20.65042733111874], [-101.46722270615831, 20.65038670693084]], [[-101.46722270615831, 20.65038670693084], [-101.46717954733332, 20.650387324238032]], [[-101.46718020315079, 20.650427948427257], [-101.46717954733332, 20.650387324238032]], [[-101.46717954733332, 20.650387324238032], [-101.46713638850673, 20.65038794153445]], [[-101.46713704431278, 20.650428565725004], [-101.46713638850673, 20.65038794153445]], [[-101.46713638850673, 20.65038794153445], [-101.46709322967857, 20.6503885588201]], [[-101.46709388547318, 20.650429183011976], [-101.46709322967857, 20.6503885588201]], [[-101.46709322967857, 20.6503885588201], [-101.46705007084883, 20.650389176094972]], [[-101.46705072663198, 20.650429800288173], [-101.46705007084883, 20.650389176094972]], [[-101.46705007084883, 20.650389176094972], [-101.46700691201751, 20.650389793359075]], [[-101.46700756778921, 20.650430417553597], [-101.46700691201751, 20.650389793359075]], [[-101.46700691201751, 20.650389793359075], [-101.46696375318461, 20.650390410612403]], [[-101.46696440894486, 20.650431034808243], [-101.46696375318461, 20.650390410612403]], [[-101.46696375318461, 20.650390410612403], [-101.46692059435013, 20.650391027854955]], [[-101.46692125009893, 20.650431652052117], [-101.46692059435013, 20.650391027854955]], [[-101.46692059435013, 20.650391027854955], [-101.46687743551405, 20.65039164508673]], [[-101.46687809125142, 20.650432269285215], [-101.46687743551405, 20.65039164508673]], [[-101.46687743551405, 20.65039164508673], [-101.4668342766764, 20.650392262307733]], [[-101.46683493240232, 20.650432886507538], [-101.4668342766764, 20.650392262307733]], [[-101.4668342766764, 20.650392262307733], [-101.46679111783716, 20.65039287951796]], [[-101.46679177355165, 20.65043350371909], [-101.46679111783716, 20.65039287951796]], [[-101.46679111783716, 20.65039287951796], [-101.46674795899634, 20.65039349671741]], [[-101.46674861469938, 20.65043412091986], [-101.46674795899634, 20.65039349671741]], [[-101.46674795899634, 20.65039349671741], [-101.46670480015393, 20.65039411390609]], [[-101.46670545584554, 20.650434738109865], [-101.46670480015393, 20.65039411390609]], [[-101.46670480015393, 20.65039411390609], [-101.46666164130997, 20.650394731084]], [[-101.46666229699011, 20.65043535528909], [-101.46666164130997, 20.650394731084]], [[-101.46666164130997, 20.650394731084], [-101.46661848246441, 20.65039534825112]], [[-101.46661913813311, 20.650435972457544], [-101.46661848246441, 20.65039534825112]], [[-101.46661848246441, 20.65039534825112], [-101.46657532361726, 20.65039596540748]], [[-101.46657597927452, 20.650436589615225], [-101.46657532361726, 20.65039596540748]], [[-101.46657532361726, 20.65039596540748], [-101.46653216476854, 20.650396582553064]], [[-101.46653282041436, 20.65043720676212], [-101.46653216476854, 20.650396582553064]], [[-101.46799956473762, 20.650375593558852], [-101.46799890870429, 20.650334969394553]], [[-101.46799890870429, 20.650334969394553], [-101.46795574991923, 20.650335586894368]], [[-101.46795640594111, 20.650376211059992], [-101.46795574991923, 20.650335586894368]], [[-101.46795574991923, 20.650335586894368], [-101.46791259113257, 20.650336204383407]], [[-101.46791324714302, 20.65037682855035], [-101.46791259113257, 20.650336204383407]], [[-101.46791259113257, 20.650336204383407], [-101.46786943234434, 20.650336821861668]], [[-101.46787008834335, 20.650377446029946], [-101.46786943234434, 20.650336821861668]], [[-101.46786943234434, 20.650336821861668], [-101.46782627355454, 20.65033743932916]], [[-101.46782692954208, 20.650378063498756], [-101.46782627355454, 20.65033743932916]], [[-101.46782627355454, 20.65033743932916], [-101.46778311476314, 20.650338056785877]], [[-101.46778377073925, 20.65037868095679], [-101.46778311476314, 20.650338056785877]], [[-101.46778311476314, 20.650338056785877], [-101.46773995597016, 20.65033867423182]], [[-101.46774061193481, 20.650379298404054], [-101.46773995597016, 20.65033867423182]], [[-101.46773995597016, 20.65033867423182], [-101.46769679717559, 20.650339291666988]], [[-101.46769745312882, 20.65037991584055], [-101.46769679717559, 20.650339291666988]], [[-101.46769679717559, 20.650339291666988], [-101.46765363837946, 20.650339909091382]], [[-101.46765429432122, 20.65038053326626], [-101.46765363837946, 20.650339909091382]], [[-101.46765363837946, 20.650339909091382], [-101.46761047958172, 20.650340526505]], [[-101.46761113551206, 20.650381150681206], [-101.46761047958172, 20.650340526505]], [[-101.46761047958172, 20.650340526505], [-101.46756732078241, 20.65034114390784]], [[-101.4675679767013, 20.65038176808537], [-101.46756732078241, 20.65034114390784]], [[-101.46756732078241, 20.65034114390784], [-101.46752416198152, 20.65034176129991]], [[-101.46752481788897, 20.65038238547876], [-101.46752416198152, 20.65034176129991]], [[-101.46752416198152, 20.65034176129991], [-101.46748100317905, 20.650342378681213]], [[-101.46748165907505, 20.650383002861386], [-101.46748100317905, 20.650342378681213]], [[-101.46748100317905, 20.650342378681213], [-101.46743784437498, 20.650342996051727]], [[-101.46743850025955, 20.650383620233228], [-101.46743784437498, 20.650342996051727]], [[-101.46743784437498, 20.650342996051727], [-101.46739468556935, 20.650343613411476]], [[-101.46739534144245, 20.650384237594295], [-101.46739468556935, 20.650343613411476]], [[-101.46739468556935, 20.650343613411476], [-101.46735152676213, 20.65034423076045]], [[-101.4673521826238, 20.65038485494459], [-101.46735152676213, 20.65034423076045]], [[-101.46735152676213, 20.65034423076045], [-101.46730836795332, 20.650344848098644]], [[-101.46730902380355, 20.650385472284114], [-101.46730836795332, 20.650344848098644]], [[-101.46730836795332, 20.650344848098644], [-101.46726520914294, 20.650345465426067]], [[-101.46726586498171, 20.650386089612862], [-101.46726520914294, 20.650345465426067]], [[-101.46726520914294, 20.650345465426067], [-101.46722205033096, 20.650346082742715]], [[-101.46722270615831, 20.65038670693084], [-101.46722205033096, 20.650346082742715]], [[-101.46722205033096, 20.650346082742715], [-101.46717889151742, 20.650346700048598]], [[-101.46717954733332, 20.650387324238032], [-101.46717889151742, 20.650346700048598]], [[-101.46717889151742, 20.650346700048598], [-101.46713573270229, 20.650347317343698]], [[-101.46713638850673, 20.65038794153445], [-101.46713573270229, 20.650347317343698]], [[-101.46713573270229, 20.650347317343698], [-101.46709257388558, 20.650347934628027]], [[-101.46709322967857, 20.6503885588201], [-101.46709257388558, 20.650347934628027]], [[-101.46709257388558, 20.650347934628027], [-101.46704941506727, 20.650348551901576]], [[-101.46705007084883, 20.650389176094972], [-101.46704941506727, 20.650348551901576]], [[-101.46704941506727, 20.650348551901576], [-101.46700625624739, 20.650349169164354]], [[-101.46700691201751, 20.650389793359075], [-101.46700625624739, 20.650349169164354]], [[-101.46700625624739, 20.650349169164354], [-101.46696309742592, 20.650349786416356]], [[-101.46696375318461, 20.650390410612403], [-101.46696309742592, 20.650349786416356]], [[-101.46696309742592, 20.650349786416356], [-101.46691993860289, 20.650350403657583]], [[-101.46692059435013, 20.650391027854955], [-101.46691993860289, 20.650350403657583]], [[-101.46691993860289, 20.650350403657583], [-101.46687677977826, 20.65035102088804]], [[-101.46687743551405, 20.65039164508673], [-101.46687677977826, 20.65035102088804]], [[-101.46687677977826, 20.65035102088804], [-101.46683362095204, 20.65035163810772]], [[-101.4668342766764, 20.650392262307733], [-101.46683362095204, 20.65035163810772]], [[-101.46683362095204, 20.65035163810772], [-101.46679046212425, 20.650352255316626]], [[-101.46679111783716, 20.65039287951796], [-101.46679046212425, 20.650352255316626]], [[-101.46679046212425, 20.650352255316626], [-101.46674730329488, 20.650352872514755]], [[-101.46674795899634, 20.65039349671741], [-101.46674730329488, 20.650352872514755]], [[-101.46674730329488, 20.650352872514755], [-101.46670414446393, 20.650353489702113]], [[-101.46670480015393, 20.65039411390609], [-101.46670414446393, 20.650353489702113]], [[-101.46670414446393, 20.650353489702113], [-101.4666609856314, 20.650354106878694]], [[-101.46666164130997, 20.650394731084], [-101.4666609856314, 20.650354106878694]], [[-101.4666609856314, 20.650354106878694], [-101.46661782679728, 20.6503547240445]], [[-101.46661848246441, 20.65039534825112], [-101.46661782679728, 20.6503547240445]], [[-101.46661782679728, 20.6503547240445], [-101.46657466796158, 20.650355341199536]], [[-101.46657532361726, 20.65039596540748], [-101.46657466796158, 20.650355341199536]], [[-101.46799890870429, 20.650334969394553], [-101.46799825267254, 20.650294345230034]], [[-101.46799825267254, 20.650294345230034], [-101.46795509389892, 20.650294962728527]], [[-101.46795574991923, 20.650335586894368], [-101.46795509389892, 20.650294962728527]], [[-101.46795509389892, 20.650294962728527], [-101.46791193512372, 20.650295580216245]], [[-101.46791259113257, 20.650336204383407], [-101.46791193512372, 20.650295580216245]], [[-101.46791193512372, 20.650295580216245], [-101.46786877634693, 20.650296197693184]], [[-101.46786943234434, 20.650336821861668], [-101.46786877634693, 20.650296197693184]], [[-101.46786877634693, 20.650296197693184], [-101.46782561756855, 20.650296815159354]], [[-101.46782627355454, 20.65033743932916], [-101.46782561756855, 20.650296815159354]], [[-101.46782561756855, 20.650296815159354], [-101.4677824587886, 20.650297432614746]], [[-101.46778311476314, 20.650338056785877], [-101.4677824587886, 20.650297432614746]], [[-101.4677824587886, 20.650297432614746], [-101.46773930000707, 20.650298050059362]], [[-101.46773995597016, 20.65033867423182], [-101.46773930000707, 20.650298050059362]], [[-101.46773930000707, 20.650298050059362], [-101.46769614122395, 20.650298667493207]], [[-101.46769679717559, 20.650339291666988], [-101.46769614122395, 20.650298667493207]], [[-101.46769614122395, 20.650298667493207], [-101.46765298243925, 20.65029928491628]], [[-101.46765363837946, 20.650339909091382], [-101.46765298243925, 20.65029928491628]], [[-101.46765298243925, 20.65029928491628], [-101.46760982365296, 20.650299902328573]], [[-101.46761047958172, 20.650340526505], [-101.46760982365296, 20.650299902328573]], [[-101.46760982365296, 20.650299902328573], [-101.4675666648651, 20.650300519730095]], [[-101.46756732078241, 20.65034114390784], [-101.4675666648651, 20.650300519730095]], [[-101.4675666648651, 20.650300519730095], [-101.46752350607565, 20.650301137120845]], [[-101.46752416198152, 20.65034176129991], [-101.46752350607565, 20.650301137120845]], [[-101.46752350607565, 20.650301137120845], [-101.46748034728462, 20.650301754500816]], [[-101.46748100317905, 20.650342378681213], [-101.46748034728462, 20.650301754500816]], [[-101.46748034728462, 20.650301754500816], [-101.46743718849201, 20.650302371870012]], [[-101.46743784437498, 20.650342996051727], [-101.46743718849201, 20.650302371870012]], [[-101.46743718849201, 20.650302371870012], [-101.46739402969781, 20.650302989228443]], [[-101.46739468556935, 20.650343613411476], [-101.46739402969781, 20.650302989228443]], [[-101.46739402969781, 20.650302989228443], [-101.46735087090202, 20.65030360657609]], [[-101.46735152676213, 20.65034423076045], [-101.46735087090202, 20.65030360657609]], [[-101.46735087090202, 20.65030360657609], [-101.46730771210468, 20.650304223912972]], [[-101.46730836795332, 20.650344848098644], [-101.46730771210468, 20.650304223912972]], [[-101.46730771210468, 20.650304223912972], [-101.46726455330574, 20.65030484123907]], [[-101.46726520914294, 20.650345465426067], [-101.46726455330574, 20.65030484123907]], [[-101.46726455330574, 20.65030484123907], [-101.4672213945052, 20.650305458554396]], [[-101.46722205033096, 20.650346082742715], [-101.4672213945052, 20.650305458554396]], [[-101.4672213945052, 20.650305458554396], [-101.4671782357031, 20.650306075858946]], [[-101.46717889151742, 20.650346700048598], [-101.4671782357031, 20.650306075858946]], [[-101.4671782357031, 20.650306075858946], [-101.46713507689942, 20.65030669315272]], [[-101.46713573270229, 20.650347317343698], [-101.46713507689942, 20.65030669315272]], [[-101.46713507689942, 20.65030669315272], [-101.46709191809414, 20.650307310435732]], [[-101.46709257388558, 20.650347934628027], [-101.46709191809414, 20.650307310435732]], [[-101.46709191809414, 20.650307310435732], [-101.46704875928728, 20.650307927707956]], [[-101.46704941506727, 20.650348551901576], [-101.46704875928728, 20.650307927707956]], [[-101.46704875928728, 20.650307927707956], [-101.46700560047886, 20.65030854496942]], [[-101.46700625624739, 20.650349169164354], [-101.46700560047886, 20.65030854496942]], [[-101.46700560047886, 20.65030854496942], [-101.46696244166883, 20.650309162220093]], [[-101.46696309742592, 20.650349786416356], [-101.46696244166883, 20.650309162220093]], [[-101.46696244166883, 20.650309162220093], [-101.46691928285723, 20.650309779460006]], [[-101.46691993860289, 20.650350403657583], [-101.46691928285723, 20.650309779460006]], [[-101.46691928285723, 20.650309779460006], [-101.46687612404405, 20.650310396689132]], [[-101.46687677977826, 20.65035102088804], [-101.46687612404405, 20.650310396689132]], [[-101.46687612404405, 20.650310396689132], [-101.46683296522929, 20.650311013907487]], [[-101.46683362095204, 20.65035163810772], [-101.46683296522929, 20.650311013907487]], [[-101.46683296522929, 20.650311013907487], [-101.46678980641295, 20.650311631115077]], [[-101.46679046212425, 20.650352255316626], [-101.46678980641295, 20.650311631115077]], [[-101.46678980641295, 20.650311631115077], [-101.46674664759502, 20.650312248311884]], [[-101.46674730329488, 20.650352872514755], [-101.46674664759502, 20.650312248311884]], [[-101.46674664759502, 20.650312248311884], [-101.4667034887755, 20.65031286549792]], [[-101.46670414446393, 20.650353489702113], [-101.4667034887755, 20.65031286549792]], [[-101.4667034887755, 20.65031286549792], [-101.46666032995441, 20.65031348267318]], [[-101.4666609856314, 20.650354106878694], [-101.46666032995441, 20.65031348267318]], [[-101.46666032995441, 20.65031348267318], [-101.46661717113173, 20.650314099837665]], [[-101.46661782679728, 20.6503547240445], [-101.46661717113173, 20.650314099837665]], [[-101.46799825267254, 20.650294345230034], [-101.46799759664238, 20.650253721065308]], [[-101.46799759664238, 20.650253721065308], [-101.46795443788021, 20.650254338562476]], [[-101.46795509389892, 20.650294962728527], [-101.46795443788021, 20.650254338562476]], [[-101.46795443788021, 20.650254338562476], [-101.46791127911644, 20.650254956048865]], [[-101.46791193512372, 20.650295580216245], [-101.46791127911644, 20.650254956048865]], [[-101.46791127911644, 20.650254956048865], [-101.4678681203511, 20.650255573524483]], [[-101.46786877634693, 20.650296197693184], [-101.4678681203511, 20.650255573524483]], [[-101.4678681203511, 20.650255573524483], [-101.46782496158417, 20.65025619098933]], [[-101.46782561756855, 20.650296815159354], [-101.46782496158417, 20.65025619098933]], [[-101.46782496158417, 20.65025619098933], [-101.46778180281567, 20.6502568084434]], [[-101.4677824587886, 20.650297432614746], [-101.46778180281567, 20.6502568084434]], [[-101.46778180281567, 20.6502568084434], [-101.46773864404557, 20.6502574258867]], [[-101.46773930000707, 20.650298050059362], [-101.46773864404557, 20.6502574258867]], [[-101.46773864404557, 20.6502574258867], [-101.46769548527391, 20.650258043319223]], [[-101.46769614122395, 20.650298667493207], [-101.46769548527391, 20.650258043319223]], [[-101.46769548527391, 20.650258043319223], [-101.46765232650063, 20.65025866074097]], [[-101.46765298243925, 20.65029928491628], [-101.46765232650063, 20.65025866074097]], [[-101.46765232650063, 20.65025866074097], [-101.4676091677258, 20.650259278151943]], [[-101.46760982365296, 20.650299902328573], [-101.4676091677258, 20.650259278151943]], [[-101.4676091677258, 20.650259278151943], [-101.46756600894938, 20.65025989555214]], [[-101.4675666648651, 20.650300519730095], [-101.46756600894938, 20.65025989555214]], [[-101.46756600894938, 20.65025989555214], [-101.46752285017138, 20.650260512941564]], [[-101.46752350607565, 20.650301137120845], [-101.46752285017138, 20.650260512941564]], [[-101.46752285017138, 20.650260512941564], [-101.46747969139179, 20.650261130320214]], [[-101.46748034728462, 20.650301754500816], [-101.46747969139179, 20.650261130320214]], [[-101.46747969139179, 20.650261130320214], [-101.4674365326106, 20.650261747688095]], [[-101.46743718849201, 20.650302371870012], [-101.4674365326106, 20.650261747688095]], [[-101.4674365326106, 20.650261747688095], [-101.46739337382786, 20.650262365045194]], [[-101.46739402969781, 20.650302989228443], [-101.46739337382786, 20.650262365045194]], [[-101.46739337382786, 20.650262365045194], [-101.46735021504352, 20.650262982391524]], [[-101.46735087090202, 20.65030360657609], [-101.46735021504352, 20.650262982391524]], [[-101.46735021504352, 20.650262982391524], [-101.46730705625761, 20.650263599727072]], [[-101.46730771210468, 20.650304223912972], [-101.46730705625761, 20.650263599727072]], [[-101.46730705625761, 20.650263599727072], [-101.46726389747012, 20.650264217051852]], [[-101.46726455330574, 20.65030484123907], [-101.46726389747012, 20.650264217051852]], [[-101.46726389747012, 20.650264217051852], [-101.46722073868104, 20.65026483436586]], [[-101.4672213945052, 20.650305458554396], [-101.46722073868104, 20.65026483436586]], [[-101.46722073868104, 20.65026483436586], [-101.46717757989036, 20.650265451669085]], [[-101.4671782357031, 20.650306075858946], [-101.46717757989036, 20.650265451669085]], [[-101.46717757989036, 20.650265451669085], [-101.46713442109812, 20.650266068961546]], [[-101.46713507689942, 20.65030669315272], [-101.46713442109812, 20.650266068961546]], [[-101.46713442109812, 20.650266068961546], [-101.4670912623043, 20.650266686243224]], [[-101.46709191809414, 20.650307310435732], [-101.4670912623043, 20.650266686243224]], [[-101.4670912623043, 20.650266686243224], [-101.46704810350889, 20.650267303514134]], [[-101.46704875928728, 20.650307927707956], [-101.46704810350889, 20.650267303514134]], [[-101.46704810350889, 20.650267303514134], [-101.4670049447119, 20.650267920774265]], [[-101.46700560047886, 20.65030854496942], [-101.4670049447119, 20.650267920774265]], [[-101.4670049447119, 20.650267920774265], [-101.46696178591333, 20.650268538023628]], [[-101.46696244166883, 20.650309162220093], [-101.46696178591333, 20.650268538023628]], [[-101.46696178591333, 20.650268538023628], [-101.46691862711316, 20.650269155262208]], [[-101.46691928285723, 20.650309779460006], [-101.46691862711316, 20.650269155262208]], [[-101.46691862711316, 20.650269155262208], [-101.46687546831143, 20.65026977249002]], [[-101.46687612404405, 20.650310396689132], [-101.46687546831143, 20.65026977249002]], [[-101.46687546831143, 20.65026977249002], [-101.4668323095081, 20.650270389707053]], [[-101.46683296522929, 20.650311013907487], [-101.4668323095081, 20.650270389707053]], [[-101.4668323095081, 20.650270389707053], [-101.4667891507032, 20.650271006913318]], [[-101.46678980641295, 20.650311631115077], [-101.4667891507032, 20.650271006913318]], [[-101.4667891507032, 20.650271006913318], [-101.46674599189672, 20.6502716241088]], [[-101.46674664759502, 20.650312248311884], [-101.46674599189672, 20.6502716241088]], [[-101.46674599189672, 20.6502716241088], [-101.46670283308865, 20.650272241293518]], [[-101.4667034887755, 20.65031286549792], [-101.46670283308865, 20.650272241293518]], [[-101.46670283308865, 20.650272241293518], [-101.46665967427901, 20.650272858467453]], [[-101.46666032995441, 20.65031348267318], [-101.46665967427901, 20.650272858467453]], [[-101.46799759664238, 20.650253721065308], [-101.4679969406138, 20.65021309690037]], [[-101.4679969406138, 20.65021309690037], [-101.46795378186307, 20.650213714396212]], [[-101.46795443788021, 20.650254338562476], [-101.46795378186307, 20.650213714396212]], [[-101.46795378186307, 20.650213714396212], [-101.46791062311074, 20.65021433188128]], [[-101.46791127911644, 20.650254956048865], [-101.46791062311074, 20.65021433188128]], [[-101.46791062311074, 20.65021433188128], [-101.46786746435684, 20.65021494935558]], [[-101.4678681203511, 20.650255573524483], [-101.46786746435684, 20.65021494935558]], [[-101.46786746435684, 20.65021494935558], [-101.46782430560137, 20.650215566819096]], [[-101.46782496158417, 20.65025619098933], [-101.46782430560137, 20.650215566819096]], [[-101.46782430560137, 20.650215566819096], [-101.46778114684429, 20.65021618427185]], [[-101.46778180281567, 20.6502568084434], [-101.46778114684429, 20.65021618427185]], [[-101.46778114684429, 20.65021618427185], [-101.46773798808566, 20.65021680171382]], [[-101.46773864404557, 20.6502574258867], [-101.46773798808566, 20.65021680171382]], [[-101.46773798808566, 20.65021680171382], [-101.46769482932542, 20.650217419145026]], [[-101.46769548527391, 20.650258043319223], [-101.46769482932542, 20.650217419145026]], [[-101.46769482932542, 20.650217419145026], [-101.46765167056361, 20.650218036565448]], [[-101.46765232650063, 20.65025866074097], [-101.46765167056361, 20.650218036565448]], [[-101.46765167056361, 20.650218036565448], [-101.46760851180021, 20.650218653975095]], [[-101.4676091677258, 20.650259278151943], [-101.46760851180021, 20.650218653975095]], [[-101.46760851180021, 20.650218653975095], [-101.46756535303524, 20.650219271373974]], [[-101.46756600894938, 20.65025989555214], [-101.46756535303524, 20.650219271373974]], [[-101.46756535303524, 20.650219271373974], [-101.46752219426867, 20.650219888762074]], [[-101.46752285017138, 20.650260512941564], [-101.46752219426867, 20.650219888762074]], [[-101.46752219426867, 20.650219888762074], [-101.46747903550053, 20.650220506139405]], [[-101.46747969139179, 20.650261130320214], [-101.46747903550053, 20.650220506139405]], [[-101.46747903550053, 20.650220506139405], [-101.4674358767308, 20.650221123505954]], [[-101.4674365326106, 20.650261747688095], [-101.4674358767308, 20.650221123505954]], [[-101.4674358767308, 20.650221123505954], [-101.4673927179595, 20.650221740861735]], [[-101.46739337382786, 20.650262365045194], [-101.4673927179595, 20.650221740861735]], [[-101.4673927179595, 20.650221740861735], [-101.4673495591866, 20.650222358206747]], [[-101.46735021504352, 20.650262982391524], [-101.4673495591866, 20.650222358206747]], [[-101.4673495591866, 20.650222358206747], [-101.46730640041214, 20.650222975540974]], [[-101.46730705625761, 20.650263599727072], [-101.46730640041214, 20.650222975540974]], [[-101.46730640041214, 20.650222975540974], [-101.46726324163608, 20.650223592864428]], [[-101.46726389747012, 20.650264217051852], [-101.46726324163608, 20.650223592864428]], [[-101.46726324163608, 20.650223592864428], [-101.46722008285843, 20.65022421017711]], [[-101.46722073868104, 20.65026483436586], [-101.46722008285843, 20.65022421017711]], [[-101.46722008285843, 20.65022421017711], [-101.46717692407923, 20.65022482747902]], [[-101.46717757989036, 20.650265451669085], [-101.46717692407923, 20.65022482747902]], [[-101.46717692407923, 20.65022482747902], [-101.46713376529841, 20.65022544477015]], [[-101.46713442109812, 20.650266068961546], [-101.46713376529841, 20.65022544477015]], [[-101.46713376529841, 20.65022544477015], [-101.46709060651604, 20.650226062050518]], [[-101.4670912623043, 20.650266686243224], [-101.46709060651604, 20.650226062050518]], [[-101.46709060651604, 20.650226062050518], [-101.46704744773207, 20.650226679320095]], [[-101.46704810350889, 20.650267303514134], [-101.46704744773207, 20.650226679320095]], [[-101.46704744773207, 20.650226679320095], [-101.46700428894653, 20.650227296578908]], [[-101.4670049447119, 20.650267920774265], [-101.46700428894653, 20.650227296578908]], [[-101.46700428894653, 20.650227296578908], [-101.46696113015939, 20.650227913826942]], [[-101.46696178591333, 20.650268538023628], [-101.46696113015939, 20.650227913826942]], [[-101.46696113015939, 20.650227913826942], [-101.46691797137068, 20.650228531064204]], [[-101.46691862711316, 20.650269155262208], [-101.46691797137068, 20.650228531064204]], [[-101.46691797137068, 20.650228531064204], [-101.46687481258037, 20.650229148290695]], [[-101.46687546831143, 20.65026977249002], [-101.46687481258037, 20.650229148290695]], [[-101.46687481258037, 20.650229148290695], [-101.4668316537885, 20.650229765506406]], [[-101.4668323095081, 20.650270389707053], [-101.4668316537885, 20.650229765506406]], [[-101.4668316537885, 20.650229765506406], [-101.46678849499506, 20.650230382711342]], [[-101.4667891507032, 20.650271006913318], [-101.46678849499506, 20.650230382711342]], [[-101.46678849499506, 20.650230382711342], [-101.4667453362, 20.65023099990551]], [[-101.46674599189672, 20.6502716241088], [-101.4667453362, 20.65023099990551]], [[-101.4667453362, 20.65023099990551], [-101.46670217740339, 20.6502316170889]], [[-101.46670283308865, 20.650272241293518], [-101.46670217740339, 20.6502316170889]], [[-101.4679969406138, 20.65021309690037], [-101.4679962845868, 20.650172472735218]], [[-101.4679962845868, 20.650172472735218], [-101.46795312584752, 20.65017309022974]], [[-101.46795378186307, 20.650213714396212], [-101.46795312584752, 20.65017309022974]], [[-101.46795312584752, 20.65017309022974], [-101.46790996710664, 20.650173707713485]], [[-101.46791062311074, 20.65021433188128], [-101.46790996710664, 20.650173707713485]], [[-101.46790996710664, 20.650173707713485], [-101.46786680836418, 20.650174325186462]], [[-101.46786746435684, 20.65021494935558], [-101.46786680836418, 20.650174325186462]], [[-101.46786680836418, 20.650174325186462], [-101.46782364962014, 20.65017494264866]], [[-101.46782430560137, 20.650215566819096], [-101.46782364962014, 20.65017494264866]], [[-101.46782364962014, 20.65017494264866], [-101.46778049087452, 20.650175560100084]], [[-101.46778114684429, 20.65021618427185], [-101.46778049087452, 20.650175560100084]], [[-101.46778049087452, 20.650175560100084], [-101.46773733212731, 20.650176177540736]], [[-101.46773798808566, 20.65021680171382], [-101.46773733212731, 20.650176177540736]], [[-101.46773733212731, 20.650176177540736], [-101.46769417337853, 20.65017679497061]], [[-101.46769482932542, 20.650217419145026], [-101.46769417337853, 20.65017679497061]], [[-101.46769417337853, 20.65017679497061], [-101.46765101462816, 20.650177412389716]], [[-101.46765167056361, 20.650218036565448], [-101.46765101462816, 20.650177412389716]], [[-101.46765101462816, 20.650177412389716], [-101.4676078558762, 20.650178029798038]], [[-101.46760851180021, 20.650218653975095], [-101.4676078558762, 20.650178029798038]], [[-101.4676078558762, 20.650178029798038], [-101.46756469712267, 20.650178647195595]], [[-101.46756535303524, 20.650219271373974], [-101.46756469712267, 20.650178647195595]], [[-101.46756469712267, 20.650178647195595], [-101.46752153836755, 20.65017926458238]], [[-101.46752219426867, 20.650219888762074], [-101.46752153836755, 20.65017926458238]], [[-101.46752153836755, 20.65017926458238], [-101.46747837961085, 20.650179881958383]], [[-101.46747903550053, 20.650220506139405], [-101.46747837961085, 20.650179881958383]], [[-101.46747837961085, 20.650179881958383], [-101.46743522085258, 20.65018049932361]], [[-101.4674358767308, 20.650221123505954], [-101.46743522085258, 20.65018049932361]], [[-101.46743522085258, 20.65018049932361], [-101.4673920620927, 20.65018111667807]], [[-101.4673927179595, 20.650221740861735], [-101.4673920620927, 20.65018111667807]], [[-101.4673920620927, 20.65018111667807], [-101.46734890333127, 20.65018173402175]], [[-101.4673495591866, 20.650222358206747], [-101.46734890333127, 20.65018173402175]], [[-101.46734890333127, 20.65018173402175], [-101.46730574456824, 20.650182351354655]], [[-101.46730640041214, 20.650222975540974], [-101.46730574456824, 20.650182351354655]], [[-101.46730574456824, 20.650182351354655], [-101.46726258580362, 20.65018296867679]], [[-101.46726324163608, 20.650223592864428], [-101.46726258580362, 20.65018296867679]], [[-101.46726258580362, 20.65018296867679], [-101.46721942703742, 20.650183585988156]], [[-101.46722008285843, 20.65022421017711], [-101.46721942703742, 20.650183585988156]], [[-101.46721942703742, 20.650183585988156], [-101.46717626826965, 20.650184203288738]], [[-101.46717692407923, 20.65022482747902], [-101.46717626826965, 20.650184203288738]], [[-101.46717626826965, 20.650184203288738], [-101.4671331095003, 20.65018482057855]], [[-101.46713376529841, 20.65022544477015], [-101.4671331095003, 20.65018482057855]], [[-101.4671331095003, 20.65018482057855], [-101.46708995072936, 20.650185437857587]], [[-101.46709060651604, 20.650226062050518], [-101.46708995072936, 20.650185437857587]], [[-101.46708995072936, 20.650185437857587], [-101.46704679195683, 20.65018605512585]], [[-101.46704744773207, 20.650226679320095], [-101.46704679195683, 20.65018605512585]], [[-101.46704679195683, 20.65018605512585], [-101.46700363318273, 20.650186672383334]], [[-101.46700428894653, 20.650227296578908], [-101.46700363318273, 20.650186672383334]], [[-101.46700363318273, 20.650186672383334], [-101.46696047440705, 20.65018728963005]], [[-101.46696113015939, 20.650227913826942], [-101.46696047440705, 20.65018728963005]], [[-101.46696047440705, 20.65018728963005], [-101.46691731562977, 20.650187906865987]], [[-101.46691797137068, 20.650228531064204], [-101.46691731562977, 20.650187906865987]], [[-101.46691731562977, 20.650187906865987], [-101.46687415685093, 20.650188524091156]], [[-101.46687481258037, 20.650229148290695], [-101.46687415685093, 20.650188524091156]], [[-101.46687415685093, 20.650188524091156], [-101.46683099807048, 20.650189141305543]], [[-101.4668316537885, 20.650229765506406], [-101.46683099807048, 20.650189141305543]], [[-101.46683099807048, 20.650189141305543], [-101.46678783928847, 20.650189758509164]], [[-101.46678849499506, 20.650230382711342], [-101.46678783928847, 20.650189758509164]], [[-101.46678783928847, 20.650189758509164], [-101.46674468050487, 20.650190375702003]], [[-101.4667453362, 20.65023099990551], [-101.46674468050487, 20.650190375702003]], [[-101.4679962845868, 20.650172472735218], [-101.46799562856138, 20.650131848569856]], [[-101.46799562856138, 20.650131848569856], [-101.46795246983352, 20.650132466063052]], [[-101.46795312584752, 20.65017309022974], [-101.46795246983352, 20.650132466063052]], [[-101.46795246983352, 20.650132466063052], [-101.4679093111041, 20.65013308354548]], [[-101.46790996710664, 20.650173707713485], [-101.4679093111041, 20.65013308354548]], [[-101.4679093111041, 20.65013308354548], [-101.46786615237309, 20.650133701017126]], [[-101.46786680836418, 20.650174325186462], [-101.46786615237309, 20.650133701017126]], [[-101.46786615237309, 20.650133701017126], [-101.4678229936405, 20.650134318478006]], [[-101.46782364962014, 20.65017494264866], [-101.4678229936405, 20.650134318478006]], [[-101.4678229936405, 20.650134318478006], [-101.46777983490632, 20.650134935928108]], [[-101.46778049087452, 20.650175560100084], [-101.46777983490632, 20.650134935928108]], [[-101.46777983490632, 20.650134935928108], [-101.46773667617056, 20.650135553367434]], [[-101.46773733212731, 20.650176177540736], [-101.46773667617056, 20.650135553367434]], [[-101.46773667617056, 20.650135553367434], [-101.46769351743322, 20.650136170795992]], [[-101.46769417337853, 20.65017679497061], [-101.46769351743322, 20.650136170795992]], [[-101.46769351743322, 20.650136170795992], [-101.46765035869429, 20.65013678821377]], [[-101.46765101462816, 20.650177412389716], [-101.46765035869429, 20.65013678821377]], [[-101.46765035869429, 20.65013678821377], [-101.46760719995378, 20.650137405620775]], [[-101.4676078558762, 20.650178029798038], [-101.46760719995378, 20.650137405620775]], [[-101.46760719995378, 20.650137405620775], [-101.46756404121169, 20.650138023017007]], [[-101.46756469712267, 20.650178647195595], [-101.46756404121169, 20.650138023017007]], [[-101.46756404121169, 20.650138023017007], [-101.46752088246801, 20.65013864040246]], [[-101.46752153836755, 20.65017926458238], [-101.46752088246801, 20.65013864040246]], [[-101.46752088246801, 20.65013864040246], [-101.46747772372277, 20.65013925777715]], [[-101.46747837961085, 20.650179881958383], [-101.46747772372277, 20.65013925777715]], [[-101.46747772372277, 20.65013925777715], [-101.46743456497593, 20.65013987514105]], [[-101.46743522085258, 20.65018049932361], [-101.46743456497593, 20.65013987514105]], [[-101.46743456497593, 20.65013987514105], [-101.4673914062275, 20.650140492494184]], [[-101.4673920620927, 20.65018111667807], [-101.4673914062275, 20.650140492494184]], [[-101.4673914062275, 20.650140492494184], [-101.4673482474775, 20.65014110983655]], [[-101.46734890333127, 20.65018173402175], [-101.4673482474775, 20.65014110983655]], [[-101.4673482474775, 20.65014110983655], [-101.46730508872591, 20.650141727168133]], [[-101.46730574456824, 20.650182351354655], [-101.46730508872591, 20.650141727168133]], [[-101.46730508872591, 20.650141727168133], [-101.46726192997275, 20.65014234448895]], [[-101.46726258580362, 20.65018296867679], [-101.46726192997275, 20.65014234448895]], [[-101.46726192997275, 20.65014234448895], [-101.467218771218, 20.65014296179898]], [[-101.46721942703742, 20.650183585988156], [-101.467218771218, 20.65014296179898]], [[-101.467218771218, 20.65014296179898], [-101.46717561246166, 20.65014357909825]], [[-101.46717626826965, 20.650184203288738], [-101.46717561246166, 20.65014357909825]], [[-101.46717561246166, 20.65014357909825], [-101.46713245370375, 20.650144196386734]], [[-101.4671331095003, 20.65018482057855], [-101.46713245370375, 20.650144196386734]], [[-101.46713245370375, 20.650144196386734], [-101.46708929494426, 20.650144813664443]], [[-101.46708995072936, 20.650185437857587], [-101.46708929494426, 20.650144813664443]], [[-101.46708929494426, 20.650144813664443], [-101.46704613618319, 20.65014543093139]], [[-101.46704679195683, 20.65018605512585], [-101.46704613618319, 20.65014543093139]], [[-101.46704613618319, 20.65014543093139], [-101.46700297742052, 20.650146048187555]], [[-101.46700363318273, 20.650186672383334], [-101.46700297742052, 20.650146048187555]], [[-101.46700297742052, 20.650146048187555], [-101.46695981865628, 20.65014666543295]], [[-101.46696047440705, 20.65018728963005], [-101.46695981865628, 20.65014666543295]], [[-101.46695981865628, 20.65014666543295], [-101.46691665989044, 20.650147282667564]], [[-101.46691731562977, 20.650187906865987], [-101.46691665989044, 20.650147282667564]], [[-101.46691665989044, 20.650147282667564], [-101.46687350112305, 20.650147899891405]], [[-101.46687415685093, 20.650188524091156], [-101.46687350112305, 20.650147899891405]], [[-101.46687350112305, 20.650147899891405], [-101.46683034235404, 20.650148517104476]], [[-101.46683099807048, 20.650189141305543], [-101.46683034235404, 20.650148517104476]], [[-101.46799562856138, 20.650131848569856], [-101.46799497253755, 20.65009122440428]], [[-101.46799497253755, 20.65009122440428], [-101.46795181382114, 20.65009184189616]], [[-101.46795246983352, 20.650132466063052], [-101.46795181382114, 20.65009184189616]], [[-101.46795181382114, 20.65009184189616], [-101.46790865510316, 20.650092459377262]], [[-101.4679093111041, 20.65013308354548], [-101.46790865510316, 20.650092459377262]], [[-101.46790865510316, 20.650092459377262], [-101.4678654963836, 20.65009307684759]], [[-101.46786615237309, 20.650133701017126], [-101.4678654963836, 20.65009307684759]], [[-101.4678654963836, 20.65009307684759], [-101.46782233766243, 20.650093694307145]], [[-101.4678229936405, 20.650134318478006], [-101.46782233766243, 20.650093694307145]], [[-101.46782233766243, 20.650093694307145], [-101.46777917893971, 20.650094311755925]], [[-101.46777983490632, 20.650134935928108], [-101.46777917893971, 20.650094311755925]], [[-101.46777917893971, 20.650094311755925], [-101.46773602021538, 20.65009492919393]], [[-101.46773667617056, 20.650135553367434], [-101.46773602021538, 20.65009492919393]], [[-101.46773602021538, 20.65009492919393], [-101.46769286148948, 20.650095546621156]], [[-101.46769351743322, 20.650136170795992], [-101.46769286148948, 20.650095546621156]], [[-101.46769286148948, 20.650095546621156], [-101.467649702762, 20.650096164037613]], [[-101.46765035869429, 20.65013678821377], [-101.467649702762, 20.650096164037613]], [[-101.467649702762, 20.650096164037613], [-101.46760654403293, 20.650096781443295]], [[-101.46760719995378, 20.650137405620775], [-101.46760654403293, 20.650096781443295]], [[-101.46760654403293, 20.650096781443295], [-101.4675633853023, 20.65009739883821]], [[-101.46756404121169, 20.650138023017007], [-101.4675633853023, 20.65009739883821]], [[-101.4675633853023, 20.65009739883821], [-101.46752022657006, 20.65009801622234]], [[-101.46752088246801, 20.65013864040246], [-101.46752022657006, 20.65009801622234]], [[-101.46752022657006, 20.65009801622234], [-101.46747706783626, 20.650098633595704]], [[-101.46747772372277, 20.65013925777715], [-101.46747706783626, 20.650098633595704]], [[-101.46747706783626, 20.650098633595704], [-101.46743390910086, 20.650099250958284]], [[-101.46743456497593, 20.65013987514105], [-101.46743390910086, 20.650099250958284]], [[-101.46743390910086, 20.650099250958284], [-101.46739075036388, 20.6500998683101]], [[-101.4673914062275, 20.650140492494184], [-101.46739075036388, 20.6500998683101]], [[-101.46739075036388, 20.6500998683101], [-101.46734759162533, 20.650100485651137]], [[-101.4673482474775, 20.65014110983655], [-101.46734759162533, 20.650100485651137]], [[-101.46734759162533, 20.650100485651137], [-101.46730443288519, 20.6501011029814]], [[-101.46730508872591, 20.650141727168133], [-101.46730443288519, 20.6501011029814]], [[-101.46730443288519, 20.6501011029814], [-101.46726127414345, 20.65010172030089]], [[-101.46726192997275, 20.65014234448895], [-101.46726127414345, 20.65010172030089]], [[-101.46726127414345, 20.65010172030089], [-101.46721811540016, 20.650102337609603]], [[-101.467218771218, 20.65014296179898], [-101.46721811540016, 20.650102337609603]], [[-101.46721811540016, 20.650102337609603], [-101.46717495665526, 20.650102954907542]], [[-101.46717561246166, 20.65014357909825], [-101.46717495665526, 20.650102954907542]], [[-101.46717495665526, 20.650102954907542], [-101.46713179790879, 20.650103572194705]], [[-101.46713245370375, 20.650144196386734], [-101.46713179790879, 20.650103572194705]], [[-101.46713179790879, 20.650103572194705], [-101.46708863916075, 20.6501041894711]], [[-101.46708929494426, 20.650144813664443], [-101.46708863916075, 20.6501041894711]], [[-101.46708863916075, 20.6501041894711], [-101.46704548041112, 20.650104806736717]], [[-101.46704613618319, 20.65014543093139], [-101.46704548041112, 20.650104806736717]], [[-101.46704548041112, 20.650104806736717], [-101.46700232165989, 20.650105423991562]], [[-101.46700297742052, 20.650146048187555], [-101.46700232165989, 20.650105423991562]], [[-101.46700232165989, 20.650105423991562], [-101.46695916290709, 20.65010604123563]], [[-101.46695981865628, 20.65014666543295], [-101.46695916290709, 20.65010604123563]], [[-101.46695916290709, 20.65010604123563], [-101.46691600415272, 20.65010665846893]], [[-101.46691665989044, 20.650147282667564], [-101.46691600415272, 20.65010665846893]], [[-101.46691600415272, 20.65010665846893], [-101.46687284539675, 20.65010727569145]], [[-101.46687350112305, 20.650147899891405], [-101.46687284539675, 20.65010727569145]], [[-101.46799497253755, 20.65009122440428], [-101.4679943165153, 20.650050600238494]], [[-101.4679943165153, 20.650050600238494], [-101.46795115781033, 20.65005121772905]], [[-101.46795181382114, 20.65009184189616], [-101.46795115781033, 20.65005121772905]], [[-101.46795115781033, 20.65005121772905], [-101.46790799910379, 20.65005183520883]], [[-101.46790865510316, 20.650092459377262], [-101.46790799910379, 20.65005183520883]], [[-101.46790799910379, 20.65005183520883], [-101.46786484039568, 20.650052452677837]], [[-101.4678654963836, 20.65009307684759], [-101.46786484039568, 20.650052452677837]], [[-101.46786484039568, 20.650052452677837], [-101.46782168168595, 20.650053070136064]], [[-101.46782233766243, 20.650093694307145], [-101.46782168168595, 20.650053070136064]], [[-101.46782168168595, 20.650053070136064], [-101.46777852297467, 20.650053687583522]], [[-101.46777917893971, 20.650094311755925], [-101.46777852297467, 20.650053687583522]], [[-101.46777852297467, 20.650053687583522], [-101.46773536426178, 20.650054305020202]], [[-101.46773602021538, 20.65009492919393], [-101.46773536426178, 20.650054305020202]], [[-101.46773536426178, 20.650054305020202], [-101.46769220554734, 20.650054922446117]], [[-101.46769286148948, 20.650095546621156], [-101.46769220554734, 20.650054922446117]], [[-101.46769220554734, 20.650054922446117], [-101.4676490468313, 20.650055539861246]], [[-101.467649702762, 20.650096164037613], [-101.4676490468313, 20.650055539861246]], [[-101.4676490468313, 20.650055539861246], [-101.46760588811368, 20.65005615726561]], [[-101.46760654403293, 20.650096781443295], [-101.46760588811368, 20.65005615726561]], [[-101.46760588811368, 20.65005615726561], [-101.46756272939449, 20.65005677465919]], [[-101.4675633853023, 20.65009739883821], [-101.46756272939449, 20.65005677465919]], [[-101.46756272939449, 20.65005677465919], [-101.46751957067369, 20.650057392042008]], [[-101.46752022657006, 20.65009801622234], [-101.46751957067369, 20.650057392042008]], [[-101.46751957067369, 20.650057392042008], [-101.46747641195132, 20.650058009414042]], [[-101.46747706783626, 20.650098633595704], [-101.46747641195132, 20.650058009414042]], [[-101.46747641195132, 20.650058009414042], [-101.46743325322737, 20.65005862677531]], [[-101.46743390910086, 20.650099250958284], [-101.46743325322737, 20.65005862677531]], [[-101.46743325322737, 20.65005862677531], [-101.46739009450185, 20.6500592441258]], [[-101.46739075036388, 20.6500998683101], [-101.46739009450185, 20.6500592441258]], [[-101.46739009450185, 20.6500592441258], [-101.46734693577471, 20.650059861465515]], [[-101.46734759162533, 20.650100485651137], [-101.46734693577471, 20.650059861465515]], [[-101.46734693577471, 20.650059861465515], [-101.46730377704603, 20.65006047879445]], [[-101.46730443288519, 20.6501011029814], [-101.46730377704603, 20.65006047879445]], [[-101.46730377704603, 20.65006047879445], [-101.46726061831575, 20.65006109611262]], [[-101.46726127414345, 20.65010172030089], [-101.46726061831575, 20.65006109611262]], [[-101.46726061831575, 20.65006109611262], [-101.46721745958389, 20.650061713420016]], [[-101.46721811540016, 20.650102337609603], [-101.46721745958389, 20.650061713420016]], [[-101.46721745958389, 20.650061713420016], [-101.46717430085044, 20.650062330716626]], [[-101.46717495665526, 20.650102954907542], [-101.46717430085044, 20.650062330716626]], [[-101.4679943165153, 20.650050600238494], [-101.46799366049463, 20.6500099760725]], [[-101.46799366049463, 20.6500099760725], [-101.46795050180111, 20.65001059356173]], [[-101.46795115781033, 20.65005121772905], [-101.46795050180111, 20.65001059356173]], [[-101.46795050180111, 20.65001059356173], [-101.467907343106, 20.65001121104019]], [[-101.46790799910379, 20.65005183520883], [-101.467907343106, 20.65001121104019]], [[-101.467907343106, 20.65001121104019], [-101.46786418440932, 20.65001182850787]], [[-101.46786484039568, 20.650052452677837], [-101.46786418440932, 20.65001182850787]], [[-101.46786418440932, 20.65001182850787], [-101.46782102571106, 20.650012445964776]], [[-101.46782168168595, 20.650053070136064], [-101.46782102571106, 20.650012445964776]], [[-101.46782102571106, 20.650012445964776], [-101.46777786701122, 20.650013063410917]], [[-101.46777852297467, 20.650053687583522], [-101.46777786701122, 20.650013063410917]], [[-101.46777786701122, 20.650013063410917], [-101.46773470830979, 20.650013680846275]], [[-101.46773536426178, 20.650054305020202], [-101.46773470830979, 20.650013680846275]], [[-101.46773470830979, 20.650013680846275], [-101.46769154960677, 20.65001429827086]], [[-101.46769220554734, 20.650054922446117], [-101.46769154960677, 20.65001429827086]], [[-101.46769154960677, 20.65001429827086], [-101.46764839090218, 20.65001491568467]], [[-101.4676490468313, 20.650055539861246], [-101.46764839090218, 20.65001491568467]], [[-101.46764839090218, 20.65001491568467], [-101.46760523219601, 20.650015533087714]], [[-101.46760588811368, 20.65005615726561], [-101.46760523219601, 20.650015533087714]], [[-101.46760523219601, 20.650015533087714], [-101.46756207348824, 20.65001615047997]], [[-101.46756272939449, 20.65005677465919], [-101.46756207348824, 20.65001615047997]], [[-101.46756207348824, 20.65001615047997], [-101.4675189147789, 20.650016767861462]], [[-101.46751957067369, 20.650057392042008], [-101.4675189147789, 20.650016767861462]], [[-101.4675189147789, 20.650016767861462], [-101.46747575606797, 20.65001738523218]], [[-101.46747641195132, 20.650058009414042], [-101.46747575606797, 20.65001738523218]], [[-101.46747575606797, 20.65001738523218], [-101.46743259735547, 20.65001800259212]], [[-101.46743325322737, 20.65005862677531], [-101.46743259735547, 20.65001800259212]], [[-101.46795050180111, 20.65001059356173], [-101.46794984579346, 20.649969969394213]], [[-101.46794984579346, 20.649969969394213], [-101.4679066871098, 20.64997058687134]], [[-101.467907343106, 20.65001121104019], [-101.4679066871098, 20.64997058687134]], [[-101.4679066871098, 20.64997058687134], [-101.46786352842457, 20.6499712043377]], [[-101.46786418440932, 20.65001182850787], [-101.46786352842457, 20.6499712043377]], [[-101.46786352842457, 20.6499712043377], [-101.46782036973775, 20.649971821793287]], [[-101.46782102571106, 20.650012445964776], [-101.46782036973775, 20.649971821793287]], [[-101.46782036973775, 20.649971821793287], [-101.46777721104934, 20.6499724392381]], [[-101.46777786701122, 20.650013063410917], [-101.46777721104934, 20.6499724392381]], [[-101.46777721104934, 20.6499724392381], [-101.46773405235936, 20.64997305667214]], [[-101.46773470830979, 20.650013680846275], [-101.46773405235936, 20.64997305667214]]]}}]}