{"type": "FeatureCollection", "features": [{"type": "Feature", "properties": {"artifact_id": "4c0d136a32dd4f378b18d20fe2f300d6"}, "geometry": {"type": "MultiLineString", "coordinates": [[[-100.87375312858511, 21.332108050299357], [-100.87374864238637, 21.332072171358547]], [[-100.87375312858511, 21.332108050299357], [-100.87379142255116, 21.332103847019187]], [[-100.87379142255116, 21.332103847019187], [-100.87378693634342, 21.332067968080057]], [[-100.87374864238637, 21.332072171358547], [-100.87378693634342, 21.332067968080057]], [[-100.87374864238637, 21.332072171358547], [-100.87374415619054, 21.332036292417307]], [[-100.87378693634342, 21.332067968080057], [-100.87378245013858, 21.3320320891405]], [[-100.87374415619054, 21.332036292417307], [-100.87378245013858, 21.3320320891405]], [[-100.87380039497539, 21.33217560489618], [-100.87379590876182, 21.332139725957898]], [[-100.87380039497539, 21.33217560489618], [-100.8738386889566, 21.332171401604082]], [[-100.8738386889566, 21.332171401604082], [-100.87383420273402, 21.332135522667485]], [[-100.87379590876182, 21.332139725957898], [-100.87383420273402, 21.332135522667485]], [[-100.87379590876182, 21.332139725957898], [-100.87379142255116, 21.332103847019187]], [[-100.87383420273402, 21.332135522667485], [-100.87382971651434, 21.332099643730455]], [[-100.87379142255116, 21.332103847019187], [-100.87382971651434, 21.332099643730455]], [[-100.87382971651434, 21.332099643730455], [-100.87382523029756, 21.332063764793]], [[-100.87378693634342, 21.332067968080057], [-100.87382523029756, 21.332063764793]], [[-100.87382523029756, 21.332063764793], [-100.8738207440837, 21.332027885855126]], [[-100.87378245013858, 21.3320320891405], [-100.8738207440837, 21.332027885855126]], [[-100.87378245013858, 21.3320320891405], [-100.87377796393663, 21.331996210200515]], [[-100.8738207440837, 21.332027885855126], [-100.87381625787273, 21.33199200691683]], [[-100.87377796393663, 21.331996210200515], [-100.87381625787273, 21.33199200691683]], [[-100.87377796393663, 21.331996210200515], [-100.87377347773759, 21.331960331260117]], [[-100.87381625787273, 21.33199200691683], [-100.87381177166466, 21.3319561279781]], [[-100.87377347773759, 21.331960331260117], [-100.87381177166466, 21.3319561279781]], [[-100.87377347773759, 21.331960331260117], [-100.87376899154144, 21.331924452319278]], [[-100.87381177166466, 21.3319561279781], [-100.87380728545952, 21.33192024903895]], [[-100.87376899154144, 21.331924452319278], [-100.87380728545952, 21.33192024903895]], [[-100.87376899154144, 21.331924452319278], [-100.87376450534822, 21.331888573378023]], [[-100.87380728545952, 21.33192024903895], [-100.87380279925726, 21.33188437009937]], [[-100.87376450534822, 21.331888573378023], [-100.87380279925726, 21.33188437009937]], [[-100.87376450534822, 21.331888573378023], [-100.87376001915788, 21.33185269443634]], [[-100.87380279925726, 21.33188437009937], [-100.87379831305792, 21.33184849115937]], [[-100.87376001915788, 21.33185269443634], [-100.87379831305792, 21.33184849115937]], [[-100.87376001915788, 21.33185269443634], [-100.87375553297046, 21.331816815494236]], [[-100.87379831305792, 21.33184849115937], [-100.87379382686147, 21.331812612218943]], [[-100.87375553297046, 21.331816815494236], [-100.87379382686147, 21.331812612218943]], [[-100.87375553297046, 21.331816815494236], [-100.87375104678594, 21.331780936551695]], [[-100.87379382686147, 21.331812612218943], [-100.87378934066793, 21.331776733278094]], [[-100.87375104678594, 21.331780936551695], [-100.87378934066793, 21.331776733278094]], [[-100.87375104678594, 21.331780936551695], [-100.87374656060433, 21.331745057608746]], [[-100.87378934066793, 21.331776733278094], [-100.8737848544773, 21.331740854336815]], [[-100.87374656060433, 21.331745057608746], [-100.8737848544773, 21.331740854336815]], [[-100.87374656060433, 21.331745057608746], [-100.8737420744256, 21.331709178665356]], [[-100.8737848544773, 21.331740854336815], [-100.87378036828956, 21.331704975395116]], [[-100.8737420744256, 21.331709178665356], [-100.87378036828956, 21.331704975395116]], [[-100.8737420744256, 21.331709178665356], [-100.87373758824981, 21.33167329972155]], [[-100.87378036828956, 21.331704975395116], [-100.87377588210472, 21.331669096452984]], [[-100.87373758824981, 21.33167329972155], [-100.87377588210472, 21.331669096452984]], [[-100.87384317518207, 21.33220728054026], [-100.8738386889566, 21.332171401604082]], [[-100.87384317518207, 21.33220728054026], [-100.87388146916939, 21.3322030772379]], [[-100.87388146916939, 21.3322030772379], [-100.8738769829349, 21.33216719830341]], [[-100.8738386889566, 21.332171401604082], [-100.8738769829349, 21.33216719830341]], [[-100.8738769829349, 21.33216719830341], [-100.8738724967033, 21.332131319368482]], [[-100.87383420273402, 21.332135522667485], [-100.8738724967033, 21.332131319368482]], [[-100.8738724967033, 21.332131319368482], [-100.8738680104746, 21.332095440433143]], [[-100.87382971651434, 21.332099643730455], [-100.8738680104746, 21.332095440433143]], [[-100.8738680104746, 21.332095440433143], [-100.8738635242488, 21.332059561497374]], [[-100.87382523029756, 21.332063764793], [-100.8738635242488, 21.332059561497374]], [[-100.8738635242488, 21.332059561497374], [-100.87385903802591, 21.332023682561175]], [[-100.8738207440837, 21.332027885855126], [-100.87385903802591, 21.332023682561175]], [[-100.87385903802591, 21.332023682561175], [-100.87385455180593, 21.33198780362456]], [[-100.87381625787273, 21.33199200691683], [-100.87385455180593, 21.33198780362456]], [[-100.87385455180593, 21.33198780362456], [-100.87385006558884, 21.331951924687516]], [[-100.87381177166466, 21.3319561279781], [-100.87385006558884, 21.331951924687516]], [[-100.87385006558884, 21.331951924687516], [-100.87384557937467, 21.331916045750038]], [[-100.87380728545952, 21.33192024903895], [-100.87384557937467, 21.331916045750038]], [[-100.87384557937467, 21.331916045750038], [-100.8738410931634, 21.33188016681215]], [[-100.87380279925726, 21.33188437009937], [-100.8738410931634, 21.33188016681215]], [[-100.8738410931634, 21.33188016681215], [-100.87383660695504, 21.331844287873828]], [[-100.87379831305792, 21.33184849115937], [-100.87383660695504, 21.331844287873828]], [[-100.87383660695504, 21.331844287873828], [-100.87383212074957, 21.331808408935082]], [[-100.87379382686147, 21.331812612218943], [-100.87383212074957, 21.331808408935082]], [[-100.87383212074957, 21.331808408935082], [-100.87382763454701, 21.331772529995906]], [[-100.87378934066793, 21.331776733278094], [-100.87382763454701, 21.331772529995906]], [[-100.87382763454701, 21.331772529995906], [-100.87382314834736, 21.331736651056318]], [[-100.8737848544773, 21.331740854336815], [-100.87382314834736, 21.331736651056318]], [[-100.87382314834736, 21.331736651056318], [-100.8738186621506, 21.331700772116292]], [[-100.87378036828956, 21.331704975395116], [-100.8738186621506, 21.331700772116292]], [[-100.8738186621506, 21.331700772116292], [-100.87381417595675, 21.33166489317585]], [[-100.87377588210472, 21.331669096452984], [-100.87381417595675, 21.33166489317585]], [[-100.87377588210472, 21.331669096452984], [-100.87377139592282, 21.331633217510436]], [[-100.87381417595675, 21.33166489317585], [-100.8738096897658, 21.33162901423498]], [[-100.87377139592282, 21.331633217510436], [-100.8738096897658, 21.33162901423498]], [[-100.87377139592282, 21.331633217510436], [-100.8737669097438, 21.331597338567455]], [[-100.8738096897658, 21.33162901423498], [-100.87380520357777, 21.331593135293684]], [[-100.8737669097438, 21.331597338567455], [-100.87380520357777, 21.331593135293684]], [[-100.8737669097438, 21.331597338567455], [-100.87376242356767, 21.33156145962406]], [[-100.87380520357777, 21.331593135293684], [-100.87380071739263, 21.33155725635196]], [[-100.87376242356767, 21.33156145962406], [-100.87380071739263, 21.33155725635196]], [[-100.87376242356767, 21.33156145962406], [-100.87375793739447, 21.33152558068023]], [[-100.87380071739263, 21.33155725635196], [-100.8737962312104, 21.33152137740982]], [[-100.87375793739447, 21.33152558068023], [-100.8737962312104, 21.33152137740982]], [[-100.87375793739447, 21.33152558068023], [-100.87375345122416, 21.331489701735972]], [[-100.8737962312104, 21.33152137740982], [-100.87379174503108, 21.331485498467245]], [[-100.87375345122416, 21.331489701735972], [-100.87379174503108, 21.331485498467245]], [[-100.87375345122416, 21.331489701735972], [-100.87374896505676, 21.331453822791303]], [[-100.87379174503108, 21.331485498467245], [-100.87378725885466, 21.331449619524246]], [[-100.87374896505676, 21.331453822791303], [-100.87378725885466, 21.331449619524246]], [[-100.87374896505676, 21.331453822791303], [-100.87374447889226, 21.331417943846198]], [[-100.87378725885466, 21.331449619524246], [-100.87378277268114, 21.331413740580828]], [[-100.87374447889226, 21.331417943846198], [-100.87378277268114, 21.331413740580828]], [[-100.87374447889226, 21.331417943846198], [-100.87373999273066, 21.331382064900673]], [[-100.87378277268114, 21.331413740580828], [-100.87377828651053, 21.33137786163698]], [[-100.87373999273066, 21.331382064900673], [-100.87377828651053, 21.33137786163698]], [[-100.87373999273066, 21.331382064900673], [-100.87373550657198, 21.331346185954725]], [[-100.87377828651053, 21.33137786163698], [-100.87377380034282, 21.331341982692713]], [[-100.87373550657198, 21.331346185954725], [-100.87377380034282, 21.331341982692713]], [[-100.8738859554068, 21.332238956171977], [-100.87388146916939, 21.3322030772379]], [[-100.8738859554068, 21.332238956171977], [-100.87392424940023, 21.33223475285937]], [[-100.87392424940023, 21.33223475285937], [-100.87391976315381, 21.332198873926977]], [[-100.87388146916939, 21.3322030772379], [-100.87391976315381, 21.332198873926977]], [[-100.87391976315381, 21.332198873926977], [-100.87391527691028, 21.332162994994167]], [[-100.8738769829349, 21.33216719830341], [-100.87391527691028, 21.332162994994167]], [[-100.87391527691028, 21.332162994994167], [-100.87391079066965, 21.332127116060924]], [[-100.8738724967033, 21.332131319368482], [-100.87391079066965, 21.332127116060924]], [[-100.87391079066965, 21.332127116060924], [-100.87390630443194, 21.332091237127262]], [[-100.8738680104746, 21.332095440433143], [-100.87390630443194, 21.332091237127262]], [[-100.87390630443194, 21.332091237127262], [-100.87390181819714, 21.33205535819317]], [[-100.8738635242488, 21.332059561497374], [-100.87390181819714, 21.33205535819317]], [[-100.87390181819714, 21.33205535819317], [-100.87389733196522, 21.332019479258655]], [[-100.87385903802591, 21.332023682561175], [-100.87389733196522, 21.332019479258655]], [[-100.87389733196522, 21.332019479258655], [-100.87389284573622, 21.331983600323717]], [[-100.87385455180593, 21.33198780362456], [-100.87389284573622, 21.331983600323717]], [[-100.87389284573622, 21.331983600323717], [-100.87388835951012, 21.331947721388353]], [[-100.87385006558884, 21.331951924687516], [-100.87388835951012, 21.331947721388353]], [[-100.87388835951012, 21.331947721388353], [-100.87388387328693, 21.331911842452563]], [[-100.87384557937467, 21.331916045750038], [-100.87388387328693, 21.331911842452563]], [[-100.87388387328693, 21.331911842452563], [-100.87387938706662, 21.331875963516346]], [[-100.8738410931634, 21.33188016681215], [-100.87387938706662, 21.331875963516346]], [[-100.87387938706662, 21.331875963516346], [-100.87387490084924, 21.331840084579717]], [[-100.87383660695504, 21.331844287873828], [-100.87387490084924, 21.331840084579717]], [[-100.87387490084924, 21.331840084579717], [-100.87387041463477, 21.331804205642648]], [[-100.87383212074957, 21.331808408935082], [-100.87387041463477, 21.331804205642648]], [[-100.87387041463477, 21.331804205642648], [-100.87386592842319, 21.33176832670516]], [[-100.87382763454701, 21.331772529995906], [-100.87386592842319, 21.33176832670516]], [[-100.87386592842319, 21.33176832670516], [-100.8738614422145, 21.331732447767244]], [[-100.87382314834736, 21.331736651056318], [-100.8738614422145, 21.331732447767244]], [[-100.8738614422145, 21.331732447767244], [-100.87385695600874, 21.331696568828903]], [[-100.8738186621506, 21.331700772116292], [-100.87385695600874, 21.331696568828903]], [[-100.87385695600874, 21.331696568828903], [-100.87385246980587, 21.33166068989014]], [[-100.87381417595675, 21.33166489317585], [-100.87385246980587, 21.33166068989014]], [[-100.87385246980587, 21.33166068989014], [-100.8738479836059, 21.331624810950952]], [[-100.8738096897658, 21.33162901423498], [-100.8738479836059, 21.331624810950952]], [[-100.8738479836059, 21.331624810950952], [-100.87384349740884, 21.331588932011336]], [[-100.87380520357777, 21.331593135293684], [-100.87384349740884, 21.331588932011336]], [[-100.87384349740884, 21.331588932011336], [-100.87383901121468, 21.331553053071293]], [[-100.87380071739263, 21.33155725635196], [-100.87383901121468, 21.331553053071293]], [[-100.87383901121468, 21.331553053071293], [-100.87383452502344, 21.331517174130834]], [[-100.8737962312104, 21.33152137740982], [-100.87383452502344, 21.331517174130834]], [[-100.87383452502344, 21.331517174130834], [-100.8738300388351, 21.33148129518995]], [[-100.87379174503108, 21.331485498467245], [-100.8738300388351, 21.33148129518995]], [[-100.8738300388351, 21.33148129518995], [-100.87382555264965, 21.331445416248627]], [[-100.87378725885466, 21.331449619524246], [-100.87382555264965, 21.331445416248627]], [[-100.87382555264965, 21.331445416248627], [-100.87382106646712, 21.331409537306882]], [[-100.87378277268114, 21.331413740580828], [-100.87382106646712, 21.331409537306882]], [[-100.87382106646712, 21.331409537306882], [-100.87381658028748, 21.331373658364726]], [[-100.87377828651053, 21.33137786163698], [-100.87381658028748, 21.331373658364726]], [[-100.87381658028748, 21.331373658364726], [-100.87381209411075, 21.33133777942213]], [[-100.87377380034282, 21.331341982692713], [-100.87381209411075, 21.33133777942213]], [[-100.87377380034282, 21.331341982692713], [-100.873769314178, 21.331306103748016]], [[-100.87381209411075, 21.33133777942213], [-100.87380760793693, 21.331301900479115]], [[-100.873769314178, 21.331306103748016], [-100.87380760793693, 21.331301900479115]], [[-100.873769314178, 21.331306103748016], [-100.87376482801609, 21.3312702248029]], [[-100.87380760793693, 21.331301900479115], [-100.87380312176599, 21.33126602153568]], [[-100.87376482801609, 21.3312702248029], [-100.87380312176599, 21.33126602153568]], [[-100.87376482801609, 21.3312702248029], [-100.8737603418571, 21.33123434585735]], [[-100.87380312176599, 21.33126602153568], [-100.87379863559798, 21.331230142591814]], [[-100.8737603418571, 21.33123434585735], [-100.87379863559798, 21.331230142591814]], [[-100.8737603418571, 21.33123434585735], [-100.873755855701, 21.33119846691138]], [[-100.87379863559798, 21.331230142591814], [-100.87379414943287, 21.331194263647525]], [[-100.873755855701, 21.33119846691138], [-100.87379414943287, 21.331194263647525]], [[-100.873755855701, 21.33119846691138], [-100.87375136954782, 21.33116258796499]], [[-100.87379414943287, 21.331194263647525], [-100.87378966327066, 21.33115838470281]], [[-100.87375136954782, 21.33116258796499], [-100.87378966327066, 21.33115838470281]], [[-100.87375136954782, 21.33116258796499], [-100.87374688339753, 21.331126709018164]], [[-100.87378966327066, 21.33115838470281], [-100.87378517711136, 21.331122505757666]], [[-100.87374688339753, 21.331126709018164], [-100.87378517711136, 21.331122505757666]], [[-100.87374688339753, 21.331126709018164], [-100.87374239725014, 21.33109083007092]], [[-100.87378517711136, 21.331122505757666], [-100.87378069095496, 21.33108662681211]], [[-100.87374239725014, 21.33109083007092], [-100.87378069095496, 21.33108662681211]], [[-100.87374239725014, 21.33109083007092], [-100.87373791110566, 21.33105495112325]], [[-100.87378069095496, 21.33108662681211], [-100.87377620480146, 21.331050747866115]], [[-100.87373791110566, 21.33105495112325], [-100.87377620480146, 21.331050747866115]], [[-100.87373791110566, 21.33105495112325], [-100.8737334249641, 21.33101907217515]], [[-100.87377620480146, 21.331050747866115], [-100.87377171865086, 21.331014868919706]], [[-100.8737334249641, 21.33101907217515], [-100.87377171865086, 21.331014868919706]], [[-100.8737334249641, 21.33101907217515], [-100.87372893882542, 21.330983193226633]], [[-100.87377171865086, 21.331014868919706], [-100.87376723250317, 21.330978989972863]], [[-100.87372893882542, 21.330983193226633], [-100.87376723250317, 21.330978989972863]], [[-100.87393322190182, 21.332306510722866], [-100.87392873564957, 21.332270631791328]], [[-100.87393322190182, 21.332306510722866], [-100.87397151591038, 21.33230230739832]], [[-100.87397151591038, 21.33230230739832], [-100.87396702964912, 21.33226642846847]], [[-100.87392873564957, 21.332270631791328], [-100.87396702964912, 21.33226642846847]], [[-100.87392873564957, 21.332270631791328], [-100.87392424940023, 21.33223475285937]], [[-100.87396702964912, 21.33226642846847], [-100.87396254339077, 21.33223054953819]], [[-100.87392424940023, 21.33223475285937], [-100.87396254339077, 21.33223054953819]], [[-100.87396254339077, 21.33223054953819], [-100.87395805713531, 21.33219467060747]], [[-100.87391976315381, 21.332198873926977], [-100.87395805713531, 21.33219467060747]], [[-100.87395805713531, 21.33219467060747], [-100.87395357088278, 21.332158791676346]], [[-100.87391527691028, 21.332162994994167], [-100.87395357088278, 21.332158791676346]], [[-100.87395357088278, 21.332158791676346], [-100.87394908463314, 21.332122912744786]], [[-100.87391079066965, 21.332127116060924], [-100.87394908463314, 21.332122912744786]], [[-100.87394908463314, 21.332122912744786], [-100.8739445983864, 21.332087033812805]], [[-100.87390630443194, 21.332091237127262], [-100.8739445983864, 21.332087033812805]], [[-100.8739445983864, 21.332087033812805], [-100.87394011214256, 21.332051154880393]], [[-100.87390181819714, 21.33205535819317], [-100.87394011214256, 21.332051154880393]], [[-100.87394011214256, 21.332051154880393], [-100.87393562590164, 21.332015275947562]], [[-100.87389733196522, 21.332019479258655], [-100.87393562590164, 21.332015275947562]], [[-100.87393562590164, 21.332015275947562], [-100.87393113966361, 21.3319793970143]], [[-100.87389284573622, 21.331983600323717], [-100.87393113966361, 21.3319793970143]], [[-100.87393113966361, 21.3319793970143], [-100.87392665342848, 21.331943518080625]], [[-100.87388835951012, 21.331947721388353], [-100.87392665342848, 21.331943518080625]], [[-100.87392665342848, 21.331943518080625], [-100.87392216719627, 21.331907639146518]], [[-100.87388387328693, 21.331911842452563], [-100.87392216719627, 21.331907639146518]], [[-100.87392216719627, 21.331907639146518], [-100.87391768096697, 21.331871760211982]], [[-100.87387938706662, 21.331875963516346], [-100.87391768096697, 21.331871760211982]], [[-100.87391768096697, 21.331871760211982], [-100.87391319474055, 21.331835881277016]], [[-100.87387490084924, 21.331840084579717], [-100.87391319474055, 21.331835881277016]], [[-100.87391319474055, 21.331835881277016], [-100.87390870851705, 21.33180000234164]], [[-100.87387041463477, 21.331804205642648], [-100.87390870851705, 21.33180000234164]], [[-100.87390870851705, 21.33180000234164], [-100.87390422229645, 21.331764123405826]], [[-100.87386592842319, 21.33176832670516], [-100.87390422229645, 21.331764123405826]], [[-100.87390422229645, 21.331764123405826], [-100.87389973607876, 21.3317282444696]], [[-100.8738614422145, 21.331732447767244], [-100.87389973607876, 21.3317282444696]], [[-100.87389973607876, 21.3317282444696], [-100.87389524986396, 21.331692365532938]], [[-100.87385695600874, 21.331696568828903], [-100.87389524986396, 21.331692365532938]], [[-100.87389524986396, 21.331692365532938], [-100.87389076365208, 21.331656486595858]], [[-100.87385246980587, 21.33166068989014], [-100.87389076365208, 21.331656486595858]], [[-100.87389076365208, 21.331656486595858], [-100.8738862774431, 21.331620607658344]], [[-100.8738479836059, 21.331624810950952], [-100.8738862774431, 21.331620607658344]], [[-100.8738862774431, 21.331620607658344], [-100.87388179123703, 21.331584728720415]], [[-100.87384349740884, 21.331588932011336], [-100.87388179123703, 21.331584728720415]], [[-100.87388179123703, 21.331584728720415], [-100.87387730503384, 21.331548849782056]], [[-100.87383901121468, 21.331553053071293], [-100.87387730503384, 21.331548849782056]], [[-100.87387730503384, 21.331548849782056], [-100.87387281883356, 21.331512970843274]], [[-100.87383452502344, 21.331517174130834], [-100.87387281883356, 21.331512970843274]], [[-100.87387281883356, 21.331512970843274], [-100.87386833263619, 21.33147709190407]], [[-100.8738300388351, 21.33148129518995], [-100.87386833263619, 21.33147709190407]], [[-100.87386833263619, 21.33147709190407], [-100.87386384644175, 21.331441212964435]], [[-100.87382555264965, 21.331445416248627], [-100.87386384644175, 21.331441212964435]], [[-100.87386384644175, 21.331441212964435], [-100.87385936025018, 21.331405334024378]], [[-100.87382106646712, 21.331409537306882], [-100.87385936025018, 21.331405334024378]], [[-100.87385936025018, 21.331405334024378], [-100.87385487406154, 21.331369455083884]], [[-100.87381658028748, 21.331373658364726], [-100.87385487406154, 21.331369455083884]], [[-100.87385487406154, 21.331369455083884], [-100.87385038787579, 21.33133357614298]], [[-100.87381209411075, 21.33133777942213], [-100.87385038787579, 21.33133357614298]], [[-100.87385038787579, 21.33133357614298], [-100.87384590169293, 21.33129769720165]], [[-100.87380760793693, 21.331301900479115], [-100.87384590169293, 21.33129769720165]], [[-100.87384590169293, 21.33129769720165], [-100.87384141551298, 21.33126181825989]], [[-100.87380312176599, 21.33126602153568], [-100.87384141551298, 21.33126181825989]], [[-100.87384141551298, 21.33126181825989], [-100.87383692933595, 21.331225939317708]], [[-100.87379863559798, 21.331230142591814], [-100.87383692933595, 21.331225939317708]], [[-100.87383692933595, 21.331225939317708], [-100.87383244316182, 21.3311900603751]], [[-100.87379414943287, 21.331194263647525], [-100.87383244316182, 21.3311900603751]], [[-100.87383244316182, 21.3311900603751], [-100.87382795699058, 21.331154181432066]], [[-100.87378966327066, 21.33115838470281], [-100.87382795699058, 21.331154181432066]], [[-100.87382795699058, 21.331154181432066], [-100.87382347082227, 21.331118302488605]], [[-100.87378517711136, 21.331122505757666], [-100.87382347082227, 21.331118302488605]], [[-100.87382347082227, 21.331118302488605], [-100.87381898465685, 21.331082423544718]], [[-100.87378069095496, 21.33108662681211], [-100.87381898465685, 21.331082423544718]], [[-100.87381898465685, 21.331082423544718], [-100.87381449849433, 21.331046544600408]], [[-100.87377620480146, 21.331050747866115], [-100.87381449849433, 21.331046544600408]], [[-100.87381449849433, 21.331046544600408], [-100.87381001233472, 21.331010665655675]], [[-100.87377171865086, 21.331014868919706], [-100.87381001233472, 21.331010665655675]], [[-100.87381001233472, 21.331010665655675], [-100.873805526178, 21.33097478671052]], [[-100.87376723250317, 21.330978989972863], [-100.873805526178, 21.33097478671052]], [[-100.87376723250317, 21.330978989972863], [-100.87376274635838, 21.3309431110256]], [[-100.873805526178, 21.33097478671052], [-100.8738010400242, 21.33093890776494]], [[-100.87376274635838, 21.3309431110256], [-100.8738010400242, 21.33093890776494]], [[-100.87376274635838, 21.3309431110256], [-100.87375826021649, 21.330907232077912]], [[-100.8738010400242, 21.33093890776494], [-100.8737965538733, 21.33090302881893]], [[-100.87375826021649, 21.330907232077912], [-100.8737965538733, 21.33090302881893]], [[-100.87375826021649, 21.330907232077912], [-100.87375377407753, 21.330871353129794]], [[-100.8737965538733, 21.33090302881893], [-100.8737920677253, 21.330867149872496]], [[-100.87375377407753, 21.330871353129794], [-100.8737920677253, 21.330867149872496]], [[-100.87375377407753, 21.330871353129794], [-100.87374928794144, 21.33083547418125]], [[-100.8737920677253, 21.330867149872496], [-100.8737875815802, 21.330831270925636]], [[-100.87374928794144, 21.33083547418125], [-100.8737875815802, 21.330831270925636]], [[-100.87374928794144, 21.33083547418125], [-100.87374480180827, 21.33079959523229]], [[-100.8737875815802, 21.330831270925636], [-100.87378309543801, 21.330795391978352]], [[-100.87374480180827, 21.33079959523229], [-100.87378309543801, 21.330795391978352]], [[-100.87397600217456, 21.33233818632776], [-100.87397151591038, 21.33230230739832]], [[-100.87397600217456, 21.33233818632776], [-100.87401429618923, 21.332333982992957]], [[-100.87401429618923, 21.332333982992957], [-100.87400980991605, 21.33229810406521]], [[-100.87397151591038, 21.33230230739832], [-100.87400980991605, 21.33229810406521]], [[-100.87400980991605, 21.33229810406521], [-100.87400532364578, 21.33226222513703]], [[-100.87396702964912, 21.33226642846847], [-100.87400532364578, 21.33226222513703]], [[-100.87400532364578, 21.33226222513703], [-100.87400083737839, 21.332226346208433]], [[-100.87396254339077, 21.33223054953819], [-100.87400083737839, 21.332226346208433]], [[-100.87400083737839, 21.332226346208433], [-100.87399635111392, 21.3321904672794]], [[-100.87395805713531, 21.33219467060747], [-100.87399635111392, 21.3321904672794]], [[-100.87399635111392, 21.3321904672794], [-100.87399186485236, 21.33215458834995]], [[-100.87395357088278, 21.332158791676346], [-100.87399186485236, 21.33215458834995]], [[-100.87399186485236, 21.33215458834995], [-100.8739873785937, 21.332118709420076]], [[-100.87394908463314, 21.332122912744786], [-100.8739873785937, 21.332118709420076]], [[-100.8739873785937, 21.332118709420076], [-100.87398289233793, 21.332082830489778]], [[-100.8739445983864, 21.332087033812805], [-100.87398289233793, 21.332082830489778]], [[-100.87398289233793, 21.332082830489778], [-100.8739784060851, 21.332046951559043]], [[-100.87394011214256, 21.332051154880393], [-100.8739784060851, 21.332046951559043]], [[-100.8739784060851, 21.332046951559043], [-100.87397391983514, 21.33201107262789]], [[-100.87393562590164, 21.332015275947562], [-100.87397391983514, 21.33201107262789]], [[-100.87397391983514, 21.33201107262789], [-100.87396943358809, 21.331975193696323]], [[-100.87393113966361, 21.3319793970143], [-100.87396943358809, 21.331975193696323]], [[-100.87396943358809, 21.331975193696323], [-100.87396494734396, 21.331939314764313]], [[-100.87392665342848, 21.331943518080625], [-100.87396494734396, 21.331939314764313]], [[-100.87396494734396, 21.331939314764313], [-100.87396046110271, 21.331903435831894]], [[-100.87392216719627, 21.331907639146518], [-100.87396046110271, 21.331903435831894]], [[-100.87396046110271, 21.331903435831894], [-100.87395597486439, 21.331867556899038]], [[-100.87391768096697, 21.331871760211982], [-100.87395597486439, 21.331867556899038]], [[-100.87395597486439, 21.331867556899038], [-100.87395148862896, 21.33183167796576]], [[-100.87391319474055, 21.331835881277016], [-100.87395148862896, 21.33183167796576]], [[-100.87395148862896, 21.33183167796576], [-100.87394700239643, 21.331795799032054]], [[-100.87390870851705, 21.33180000234164], [-100.87394700239643, 21.331795799032054]], [[-100.87394700239643, 21.331795799032054], [-100.8739425161668, 21.331759920097937]], [[-100.87390422229645, 21.331764123405826], [-100.8739425161668, 21.331759920097937]], [[-100.8739425161668, 21.331759920097937], [-100.87393802994009, 21.33172404116338]], [[-100.87389973607876, 21.3317282444696], [-100.87393802994009, 21.33172404116338]], [[-100.87393802994009, 21.33172404116338], [-100.87393354371629, 21.331688162228403]], [[-100.87389524986396, 21.331692365532938], [-100.87393354371629, 21.331688162228403]], [[-100.87393354371629, 21.331688162228403], [-100.87392905749539, 21.331652283293003]], [[-100.87389076365208, 21.331656486595858], [-100.87392905749539, 21.331652283293003]], [[-100.87392905749539, 21.331652283293003], [-100.87392457127739, 21.331616404357174]], [[-100.8738862774431, 21.331620607658344], [-100.87392457127739, 21.331616404357174]], [[-100.87392457127739, 21.331616404357174], [-100.87392008506228, 21.331580525420918]], [[-100.87388179123703, 21.331584728720415], [-100.87392008506228, 21.331580525420918]], [[-100.87392008506228, 21.331580525420918], [-100.87391559885009, 21.33154464648425]], [[-100.87387730503384, 21.331548849782056], [-100.87391559885009, 21.33154464648425]], [[-100.87391559885009, 21.33154464648425], [-100.8739111126408, 21.331508767547145]], [[-100.87387281883356, 21.331512970843274], [-100.8739111126408, 21.331508767547145]], [[-100.8739111126408, 21.331508767547145], [-100.87390662643442, 21.33147288860961]], [[-100.87386833263619, 21.33147709190407], [-100.87390662643442, 21.33147288860961]], [[-100.87390662643442, 21.33147288860961], [-100.87390214023092, 21.331437009671664]], [[-100.87386384644175, 21.331441212964435], [-100.87390214023092, 21.331437009671664]], [[-100.87390214023092, 21.331437009671664], [-100.87389765403034, 21.331401130733294]], [[-100.87385936025018, 21.331405334024378], [-100.87389765403034, 21.331401130733294]], [[-100.87389765403034, 21.331401130733294], [-100.87389316783268, 21.33136525179448]], [[-100.87385487406154, 21.331369455083884], [-100.87389316783268, 21.33136525179448]], [[-100.87389316783268, 21.33136525179448], [-100.87388868163791, 21.331329372855254]], [[-100.87385038787579, 21.33133357614298], [-100.87388868163791, 21.331329372855254]], [[-100.87388868163791, 21.331329372855254], [-100.87388419544604, 21.331293493915606]], [[-100.87384590169293, 21.33129769720165], [-100.87388419544604, 21.331293493915606]], [[-100.87388419544604, 21.331293493915606], [-100.87387970925708, 21.33125761497552]], [[-100.87384141551298, 21.33126181825989], [-100.87387970925708, 21.33125761497552]], [[-100.87387970925708, 21.33125761497552], [-100.87387522307101, 21.33122173603502]], [[-100.87383692933595, 21.331225939317708], [-100.87387522307101, 21.33122173603502]], [[-100.87387522307101, 21.33122173603502], [-100.87387073688788, 21.3311858570941]], [[-100.87383244316182, 21.3311900603751], [-100.87387073688788, 21.3311858570941]], [[-100.87387073688788, 21.3311858570941], [-100.87386625070762, 21.331149978152744]], [[-100.87382795699058, 21.331154181432066], [-100.87386625070762, 21.331149978152744]], [[-100.87386625070762, 21.331149978152744], [-100.87386176453028, 21.331114099210964]], [[-100.87382347082227, 21.331118302488605], [-100.87386176453028, 21.331114099210964]], [[-100.87386176453028, 21.331114099210964], [-100.87385727835583, 21.33107822026877]], [[-100.87381898465685, 21.331082423544718], [-100.87385727835583, 21.33107822026877]], [[-100.87385727835583, 21.33107822026877], [-100.8738527921843, 21.33104234132614]], [[-100.87381449849433, 21.331046544600408], [-100.8738527921843, 21.33104234132614]], [[-100.8738527921843, 21.33104234132614], [-100.87384830601566, 21.33100646238308]], [[-100.87381001233472, 21.331010665655675], [-100.87384830601566, 21.33100646238308]], [[-100.87384830601566, 21.33100646238308], [-100.87384381984994, 21.33097058343961]], [[-100.873805526178, 21.33097478671052], [-100.87384381984994, 21.33097058343961]], [[-100.87384381984994, 21.33097058343961], [-100.8738393336871, 21.330934704495707]], [[-100.8738010400242, 21.33093890776494], [-100.8738393336871, 21.330934704495707]], [[-100.8738393336871, 21.330934704495707], [-100.87383484752719, 21.330898825551373]], [[-100.8737965538733, 21.33090302881893], [-100.87383484752719, 21.330898825551373]], [[-100.87383484752719, 21.330898825551373], [-100.87383036137017, 21.330862946606633]], [[-100.8737920677253, 21.330867149872496], [-100.87383036137017, 21.330862946606633]], [[-100.87383036137017, 21.330862946606633], [-100.87382587521606, 21.330827067661446]], [[-100.8737875815802, 21.330831270925636], [-100.87382587521606, 21.330827067661446]], [[-100.87382587521606, 21.330827067661446], [-100.87382138906486, 21.330791188715846]], [[-100.87378309543801, 21.330795391978352], [-100.87382138906486, 21.330791188715846]], [[-100.87402326874431, 21.332405740847182], [-100.87401878246533, 21.332369861920288]], [[-100.87402326874431, 21.332405740847182], [-100.87406156277414, 21.332401537500452]], [[-100.87406156277414, 21.332401537500452], [-100.87405707648612, 21.332365658575227]], [[-100.87401878246533, 21.332369861920288], [-100.87405707648612, 21.332365658575227]], [[-100.87401878246533, 21.332369861920288], [-100.87401429618923, 21.332333982992957]], [[-100.87405707648612, 21.332365658575227], [-100.87405259020102, 21.332329779649587]], [[-100.87401429618923, 21.332333982992957], [-100.87405259020102, 21.332329779649587]], [[-100.87405259020102, 21.332329779649587], [-100.87404810391881, 21.332293900723517]], [[-100.87400980991605, 21.33229810406521], [-100.87404810391881, 21.332293900723517]], [[-100.87404810391881, 21.332293900723517], [-100.87404361763951, 21.332258021797024]], [[-100.87400532364578, 21.33226222513703], [-100.87404361763951, 21.332258021797024]], [[-100.87404361763951, 21.332258021797024], [-100.87403913136312, 21.3322221428701]], [[-100.87400083737839, 21.332226346208433], [-100.87403913136312, 21.3322221428701]], [[-100.87403913136312, 21.3322221428701], [-100.87403464508962, 21.332186263942756]], [[-100.87399635111392, 21.3321904672794], [-100.87403464508962, 21.332186263942756]], [[-100.87403464508962, 21.332186263942756], [-100.87403015881904, 21.332150385014984]], [[-100.87399186485236, 21.33215458834995], [-100.87403015881904, 21.332150385014984]], [[-100.87403015881904, 21.332150385014984], [-100.87402567255137, 21.332114506086793]], [[-100.8739873785937, 21.332118709420076], [-100.87402567255137, 21.332114506086793]], [[-100.87402567255137, 21.332114506086793], [-100.87402118628658, 21.33207862715817]], [[-100.87398289233793, 21.332082830489778], [-100.87402118628658, 21.33207862715817]], [[-100.87402118628658, 21.33207862715817], [-100.8740167000247, 21.332042748229124]], [[-100.8739784060851, 21.332046951559043], [-100.8740167000247, 21.332042748229124]], [[-100.8740167000247, 21.332042748229124], [-100.87401221376574, 21.33200686929965]], [[-100.87397391983514, 21.33201107262789], [-100.87401221376574, 21.33200686929965]], [[-100.87401221376574, 21.33200686929965], [-100.87400772750968, 21.331970990369758]], [[-100.87396943358809, 21.331975193696323], [-100.87400772750968, 21.331970990369758]], [[-100.87400772750968, 21.331970990369758], [-100.87400324125652, 21.331935111439435]], [[-100.87396494734396, 21.331939314764313], [-100.87400324125652, 21.331935111439435]], [[-100.87400324125652, 21.331935111439435], [-100.87399875500626, 21.331899232508693]], [[-100.87396046110271, 21.331903435831894], [-100.87399875500626, 21.331899232508693]], [[-100.87399875500626, 21.331899232508693], [-100.8739942687589, 21.33186335357752]], [[-100.87395597486439, 21.331867556899038], [-100.8739942687589, 21.33186335357752]], [[-100.8739942687589, 21.33186335357752], [-100.87398978251446, 21.331827474645927]], [[-100.87395148862896, 21.33183167796576], [-100.87398978251446, 21.331827474645927]], [[-100.87398978251446, 21.331827474645927], [-100.87398529627292, 21.33179159571391]], [[-100.87394700239643, 21.331795799032054], [-100.87398529627292, 21.33179159571391]], [[-100.87398529627292, 21.33179159571391], [-100.87398081003427, 21.331755716781462]], [[-100.8739425161668, 21.331759920097937], [-100.87398081003427, 21.331755716781462]], [[-100.87398081003427, 21.331755716781462], [-100.87397632379854, 21.33171983784859]], [[-100.87393802994009, 21.33172404116338], [-100.87397632379854, 21.33171983784859]], [[-100.87397632379854, 21.33171983784859], [-100.8739718375657, 21.331683958915292]], [[-100.87393354371629, 21.331688162228403], [-100.8739718375657, 21.331683958915292]], [[-100.8739718375657, 21.331683958915292], [-100.87396735133578, 21.33164807998157]], [[-100.87392905749539, 21.331652283293003], [-100.87396735133578, 21.33164807998157]], [[-100.87396735133578, 21.33164807998157], [-100.87396286510877, 21.331612201047424]], [[-100.87392457127739, 21.331616404357174], [-100.87396286510877, 21.331612201047424]], [[-100.87396286510877, 21.331612201047424], [-100.87395837888464, 21.331576322112856]], [[-100.87392008506228, 21.331580525420918], [-100.87395837888464, 21.331576322112856]], [[-100.87395837888464, 21.331576322112856], [-100.87395389266342, 21.331540443177854]], [[-100.87391559885009, 21.33154464648425], [-100.87395389266342, 21.331540443177854]], [[-100.87395389266342, 21.331540443177854], [-100.87394940644512, 21.331504564242437]], [[-100.8739111126408, 21.331508767547145], [-100.87394940644512, 21.331504564242437]], [[-100.87394940644512, 21.331504564242437], [-100.87394492022972, 21.331468685306593]], [[-100.87390662643442, 21.33147288860961], [-100.87394492022972, 21.331468685306593]], [[-100.87394492022972, 21.331468685306593], [-100.87394043401721, 21.331432806370323]], [[-100.87390214023092, 21.331437009671664], [-100.87394043401721, 21.331432806370323]], [[-100.87394043401721, 21.331432806370323], [-100.87393594780761, 21.331396927433627]], [[-100.87389765403034, 21.331401130733294], [-100.87393594780761, 21.331396927433627]], [[-100.87393594780761, 21.331396927433627], [-100.87393146160092, 21.331361048496504]], [[-100.87389316783268, 21.33136525179448], [-100.87393146160092, 21.331361048496504]], [[-100.87393146160092, 21.331361048496504], [-100.87392697539713, 21.331325169558962]], [[-100.87388868163791, 21.331329372855254], [-100.87392697539713, 21.331325169558962]], [[-100.87392697539713, 21.331325169558962], [-100.87392248919625, 21.331289290620987]], [[-100.87388419544604, 21.331293493915606], [-100.87392248919625, 21.331289290620987]], [[-100.87392248919625, 21.331289290620987], [-100.87391800299827, 21.331253411682592]], [[-100.87387970925708, 21.33125761497552], [-100.87391800299827, 21.331253411682592]], [[-100.87391800299827, 21.331253411682592], [-100.87391351680319, 21.331217532743764]], [[-100.87387522307101, 21.33122173603502], [-100.87391351680319, 21.331217532743764]], [[-100.87391351680319, 21.331217532743764], [-100.87390903061102, 21.33118165380452]], [[-100.87387073688788, 21.3311858570941], [-100.87390903061102, 21.33118165380452]], [[-100.87390903061102, 21.33118165380452], [-100.87390454442175, 21.331145774864847]], [[-100.87386625070762, 21.331149978152744], [-100.87390454442175, 21.331145774864847]], [[-100.87390454442175, 21.331145774864847], [-100.87390005823538, 21.331109895924758]], [[-100.87386176453028, 21.331114099210964], [-100.87390005823538, 21.331109895924758]], [[-100.87390005823538, 21.331109895924758], [-100.87389557205192, 21.33107401698423]], [[-100.87385727835583, 21.33107822026877], [-100.87389557205192, 21.33107401698423]], [[-100.87389557205192, 21.33107401698423], [-100.87389108587136, 21.331038138043287]], [[-100.8738527921843, 21.33104234132614], [-100.87389108587136, 21.331038138043287]], [[-100.87389108587136, 21.331038138043287], [-100.8738865996937, 21.331002259101915]], [[-100.87384830601566, 21.33100646238308], [-100.8738865996937, 21.331002259101915]], [[-100.8738865996937, 21.331002259101915], [-100.87388211351896, 21.33096638016012]], [[-100.87384381984994, 21.33097058343961], [-100.87388211351896, 21.33096638016012]], [[-100.87388211351896, 21.33096638016012], [-100.87387762734711, 21.330930501217903]], [[-100.8738393336871, 21.330934704495707], [-100.87387762734711, 21.330930501217903]], [[-100.87387762734711, 21.330930501217903], [-100.87387314117818, 21.330894622275252]], [[-100.87383484752719, 21.330898825551373], [-100.87387314117818, 21.330894622275252]], [[-100.87387314117818, 21.330894622275252], [-100.87386865501215, 21.33085874333218]], [[-100.87383036137017, 21.330862946606633], [-100.87386865501215, 21.33085874333218]], [[-100.87386865501215, 21.33085874333218], [-100.87386416884901, 21.33082286438869]], [[-100.87382587521606, 21.330827067661446], [-100.87386416884901, 21.33082286438869]], [[-100.87386416884901, 21.33082286438869], [-100.87385968268879, 21.33078698544476]], [[-100.87382138906486, 21.330791188715846], [-100.87385968268879, 21.33078698544476]], [[-100.87406604906505, 21.33243741642525], [-100.87406156277414, 21.332401537500452]], [[-100.87406604906505, 21.33243741642525], [-100.874104343101, 21.332433213068253]], [[-100.874104343101, 21.332433213068253], [-100.87409985680105, 21.332397334145142]], [[-100.87406156277414, 21.332401537500452], [-100.87409985680105, 21.332397334145142]], [[-100.87409985680105, 21.332397334145142], [-100.87409537050402, 21.33236145522161]], [[-100.87405707648612, 21.332365658575227], [-100.87409537050402, 21.33236145522161]], [[-100.87409537050402, 21.33236145522161], [-100.8740908842099, 21.332325576297638]], [[-100.87405259020102, 21.332329779649587], [-100.8740908842099, 21.332325576297638]], [[-100.8740908842099, 21.332325576297638], [-100.87408639791867, 21.33228969737325]], [[-100.87404810391881, 21.332293900723517], [-100.87408639791867, 21.33228969737325]], [[-100.87408639791867, 21.33228969737325], [-100.87408191163036, 21.332253818448436]], [[-100.87404361763951, 21.332258021797024], [-100.87408191163036, 21.332253818448436]], [[-100.87408191163036, 21.332253818448436], [-100.87407742534494, 21.3322179395232]], [[-100.87403913136312, 21.3322221428701], [-100.87407742534494, 21.3322179395232]], [[-100.87407742534494, 21.3322179395232], [-100.87407293906243, 21.332182060597532]], [[-100.87403464508962, 21.332186263942756], [-100.87407293906243, 21.332182060597532]], [[-100.87407293906243, 21.332182060597532], [-100.87406845278282, 21.332146181671455]], [[-100.87403015881904, 21.332150385014984], [-100.87406845278282, 21.332146181671455]], [[-100.87406845278282, 21.332146181671455], [-100.87406396650611, 21.33211030274493]], [[-100.87402567255137, 21.332114506086793], [-100.87406396650611, 21.33211030274493]], [[-100.87406396650611, 21.33211030274493], [-100.87405948023232, 21.332074423817996]], [[-100.87402118628658, 21.33207862715817], [-100.87405948023232, 21.332074423817996]], [[-100.87405948023232, 21.332074423817996], [-100.87405499396142, 21.332038544890633]], [[-100.8740167000247, 21.332042748229124], [-100.87405499396142, 21.332038544890633]], [[-100.87405499396142, 21.332038544890633], [-100.87405050769344, 21.332002665962843]], [[-100.87401221376574, 21.33200686929965], [-100.87405050769344, 21.332002665962843]], [[-100.87405050769344, 21.332002665962843], [-100.87404602142836, 21.331966787034624]], [[-100.87400772750968, 21.331970990369758], [-100.87404602142836, 21.331966787034624]], [[-100.87404602142836, 21.331966787034624], [-100.87404153516617, 21.33193090810599]], [[-100.87400324125652, 21.331935111439435], [-100.87404153516617, 21.33193090810599]], [[-100.87404153516617, 21.33193090810599], [-100.8740370489069, 21.331895029176927]], [[-100.87399875500626, 21.331899232508693], [-100.8740370489069, 21.331895029176927]], [[-100.8740370489069, 21.331895029176927], [-100.87403256265053, 21.331859150247432]], [[-100.8739942687589, 21.33186335357752], [-100.87403256265053, 21.331859150247432]], [[-100.87403256265053, 21.331859150247432], [-100.87402807639705, 21.331823271317518]], [[-100.87398978251446, 21.331827474645927], [-100.87402807639705, 21.331823271317518]], [[-100.87402807639705, 21.331823271317518], [-100.87402359014649, 21.331787392387177]], [[-100.87398529627292, 21.33179159571391], [-100.87402359014649, 21.331787392387177]], [[-100.87402359014649, 21.331787392387177], [-100.87401910389883, 21.331751513456414]], [[-100.87398081003427, 21.331755716781462], [-100.87401910389883, 21.331751513456414]], [[-100.87401910389883, 21.331751513456414], [-100.87401461765408, 21.331715634525224]], [[-100.87397632379854, 21.33171983784859], [-100.87401461765408, 21.331715634525224]], [[-100.87401461765408, 21.331715634525224], [-100.87401013141222, 21.33167975559361]], [[-100.8739718375657, 21.331683958915292], [-100.87401013141222, 21.33167975559361]], [[-100.87401013141222, 21.33167975559361], [-100.87400564517328, 21.331643876661566]], [[-100.87396735133578, 21.33164807998157], [-100.87400564517328, 21.331643876661566]], [[-100.87400564517328, 21.331643876661566], [-100.87400115893725, 21.331607997729105]], [[-100.87396286510877, 21.331612201047424], [-100.87400115893725, 21.331607997729105]], [[-100.87400115893725, 21.331607997729105], [-100.87399667270411, 21.331572118796217]], [[-100.87395837888464, 21.331576322112856], [-100.87399667270411, 21.331572118796217]], [[-100.87399667270411, 21.331572118796217], [-100.87399218647387, 21.331536239862896]], [[-100.87395389266342, 21.331540443177854], [-100.87399218647387, 21.331536239862896]], [[-100.87399218647387, 21.331536239862896], [-100.87398770024654, 21.33150036092916]], [[-100.87394940644512, 21.331504564242437], [-100.87398770024654, 21.33150036092916]], [[-100.87398770024654, 21.33150036092916], [-100.87398321402212, 21.331464481995]], [[-100.87394492022972, 21.331468685306593], [-100.87398321402212, 21.331464481995]], [[-100.87398321402212, 21.331464481995], [-100.87397872780059, 21.3314286030604]], [[-100.87394043401721, 21.331432806370323], [-100.87397872780059, 21.3314286030604]], [[-100.87397872780059, 21.3314286030604], [-100.87397424158196, 21.331392724125386]], [[-100.87393594780761, 21.331396927433627], [-100.87397424158196, 21.331392724125386]], [[-100.87397424158196, 21.331392724125386], [-100.87396975536626, 21.33135684518995]], [[-100.87393146160092, 21.331361048496504], [-100.87396975536626, 21.33135684518995]], [[-100.87396975536626, 21.33135684518995], [-100.87396526915344, 21.33132096625409]], [[-100.87392697539713, 21.331325169558962], [-100.87396526915344, 21.33132096625409]], [[-100.87396526915344, 21.33132096625409], [-100.87396078294354, 21.3312850873178]], [[-100.87392248919625, 21.331289290620987], [-100.87396078294354, 21.3312850873178]], [[-100.87396078294354, 21.3312850873178], [-100.87395629673655, 21.331249208381077]], [[-100.87391800299827, 21.331253411682592], [-100.87395629673655, 21.331249208381077]], [[-100.87395629673655, 21.331249208381077], [-100.87395181053245, 21.33121332944394]], [[-100.87391351680319, 21.331217532743764], [-100.87395181053245, 21.33121332944394]], [[-100.87395181053245, 21.33121332944394], [-100.87394732433125, 21.33117745050637]], [[-100.87390903061102, 21.33118165380452], [-100.87394732433125, 21.33117745050637]], [[-100.87394732433125, 21.33117745050637], [-100.87394283813296, 21.331141571568384]], [[-100.87390454442175, 21.331145774864847], [-100.87394283813296, 21.331141571568384]], [[-100.87394283813296, 21.331141571568384], [-100.87393835193758, 21.33110569262997]], [[-100.87390005823538, 21.331109895924758], [-100.87393835193758, 21.33110569262997]], [[-100.87393835193758, 21.33110569262997], [-100.8739338657451, 21.33106981369113]], [[-100.87389557205192, 21.33107401698423], [-100.8739338657451, 21.33106981369113]], [[-100.8739338657451, 21.33106981369113], [-100.87392937955552, 21.33103393475186]], [[-100.87389108587136, 21.331038138043287], [-100.87392937955552, 21.33103393475186]], [[-100.87392937955552, 21.33103393475186], [-100.87392489336887, 21.330998055812177]], [[-100.8738865996937, 21.331002259101915], [-100.87392489336887, 21.330998055812177]], [[-100.87392489336887, 21.330998055812177], [-100.87392040718508, 21.33096217687206]], [[-100.87388211351896, 21.33096638016012], [-100.87392040718508, 21.33096217687206]], [[-100.87392040718508, 21.33096217687206], [-100.87391592100421, 21.330926297931516]], [[-100.87387762734711, 21.330930501217903], [-100.87391592100421, 21.330926297931516]], [[-100.87391592100421, 21.330926297931516], [-100.87391143482627, 21.33089041899055]], [[-100.87387314117818, 21.330894622275252], [-100.87391143482627, 21.33089041899055]], [[-100.87391143482627, 21.33089041899055], [-100.87390694865121, 21.33085454004917]], [[-100.87386865501215, 21.33085874333218], [-100.87390694865121, 21.33085454004917]], [[-100.87390694865121, 21.33085454004917], [-100.87390246247905, 21.33081866110735]], [[-100.87386416884901, 21.33082286438869], [-100.87390246247905, 21.33081866110735]], [[-100.87390246247905, 21.33081866110735], [-100.8738979763098, 21.330782782165112]], [[-100.87385968268879, 21.33078698544476], [-100.8738979763098, 21.330782782165112]], [[-100.87410882940384, 21.332469091990944], [-100.874104343101, 21.332433213068253]], [[-100.87410882940384, 21.332469091990944], [-100.87414712344588, 21.332464888623704]], [[-100.87414712344588, 21.332464888623704], [-100.87414263713401, 21.332429009702693]], [[-100.874104343101, 21.332433213068253], [-100.87414263713401, 21.332429009702693]], [[-100.87414263713401, 21.332429009702693], [-100.87413815082508, 21.332393130781266]], [[-100.87409985680105, 21.332397334145142], [-100.87413815082508, 21.332393130781266]], [[-100.87413815082508, 21.332393130781266], [-100.87413366451902, 21.332357251859406]], [[-100.87409537050402, 21.33236145522161], [-100.87413366451902, 21.332357251859406]], [[-100.87413366451902, 21.332357251859406], [-100.87412917821587, 21.332321372937127]], [[-100.8740908842099, 21.332325576297638], [-100.87412917821587, 21.332321372937127]], [[-100.87412917821587, 21.332321372937127], [-100.87412469191563, 21.332285494014414]], [[-100.87408639791867, 21.33228969737325], [-100.87412469191563, 21.332285494014414]], [[-100.87412469191563, 21.332285494014414], [-100.87412020561828, 21.332249615091282]], [[-100.87408191163036, 21.332253818448436], [-100.87412020561828, 21.332249615091282]], [[-100.87412020561828, 21.332249615091282], [-100.87411571932385, 21.332213736167724]], [[-100.87407742534494, 21.3322179395232], [-100.87411571932385, 21.332213736167724]], [[-100.87411571932385, 21.332213736167724], [-100.87411123303231, 21.33217785724374]], [[-100.87407293906243, 21.332182060597532], [-100.87411123303231, 21.33217785724374]], [[-100.87411123303231, 21.33217785724374], [-100.87410674674369, 21.332141978319335]], [[-100.87406845278282, 21.332146181671455], [-100.87410674674369, 21.332141978319335]], [[-100.87410674674369, 21.332141978319335], [-100.87410226045797, 21.332106099394505]], [[-100.87406396650611, 21.33211030274493], [-100.87410226045797, 21.332106099394505]], [[-100.87410226045797, 21.332106099394505], [-100.87409777417515, 21.33207022046924]], [[-100.87405948023232, 21.332074423817996], [-100.87409777417515, 21.33207022046924]], [[-100.87409777417515, 21.33207022046924], [-100.87409328789523, 21.33203434154356]], [[-100.87405499396142, 21.332038544890633], [-100.87409328789523, 21.33203434154356]], [[-100.87409328789523, 21.33203434154356], [-100.87408880161823, 21.331998462617456]], [[-100.87405050769344, 21.332002665962843], [-100.87408880161823, 21.331998462617456]], [[-100.87408880161823, 21.331998462617456], [-100.87408431534412, 21.33196258369092]], [[-100.87404602142836, 21.331966787034624], [-100.87408431534412, 21.33196258369092]], [[-100.87408431534412, 21.33196258369092], [-100.87407982907293, 21.33192670476396]], [[-100.87404153516617, 21.33193090810599], [-100.87407982907293, 21.33192670476396]], [[-100.87407982907293, 21.33192670476396], [-100.87407534280463, 21.331890825836574]], [[-100.8740370489069, 21.331895029176927], [-100.87407534280463, 21.331890825836574]], [[-100.87407534280463, 21.331890825836574], [-100.87407085653923, 21.331854946908773]], [[-100.87403256265053, 21.331859150247432], [-100.87407085653923, 21.331854946908773]], [[-100.87407085653923, 21.331854946908773], [-100.87406637027675, 21.331819067980536]], [[-100.87402807639705, 21.331823271317518], [-100.87406637027675, 21.331819067980536]], [[-100.87406637027675, 21.331819067980536], [-100.87406188401717, 21.331783189051883]], [[-100.87402359014649, 21.331787392387177], [-100.87406188401717, 21.331783189051883]], [[-100.87406188401717, 21.331783189051883], [-100.87405739776048, 21.331747310122793]], [[-100.87401910389883, 21.331751513456414], [-100.87405739776048, 21.331747310122793]], [[-100.87405739776048, 21.331747310122793], [-100.87405291150671, 21.33171143119328]], [[-100.87401461765408, 21.331715634525224], [-100.87405291150671, 21.33171143119328]], [[-100.87405291150671, 21.33171143119328], [-100.87404842525585, 21.331675552263356]], [[-100.87401013141222, 21.33167975559361], [-100.87404842525585, 21.331675552263356]], [[-100.87404842525585, 21.331675552263356], [-100.87404393900788, 21.331639673332997]], [[-100.87400564517328, 21.331643876661566], [-100.87404393900788, 21.331639673332997]], [[-100.87404393900788, 21.331639673332997], [-100.87403945276282, 21.331603794402213]], [[-100.87400115893725, 21.331607997729105], [-100.87403945276282, 21.331603794402213]], [[-100.87403945276282, 21.331603794402213], [-100.87403496652065, 21.331567915471]], [[-100.87399667270411, 21.331572118796217], [-100.87403496652065, 21.331567915471]], [[-100.87403496652065, 21.331567915471], [-100.8740304802814, 21.331532036539368]], [[-100.87399218647387, 21.331536239862896], [-100.8740304802814, 21.331532036539368]], [[-100.8740304802814, 21.331532036539368], [-100.87402599404506, 21.33149615760731]], [[-100.87398770024654, 21.33150036092916], [-100.87402599404506, 21.33149615760731]], [[-100.87402599404506, 21.33149615760731], [-100.8740215078116, 21.331460278674825]], [[-100.87398321402212, 21.331464481995], [-100.8740215078116, 21.331460278674825]], [[-100.8740215078116, 21.331460278674825], [-100.87401702158105, 21.331424399741923]], [[-100.87397872780059, 21.3314286030604], [-100.87401702158105, 21.331424399741923]], [[-100.87401702158105, 21.331424399741923], [-100.87401253535343, 21.33138852080858]], [[-100.87397424158196, 21.331392724125386], [-100.87401253535343, 21.33138852080858]], [[-100.87401253535343, 21.33138852080858], [-100.8740080491287, 21.331352641874826]], [[-100.87396975536626, 21.33135684518995], [-100.8740080491287, 21.331352641874826]], [[-100.8740080491287, 21.331352641874826], [-100.87400356290686, 21.331316762940645]], [[-100.87396526915344, 21.33132096625409], [-100.87400356290686, 21.331316762940645]], [[-100.87400356290686, 21.331316762940645], [-100.87399907668794, 21.331280884006038]], [[-100.87396078294354, 21.3312850873178], [-100.87399907668794, 21.331280884006038]], [[-100.87399907668794, 21.331280884006038], [-100.87399459047192, 21.331245005071]], [[-100.87395629673655, 21.331249208381077], [-100.87399459047192, 21.331245005071]], [[-100.87399459047192, 21.331245005071], [-100.87399010425881, 21.33120912613554]], [[-100.87395181053245, 21.33121332944394], [-100.87399010425881, 21.33120912613554]], [[-100.87399010425881, 21.33120912613554], [-100.8739856180486, 21.33117324719966]], [[-100.87394732433125, 21.33117745050637], [-100.8739856180486, 21.33117324719966]], [[-100.8739856180486, 21.33117324719966], [-100.87398113184128, 21.331137368263345]], [[-100.87394283813296, 21.331141571568384], [-100.87398113184128, 21.331137368263345]], [[-100.87398113184128, 21.331137368263345], [-100.87397664563689, 21.331101489326617]], [[-100.87393835193758, 21.33110569262997], [-100.87397664563689, 21.331101489326617]], [[-100.87397664563689, 21.331101489326617], [-100.87397215943538, 21.33106561038945]], [[-100.8739338657451, 21.33106981369113], [-100.87397215943538, 21.33106561038945]], [[-100.87397215943538, 21.33106561038945], [-100.87396767323679, 21.33102973145187]], [[-100.87392937955552, 21.33103393475186], [-100.87396767323679, 21.33102973145187]], [[-100.87396767323679, 21.33102973145187], [-100.8739631870411, 21.33099385251386]], [[-100.87392489336887, 21.330998055812177], [-100.8739631870411, 21.33099385251386]], [[-100.8739631870411, 21.33099385251386], [-100.8739587008483, 21.330957973575437]], [[-100.87392040718508, 21.33096217687206], [-100.8739587008483, 21.330957973575437]], [[-100.8739587008483, 21.330957973575437], [-100.87395421465843, 21.33092209463657]], [[-100.87391592100421, 21.330926297931516], [-100.87395421465843, 21.33092209463657]], [[-100.87395421465843, 21.33092209463657], [-100.87394972847144, 21.330886215697284]], [[-100.87391143482627, 21.33089041899055], [-100.87394972847144, 21.330886215697284]], [[-100.87394972847144, 21.330886215697284], [-100.87394524228736, 21.330850336757578]], [[-100.87390694865121, 21.33085454004917], [-100.87394524228736, 21.330850336757578]], [[-100.87394524228736, 21.330850336757578], [-100.8739407561062, 21.330814457817436]], [[-100.87390246247905, 21.33081866110735], [-100.8739407561062, 21.330814457817436]], [[-100.8739407561062, 21.330814457817436], [-100.87393626992792, 21.330778578876878]], [[-100.8738979763098, 21.330782782165112], [-100.87393626992792, 21.330778578876878]], [[-100.87415609607832, 21.33253664646444], [-100.87415160976064, 21.33250076754428]], [[-100.87415609607832, 21.33253664646444], [-100.87419439013551, 21.33253244308526]], [[-100.87419439013551, 21.33253244308526], [-100.87418990380881, 21.332496564166785]], [[-100.87415160976064, 21.33250076754428], [-100.87418990380881, 21.332496564166785]], [[-100.87415160976064, 21.33250076754428], [-100.87414712344588, 21.332464888623704]], [[-100.87418990380881, 21.332496564166785], [-100.87418541748504, 21.33246068524788]], [[-100.87414712344588, 21.332464888623704], [-100.87418541748504, 21.33246068524788]], [[-100.87418541748504, 21.33246068524788], [-100.87418093116415, 21.33242480632856]], [[-100.87414263713401, 21.332429009702693], [-100.87418093116415, 21.33242480632856]], [[-100.87418093116415, 21.33242480632856], [-100.87417644484617, 21.33238892740881]], [[-100.87413815082508, 21.332393130781266], [-100.87417644484617, 21.33238892740881]], [[-100.87417644484617, 21.33238892740881], [-100.87417195853111, 21.33235304848863]], [[-100.87413366451902, 21.332357251859406], [-100.87417195853111, 21.33235304848863]], [[-100.87417195853111, 21.33235304848863], [-100.87416747221894, 21.33231716956803]], [[-100.87412917821587, 21.332321372937127], [-100.87416747221894, 21.33231716956803]], [[-100.87416747221894, 21.33231716956803], [-100.87416298590966, 21.332281290647003]], [[-100.87412469191563, 21.332285494014414], [-100.87416298590966, 21.332281290647003]], [[-100.87416298590966, 21.332281290647003], [-100.87415849960331, 21.332245411725555]], [[-100.87412020561828, 21.332249615091282], [-100.87415849960331, 21.332245411725555]], [[-100.87415849960331, 21.332245411725555], [-100.87415401329986, 21.33220953280368]], [[-100.87411571932385, 21.332213736167724], [-100.87415401329986, 21.33220953280368]], [[-100.87415401329986, 21.33220953280368], [-100.8741495269993, 21.332173653881377]], [[-100.87411123303231, 21.33217785724374], [-100.8741495269993, 21.332173653881377]], [[-100.8741495269993, 21.332173653881377], [-100.87414504070166, 21.332137774958653]], [[-100.87410674674369, 21.332141978319335], [-100.87414504070166, 21.332137774958653]], [[-100.87414504070166, 21.332137774958653], [-100.87414055440692, 21.332101896035496]], [[-100.87410226045797, 21.332106099394505], [-100.87414055440692, 21.332101896035496]], [[-100.87414055440692, 21.332101896035496], [-100.87413606811508, 21.332066017111927]], [[-100.87409777417515, 21.33207022046924], [-100.87413606811508, 21.332066017111927]], [[-100.87413606811508, 21.332066017111927], [-100.87413158182615, 21.332030138187918]], [[-100.87409328789523, 21.33203434154356], [-100.87413158182615, 21.332030138187918]], [[-100.87413158182615, 21.332030138187918], [-100.87412709554012, 21.331994259263492]], [[-100.87408880161823, 21.331998462617456], [-100.87412709554012, 21.331994259263492]], [[-100.87412709554012, 21.331994259263492], [-100.87412260925699, 21.33195838033864]], [[-100.87408431534412, 21.33196258369092], [-100.87412260925699, 21.33195838033864]], [[-100.87412260925699, 21.33195838033864], [-100.87411812297678, 21.331922501413366]], [[-100.87407982907293, 21.33192670476396], [-100.87411812297678, 21.331922501413366]], [[-100.87411812297678, 21.331922501413366], [-100.87411363669945, 21.331886622487666]], [[-100.87407534280463, 21.331890825836574], [-100.87411363669945, 21.331886622487666]], [[-100.87411363669945, 21.331886622487666], [-100.87410915042504, 21.331850743561535]], [[-100.87407085653923, 21.331854946908773], [-100.87410915042504, 21.331850743561535]], [[-100.87410915042504, 21.331850743561535], [-100.87410466415353, 21.331814864634982]], [[-100.87406637027675, 21.331819067980536], [-100.87410466415353, 21.331814864634982]], [[-100.87410466415353, 21.331814864634982], [-100.87410017788494, 21.331778985708006]], [[-100.87406188401717, 21.331783189051883], [-100.87410017788494, 21.331778985708006]], [[-100.87410017788494, 21.331778985708006], [-100.87409569161923, 21.331743106780607]], [[-100.87405739776048, 21.331747310122793], [-100.87409569161923, 21.331743106780607]], [[-100.87409569161923, 21.331743106780607], [-100.87409120535644, 21.331707227852778]], [[-100.87405291150671, 21.33171143119328], [-100.87409120535644, 21.331707227852778]], [[-100.87409120535644, 21.331707227852778], [-100.87408671909655, 21.33167134892452]], [[-100.87404842525585, 21.331675552263356], [-100.87408671909655, 21.33167134892452]], [[-100.87408671909655, 21.33167134892452], [-100.87408223283956, 21.33163546999585]], [[-100.87404393900788, 21.331639673332997], [-100.87408223283956, 21.33163546999585]], [[-100.87408223283956, 21.33163546999585], [-100.87407774658548, 21.331599591066748]], [[-100.87403945276282, 21.331603794402213], [-100.87407774658548, 21.331599591066748]], [[-100.87407774658548, 21.331599591066748], [-100.8740732603343, 21.331563712137225]], [[-100.87403496652065, 21.331567915471], [-100.8740732603343, 21.331563712137225]], [[-100.8740732603343, 21.331563712137225], [-100.87406877408603, 21.331527833207268]], [[-100.8740304802814, 21.331532036539368], [-100.87406877408603, 21.331527833207268]], [[-100.87406877408603, 21.331527833207268], [-100.87406428784065, 21.33149195427689]], [[-100.87402599404506, 21.33149615760731], [-100.87406428784065, 21.33149195427689]], [[-100.87406428784065, 21.33149195427689], [-100.8740598015982, 21.331456075346086]], [[-100.8740215078116, 21.331460278674825], [-100.8740598015982, 21.331456075346086]], [[-100.8740598015982, 21.331456075346086], [-100.87405531535863, 21.331420196414857]], [[-100.87401702158105, 21.331424399741923], [-100.87405531535863, 21.331420196414857]], [[-100.87405531535863, 21.331420196414857], [-100.87405082912197, 21.331384317483206]], [[-100.87401253535343, 21.33138852080858], [-100.87405082912197, 21.331384317483206]], [[-100.87405082912197, 21.331384317483206], [-100.87404634288822, 21.331348438551128]], [[-100.8740080491287, 21.331352641874826], [-100.87404634288822, 21.331348438551128]], [[-100.87404634288822, 21.331348438551128], [-100.87404185665737, 21.331312559618627]], [[-100.87400356290686, 21.331316762940645], [-100.87404185665737, 21.331312559618627]], [[-100.87404185665737, 21.331312559618627], [-100.87403737042943, 21.331276680685693]], [[-100.87399907668794, 21.331280884006038], [-100.87403737042943, 21.331276680685693]], [[-100.87403737042943, 21.331276680685693], [-100.8740328842044, 21.331240801752347]], [[-100.87399459047192, 21.331245005071], [-100.8740328842044, 21.331240801752347]], [[-100.8740328842044, 21.331240801752347], [-100.87402839798226, 21.33120492281857]], [[-100.87399010425881, 21.33120912613554], [-100.87402839798226, 21.33120492281857]], [[-100.87402839798226, 21.33120492281857], [-100.87402391176302, 21.331169043884362]], [[-100.8739856180486, 21.33117324719966], [-100.87402391176302, 21.331169043884362]], [[-100.87402391176302, 21.331169043884362], [-100.8740194255467, 21.33113316494974]], [[-100.87398113184128, 21.331137368263345], [-100.8740194255467, 21.33113316494974]], [[-100.8740194255467, 21.33113316494974], [-100.87401493933328, 21.331097286014682]], [[-100.87397664563689, 21.331101489326617], [-100.87401493933328, 21.331097286014682]], [[-100.87401493933328, 21.331097286014682], [-100.87401045312276, 21.331061407079208]], [[-100.87397215943538, 21.33106561038945], [-100.87401045312276, 21.331061407079208]], [[-100.87401045312276, 21.331061407079208], [-100.87400596691515, 21.331025528143304]], [[-100.87396767323679, 21.33102973145187], [-100.87400596691515, 21.331025528143304]], [[-100.87400596691515, 21.331025528143304], [-100.87400148071042, 21.330989649206977]], [[-100.8739631870411, 21.33099385251386], [-100.87400148071042, 21.330989649206977]], [[-100.87400148071042, 21.330989649206977], [-100.87399699450862, 21.330953770270224]], [[-100.8739587008483, 21.330957973575437], [-100.87399699450862, 21.330953770270224]], [[-100.87399699450862, 21.330953770270224], [-100.87399250830971, 21.330917891333044]], [[-100.87395421465843, 21.33092209463657], [-100.87399250830971, 21.330917891333044]], [[-100.87399250830971, 21.330917891333044], [-100.87398802211372, 21.33088201239544]], [[-100.87394972847144, 21.330886215697284], [-100.87398802211372, 21.33088201239544]], [[-100.87398802211372, 21.33088201239544], [-100.87398353592063, 21.330846133457417]], [[-100.87394524228736, 21.330850336757578], [-100.87398353592063, 21.330846133457417]], [[-100.87398353592063, 21.330846133457417], [-100.87397904973044, 21.33081025451896]], [[-100.8739407561062, 21.330814457817436], [-100.87397904973044, 21.33081025451896]], [[-100.87397904973044, 21.33081025451896], [-100.87397456354314, 21.33077437558008]], [[-100.87393626992792, 21.330778578876878], [-100.87397456354314, 21.33077437558008]], [[-100.8741988764651, 21.332568322003315], [-100.87419439013551, 21.33253244308526]], [[-100.8741988764651, 21.332568322003315], [-100.87423717052842, 21.33256411861388]], [[-100.87423717052842, 21.33256411861388], [-100.87423268418979, 21.332528239697513]], [[-100.87419439013551, 21.33253244308526], [-100.87423268418979, 21.332528239697513]], [[-100.87423268418979, 21.332528239697513], [-100.87422819785408, 21.332492360780712]], [[-100.87418990380881, 21.332496564166785], [-100.87422819785408, 21.332492360780712]], [[-100.87422819785408, 21.332492360780712], [-100.87422371152128, 21.332456481863495]], [[-100.87418541748504, 21.33246068524788], [-100.87422371152128, 21.332456481863495]], [[-100.87422371152128, 21.332456481863495], [-100.87421922519138, 21.33242060294584]], [[-100.87418093116415, 21.33242480632856], [-100.87421922519138, 21.33242060294584]], [[-100.87421922519138, 21.33242060294584], [-100.87421473886438, 21.33238472402778]], [[-100.87417644484617, 21.33238892740881], [-100.87421473886438, 21.33238472402778]], [[-100.87421473886438, 21.33238472402778], [-100.8742102525403, 21.332348845109287]], [[-100.87417195853111, 21.33235304848863], [-100.8742102525403, 21.332348845109287]], [[-100.8742102525403, 21.332348845109287], [-100.8742057662191, 21.33231296619037]], [[-100.87416747221894, 21.33231716956803], [-100.8742057662191, 21.33231296619037]], [[-100.8742057662191, 21.33231296619037], [-100.87420127990082, 21.332277087271024]], [[-100.87416298590966, 21.332281290647003], [-100.87420127990082, 21.332277087271024]], [[-100.87420127990082, 21.332277087271024], [-100.87419679358544, 21.332241208351252]], [[-100.87415849960331, 21.332245411725555], [-100.87419679358544, 21.332241208351252]], [[-100.87419679358544, 21.332241208351252], [-100.87419230727296, 21.33220532943105]], [[-100.87415401329986, 21.33220953280368], [-100.87419230727296, 21.33220532943105]], [[-100.87419230727296, 21.33220532943105], [-100.87418782096339, 21.33216945051044]], [[-100.8741495269993, 21.332173653881377], [-100.87418782096339, 21.33216945051044]], [[-100.87418782096339, 21.33216945051044], [-100.87418333465673, 21.332133571589388]], [[-100.87414504070166, 21.332137774958653], [-100.87418333465673, 21.332133571589388]], [[-100.87418333465673, 21.332133571589388], [-100.87417884835297, 21.332097692667922]], [[-100.87414055440692, 21.332101896035496], [-100.87417884835297, 21.332097692667922]], [[-100.87417884835297, 21.332097692667922], [-100.8741743620521, 21.332061813746027]], [[-100.87413606811508, 21.332066017111927], [-100.8741743620521, 21.332061813746027]], [[-100.8741743620521, 21.332061813746027], [-100.87416987575415, 21.332025934823704]], [[-100.87413158182615, 21.332030138187918], [-100.87416987575415, 21.332025934823704]], [[-100.87416987575415, 21.332025934823704], [-100.87416538945911, 21.33199005590096]], [[-100.87412709554012, 21.331994259263492], [-100.87416538945911, 21.33199005590096]], [[-100.87416538945911, 21.33199005590096], [-100.87416090316695, 21.331954176977792]], [[-100.87412260925699, 21.33195838033864], [-100.87416090316695, 21.331954176977792]], [[-100.87416090316695, 21.331954176977792], [-100.87415641687771, 21.331918298054195]], [[-100.87411812297678, 21.331922501413366], [-100.87415641687771, 21.331918298054195]], [[-100.87415641687771, 21.331918298054195], [-100.87415193059138, 21.331882419130178]], [[-100.87411363669945, 21.331886622487666], [-100.87415193059138, 21.331882419130178]], [[-100.87415193059138, 21.331882419130178], [-100.87414744430795, 21.331846540205728]], [[-100.87410915042504, 21.331850743561535], [-100.87414744430795, 21.331846540205728]], [[-100.87414744430795, 21.331846540205728], [-100.87414295802742, 21.331810661280855]], [[-100.87410466415353, 21.331814864634982], [-100.87414295802742, 21.331810661280855]], [[-100.87414295802742, 21.331810661280855], [-100.8741384717498, 21.33177478235556]], [[-100.87410017788494, 21.331778985708006], [-100.8741384717498, 21.33177478235556]], [[-100.8741384717498, 21.33177478235556], [-100.87413398547508, 21.331738903429837]], [[-100.87409569161923, 21.331743106780607], [-100.87413398547508, 21.331738903429837]], [[-100.87413398547508, 21.331738903429837], [-100.87412949920326, 21.331703024503692]], [[-100.87409120535644, 21.331707227852778], [-100.87412949920326, 21.331703024503692]], [[-100.87412949920326, 21.331703024503692], [-100.87412501293436, 21.33166714557712]], [[-100.87408671909655, 21.33167134892452], [-100.87412501293436, 21.33166714557712]], [[-100.87412501293436, 21.33166714557712], [-100.87412052666835, 21.33163126665013]], [[-100.87408223283956, 21.33163546999585], [-100.87412052666835, 21.33163126665013]], [[-100.87412052666835, 21.33163126665013], [-100.87411604040524, 21.331595387722707]], [[-100.87407774658548, 21.331599591066748], [-100.87411604040524, 21.331595387722707]], [[-100.87411604040524, 21.331595387722707], [-100.87411155414505, 21.331559508794864]], [[-100.8740732603343, 21.331563712137225], [-100.87411155414505, 21.331559508794864]], [[-100.87411155414505, 21.331559508794864], [-100.87410706788776, 21.33152362986659]], [[-100.87406877408603, 21.331527833207268], [-100.87410706788776, 21.33152362986659]], [[-100.87410706788776, 21.33152362986659], [-100.87410258163337, 21.331487750937896]], [[-100.87406428784065, 21.33149195427689], [-100.87410258163337, 21.331487750937896]], [[-100.87410258163337, 21.331487750937896], [-100.87409809538188, 21.33145187200877]], [[-100.8740598015982, 21.331456075346086], [-100.87409809538188, 21.33145187200877]], [[-100.87409809538188, 21.33145187200877], [-100.87409360913331, 21.33141599307923]], [[-100.87405531535863, 21.331420196414857], [-100.87409360913331, 21.33141599307923]], [[-100.87409360913331, 21.33141599307923], [-100.87408912288763, 21.33138011414925]], [[-100.87405082912197, 21.331384317483206], [-100.87408912288763, 21.33138011414925]], [[-100.87408912288763, 21.33138011414925], [-100.87408463664485, 21.331344235218857]], [[-100.87404634288822, 21.331348438551128], [-100.87408463664485, 21.331344235218857]], [[-100.87408463664485, 21.331344235218857], [-100.87408015040498, 21.331308356288034]], [[-100.87404185665737, 21.331312559618627], [-100.87408015040498, 21.331308356288034]], [[-100.87408015040498, 21.331308356288034], [-100.87407566416803, 21.331272477356787]], [[-100.87403737042943, 21.331276680685693], [-100.87407566416803, 21.331272477356787]], [[-100.87407566416803, 21.331272477356787], [-100.87407117793396, 21.33123659842512]], [[-100.8740328842044, 21.331240801752347], [-100.87407117793396, 21.33123659842512]], [[-100.87407117793396, 21.33123659842512], [-100.87406669170281, 21.331200719493026]], [[-100.87402839798226, 21.33120492281857], [-100.87406669170281, 21.331200719493026]], [[-100.87406669170281, 21.331200719493026], [-100.87406220547456, 21.3311648405605]], [[-100.87402391176302, 21.331169043884362], [-100.87406220547456, 21.3311648405605]], [[-100.87406220547456, 21.3311648405605], [-100.87405771924921, 21.331128961627552]], [[-100.8740194255467, 21.33113316494974], [-100.87405771924921, 21.331128961627552]], [[-100.87405771924921, 21.331128961627552], [-100.87405323302677, 21.331093082694185]], [[-100.87401493933328, 21.331097286014682], [-100.87405323302677, 21.331093082694185]], [[-100.87405323302677, 21.331093082694185], [-100.87404874680723, 21.331057203760384]], [[-100.87401045312276, 21.331061407079208], [-100.87404874680723, 21.331057203760384]], [[-100.87404874680723, 21.331057203760384], [-100.8740442605906, 21.331021324826168]], [[-100.87400596691515, 21.331025528143304], [-100.8740442605906, 21.331021324826168]], [[-100.8740442605906, 21.331021324826168], [-100.87403977437687, 21.330985445891518]], [[-100.87400148071042, 21.330989649206977], [-100.87403977437687, 21.330985445891518]], [[-100.87403977437687, 21.330985445891518], [-100.87403528816604, 21.330949566956445]], [[-100.87399699450862, 21.330953770270224], [-100.87403528816604, 21.330949566956445]], [[-100.87403528816604, 21.330949566956445], [-100.87403080195811, 21.33091368802095]], [[-100.87399250830971, 21.330917891333044], [-100.87403080195811, 21.33091368802095]], [[-100.87403080195811, 21.33091368802095], [-100.87402631575308, 21.330877809085024]], [[-100.87398802211372, 21.33088201239544], [-100.87402631575308, 21.330877809085024]], [[-100.87402631575308, 21.330877809085024], [-100.87402182955098, 21.33084193014868]], [[-100.87398353592063, 21.330846133457417], [-100.87402182955098, 21.33084193014868]], [[-100.87402182955098, 21.33084193014868], [-100.87401734335177, 21.330806051211912]], [[-100.87397904973044, 21.33081025451896], [-100.87401734335177, 21.330806051211912]], [[-100.87401734335177, 21.330806051211912], [-100.87401285715546, 21.33077017227471]], [[-100.87397456354314, 21.33077437558008], [-100.87401285715546, 21.33077017227471]], [[-100.87424165686993, 21.332599997529826], [-100.87423717052842, 21.33256411861388]], [[-100.87424165686993, 21.332599997529826], [-100.87427995093935, 21.332595794130135]], [[-100.87427995093935, 21.332595794130135], [-100.87427546458882, 21.332559915215874]], [[-100.87423717052842, 21.33256411861388], [-100.87427546458882, 21.332559915215874]], [[-100.87427546458882, 21.332559915215874], [-100.87427097824119, 21.332524036301187]], [[-100.87423268418979, 21.332528239697513], [-100.87427097824119, 21.332524036301187]], [[-100.87427097824119, 21.332524036301187], [-100.87426649189645, 21.332488157386074]], [[-100.87422819785408, 21.332492360780712], [-100.87426649189645, 21.332488157386074]], [[-100.87426649189645, 21.332488157386074], [-100.87426200555463, 21.332452278470534]], [[-100.87422371152128, 21.332456481863495], [-100.87426200555463, 21.332452278470534]], [[-100.87426200555463, 21.332452278470534], [-100.8742575192157, 21.332416399554564]], [[-100.87421922519138, 21.33242060294584], [-100.8742575192157, 21.332416399554564]], [[-100.8742575192157, 21.332416399554564], [-100.87425303287968, 21.332380520638186]], [[-100.87421473886438, 21.33238472402778], [-100.87425303287968, 21.332380520638186]], [[-100.87425303287968, 21.332380520638186], [-100.87424854654657, 21.332344641721367]], [[-100.8742102525403, 21.332348845109287], [-100.87424854654657, 21.332344641721367]], [[-100.87424854654657, 21.332344641721367], [-100.87424406021636, 21.33230876280413]], [[-100.8742057662191, 21.33231296619037], [-100.87424406021636, 21.33230876280413]], [[-100.87424406021636, 21.33230876280413], [-100.87423957388906, 21.332272883886468]], [[-100.87420127990082, 21.332277087271024], [-100.87423957388906, 21.332272883886468]], [[-100.87423957388906, 21.332272883886468], [-100.87423508756466, 21.33223700496838]], [[-100.87419679358544, 21.332241208351252], [-100.87423508756466, 21.33223700496838]], [[-100.87423508756466, 21.33223700496838], [-100.87423060124316, 21.332201126049863]], [[-100.87419230727296, 21.33220532943105], [-100.87423060124316, 21.332201126049863]], [[-100.87423060124316, 21.332201126049863], [-100.87422611492458, 21.332165247130924]], [[-100.87418782096339, 21.33216945051044], [-100.87422611492458, 21.332165247130924]], [[-100.87422611492458, 21.332165247130924], [-100.87422162860888, 21.332129368211564]], [[-100.87418333465673, 21.332133571589388], [-100.87422162860888, 21.332129368211564]], [[-100.87422162860888, 21.332129368211564], [-100.8742171422961, 21.332093489291772]], [[-100.87417884835297, 21.332097692667922], [-100.8742171422961, 21.332093489291772]], [[-100.8742171422961, 21.332093489291772], [-100.87421265598623, 21.33205761037156]], [[-100.8741743620521, 21.332061813746027], [-100.87421265598623, 21.33205761037156]], [[-100.87421265598623, 21.33205761037156], [-100.87420816967925, 21.33202173145092]], [[-100.87416987575415, 21.332025934823704], [-100.87420816967925, 21.33202173145092]], [[-100.87420816967925, 21.33202173145092], [-100.87420368337519, 21.331985852529854]], [[-100.87416538945911, 21.33199005590096], [-100.87420368337519, 21.331985852529854]], [[-100.87420368337519, 21.331985852529854], [-100.87419919707402, 21.33194997360836]], [[-100.87416090316695, 21.331954176977792], [-100.87419919707402, 21.33194997360836]], [[-100.87419919707402, 21.33194997360836], [-100.87419471077575, 21.33191409468646]], [[-100.87415641687771, 21.331918298054195], [-100.87419471077575, 21.33191409468646]], [[-100.87419471077575, 21.33191409468646], [-100.8741902244804, 21.33187821576411]], [[-100.87415193059138, 21.331882419130178], [-100.8741902244804, 21.33187821576411]], [[-100.8741902244804, 21.33187821576411], [-100.87418573818795, 21.331842336841355]], [[-100.87414744430795, 21.331846540205728], [-100.87418573818795, 21.331842336841355]], [[-100.87418573818795, 21.331842336841355], [-100.8741812518984, 21.33180645791816]], [[-100.87414295802742, 21.331810661280855], [-100.8741812518984, 21.33180645791816]], [[-100.8741812518984, 21.33180645791816], [-100.87417676561176, 21.331770578994544]], [[-100.8741384717498, 21.33177478235556], [-100.87417676561176, 21.331770578994544]], [[-100.87417676561176, 21.331770578994544], [-100.87417227932802, 21.331734700070506]], [[-100.87413398547508, 21.331738903429837], [-100.87417227932802, 21.331734700070506]], [[-100.87417227932802, 21.331734700070506], [-100.87416779304719, 21.33169882114604]], [[-100.87412949920326, 21.331703024503692], [-100.87416779304719, 21.33169882114604]], [[-100.87416779304719, 21.33169882114604], [-100.87416330676925, 21.33166294222115]], [[-100.87412501293436, 21.33166714557712], [-100.87416330676925, 21.33166294222115]], [[-100.87416330676925, 21.33166294222115], [-100.87415882049423, 21.331627063295837]], [[-100.87412052666835, 21.33163126665013], [-100.87415882049423, 21.331627063295837]], [[-100.87415882049423, 21.331627063295837], [-100.87415433422211, 21.331591184370094]], [[-100.87411604040524, 21.331595387722707], [-100.87415433422211, 21.331591184370094]], [[-100.87415433422211, 21.331591184370094], [-100.87414984795289, 21.33155530544393]], [[-100.87411155414505, 21.331559508794864], [-100.87414984795289, 21.33155530544393]], [[-100.87414984795289, 21.33155530544393], [-100.87414536168657, 21.331519426517342]], [[-100.87410706788776, 21.33152362986659], [-100.87414536168657, 21.331519426517342]], [[-100.87414536168657, 21.331519426517342], [-100.87414087542317, 21.331483547590324]], [[-100.87410258163337, 21.331487750937896], [-100.87414087542317, 21.331483547590324]], [[-100.87414087542317, 21.331483547590324], [-100.87413638916266, 21.331447668662886]], [[-100.87409809538188, 21.33145187200877], [-100.87413638916266, 21.331447668662886]], [[-100.87413638916266, 21.331447668662886], [-100.87413190290506, 21.331411789735018]], [[-100.87409360913331, 21.33141599307923], [-100.87413190290506, 21.331411789735018]], [[-100.87413190290506, 21.331411789735018], [-100.87412741665037, 21.331375910806734]], [[-100.87408912288763, 21.33138011414925], [-100.87412741665037, 21.331375910806734]], [[-100.87412741665037, 21.331375910806734], [-100.87412293039857, 21.331340031878018]], [[-100.87408463664485, 21.331344235218857], [-100.87412293039857, 21.331340031878018]], [[-100.87412293039857, 21.331340031878018], [-100.87411844414969, 21.331304152948878]], [[-100.87408015040498, 21.331308356288034], [-100.87411844414969, 21.331304152948878]], [[-100.87411844414969, 21.331304152948878], [-100.87411395790372, 21.331268274019312]], [[-100.87407566416803, 21.331272477356787], [-100.87411395790372, 21.331268274019312]], [[-100.87411395790372, 21.331268274019312], [-100.87410947166062, 21.331232395089323]], [[-100.87407117793396, 21.33123659842512], [-100.87410947166062, 21.331232395089323]], [[-100.87410947166062, 21.331232395089323], [-100.87410498542044, 21.331196516158904]], [[-100.87406669170281, 21.331200719493026], [-100.87410498542044, 21.331196516158904]], [[-100.87410498542044, 21.331196516158904], [-100.87410049918319, 21.331160637228063]], [[-100.87406220547456, 21.3311648405605], [-100.87410049918319, 21.331160637228063]], [[-100.87410049918319, 21.331160637228063], [-100.87409601294881, 21.3311247582968]], [[-100.87405771924921, 21.331128961627552], [-100.87409601294881, 21.3311247582968]], [[-100.87409601294881, 21.3311247582968], [-100.87409152671735, 21.331088879365105]], [[-100.87405323302677, 21.331093082694185], [-100.87409152671735, 21.331088879365105]], [[-100.87409152671735, 21.331088879365105], [-100.87408704048879, 21.331053000432988]], [[-100.87404874680723, 21.331057203760384], [-100.87408704048879, 21.331053000432988]], [[-100.87408704048879, 21.331053000432988], [-100.87408255426314, 21.331017121500444]], [[-100.8740442605906, 21.331021324826168], [-100.87408255426314, 21.331017121500444]], [[-100.87408255426314, 21.331017121500444], [-100.87407806804039, 21.330981242567486]], [[-100.87403977437687, 21.330985445891518], [-100.87407806804039, 21.330981242567486]], [[-100.87407806804039, 21.330981242567486], [-100.87407358182054, 21.330945363634093]], [[-100.87403528816604, 21.330949566956445], [-100.87407358182054, 21.330945363634093]], [[-100.87407358182054, 21.330945363634093], [-100.8740690956036, 21.330909484700282]], [[-100.87403080195811, 21.33091368802095], [-100.8740690956036, 21.330909484700282]], [[-100.8740690956036, 21.330909484700282], [-100.87406460938956, 21.33087360576604]], [[-100.87402631575308, 21.330877809085024], [-100.87406460938956, 21.33087360576604]], [[-100.87406460938956, 21.33087360576604], [-100.87406012317842, 21.330837726831376]], [[-100.87402182955098, 21.33084193014868], [-100.87406012317842, 21.330837726831376]], [[-100.87406012317842, 21.330837726831376], [-100.8740556369702, 21.33080184789628]], [[-100.87401734335177, 21.330806051211912], [-100.8740556369702, 21.33080184789628]], [[-100.8740556369702, 21.33080184789628], [-100.87405115076488, 21.33076596896077]], [[-100.87401285715546, 21.33077017227471], [-100.87405115076488, 21.33076596896077]], [[-100.87428892364915, 21.332667551957393], [-100.8742844372928, 21.332631673043974]], [[-100.87428892364915, 21.332667551957393], [-100.87432721773371, 21.332663348545765]], [[-100.87432721773371, 21.332663348545765], [-100.87432273136834, 21.332627469634033]], [[-100.8742844372928, 21.332631673043974], [-100.87432273136834, 21.332627469634033]], [[-100.8742844372928, 21.332631673043974], [-100.87427995093935, 21.332595794130135]], [[-100.87432273136834, 21.332627469634033], [-100.87431824500587, 21.332591590721872]], [[-100.87427995093935, 21.332595794130135], [-100.87431824500587, 21.332591590721872]], [[-100.87431824500587, 21.332591590721872], [-100.87431375864631, 21.33255571180929]], [[-100.87427546458882, 21.332559915215874], [-100.87431375864631, 21.33255571180929]], [[-100.87431375864631, 21.33255571180929], [-100.87430927228965, 21.332519832896285]], [[-100.87427097824119, 21.332524036301187], [-100.87430927228965, 21.332519832896285]], [[-100.87430927228965, 21.332519832896285], [-100.8743047859359, 21.332483953982855]], [[-100.87426649189645, 21.332488157386074], [-100.8743047859359, 21.332483953982855]], [[-100.8743047859359, 21.332483953982855], [-100.87430029958506, 21.332448075069]], [[-100.87426200555463, 21.332452278470534], [-100.87430029958506, 21.332448075069]], [[-100.87430029958506, 21.332448075069], [-100.87429581323711, 21.332412196154714]], [[-100.8742575192157, 21.332416399554564], [-100.87429581323711, 21.332412196154714]], [[-100.87429581323711, 21.332412196154714], [-100.87429132689209, 21.33237631724001]], [[-100.87425303287968, 21.332380520638186], [-100.87429132689209, 21.33237631724001]], [[-100.87429132689209, 21.33237631724001], [-100.87428684054994, 21.332340438324874]], [[-100.87424854654657, 21.332344641721367], [-100.87428684054994, 21.332340438324874]], [[-100.87428684054994, 21.332340438324874], [-100.8742823542107, 21.33230455940932]], [[-100.87424406021636, 21.33230876280413], [-100.8742823542107, 21.33230455940932]], [[-100.8742823542107, 21.33230455940932], [-100.8742778678744, 21.332268680493332]], [[-100.87423957388906, 21.332272883886468], [-100.8742778678744, 21.332268680493332]], [[-100.8742778678744, 21.332268680493332], [-100.87427338154097, 21.33223280157693]], [[-100.87423508756466, 21.33223700496838], [-100.87427338154097, 21.33223280157693]], [[-100.87427338154097, 21.33223280157693], [-100.87426889521046, 21.3321969226601]], [[-100.87423060124316, 21.332201126049863], [-100.87426889521046, 21.3321969226601]], [[-100.87426889521046, 21.3321969226601], [-100.87426440888285, 21.332161043742843]], [[-100.87422611492458, 21.332165247130924], [-100.87426440888285, 21.332161043742843]], [[-100.87426440888285, 21.332161043742843], [-100.87425992255814, 21.332125164825154]], [[-100.87422162860888, 21.332129368211564], [-100.87425992255814, 21.332125164825154]], [[-100.87425992255814, 21.332125164825154], [-100.87425543623634, 21.33208928590705]], [[-100.8742171422961, 21.332093489291772], [-100.87425543623634, 21.33208928590705]], [[-100.87425543623634, 21.33208928590705], [-100.87425094991744, 21.332053406988518]], [[-100.87421265598623, 21.33205761037156], [-100.87425094991744, 21.332053406988518]], [[-100.87425094991744, 21.332053406988518], [-100.87424646360145, 21.33201752806956]], [[-100.87420816967925, 21.33202173145092], [-100.87424646360145, 21.33201752806956]], [[-100.87424646360145, 21.33201752806956], [-100.87424197728836, 21.331981649150176]], [[-100.87420368337519, 21.331985852529854], [-100.87424197728836, 21.331981649150176]], [[-100.87424197728836, 21.331981649150176], [-100.87423749097817, 21.33194577023037]], [[-100.87419919707402, 21.33194997360836], [-100.87423749097817, 21.33194577023037]], [[-100.87423749097817, 21.33194577023037], [-100.8742330046709, 21.331909891310133]], [[-100.87419471077575, 21.33191409468646], [-100.8742330046709, 21.331909891310133]], [[-100.8742330046709, 21.331909891310133], [-100.87422851836652, 21.331874012389473]], [[-100.8741902244804, 21.33187821576411], [-100.87422851836652, 21.331874012389473]], [[-100.87422851836652, 21.331874012389473], [-100.87422403206504, 21.33183813346839]], [[-100.87418573818795, 21.331842336841355], [-100.87422403206504, 21.33183813346839]], [[-100.87422403206504, 21.33183813346839], [-100.87421954576648, 21.331802254546886]], [[-100.8741812518984, 21.33180645791816], [-100.87421954576648, 21.331802254546886]], [[-100.87421954576648, 21.331802254546886], [-100.87421505947081, 21.331766375624948]], [[-100.87417676561176, 21.331770578994544], [-100.87421505947081, 21.331766375624948]], [[-100.87421505947081, 21.331766375624948], [-100.87421057317806, 21.331730496702594]], [[-100.87417227932802, 21.331734700070506], [-100.87421057317806, 21.331730496702594]], [[-100.87421057317806, 21.331730496702594], [-100.8742060868882, 21.331694617779814]], [[-100.87416779304719, 21.33169882114604], [-100.8742060868882, 21.331694617779814]], [[-100.8742060868882, 21.331694617779814], [-100.87420160060125, 21.331658738856596]], [[-100.87416330676925, 21.33166294222115], [-100.87420160060125, 21.331658738856596]], [[-100.87420160060125, 21.331658738856596], [-100.8741971143172, 21.33162285993297]], [[-100.87415882049423, 21.331627063295837], [-100.8741971143172, 21.33162285993297]], [[-100.8741971143172, 21.33162285993297], [-100.87419262803607, 21.331586981008908]], [[-100.87415433422211, 21.331591184370094], [-100.87419262803607, 21.331586981008908]], [[-100.87419262803607, 21.331586981008908], [-100.87418814175783, 21.331551102084426]], [[-100.87414984795289, 21.33155530544393], [-100.87418814175783, 21.331551102084426]], [[-100.87418814175783, 21.331551102084426], [-100.8741836554825, 21.331515223159517]], [[-100.87414536168657, 21.331519426517342], [-100.8741836554825, 21.331515223159517]], [[-100.8741836554825, 21.331515223159517], [-100.87417916921007, 21.33147934423419]], [[-100.87414087542317, 21.331483547590324], [-100.87417916921007, 21.33147934423419]], [[-100.87417916921007, 21.33147934423419], [-100.87417468294055, 21.331443465308425]], [[-100.87413638916266, 21.331447668662886], [-100.87417468294055, 21.331443465308425]], [[-100.87417468294055, 21.331443465308425], [-100.87417019667392, 21.331407586382245]], [[-100.87413190290506, 21.331411789735018], [-100.87417019667392, 21.331407586382245]], [[-100.87417019667392, 21.331407586382245], [-100.87416571041021, 21.33137170745563]], [[-100.87412741665037, 21.331375910806734], [-100.87416571041021, 21.33137170745563]], [[-100.87416571041021, 21.33137170745563], [-100.87416122414939, 21.331335828528598]], [[-100.87412293039857, 21.331340031878018], [-100.87416122414939, 21.331335828528598]], [[-100.87416122414939, 21.331335828528598], [-100.8741567378915, 21.33129994960114]], [[-100.87411844414969, 21.331304152948878], [-100.8741567378915, 21.33129994960114]], [[-100.8741567378915, 21.33129994960114], [-100.87415225163649, 21.33126407067326]], [[-100.87411395790372, 21.331268274019312], [-100.87415225163649, 21.33126407067326]], [[-100.87415225163649, 21.33126407067326], [-100.8741477653844, 21.331228191744945]], [[-100.87410947166062, 21.331232395089323], [-100.8741477653844, 21.331228191744945]], [[-100.8741477653844, 21.331228191744945], [-100.8741432791352, 21.331192312816214]], [[-100.87410498542044, 21.331196516158904], [-100.8741432791352, 21.331192312816214]], [[-100.8741432791352, 21.331192312816214], [-100.8741387928889, 21.33115643388706]], [[-100.87410049918319, 21.331160637228063], [-100.8741387928889, 21.33115643388706]], [[-100.8741387928889, 21.33115643388706], [-100.87413430664552, 21.331120554957476]], [[-100.87409601294881, 21.3311247582968], [-100.87413430664552, 21.331120554957476]], [[-100.87413430664552, 21.331120554957476], [-100.87412982040503, 21.33108467602746]], [[-100.87409152671735, 21.331088879365105], [-100.87412982040503, 21.33108467602746]], [[-100.87412982040503, 21.33108467602746], [-100.87412533416746, 21.331048797097026]], [[-100.87408704048879, 21.331053000432988], [-100.87412533416746, 21.331048797097026]], [[-100.87412533416746, 21.331048797097026], [-100.87412084793277, 21.331012918166163]], [[-100.87408255426314, 21.331017121500444], [-100.87412084793277, 21.331012918166163]], [[-100.87412084793277, 21.331012918166163], [-100.87411636170101, 21.330977039234877]], [[-100.87407806804039, 21.330981242567486], [-100.87411636170101, 21.330977039234877]], [[-100.87411636170101, 21.330977039234877], [-100.87411187547215, 21.330941160303173]], [[-100.87407358182054, 21.330945363634093], [-100.87411187547215, 21.330941160303173]], [[-100.87411187547215, 21.330941160303173], [-100.87410738924618, 21.330905281371038]], [[-100.8740690956036, 21.330909484700282], [-100.87410738924618, 21.330905281371038]], [[-100.87410738924618, 21.330905281371038], [-100.87410290302313, 21.330869402438477]], [[-100.87406460938956, 21.33087360576604], [-100.87410290302313, 21.330869402438477]], [[-100.87410290302313, 21.330869402438477], [-100.87409841680297, 21.330833523505497]], [[-100.87406012317842, 21.330837726831376], [-100.87409841680297, 21.330833523505497]], [[-100.87409841680297, 21.330833523505497], [-100.87409393058573, 21.330797644572087]], [[-100.8740556369702, 21.33080184789628], [-100.87409393058573, 21.330797644572087]], [[-100.87432721773371, 21.332663348545765], [-100.87436551181536, 21.332659145125564]], [[-100.87436551181536, 21.332659145125564], [-100.87436102544096, 21.332623266215517]], [[-100.87432273136834, 21.332627469634033], [-100.87436102544096, 21.332623266215517]], [[-100.87436102544096, 21.332623266215517], [-100.87435653906948, 21.33258738730504]], [[-100.87431824500587, 21.332591590721872], [-100.87435653906948, 21.33258738730504]], [[-100.87435653906948, 21.33258738730504], [-100.8743520527009, 21.332551508394136]], [[-100.87431375864631, 21.33255571180929], [-100.8743520527009, 21.332551508394136]], [[-100.8743520527009, 21.332551508394136], [-100.87434756633523, 21.332515629482813]], [[-100.87430927228965, 21.332519832896285], [-100.87434756633523, 21.332515629482813]], [[-100.87434756633523, 21.332515629482813], [-100.87434307997246, 21.332479750571064]], [[-100.8743047859359, 21.332483953982855], [-100.87434307997246, 21.332479750571064]], [[-100.87434307997246, 21.332479750571064], [-100.87433859361259, 21.332443871658892]], [[-100.87430029958506, 21.332448075069], [-100.87433859361259, 21.332443871658892]], [[-100.87433859361259, 21.332443871658892], [-100.87433410725563, 21.332407992746287]], [[-100.87429581323711, 21.332412196154714], [-100.87433410725563, 21.332407992746287]], [[-100.87433410725563, 21.332407992746287], [-100.87432962090156, 21.33237211383326]], [[-100.87429132689209, 21.33237631724001], [-100.87432962090156, 21.33237211383326]], [[-100.87432962090156, 21.33237211383326], [-100.87432513455042, 21.332336234919808]], [[-100.87428684054994, 21.332340438324874], [-100.87432513455042, 21.332336234919808]], [[-100.87432513455042, 21.332336234919808], [-100.87432064820216, 21.332300356005934]], [[-100.8742823542107, 21.33230455940932], [-100.87432064820216, 21.332300356005934]], [[-100.87432064820216, 21.332300356005934], [-100.87431616185683, 21.33226447709163]], [[-100.8742778678744, 21.332268680493332], [-100.87431616185683, 21.33226447709163]], [[-100.87431616185683, 21.33226447709163], [-100.87431167551438, 21.332228598176908]], [[-100.87427338154097, 21.33223280157693], [-100.87431167551438, 21.332228598176908]], [[-100.87431167551438, 21.332228598176908], [-100.87430718917484, 21.332192719261755]], [[-100.87426889521046, 21.3321969226601], [-100.87430718917484, 21.332192719261755]], [[-100.87430718917484, 21.332192719261755], [-100.87430270283822, 21.33215684034618]], [[-100.87426440888285, 21.332161043742843], [-100.87430270283822, 21.33215684034618]], [[-100.87430270283822, 21.33215684034618], [-100.87429821650449, 21.33212096143018]], [[-100.87425992255814, 21.332125164825154], [-100.87429821650449, 21.33212096143018]], [[-100.87429821650449, 21.33212096143018], [-100.87429373017366, 21.33208508251375]], [[-100.87425543623634, 21.33208928590705], [-100.87429373017366, 21.33208508251375]], [[-100.87429373017366, 21.33208508251375], [-100.87428924384575, 21.332049203596906]], [[-100.87425094991744, 21.332053406988518], [-100.87428924384575, 21.332049203596906]], [[-100.87428924384575, 21.332049203596906], [-100.87428475752074, 21.33201332467962]], [[-100.87424646360145, 21.33201752806956], [-100.87428475752074, 21.33201332467962]], [[-100.87428475752074, 21.33201332467962], [-100.87428027119863, 21.331977445761922]], [[-100.87424197728836, 21.331981649150176], [-100.87428027119863, 21.331977445761922]], [[-100.87428027119863, 21.331977445761922], [-100.87427578487943, 21.331941566843795]], [[-100.87423749097817, 21.33194577023037], [-100.87427578487943, 21.331941566843795]], [[-100.87427578487943, 21.331941566843795], [-100.87427129856313, 21.331905687925246]], [[-100.8742330046709, 21.331909891310133], [-100.87427129856313, 21.331905687925246]], [[-100.87427129856313, 21.331905687925246], [-100.87426681224973, 21.331869809006268]], [[-100.87422851836652, 21.331874012389473], [-100.87426681224973, 21.331869809006268]], [[-100.87426681224973, 21.331869809006268], [-100.87426232593924, 21.331833930086873]], [[-100.87422403206504, 21.33183813346839], [-100.87426232593924, 21.331833930086873]], [[-100.87426232593924, 21.331833930086873], [-100.87425783963165, 21.331798051167045]], [[-100.87421954576648, 21.331802254546886], [-100.87425783963165, 21.331798051167045]], [[-100.87425783963165, 21.331798051167045], [-100.87425335332696, 21.33176217224679]], [[-100.87421505947081, 21.331766375624948], [-100.87425335332696, 21.33176217224679]], [[-100.87425335332696, 21.33176217224679], [-100.87424886702519, 21.331726293326117]], [[-100.87421057317806, 21.331730496702594], [-100.87424886702519, 21.331726293326117]], [[-100.87424886702519, 21.331726293326117], [-100.87424438072631, 21.331690414405006]], [[-100.8742060868882, 21.331694617779814], [-100.87424438072631, 21.331690414405006]], [[-100.87424438072631, 21.331690414405006], [-100.87423989443035, 21.331654535483484]], [[-100.87420160060125, 21.331658738856596], [-100.87423989443035, 21.331654535483484]], [[-100.87423989443035, 21.331654535483484], [-100.87423540813728, 21.33161865656153]], [[-100.8741971143172, 21.33162285993297], [-100.87423540813728, 21.33161865656153]], [[-100.87423540813728, 21.33161865656153], [-100.87423092184711, 21.331582777639156]], [[-100.87419262803607, 21.331586981008908], [-100.87423092184711, 21.331582777639156]], [[-100.87423092184711, 21.331582777639156], [-100.87422643555986, 21.331546898716347]], [[-100.87418814175783, 21.331551102084426], [-100.87422643555986, 21.331546898716347]], [[-100.87422643555986, 21.331546898716347], [-100.87422194927551, 21.331511019793123]], [[-100.8741836554825, 21.331515223159517], [-100.87422194927551, 21.331511019793123]], [[-100.87422194927551, 21.331511019793123], [-100.87421746299407, 21.331475140869472]], [[-100.87417916921007, 21.33147934423419], [-100.87421746299407, 21.331475140869472]], [[-100.87421746299407, 21.331475140869472], [-100.87421297671551, 21.331439261945395]], [[-100.87417468294055, 21.331443465308425], [-100.87421297671551, 21.331439261945395]], [[-100.87421297671551, 21.331439261945395], [-100.87420849043987, 21.33140338302089]], [[-100.87417019667392, 21.331407586382245], [-100.87420849043987, 21.33140338302089]], [[-100.87420849043987, 21.33140338302089], [-100.87420400416714, 21.331367504095965]], [[-100.87416571041021, 21.33137170745563], [-100.87420400416714, 21.331367504095965]], [[-100.87420400416714, 21.331367504095965], [-100.87419951789731, 21.331331625170613]], [[-100.87416122414939, 21.331335828528598], [-100.87419951789731, 21.331331625170613]], [[-100.87419951789731, 21.331331625170613], [-100.87419503163038, 21.331295746244834]], [[-100.8741567378915, 21.33129994960114], [-100.87419503163038, 21.331295746244834]], [[-100.87419503163038, 21.331295746244834], [-100.87419054536635, 21.331259867318625]], [[-100.87415225163649, 21.33126407067326], [-100.87419054536635, 21.331259867318625]], [[-100.87419054536635, 21.331259867318625], [-100.87418605910524, 21.331223988392004]], [[-100.8741477653844, 21.331228191744945], [-100.87418605910524, 21.331223988392004]], [[-100.87418605910524, 21.331223988392004], [-100.87418157284702, 21.33118810946495]], [[-100.8741432791352, 21.331192312816214], [-100.87418157284702, 21.33118810946495]], [[-100.87418157284702, 21.33118810946495], [-100.87417708659171, 21.331152230537473]], [[-100.8741387928889, 21.33115643388706], [-100.87417708659171, 21.331152230537473]], [[-100.87417708659171, 21.331152230537473], [-100.8741726003393, 21.331116351609563]], [[-100.87413430664552, 21.331120554957476], [-100.8741726003393, 21.331116351609563]], [[-100.8741726003393, 21.331116351609563], [-100.87416811408981, 21.33108047268124]], [[-100.87412982040503, 21.33108467602746], [-100.87416811408981, 21.33108047268124]], [[-100.87416811408981, 21.33108047268124], [-100.8741636278432, 21.33104459375249]], [[-100.87412533416746, 21.331048797097026], [-100.8741636278432, 21.33104459375249]], [[-100.8741636278432, 21.33104459375249], [-100.87415914159952, 21.331008714823312]], [[-100.87412084793277, 21.331012918166163], [-100.87415914159952, 21.331008714823312]], [[-100.87415914159952, 21.331008714823312], [-100.87415465535874, 21.330972835893707]], [[-100.87411636170101, 21.330977039234877], [-100.87415465535874, 21.330972835893707]], [[-100.87415465535874, 21.330972835893707], [-100.87415016912085, 21.330936956963676]], [[-100.87411187547215, 21.330941160303173], [-100.87415016912085, 21.330936956963676]], [[-100.87415016912085, 21.330936956963676], [-100.87414568288587, 21.330901078033225]], [[-100.87410738924618, 21.330905281371038], [-100.87414568288587, 21.330901078033225]], [[-100.87414568288587, 21.330901078033225], [-100.87414119665378, 21.33086519910234]], [[-100.87410290302313, 21.330869402438477], [-100.87414119665378, 21.33086519910234]], [[-100.87414119665378, 21.33086519910234], [-100.87413671042461, 21.330829320171038]], [[-100.87409841680297, 21.330833523505497], [-100.87413671042461, 21.330829320171038]], [[-100.87413671042461, 21.330829320171038], [-100.87413222419835, 21.330793441239315]], [[-100.87409393058573, 21.330797644572087], [-100.87413222419835, 21.330793441239315]], [[-100.87436999819266, 21.332695024035182], [-100.87436551181536, 21.332659145125564]], [[-100.87436999819266, 21.332695024035182], [-100.87440829228042, 21.33269082060474]], [[-100.87440829228042, 21.33269082060474], [-100.87440380589412, 21.332654941696795]], [[-100.87436551181536, 21.332659145125564], [-100.87440380589412, 21.332654941696795]], [[-100.87440380589412, 21.332654941696795], [-100.8743993195107, 21.332619062788424]], [[-100.87436102544096, 21.332623266215517], [-100.8743993195107, 21.332619062788424]], [[-100.8743993195107, 21.332619062788424], [-100.8743948331302, 21.33258318387963]], [[-100.87435653906948, 21.33258738730504], [-100.8743948331302, 21.33258318387963]], [[-100.8743948331302, 21.33258318387963], [-100.87439034675259, 21.332547304970415]], [[-100.8743520527009, 21.332551508394136], [-100.87439034675259, 21.332547304970415]], [[-100.87439034675259, 21.332547304970415], [-100.8743858603779, 21.332511426060766]], [[-100.87434756633523, 21.332515629482813], [-100.8743858603779, 21.332511426060766]], [[-100.8743858603779, 21.332511426060766], [-100.8743813740061, 21.332475547150704]], [[-100.87434307997246, 21.332479750571064], [-100.8743813740061, 21.332475547150704]], [[-100.8743813740061, 21.332475547150704], [-100.87437688763721, 21.3324396682402]], [[-100.87433859361259, 21.332443871658892], [-100.87437688763721, 21.3324396682402]], [[-100.87437688763721, 21.3324396682402], [-100.87437240127124, 21.33240378932929]], [[-100.87433410725563, 21.332407992746287], [-100.87437240127124, 21.33240378932929]], [[-100.87437240127124, 21.33240378932929], [-100.87436791490816, 21.332367910417947]], [[-100.87432962090156, 21.33237211383326], [-100.87436791490816, 21.332367910417947]], [[-100.87436791490816, 21.332367910417947], [-100.87436342854798, 21.332332031506173]], [[-100.87432513455042, 21.332336234919808], [-100.87436342854798, 21.332332031506173]], [[-100.87436342854798, 21.332332031506173], [-100.87435894219071, 21.33229615259398]], [[-100.87432064820216, 21.332300356005934], [-100.87435894219071, 21.33229615259398]], [[-100.87435894219071, 21.33229615259398], [-100.87435445583634, 21.33226027368136]], [[-100.87431616185683, 21.33226447709163], [-100.87435445583634, 21.33226027368136]], [[-100.87435445583634, 21.33226027368136], [-100.8743499694849, 21.332224394768314]], [[-100.87431167551438, 21.332228598176908], [-100.8743499694849, 21.332224394768314]], [[-100.8743499694849, 21.332224394768314], [-100.87434548313634, 21.332188515854845]], [[-100.87430718917484, 21.332192719261755], [-100.87434548313634, 21.332188515854845]], [[-100.87434548313634, 21.332188515854845], [-100.87434099679068, 21.332152636940954]], [[-100.87430270283822, 21.33215684034618], [-100.87434099679068, 21.332152636940954]], [[-100.87434099679068, 21.332152636940954], [-100.87433651044793, 21.33211675802663]], [[-100.87429821650449, 21.33212096143018], [-100.87433651044793, 21.33211675802663]], [[-100.87433651044793, 21.33211675802663], [-100.8743320241081, 21.33208087911189]], [[-100.87429373017366, 21.33208508251375], [-100.8743320241081, 21.33208087911189]], [[-100.8743320241081, 21.33208087911189], [-100.87432753777115, 21.33204500019671]], [[-100.87428924384575, 21.332049203596906], [-100.87432753777115, 21.33204500019671]], [[-100.87432753777115, 21.33204500019671], [-100.87432305143712, 21.33200912128112]], [[-100.87428475752074, 21.33201332467962], [-100.87432305143712, 21.33200912128112]], [[-100.87432305143712, 21.33200912128112], [-100.874318565106, 21.3319732423651]], [[-100.87428027119863, 21.331977445761922], [-100.874318565106, 21.3319732423651]], [[-100.874318565106, 21.3319732423651], [-100.87431407877777, 21.331937363448656]], [[-100.87427578487943, 21.331941566843795], [-100.87431407877777, 21.331937363448656]], [[-100.87431407877777, 21.331937363448656], [-100.87430959245245, 21.331901484531784]], [[-100.87427129856313, 21.331905687925246], [-100.87430959245245, 21.331901484531784]], [[-100.87430959245245, 21.331901484531784], [-100.87430510613004, 21.33186560561449]], [[-100.87426681224973, 21.331869809006268], [-100.87430510613004, 21.33186560561449]], [[-100.87430510613004, 21.33186560561449], [-100.87430061981053, 21.331829726696768]], [[-100.87426232593924, 21.331833930086873], [-100.87430061981053, 21.331829726696768]], [[-100.87430061981053, 21.331829726696768], [-100.87429613349391, 21.331793847778624]], [[-100.87425783963165, 21.331798051167045], [-100.87429613349391, 21.331793847778624]], [[-100.87429613349391, 21.331793847778624], [-100.87429164718021, 21.33175796886005]], [[-100.87425335332696, 21.33176217224679], [-100.87429164718021, 21.33175796886005]], [[-100.87429164718021, 21.33175796886005], [-100.87428716086941, 21.331722089941056]], [[-100.87424886702519, 21.331726293326117], [-100.87428716086941, 21.331722089941056]], [[-100.87428716086941, 21.331722089941056], [-100.87428267456153, 21.331686211021633]], [[-100.87424438072631, 21.331690414405006], [-100.87428267456153, 21.331686211021633]], [[-100.87428267456153, 21.331686211021633], [-100.87427818825653, 21.331650332101784]], [[-100.87423989443035, 21.331654535483484], [-100.87427818825653, 21.331650332101784]], [[-100.87427818825653, 21.331650332101784], [-100.87427370195445, 21.331614453181516]], [[-100.87423540813728, 21.33161865656153], [-100.87427370195445, 21.331614453181516]], [[-100.87427370195445, 21.331614453181516], [-100.87426921565526, 21.331578574260824]], [[-100.87423092184711, 21.331582777639156], [-100.87426921565526, 21.331578574260824]], [[-100.87426921565526, 21.331578574260824], [-100.87426472935898, 21.331542695339706]], [[-100.87422643555986, 21.331546898716347], [-100.87426472935898, 21.331542695339706]], [[-100.87426472935898, 21.331542695339706], [-100.87426024306562, 21.331506816418155]], [[-100.87422194927551, 21.331511019793123], [-100.87426024306562, 21.331506816418155]], [[-100.87426024306562, 21.331506816418155], [-100.87425575677516, 21.331470937496185]], [[-100.87421746299407, 21.331475140869472], [-100.87425575677516, 21.331470937496185]], [[-100.87425575677516, 21.331470937496185], [-100.87425127048759, 21.331435058573792]], [[-100.87421297671551, 21.331439261945395], [-100.87425127048759, 21.331435058573792]], [[-100.87425127048759, 21.331435058573792], [-100.87424678420292, 21.33139917965097]], [[-100.87420849043987, 21.33140338302089], [-100.87424678420292, 21.33139917965097]], [[-100.87424678420292, 21.33139917965097], [-100.87424229792117, 21.33136330072772]], [[-100.87420400416714, 21.331367504095965], [-100.87424229792117, 21.33136330072772]], [[-100.87424229792117, 21.33136330072772], [-100.87423781164232, 21.33132742180405]], [[-100.87419951789731, 21.331331625170613], [-100.87423781164232, 21.33132742180405]], [[-100.87423781164232, 21.33132742180405], [-100.87423332536638, 21.33129154287995]], [[-100.87419503163038, 21.331295746244834], [-100.87423332536638, 21.33129154287995]], [[-100.87423332536638, 21.33129154287995], [-100.87422883909333, 21.33125566395543]], [[-100.87419054536635, 21.331259867318625], [-100.87422883909333, 21.33125566395543]], [[-100.87422883909333, 21.33125566395543], [-100.87422435282319, 21.33121978503049]], [[-100.87418605910524, 21.331223988392004], [-100.87422435282319, 21.33121978503049]], [[-100.87422435282319, 21.33121978503049], [-100.87421986655595, 21.33118390610512]], [[-100.87418157284702, 21.33118810946495], [-100.87421986655595, 21.33118390610512]], [[-100.87421986655595, 21.33118390610512], [-100.87421538029163, 21.331148027179317]], [[-100.87417708659171, 21.331152230537473], [-100.87421538029163, 21.331148027179317]], [[-100.87421538029163, 21.331148027179317], [-100.8742108940302, 21.331112148253098]], [[-100.8741726003393, 21.331116351609563], [-100.8742108940302, 21.331112148253098]], [[-100.8742108940302, 21.331112148253098], [-100.87420640777168, 21.33107626932645]], [[-100.87416811408981, 21.33108047268124], [-100.87420640777168, 21.33107626932645]], [[-100.87420640777168, 21.33107626932645], [-100.87420192151608, 21.331040390399377]], [[-100.8741636278432, 21.33104459375249], [-100.87420192151608, 21.331040390399377]], [[-100.87420192151608, 21.331040390399377], [-100.87419743526335, 21.33100451147188]], [[-100.87415914159952, 21.331008714823312], [-100.87419743526335, 21.33100451147188]], [[-100.87419743526335, 21.33100451147188], [-100.87419294901355, 21.330968632543957]], [[-100.87415465535874, 21.330972835893707], [-100.87419294901355, 21.330968632543957]], [[-100.87419294901355, 21.330968632543957], [-100.87418846276664, 21.33093275361561]], [[-100.87415016912085, 21.330936956963676], [-100.87418846276664, 21.33093275361561]], [[-100.87418846276664, 21.33093275361561], [-100.87418397652263, 21.330896874686832]], [[-100.87414568288587, 21.330901078033225], [-100.87418397652263, 21.330896874686832]], [[-100.87418397652263, 21.330896874686832], [-100.87417949028155, 21.330860995757643]], [[-100.87414119665378, 21.33086519910234], [-100.87417949028155, 21.330860995757643]], [[-100.87417949028155, 21.330860995757643], [-100.87417500404335, 21.33082511682802]], [[-100.87413671042461, 21.330829320171038], [-100.87417500404335, 21.33082511682802]], [[-100.87417500404335, 21.33082511682802], [-100.87417051780807, 21.33078923789797]], [[-100.87413222419835, 21.330793441239315], [-100.87417051780807, 21.33078923789797]], [[-100.87441277866965, 21.332726699512257], [-100.87440829228042, 21.33269082060474]], [[-100.87441277866965, 21.332726699512257], [-100.87445107276352, 21.33272249607155]], [[-100.87445107276352, 21.33272249607155], [-100.8744465863653, 21.33268661716571]], [[-100.87440829228042, 21.33269082060474], [-100.8744465863653, 21.33268661716571]], [[-100.8744465863653, 21.33268661716571], [-100.87444209996995, 21.332650738259453]], [[-100.87440380589412, 21.332654941696795], [-100.87444209996995, 21.332650738259453]], [[-100.87444209996995, 21.332650738259453], [-100.87443761357751, 21.332614859352763]], [[-100.8743993195107, 21.332619062788424], [-100.87443761357751, 21.332614859352763]], [[-100.87443761357751, 21.332614859352763], [-100.874433127188, 21.332578980445653]], [[-100.8743948331302, 21.33258318387963], [-100.874433127188, 21.332578980445653]], [[-100.874433127188, 21.332578980445653], [-100.87442864080138, 21.332543101538114]], [[-100.87439034675259, 21.332547304970415], [-100.87442864080138, 21.332543101538114]], [[-100.87442864080138, 21.332543101538114], [-100.87442415441765, 21.332507222630156]], [[-100.8743858603779, 21.332511426060766], [-100.87442415441765, 21.332507222630156]], [[-100.87442415441765, 21.332507222630156], [-100.87441966803685, 21.332471343721764]], [[-100.8743813740061, 21.332475547150704], [-100.87441966803685, 21.332471343721764]], [[-100.87441966803685, 21.332471343721764], [-100.87441518165895, 21.332435464812953]], [[-100.87437688763721, 21.3324396682402], [-100.87441518165895, 21.332435464812953]], [[-100.87441518165895, 21.332435464812953], [-100.87441069528394, 21.332399585903715]], [[-100.87437240127124, 21.33240378932929], [-100.87441069528394, 21.332399585903715]], [[-100.87441069528394, 21.332399585903715], [-100.87440620891184, 21.332363706994048]], [[-100.87436791490816, 21.332367910417947], [-100.87440620891184, 21.332363706994048]], [[-100.87440620891184, 21.332363706994048], [-100.87440172254264, 21.33232782808397]], [[-100.87436342854798, 21.332332031506173], [-100.87440172254264, 21.33232782808397]], [[-100.87440172254264, 21.33232782808397], [-100.87439723617635, 21.332291949173445]], [[-100.87435894219071, 21.33229615259398], [-100.87439723617635, 21.332291949173445]], [[-100.87439723617635, 21.332291949173445], [-100.87439274981298, 21.33225607026251]], [[-100.87435445583634, 21.33226027368136], [-100.87439274981298, 21.33225607026251]], [[-100.87439274981298, 21.33225607026251], [-100.87438826345249, 21.332220191351144]], [[-100.8743499694849, 21.332224394768314], [-100.87438826345249, 21.332220191351144]], [[-100.87438826345249, 21.332220191351144], [-100.87438377709492, 21.332184312439363]], [[-100.87434548313634, 21.332188515854845], [-100.87438377709492, 21.332184312439363]], [[-100.87438377709492, 21.332184312439363], [-100.87437929074025, 21.332148433527138]], [[-100.87434099679068, 21.332152636940954], [-100.87437929074025, 21.332148433527138]], [[-100.87437929074025, 21.332148433527138], [-100.87437480438848, 21.332112554614508]], [[-100.87433651044793, 21.33211675802663], [-100.87437480438848, 21.332112554614508]], [[-100.87437480438848, 21.332112554614508], [-100.87437031803961, 21.332076675701444]], [[-100.8743320241081, 21.33208087911189], [-100.87437031803961, 21.332076675701444]], [[-100.87437031803961, 21.332076675701444], [-100.87436583169365, 21.332040796787958]], [[-100.87432753777115, 21.33204500019671], [-100.87436583169365, 21.332040796787958]], [[-100.87436583169365, 21.332040796787958], [-100.87436134535061, 21.332004917874038]], [[-100.87432305143712, 21.33200912128112], [-100.87436134535061, 21.332004917874038]], [[-100.87436134535061, 21.332004917874038], [-100.87435685901046, 21.331969038959702]], [[-100.874318565106, 21.3319732423651], [-100.87435685901046, 21.331969038959702]], [[-100.87435685901046, 21.331969038959702], [-100.87435237267321, 21.331933160044937]], [[-100.87431407877777, 21.331937363448656], [-100.87435237267321, 21.331933160044937]], [[-100.87435237267321, 21.331933160044937], [-100.87434788633887, 21.331897281129752]], [[-100.87430959245245, 21.331901484531784], [-100.87434788633887, 21.331897281129752]], [[-100.87434788633887, 21.331897281129752], [-100.87434340000745, 21.331861402214138]], [[-100.87430510613004, 21.33186560561449], [-100.87434340000745, 21.331861402214138]], [[-100.87434340000745, 21.331861402214138], [-100.87433891367891, 21.331825523298097]], [[-100.87430061981053, 21.331829726696768], [-100.87433891367891, 21.331825523298097]], [[-100.87433891367891, 21.331825523298097], [-100.87433442735328, 21.33178964438163]], [[-100.87429613349391, 21.331793847778624], [-100.87433442735328, 21.33178964438163]], [[-100.87433442735328, 21.33178964438163], [-100.87432994103055, 21.331753765464743]], [[-100.87429164718021, 21.33175796886005], [-100.87432994103055, 21.331753765464743]], [[-100.87432994103055, 21.331753765464743], [-100.87432545471073, 21.331717886547427]], [[-100.87428716086941, 21.331722089941056], [-100.87432545471073, 21.331717886547427]], [[-100.87432545471073, 21.331717886547427], [-100.87432096839382, 21.331682007629688]], [[-100.87428267456153, 21.331686211021633], [-100.87432096839382, 21.331682007629688]], [[-100.87432096839382, 21.331682007629688], [-100.87431648207982, 21.331646128711526]], [[-100.87427818825653, 21.331650332101784], [-100.87431648207982, 21.331646128711526]], [[-100.87431648207982, 21.331646128711526], [-100.87431199576871, 21.33161024979293]], [[-100.87427370195445, 21.331614453181516], [-100.87431199576871, 21.33161024979293]], [[-100.87431199576871, 21.33161024979293], [-100.87430750946051, 21.331574370873913]], [[-100.87426921565526, 21.331578574260824], [-100.87430750946051, 21.331574370873913]], [[-100.87430750946051, 21.331574370873913], [-100.87430302315522, 21.33153849195448]], [[-100.87426472935898, 21.331542695339706], [-100.87430302315522, 21.33153849195448]], [[-100.87430302315522, 21.33153849195448], [-100.87429853685282, 21.331502613034623]], [[-100.87426024306562, 21.331506816418155], [-100.87429853685282, 21.331502613034623]], [[-100.87429853685282, 21.331502613034623], [-100.87429405055333, 21.331466734114322]], [[-100.87425575677516, 21.331470937496185], [-100.87429405055333, 21.331466734114322]], [[-100.87429405055333, 21.331466734114322], [-100.87428956425674, 21.33143085519361]], [[-100.87425127048759, 21.331435058573792], [-100.87428956425674, 21.33143085519361]], [[-100.87428956425674, 21.33143085519361], [-100.87428507796308, 21.33139497627247]], [[-100.87424678420292, 21.33139917965097], [-100.87428507796308, 21.33139497627247]], [[-100.87428507796308, 21.33139497627247], [-100.87428059167229, 21.331359097350912]], [[-100.87424229792117, 21.33136330072772], [-100.87428059167229, 21.331359097350912]], [[-100.87428059167229, 21.331359097350912], [-100.87427610538442, 21.331323218428917]], [[-100.87423781164232, 21.33132742180405], [-100.87427610538442, 21.331323218428917]], [[-100.87427610538442, 21.331323218428917], [-100.87427161909946, 21.3312873395065]], [[-100.87423332536638, 21.33129154287995], [-100.87427161909946, 21.3312873395065]], [[-100.87427161909946, 21.3312873395065], [-100.8742671328174, 21.331251460583662]], [[-100.87422883909333, 21.33125566395543], [-100.8742671328174, 21.331251460583662]], [[-100.8742671328174, 21.331251460583662], [-100.87426264653824, 21.331215581660402]], [[-100.87422435282319, 21.33121978503049], [-100.87426264653824, 21.331215581660402]], [[-100.87426264653824, 21.331215581660402], [-100.87425816026199, 21.331179702736705]], [[-100.87421986655595, 21.33118390610512], [-100.87425816026199, 21.331179702736705]], [[-100.87425816026199, 21.331179702736705], [-100.87425367398865, 21.331143823812592]], [[-100.87421538029163, 21.331148027179317], [-100.87425367398865, 21.331143823812592]], [[-100.87425367398865, 21.331143823812592], [-100.87424918771819, 21.33110794488805]], [[-100.8742108940302, 21.331112148253098], [-100.87424918771819, 21.33110794488805]], [[-100.87424918771819, 21.33110794488805], [-100.87424470145065, 21.331072065963088]], [[-100.87420640777168, 21.33107626932645], [-100.87424470145065, 21.331072065963088]], [[-100.87424470145065, 21.331072065963088], [-100.87424021518602, 21.331036187037697]], [[-100.87420192151608, 21.331040390399377], [-100.87424021518602, 21.331036187037697]], [[-100.87424021518602, 21.331036187037697], [-100.87423572892428, 21.331000308111882]], [[-100.87419743526335, 21.33100451147188], [-100.87423572892428, 21.331000308111882]], [[-100.87423572892428, 21.331000308111882], [-100.87423124266546, 21.330964429185634]], [[-100.87419294901355, 21.330968632543957], [-100.87423124266546, 21.330964429185634]], [[-100.87423124266546, 21.330964429185634], [-100.87422675640953, 21.330928550258974]], [[-100.87418846276664, 21.33093275361561], [-100.87422675640953, 21.330928550258974]], [[-100.87422675640953, 21.330928550258974], [-100.87422227015651, 21.33089267133188]], [[-100.87418397652263, 21.330896874686832], [-100.87422227015651, 21.33089267133188]], [[-100.87422227015651, 21.33089267133188], [-100.87421778390639, 21.330856792404358]], [[-100.87417949028155, 21.330860995757643], [-100.87421778390639, 21.330856792404358]], [[-100.87421778390639, 21.330856792404358], [-100.87421329765918, 21.330820913476423]], [[-100.87417500404335, 21.33082511682802], [-100.87421329765918, 21.330820913476423]], [[-100.87421329765918, 21.330820913476423], [-100.87420881141487, 21.330785034548054]], [[-100.87417051780807, 21.33078923789797], [-100.87420881141487, 21.330785034548054]], [[-100.87445107276352, 21.33272249607155], [-100.8744893668545, 21.33271829262227]], [[-100.8744893668545, 21.33271829262227], [-100.87448488044724, 21.332682413718114]], [[-100.8744465863653, 21.33268661716571], [-100.87448488044724, 21.332682413718114]], [[-100.87448488044724, 21.332682413718114], [-100.87448039404289, 21.332646534813534]], [[-100.87444209996995, 21.332650738259453], [-100.87448039404289, 21.332646534813534]], [[-100.87448039404289, 21.332646534813534], [-100.87447590764145, 21.33261065590853]], [[-100.87443761357751, 21.332614859352763], [-100.87447590764145, 21.33261065590853]], [[-100.87447590764145, 21.33261065590853], [-100.8744714212429, 21.332574777003092]], [[-100.874433127188, 21.332578980445653], [-100.8744714212429, 21.332574777003092]], [[-100.8744714212429, 21.332574777003092], [-100.87446693484725, 21.332538898097244]], [[-100.87442864080138, 21.332543101538114], [-100.87446693484725, 21.332538898097244]], [[-100.87446693484725, 21.332538898097244], [-100.87446244845451, 21.33250301919096]], [[-100.87442415441765, 21.332507222630156], [-100.87446244845451, 21.33250301919096]], [[-100.87446244845451, 21.33250301919096], [-100.8744579620647, 21.332467140284255]], [[-100.87441966803685, 21.332471343721764], [-100.8744579620647, 21.332467140284255]], [[-100.8744579620647, 21.332467140284255], [-100.87445347567777, 21.332431261377117]], [[-100.87441518165895, 21.332435464812953], [-100.87445347567777, 21.332431261377117]], [[-100.87445347567777, 21.332431261377117], [-100.87444898929374, 21.332395382469567]], [[-100.87441069528394, 21.332399585903715], [-100.87444898929374, 21.332395382469567]], [[-100.87444898929374, 21.332395382469567], [-100.87444450291261, 21.332359503561587]], [[-100.87440620891184, 21.332363706994048], [-100.87444450291261, 21.332359503561587]], [[-100.87444450291261, 21.332359503561587], [-100.87444001653441, 21.332323624653178]], [[-100.87440172254264, 21.33232782808397], [-100.87444001653441, 21.332323624653178]], [[-100.87444001653441, 21.332323624653178], [-100.87443553015909, 21.332287745744345]], [[-100.87439723617635, 21.332291949173445], [-100.87443553015909, 21.332287745744345]], [[-100.87443553015909, 21.332287745744345], [-100.8744310437867, 21.332251866835083]], [[-100.87439274981298, 21.33225607026251], [-100.8744310437867, 21.332251866835083]], [[-100.8744310437867, 21.332251866835083], [-100.87442655741718, 21.332215987925405]], [[-100.87438826345249, 21.332220191351144], [-100.87442655741718, 21.332215987925405]], [[-100.87442655741718, 21.332215987925405], [-100.87442207105059, 21.3321801090153]], [[-100.87438377709492, 21.332184312439363], [-100.87442207105059, 21.3321801090153]], [[-100.87442207105059, 21.3321801090153], [-100.87441758468691, 21.332144230104767]], [[-100.87437929074025, 21.332148433527138], [-100.87441758468691, 21.332144230104767]], [[-100.87441758468691, 21.332144230104767], [-100.87441309832612, 21.33210835119381]], [[-100.87437480438848, 21.332112554614508], [-100.87441309832612, 21.33210835119381]], [[-100.87441309832612, 21.33210835119381], [-100.87440861196824, 21.33207247228243]], [[-100.87437031803961, 21.332076675701444], [-100.87440861196824, 21.33207247228243]], [[-100.87440861196824, 21.33207247228243], [-100.87440412561325, 21.332036593370617]], [[-100.87436583169365, 21.332040796787958], [-100.87440412561325, 21.332036593370617]], [[-100.87440412561325, 21.332036593370617], [-100.87439963926118, 21.332000714458392]], [[-100.87436134535061, 21.332004917874038], [-100.87439963926118, 21.332000714458392]], [[-100.87439963926118, 21.332000714458392], [-100.87439515291202, 21.331964835545733]], [[-100.87435685901046, 21.331969038959702], [-100.87439515291202, 21.331964835545733]], [[-100.87439515291202, 21.331964835545733], [-100.87439066656576, 21.33192895663265]], [[-100.87435237267321, 21.331933160044937], [-100.87439066656576, 21.33192895663265]], [[-100.87439066656576, 21.33192895663265], [-100.87438618022239, 21.331893077719137]], [[-100.87434788633887, 21.331897281129752], [-100.87438618022239, 21.331893077719137]], [[-100.87438618022239, 21.331893077719137], [-100.87438169388194, 21.33185719880521]], [[-100.87434340000745, 21.331861402214138], [-100.87438169388194, 21.33185719880521]], [[-100.87438169388194, 21.33185719880521], [-100.87437720754438, 21.33182131989085]], [[-100.87433891367891, 21.331825523298097], [-100.87437720754438, 21.33182131989085]], [[-100.87437720754438, 21.33182131989085], [-100.87437272120974, 21.331785440976073]], [[-100.87433442735328, 21.33178964438163], [-100.87437272120974, 21.331785440976073]], [[-100.87437272120974, 21.331785440976073], [-100.87436823487799, 21.33174956206086]], [[-100.87432994103055, 21.331753765464743], [-100.87436823487799, 21.33174956206086]], [[-100.87436823487799, 21.33174956206086], [-100.87436374854916, 21.33171368314523]], [[-100.87432545471073, 21.331717886547427], [-100.87436374854916, 21.33171368314523]], [[-100.87436374854916, 21.33171368314523], [-100.87435926222322, 21.331677804229173]], [[-100.87432096839382, 21.331682007629688], [-100.87435926222322, 21.331677804229173]], [[-100.87435926222322, 21.331677804229173], [-100.8743547759002, 21.331641925312685]], [[-100.87431648207982, 21.331646128711526], [-100.8743547759002, 21.331641925312685]], [[-100.8743547759002, 21.331641925312685], [-100.87435028958008, 21.33160604639578]], [[-100.87431199576871, 21.33161024979293], [-100.87435028958008, 21.33160604639578]], [[-100.87435028958008, 21.33160604639578], [-100.87434580326286, 21.331570167478443]], [[-100.87430750946051, 21.331574370873913], [-100.87434580326286, 21.331570167478443]], [[-100.87434580326286, 21.331570167478443], [-100.87434131694853, 21.33153428856069]], [[-100.87430302315522, 21.33153849195448], [-100.87434131694853, 21.33153428856069]], [[-100.87434131694853, 21.33153428856069], [-100.87433683063712, 21.331498409642506]], [[-100.87429853685282, 21.331502613034623], [-100.87433683063712, 21.331498409642506]], [[-100.87433683063712, 21.331498409642506], [-100.87433234432861, 21.33146253072389]], [[-100.87429405055333, 21.331466734114322], [-100.87433234432861, 21.33146253072389]], [[-100.87433234432861, 21.33146253072389], [-100.87432785802301, 21.331426651804854]], [[-100.87428956425674, 21.33143085519361], [-100.87432785802301, 21.331426651804854]], [[-100.87432785802301, 21.331426651804854], [-100.87432337172031, 21.331390772885403]], [[-100.87428507796308, 21.33139497627247], [-100.87432337172031, 21.331390772885403]], [[-100.87432337172031, 21.331390772885403], [-100.87431888542052, 21.331354893965514]], [[-100.87428059167229, 21.331359097350912], [-100.87431888542052, 21.331354893965514]], [[-100.87431888542052, 21.331354893965514], [-100.87431439912363, 21.331319015045214]], [[-100.87427610538442, 21.331323218428917], [-100.87431439912363, 21.331319015045214]], [[-100.87431439912363, 21.331319015045214], [-100.87430991282964, 21.331283136124473]], [[-100.87427161909946, 21.3312873395065], [-100.87430991282964, 21.331283136124473]], [[-100.87430991282964, 21.331283136124473], [-100.87430542653857, 21.33124725720332]], [[-100.8742671328174, 21.331251460583662], [-100.87430542653857, 21.33124725720332]], [[-100.87430542653857, 21.33124725720332], [-100.8743009402504, 21.33121137828173]], [[-100.87426264653824, 21.331215581660402], [-100.8743009402504, 21.33121137828173]], [[-100.8743009402504, 21.33121137828173], [-100.87429645396512, 21.331175499359723]], [[-100.87425816026199, 21.331179702736705], [-100.87429645396512, 21.331175499359723]], [[-100.87429645396512, 21.331175499359723], [-100.87429196768274, 21.33113962043729]], [[-100.87425367398865, 21.331143823812592], [-100.87429196768274, 21.33113962043729]], [[-100.87429196768274, 21.33113962043729], [-100.87428748140327, 21.33110374151443]], [[-100.87424918771819, 21.33110794488805], [-100.87428748140327, 21.33110374151443]], [[-100.87428748140327, 21.33110374151443], [-100.87428299512672, 21.331067862591144]], [[-100.87424470145065, 21.331072065963088], [-100.87428299512672, 21.331067862591144]], [[-100.87428299512672, 21.331067862591144], [-100.87427850885305, 21.331031983667437]], [[-100.87424021518602, 21.331036187037697], [-100.87427850885305, 21.331031983667437]], [[-100.87427850885305, 21.331031983667437], [-100.87427402258231, 21.330996104743303]], [[-100.87423572892428, 21.331000308111882], [-100.87427402258231, 21.330996104743303]], [[-100.87427402258231, 21.330996104743303], [-100.87426953631446, 21.330960225818743]], [[-100.87423124266546, 21.330964429185634], [-100.87426953631446, 21.330960225818743]], [[-100.87426953631446, 21.330960225818743], [-100.87426505004952, 21.33092434689376]], [[-100.87422675640953, 21.330928550258974], [-100.87426505004952, 21.33092434689376]], [[-100.87426505004952, 21.33092434689376], [-100.87426056378747, 21.330888467968354]], [[-100.87422227015651, 21.33089267133188], [-100.87426056378747, 21.330888467968354]], [[-100.87426056378747, 21.330888467968354], [-100.87425607752834, 21.33085258904251]], [[-100.87421778390639, 21.330856792404358], [-100.87425607752834, 21.33085258904251]], [[-100.87425607752834, 21.33085258904251], [-100.87425159127211, 21.330816710116256]], [[-100.87421329765918, 21.330820913476423], [-100.87425159127211, 21.330816710116256]], [[-100.87425159127211, 21.330816710116256], [-100.87424710501878, 21.33078083118957]], [[-100.87420881141487, 21.330785034548054], [-100.87424710501878, 21.33078083118957]], [[-100.87449385326467, 21.332754171526002], [-100.8744893668545, 21.33271829262227]], [[-100.87449385326467, 21.332754171526002], [-100.87453214736176, 21.332749968066466]], [[-100.87453214736176, 21.332749968066466], [-100.87452766094258, 21.332714089164412]], [[-100.8744893668545, 21.33271829262227], [-100.87452766094258, 21.332714089164412]], [[-100.87452766094258, 21.332714089164412], [-100.8745231745263, 21.33267821026194]], [[-100.87448488044724, 21.332682413718114], [-100.8745231745263, 21.33267821026194]], [[-100.8745231745263, 21.33267821026194], [-100.87451868811293, 21.332642331359043]], [[-100.87448039404289, 21.332646534813534], [-100.87451868811293, 21.332642331359043]], [[-100.87451868811293, 21.332642331359043], [-100.87451420170245, 21.33260645245572]], [[-100.87447590764145, 21.33261065590853], [-100.87451420170245, 21.33260645245572]], [[-100.87451420170245, 21.33260645245572], [-100.87450971529489, 21.33257057355197]], [[-100.8744714212429, 21.332574777003092], [-100.87450971529489, 21.33257057355197]], [[-100.87450971529489, 21.33257057355197], [-100.87450522889023, 21.33253469464779]], [[-100.87446693484725, 21.332538898097244], [-100.87450522889023, 21.33253469464779]], [[-100.87450522889023, 21.33253469464779], [-100.87450074248848, 21.332498815743197]], [[-100.87446244845451, 21.33250301919096], [-100.87450074248848, 21.332498815743197]], [[-100.87450074248848, 21.332498815743197], [-100.87449625608963, 21.332462936838166]], [[-100.8744579620647, 21.332467140284255], [-100.87449625608963, 21.332462936838166]], [[-100.87449625608963, 21.332462936838166], [-100.87449176969368, 21.332427057932723]], [[-100.87445347567777, 21.332431261377117], [-100.87449176969368, 21.332427057932723]], [[-100.87449176969368, 21.332427057932723], [-100.87448728330064, 21.33239117902685]], [[-100.87444898929374, 21.332395382469567], [-100.87448728330064, 21.33239117902685]], [[-100.87448728330064, 21.33239117902685], [-100.87448279691048, 21.332355300120547]], [[-100.87444450291261, 21.332359503561587], [-100.87448279691048, 21.332355300120547]], [[-100.87448279691048, 21.332355300120547], [-100.87447831052326, 21.33231942121382]], [[-100.87444001653441, 21.332323624653178], [-100.87447831052326, 21.33231942121382]], [[-100.87447831052326, 21.33231942121382], [-100.87447382413893, 21.332283542306673]], [[-100.87443553015909, 21.332287745744345], [-100.87447382413893, 21.332283542306673]], [[-100.87447382413893, 21.332283542306673], [-100.8744693377575, 21.332247663399095]], [[-100.8744310437867, 21.332251866835083], [-100.8744693377575, 21.332247663399095]], [[-100.8744693377575, 21.332247663399095], [-100.87446485137899, 21.332211784491093]], [[-100.87442655741718, 21.332215987925405], [-100.87446485137899, 21.332211784491093]], [[-100.87446485137899, 21.332211784491093], [-100.87446036500337, 21.332175905582666]], [[-100.87442207105059, 21.3321801090153], [-100.87446036500337, 21.332175905582666]], [[-100.87446036500337, 21.332175905582666], [-100.87445587863066, 21.33214002667382]], [[-100.87441758468691, 21.332144230104767], [-100.87445587863066, 21.33214002667382]], [[-100.87445587863066, 21.33214002667382], [-100.87445139226085, 21.332104147764543]], [[-100.87441309832612, 21.33210835119381], [-100.87445139226085, 21.332104147764543]], [[-100.87445139226085, 21.332104147764543], [-100.87444690589395, 21.332068268854837]], [[-100.87440861196824, 21.33207247228243], [-100.87444690589395, 21.332068268854837]], [[-100.87444690589395, 21.332068268854837], [-100.87444241952996, 21.332032389944715]], [[-100.87440412561325, 21.332036593370617], [-100.87444241952996, 21.332032389944715]], [[-100.87444241952996, 21.332032389944715], [-100.87443793316886, 21.331996511034163]], [[-100.87439963926118, 21.332000714458392], [-100.87443793316886, 21.331996511034163]], [[-100.87443793316886, 21.331996511034163], [-100.87443344681067, 21.33196063212319]], [[-100.87439515291202, 21.331964835545733], [-100.87443344681067, 21.33196063212319]], [[-100.87443344681067, 21.33196063212319], [-100.87442896045538, 21.331924753211787]], [[-100.87439066656576, 21.33192895663265], [-100.87442896045538, 21.331924753211787]], [[-100.87442896045538, 21.331924753211787], [-100.87442447410301, 21.331888874299967]], [[-100.87438618022239, 21.331893077719137], [-100.87442447410301, 21.331888874299967]], [[-100.87442447410301, 21.331888874299967], [-100.87441998775353, 21.33185299538771]], [[-100.87438169388194, 21.33185719880521], [-100.87441998775353, 21.33185299538771]], [[-100.87441998775353, 21.33185299538771], [-100.87441550140696, 21.331817116475033]], [[-100.87437720754438, 21.33182131989085], [-100.87441550140696, 21.331817116475033]], [[-100.87441550140696, 21.331817116475033], [-100.87441101506329, 21.33178123756193]], [[-100.87437272120974, 21.331785440976073], [-100.87441101506329, 21.33178123756193]], [[-100.87441101506329, 21.33178123756193], [-100.87440652872253, 21.3317453586484]], [[-100.87436823487799, 21.33174956206086], [-100.87440652872253, 21.3317453586484]], [[-100.87440652872253, 21.3317453586484], [-100.87440204238467, 21.331709479734446]], [[-100.87436374854916, 21.33171368314523], [-100.87440204238467, 21.331709479734446]], [[-100.87440204238467, 21.331709479734446], [-100.87439755604971, 21.331673600820075]], [[-100.87435926222322, 21.331677804229173], [-100.87439755604971, 21.331673600820075]], [[-100.87439755604971, 21.331673600820075], [-100.87439306971767, 21.331637721905278]], [[-100.8743547759002, 21.331641925312685], [-100.87439306971767, 21.331637721905278]], [[-100.87439306971767, 21.331637721905278], [-100.87438858338852, 21.33160184299005]], [[-100.87435028958008, 21.33160604639578], [-100.87438858338852, 21.33160184299005]], [[-100.87438858338852, 21.33160184299005], [-100.87438409706228, 21.331565964074397]], [[-100.87434580326286, 21.331570167478443], [-100.87438409706228, 21.331565964074397]], [[-100.87438409706228, 21.331565964074397], [-100.87437961073896, 21.331530085158313]], [[-100.87434131694853, 21.33153428856069], [-100.87437961073896, 21.331530085158313]], [[-100.87437961073896, 21.331530085158313], [-100.8743751244185, 21.331494206241818]], [[-100.87433683063712, 21.331498409642506], [-100.8743751244185, 21.331494206241818]], [[-100.8743751244185, 21.331494206241818], [-100.87437063810098, 21.33145832732489]], [[-100.87433234432861, 21.33146253072389], [-100.87437063810098, 21.33145832732489]], [[-100.87437063810098, 21.33145832732489], [-100.87436615178638, 21.331422448407537]], [[-100.87432785802301, 21.331426651804854], [-100.87436615178638, 21.331422448407537]], [[-100.87436615178638, 21.331422448407537], [-100.87436166547465, 21.33138656948976]], [[-100.87432337172031, 21.331390772885403], [-100.87436166547465, 21.33138656948976]], [[-100.87436166547465, 21.33138656948976], [-100.87435717916584, 21.331350690571554]], [[-100.87431888542052, 21.331354893965514], [-100.87435717916584, 21.331350690571554]], [[-100.87435717916584, 21.331350690571554], [-100.87435269285993, 21.33131481165293]], [[-100.87431439912363, 21.331319015045214], [-100.87435269285993, 21.33131481165293]], [[-100.87435269285993, 21.33131481165293], [-100.87434820655692, 21.331278932733877]], [[-100.87430991282964, 21.331283136124473], [-100.87434820655692, 21.331278932733877]], [[-100.87434820655692, 21.331278932733877], [-100.87434372025682, 21.3312430538144]], [[-100.87430542653857, 21.33124725720332], [-100.87434372025682, 21.3312430538144]], [[-100.87434372025682, 21.3312430538144], [-100.87433923395962, 21.331207174894494]], [[-100.8743009402504, 21.33121137828173], [-100.87433923395962, 21.331207174894494]], [[-100.87433923395962, 21.331207174894494], [-100.87433474766533, 21.331171295974166]], [[-100.87429645396512, 21.331175499359723], [-100.87433474766533, 21.331171295974166]], [[-100.87433474766533, 21.331171295974166], [-100.87433026137394, 21.33113541705342]], [[-100.87429196768274, 21.33113962043729], [-100.87433026137394, 21.33113541705342]], [[-100.87433026137394, 21.33113541705342], [-100.87432577508545, 21.33109953813224]], [[-100.87428748140327, 21.33110374151443], [-100.87432577508545, 21.33109953813224]], [[-100.87432577508545, 21.33109953813224], [-100.87432128879988, 21.33106365921064]], [[-100.87428299512672, 21.331067862591144], [-100.87432128879988, 21.33106365921064]], [[-100.87432128879988, 21.33106365921064], [-100.8743168025172, 21.331027780288608]], [[-100.87427850885305, 21.331031983667437], [-100.8743168025172, 21.331027780288608]], [[-100.8743168025172, 21.331027780288608], [-100.87431231623742, 21.330991901366154]], [[-100.87427402258231, 21.330996104743303], [-100.87431231623742, 21.330991901366154]], [[-100.87431231623742, 21.330991901366154], [-100.87430782996056, 21.33095602244328]], [[-100.87426953631446, 21.330960225818743], [-100.87430782996056, 21.33095602244328]], [[-100.87430782996056, 21.33095602244328], [-100.87430334368659, 21.330920143519975]], [[-100.87426505004952, 21.33092434689376], [-100.87430334368659, 21.330920143519975]], [[-100.87430334368659, 21.330920143519975], [-100.87429885741554, 21.330884264596246]], [[-100.87426056378747, 21.330888467968354], [-100.87429885741554, 21.330884264596246]], [[-100.87429885741554, 21.330884264596246], [-100.87429437114739, 21.330848385672088]], [[-100.87425607752834, 21.33085258904251], [-100.87429437114739, 21.330848385672088]], [[-100.87429437114739, 21.330848385672088], [-100.87428988488215, 21.330812506747513]], [[-100.87425159127211, 21.330816710116256], [-100.87428988488215, 21.330812506747513]], [[-100.87428988488215, 21.330812506747513], [-100.87428539861979, 21.33077662782251]], [[-100.87424710501878, 21.33078083118957], [-100.87428539861979, 21.33077662782251]], [[-100.87453663378386, 21.33278584696809], [-100.87453214736176, 21.332749968066466]], [[-100.87453663378386, 21.33278584696809], [-100.87457492788707, 21.332781643498297]], [[-100.87457492788707, 21.332781643498297], [-100.87457044145597, 21.332745764598357]], [[-100.87453214736176, 21.332749968066466], [-100.87457044145597, 21.332745764598357]], [[-100.87457044145597, 21.332745764598357], [-100.87456595502776, 21.332709885697987]], [[-100.87452766094258, 21.332714089164412], [-100.87456595502776, 21.332709885697987]], [[-100.87456595502776, 21.332709885697987], [-100.87456146860247, 21.3326740067972]], [[-100.8745231745263, 21.33267821026194], [-100.87456146860247, 21.3326740067972]], [[-100.87456146860247, 21.3326740067972], [-100.87455698218007, 21.33263812789598]], [[-100.87451868811293, 21.332642331359043], [-100.87455698218007, 21.33263812789598]], [[-100.87455698218007, 21.33263812789598], [-100.87455249576057, 21.332602248994338]], [[-100.87451420170245, 21.33260645245572], [-100.87455249576057, 21.332602248994338]], [[-100.87455249576057, 21.332602248994338], [-100.874548009344, 21.332566370092266]], [[-100.87450971529489, 21.33257057355197], [-100.874548009344, 21.332566370092266]], [[-100.874548009344, 21.332566370092266], [-100.8745435229303, 21.33253049118978]], [[-100.87450522889023, 21.33253469464779], [-100.8745435229303, 21.33253049118978]], [[-100.8745435229303, 21.33253049118978], [-100.87453903651954, 21.33249461228685]], [[-100.87450074248848, 21.332498815743197], [-100.87453903651954, 21.33249461228685]], [[-100.87453903651954, 21.33249461228685], [-100.87453455011165, 21.332458733383515]], [[-100.87449625608963, 21.332462936838166], [-100.87453455011165, 21.332458733383515]], [[-100.87453455011165, 21.332458733383515], [-100.87453006370669, 21.332422854479745]], [[-100.87449176969368, 21.332427057932723], [-100.87453006370669, 21.332422854479745]], [[-100.87453006370669, 21.332422854479745], [-100.87452557730462, 21.332386975575545]], [[-100.87448728330064, 21.33239117902685], [-100.87452557730462, 21.332386975575545]], [[-100.87452557730462, 21.332386975575545], [-100.87452109090547, 21.332351096670937]], [[-100.87448279691048, 21.332355300120547], [-100.87452109090547, 21.332351096670937]], [[-100.87452109090547, 21.332351096670937], [-100.87451660450921, 21.332315217765892]], [[-100.87447831052326, 21.33231942121382], [-100.87451660450921, 21.332315217765892]], [[-100.87451660450921, 21.332315217765892], [-100.87451211811586, 21.33227933886042]], [[-100.87447382413893, 21.332283542306673], [-100.87451211811586, 21.33227933886042]], [[-100.87451211811586, 21.33227933886042], [-100.87450763172542, 21.332243459954526]], [[-100.8744693377575, 21.332247663399095], [-100.87450763172542, 21.332243459954526]], [[-100.87450763172542, 21.332243459954526], [-100.87450314533787, 21.332207581048213]], [[-100.87446485137899, 21.332211784491093], [-100.87450314533787, 21.332207581048213]], [[-100.87450314533787, 21.332207581048213], [-100.87449865895323, 21.33217170214146]], [[-100.87446036500337, 21.332175905582666], [-100.87449865895323, 21.33217170214146]], [[-100.87449865895323, 21.33217170214146], [-100.87449417257152, 21.332135823234296]], [[-100.87445587863066, 21.33214002667382], [-100.87449417257152, 21.332135823234296]], [[-100.87449417257152, 21.332135823234296], [-100.87448968619267, 21.332099944326696]], [[-100.87445139226085, 21.332104147764543], [-100.87448968619267, 21.332099944326696]], [[-100.87448968619267, 21.332099944326696], [-100.87448519981676, 21.33206406541868]], [[-100.87444690589395, 21.332068268854837], [-100.87448519981676, 21.33206406541868]], [[-100.87448519981676, 21.33206406541868], [-100.87448071344373, 21.332028186510232]], [[-100.87444241952996, 21.332032389944715], [-100.87448071344373, 21.332028186510232]], [[-100.87448071344373, 21.332028186510232], [-100.87447622707363, 21.331992307601368]], [[-100.87443793316886, 21.331996511034163], [-100.87447622707363, 21.331992307601368]], [[-100.87447622707363, 21.331992307601368], [-100.87447174070643, 21.33195642869207]], [[-100.87443344681067, 21.33196063212319], [-100.87447174070643, 21.33195642869207]], [[-100.87447174070643, 21.33195642869207], [-100.87446725434212, 21.331920549782353]], [[-100.87442896045538, 21.331924753211787], [-100.87446725434212, 21.331920549782353]], [[-100.87446725434212, 21.331920549782353], [-100.87446276798072, 21.331884670872203]], [[-100.87442447410301, 21.331888874299967], [-100.87446276798072, 21.331884670872203]], [[-100.87446276798072, 21.331884670872203], [-100.87445828162222, 21.331848791961637]], [[-100.87441998775353, 21.33185299538771], [-100.87445828162222, 21.331848791961637]], [[-100.87445828162222, 21.331848791961637], [-100.87445379526663, 21.33181291305064]], [[-100.87441550140696, 21.331817116475033], [-100.87445379526663, 21.33181291305064]], [[-100.87445379526663, 21.33181291305064], [-100.87444930891394, 21.331777034139222]], [[-100.87441101506329, 21.33178123756193], [-100.87444930891394, 21.331777034139222]], [[-100.87444930891394, 21.331777034139222], [-100.87444482256416, 21.331741155227384]], [[-100.87440652872253, 21.3317453586484], [-100.87444482256416, 21.331741155227384]], [[-100.87444482256416, 21.331741155227384], [-100.87444033621729, 21.33170527631511]], [[-100.87440204238467, 21.331709479734446], [-100.87444033621729, 21.33170527631511]], [[-100.87444033621729, 21.33170527631511], [-100.87443584987331, 21.331669397402408]], [[-100.87439755604971, 21.331673600820075], [-100.87443584987331, 21.331669397402408]], [[-100.87443584987331, 21.331669397402408], [-100.87443136353224, 21.33163351848929]], [[-100.87439306971767, 21.331637721905278], [-100.87443136353224, 21.33163351848929]], [[-100.87443136353224, 21.33163351848929], [-100.87442687719407, 21.331597639575747]], [[-100.87438858338852, 21.33160184299005], [-100.87442687719407, 21.331597639575747]], [[-100.87442687719407, 21.331597639575747], [-100.87442239085881, 21.331561760661778]], [[-100.87438409706228, 21.331565964074397], [-100.87442239085881, 21.331561760661778]], [[-100.87442239085881, 21.331561760661778], [-100.87441790452645, 21.33152588174738]], [[-100.87437961073896, 21.331530085158313], [-100.87441790452645, 21.33152588174738]], [[-100.87441790452645, 21.33152588174738], [-100.87441341819701, 21.33149000283256]], [[-100.8743751244185, 21.331494206241818], [-100.87441341819701, 21.33149000283256]], [[-100.87441341819701, 21.33149000283256], [-100.87440893187046, 21.33145412391731]], [[-100.87437063810098, 21.33145832732489], [-100.87440893187046, 21.33145412391731]], [[-100.87440893187046, 21.33145412391731], [-100.87440444554682, 21.33141824500164]], [[-100.87436615178638, 21.331422448407537], [-100.87440444554682, 21.33141824500164]], [[-100.87440444554682, 21.33141824500164], [-100.87439995922608, 21.331382366085553]], [[-100.87436166547465, 21.33138656948976], [-100.87439995922608, 21.331382366085553]], [[-100.87439995922608, 21.331382366085553], [-100.87439547290825, 21.33134648716902]], [[-100.87435717916584, 21.331350690571554], [-100.87439547290825, 21.33134648716902]], [[-100.87439547290825, 21.33134648716902], [-100.87439098659333, 21.331310608252085]], [[-100.87435269285993, 21.33131481165293], [-100.87439098659333, 21.331310608252085]], [[-100.87439098659333, 21.331310608252085], [-100.87438650028129, 21.331274729334705]], [[-100.87434820655692, 21.331278932733877], [-100.87438650028129, 21.331274729334705]], [[-100.87438650028129, 21.331274729334705], [-100.87438201397217, 21.331238850416913]], [[-100.87434372025682, 21.3312430538144], [-100.87438201397217, 21.331238850416913]], [[-100.87438201397217, 21.331238850416913], [-100.87437752766596, 21.331202971498687]], [[-100.87433923395962, 21.331207174894494], [-100.87437752766596, 21.331202971498687]], [[-100.87437752766596, 21.331202971498687], [-100.87437304136265, 21.331167092580042]], [[-100.87433474766533, 21.331171295974166], [-100.87437304136265, 21.331167092580042]], [[-100.87437304136265, 21.331167092580042], [-100.87436855506223, 21.33113121366097]], [[-100.87433026137394, 21.33113541705342], [-100.87436855506223, 21.33113121366097]], [[-100.87436855506223, 21.33113121366097], [-100.87436406876472, 21.331095334741473]], [[-100.87432577508545, 21.33109953813224], [-100.87436406876472, 21.331095334741473]], [[-100.87436406876472, 21.331095334741473], [-100.87435958247012, 21.331059455821556]], [[-100.87432128879988, 21.33106365921064], [-100.87435958247012, 21.331059455821556]], [[-100.87435958247012, 21.331059455821556], [-100.87435509617843, 21.331023576901206]], [[-100.8743168025172, 21.331027780288608], [-100.87435509617843, 21.331023576901206]], [[-100.87435509617843, 21.331023576901206], [-100.87435060988965, 21.330987697980436]], [[-100.87431231623742, 21.330991901366154], [-100.87435060988965, 21.330987697980436]], [[-100.87435060988965, 21.330987697980436], [-100.87434612360377, 21.33095181905924]], [[-100.87430782996056, 21.33095602244328], [-100.87434612360377, 21.33095181905924]], [[-100.87434612360377, 21.33095181905924], [-100.87434163732078, 21.33091594013762]], [[-100.87430334368659, 21.330920143519975], [-100.87434163732078, 21.33091594013762]], [[-100.87434163732078, 21.33091594013762], [-100.87433715104069, 21.33088006121557]], [[-100.87429885741554, 21.330884264596246], [-100.87433715104069, 21.33088006121557]], [[-100.87433715104069, 21.33088006121557], [-100.87433266476353, 21.330844182293102]], [[-100.87429437114739, 21.330848385672088], [-100.87433266476353, 21.330844182293102]], [[-100.87433266476353, 21.330844182293102], [-100.87432817848925, 21.3308083033702]], [[-100.87428988488215, 21.330812506747513], [-100.87432817848925, 21.3308083033702]], [[-100.87432817848925, 21.3308083033702], [-100.8743236922179, 21.330772424446874]], [[-100.87428539861979, 21.33077662782251], [-100.8743236922179, 21.330772424446874]], [[-100.87457941432109, 21.33281752239782], [-100.87457492788707, 21.332781643498297]], [[-100.87457941432109, 21.33281752239782], [-100.8746177084304, 21.332813318917772]], [[-100.8746177084304, 21.332813318917772], [-100.87461322198737, 21.33277744001994]], [[-100.87457492788707, 21.332781643498297], [-100.87461322198737, 21.33277744001994]], [[-100.87461322198737, 21.33277744001994], [-100.87460873554726, 21.332741561121676]], [[-100.87457044145597, 21.332745764598357], [-100.87460873554726, 21.332741561121676]], [[-100.87460873554726, 21.332741561121676], [-100.87460424911002, 21.33270568222299]], [[-100.87456595502776, 21.332709885697987], [-100.87460424911002, 21.33270568222299]], [[-100.87460424911002, 21.33270568222299], [-100.8745997626757, 21.33266980332387]], [[-100.87456146860247, 21.3326740067972], [-100.8745997626757, 21.33266980332387]], [[-100.8745997626757, 21.33266980332387], [-100.87459527624429, 21.332633924424343]], [[-100.87455698218007, 21.33263812789598], [-100.87459527624429, 21.332633924424343]], [[-100.87459527624429, 21.332633924424343], [-100.87459078981577, 21.33259804552438]], [[-100.87455249576057, 21.332602248994338], [-100.87459078981577, 21.33259804552438]], [[-100.87459078981577, 21.33259804552438], [-100.87458630339017, 21.33256216662399]], [[-100.874548009344, 21.332566370092266], [-100.87458630339017, 21.33256216662399]], [[-100.87458630339017, 21.33256216662399], [-100.87458181696748, 21.33252628772318]], [[-100.8745435229303, 21.33253049118978], [-100.87458181696748, 21.33252628772318]], [[-100.87458181696748, 21.33252628772318], [-100.87457733054768, 21.332490408821943]], [[-100.87453903651954, 21.33249461228685], [-100.87457733054768, 21.332490408821943]], [[-100.87457733054768, 21.332490408821943], [-100.87457284413077, 21.33245452992028]], [[-100.87453455011165, 21.332458733383515], [-100.87457284413077, 21.33245452992028]], [[-100.87457284413077, 21.33245452992028], [-100.87456835771678, 21.3324186510182]], [[-100.87453006370669, 21.332422854479745], [-100.87456835771678, 21.3324186510182]], [[-100.87456835771678, 21.3324186510182], [-100.8745638713057, 21.332382772115686]], [[-100.87452557730462, 21.332386975575545], [-100.8745638713057, 21.332382772115686]], [[-100.8745638713057, 21.332382772115686], [-100.87455938489754, 21.332346893212748]], [[-100.87452109090547, 21.332351096670937], [-100.87455938489754, 21.332346893212748]], [[-100.87455938489754, 21.332346893212748], [-100.87455489849225, 21.332311014309386]], [[-100.87451660450921, 21.332315217765892], [-100.87455489849225, 21.332311014309386]], [[-100.87455489849225, 21.332311014309386], [-100.87455041208989, 21.3322751354056]], [[-100.87451211811586, 21.33227933886042], [-100.87455041208989, 21.3322751354056]], [[-100.87455041208989, 21.3322751354056], [-100.87454592569043, 21.332239256501385]], [[-100.87450763172542, 21.332243459954526], [-100.87454592569043, 21.332239256501385]], [[-100.87454592569043, 21.332239256501385], [-100.87454143929386, 21.33220337759675]], [[-100.87450314533787, 21.332207581048213], [-100.87454143929386, 21.33220337759675]], [[-100.87454143929386, 21.33220337759675], [-100.87453695290021, 21.332167498691685]], [[-100.87449865895323, 21.33217170214146], [-100.87453695290021, 21.332167498691685]], [[-100.87453695290021, 21.332167498691685], [-100.87453246650945, 21.332131619786196]], [[-100.87449417257152, 21.332135823234296], [-100.87453246650945, 21.332131619786196]], [[-100.87453246650945, 21.332131619786196], [-100.8745279801216, 21.33209574088028]], [[-100.87448968619267, 21.332099944326696], [-100.8745279801216, 21.33209574088028]], [[-100.8745279801216, 21.33209574088028], [-100.87452349373666, 21.332059861973942]], [[-100.87448519981676, 21.33206406541868], [-100.87452349373666, 21.332059861973942]], [[-100.87452349373666, 21.332059861973942], [-100.87451900735464, 21.332023983067188]], [[-100.87448071344373, 21.332028186510232], [-100.87451900735464, 21.332023983067188]], [[-100.87451900735464, 21.332023983067188], [-100.8745145209755, 21.331988104159997]], [[-100.87447622707363, 21.331992307601368], [-100.8745145209755, 21.331988104159997]], [[-100.8745145209755, 21.331988104159997], [-100.87451003459927, 21.331952225252387]], [[-100.87447174070643, 21.33195642869207], [-100.87451003459927, 21.331952225252387]], [[-100.87451003459927, 21.331952225252387], [-100.87450554822594, 21.331916346344343]], [[-100.87446725434212, 21.331920549782353], [-100.87450554822594, 21.331916346344343]], [[-100.87450554822594, 21.331916346344343], [-100.87450106185551, 21.331880467435884]], [[-100.87446276798072, 21.331884670872203], [-100.87450106185551, 21.331880467435884]], [[-100.87450106185551, 21.331880467435884], [-100.874496575488, 21.33184458852699]], [[-100.87445828162222, 21.331848791961637], [-100.874496575488, 21.33184458852699]], [[-100.874496575488, 21.33184458852699], [-100.8744920891234, 21.331808709617682]], [[-100.87445379526663, 21.33181291305064], [-100.8744920891234, 21.331808709617682]], [[-100.8744920891234, 21.331808709617682], [-100.87448760276168, 21.331772830707937]], [[-100.87444930891394, 21.331777034139222], [-100.87448760276168, 21.331772830707937]], [[-100.87448760276168, 21.331772830707937], [-100.87448311640289, 21.33173695179778]], [[-100.87444482256416, 21.331741155227384], [-100.87448311640289, 21.33173695179778]], [[-100.87448311640289, 21.33173695179778], [-100.874478630047, 21.331701072887185]], [[-100.87444033621729, 21.33170527631511], [-100.874478630047, 21.331701072887185]], [[-100.874478630047, 21.331701072887185], [-100.87447414369399, 21.331665193976175]], [[-100.87443584987331, 21.331669397402408], [-100.87447414369399, 21.331665193976175]], [[-100.87447414369399, 21.331665193976175], [-100.87446965734391, 21.331629315064728]], [[-100.87443136353224, 21.33163351848929], [-100.87446965734391, 21.331629315064728]], [[-100.87446965734391, 21.331629315064728], [-100.87446517099671, 21.331593436152872]], [[-100.87442687719407, 21.331597639575747], [-100.87446517099671, 21.331593436152872]], [[-100.87446517099671, 21.331593436152872], [-100.87446068465243, 21.331557557240583]], [[-100.87442239085881, 21.331561760661778], [-100.87446068465243, 21.331557557240583]], [[-100.87446068465243, 21.331557557240583], [-100.87445619831107, 21.33152167832787]], [[-100.87441790452645, 21.33152588174738], [-100.87445619831107, 21.33152167832787]], [[-100.87445619831107, 21.33152167832787], [-100.87445171197258, 21.331485799414732]], [[-100.87441341819701, 21.33149000283256], [-100.87445171197258, 21.331485799414732]], [[-100.87445171197258, 21.331485799414732], [-100.87444722563703, 21.331449920501164]], [[-100.87440893187046, 21.33145412391731], [-100.87444722563703, 21.331449920501164]], [[-100.87444722563703, 21.331449920501164], [-100.87444273930437, 21.331414041587173]], [[-100.87440444554682, 21.33141824500164], [-100.87444273930437, 21.331414041587173]], [[-100.87444273930437, 21.331414041587173], [-100.8744382529746, 21.331378162672756]], [[-100.87439995922608, 21.331382366085553], [-100.8744382529746, 21.331378162672756]], [[-100.8744382529746, 21.331378162672756], [-100.87443376664775, 21.331342283757916]], [[-100.87439547290825, 21.33134648716902], [-100.87443376664775, 21.331342283757916]], [[-100.87443376664775, 21.331342283757916], [-100.8744292803238, 21.33130640484265]], [[-100.87439098659333, 21.331310608252085], [-100.8744292803238, 21.33130640484265]], [[-100.8744292803238, 21.33130640484265], [-100.87442479400276, 21.33127052592697]], [[-100.87438650028129, 21.331274729334705], [-100.87442479400276, 21.33127052592697]], [[-100.87442479400276, 21.33127052592697], [-100.87442030768462, 21.331234647010845]], [[-100.87438201397217, 21.331238850416913], [-100.87442030768462, 21.331234647010845]], [[-100.87442030768462, 21.331234647010845], [-100.87441582136938, 21.331198768094307]], [[-100.87437752766596, 21.331202971498687], [-100.87441582136938, 21.331198768094307]], [[-100.87441582136938, 21.331198768094307], [-100.87441133505706, 21.33116288917734]], [[-100.87437304136265, 21.331167092580042], [-100.87441133505706, 21.33116288917734]], [[-100.87441133505706, 21.33116288917734], [-100.87440684874763, 21.33112701025996]], [[-100.87436855506223, 21.33113121366097], [-100.87440684874763, 21.33112701025996]], [[-100.87440684874763, 21.33112701025996], [-100.8744023624411, 21.331091131342134]], [[-100.87436406876472, 21.331095334741473], [-100.8744023624411, 21.331091131342134]], [[-100.8744023624411, 21.331091131342134], [-100.87439787613748, 21.331055252423898]], [[-100.87435958247012, 21.331059455821556], [-100.87439787613748, 21.331055252423898]], [[-100.87439787613748, 21.331055252423898], [-100.87439338983677, 21.33101937350523]], [[-100.87435509617843, 21.331023576901206], [-100.87439338983677, 21.33101937350523]], [[-100.87439338983677, 21.33101937350523], [-100.87438890353896, 21.330983494586143]], [[-100.87435060988965, 21.330987697980436], [-100.87438890353896, 21.330983494586143]], [[-100.87438890353896, 21.330983494586143], [-100.87438441724404, 21.330947615666627]], [[-100.87434612360377, 21.33095181905924], [-100.87438441724404, 21.330947615666627]], [[-100.87438441724404, 21.330947615666627], [-100.87437993095206, 21.33091173674669]], [[-100.87434163732078, 21.33091594013762], [-100.87437993095206, 21.33091173674669]], [[-100.87437993095206, 21.33091173674669], [-100.87437544466295, 21.33087585782632]], [[-100.87433715104069, 21.33088006121557], [-100.87437544466295, 21.33087585782632]], [[-100.87437544466295, 21.33087585782632], [-100.87437095837676, 21.330839978905527]], [[-100.87433266476353, 21.330844182293102], [-100.87437095837676, 21.330839978905527]], [[-100.87437095837676, 21.330839978905527], [-100.87436647209347, 21.330804099984316]], [[-100.87432817848925, 21.3308083033702], [-100.87436647209347, 21.330804099984316]], [[-100.87436647209347, 21.330804099984316], [-100.8743619858131, 21.330768221062677]], [[-100.8743236922179, 21.330772424446874], [-100.8743619858131, 21.330768221062677]], [[-100.8746177084304, 21.332813318917772], [-100.87465600253684, 21.33280911542915]], [[-100.87465600253684, 21.33280911542915], [-100.87465151608478, 21.332773236532997]], [[-100.87461322198737, 21.33277744001994], [-100.87465151608478, 21.332773236532997]], [[-100.87465151608478, 21.332773236532997], [-100.87464702963564, 21.33273735763642]], [[-100.87460873554726, 21.332741561121676], [-100.87464702963564, 21.33273735763642]], [[-100.87464702963564, 21.33273735763642], [-100.87464254318938, 21.332701478739416]], [[-100.87460424911002, 21.33270568222299], [-100.87464254318938, 21.332701478739416]], [[-100.87464254318938, 21.332701478739416], [-100.87463805674605, 21.332665599841988]], [[-100.8745997626757, 21.33266980332387], [-100.87463805674605, 21.332665599841988]], [[-100.87463805674605, 21.332665599841988], [-100.87463357030562, 21.33262972094413]], [[-100.87459527624429, 21.332633924424343], [-100.87463357030562, 21.33262972094413]], [[-100.87463357030562, 21.33262972094413], [-100.87462908386807, 21.332593842045853]], [[-100.87459078981577, 21.33259804552438], [-100.87462908386807, 21.332593842045853]], [[-100.87462908386807, 21.332593842045853], [-100.87462459743345, 21.332557963147142]], [[-100.87458630339017, 21.33256216662399], [-100.87462459743345, 21.332557963147142]], [[-100.87462459743345, 21.332557963147142], [-100.87462011100172, 21.332522084248023]], [[-100.87458181696748, 21.33252628772318], [-100.87462011100172, 21.332522084248023]], [[-100.87462011100172, 21.332522084248023], [-100.87461562457291, 21.332486205348463]], [[-100.87457733054768, 21.332490408821943], [-100.87461562457291, 21.332486205348463]], [[-100.87461562457291, 21.332486205348463], [-100.874611138147, 21.33245032644848]], [[-100.87457284413077, 21.33245452992028], [-100.874611138147, 21.33245032644848]], [[-100.874611138147, 21.33245032644848], [-100.874606651724, 21.33241444754808]], [[-100.87456835771678, 21.3324186510182], [-100.874606651724, 21.33241444754808]], [[-100.874606651724, 21.33241444754808], [-100.87460216530388, 21.332378568647247]], [[-100.8745638713057, 21.332382772115686], [-100.87460216530388, 21.332378568647247]], [[-100.87460216530388, 21.332378568647247], [-100.87459767888669, 21.33234268974599]], [[-100.87455938489754, 21.332346893212748], [-100.87459767888669, 21.33234268974599]], [[-100.87459767888669, 21.33234268974599], [-100.87459319247239, 21.332306810844308]], [[-100.87455489849225, 21.332311014309386], [-100.87459319247239, 21.332306810844308]], [[-100.87459319247239, 21.332306810844308], [-100.874588706061, 21.3322709319422]], [[-100.87455041208989, 21.3322751354056], [-100.874588706061, 21.3322709319422]], [[-100.874588706061, 21.3322709319422], [-100.87458421965252, 21.332235053039675]], [[-100.87454592569043, 21.332239256501385], [-100.87458421965252, 21.332235053039675]], [[-100.87458421965252, 21.332235053039675], [-100.87457973324693, 21.33219917413671]], [[-100.87454143929386, 21.33220337759675], [-100.87457973324693, 21.33219917413671]], [[-100.87457973324693, 21.33219917413671], [-100.87457524684426, 21.33216329523334]], [[-100.87453695290021, 21.332167498691685], [-100.87457524684426, 21.33216329523334]], [[-100.87457524684426, 21.33216329523334], [-100.8745707604445, 21.332127416329527]], [[-100.87453246650945, 21.332131619786196], [-100.8745707604445, 21.332127416329527]], [[-100.8745707604445, 21.332127416329527], [-100.87456627404762, 21.332091537425296]], [[-100.8745279801216, 21.33209574088028], [-100.87456627404762, 21.332091537425296]], [[-100.87456627404762, 21.332091537425296], [-100.87456178765366, 21.33205565852064]], [[-100.87452349373666, 21.332059861973942], [-100.87456178765366, 21.33205565852064]], [[-100.87456178765366, 21.33205565852064], [-100.8745573012626, 21.332019779615557]], [[-100.87451900735464, 21.332023983067188], [-100.8745573012626, 21.332019779615557]], [[-100.8745573012626, 21.332019779615557], [-100.87455281487445, 21.331983900710053]], [[-100.8745145209755, 21.331988104159997], [-100.87455281487445, 21.331983900710053]], [[-100.87455281487445, 21.331983900710053], [-100.87454832848921, 21.331948021804116]], [[-100.87451003459927, 21.331952225252387], [-100.87454832848921, 21.331948021804116]], [[-100.87454832848921, 21.331948021804116], [-100.87454384210686, 21.331912142897764]], [[-100.87450554822594, 21.331916346344343], [-100.87454384210686, 21.331912142897764]], [[-100.87454384210686, 21.331912142897764], [-100.87453935572742, 21.331876263990978]], [[-100.87450106185551, 21.331880467435884], [-100.87453935572742, 21.331876263990978]], [[-100.87453935572742, 21.331876263990978], [-100.87453486935088, 21.331840385083776]], [[-100.874496575488, 21.33184458852699], [-100.87453486935088, 21.331840385083776]], [[-100.87453486935088, 21.331840385083776], [-100.87453038297726, 21.33180450617614]], [[-100.8744920891234, 21.331808709617682], [-100.87453038297726, 21.33180450617614]], [[-100.87453038297726, 21.33180450617614], [-100.87452589660653, 21.331768627268087]], [[-100.87448760276168, 21.331772830707937], [-100.87452589660653, 21.331768627268087]], [[-100.87452589660653, 21.331768627268087], [-100.8745214102387, 21.331732748359602]], [[-100.87448311640289, 21.33173695179778], [-100.8745214102387, 21.331732748359602]], [[-100.8745214102387, 21.331732748359602], [-100.87451692387378, 21.331696869450695]], [[-100.874478630047, 21.331701072887185], [-100.87451692387378, 21.331696869450695]], [[-100.87451692387378, 21.331696869450695], [-100.87451243751177, 21.331660990541362]], [[-100.87447414369399, 21.331665193976175], [-100.87451243751177, 21.331660990541362]], [[-100.87451243751177, 21.331660990541362], [-100.87450795115265, 21.331625111631606]], [[-100.87446965734391, 21.331629315064728], [-100.87450795115265, 21.331625111631606]], [[-100.87450795115265, 21.331625111631606], [-100.87450346479646, 21.33158923272142]], [[-100.87446517099671, 21.331593436152872], [-100.87450346479646, 21.33158923272142]], [[-100.87450346479646, 21.33158923272142], [-100.87449897844316, 21.331553353810822]], [[-100.87446068465243, 21.331557557240583], [-100.87449897844316, 21.331553353810822]], [[-100.87449897844316, 21.331553353810822], [-100.87449449209277, 21.331517474899783]], [[-100.87445619831107, 21.33152167832787], [-100.87449449209277, 21.331517474899783]], [[-100.87449449209277, 21.331517474899783], [-100.87449000574529, 21.331481595988322]], [[-100.87445171197258, 21.331485799414732], [-100.87449000574529, 21.331481595988322]], [[-100.87449000574529, 21.331481595988322], [-100.8744855194007, 21.33144571707644]], [[-100.87444722563703, 21.331449920501164], [-100.8744855194007, 21.33144571707644]], [[-100.8744855194007, 21.33144571707644], [-100.87448103305901, 21.331409838164134]], [[-100.87444273930437, 21.331414041587173], [-100.87448103305901, 21.331409838164134]], [[-100.87448103305901, 21.331409838164134], [-100.87447654672023, 21.331373959251398]], [[-100.8744382529746, 21.331378162672756], [-100.87447654672023, 21.331373959251398]], [[-100.87447654672023, 21.331373959251398], [-100.87447206038435, 21.33133808033824]], [[-100.87443376664775, 21.331342283757916], [-100.87447206038435, 21.33133808033824]], [[-100.87447206038435, 21.33133808033824], [-100.87446757405138, 21.331302201424656]], [[-100.8744292803238, 21.33130640484265], [-100.87446757405138, 21.331302201424656]], [[-100.87446757405138, 21.331302201424656], [-100.87446308772132, 21.331266322510643]], [[-100.87442479400276, 21.33127052592697], [-100.87446308772132, 21.331266322510643]], [[-100.87446308772132, 21.331266322510643], [-100.87445860139417, 21.331230443596215]], [[-100.87442030768462, 21.331234647010845], [-100.87445860139417, 21.331230443596215]], [[-100.87445860139417, 21.331230443596215], [-100.87445411506991, 21.331194564681354]], [[-100.87441582136938, 21.331198768094307], [-100.87445411506991, 21.331194564681354]], [[-100.87445411506991, 21.331194564681354], [-100.87444962874855, 21.331158685766077]], [[-100.87441133505706, 21.33116288917734], [-100.87444962874855, 21.331158685766077]], [[-100.87444962874855, 21.331158685766077], [-100.87444514243012, 21.331122806850363]], [[-100.87440684874763, 21.33112701025996], [-100.87444514243012, 21.331122806850363]], [[-100.87444514243012, 21.331122806850363], [-100.87444065611457, 21.33108692793423]], [[-100.8744023624411, 21.331091131342134], [-100.87444065611457, 21.33108692793423]], [[-100.87444065611457, 21.33108692793423], [-100.87443616980194, 21.331051049017667]], [[-100.87439787613748, 21.331055252423898], [-100.87443616980194, 21.331051049017667]], [[-100.87443616980194, 21.331051049017667], [-100.87443168349219, 21.331015170100688]], [[-100.87439338983677, 21.33101937350523], [-100.87443168349219, 21.331015170100688]], [[-100.87443168349219, 21.331015170100688], [-100.87442719718537, 21.33097929118328]], [[-100.87438890353896, 21.330983494586143], [-100.87442719718537, 21.33097929118328]], [[-100.87442719718537, 21.33097929118328], [-100.87442271088145, 21.330943412265444]], [[-100.87438441724404, 21.330947615666627], [-100.87442271088145, 21.330943412265444]], [[-100.87442271088145, 21.330943412265444], [-100.87441822458041, 21.33090753334718]], [[-100.87437993095206, 21.33091173674669], [-100.87441822458041, 21.33090753334718]], [[-100.87441822458041, 21.33090753334718], [-100.8744137382823, 21.3308716544285]], [[-100.87437544466295, 21.33087585782632], [-100.8744137382823, 21.3308716544285]], [[-100.8744137382823, 21.3308716544285], [-100.87440925198709, 21.33083577550939]], [[-100.87437095837676, 21.330839978905527], [-100.87440925198709, 21.33083577550939]], [[-100.87440925198709, 21.33083577550939], [-100.87440476569478, 21.330799896589856]], [[-100.87436647209347, 21.330804099984316], [-100.87440476569478, 21.330799896589856]], [[-100.87440476569478, 21.330799896589856], [-100.87440027940538, 21.330764017669896]], [[-100.8743619858131, 21.330768221062677], [-100.87440027940538, 21.330764017669896]], [[-100.8746604889918, 21.33284499432489], [-100.87465600253684, 21.33280911542915]], [[-100.8746604889918, 21.33284499432489], [-100.87469878310434, 21.33284079082601]], [[-100.87469878310434, 21.33284079082601], [-100.87469429664036, 21.33280491193197]], [[-100.87465600253684, 21.33280911542915], [-100.87469429664036, 21.33280491193197]], [[-100.87469429664036, 21.33280491193197], [-100.87468981017928, 21.332769033037486]], [[-100.87465151608478, 21.332773236532997], [-100.87468981017928, 21.332769033037486]], [[-100.87468981017928, 21.332769033037486], [-100.87468532372111, 21.33273315414259]], [[-100.87464702963564, 21.33273735763642], [-100.87468532372111, 21.33273315414259]], [[-100.87468532372111, 21.33273315414259], [-100.87468083726584, 21.33269727524727]], [[-100.87464254318938, 21.332701478739416], [-100.87468083726584, 21.33269727524727]], [[-100.87468083726584, 21.33269727524727], [-100.87467635081347, 21.33266139635152]], [[-100.87463805674605, 21.332665599841988], [-100.87467635081347, 21.33266139635152]], [[-100.87467635081347, 21.33266139635152], [-100.87467186436402, 21.332625517455345]], [[-100.87463357030562, 21.33262972094413], [-100.87467186436402, 21.332625517455345]], [[-100.87467186436402, 21.332625517455345], [-100.87466737791746, 21.332589638558748]], [[-100.87462908386807, 21.332593842045853], [-100.87466737791746, 21.332589638558748]], [[-100.87466737791746, 21.332589638558748], [-100.87466289147383, 21.332553759661728]], [[-100.87462459743345, 21.332557963147142], [-100.87466289147383, 21.332553759661728]], [[-100.87466289147383, 21.332553759661728], [-100.87465840503309, 21.332517880764275]], [[-100.87462011100172, 21.332522084248023], [-100.87465840503309, 21.332517880764275]], [[-100.87465840503309, 21.332517880764275], [-100.87465391859524, 21.3324820018664]], [[-100.87461562457291, 21.332486205348463], [-100.87465391859524, 21.3324820018664]], [[-100.87465391859524, 21.3324820018664], [-100.87464943216033, 21.3324461229681]], [[-100.874611138147, 21.33245032644848], [-100.87464943216033, 21.3324461229681]], [[-100.87464943216033, 21.3324461229681], [-100.87464494572828, 21.332410244069383]], [[-100.874606651724, 21.33241444754808], [-100.87464494572828, 21.332410244069383]], [[-100.87464494572828, 21.332410244069383], [-100.87464045929917, 21.332374365170235]], [[-100.87460216530388, 21.332378568647247], [-100.87464045929917, 21.332374365170235]], [[-100.87464045929917, 21.332374365170235], [-100.87463597287294, 21.332338486270658]], [[-100.87459767888669, 21.33234268974599], [-100.87463597287294, 21.332338486270658]], [[-100.87463597287294, 21.332338486270658], [-100.87463148644963, 21.332302607370657]], [[-100.87459319247239, 21.332306810844308], [-100.87463148644963, 21.332302607370657]], [[-100.87463148644963, 21.332302607370657], [-100.87462700002922, 21.332266728470238]], [[-100.874588706061, 21.3322709319422], [-100.87462700002922, 21.332266728470238]], [[-100.87462700002922, 21.332266728470238], [-100.87462251361171, 21.332230849569385]], [[-100.87458421965252, 21.332235053039675], [-100.87462251361171, 21.332230849569385]], [[-100.87462251361171, 21.332230849569385], [-100.87461802719712, 21.332194970668116]], [[-100.87457973324693, 21.33219917413671], [-100.87461802719712, 21.332194970668116]], [[-100.87461802719712, 21.332194970668116], [-100.87461354078542, 21.33215909176641]], [[-100.87457524684426, 21.33216329523334], [-100.87461354078542, 21.33215909176641]], [[-100.87461354078542, 21.33215909176641], [-100.87460905437662, 21.33212321286429]], [[-100.8745707604445, 21.332127416329527], [-100.87460905437662, 21.33212321286429]], [[-100.87460905437662, 21.33212321286429], [-100.87460456797074, 21.332087333961738]], [[-100.87456627404762, 21.332091537425296], [-100.87460456797074, 21.332087333961738]], [[-100.87460456797074, 21.332087333961738], [-100.87460008156776, 21.332051455058757]], [[-100.87456178765366, 21.33205565852064], [-100.87460008156776, 21.332051455058757]], [[-100.87460008156776, 21.332051455058757], [-100.87459559516768, 21.332015576155364]], [[-100.8745573012626, 21.332019779615557], [-100.87459559516768, 21.332015576155364]], [[-100.87459559516768, 21.332015576155364], [-100.8745911087705, 21.331979697251533]], [[-100.87455281487445, 21.331983900710053], [-100.8745911087705, 21.331979697251533]], [[-100.8745911087705, 21.331979697251533], [-100.87458662237623, 21.331943818347288]], [[-100.87454832848921, 21.331948021804116], [-100.87458662237623, 21.331943818347288]], [[-100.87458662237623, 21.331943818347288], [-100.87458213598487, 21.331907939442612]], [[-100.87454384210686, 21.331912142897764], [-100.87458213598487, 21.331907939442612]], [[-100.87458213598487, 21.331907939442612], [-100.87457764959642, 21.331872060537506]], [[-100.87453935572742, 21.331876263990978], [-100.87457764959642, 21.331872060537506]], [[-100.87457764959642, 21.331872060537506], [-100.87457316321085, 21.331836181631978]], [[-100.87453486935088, 21.331840385083776], [-100.87457316321085, 21.331836181631978]], [[-100.87457316321085, 21.331836181631978], [-100.8745686768282, 21.331800302726037]], [[-100.87453038297726, 21.33180450617614], [-100.8745686768282, 21.331800302726037]], [[-100.8745686768282, 21.331800302726037], [-100.87456419044847, 21.331764423819656]], [[-100.87452589660653, 21.331768627268087], [-100.87456419044847, 21.331764423819656]], [[-100.87456419044847, 21.331764423819656], [-100.87455970407161, 21.33172854491286]], [[-100.8745214102387, 21.331732748359602], [-100.87455970407161, 21.33172854491286]], [[-100.87455970407161, 21.33172854491286], [-100.87455521769768, 21.331692666005633]], [[-100.87451692387378, 21.331696869450695], [-100.87455521769768, 21.331692666005633]], [[-100.87455521769768, 21.331692666005633], [-100.87455073132665, 21.331656787097987]], [[-100.87451243751177, 21.331660990541362], [-100.87455073132665, 21.331656787097987]], [[-100.87455073132665, 21.331656787097987], [-100.87454624495852, 21.3316209081899]], [[-100.87450795115265, 21.331625111631606], [-100.87454624495852, 21.3316209081899]], [[-100.87454624495852, 21.3316209081899], [-100.8745417585933, 21.331585029281406]], [[-100.87450346479646, 21.33158923272142], [-100.8745417585933, 21.331585029281406]], [[-100.8745417585933, 21.331585029281406], [-100.87453727223098, 21.331549150372478]], [[-100.87449897844316, 21.331553353810822], [-100.87453727223098, 21.331549150372478]], [[-100.87453727223098, 21.331549150372478], [-100.87453278587157, 21.331513271463123]], [[-100.87449449209277, 21.331517474899783], [-100.87453278587157, 21.331513271463123]], [[-100.87453278587157, 21.331513271463123], [-100.87452829951505, 21.331477392553346]], [[-100.87449000574529, 21.331481595988322], [-100.87452829951505, 21.331477392553346]], [[-100.87452829951505, 21.331477392553346], [-100.87452381316145, 21.33144151364315]], [[-100.8744855194007, 21.33144571707644], [-100.87452381316145, 21.33144151364315]], [[-100.87452381316145, 21.33144151364315], [-100.87451932681076, 21.331405634732516]], [[-100.87448103305901, 21.331409838164134], [-100.87451932681076, 21.331405634732516]], [[-100.87451932681076, 21.331405634732516], [-100.87451484046295, 21.331369755821466]], [[-100.87447654672023, 21.331373959251398], [-100.87451484046295, 21.331369755821466]], [[-100.87451484046295, 21.331369755821466], [-100.87451035411806, 21.331333876909987]], [[-100.87447206038435, 21.33133808033824], [-100.87451035411806, 21.331333876909987]], [[-100.87451035411806, 21.331333876909987], [-100.87450586777607, 21.33129799799809]], [[-100.87446757405138, 21.331302201424656], [-100.87450586777607, 21.33129799799809]], [[-100.87450586777607, 21.33129799799809], [-100.87450138143699, 21.33126211908576]], [[-100.87446308772132, 21.331266322510643], [-100.87450138143699, 21.33126211908576]], [[-100.87450138143699, 21.33126211908576], [-100.8744968951008, 21.33122624017301]], [[-100.87445860139417, 21.331230443596215], [-100.8744968951008, 21.33122624017301]], [[-100.8744968951008, 21.33122624017301], [-100.87449240876754, 21.331190361259832]], [[-100.87445411506991, 21.331194564681354], [-100.87449240876754, 21.331190361259832]], [[-100.87449240876754, 21.331190361259832], [-100.87448792243715, 21.331154482346225]], [[-100.87444962874855, 21.331158685766077], [-100.87448792243715, 21.331154482346225]], [[-100.87448792243715, 21.331154482346225], [-100.8744834361097, 21.331118603432206]], [[-100.87444514243012, 21.331122806850363], [-100.8744834361097, 21.331118603432206]], [[-100.8744834361097, 21.331118603432206], [-100.87447894978513, 21.331082724517753]], [[-100.87444065611457, 21.33108692793423], [-100.87447894978513, 21.331082724517753]], [[-100.87447894978513, 21.331082724517753], [-100.87447446346347, 21.331046845602874]], [[-100.87443616980194, 21.331051049017667], [-100.87447446346347, 21.331046845602874]], [[-100.87447446346347, 21.331046845602874], [-100.87446997714473, 21.331010966687565]], [[-100.87443168349219, 21.331015170100688], [-100.87446997714473, 21.331010966687565]], [[-100.87446997714473, 21.331010966687565], [-100.87446549082887, 21.330975087771836]], [[-100.87442719718537, 21.33097929118328], [-100.87446549082887, 21.330975087771836]], [[-100.87446549082887, 21.330975087771836], [-100.87446100451594, 21.330939208855686]], [[-100.87442271088145, 21.330943412265444], [-100.87446100451594, 21.330939208855686]], [[-100.87446100451594, 21.330939208855686], [-100.87445651820589, 21.33090332993911]], [[-100.87441822458041, 21.33090753334718], [-100.87445651820589, 21.33090332993911]], [[-100.87445651820589, 21.33090332993911], [-100.87445203189876, 21.330867451022105]], [[-100.8744137382823, 21.3308716544285], [-100.87445203189876, 21.330867451022105]], [[-100.87445203189876, 21.330867451022105], [-100.87444754559452, 21.33083157210468]], [[-100.87440925198709, 21.33083577550939], [-100.87444754559452, 21.33083157210468]], [[-100.87444754559452, 21.33083157210468], [-100.8744430592932, 21.33079569318683]], [[-100.87440476569478, 21.330799896589856], [-100.8744430592932, 21.33079569318683]], [[-100.8744430592932, 21.33079569318683], [-100.87443857299476, 21.33075981426855]], [[-100.87440027940538, 21.330764017669896], [-100.87443857299476, 21.33075981426855]], [[-100.87470326957121, 21.33287666971963], [-100.87469878310434, 21.33284079082601]], [[-100.87470326957121, 21.33287666971963], [-100.87474156368988, 21.332872466210507]], [[-100.87474156368988, 21.332872466210507], [-100.87473707721396, 21.332836587318564]], [[-100.87469878310434, 21.33284079082601], [-100.87473707721396, 21.332836587318564]], [[-100.87473707721396, 21.332836587318564], [-100.87473259074096, 21.3328007084262]], [[-100.87469429664036, 21.33280491193197], [-100.87473259074096, 21.3328007084262]], [[-100.87473259074096, 21.3328007084262], [-100.87472810427087, 21.33276482953341]], [[-100.87468981017928, 21.332769033037486], [-100.87472810427087, 21.33276482953341]], [[-100.87472810427087, 21.33276482953341], [-100.87472361780368, 21.33272895064019]], [[-100.87468532372111, 21.33273315414259], [-100.87472361780368, 21.33272895064019]], [[-100.87472361780368, 21.33272895064019], [-100.87471913133939, 21.33269307174655]], [[-100.87468083726584, 21.33269727524727], [-100.87471913133939, 21.33269307174655]], [[-100.87471913133939, 21.33269307174655], [-100.87471464487803, 21.332657192852484]], [[-100.87467635081347, 21.33266139635152], [-100.87471464487803, 21.332657192852484]], [[-100.87471464487803, 21.332657192852484], [-100.87471015841955, 21.332621313957993]], [[-100.87467186436402, 21.332625517455345], [-100.87471015841955, 21.332621313957993]], [[-100.87471015841955, 21.332621313957993], [-100.87470567196397, 21.332585435063073]], [[-100.87466737791746, 21.332589638558748], [-100.87470567196397, 21.332585435063073]], [[-100.87470567196397, 21.332585435063073], [-100.8747011855113, 21.33254955616773]], [[-100.87466289147383, 21.332553759661728], [-100.8747011855113, 21.33254955616773]], [[-100.8747011855113, 21.33254955616773], [-100.87469669906153, 21.332513677271965]], [[-100.87465840503309, 21.332517880764275], [-100.87469669906153, 21.332513677271965]], [[-100.87469669906153, 21.332513677271965], [-100.87469221261468, 21.332477798375773]], [[-100.87465391859524, 21.3324820018664], [-100.87469221261468, 21.332477798375773]], [[-100.87469221261468, 21.332477798375773], [-100.87468772617073, 21.332441919479155]], [[-100.87464943216033, 21.3324461229681], [-100.87468772617073, 21.332441919479155]], [[-100.87468772617073, 21.332441919479155], [-100.87468323972968, 21.33240604058211]], [[-100.87464494572828, 21.332410244069383], [-100.87468323972968, 21.33240604058211]], [[-100.87468323972968, 21.33240604058211], [-100.87467875329153, 21.33237016168465]], [[-100.87464045929917, 21.332374365170235], [-100.87467875329153, 21.33237016168465]], [[-100.87467875329153, 21.33237016168465], [-100.87467426685629, 21.33233428278675]], [[-100.87463597287294, 21.332338486270658], [-100.87467426685629, 21.33233428278675]], [[-100.87467426685629, 21.33233428278675], [-100.87466978042396, 21.33229840388844]], [[-100.87463148644963, 21.332302607370657], [-100.87466978042396, 21.33229840388844]], [[-100.87466978042396, 21.33229840388844], [-100.87466529399452, 21.332262524989694]], [[-100.87462700002922, 21.332266728470238], [-100.87466529399452, 21.332262524989694]], [[-100.87466529399452, 21.332262524989694], [-100.874660807568, 21.332226646090525]], [[-100.87462251361171, 21.332230849569385], [-100.874660807568, 21.332226646090525]], [[-100.874660807568, 21.332226646090525], [-100.87465632114439, 21.33219076719093]], [[-100.87461802719712, 21.332194970668116], [-100.87465632114439, 21.33219076719093]], [[-100.87465632114439, 21.33219076719093], [-100.87465183472366, 21.332154888290916]], [[-100.87461354078542, 21.33215909176641], [-100.87465183472366, 21.332154888290916]], [[-100.87465183472366, 21.332154888290916], [-100.87464734830586, 21.33211900939047]], [[-100.87460905437662, 21.33212321286429], [-100.87464734830586, 21.33211900939047]], [[-100.87464734830586, 21.33211900939047], [-100.87464286189095, 21.332083130489604]], [[-100.87460456797074, 21.332087333961738], [-100.87464286189095, 21.332083130489604]], [[-100.87464286189095, 21.332083130489604], [-100.87463837547895, 21.332047251588307]], [[-100.87460008156776, 21.332051455058757], [-100.87463837547895, 21.332047251588307]], [[-100.87463837547895, 21.332047251588307], [-100.87463388906986, 21.332011372686587]], [[-100.87459559516768, 21.332015576155364], [-100.87463388906986, 21.332011372686587]], [[-100.87463388906986, 21.332011372686587], [-100.87462940266366, 21.33197549378445]], [[-100.8745911087705, 21.331979697251533], [-100.87462940266366, 21.33197549378445]], [[-100.87462940266366, 21.33197549378445], [-100.87462491626036, 21.331939614881872]], [[-100.87458662237623, 21.331943818347288], [-100.87462491626036, 21.331939614881872]], [[-100.87462491626036, 21.331939614881872], [-100.87462042985999, 21.33190373597888]], [[-100.87458213598487, 21.331907939442612], [-100.87462042985999, 21.33190373597888]], [[-100.87462042985999, 21.33190373597888], [-100.8746159434625, 21.331867857075466]], [[-100.87457764959642, 21.331872060537506], [-100.8746159434625, 21.331867857075466]], [[-100.8746159434625, 21.331867857075466], [-100.87461145706793, 21.33183197817162]], [[-100.87457316321085, 21.331836181631978], [-100.87461145706793, 21.33183197817162]], [[-100.87461145706793, 21.33183197817162], [-100.87460697067625, 21.33179609926735]], [[-100.8745686768282, 21.331800302726037], [-100.87460697067625, 21.33179609926735]], [[-100.87460697067625, 21.33179609926735], [-100.8746024842875, 21.331760220362654]], [[-100.87456419044847, 21.331764423819656], [-100.8746024842875, 21.331760220362654]], [[-100.8746024842875, 21.331760220362654], [-100.87459799790163, 21.331724341457537]], [[-100.87455970407161, 21.33172854491286], [-100.87459799790163, 21.331724341457537]], [[-100.87459799790163, 21.331724341457537], [-100.87459351151868, 21.331688462551995]], [[-100.87455521769768, 21.331692666005633], [-100.87459351151868, 21.331688462551995]], [[-100.87459351151868, 21.331688462551995], [-100.87458902513862, 21.33165258364602]], [[-100.87455073132665, 21.331656787097987], [-100.87458902513862, 21.33165258364602]], [[-100.87458902513862, 21.33165258364602], [-100.87458453876148, 21.33161670473963]], [[-100.87454624495852, 21.3316209081899], [-100.87458453876148, 21.33161670473963]], [[-100.87458453876148, 21.33161670473963], [-100.87458005238723, 21.331580825832805]], [[-100.8745417585933, 21.331585029281406], [-100.87458005238723, 21.331580825832805]], [[-100.87458005238723, 21.331580825832805], [-100.87457556601589, 21.331544946925565]], [[-100.87453727223098, 21.331549150372478], [-100.87457556601589, 21.331544946925565]], [[-100.87457556601589, 21.331544946925565], [-100.87457107964745, 21.331509068017894]], [[-100.87453278587157, 21.331513271463123], [-100.87457107964745, 21.331509068017894]], [[-100.87457107964745, 21.331509068017894], [-100.87456659328193, 21.3314731891098]], [[-100.87452829951505, 21.331477392553346], [-100.87456659328193, 21.3314731891098]], [[-100.87456659328193, 21.3314731891098], [-100.8745621069193, 21.331437310201277]], [[-100.87452381316145, 21.33144151364315], [-100.8745621069193, 21.331437310201277]], [[-100.8745621069193, 21.331437310201277], [-100.87455762055957, 21.331401431292335]], [[-100.87451932681076, 21.331405634732516], [-100.87455762055957, 21.331401431292335]], [[-100.87455762055957, 21.331401431292335], [-100.87455313420277, 21.331365552382962]], [[-100.87451484046295, 21.331369755821466], [-100.87455313420277, 21.331365552382962]], [[-100.87455313420277, 21.331365552382962], [-100.87454864784885, 21.33132967347317]], [[-100.87451035411806, 21.331333876909987], [-100.87454864784885, 21.33132967347317]], [[-100.87454864784885, 21.33132967347317], [-100.87454416149784, 21.331293794562942]], [[-100.87450586777607, 21.33129799799809], [-100.87454416149784, 21.331293794562942]], [[-100.87454416149784, 21.331293794562942], [-100.87453967514975, 21.331257915652298]], [[-100.87450138143699, 21.33126211908576], [-100.87453967514975, 21.331257915652298]], [[-100.87453967514975, 21.331257915652298], [-100.87453518880453, 21.331222036741227]], [[-100.8744968951008, 21.33122624017301], [-100.87453518880453, 21.331222036741227]], [[-100.87453518880453, 21.331222036741227], [-100.87453070246225, 21.331186157829727]], [[-100.87449240876754, 21.331190361259832], [-100.87453070246225, 21.331186157829727]], [[-100.87453070246225, 21.331186157829727], [-100.87452621612286, 21.331150278917814]], [[-100.87448792243715, 21.331154482346225], [-100.87452621612286, 21.331150278917814]], [[-100.87452621612286, 21.331150278917814], [-100.87452172978638, 21.331114400005468]], [[-100.8744834361097, 21.331118603432206], [-100.87452172978638, 21.331114400005468]], [[-100.87452172978638, 21.331114400005468], [-100.8745172434528, 21.331078521092696]], [[-100.87447894978513, 21.331082724517753], [-100.8745172434528, 21.331078521092696]], [[-100.8745172434528, 21.331078521092696], [-100.87451275712212, 21.331042642179497]], [[-100.87447446346347, 21.331046845602874], [-100.87451275712212, 21.331042642179497]], [[-100.87451275712212, 21.331042642179497], [-100.87450827079435, 21.33100676326588]], [[-100.87446997714473, 21.331010966687565], [-100.87450827079435, 21.33100676326588]], [[-100.87450827079435, 21.33100676326588], [-100.87450378446947, 21.330970884351828]], [[-100.87446549082887, 21.330975087771836], [-100.87450378446947, 21.330970884351828]], [[-100.87450378446947, 21.330970884351828], [-100.87449929814751, 21.330935005437365]], [[-100.87446100451594, 21.330939208855686], [-100.87449929814751, 21.330935005437365]], [[-100.87449929814751, 21.330935005437365], [-100.87449481182844, 21.33089912652246]], [[-100.87445651820589, 21.33090332993911], [-100.87449481182844, 21.33089912652246]], [[-100.87449481182844, 21.33089912652246], [-100.8744903255123, 21.33086324760714]], [[-100.87445203189876, 21.330867451022105], [-100.8744903255123, 21.33086324760714]], [[-100.8744903255123, 21.33086324760714], [-100.87448583919904, 21.330827368691395]], [[-100.87444754559452, 21.33083157210468], [-100.87448583919904, 21.330827368691395]], [[-100.87448583919904, 21.330827368691395], [-100.8744813528887, 21.33079148977523]], [[-100.8744430592932, 21.33079569318683], [-100.8744813528887, 21.33079148977523]], [[-100.8744813528887, 21.33079148977523], [-100.87447686658126, 21.330755610858628]], [[-100.87443857299476, 21.33075981426855], [-100.87447686658126, 21.330755610858628]], [[-100.87474156368988, 21.332872466210507], [-100.87477985780562, 21.332868262692806]], [[-100.87477985780562, 21.332868262692806], [-100.8747753713207, 21.332832383802543]], [[-100.87473707721396, 21.332836587318564], [-100.8747753713207, 21.332832383802543]], [[-100.8747753713207, 21.332832383802543], [-100.87477088483867, 21.332796504911858]], [[-100.87473259074096, 21.3328007084262], [-100.87477088483867, 21.332796504911858]], [[-100.87477088483867, 21.332796504911858], [-100.87476639835957, 21.33276062602075]], [[-100.87472810427087, 21.33276482953341], [-100.87476639835957, 21.33276062602075]], [[-100.87476639835957, 21.33276062602075], [-100.87476191188335, 21.332724747129223]], [[-100.87472361780368, 21.33272895064019], [-100.87476191188335, 21.332724747129223]], [[-100.87476191188335, 21.332724747129223], [-100.87475742541004, 21.332688868237256]], [[-100.87471913133939, 21.33269307174655], [-100.87475742541004, 21.332688868237256]], [[-100.87475742541004, 21.332688868237256], [-100.87475293893965, 21.332652989344865]], [[-100.87471464487803, 21.332657192852484], [-100.87475293893965, 21.332652989344865]], [[-100.87475293893965, 21.332652989344865], [-100.87474845247215, 21.33261711045206]], [[-100.87471015841955, 21.332621313957993], [-100.87474845247215, 21.33261711045206]], [[-100.87474845247215, 21.33261711045206], [-100.87474396600756, 21.33258123155883]], [[-100.87470567196397, 21.332585435063073], [-100.87474396600756, 21.33258123155883]], [[-100.87474396600756, 21.33258123155883], [-100.87473947954587, 21.332545352665168]], [[-100.8747011855113, 21.33254955616773], [-100.87473947954587, 21.332545352665168]], [[-100.87473947954587, 21.332545352665168], [-100.87473499308709, 21.332509473771083]], [[-100.87469669906153, 21.332513677271965], [-100.87473499308709, 21.332509473771083]], [[-100.87473499308709, 21.332509473771083], [-100.87473050663121, 21.33247359487657]], [[-100.87469221261468, 21.332477798375773], [-100.87473050663121, 21.33247359487657]], [[-100.87473050663121, 21.33247359487657], [-100.87472602017823, 21.33243771598163]], [[-100.87468772617073, 21.332441919479155], [-100.87472602017823, 21.33243771598163]], [[-100.87472602017823, 21.33243771598163], [-100.87472153372816, 21.332401837086273]], [[-100.87468323972968, 21.33240604058211], [-100.87472153372816, 21.332401837086273]], [[-100.87472153372816, 21.332401837086273], [-100.87471704728101, 21.33236595819049]], [[-100.87467875329153, 21.33237016168465], [-100.87471704728101, 21.33236595819049]], [[-100.87471704728101, 21.33236595819049], [-100.87471256083674, 21.332330079294277]], [[-100.87467426685629, 21.33233428278675], [-100.87471256083674, 21.332330079294277]], [[-100.87471256083674, 21.332330079294277], [-100.87470807439539, 21.332294200397637]], [[-100.87466978042396, 21.33229840388844], [-100.87470807439539, 21.332294200397637]], [[-100.87470807439539, 21.332294200397637], [-100.87470358795694, 21.33225832150058]], [[-100.87466529399452, 21.332262524989694], [-100.87470358795694, 21.33225832150058]], [[-100.87470358795694, 21.33225832150058], [-100.87469910152139, 21.332222442603094]], [[-100.874660807568, 21.332226646090525], [-100.87469910152139, 21.332222442603094]], [[-100.87469910152139, 21.332222442603094], [-100.87469461508876, 21.332186563705186]], [[-100.87465632114439, 21.33219076719093], [-100.87469461508876, 21.332186563705186]], [[-100.87469461508876, 21.332186563705186], [-100.87469012865901, 21.332150684806845]], [[-100.87465183472366, 21.332154888290916], [-100.87469012865901, 21.332150684806845]], [[-100.87469012865901, 21.332150684806845], [-100.87468564223218, 21.332114805908084]], [[-100.87464734830586, 21.33211900939047], [-100.87468564223218, 21.332114805908084]], [[-100.87468564223218, 21.332114805908084], [-100.87468115580826, 21.332078927008894]], [[-100.87464286189095, 21.332083130489604], [-100.87468115580826, 21.332078927008894]], [[-100.87468115580826, 21.332078927008894], [-100.87467666938724, 21.332043048109288]], [[-100.87463837547895, 21.332047251588307], [-100.87467666938724, 21.332043048109288]], [[-100.87467666938724, 21.332043048109288], [-100.87467218296912, 21.33200716920925]], [[-100.87463388906986, 21.332011372686587], [-100.87467218296912, 21.33200716920925]], [[-100.87467218296912, 21.33200716920925], [-100.87466769655391, 21.331971290308783]], [[-100.87462940266366, 21.33197549378445], [-100.87466769655391, 21.331971290308783]], [[-100.87466769655391, 21.331971290308783], [-100.87466321014159, 21.3319354114079]], [[-100.87462491626036, 21.331939614881872], [-100.87466321014159, 21.3319354114079]], [[-100.87466321014159, 21.3319354114079], [-100.87465872373218, 21.33189953250658]], [[-100.87462042985999, 21.33190373597888], [-100.87465872373218, 21.33189953250658]], [[-100.87465872373218, 21.33189953250658], [-100.87465423732569, 21.33186365360484]], [[-100.8746159434625, 21.331867857075466], [-100.87465423732569, 21.33186365360484]], [[-100.87465423732569, 21.33186365360484], [-100.8746497509221, 21.331827774702674]], [[-100.87461145706793, 21.33183197817162], [-100.8746497509221, 21.331827774702674]], [[-100.8746497509221, 21.331827774702674], [-100.8746452645214, 21.331791895800098]], [[-100.87460697067625, 21.33179609926735], [-100.8746452645214, 21.331791895800098]], [[-100.8746452645214, 21.331791895800098], [-100.87464077812362, 21.331756016897085]], [[-100.8746024842875, 21.331760220362654], [-100.87464077812362, 21.331756016897085]], [[-100.87464077812362, 21.331756016897085], [-100.87463629172873, 21.331720137993642]], [[-100.87459799790163, 21.331724341457537], [-100.87463629172873, 21.331720137993642]], [[-100.87463629172873, 21.331720137993642], [-100.87463180533676, 21.33168425908978]], [[-100.87459351151868, 21.331688462551995], [-100.87463180533676, 21.33168425908978]], [[-100.87463180533676, 21.33168425908978], [-100.87462731894769, 21.331648380185495]], [[-100.87458902513862, 21.33165258364602], [-100.87462731894769, 21.331648380185495]], [[-100.87462731894769, 21.331648380185495], [-100.87462283256153, 21.33161250128078]], [[-100.87458453876148, 21.33161670473963], [-100.87462283256153, 21.33161250128078]], [[-100.87462283256153, 21.33161250128078], [-100.87461834617827, 21.331576622375643]], [[-100.87458005238723, 21.331580825832805], [-100.87461834617827, 21.331576622375643]], [[-100.87461834617827, 21.331576622375643], [-100.8746138597979, 21.33154074347008]], [[-100.87457556601589, 21.331544946925565], [-100.8746138597979, 21.33154074347008]], [[-100.8746138597979, 21.33154074347008], [-100.87460937342044, 21.33150486456409]], [[-100.87457107964745, 21.331509068017894], [-100.87460937342044, 21.33150486456409]], [[-100.87460937342044, 21.33150486456409], [-100.87460488704589, 21.331468985657676]], [[-100.87456659328193, 21.3314731891098], [-100.87460488704589, 21.331468985657676]], [[-100.87460488704589, 21.331468985657676], [-100.87460040067425, 21.331433106750833]], [[-100.8745621069193, 21.331437310201277], [-100.87460040067425, 21.331433106750833]], [[-100.87460040067425, 21.331433106750833], [-100.8745959143055, 21.331397227843574]], [[-100.87455762055957, 21.331401431292335], [-100.8745959143055, 21.331397227843574]], [[-100.8745959143055, 21.331397227843574], [-100.87459142793968, 21.33136134893588]], [[-100.87455313420277, 21.331365552382962], [-100.87459142793968, 21.33136134893588]], [[-100.87459142793968, 21.33136134893588], [-100.87458694157674, 21.331325470027764]], [[-100.87454864784885, 21.33132967347317], [-100.87458694157674, 21.331325470027764]], [[-100.87458694157674, 21.331325470027764], [-100.87458245521671, 21.331289591119234]], [[-100.87454416149784, 21.331293794562942], [-100.87458245521671, 21.331289591119234]], [[-100.87458245521671, 21.331289591119234], [-100.8745779688596, 21.331253712210266]], [[-100.87453967514975, 21.331257915652298], [-100.8745779688596, 21.331253712210266]], [[-100.8745779688596, 21.331253712210266], [-100.87457348250537, 21.331217833300876]], [[-100.87453518880453, 21.331222036741227], [-100.87457348250537, 21.331217833300876]], [[-100.87457348250537, 21.331217833300876], [-100.87456899615405, 21.331181954391063]], [[-100.87453070246225, 21.331186157829727], [-100.87456899615405, 21.331181954391063]], [[-100.87456899615405, 21.331181954391063], [-100.87456450980564, 21.33114607548082]], [[-100.87452621612286, 21.331150278917814], [-100.87456450980564, 21.33114607548082]], [[-100.87456450980564, 21.33114607548082], [-100.87456002346013, 21.331110196570158]], [[-100.87452172978638, 21.331114400005468], [-100.87456002346013, 21.331110196570158]], [[-100.87456002346013, 21.331110196570158], [-100.87455553711754, 21.33107431765907]], [[-100.8745172434528, 21.331078521092696], [-100.87455553711754, 21.33107431765907]], [[-100.87455553711754, 21.33107431765907], [-100.87455105077785, 21.331038438747555]], [[-100.87451275712212, 21.331042642179497], [-100.87455105077785, 21.331038438747555]], [[-100.87455105077785, 21.331038438747555], [-100.87454656444105, 21.331002559835618]], [[-100.87450827079435, 21.33100676326588], [-100.87454656444105, 21.331002559835618]], [[-100.87454656444105, 21.331002559835618], [-100.87454207810717, 21.330966680923247]], [[-100.87450378446947, 21.330970884351828], [-100.87454207810717, 21.330966680923247]], [[-100.87454207810717, 21.330966680923247], [-100.87453759177617, 21.330930802010457]], [[-100.87449929814751, 21.330935005437365], [-100.87453759177617, 21.330930802010457]], [[-100.87453759177617, 21.330930802010457], [-100.87453310544811, 21.330894923097247]], [[-100.87449481182844, 21.33089912652246], [-100.87453310544811, 21.330894923097247]], [[-100.87453310544811, 21.330894923097247], [-100.87452861912293, 21.330859044183605]], [[-100.8744903255123, 21.33086324760714], [-100.87452861912293, 21.330859044183605]], [[-100.87452861912293, 21.330859044183605], [-100.87452413280066, 21.33082316526954]], [[-100.87448583919904, 21.330827368691395], [-100.87452413280066, 21.33082316526954]], [[-100.87452413280066, 21.33082316526954], [-100.87451964648129, 21.330787286355047]], [[-100.8744813528887, 21.33079148977523], [-100.87451964648129, 21.330787286355047]], [[-100.87451964648129, 21.330787286355047], [-100.87451516016483, 21.330751407440133]], [[-100.87447686658126, 21.330755610858628], [-100.87451516016483, 21.330751407440133]], [[-100.87478434429345, 21.332904141582638], [-100.87477985780562, 21.332868262692806]], [[-100.87478434429345, 21.332904141582638], [-100.87482263841532, 21.332899938054688]], [[-100.87482263841532, 21.332899938054688], [-100.87481815191848, 21.33286405916653]], [[-100.87477985780562, 21.332868262692806], [-100.87481815191848, 21.33286405916653]], [[-100.87481815191848, 21.33286405916653], [-100.87481366542453, 21.33282818027796]], [[-100.8747753713207, 21.332832383802543], [-100.87481366542453, 21.33282818027796]], [[-100.87481366542453, 21.33282818027796], [-100.87480917893349, 21.332792301388952]], [[-100.87477088483867, 21.332796504911858], [-100.87480917893349, 21.332792301388952]], [[-100.87480917893349, 21.332792301388952], [-100.87480469244535, 21.332756422499525]], [[-100.87476639835957, 21.33276062602075], [-100.87480469244535, 21.332756422499525]], [[-100.87480469244535, 21.332756422499525], [-100.87480020596011, 21.33272054360967]], [[-100.87476191188335, 21.332724747129223], [-100.87480020596011, 21.33272054360967]], [[-100.87480020596011, 21.33272054360967], [-100.87479571947779, 21.332684664719398]], [[-100.87475742541004, 21.332688868237256], [-100.87479571947779, 21.332684664719398]], [[-100.87479571947779, 21.332684664719398], [-100.87479123299836, 21.332648785828688]], [[-100.87475293893965, 21.332652989344865], [-100.87479123299836, 21.332648785828688]], [[-100.87479123299836, 21.332648785828688], [-100.87478674652185, 21.332612906937555]], [[-100.87474845247215, 21.33261711045206], [-100.87478674652185, 21.332612906937555]], [[-100.87478674652185, 21.332612906937555], [-100.87478226004824, 21.33257702804601]], [[-100.87474396600756, 21.33258123155883], [-100.87478226004824, 21.33257702804601]], [[-100.87478226004824, 21.33257702804601], [-100.87477777357753, 21.33254114915403]], [[-100.87473947954587, 21.332545352665168], [-100.87477777357753, 21.33254114915403]], [[-100.87477777357753, 21.33254114915403], [-100.87477328710973, 21.332505270261617]], [[-100.87473499308709, 21.332509473771083], [-100.87477328710973, 21.332505270261617]], [[-100.87477328710973, 21.332505270261617], [-100.87476880064483, 21.33246939136879]], [[-100.87473050663121, 21.33247359487657], [-100.87476880064483, 21.33246939136879]], [[-100.87476880064483, 21.33246939136879], [-100.87476431418283, 21.332433512475543]], [[-100.87472602017823, 21.33243771598163], [-100.87476431418283, 21.332433512475543]], [[-100.87476431418283, 21.332433512475543], [-100.87475982772375, 21.332397633581863]], [[-100.87472153372816, 21.332401837086273], [-100.87475982772375, 21.332397633581863]], [[-100.87475982772375, 21.332397633581863], [-100.87475534126756, 21.33236175468776]], [[-100.87471704728101, 21.33236595819049], [-100.87475534126756, 21.33236175468776]], [[-100.87475534126756, 21.33236175468776], [-100.87475085481428, 21.332325875793224]], [[-100.87471256083674, 21.332330079294277], [-100.87475085481428, 21.332325875793224]], [[-100.87475085481428, 21.332325875793224], [-100.8747463683639, 21.332289996898275]], [[-100.87470807439539, 21.332294200397637], [-100.8747463683639, 21.332289996898275]], [[-100.8747463683639, 21.332289996898275], [-100.87474188191644, 21.33225411800289]], [[-100.87470358795694, 21.33225832150058], [-100.87474188191644, 21.33225411800289]], [[-100.87474188191644, 21.33225411800289], [-100.87473739547187, 21.332218239107085]], [[-100.87469910152139, 21.332222442603094], [-100.87473739547187, 21.332218239107085]], [[-100.87473739547187, 21.332218239107085], [-100.8747329090302, 21.332182360210858]], [[-100.87469461508876, 21.332186563705186], [-100.8747329090302, 21.332182360210858]], [[-100.8747329090302, 21.332182360210858], [-100.87472842259145, 21.332146481314197]], [[-100.87469012865901, 21.332150684806845], [-100.87472842259145, 21.332146481314197]], [[-100.87472842259145, 21.332146481314197], [-100.8747239361556, 21.33211060241712]], [[-100.87468564223218, 21.332114805908084], [-100.8747239361556, 21.33211060241712]], [[-100.8747239361556, 21.33211060241712], [-100.87471944972265, 21.332074723519618]], [[-100.87468115580826, 21.332078927008894], [-100.87471944972265, 21.332074723519618]], [[-100.87471944972265, 21.332074723519618], [-100.8747149632926, 21.33203884462168]], [[-100.87467666938724, 21.332043048109288], [-100.8747149632926, 21.33203884462168]], [[-100.8747149632926, 21.33203884462168], [-100.87471047686549, 21.332002965723326]], [[-100.87467218296912, 21.33200716920925], [-100.87471047686549, 21.332002965723326]], [[-100.87471047686549, 21.332002965723326], [-100.87470599044124, 21.331967086824548]], [[-100.87466769655391, 21.331971290308783], [-100.87470599044124, 21.331967086824548]], [[-100.87470599044124, 21.331967086824548], [-100.87470150401991, 21.33193120792534]], [[-100.87466321014159, 21.3319354114079], [-100.87470150401991, 21.33193120792534]], [[-100.87470150401991, 21.33193120792534], [-100.87469701760149, 21.331895329025716]], [[-100.87465872373218, 21.33189953250658], [-100.87469701760149, 21.331895329025716]], [[-100.87469701760149, 21.331895329025716], [-100.87469253118597, 21.331859450125656]], [[-100.87465423732569, 21.33186365360484], [-100.87469253118597, 21.331859450125656]], [[-100.87469253118597, 21.331859450125656], [-100.87468804477335, 21.331823571225172]], [[-100.8746497509221, 21.331827774702674], [-100.87468804477335, 21.331823571225172]], [[-100.87468804477335, 21.331823571225172], [-100.87468355836364, 21.33178769232427]], [[-100.8746452645214, 21.331791895800098], [-100.87468355836364, 21.33178769232427]], [[-100.87468355836364, 21.33178769232427], [-100.87467907195685, 21.331751813422937]], [[-100.87464077812362, 21.331756016897085], [-100.87467907195685, 21.331751813422937]], [[-100.87467907195685, 21.331751813422937], [-100.87467458555294, 21.33171593452118]], [[-100.87463629172873, 21.331720137993642], [-100.87467458555294, 21.33171593452118]], [[-100.87467458555294, 21.33171593452118], [-100.87467009915196, 21.331680055618992]], [[-100.87463180533676, 21.33168425908978], [-100.87467009915196, 21.331680055618992]], [[-100.87467009915196, 21.331680055618992], [-100.87466561275386, 21.33164417671639]], [[-100.87462731894769, 21.331648380185495], [-100.87466561275386, 21.33164417671639]], [[-100.87466561275386, 21.33164417671639], [-100.87466112635866, 21.331608297813357]], [[-100.87462283256153, 21.33161250128078], [-100.87466112635866, 21.331608297813357]], [[-100.87466112635866, 21.331608297813357], [-100.87465663996637, 21.3315724189099]], [[-100.87461834617827, 21.331576622375643], [-100.87465663996637, 21.3315724189099]], [[-100.87465663996637, 21.3315724189099], [-100.874652153577, 21.331536540006024]], [[-100.8746138597979, 21.33154074347008], [-100.874652153577, 21.331536540006024]], [[-100.874652153577, 21.331536540006024], [-100.87464766719053, 21.331500661101714]], [[-100.87460937342044, 21.33150486456409], [-100.87464766719053, 21.331500661101714]], [[-100.87464766719053, 21.331500661101714], [-100.87464318080696, 21.33146478219698]], [[-100.87460488704589, 21.331468985657676], [-100.87464318080696, 21.33146478219698]], [[-100.87464318080696, 21.33146478219698], [-100.8746386944263, 21.331428903291823]], [[-100.87460040067425, 21.331433106750833], [-100.8746386944263, 21.331428903291823]], [[-100.8746386944263, 21.331428903291823], [-100.87463420804853, 21.33139302438624]], [[-100.8745959143055, 21.331397227843574], [-100.87463420804853, 21.33139302438624]], [[-100.87463420804853, 21.33139302438624], [-100.87462972167367, 21.33135714548023]], [[-100.87459142793968, 21.33136134893588], [-100.87462972167367, 21.33135714548023]], [[-100.87462972167367, 21.33135714548023], [-100.87462523530172, 21.331321266573806]], [[-100.87458694157674, 21.331325470027764], [-100.87462523530172, 21.331321266573806]], [[-100.87462523530172, 21.331321266573806], [-100.87462074893267, 21.33128538766694]], [[-100.87458245521671, 21.331289591119234], [-100.87462074893267, 21.33128538766694]], [[-100.87462074893267, 21.33128538766694], [-100.87461626256653, 21.33124950875966]], [[-100.8745779688596, 21.331253712210266], [-100.87461626256653, 21.33124950875966]], [[-100.87461626256653, 21.33124950875966], [-100.8746117762033, 21.331213629851952]], [[-100.87457348250537, 21.331217833300876], [-100.8746117762033, 21.331213629851952]], [[-100.8746117762033, 21.331213629851952], [-100.87460728984297, 21.331177750943816]], [[-100.87456899615405, 21.331181954391063], [-100.87460728984297, 21.331177750943816]], [[-100.87460728984297, 21.331177750943816], [-100.87460280348554, 21.331141872035264]], [[-100.87456450980564, 21.33114607548082], [-100.87460280348554, 21.331141872035264]], [[-100.87460280348554, 21.331141872035264], [-100.874598317131, 21.33110599312628]], [[-100.87456002346013, 21.331110196570158], [-100.874598317131, 21.33110599312628]], [[-100.874598317131, 21.33110599312628], [-100.8745938307794, 21.33107011421687]], [[-100.87455553711754, 21.33107431765907], [-100.8745938307794, 21.33107011421687]], [[-100.8745938307794, 21.33107011421687], [-100.87458934443067, 21.331034235307037]], [[-100.87455105077785, 21.331038438747555], [-100.87458934443067, 21.331034235307037]], [[-100.87458934443067, 21.331034235307037], [-100.87458485808487, 21.330998356396776]], [[-100.87454656444105, 21.331002559835618], [-100.87458485808487, 21.330998356396776]], [[-100.87458485808487, 21.330998356396776], [-100.87458037174196, 21.330962477486096]], [[-100.87454207810717, 21.330966680923247], [-100.87458037174196, 21.330962477486096]], [[-100.87458037174196, 21.330962477486096], [-100.87457588540195, 21.33092659857498]], [[-100.87453759177617, 21.330930802010457], [-100.87457588540195, 21.33092659857498]], [[-100.87457588540195, 21.33092659857498], [-100.87457139906485, 21.33089071966345]], [[-100.87453310544811, 21.330894923097247], [-100.87457139906485, 21.33089071966345]], [[-100.87457139906485, 21.33089071966345], [-100.87456691273066, 21.33085484075149]], [[-100.87452861912293, 21.330859044183605], [-100.87456691273066, 21.33085484075149]], [[-100.87456691273066, 21.33085484075149], [-100.87456242639936, 21.330818961839103]], [[-100.87452413280066, 21.33082316526954], [-100.87456242639936, 21.330818961839103]], [[-100.87456242639936, 21.330818961839103], [-100.87455794007099, 21.3307830829263]], [[-100.87451964648129, 21.330787286355047], [-100.87455794007099, 21.3307830829263]], [[-100.87455794007099, 21.3307830829263], [-100.8745534537455, 21.33074720401306]], [[-100.87451516016483, 21.330751407440133], [-100.8745534537455, 21.33074720401306]], [[-100.87482712491507, 21.332935816942413], [-100.87482263841532, 21.332899938054688]], [[-100.87482712491507, 21.332935816942413], [-100.87486541904305, 21.332931613404202]], [[-100.87486541904305, 21.332931613404202], [-100.87486093253429, 21.33289573451816]], [[-100.87482263841532, 21.332899938054688], [-100.87486093253429, 21.33289573451816]], [[-100.87486093253429, 21.33289573451816], [-100.8748564460284, 21.332859855631686]], [[-100.87481815191848, 21.33286405916653], [-100.8748564460284, 21.332859855631686]], [[-100.8748564460284, 21.332859855631686], [-100.87485195952544, 21.332823976744788]], [[-100.87481366542453, 21.33282818027796], [-100.87485195952544, 21.332823976744788]], [[-100.87485195952544, 21.332823976744788], [-100.87484747302538, 21.332788097857467]], [[-100.87480917893349, 21.332792301388952], [-100.87484747302538, 21.332788097857467]], [[-100.87484747302538, 21.332788097857467], [-100.87484298652822, 21.332752218969716]], [[-100.87480469244535, 21.332756422499525], [-100.87484298652822, 21.332752218969716]], [[-100.87484298652822, 21.332752218969716], [-100.87483850003397, 21.33271634008155]], [[-100.87480020596011, 21.33272054360967], [-100.87483850003397, 21.33271634008155]], [[-100.87483850003397, 21.33271634008155], [-100.87483401354262, 21.33268046119295]], [[-100.87479571947779, 21.332684664719398], [-100.87483401354262, 21.33268046119295]], [[-100.87483401354262, 21.33268046119295], [-100.87482952705419, 21.332644582303935]], [[-100.87479123299836, 21.332648785828688], [-100.87482952705419, 21.332644582303935]], [[-100.87482952705419, 21.332644582303935], [-100.87482504056864, 21.332608703414483]], [[-100.87478674652185, 21.332612906937555], [-100.87482504056864, 21.332608703414483]], [[-100.87482504056864, 21.332608703414483], [-100.87482055408601, 21.332572824524604]], [[-100.87478226004824, 21.33257702804601], [-100.87482055408601, 21.332572824524604]], [[-100.87482055408601, 21.332572824524604], [-100.87481606760629, 21.332536945634313]], [[-100.87477777357753, 21.33254114915403], [-100.87481606760629, 21.332536945634313]], [[-100.87481606760629, 21.332536945634313], [-100.87481158112946, 21.332501066743585]], [[-100.87477328710973, 21.332505270261617], [-100.87481158112946, 21.332501066743585]], [[-100.87481158112946, 21.332501066743585], [-100.87480709465554, 21.332465187852442]], [[-100.87476880064483, 21.33246939136879], [-100.87480709465554, 21.332465187852442]], [[-100.87480709465554, 21.332465187852442], [-100.87480260818454, 21.332429308960865]], [[-100.87476431418283, 21.332433512475543], [-100.87480260818454, 21.332429308960865]], [[-100.87480260818454, 21.332429308960865], [-100.87479812171642, 21.332393430068873]], [[-100.87475982772375, 21.332397633581863], [-100.87479812171642, 21.332393430068873]], [[-100.87479812171642, 21.332393430068873], [-100.87479363525121, 21.332357551176447]], [[-100.87475534126756, 21.33236175468776], [-100.87479363525121, 21.332357551176447]], [[-100.87479363525121, 21.332357551176447], [-100.87478914878892, 21.332321672283605]], [[-100.87475085481428, 21.332325875793224], [-100.87478914878892, 21.332321672283605]], [[-100.87478914878892, 21.332321672283605], [-100.87478466232953, 21.33228579339033]], [[-100.8747463683639, 21.332289996898275], [-100.87478466232953, 21.33228579339033]], [[-100.87478466232953, 21.33228579339033], [-100.87478017587304, 21.33224991449663]], [[-100.87474188191644, 21.33225411800289], [-100.87478017587304, 21.33224991449663]], [[-100.87478017587304, 21.33224991449663], [-100.87477568941945, 21.332214035602505]], [[-100.87473739547187, 21.332218239107085], [-100.87477568941945, 21.332214035602505]], [[-100.87477568941945, 21.332214035602505], [-100.87477120296877, 21.33217815670796]], [[-100.8747329090302, 21.332182360210858], [-100.87477120296877, 21.33217815670796]], [[-100.87477120296877, 21.33217815670796], [-100.874766716521, 21.33214227781298]], [[-100.87472842259145, 21.332146481314197], [-100.874766716521, 21.33214227781298]], [[-100.874766716521, 21.33214227781298], [-100.87476223007612, 21.33210639891759]], [[-100.8747239361556, 21.33211060241712], [-100.87476223007612, 21.33210639891759]], [[-100.87476223007612, 21.33210639891759], [-100.87475774363416, 21.332070520021762]], [[-100.87471944972265, 21.332074723519618], [-100.87475774363416, 21.332070520021762]], [[-100.87475774363416, 21.332070520021762], [-100.8747532571951, 21.33203464112551]], [[-100.8747149632926, 21.33203884462168], [-100.8747532571951, 21.33203464112551]], [[-100.8747532571951, 21.33203464112551], [-100.87474877075894, 21.33199876222884]], [[-100.87471047686549, 21.332002965723326], [-100.87474877075894, 21.33199876222884]], [[-100.87474877075894, 21.33199876222884], [-100.87474428432567, 21.331962883331745]], [[-100.87470599044124, 21.331967086824548], [-100.87474428432567, 21.331962883331745]], [[-100.87474428432567, 21.331962883331745], [-100.87473979789533, 21.331927004434217]], [[-100.87470150401991, 21.33193120792534], [-100.87473979789533, 21.331927004434217]], [[-100.87473979789533, 21.331927004434217], [-100.87473531146789, 21.331891125536263]], [[-100.87469701760149, 21.331895329025716], [-100.87473531146789, 21.331891125536263]], [[-100.87473531146789, 21.331891125536263], [-100.87473082504336, 21.33185524663789]], [[-100.87469253118597, 21.331859450125656], [-100.87473082504336, 21.33185524663789]], [[-100.87473082504336, 21.33185524663789], [-100.87472633862171, 21.33181936773909]], [[-100.87468804477335, 21.331823571225172], [-100.87472633862171, 21.33181936773909]], [[-100.87472633862171, 21.33181936773909], [-100.87472185220298, 21.331783488839868]], [[-100.87468355836364, 21.33178769232427], [-100.87472185220298, 21.331783488839868]], [[-100.87472185220298, 21.331783488839868], [-100.87471736578716, 21.33174760994022]], [[-100.87467907195685, 21.331751813422937], [-100.87471736578716, 21.33174760994022]], [[-100.87471736578716, 21.33174760994022], [-100.87471287937424, 21.331711731040144]], [[-100.87467458555294, 21.33171593452118], [-100.87471287937424, 21.331711731040144]], [[-100.87471287937424, 21.331711731040144], [-100.87470839296422, 21.33167585213964]], [[-100.87467009915196, 21.331680055618992], [-100.87470839296422, 21.33167585213964]], [[-100.87470839296422, 21.33167585213964], [-100.8747039065571, 21.331639973238723]], [[-100.87466561275386, 21.33164417671639], [-100.8747039065571, 21.331639973238723]], [[-100.8747039065571, 21.331639973238723], [-100.87469942015291, 21.33160409433737]], [[-100.87466112635866, 21.331608297813357], [-100.87469942015291, 21.33160409433737]], [[-100.87469942015291, 21.33160409433737], [-100.8746949337516, 21.331568215435592]], [[-100.87465663996637, 21.3315724189099], [-100.8746949337516, 21.331568215435592]], [[-100.8746949337516, 21.331568215435592], [-100.8746904473532, 21.33153233653339]], [[-100.874652153577, 21.331536540006024], [-100.8746904473532, 21.33153233653339]], [[-100.8746904473532, 21.33153233653339], [-100.87468596095772, 21.331496457630763]], [[-100.87464766719053, 21.331500661101714], [-100.87468596095772, 21.331496457630763]], [[-100.87468596095772, 21.331496457630763], [-100.87468147456511, 21.33146057872771]], [[-100.87464318080696, 21.33146478219698], [-100.87468147456511, 21.33146057872771]], [[-100.87468147456511, 21.33146057872771], [-100.87467698817544, 21.33142469982424]], [[-100.8746386944263, 21.331428903291823], [-100.87467698817544, 21.33142469982424]], [[-100.87467698817544, 21.33142469982424], [-100.87467250178865, 21.331388820920335]], [[-100.87463420804853, 21.33139302438624], [-100.87467250178865, 21.331388820920335]], [[-100.87467250178865, 21.331388820920335], [-100.87466801540478, 21.331352942016007]], [[-100.87462972167367, 21.33135714548023], [-100.87466801540478, 21.331352942016007]], [[-100.87466801540478, 21.331352942016007], [-100.8746635290238, 21.331317063111257]], [[-100.87462523530172, 21.331321266573806], [-100.8746635290238, 21.331317063111257]], [[-100.8746635290238, 21.331317063111257], [-100.87465904264575, 21.331281184206095]], [[-100.87462074893267, 21.33128538766694], [-100.87465904264575, 21.331281184206095]], [[-100.87465904264575, 21.331281184206095], [-100.87465455627058, 21.331245305300477]], [[-100.87461626256653, 21.33124950875966], [-100.87465455627058, 21.331245305300477]], [[-100.87465455627058, 21.331245305300477], [-100.87465006989832, 21.331209426394455]], [[-100.8746117762033, 21.331213629851952], [-100.87465006989832, 21.331209426394455]], [[-100.87465006989832, 21.331209426394455], [-100.87464558352897, 21.331173547488003]], [[-100.87460728984297, 21.331177750943816], [-100.87464558352897, 21.331173547488003]], [[-100.87464558352897, 21.331173547488003], [-100.87464109716252, 21.33113766858113]], [[-100.87460280348554, 21.331141872035264], [-100.87464109716252, 21.33113766858113]], [[-100.87464109716252, 21.33113766858113], [-100.87463661079897, 21.331101789673824]], [[-100.874598317131, 21.33110599312628], [-100.87463661079897, 21.331101789673824]], [[-100.87463661079897, 21.331101789673824], [-100.87463212443834, 21.331065910766092]], [[-100.8745938307794, 21.33107011421687], [-100.87463212443834, 21.331065910766092]], [[-100.87463212443834, 21.331065910766092], [-100.8746276380806, 21.331030031857946]], [[-100.87458934443067, 21.331034235307037], [-100.8746276380806, 21.331030031857946]], [[-100.8746276380806, 21.331030031857946], [-100.87462315172577, 21.33099415294937]], [[-100.87458485808487, 21.330998356396776], [-100.87462315172577, 21.33099415294937]], [[-100.87462315172577, 21.33099415294937], [-100.87461866537384, 21.330958274040363]], [[-100.87458037174196, 21.330962477486096], [-100.87461866537384, 21.330958274040363]], [[-100.87461866537384, 21.330958274040363], [-100.87461417902482, 21.33092239513094]], [[-100.87457588540195, 21.33092659857498], [-100.87461417902482, 21.33092239513094]], [[-100.87461417902482, 21.33092239513094], [-100.8746096926787, 21.330886516221085]], [[-100.87457139906485, 21.33089071966345], [-100.8746096926787, 21.330886516221085]], [[-100.8746096926787, 21.330886516221085], [-100.8746052063355, 21.33085063731081]], [[-100.87456691273066, 21.33085484075149], [-100.8746052063355, 21.33085063731081]], [[-100.8746052063355, 21.33085063731081], [-100.87460071999519, 21.33081475840011]], [[-100.87456242639936, 21.330818961839103], [-100.87460071999519, 21.33081475840011]], [[-100.87460071999519, 21.33081475840011], [-100.87459623365777, 21.33077887948898]], [[-100.87455794007099, 21.3307830829263], [-100.87459623365777, 21.33077887948898]], [[-100.87459623365777, 21.33077887948898], [-100.87459174732328, 21.330743000577424]], [[-100.8745534537455, 21.33074720401306], [-100.87459174732328, 21.330743000577424]], [[-100.87486990555473, 21.33296749228982], [-100.87486541904305, 21.332931613404202]], [[-100.87486990555473, 21.33296749228982], [-100.87490819968883, 21.332963288741357]], [[-100.87490819968883, 21.332963288741357], [-100.87490371316812, 21.332927409857415]], [[-100.87486541904305, 21.332931613404202], [-100.87490371316812, 21.332927409857415]], [[-100.87490371316812, 21.332927409857415], [-100.87489922665034, 21.33289153097305]], [[-100.87486093253429, 21.33289573451816], [-100.87489922665034, 21.33289153097305]], [[-100.87489922665034, 21.33289153097305], [-100.87489474013545, 21.332855652088263]], [[-100.8748564460284, 21.332859855631686], [-100.87489474013545, 21.332855652088263]], [[-100.87489474013545, 21.332855652088263], [-100.87489025362346, 21.33281977320305]], [[-100.87485195952544, 21.332823976744788], [-100.87489025362346, 21.33281977320305]], [[-100.87489025362346, 21.33281977320305], [-100.87488576711438, 21.33278389431741]], [[-100.87484747302538, 21.332788097857467], [-100.87488576711438, 21.33278389431741]], [[-100.87488576711438, 21.33278389431741], [-100.87488128060821, 21.332748015431346]], [[-100.87484298652822, 21.332752218969716], [-100.87488128060821, 21.332748015431346]], [[-100.87488128060821, 21.332748015431346], [-100.87487679410494, 21.332712136544856]], [[-100.87483850003397, 21.33271634008155], [-100.87487679410494, 21.332712136544856]], [[-100.87487679410494, 21.332712136544856], [-100.87487230760456, 21.332676257657937]], [[-100.87483401354262, 21.33268046119295], [-100.87487230760456, 21.332676257657937]], [[-100.87487230760456, 21.332676257657937], [-100.8748678211071, 21.332640378770595]], [[-100.87482952705419, 21.332644582303935], [-100.8748678211071, 21.332640378770595]], [[-100.8748678211071, 21.332640378770595], [-100.87486333461254, 21.332604499882837]], [[-100.87482504056864, 21.332608703414483], [-100.87486333461254, 21.332604499882837]], [[-100.87486333461254, 21.332604499882837], [-100.8748588481209, 21.332568620994646]], [[-100.87482055408601, 21.332572824524604], [-100.8748588481209, 21.332568620994646]], [[-100.8748588481209, 21.332568620994646], [-100.87485436163215, 21.332532742106025]], [[-100.87481606760629, 21.332536945634313], [-100.87485436163215, 21.332532742106025]], [[-100.87485436163215, 21.332532742106025], [-100.8748498751463, 21.33249686321699]], [[-100.87481158112946, 21.332501066743585], [-100.8748498751463, 21.33249686321699]], [[-100.8748498751463, 21.33249686321699], [-100.87484538866336, 21.332460984327515]], [[-100.87480709465554, 21.332465187852442], [-100.87484538866336, 21.332460984327515]], [[-100.87484538866336, 21.332460984327515], [-100.87484090218334, 21.33242510543763]], [[-100.87480260818454, 21.332429308960865], [-100.87484090218334, 21.33242510543763]], [[-100.87484090218334, 21.33242510543763], [-100.8748364157062, 21.332389226547313]], [[-100.87479812171642, 21.332393430068873], [-100.8748364157062, 21.332389226547313]], [[-100.8748364157062, 21.332389226547313], [-100.87483192923196, 21.33235334765657]], [[-100.87479363525121, 21.332357551176447], [-100.87483192923196, 21.33235334765657]], [[-100.87483192923196, 21.33235334765657], [-100.87482744276065, 21.3323174687654]], [[-100.87478914878892, 21.332321672283605], [-100.87482744276065, 21.3323174687654]], [[-100.87482744276065, 21.3323174687654], [-100.87482295629225, 21.332281589873816]], [[-100.87478466232953, 21.33228579339033], [-100.87482295629225, 21.332281589873816]], [[-100.87482295629225, 21.332281589873816], [-100.87481846982674, 21.332245710981802]], [[-100.87478017587304, 21.33224991449663], [-100.87481846982674, 21.332245710981802]], [[-100.87481846982674, 21.332245710981802], [-100.87481398336412, 21.332209832089355]], [[-100.87477568941945, 21.332214035602505], [-100.87481398336412, 21.332209832089355]], [[-100.87481398336412, 21.332209832089355], [-100.87480949690442, 21.33217395319648]], [[-100.87477120296877, 21.33217815670796], [-100.87480949690442, 21.33217395319648]], [[-100.87480949690442, 21.33217395319648], [-100.87480501044763, 21.332138074303195]], [[-100.874766716521, 21.33214227781298], [-100.87480501044763, 21.332138074303195]], [[-100.87480501044763, 21.332138074303195], [-100.87480052399373, 21.332102195409476]], [[-100.87476223007612, 21.33210639891759], [-100.87480052399373, 21.332102195409476]], [[-100.87480052399373, 21.332102195409476], [-100.87479603754275, 21.332066316515338]], [[-100.87475774363416, 21.332070520021762], [-100.87479603754275, 21.332066316515338]], [[-100.87479603754275, 21.332066316515338], [-100.87479155109467, 21.33203043762077]], [[-100.8747532571951, 21.33203464112551], [-100.87479155109467, 21.33203043762077]], [[-100.87479155109467, 21.33203043762077], [-100.87478706464948, 21.331994558725775]], [[-100.87474877075894, 21.33199876222884], [-100.87478706464948, 21.331994558725775]], [[-100.87478706464948, 21.331994558725775], [-100.8747825782072, 21.331958679830358]], [[-100.87474428432567, 21.331962883331745], [-100.8747825782072, 21.331958679830358]], [[-100.8747825782072, 21.331958679830358], [-100.87477809176784, 21.331922800934517]], [[-100.87473979789533, 21.331927004434217], [-100.87477809176784, 21.331922800934517]], [[-100.87477809176784, 21.331922800934517], [-100.87477360533137, 21.331886922038247]], [[-100.87473531146789, 21.331891125536263], [-100.87477360533137, 21.331886922038247]], [[-100.87477360533137, 21.331886922038247], [-100.87476911889782, 21.331851043141558]], [[-100.87473082504336, 21.33185524663789], [-100.87476911889782, 21.331851043141558]], [[-100.87476911889782, 21.331851043141558], [-100.87476463246718, 21.331815164244436]], [[-100.87472633862171, 21.33181936773909], [-100.87476463246718, 21.331815164244436]], [[-100.87476463246718, 21.331815164244436], [-100.87476014603942, 21.33177928534689]], [[-100.87472185220298, 21.331783488839868], [-100.87476014603942, 21.33177928534689]], [[-100.87476014603942, 21.33177928534689], [-100.87475565961456, 21.33174340644892]], [[-100.87471736578716, 21.33174760994022], [-100.87475565961456, 21.33174340644892]], [[-100.87475565961456, 21.33174340644892], [-100.87475117319264, 21.33170752755053]], [[-100.87471287937424, 21.331711731040144], [-100.87475117319264, 21.33170752755053]], [[-100.87475117319264, 21.33170752755053], [-100.87474668677359, 21.331671648651714]], [[-100.87470839296422, 21.33167585213964], [-100.87474668677359, 21.331671648651714]], [[-100.87474668677359, 21.331671648651714], [-100.87474220035746, 21.331635769752467]], [[-100.8747039065571, 21.331639973238723], [-100.87474220035746, 21.331635769752467]], [[-100.87474220035746, 21.331635769752467], [-100.87473771394424, 21.331599890852797]], [[-100.87469942015291, 21.33160409433737], [-100.87473771394424, 21.331599890852797]], [[-100.87473771394424, 21.331599890852797], [-100.87473322753391, 21.331564011952707]], [[-100.8746949337516, 21.331568215435592], [-100.87473322753391, 21.331564011952707]], [[-100.87473322753391, 21.331564011952707], [-100.87472874112649, 21.33152813305219]], [[-100.8746904473532, 21.33153233653339], [-100.87472874112649, 21.33152813305219]], [[-100.87472874112649, 21.33152813305219], [-100.87472425472198, 21.331492254151236]], [[-100.87468596095772, 21.331496457630763], [-100.87472425472198, 21.331492254151236]], [[-100.87472425472198, 21.331492254151236], [-100.87471976832038, 21.33145637524988]], [[-100.87468147456511, 21.33146057872771], [-100.87471976832038, 21.33145637524988]], [[-100.87471976832038, 21.33145637524988], [-100.87471528192167, 21.33142049634808]], [[-100.87467698817544, 21.33142469982424], [-100.87471528192167, 21.33142049634808]], [[-100.87471528192167, 21.33142049634808], [-100.87471079552587, 21.331384617445856]], [[-100.87467250178865, 21.331388820920335], [-100.87471079552587, 21.331384617445856]], [[-100.87471079552587, 21.331384617445856], [-100.87470630913297, 21.331348738543216]], [[-100.87466801540478, 21.331352942016007], [-100.87470630913297, 21.331348738543216]], [[-100.87470630913297, 21.331348738543216], [-100.87470182274298, 21.331312859640146]], [[-100.8746635290238, 21.331317063111257], [-100.87470182274298, 21.331312859640146]], [[-100.87470182274298, 21.331312859640146], [-100.87469733635591, 21.33127698073665]], [[-100.87465904264575, 21.331281184206095], [-100.87469733635591, 21.33127698073665]], [[-100.87469733635591, 21.33127698073665], [-100.87469284997171, 21.33124110183273]], [[-100.87465455627058, 21.331245305300477], [-100.87469284997171, 21.33124110183273]], [[-100.87469284997171, 21.33124110183273], [-100.87468836359044, 21.331205222928386]], [[-100.87465006989832, 21.331209426394455], [-100.87468836359044, 21.331205222928386]], [[-100.87468836359044, 21.331205222928386], [-100.87468387721208, 21.331169344023618]], [[-100.87464558352897, 21.331173547488003], [-100.87468387721208, 21.331169344023618]], [[-100.87468387721208, 21.331169344023618], [-100.8746793908366, 21.33113346511842]], [[-100.87464109716252, 21.33113766858113], [-100.8746793908366, 21.33113346511842]], [[-100.8746793908366, 21.33113346511842], [-100.87467490446403, 21.331097586212795]], [[-100.87463661079897, 21.331101789673824], [-100.87467490446403, 21.331097586212795]], [[-100.87467490446403, 21.331097586212795], [-100.87467041809437, 21.33106170730675]], [[-100.87463212443834, 21.331065910766092], [-100.87467041809437, 21.33106170730675]], [[-100.87467041809437, 21.33106170730675], [-100.87466593172762, 21.33102582840028]], [[-100.8746276380806, 21.331030031857946], [-100.87466593172762, 21.33102582840028]], [[-100.87466593172762, 21.33102582840028], [-100.87466144536378, 21.33098994949339]], [[-100.87462315172577, 21.33099415294937], [-100.87466144536378, 21.33098994949339]], [[-100.87466144536378, 21.33098994949339], [-100.87465695900283, 21.33095407058606]], [[-100.87461866537384, 21.330958274040363], [-100.87465695900283, 21.33095407058606]], [[-100.87465695900283, 21.33095407058606], [-100.87465247264478, 21.330918191678318]], [[-100.87461417902482, 21.33092239513094], [-100.87465247264478, 21.330918191678318]], [[-100.87465247264478, 21.330918191678318], [-100.87464798628965, 21.330882312770147]], [[-100.8746096926787, 21.330886516221085], [-100.87464798628965, 21.330882312770147]], [[-100.87464798628965, 21.330882312770147], [-100.87464349993742, 21.330846433861552]], [[-100.8746052063355, 21.33085063731081], [-100.87464349993742, 21.330846433861552]], [[-100.87464349993742, 21.330846433861552], [-100.8746390135881, 21.330810554952528]], [[-100.87460071999519, 21.33081475840011], [-100.8746390135881, 21.330810554952528]], [[-100.8746390135881, 21.330810554952528], [-100.87463452724167, 21.33077467604309]], [[-100.87459623365777, 21.33077887948898], [-100.87463452724167, 21.33077467604309]], [[-100.87463452724167, 21.33077467604309], [-100.87463004089814, 21.330738797133215]], [[-100.87459174732328, 21.330743000577424], [-100.87463004089814, 21.330738797133215]], [[-100.87490819968883, 21.332963288741357], [-100.87494649382002, 21.332959085184317]], [[-100.87494649382002, 21.332959085184317], [-100.8749420072903, 21.332923206302066]], [[-100.87490371316812, 21.332927409857415], [-100.8749420072903, 21.332923206302066]], [[-100.8749420072903, 21.332923206302066], [-100.8749375207635, 21.332887327419375]], [[-100.87489922665034, 21.33289153097305], [-100.8749375207635, 21.332887327419375]], [[-100.8749375207635, 21.332887327419375], [-100.87493303423958, 21.332851448536275]], [[-100.87489474013545, 21.332855652088263], [-100.87493303423958, 21.332851448536275]], [[-100.87493303423958, 21.332851448536275], [-100.87492854771857, 21.332815569652738]], [[-100.87489025362346, 21.33281977320305], [-100.87492854771857, 21.332815569652738]], [[-100.87492854771857, 21.332815569652738], [-100.87492406120046, 21.332779690768778]], [[-100.87488576711438, 21.33278389431741], [-100.87492406120046, 21.332779690768778]], [[-100.87492406120046, 21.332779690768778], [-100.87491957468528, 21.33274381188439]], [[-100.87488128060821, 21.332748015431346], [-100.87491957468528, 21.33274381188439]], [[-100.87491957468528, 21.33274381188439], [-100.87491508817298, 21.33270793299959]], [[-100.87487679410494, 21.332712136544856], [-100.87491508817298, 21.33270793299959]], [[-100.87491508817298, 21.33270793299959], [-100.87491060166359, 21.332672054114358]], [[-100.87487230760456, 21.332676257657937], [-100.87491060166359, 21.332672054114358]], [[-100.87491060166359, 21.332672054114358], [-100.8749061151571, 21.332636175228693]], [[-100.8748678211071, 21.332640378770595], [-100.8749061151571, 21.332636175228693]], [[-100.8749061151571, 21.332636175228693], [-100.87490162865353, 21.332600296342612]], [[-100.87486333461254, 21.332604499882837], [-100.87490162865353, 21.332600296342612]], [[-100.87490162865353, 21.332600296342612], [-100.87489714215285, 21.33256441745611]], [[-100.8748588481209, 21.332568620994646], [-100.87489714215285, 21.33256441745611]], [[-100.87489714215285, 21.33256441745611], [-100.87489265565509, 21.332528538569168]], [[-100.87485436163215, 21.332532742106025], [-100.87489265565509, 21.332528538569168]], [[-100.87489265565509, 21.332528538569168], [-100.87488816916023, 21.332492659681805]], [[-100.8748498751463, 21.33249686321699], [-100.87488816916023, 21.332492659681805]], [[-100.87488816916023, 21.332492659681805], [-100.87488368266827, 21.33245678079403]], [[-100.87484538866336, 21.332460984327515], [-100.87488368266827, 21.33245678079403]], [[-100.87488368266827, 21.33245678079403], [-100.87487919617921, 21.332420901905813]], [[-100.87484090218334, 21.33242510543763], [-100.87487919617921, 21.332420901905813]], [[-100.87487919617921, 21.332420901905813], [-100.87487470969306, 21.332385023017178]], [[-100.8748364157062, 21.332389226547313], [-100.87487470969306, 21.332385023017178]], [[-100.87487470969306, 21.332385023017178], [-100.87487022320983, 21.332349144128116]], [[-100.87483192923196, 21.33235334765657], [-100.87487022320983, 21.332349144128116]], [[-100.87487022320983, 21.332349144128116], [-100.87486573672948, 21.33231326523864]], [[-100.87482744276065, 21.3323174687654], [-100.87486573672948, 21.33231326523864]], [[-100.87486573672948, 21.33231326523864], [-100.87486125025204, 21.33227738634873]], [[-100.87482295629225, 21.332281589873816], [-100.87486125025204, 21.33227738634873]], [[-100.87486125025204, 21.33227738634873], [-100.87485676377752, 21.33224150745839]], [[-100.87481846982674, 21.332245710981802], [-100.87485676377752, 21.33224150745839]], [[-100.87485676377752, 21.33224150745839], [-100.87485227730589, 21.332205628567625]], [[-100.87481398336412, 21.332209832089355], [-100.87485227730589, 21.332205628567625]], [[-100.87485227730589, 21.332205628567625], [-100.87484779083717, 21.332169749676446]], [[-100.87480949690442, 21.33217395319648], [-100.87484779083717, 21.332169749676446]], [[-100.87484779083717, 21.332169749676446], [-100.87484330437135, 21.332133870784837]], [[-100.87480501044763, 21.332138074303195], [-100.87484330437135, 21.332133870784837]], [[-100.87484330437135, 21.332133870784837], [-100.87483881790844, 21.3320979918928]], [[-100.87480052399373, 21.332102195409476], [-100.87483881790844, 21.3320979918928]], [[-100.87483881790844, 21.3320979918928], [-100.87483433144843, 21.332062113000337]], [[-100.87479603754275, 21.332066316515338], [-100.87483433144843, 21.332062113000337]], [[-100.87483433144843, 21.332062113000337], [-100.87482984499132, 21.33202623410745]], [[-100.87479155109467, 21.33203043762077], [-100.87482984499132, 21.33202623410745]], [[-100.87482984499132, 21.33202623410745], [-100.87482535853712, 21.33199035521414]], [[-100.87478706464948, 21.331994558725775], [-100.87482535853712, 21.33199035521414]], [[-100.87482535853712, 21.33199035521414], [-100.87482087208583, 21.331954476320405]], [[-100.8747825782072, 21.331958679830358], [-100.87482087208583, 21.331954476320405]], [[-100.87482087208583, 21.331954476320405], [-100.87481638563746, 21.331918597426238]], [[-100.87477809176784, 21.331922800934517], [-100.87481638563746, 21.331918597426238]], [[-100.87481638563746, 21.331918597426238], [-100.87481189919197, 21.331882718531656]], [[-100.87477360533137, 21.331886922038247], [-100.87481189919197, 21.331882718531656]], [[-100.87481189919197, 21.331882718531656], [-100.87480741274939, 21.331846839636643]], [[-100.87476911889782, 21.331851043141558], [-100.87480741274939, 21.331846839636643]], [[-100.87480741274939, 21.331846839636643], [-100.87480292630971, 21.33181096074121]], [[-100.87476463246718, 21.331815164244436], [-100.87480292630971, 21.33181096074121]], [[-100.87480292630971, 21.33181096074121], [-100.87479843987295, 21.33177508184535]], [[-100.87476014603942, 21.33177928534689], [-100.87479843987295, 21.33177508184535]], [[-100.87479843987295, 21.33177508184535], [-100.87479395343908, 21.33173920294906]], [[-100.87475565961456, 21.33174340644892], [-100.87479395343908, 21.33173920294906]], [[-100.87479395343908, 21.33173920294906], [-100.87478946700813, 21.331703324052345]], [[-100.87475117319264, 21.33170752755053], [-100.87478946700813, 21.331703324052345]], [[-100.87478946700813, 21.331703324052345], [-100.87478498058007, 21.331667445155208]], [[-100.87474668677359, 21.331671648651714], [-100.87478498058007, 21.331667445155208]], [[-100.87478498058007, 21.331667445155208], [-100.8747804941549, 21.33163156625764]], [[-100.87474220035746, 21.331635769752467], [-100.8747804941549, 21.33163156625764]], [[-100.8747804941549, 21.33163156625764], [-100.87477600773266, 21.331595687359655]], [[-100.87473771394424, 21.331599890852797], [-100.87477600773266, 21.331595687359655]], [[-100.87477600773266, 21.331595687359655], [-100.87477152131332, 21.33155980846125]], [[-100.87473322753391, 21.331564011952707], [-100.87477152131332, 21.33155980846125]], [[-100.87477152131332, 21.33155980846125], [-100.87476703489689, 21.33152392956241]], [[-100.87472874112649, 21.33152813305219], [-100.87476703489689, 21.33152392956241]], [[-100.87476703489689, 21.33152392956241], [-100.87476254848336, 21.33148805066315]], [[-100.87472425472198, 21.331492254151236], [-100.87476254848336, 21.33148805066315]], [[-100.87476254848336, 21.33148805066315], [-100.87475806207273, 21.331452171763456]], [[-100.87471976832038, 21.33145637524988], [-100.87475806207273, 21.331452171763456]], [[-100.87475806207273, 21.331452171763456], [-100.87475357566501, 21.331416292863352]], [[-100.87471528192167, 21.33142049634808], [-100.87475357566501, 21.331416292863352]], [[-100.87475357566501, 21.331416292863352], [-100.87474908926018, 21.33138041396281]], [[-100.87471079552587, 21.331384617445856], [-100.87474908926018, 21.33138041396281]], [[-100.87474908926018, 21.33138041396281], [-100.87474460285827, 21.331344535061845]], [[-100.87470630913297, 21.331348738543216], [-100.87474460285827, 21.331344535061845]], [[-100.87474460285827, 21.331344535061845], [-100.87474011645925, 21.33130865616046]], [[-100.87470182274298, 21.331312859640146], [-100.87474011645925, 21.33130865616046]], [[-100.87474011645925, 21.33130865616046], [-100.87473563006316, 21.331272777258643]], [[-100.87469733635591, 21.33127698073665], [-100.87473563006316, 21.331272777258643]], [[-100.87473563006316, 21.331272777258643], [-100.87473114366996, 21.331236898356405]], [[-100.87469284997171, 21.33124110183273], [-100.87473114366996, 21.331236898356405]], [[-100.87473114366996, 21.331236898356405], [-100.87472665727967, 21.331201019453747]], [[-100.87468836359044, 21.331205222928386], [-100.87472665727967, 21.331201019453747]], [[-100.87472665727967, 21.331201019453747], [-100.87472217089227, 21.331165140550656]], [[-100.87468387721208, 21.331169344023618], [-100.87472217089227, 21.331165140550656]], [[-100.87472217089227, 21.331165140550656], [-100.87471768450779, 21.33112926164714]], [[-100.8746793908366, 21.33113346511842], [-100.87471768450779, 21.33112926164714]], [[-100.87471768450779, 21.33112926164714], [-100.87471319812619, 21.3310933827432]], [[-100.87467490446403, 21.331097586212795], [-100.87471319812619, 21.3310933827432]], [[-100.87471319812619, 21.3310933827432], [-100.87470871174752, 21.33105750383884]], [[-100.87467041809437, 21.33106170730675], [-100.87470871174752, 21.33105750383884]], [[-100.87470871174752, 21.33105750383884], [-100.87470422537173, 21.331021624934046]], [[-100.87466593172762, 21.33102582840028], [-100.87470422537173, 21.331021624934046]], [[-100.87470422537173, 21.331021624934046], [-100.87469973899887, 21.330985746028833]], [[-100.87466144536378, 21.33098994949339], [-100.87469973899887, 21.330985746028833]], [[-100.87469973899887, 21.330985746028833], [-100.8746952526289, 21.330949867123195]], [[-100.87465695900283, 21.33095407058606], [-100.8746952526289, 21.330949867123195]], [[-100.8746952526289, 21.330949867123195], [-100.87469076626185, 21.330913988217127]], [[-100.87465247264478, 21.330918191678318], [-100.87469076626185, 21.330913988217127]], [[-100.87469076626185, 21.330913988217127], [-100.87468627989769, 21.330878109310635]], [[-100.87464798628965, 21.330882312770147], [-100.87468627989769, 21.330878109310635]], [[-100.87468627989769, 21.330878109310635], [-100.87468179353642, 21.330842230403725]], [[-100.87464349993742, 21.330846433861552], [-100.87468179353642, 21.330842230403725]], [[-100.87468179353642, 21.330842230403725], [-100.87467730717809, 21.330806351496385]], [[-100.8746390135881, 21.330810554952528], [-100.87467730717809, 21.330806351496385]], [[-100.87467730717809, 21.330806351496385], [-100.87467282082264, 21.33077047258862]], [[-100.87463452724167, 21.33077467604309], [-100.87467282082264, 21.33077047258862]], [[-100.87467282082264, 21.33077047258862], [-100.8746683344701, 21.33073459368043]], [[-100.87463004089814, 21.330738797133215], [-100.8746683344701, 21.33073459368043]], [[-100.87495098035265, 21.33299496406615], [-100.87494649382002, 21.332959085184317]], [[-100.87495098035265, 21.33299496406615], [-100.87498927448995, 21.332990760498852]], [[-100.87498927448995, 21.332990760498852], [-100.8749847879483, 21.332954881618708]], [[-100.87494649382002, 21.332959085184317], [-100.8749847879483, 21.332954881618708]], [[-100.8749847879483, 21.332954881618708], [-100.87498030140958, 21.332919002738134]], [[-100.8749420072903, 21.332923206302066], [-100.87498030140958, 21.332919002738134]], [[-100.87498030140958, 21.332919002738134], [-100.87497581487374, 21.33288312385713]], [[-100.8749375207635, 21.332887327419375], [-100.87497581487374, 21.33288312385713]], [[-100.87497581487374, 21.33288312385713], [-100.8749713283408, 21.332847244975703]], [[-100.87493303423958, 21.332851448536275], [-100.8749713283408, 21.332847244975703]], [[-100.8749713283408, 21.332847244975703], [-100.87496684181077, 21.332811366093853]], [[-100.87492854771857, 21.332815569652738], [-100.87496684181077, 21.332811366093853]], [[-100.87496684181077, 21.332811366093853], [-100.87496235528366, 21.332775487211578]], [[-100.87492406120046, 21.332779690768778], [-100.87496235528366, 21.332775487211578]], [[-100.87496235528366, 21.332775487211578], [-100.87495786875944, 21.332739608328875]], [[-100.87491957468528, 21.33274381188439], [-100.87495786875944, 21.332739608328875]], [[-100.87495786875944, 21.332739608328875], [-100.87495338223812, 21.332703729445743]], [[-100.87491508817298, 21.33270793299959], [-100.87495338223812, 21.332703729445743]], [[-100.87495338223812, 21.332703729445743], [-100.87494889571971, 21.332667850562192]], [[-100.87491060166359, 21.332672054114358], [-100.87494889571971, 21.332667850562192]], [[-100.87494889571971, 21.332667850562192], [-100.87494440920422, 21.332631971678214]], [[-100.8749061151571, 21.332636175228693], [-100.87494440920422, 21.332631971678214]], [[-100.87494440920422, 21.332631971678214], [-100.87493992269162, 21.332596092793814]], [[-100.87490162865353, 21.332600296342612], [-100.87493992269162, 21.332596092793814]], [[-100.87493992269162, 21.332596092793814], [-100.87493543618193, 21.332560213908987]], [[-100.87489714215285, 21.33256441745611], [-100.87493543618193, 21.332560213908987]], [[-100.87493543618193, 21.332560213908987], [-100.87493094967513, 21.332524335023734]], [[-100.87489265565509, 21.332528538569168], [-100.87493094967513, 21.332524335023734]], [[-100.87493094967513, 21.332524335023734], [-100.87492646317125, 21.33248845613806]], [[-100.87488816916023, 21.332492659681805], [-100.87492646317125, 21.33248845613806]], [[-100.87492646317125, 21.33248845613806], [-100.87492197667027, 21.332452577251953]], [[-100.87488368266827, 21.33245678079403], [-100.87492197667027, 21.332452577251953]], [[-100.87492197667027, 21.332452577251953], [-100.87491749017221, 21.332416698365428]], [[-100.87487919617921, 21.332420901905813], [-100.87491749017221, 21.332416698365428]], [[-100.87491749017221, 21.332416698365428], [-100.87491300367702, 21.33238081947847]], [[-100.87487470969306, 21.332385023017178], [-100.87491300367702, 21.33238081947847]], [[-100.87491300367702, 21.33238081947847], [-100.87490851718476, 21.332344940591092]], [[-100.87487022320983, 21.332349144128116], [-100.87490851718476, 21.332344940591092]], [[-100.87490851718476, 21.332344940591092], [-100.8749040306954, 21.33230906170329]], [[-100.87486573672948, 21.33231326523864], [-100.8749040306954, 21.33230906170329]], [[-100.8749040306954, 21.33230906170329], [-100.87489954420894, 21.33227318281506]], [[-100.87486125025204, 21.33227738634873], [-100.87489954420894, 21.33227318281506]], [[-100.87489954420894, 21.33227318281506], [-100.8748950577254, 21.332237303926405]], [[-100.87485676377752, 21.33224150745839], [-100.8748950577254, 21.332237303926405]], [[-100.8748950577254, 21.332237303926405], [-100.87489057124475, 21.332201425037336]], [[-100.87485227730589, 21.332205628567625], [-100.87489057124475, 21.332201425037336]], [[-100.87489057124475, 21.332201425037336], [-100.87488608476701, 21.332165546147827]], [[-100.87484779083717, 21.332169749676446], [-100.87488608476701, 21.332165546147827]], [[-100.87488608476701, 21.332165546147827], [-100.87488159829218, 21.332129667257895]], [[-100.87484330437135, 21.332133870784837], [-100.87488159829218, 21.332129667257895]], [[-100.87488159829218, 21.332129667257895], [-100.87487711182024, 21.332093788367548]], [[-100.87483881790844, 21.3320979918928], [-100.87487711182024, 21.332093788367548]], [[-100.87487711182024, 21.332093788367548], [-100.87487262535122, 21.332057909476763]], [[-100.87483433144843, 21.332062113000337], [-100.87487262535122, 21.332057909476763]], [[-100.87487262535122, 21.332057909476763], [-100.8748681388851, 21.332022030585563]], [[-100.87482984499132, 21.33202623410745], [-100.8748681388851, 21.332022030585563]], [[-100.8748681388851, 21.332022030585563], [-100.87486365242188, 21.331986151693933]], [[-100.87482535853712, 21.33199035521414], [-100.87486365242188, 21.331986151693933]], [[-100.87486365242188, 21.331986151693933], [-100.87485916596155, 21.331950272801876]], [[-100.87482087208583, 21.331954476320405], [-100.87485916596155, 21.331950272801876]], [[-100.87485916596155, 21.331950272801876], [-100.87485467950415, 21.331914393909397]], [[-100.87481638563746, 21.331918597426238], [-100.87485467950415, 21.331914393909397]], [[-100.87485467950415, 21.331914393909397], [-100.87485019304965, 21.33187851501649]], [[-100.87481189919197, 21.331882718531656], [-100.87485019304965, 21.33187851501649]], [[-100.87485019304965, 21.33187851501649], [-100.87484570659805, 21.331842636123167]], [[-100.87480741274939, 21.331846839636643], [-100.87484570659805, 21.331842636123167]], [[-100.87484570659805, 21.331842636123167], [-100.87484122014936, 21.33180675722941]], [[-100.87480292630971, 21.33181096074121], [-100.87484122014936, 21.33180675722941]], [[-100.87484122014936, 21.33180675722941], [-100.87483673370357, 21.33177087833523]], [[-100.87479843987295, 21.33177508184535], [-100.87483673370357, 21.33177087833523]], [[-100.87483673370357, 21.33177087833523], [-100.87483224726068, 21.331734999440624]], [[-100.87479395343908, 21.33173920294906], [-100.87483224726068, 21.331734999440624]], [[-100.87483224726068, 21.331734999440624], [-100.87482776082071, 21.331699120545593]], [[-100.87478946700813, 21.331703324052345], [-100.87482776082071, 21.331699120545593]], [[-100.87482776082071, 21.331699120545593], [-100.87482327438363, 21.331663241650137]], [[-100.87478498058007, 21.331667445155208], [-100.87482327438363, 21.331663241650137]], [[-100.87482327438363, 21.331663241650137], [-100.87481878794947, 21.331627362754258]], [[-100.8747804941549, 21.33163156625764], [-100.87481878794947, 21.331627362754258]], [[-100.87481878794947, 21.331627362754258], [-100.87481430151819, 21.33159148385795]], [[-100.87477600773266, 21.331595687359655], [-100.87481430151819, 21.33159148385795]], [[-100.87481430151819, 21.33159148385795], [-100.87480981508982, 21.331555604961213]], [[-100.87477152131332, 21.33155980846125], [-100.87480981508982, 21.331555604961213]], [[-100.87480981508982, 21.331555604961213], [-100.87480532866438, 21.331519726064062]], [[-100.87476703489689, 21.33152392956241], [-100.87480532866438, 21.331519726064062]], [[-100.87480532866438, 21.331519726064062], [-100.87480084224181, 21.33148384716648]], [[-100.87476254848336, 21.33148805066315], [-100.87480084224181, 21.33148384716648]], [[-100.87480084224181, 21.33148384716648], [-100.87479635582217, 21.331447968268474]], [[-100.87475806207273, 21.331452171763456], [-100.87479635582217, 21.331447968268474]], [[-100.87479635582217, 21.331447968268474], [-100.87479186940543, 21.33141208937004]], [[-100.87475357566501, 21.331416292863352], [-100.87479186940543, 21.33141208937004]], [[-100.87479186940543, 21.33141208937004], [-100.87478738299158, 21.331376210471188]], [[-100.87474908926018, 21.33138041396281], [-100.87478738299158, 21.331376210471188]], [[-100.87478738299158, 21.331376210471188], [-100.87478289658065, 21.3313403315719]], [[-100.87474460285827, 21.331344535061845], [-100.87478289658065, 21.3313403315719]], [[-100.87478289658065, 21.3313403315719], [-100.87477841017262, 21.3313044526722]], [[-100.87474011645925, 21.33130865616046], [-100.87477841017262, 21.3313044526722]], [[-100.87477841017262, 21.3313044526722], [-100.8747739237675, 21.331268573772068]], [[-100.87473563006316, 21.331272777258643], [-100.8747739237675, 21.331268573772068]], [[-100.8747739237675, 21.331268573772068], [-100.87476943736527, 21.33123269487151]], [[-100.87473114366996, 21.331236898356405], [-100.87476943736527, 21.33123269487151]], [[-100.87476943736527, 21.33123269487151], [-100.87476495096597, 21.33119681597052]], [[-100.87472665727967, 21.331201019453747], [-100.87476495096597, 21.33119681597052]], [[-100.87476495096597, 21.33119681597052], [-100.87476046456955, 21.331160937069125]], [[-100.87472217089227, 21.331165140550656], [-100.87476046456955, 21.331160937069125]], [[-100.87476046456955, 21.331160937069125], [-100.87475597817605, 21.33112505816729]], [[-100.87471768450779, 21.33112926164714], [-100.87475597817605, 21.33112505816729]], [[-100.87475597817605, 21.33112505816729], [-100.87475149178545, 21.33108917926503]], [[-100.87471319812619, 21.3310933827432], [-100.87475149178545, 21.33108917926503]], [[-100.87475149178545, 21.33108917926503], [-100.87474700539775, 21.33105330036235]], [[-100.87470871174752, 21.33105750383884], [-100.87474700539775, 21.33105330036235]], [[-100.87474700539775, 21.33105330036235], [-100.87474251901294, 21.331017421459237]], [[-100.87470422537173, 21.331021624934046], [-100.87474251901294, 21.331017421459237]], [[-100.87474251901294, 21.331017421459237], [-100.87473803263106, 21.330981542555705]], [[-100.87469973899887, 21.330985746028833], [-100.87473803263106, 21.330981542555705]], [[-100.87473803263106, 21.330981542555705], [-100.87473354625207, 21.330945663651743]], [[-100.8746952526289, 21.330949867123195], [-100.87473354625207, 21.330945663651743]], [[-100.87473354625207, 21.330945663651743], [-100.874729059876, 21.330909784747366]], [[-100.87469076626185, 21.330913988217127], [-100.874729059876, 21.330909784747366]], [[-100.874729059876, 21.330909784747366], [-100.87472457350283, 21.330873905842555]], [[-100.87468627989769, 21.330878109310635], [-100.87472457350283, 21.330873905842555]], [[-100.87472457350283, 21.330873905842555], [-100.87472008713256, 21.33083802693732]], [[-100.87468179353642, 21.330842230403725], [-100.87472008713256, 21.33083802693732]], [[-100.87472008713256, 21.33083802693732], [-100.87471560076519, 21.33080214803167]], [[-100.87467730717809, 21.330806351496385], [-100.87471560076519, 21.33080214803167]], [[-100.87471560076519, 21.33080214803167], [-100.87471111440072, 21.33076626912559]], [[-100.87467282082264, 21.33077047258862], [-100.87471111440072, 21.33076626912559]], [[-100.87471111440072, 21.33076626912559], [-100.87470662803916, 21.33073039021907]], [[-100.8746683344701, 21.33073459368043], [-100.87470662803916, 21.33073039021907]], [[-100.8749937610345, 21.33302663937858], [-100.87498927448995, 21.332990760498852]], [[-100.8749937610345, 21.33302663937858], [-100.87503205517794, 21.333022435801034]], [[-100.87503205517794, 21.333022435801034], [-100.87502756862436, 21.33298655692299]], [[-100.87498927448995, 21.332990760498852], [-100.87502756862436, 21.33298655692299]], [[-100.87502756862436, 21.33298655692299], [-100.8750230820737, 21.33295067804452]], [[-100.8749847879483, 21.332954881618708], [-100.8750230820737, 21.33295067804452]], [[-100.8750230820737, 21.33295067804452], [-100.87501859552593, 21.33291479916562]], [[-100.87498030140958, 21.332919002738134], [-100.87501859552593, 21.33291479916562]], [[-100.87501859552593, 21.33291479916562], [-100.87501410898108, 21.3328789202863]], [[-100.87497581487374, 21.33288312385713], [-100.87501410898108, 21.3328789202863]], [[-100.87501410898108, 21.3328789202863], [-100.87500962243912, 21.332843041406562]], [[-100.8749713283408, 21.332847244975703], [-100.87500962243912, 21.332843041406562]], [[-100.87500962243912, 21.332843041406562], [-100.87500513590008, 21.332807162526393]], [[-100.87496684181077, 21.332811366093853], [-100.87500513590008, 21.332807162526393]], [[-100.87500513590008, 21.332807162526393], [-100.87500064936394, 21.332771283645794]], [[-100.87496235528366, 21.332775487211578], [-100.87500064936394, 21.332771283645794]], [[-100.87500064936394, 21.332771283645794], [-100.8749961628307, 21.332735404764776]], [[-100.87495786875944, 21.332739608328875], [-100.8749961628307, 21.332735404764776]], [[-100.8749961628307, 21.332735404764776], [-100.87499167630037, 21.332699525883335]], [[-100.87495338223812, 21.332703729445743], [-100.87499167630037, 21.332699525883335]], [[-100.87499167630037, 21.332699525883335], [-100.87498718977294, 21.33266364700146]], [[-100.87494889571971, 21.332667850562192], [-100.87498718977294, 21.33266364700146]], [[-100.87498718977294, 21.33266364700146], [-100.87498270324842, 21.33262776811917]], [[-100.87494440920422, 21.332631971678214], [-100.87498270324842, 21.33262776811917]], [[-100.87498270324842, 21.33262776811917], [-100.8749782167268, 21.332591889236447]], [[-100.87493992269162, 21.332596092793814], [-100.8749782167268, 21.332591889236447]], [[-100.8749782167268, 21.332591889236447], [-100.87497373020808, 21.3325560103533]], [[-100.87493543618193, 21.332560213908987], [-100.87497373020808, 21.3325560103533]], [[-100.87497373020808, 21.3325560103533], [-100.87496924369226, 21.332520131469735]], [[-100.87493094967513, 21.332524335023734], [-100.87496924369226, 21.332520131469735]], [[-100.87496924369226, 21.332520131469735], [-100.87496475717937, 21.332484252585733]], [[-100.87492646317125, 21.33248845613806], [-100.87496475717937, 21.332484252585733]], [[-100.87496475717937, 21.332484252585733], [-100.87496027066936, 21.33244837370131]], [[-100.87492197667027, 21.332452577251953], [-100.87496027066936, 21.33244837370131]], [[-100.87496027066936, 21.33244837370131], [-100.87495578416228, 21.332412494816467]], [[-100.87491749017221, 21.332416698365428], [-100.87495578416228, 21.332412494816467]], [[-100.87495578416228, 21.332412494816467], [-100.87495129765809, 21.332376615931196]], [[-100.87491300367702, 21.33238081947847], [-100.87495129765809, 21.332376615931196]], [[-100.87495129765809, 21.332376615931196], [-100.87494681115679, 21.33234073704549]], [[-100.87490851718476, 21.332344940591092], [-100.87494681115679, 21.33234073704549]], [[-100.87494681115679, 21.33234073704549], [-100.87494232465842, 21.33230485815938]], [[-100.8749040306954, 21.33230906170329], [-100.87494232465842, 21.33230485815938]], [[-100.87494232465842, 21.33230485815938], [-100.87493783816294, 21.332268979272826]], [[-100.87489954420894, 21.33227318281506], [-100.87493783816294, 21.332268979272826]], [[-100.87493783816294, 21.332268979272826], [-100.87493335167036, 21.33223310038586]], [[-100.8748950577254, 21.332237303926405], [-100.87493335167036, 21.33223310038586]], [[-100.87493335167036, 21.33223310038586], [-100.8749288651807, 21.332197221498458]], [[-100.87489057124475, 21.332201425037336], [-100.8749288651807, 21.332197221498458]], [[-100.8749288651807, 21.332197221498458], [-100.87492437869395, 21.33216134261064]], [[-100.87488608476701, 21.332165546147827], [-100.87492437869395, 21.33216134261064]], [[-100.87492437869395, 21.33216134261064], [-100.8749198922101, 21.33212546372239]], [[-100.87488159829218, 21.332129667257895], [-100.8749198922101, 21.33212546372239]], [[-100.8749198922101, 21.33212546372239], [-100.87491540572914, 21.332089584833717]], [[-100.87487711182024, 21.332093788367548], [-100.87491540572914, 21.332089584833717]], [[-100.87491540572914, 21.332089584833717], [-100.87491091925109, 21.33205370594462]], [[-100.87487262535122, 21.332057909476763], [-100.87491091925109, 21.33205370594462]], [[-100.87491091925109, 21.33205370594462], [-100.87490643277596, 21.3320178270551]], [[-100.8748681388851, 21.332022030585563], [-100.87490643277596, 21.3320178270551]], [[-100.87490643277596, 21.3320178270551], [-100.87490194630372, 21.33198194816515]], [[-100.87486365242188, 21.331986151693933], [-100.87490194630372, 21.33198194816515]], [[-100.87490194630372, 21.33198194816515], [-100.87489745983437, 21.33194606927478]], [[-100.87485916596155, 21.331950272801876], [-100.87489745983437, 21.33194606927478]], [[-100.87489745983437, 21.33194606927478], [-100.87489297336795, 21.33191019038398]], [[-100.87485467950415, 21.331914393909397], [-100.87489297336795, 21.33191019038398]], [[-100.87489297336795, 21.33191019038398], [-100.87488848690444, 21.331874311492754]], [[-100.87485019304965, 21.33187851501649], [-100.87488848690444, 21.331874311492754]], [[-100.87488848690444, 21.331874311492754], [-100.87488400044381, 21.331838432601106]], [[-100.87484570659805, 21.331842636123167], [-100.87488400044381, 21.331838432601106]], [[-100.87488400044381, 21.331838432601106], [-100.8748795139861, 21.33180255370904]], [[-100.87484122014936, 21.33180675722941], [-100.8748795139861, 21.33180255370904]], [[-100.8748795139861, 21.33180255370904], [-100.87487502753129, 21.331766674816535]], [[-100.87483673370357, 21.33177087833523], [-100.87487502753129, 21.331766674816535]], [[-100.87487502753129, 21.331766674816535], [-100.87487054107939, 21.331730795923615]], [[-100.87483224726068, 21.331734999440624], [-100.87487054107939, 21.331730795923615]], [[-100.87487054107939, 21.331730795923615], [-100.87486605463037, 21.33169491703026]], [[-100.87482776082071, 21.331699120545593], [-100.87486605463037, 21.33169491703026]], [[-100.87486605463037, 21.33169491703026], [-100.8748615681843, 21.33165903813649]], [[-100.87482327438363, 21.331663241650137], [-100.8748615681843, 21.33165903813649]], [[-100.8748615681843, 21.33165903813649], [-100.8748570817411, 21.33162315924229]], [[-100.87481878794947, 21.331627362754258], [-100.8748570817411, 21.33162315924229]], [[-100.8748570817411, 21.33162315924229], [-100.87485259530082, 21.331587280347662]], [[-100.87481430151819, 21.33159148385795], [-100.87485259530082, 21.331587280347662]], [[-100.87485259530082, 21.331587280347662], [-100.87484810886343, 21.331551401452614]], [[-100.87480981508982, 21.331555604961213], [-100.87484810886343, 21.331551401452614]], [[-100.87484810886343, 21.331551401452614], [-100.87484362242895, 21.33151552255714]], [[-100.87480532866438, 21.331519726064062], [-100.87484362242895, 21.33151552255714]], [[-100.87484362242895, 21.33151552255714], [-100.87483913599739, 21.33147964366124]], [[-100.87480084224181, 21.33148384716648], [-100.87483913599739, 21.33147964366124]], [[-100.87483913599739, 21.33147964366124], [-100.87483464956871, 21.331443764764913]], [[-100.87479635582217, 21.331447968268474], [-100.87483464956871, 21.331443764764913]], [[-100.87483464956871, 21.331443764764913], [-100.87483016314295, 21.33140788586817]], [[-100.87479186940543, 21.33141208937004], [-100.87483016314295, 21.33140788586817]], [[-100.87483016314295, 21.33140788586817], [-100.87482567672009, 21.331372006970987]], [[-100.87478738299158, 21.331376210471188], [-100.87482567672009, 21.331372006970987]], [[-100.87482567672009, 21.331372006970987], [-100.87482119030014, 21.331336128073392]], [[-100.87478289658065, 21.3313403315719], [-100.87482119030014, 21.331336128073392]], [[-100.87482119030014, 21.331336128073392], [-100.8748167038831, 21.331300249175367]], [[-100.87477841017262, 21.3313044526722], [-100.8748167038831, 21.331300249175367]], [[-100.8748167038831, 21.331300249175367], [-100.87481221746894, 21.331264370276912]], [[-100.8747739237675, 21.331268573772068], [-100.87481221746894, 21.331264370276912]], [[-100.87481221746894, 21.331264370276912], [-100.8748077310577, 21.331228491378038]], [[-100.87476943736527, 21.33123269487151], [-100.8748077310577, 21.331228491378038]], [[-100.8748077310577, 21.331228491378038], [-100.87480324464937, 21.331192612478745]], [[-100.87476495096597, 21.33119681597052], [-100.87480324464937, 21.331192612478745]], [[-100.87480324464937, 21.331192612478745], [-100.87479875824394, 21.33115673357901]], [[-100.87476046456955, 21.331160937069125], [-100.87479875824394, 21.33115673357901]], [[-100.87479875824394, 21.33115673357901], [-100.87479427184141, 21.331120854678865]], [[-100.87475597817605, 21.33112505816729], [-100.87479427184141, 21.331120854678865]], [[-100.87479427184141, 21.331120854678865], [-100.87478978544179, 21.331084975778282]], [[-100.87475149178545, 21.33108917926503], [-100.87478978544179, 21.331084975778282]], [[-100.87478978544179, 21.331084975778282], [-100.87478529904507, 21.33104909687729]], [[-100.87474700539775, 21.33105330036235], [-100.87478529904507, 21.33104909687729]], [[-100.87478529904507, 21.33104909687729], [-100.87478081265125, 21.331013217975865]], [[-100.87474251901294, 21.331017421459237], [-100.87478081265125, 21.331013217975865]], [[-100.87478081265125, 21.331013217975865], [-100.87477632626035, 21.33097733907401]], [[-100.87473803263106, 21.330981542555705], [-100.87477632626035, 21.33097733907401]], [[-100.87477632626035, 21.33097733907401], [-100.87477183987234, 21.33094146017173]], [[-100.87473354625207, 21.330945663651743], [-100.87477183987234, 21.33094146017173]], [[-100.87477183987234, 21.33094146017173], [-100.87476735348724, 21.33090558126903]], [[-100.874729059876, 21.330909784747366], [-100.87476735348724, 21.33090558126903]], [[-100.87476735348724, 21.33090558126903], [-100.87476286710505, 21.330869702365906]], [[-100.87472457350283, 21.330873905842555], [-100.87476286710505, 21.330869702365906]], [[-100.87476286710505, 21.330869702365906], [-100.87475838072577, 21.33083382346235]], [[-100.87472008713256, 21.33083802693732], [-100.87475838072577, 21.33083382346235]], [[-100.87475838072577, 21.33083382346235], [-100.87475389434937, 21.330797944558373]], [[-100.87471560076519, 21.33080214803167], [-100.87475389434937, 21.330797944558373]], [[-100.87475389434937, 21.330797944558373], [-100.8747494079759, 21.330762065653975]], [[-100.87471111440072, 21.33076626912559], [-100.8747494079759, 21.330762065653975]], [[-100.87503205517794, 21.333022435801034], [-100.87507034931845, 21.333018232214908]], [[-100.87507034931845, 21.333018232214908], [-100.87506586275586, 21.332982353338547]], [[-100.87502756862436, 21.33298655692299], [-100.87506586275586, 21.332982353338547]], [[-100.87506586275586, 21.332982353338547], [-100.87506137619617, 21.33294647446176]], [[-100.8750230820737, 21.33295067804452], [-100.87506137619617, 21.33294647446176]], [[-100.87506137619617, 21.33294647446176], [-100.8750568896394, 21.332910595584547]], [[-100.87501859552593, 21.33291479916562], [-100.8750568896394, 21.332910595584547]], [[-100.8750568896394, 21.332910595584547], [-100.8750524030855, 21.33287471670691]], [[-100.87501410898108, 21.3328789202863], [-100.8750524030855, 21.33287471670691]], [[-100.8750524030855, 21.33287471670691], [-100.87504791653454, 21.332838837828845]], [[-100.87500962243912, 21.332843041406562], [-100.87504791653454, 21.332838837828845]], [[-100.87504791653454, 21.332838837828845], [-100.87504342998646, 21.332802958950367]], [[-100.87500513590008, 21.332807162526393], [-100.87504342998646, 21.332802958950367]], [[-100.87504342998646, 21.332802958950367], [-100.87503894344131, 21.332767080071445]], [[-100.87500064936394, 21.332771283645794], [-100.87503894344131, 21.332767080071445]], [[-100.87503894344131, 21.332767080071445], [-100.87503445689904, 21.33273120119211]], [[-100.8749961628307, 21.332735404764776], [-100.87503445689904, 21.33273120119211]], [[-100.87503445689904, 21.33273120119211], [-100.8750299703597, 21.332695322312347]], [[-100.87499167630037, 21.332699525883335], [-100.8750299703597, 21.332695322312347]], [[-100.8750299703597, 21.332695322312347], [-100.87502548382325, 21.332659443432156]], [[-100.87498718977294, 21.33266364700146], [-100.87502548382325, 21.332659443432156]], [[-100.87502548382325, 21.332659443432156], [-100.8750209972897, 21.33262356455154]], [[-100.87498270324842, 21.33262776811917], [-100.8750209972897, 21.33262356455154]], [[-100.8750209972897, 21.33262356455154], [-100.87501651075907, 21.332587685670507]], [[-100.8749782167268, 21.332591889236447], [-100.87501651075907, 21.332587685670507]], [[-100.87501651075907, 21.332587685670507], [-100.87501202423132, 21.33255180678904]], [[-100.87497373020808, 21.3325560103533], [-100.87501202423132, 21.33255180678904]], [[-100.87501202423132, 21.33255180678904], [-100.87500753770651, 21.332515927907153]], [[-100.87496924369226, 21.332520131469735], [-100.87500753770651, 21.332515927907153]], [[-100.87500753770651, 21.332515927907153], [-100.87500305118459, 21.332480049024838]], [[-100.87496475717937, 21.332484252585733], [-100.87500305118459, 21.332480049024838]], [[-100.87500305118459, 21.332480049024838], [-100.87499856466556, 21.332444170142104]], [[-100.87496027066936, 21.33244837370131], [-100.87499856466556, 21.332444170142104]], [[-100.87499856466556, 21.332444170142104], [-100.87499407814944, 21.332408291258933]], [[-100.87495578416228, 21.332412494816467], [-100.87499407814944, 21.332408291258933]], [[-100.87499407814944, 21.332408291258933], [-100.87498959163624, 21.33237241237535]], [[-100.87495129765809, 21.332376615931196], [-100.87498959163624, 21.33237241237535]], [[-100.87498959163624, 21.33237241237535], [-100.87498510512593, 21.332336533491333]], [[-100.87494681115679, 21.33234073704549], [-100.87498510512593, 21.332336533491333]], [[-100.87498510512593, 21.332336533491333], [-100.87498061861852, 21.33230065460689]], [[-100.87494232465842, 21.33230485815938], [-100.87498061861852, 21.33230065460689]], [[-100.87498061861852, 21.33230065460689], [-100.87497613211404, 21.33226477572202]], [[-100.87493783816294, 21.332268979272826], [-100.87497613211404, 21.33226477572202]], [[-100.87497613211404, 21.33226477572202], [-100.87497164561245, 21.33222889683673]], [[-100.87493335167036, 21.33223310038586], [-100.87497164561245, 21.33222889683673]], [[-100.87497164561245, 21.33222889683673], [-100.87496715911377, 21.33219301795102]], [[-100.8749288651807, 21.332197221498458], [-100.87496715911377, 21.33219301795102]], [[-100.87496715911377, 21.33219301795102], [-100.87496267261798, 21.332157139064872]], [[-100.87492437869395, 21.33216134261064], [-100.87496267261798, 21.332157139064872]], [[-100.87496267261798, 21.332157139064872], [-100.8749581861251, 21.33212126017831]], [[-100.8749198922101, 21.33212546372239], [-100.8749581861251, 21.33212126017831]], [[-100.8749581861251, 21.33212126017831], [-100.87495369963514, 21.332085381291318]], [[-100.87491540572914, 21.332089584833717], [-100.87495369963514, 21.332085381291318]], [[-100.87495369963514, 21.332085381291318], [-100.87494921314807, 21.332049502403905]], [[-100.87491091925109, 21.33205370594462], [-100.87494921314807, 21.332049502403905]], [[-100.87494921314807, 21.332049502403905], [-100.8749447266639, 21.332013623516065]], [[-100.87490643277596, 21.3320178270551], [-100.8749447266639, 21.332013623516065]], [[-100.8749447266639, 21.332013623516065], [-100.87494024018264, 21.3319777446278]], [[-100.87490194630372, 21.33198194816515], [-100.87494024018264, 21.3319777446278]], [[-100.87494024018264, 21.3319777446278], [-100.87493575370429, 21.331941865739104]], [[-100.87489745983437, 21.33194606927478], [-100.87493575370429, 21.331941865739104]], [[-100.87493575370429, 21.331941865739104], [-100.87493126722885, 21.331905986849993]], [[-100.87489297336795, 21.33191019038398], [-100.87493126722885, 21.331905986849993]], [[-100.87493126722885, 21.331905986849993], [-100.8749267807563, 21.331870107960444]], [[-100.87488848690444, 21.331874311492754], [-100.8749267807563, 21.331870107960444]], [[-100.8749267807563, 21.331870107960444], [-100.87492229428666, 21.33183422907048]], [[-100.87488400044381, 21.331838432601106], [-100.87492229428666, 21.33183422907048]], [[-100.87492229428666, 21.33183422907048], [-100.87491780781994, 21.331798350180087]], [[-100.8748795139861, 21.33180255370904], [-100.87491780781994, 21.331798350180087]], [[-100.87491780781994, 21.331798350180087], [-100.8749133213561, 21.331762471289274]], [[-100.87487502753129, 21.331766674816535], [-100.8749133213561, 21.331762471289274]], [[-100.8749133213561, 21.331762471289274], [-100.87490883489518, 21.331726592398024]], [[-100.87487054107939, 21.331730795923615], [-100.87490883489518, 21.331726592398024]], [[-100.87490883489518, 21.331726592398024], [-100.87490434843716, 21.33169071350636]], [[-100.87486605463037, 21.33169491703026], [-100.87490434843716, 21.33169071350636]], [[-100.87490434843716, 21.33169071350636], [-100.87489986198204, 21.33165483461427]], [[-100.8748615681843, 21.33165903813649], [-100.87489986198204, 21.33165483461427]], [[-100.87489986198204, 21.33165483461427], [-100.87489537552983, 21.33161895572175]], [[-100.8748570817411, 21.33162315924229], [-100.87489537552983, 21.33161895572175]], [[-100.87489537552983, 21.33161895572175], [-100.87489088908053, 21.33158307682881]], [[-100.87485259530082, 21.331587280347662], [-100.87489088908053, 21.33158307682881]], [[-100.87489088908053, 21.33158307682881], [-100.87488640263413, 21.331547197935436]], [[-100.87484810886343, 21.331551401452614], [-100.87488640263413, 21.331547197935436]], [[-100.87488640263413, 21.331547197935436], [-100.87488191619063, 21.331511319041645]], [[-100.87484362242895, 21.33151552255714], [-100.87488191619063, 21.331511319041645]], [[-100.87488191619063, 21.331511319041645], [-100.87487742975004, 21.331475440147425]], [[-100.87483913599739, 21.33147964366124], [-100.87487742975004, 21.331475440147425]], [[-100.87487742975004, 21.331475440147425], [-100.87487294331235, 21.331439561252786]], [[-100.87483464956871, 21.331443764764913], [-100.87487294331235, 21.331439561252786]], [[-100.87487294331235, 21.331439561252786], [-100.87486845687756, 21.331403682357717]], [[-100.87483016314295, 21.33140788586817], [-100.87486845687756, 21.331403682357717]], [[-100.87486845687756, 21.331403682357717], [-100.87486397044569, 21.331367803462225]], [[-100.87482567672009, 21.331372006970987], [-100.87486397044569, 21.331367803462225]], [[-100.87486397044569, 21.331367803462225], [-100.87485948401672, 21.331331924566307]], [[-100.87482119030014, 21.331336128073392], [-100.87485948401672, 21.331331924566307]], [[-100.87485948401672, 21.331331924566307], [-100.87485499759065, 21.331296045669966]], [[-100.8748167038831, 21.331300249175367], [-100.87485499759065, 21.331296045669966]], [[-100.87485499759065, 21.331296045669966], [-100.87485051116748, 21.331260166773195]], [[-100.87481221746894, 21.331264370276912], [-100.87485051116748, 21.331260166773195]], [[-100.87485051116748, 21.331260166773195], [-100.87484602474721, 21.331224287875997]], [[-100.8748077310577, 21.331228491378038], [-100.87484602474721, 21.331224287875997]], [[-100.87484602474721, 21.331224287875997], [-100.87484153832986, 21.331188408978377]], [[-100.87480324464937, 21.331192612478745], [-100.87484153832986, 21.331188408978377]], [[-100.87484153832986, 21.331188408978377], [-100.87483705191542, 21.331152530080335]], [[-100.87479875824394, 21.33115673357901], [-100.87483705191542, 21.331152530080335]], [[-100.87483705191542, 21.331152530080335], [-100.87483256550388, 21.331116651181866]], [[-100.87479427184141, 21.331120854678865], [-100.87483256550388, 21.331116651181866]], [[-100.87483256550388, 21.331116651181866], [-100.87482807909524, 21.331080772282974]], [[-100.87478978544179, 21.331084975778282], [-100.87482807909524, 21.331080772282974]], [[-100.87482807909524, 21.331080772282974], [-100.8748235926895, 21.331044893383652]], [[-100.87478529904507, 21.33104909687729], [-100.8748235926895, 21.331044893383652]], [[-100.8748235926895, 21.331044893383652], [-100.87481910628667, 21.331009014483907]], [[-100.87478081265125, 21.331013217975865], [-100.87481910628667, 21.331009014483907]], [[-100.87481910628667, 21.331009014483907], [-100.87481461988673, 21.330973135583733]], [[-100.87477632626035, 21.33097733907401], [-100.87481461988673, 21.330973135583733]], [[-100.87481461988673, 21.330973135583733], [-100.8748101334897, 21.33093725668314]], [[-100.87477183987234, 21.33094146017173], [-100.8748101334897, 21.33093725668314]], [[-100.8748101334897, 21.33093725668314], [-100.8748056470956, 21.330901377782126]], [[-100.87476735348724, 21.33090558126903], [-100.8748056470956, 21.330901377782126]], [[-100.8748056470956, 21.330901377782126], [-100.87480116070438, 21.330865498880677]], [[-100.87476286710505, 21.330869702365906], [-100.87480116070438, 21.330865498880677]], [[-100.87480116070438, 21.330865498880677], [-100.87479667431607, 21.330829619978804]], [[-100.87475838072577, 21.33083382346235], [-100.87479667431607, 21.330829619978804]], [[-100.87479667431607, 21.330829619978804], [-100.87479218793065, 21.33079374107651]], [[-100.87475389434937, 21.330797944558373], [-100.87479218793065, 21.33079374107651]], [[-100.87479218793065, 21.33079374107651], [-100.87478770154816, 21.330757862173787]], [[-100.8747494079759, 21.330762065653975], [-100.87478770154816, 21.330757862173787]], [[-100.87507483588395, 21.333054111090846], [-100.87507034931845, 21.333018232214908]], [[-100.87507483588395, 21.333054111090846], [-100.87511313003058, 21.333049907494473]], [[-100.87511313003058, 21.333049907494473], [-100.87510864345606, 21.333014028620216]], [[-100.87507034931845, 21.333018232214908], [-100.87510864345606, 21.333014028620216]], [[-100.87510864345606, 21.333014028620216], [-100.87510415688445, 21.332978149745532]], [[-100.87506586275586, 21.332982353338547], [-100.87510415688445, 21.332978149745532]], [[-100.87510415688445, 21.332978149745532], [-100.87509967031575, 21.332942270870422]], [[-100.87506137619617, 21.33294647446176], [-100.87509967031575, 21.332942270870422]], [[-100.87509967031575, 21.332942270870422], [-100.87509518374995, 21.332906391994896]], [[-100.8750568896394, 21.332910595584547], [-100.87509518374995, 21.332906391994896]], [[-100.87509518374995, 21.332906391994896], [-100.87509069718705, 21.332870513118944]], [[-100.8750524030855, 21.33287471670691], [-100.87509069718705, 21.332870513118944]], [[-100.87509069718705, 21.332870513118944], [-100.87508621062705, 21.332834634242563]], [[-100.87504791653454, 21.332838837828845], [-100.87508621062705, 21.332834634242563]], [[-100.87508621062705, 21.332834634242563], [-100.87508172406996, 21.33279875536575]], [[-100.87504342998646, 21.332802958950367], [-100.87508172406996, 21.33279875536575]], [[-100.87508172406996, 21.33279875536575], [-100.87507723751578, 21.332762876488523]], [[-100.87503894344131, 21.332767080071445], [-100.87507723751578, 21.332762876488523]], [[-100.87507723751578, 21.332762876488523], [-100.87507275096449, 21.332726997610866]], [[-100.87503445689904, 21.33273120119211], [-100.87507275096449, 21.332726997610866]], [[-100.87507275096449, 21.332726997610866], [-100.87506826441613, 21.332691118732786]], [[-100.8750299703597, 21.332695322312347], [-100.87506826441613, 21.332691118732786]], [[-100.87506826441613, 21.332691118732786], [-100.87506377787065, 21.33265523985428]], [[-100.87502548382325, 21.332659443432156], [-100.87506377787065, 21.33265523985428]], [[-100.87506377787065, 21.33265523985428], [-100.8750592913281, 21.332619360975347]], [[-100.8750209972897, 21.33262356455154], [-100.8750592913281, 21.332619360975347]], [[-100.8750592913281, 21.332619360975347], [-100.87505480478845, 21.332583482095988]], [[-100.87501651075907, 21.332587685670507], [-100.87505480478845, 21.332583482095988]], [[-100.87505480478845, 21.332583482095988], [-100.87505031825168, 21.33254760321621]], [[-100.87501202423132, 21.33255180678904], [-100.87505031825168, 21.33254760321621]], [[-100.87505031825168, 21.33254760321621], [-100.87504583171783, 21.332511724336]], [[-100.87500753770651, 21.332515927907153], [-100.87504583171783, 21.332511724336]], [[-100.87504583171783, 21.332511724336], [-100.87504134518689, 21.33247584545537]], [[-100.87500305118459, 21.332480049024838], [-100.87504134518689, 21.33247584545537]], [[-100.87504134518689, 21.33247584545537], [-100.87503685865885, 21.33243996657431]], [[-100.87499856466556, 21.332444170142104], [-100.87503685865885, 21.33243996657431]], [[-100.87503685865885, 21.33243996657431], [-100.87503237213372, 21.33240408769283]], [[-100.87499407814944, 21.332408291258933], [-100.87503237213372, 21.33240408769283]], [[-100.87503237213372, 21.33240408769283], [-100.87502788561149, 21.332368208810916]], [[-100.87498959163624, 21.33237241237535], [-100.87502788561149, 21.332368208810916]], [[-100.87502788561149, 21.332368208810916], [-100.87502339909216, 21.33233232992859]], [[-100.87498510512593, 21.332336533491333], [-100.87502339909216, 21.33233232992859]], [[-100.87502339909216, 21.33233232992859], [-100.87501891257574, 21.332296451045824]], [[-100.87498061861852, 21.33230065460689], [-100.87501891257574, 21.332296451045824]], [[-100.87501891257574, 21.332296451045824], [-100.87501442606222, 21.332260572162642]], [[-100.87497613211404, 21.33226477572202], [-100.87501442606222, 21.332260572162642]], [[-100.87501442606222, 21.332260572162642], [-100.87500993955162, 21.332224693279034]], [[-100.87497164561245, 21.33222889683673], [-100.87500993955162, 21.332224693279034]], [[-100.87500993955162, 21.332224693279034], [-100.87500545304391, 21.332188814395]], [[-100.87496715911377, 21.33219301795102], [-100.87500545304391, 21.332188814395]], [[-100.87500545304391, 21.332188814395], [-100.87500096653912, 21.332152935510535]], [[-100.87496267261798, 21.332157139064872], [-100.87500096653912, 21.332152935510535]], [[-100.87500096653912, 21.332152935510535], [-100.87499648003723, 21.332117056625652]], [[-100.8749581861251, 21.33212126017831], [-100.87499648003723, 21.332117056625652]], [[-100.87499648003723, 21.332117056625652], [-100.87499199353822, 21.332081177740346]], [[-100.87495369963514, 21.332085381291318], [-100.87499199353822, 21.332081177740346]], [[-100.87499199353822, 21.332081177740346], [-100.87498750704214, 21.332045298854613]], [[-100.87494921314807, 21.332049502403905], [-100.87498750704214, 21.332045298854613]], [[-100.87498750704214, 21.332045298854613], [-100.87498302054895, 21.332009419968454]], [[-100.8749447266639, 21.332013623516065], [-100.87498302054895, 21.332009419968454]], [[-100.87498302054895, 21.332009419968454], [-100.87497853405868, 21.331973541081872]], [[-100.87494024018264, 21.3319777446278], [-100.87497853405868, 21.331973541081872]], [[-100.87497853405868, 21.331973541081872], [-100.87497404757131, 21.331937662194864]], [[-100.87493575370429, 21.331941865739104], [-100.87497404757131, 21.331937662194864]], [[-100.87497404757131, 21.331937662194864], [-100.87496956108683, 21.331901783307423]], [[-100.87493126722885, 21.331905986849993], [-100.87496956108683, 21.331901783307423]], [[-100.87496956108683, 21.331901783307423], [-100.87496507460527, 21.331865904419566]], [[-100.8749267807563, 21.331870107960444], [-100.87496507460527, 21.331865904419566]], [[-100.87496507460527, 21.331865904419566], [-100.87496058812661, 21.33183002553128]], [[-100.87492229428666, 21.33183422907048], [-100.87496058812661, 21.33183002553128]], [[-100.87496058812661, 21.33183002553128], [-100.87495610165087, 21.331794146642565]], [[-100.87491780781994, 21.331798350180087], [-100.87495610165087, 21.331794146642565]], [[-100.87495610165087, 21.331794146642565], [-100.874951615178, 21.331758267753433]], [[-100.8749133213561, 21.331762471289274], [-100.874951615178, 21.331758267753433]], [[-100.874951615178, 21.331758267753433], [-100.87494712870807, 21.331722388863874]], [[-100.87490883489518, 21.331726592398024], [-100.87494712870807, 21.331722388863874]], [[-100.87494712870807, 21.331722388863874], [-100.87494264224104, 21.33168650997389]], [[-100.87490434843716, 21.33169071350636], [-100.87494264224104, 21.33168650997389]], [[-100.87494264224104, 21.33168650997389], [-100.8749381557769, 21.331650631083477]], [[-100.87489986198204, 21.33165483461427], [-100.8749381557769, 21.331650631083477]], [[-100.8749381557769, 21.331650631083477], [-100.87493366931567, 21.331614752192635]], [[-100.87489537552983, 21.33161895572175], [-100.87493366931567, 21.331614752192635]], [[-100.87493366931567, 21.331614752192635], [-100.87492918285734, 21.33157887330137]], [[-100.87489088908053, 21.33158307682881], [-100.87492918285734, 21.33157887330137]], [[-100.87492918285734, 21.33157887330137], [-100.87492469640192, 21.331542994409695]], [[-100.87488640263413, 21.331547197935436], [-100.87492469640192, 21.331542994409695]], [[-100.87492469640192, 21.331542994409695], [-100.87492020994941, 21.33150711551758]], [[-100.87488191619063, 21.331511319041645], [-100.87492020994941, 21.33150711551758]], [[-100.87492020994941, 21.33150711551758], [-100.87491572349978, 21.331471236625042]], [[-100.87487742975004, 21.331475440147425], [-100.87491572349978, 21.331471236625042]], [[-100.87491572349978, 21.331471236625042], [-100.87491123705308, 21.331435357732076]], [[-100.87487294331235, 21.331439561252786], [-100.87491123705308, 21.331435357732076]], [[-100.87491123705308, 21.331435357732076], [-100.87490675060928, 21.331399478838694]], [[-100.87486845687756, 21.331403682357717], [-100.87490675060928, 21.331399478838694]], [[-100.87490675060928, 21.331399478838694], [-100.87490226416838, 21.331363599944886]], [[-100.87486397044569, 21.331367803462225], [-100.87490226416838, 21.331363599944886]], [[-100.87490226416838, 21.331363599944886], [-100.87489777773038, 21.33132772105065]], [[-100.87485948401672, 21.331331924566307], [-100.87489777773038, 21.33132772105065]], [[-100.87489777773038, 21.33132772105065], [-100.87489329129531, 21.331291842155984]], [[-100.87485499759065, 21.331296045669966], [-100.87489329129531, 21.331291842155984]], [[-100.87489329129531, 21.331291842155984], [-100.87488880486312, 21.331255963260894]], [[-100.87485051116748, 21.331260166773195], [-100.87488880486312, 21.331255963260894]], [[-100.87488880486312, 21.331255963260894], [-100.87488431843384, 21.331220084365377]], [[-100.87484602474721, 21.331224287875997], [-100.87488431843384, 21.331220084365377]], [[-100.87488431843384, 21.331220084365377], [-100.87487983200747, 21.331184205469448]], [[-100.87484153832986, 21.331188408978377], [-100.87487983200747, 21.331184205469448]], [[-100.87487983200747, 21.331184205469448], [-100.874875345584, 21.331148326573082]], [[-100.87483705191542, 21.331152530080335], [-100.874875345584, 21.331148326573082]], [[-100.874875345584, 21.331148326573082], [-100.87487085916344, 21.331112447676297]], [[-100.87483256550388, 21.331116651181866], [-100.87487085916344, 21.331112447676297]], [[-100.87487085916344, 21.331112447676297], [-100.87486637274577, 21.331076568779082]], [[-100.87482807909524, 21.331080772282974], [-100.87486637274577, 21.331076568779082]], [[-100.87486637274577, 21.331076568779082], [-100.874861886331, 21.331040689881448]], [[-100.8748235926895, 21.331044893383652], [-100.874861886331, 21.331040689881448]], [[-100.874861886331, 21.331040689881448], [-100.87485739991916, 21.331004810983384]], [[-100.87481910628667, 21.331009014483907], [-100.87485739991916, 21.331004810983384]], [[-100.87485739991916, 21.331004810983384], [-100.87485291351021, 21.330968932084897]], [[-100.87481461988673, 21.330973135583733], [-100.87485291351021, 21.330968932084897]], [[-100.87485291351021, 21.330968932084897], [-100.87484842710418, 21.330933053185984]], [[-100.8748101334897, 21.33093725668314], [-100.87484842710418, 21.330933053185984]], [[-100.87484842710418, 21.330933053185984], [-100.87484394070103, 21.330897174286644]], [[-100.8748056470956, 21.330901377782126], [-100.87484394070103, 21.330897174286644]], [[-100.87484394070103, 21.330897174286644], [-100.8748394543008, 21.330861295386878]], [[-100.87480116070438, 21.330865498880677], [-100.8748394543008, 21.330861295386878]], [[-100.8748394543008, 21.330861295386878], [-100.87483496790347, 21.330825416486686]], [[-100.87479667431607, 21.330829619978804], [-100.87483496790347, 21.330825416486686]], [[-100.87483496790347, 21.330825416486686], [-100.87483048150905, 21.330789537586075]], [[-100.87479218793065, 21.33079374107651], [-100.87483048150905, 21.330789537586075]], [[-100.87483048150905, 21.330789537586075], [-100.87482599511753, 21.330753658685033]], [[-100.87478770154816, 21.330757862173787], [-100.87482599511753, 21.330753658685033]], [[-100.87511761660801, 21.3330857863683], [-100.87511313003058, 21.333049907494473]], [[-100.87511761660801, 21.3330857863683], [-100.87515591076075, 21.33308158276167]], [[-100.87515591076075, 21.33308158276167], [-100.87515142417432, 21.33304570388952]], [[-100.87511313003058, 21.333049907494473], [-100.87515142417432, 21.33304570388952]], [[-100.87515142417432, 21.33304570388952], [-100.87514693759077, 21.333009825016948]], [[-100.87510864345606, 21.333014028620216], [-100.87514693759077, 21.333009825016948]], [[-100.87514693759077, 21.333009825016948], [-100.87514245101015, 21.332973946143948]], [[-100.87510415688445, 21.332978149745532], [-100.87514245101015, 21.332973946143948]], [[-100.87514245101015, 21.332973946143948], [-100.87513796443241, 21.332938067270526]], [[-100.87509967031575, 21.332942270870422], [-100.87513796443241, 21.332938067270526]], [[-100.87513796443241, 21.332938067270526], [-100.87513347785759, 21.332902188396673]], [[-100.87509518374995, 21.332906391994896], [-100.87513347785759, 21.332902188396673]], [[-100.87513347785759, 21.332902188396673], [-100.87512899128568, 21.3328663095224]], [[-100.87509069718705, 21.332870513118944], [-100.87512899128568, 21.3328663095224]], [[-100.87512899128568, 21.3328663095224], [-100.87512450471665, 21.3328304306477]], [[-100.87508621062705, 21.332834634242563], [-100.87512450471665, 21.3328304306477]], [[-100.87512450471665, 21.3328304306477], [-100.87512001815055, 21.33279455177258]], [[-100.87508172406996, 21.33279875536575], [-100.87512001815055, 21.33279455177258]], [[-100.87512001815055, 21.33279455177258], [-100.87511553158734, 21.332758672897025]], [[-100.87507723751578, 21.332762876488523], [-100.87511553158734, 21.332758672897025]], [[-100.87511553158734, 21.332758672897025], [-100.87511104502705, 21.332722794021052]], [[-100.87507275096449, 21.332726997610866], [-100.87511104502705, 21.332722794021052]], [[-100.87511104502705, 21.332722794021052], [-100.87510655846965, 21.332686915144652]], [[-100.87506826441613, 21.332691118732786], [-100.87510655846965, 21.332686915144652]], [[-100.87510655846965, 21.332686915144652], [-100.87510207191517, 21.332651036267823]], [[-100.87506377787065, 21.33265523985428], [-100.87510207191517, 21.332651036267823]], [[-100.87510207191517, 21.332651036267823], [-100.87509758536358, 21.332615157390578]], [[-100.8750592913281, 21.332619360975347], [-100.87509758536358, 21.332615157390578]], [[-100.87509758536358, 21.332615157390578], [-100.8750930988149, 21.332579278512902]], [[-100.87505480478845, 21.332583482095988], [-100.8750930988149, 21.332579278512902]], [[-100.8750930988149, 21.332579278512902], [-100.87508861226914, 21.3325433996348]], [[-100.87505031825168, 21.33254760321621], [-100.87508861226914, 21.3325433996348]], [[-100.87508861226914, 21.3325433996348], [-100.87508412572626, 21.332507520756273]], [[-100.87504583171783, 21.332511724336], [-100.87508412572626, 21.332507520756273]], [[-100.87508412572626, 21.332507520756273], [-100.8750796391863, 21.332471641877326]], [[-100.87504134518689, 21.33247584545537], [-100.8750796391863, 21.332471641877326]], [[-100.8750796391863, 21.332471641877326], [-100.87507515264923, 21.33243576299795]], [[-100.87503685865885, 21.33243996657431], [-100.87507515264923, 21.33243576299795]], [[-100.87507515264923, 21.33243576299795], [-100.87507066611508, 21.332399884118146]], [[-100.87503237213372, 21.33240408769283], [-100.87507066611508, 21.332399884118146]], [[-100.87507066611508, 21.332399884118146], [-100.87506617958383, 21.332364005237924]], [[-100.87502788561149, 21.332368208810916], [-100.87506617958383, 21.332364005237924]], [[-100.87506617958383, 21.332364005237924], [-100.87506169305549, 21.33232812635727]], [[-100.87502339909216, 21.33233232992859], [-100.87506169305549, 21.33232812635727]], [[-100.87506169305549, 21.33232812635727], [-100.87505720653004, 21.332292247476193]], [[-100.87501891257574, 21.332296451045824], [-100.87505720653004, 21.332292247476193]], [[-100.87505720653004, 21.332292247476193], [-100.8750527200075, 21.332256368594685]], [[-100.87501442606222, 21.332260572162642], [-100.8750527200075, 21.332256368594685]], [[-100.8750527200075, 21.332256368594685], [-100.87504823348789, 21.33222048971276]], [[-100.87500993955162, 21.332224693279034], [-100.87504823348789, 21.33222048971276]], [[-100.87504823348789, 21.33222048971276], [-100.87504374697116, 21.332184610830414]], [[-100.87500545304391, 21.332188814395], [-100.87504374697116, 21.332184610830414]], [[-100.87504374697116, 21.332184610830414], [-100.87503926045734, 21.332148731947633]], [[-100.87500096653912, 21.332152935510535], [-100.87503926045734, 21.332148731947633]], [[-100.87503926045734, 21.332148731947633], [-100.87503477394642, 21.33211285306443]], [[-100.87499648003723, 21.332117056625652], [-100.87503477394642, 21.33211285306443]], [[-100.87503477394642, 21.33211285306443], [-100.8750302874384, 21.3320769741808]], [[-100.87499199353822, 21.332081177740346], [-100.8750302874384, 21.3320769741808]], [[-100.8750302874384, 21.3320769741808], [-100.8750258009333, 21.33204109529675]], [[-100.87498750704214, 21.332045298854613], [-100.8750258009333, 21.33204109529675]], [[-100.8750258009333, 21.33204109529675], [-100.87502131443111, 21.332005216412274]], [[-100.87498302054895, 21.332009419968454], [-100.87502131443111, 21.332005216412274]], [[-100.87502131443111, 21.332005216412274], [-100.8750168279318, 21.331969337527365]], [[-100.87497853405868, 21.331973541081872], [-100.8750168279318, 21.331969337527365]], [[-100.8750168279318, 21.331969337527365], [-100.87501234143541, 21.33193345864204]], [[-100.87497404757131, 21.331937662194864], [-100.87501234143541, 21.33193345864204]], [[-100.87501234143541, 21.33193345864204], [-100.87500785494193, 21.331897579756287]], [[-100.87496956108683, 21.331901783307423], [-100.87500785494193, 21.331897579756287]], [[-100.87500785494193, 21.331897579756287], [-100.87500336845135, 21.331861700870103]], [[-100.87496507460527, 21.331865904419566], [-100.87500336845135, 21.331861700870103]], [[-100.87500336845135, 21.331861700870103], [-100.87499888196365, 21.331825821983507]], [[-100.87496058812661, 21.33183002553128], [-100.87499888196365, 21.331825821983507]], [[-100.87499888196365, 21.331825821983507], [-100.87499439547888, 21.331789943096474]], [[-100.87495610165087, 21.331794146642565], [-100.87499439547888, 21.331789943096474]], [[-100.87499439547888, 21.331789943096474], [-100.87498990899702, 21.33175406420902]], [[-100.874951615178, 21.331758267753433], [-100.87498990899702, 21.33175406420902]], [[-100.87498990899702, 21.33175406420902], [-100.87498542251805, 21.331718185321144]], [[-100.87494712870807, 21.331722388863874], [-100.87498542251805, 21.331718185321144]], [[-100.87498542251805, 21.331718185321144], [-100.874980936042, 21.331682306432842]], [[-100.87494264224104, 21.33168650997389], [-100.874980936042, 21.331682306432842]], [[-100.874980936042, 21.331682306432842], [-100.87497644956883, 21.33164642754411]], [[-100.8749381557769, 21.331650631083477], [-100.87497644956883, 21.33164642754411]], [[-100.87497644956883, 21.33164642754411], [-100.8749719630986, 21.331610548654957]], [[-100.87493366931567, 21.331614752192635], [-100.8749719630986, 21.331610548654957]], [[-100.8749719630986, 21.331610548654957], [-100.87496747663126, 21.331574669765377]], [[-100.87492918285734, 21.33157887330137], [-100.87496747663126, 21.331574669765377]], [[-100.87496747663126, 21.331574669765377], [-100.87496299016681, 21.33153879087537]], [[-100.87492469640192, 21.331542994409695], [-100.87496299016681, 21.33153879087537]], [[-100.87496299016681, 21.33153879087537], [-100.87495850370527, 21.331502911984938]], [[-100.87492020994941, 21.33150711551758], [-100.87495850370527, 21.331502911984938]], [[-100.87495850370527, 21.331502911984938], [-100.87495401724664, 21.331467033094082]], [[-100.87491572349978, 21.331471236625042], [-100.87495401724664, 21.331467033094082]], [[-100.87495401724664, 21.331467033094082], [-100.87494953079091, 21.331431154202804]], [[-100.87491123705308, 21.331435357732076], [-100.87494953079091, 21.331431154202804]], [[-100.87494953079091, 21.331431154202804], [-100.87494504433809, 21.3313952753111]], [[-100.87490675060928, 21.331399478838694], [-100.87494504433809, 21.3313952753111]], [[-100.87494504433809, 21.3313952753111], [-100.87494055788817, 21.33135939641897]], [[-100.87490226416838, 21.331363599944886], [-100.87494055788817, 21.33135939641897]], [[-100.87494055788817, 21.33135939641897], [-100.87493607144116, 21.331323517526414]], [[-100.87489777773038, 21.33132772105065], [-100.87493607144116, 21.331323517526414]], [[-100.87493607144116, 21.331323517526414], [-100.87493158499704, 21.33128763863343]], [[-100.87489329129531, 21.331291842155984], [-100.87493158499704, 21.33128763863343]], [[-100.87493158499704, 21.33128763863343], [-100.87492709855584, 21.33125175974003]], [[-100.87488880486312, 21.331255963260894], [-100.87492709855584, 21.33125175974003]], [[-100.87492709855584, 21.33125175974003], [-100.87492261211756, 21.331215880846198]], [[-100.87488431843384, 21.331220084365377], [-100.87492261211756, 21.331215880846198]], [[-100.87492261211756, 21.331215880846198], [-100.87491812568216, 21.33118000195194]], [[-100.87487983200747, 21.331184205469448], [-100.87491812568216, 21.33118000195194]], [[-100.87491812568216, 21.33118000195194], [-100.87491363924967, 21.33114412305726]], [[-100.874875345584, 21.331148326573082], [-100.87491363924967, 21.33114412305726]], [[-100.87491363924967, 21.33114412305726], [-100.87490915282008, 21.331108244162156]], [[-100.87487085916344, 21.331112447676297], [-100.87490915282008, 21.331108244162156]], [[-100.87490915282008, 21.331108244162156], [-100.8749046663934, 21.331072365266625]], [[-100.87486637274577, 21.331076568779082], [-100.8749046663934, 21.331072365266625]], [[-100.8749046663934, 21.331072365266625], [-100.87490017996963, 21.331036486370667]], [[-100.874861886331, 21.331040689881448], [-100.87490017996963, 21.331036486370667]], [[-100.87490017996963, 21.331036486370667], [-100.87489569354875, 21.331000607474284]], [[-100.87485739991916, 21.331004810983384], [-100.87489569354875, 21.331000607474284]], [[-100.87489569354875, 21.331000607474284], [-100.87489120713079, 21.330964728577477]], [[-100.87485291351021, 21.330968932084897], [-100.87489120713079, 21.330964728577477]], [[-100.87489120713079, 21.330964728577477], [-100.87488672071574, 21.330928849680244]], [[-100.87484842710418, 21.330933053185984], [-100.87488672071574, 21.330928849680244]], [[-100.87488672071574, 21.330928849680244], [-100.87488223430357, 21.33089297078259]], [[-100.87484394070103, 21.330897174286644], [-100.87488223430357, 21.33089297078259]], [[-100.87488223430357, 21.33089297078259], [-100.87487774789432, 21.330857091884507]], [[-100.8748394543008, 21.330861295386878], [-100.87487774789432, 21.330857091884507]], [[-100.87487774789432, 21.330857091884507], [-100.87487326148798, 21.330821212986]], [[-100.87483496790347, 21.330825416486686], [-100.87487326148798, 21.330821212986]], [[-100.87487326148798, 21.330821212986], [-100.87486877508452, 21.330785334087064]], [[-100.87483048150905, 21.330789537586075], [-100.87486877508452, 21.330785334087064]], [[-100.87486877508452, 21.330785334087064], [-100.87486428868398, 21.330749455187707]], [[-100.87482599511753, 21.330753658685033], [-100.87486428868398, 21.330749455187707]], [[-100.8751603973501, 21.333117461633393], [-100.87515591076075, 21.33308158276167]], [[-100.8751603973501, 21.333117461633393], [-100.87519869150897, 21.333113258016503]], [[-100.87519869150897, 21.333113258016503], [-100.8751942049106, 21.33307737914646]], [[-100.87515591076075, 21.33308158276167], [-100.8751942049106, 21.33307737914646]], [[-100.8751942049106, 21.33307737914646], [-100.87518971831514, 21.333041500276]], [[-100.87515142417432, 21.33304570388952], [-100.87518971831514, 21.333041500276]], [[-100.87518971831514, 21.333041500276], [-100.87518523172257, 21.333005621405107]], [[-100.87514693759077, 21.333009825016948], [-100.87518523172257, 21.333005621405107]], [[-100.87518523172257, 21.333005621405107], [-100.87518074513292, 21.332969742533784]], [[-100.87514245101015, 21.332973946143948], [-100.87518074513292, 21.332969742533784]], [[-100.87518074513292, 21.332969742533784], [-100.87517625854618, 21.332933863662046]], [[-100.87513796443241, 21.332938067270526], [-100.87517625854618, 21.332933863662046]], [[-100.87517625854618, 21.332933863662046], [-100.87517177196234, 21.332897984789877]], [[-100.87513347785759, 21.332902188396673], [-100.87517177196234, 21.332897984789877]], [[-100.87517177196234, 21.332897984789877], [-100.8751672853814, 21.33286210591728]], [[-100.87512899128568, 21.3328663095224], [-100.8751672853814, 21.33286210591728]], [[-100.8751672853814, 21.33286210591728], [-100.87516279880336, 21.332826227044272]], [[-100.87512450471665, 21.3328304306477], [-100.87516279880336, 21.332826227044272]], [[-100.87516279880336, 21.332826227044272], [-100.87515831222824, 21.332790348170825]], [[-100.87512001815055, 21.33279455177258], [-100.87515831222824, 21.332790348170825]], [[-100.87515831222824, 21.332790348170825], [-100.87515382565601, 21.332754469296958]], [[-100.87511553158734, 21.332758672897025], [-100.87515382565601, 21.332754469296958]], [[-100.87515382565601, 21.332754469296958], [-100.87514933908669, 21.332718590422665]], [[-100.87511104502705, 21.332722794021052], [-100.87514933908669, 21.332718590422665]], [[-100.87514933908669, 21.332718590422665], [-100.87514485252028, 21.33268271154795]], [[-100.87510655846965, 21.332686915144652], [-100.87514485252028, 21.33268271154795]], [[-100.87514485252028, 21.33268271154795], [-100.87514036595677, 21.3326468326728]], [[-100.87510207191517, 21.332651036267823], [-100.87514036595677, 21.3326468326728]], [[-100.87514036595677, 21.3326468326728], [-100.87513587939617, 21.33261095379724]], [[-100.87509758536358, 21.332615157390578], [-100.87513587939617, 21.33261095379724]], [[-100.87513587939617, 21.33261095379724], [-100.87513139283845, 21.332575074921238]], [[-100.8750930988149, 21.332579278512902], [-100.87513139283845, 21.332575074921238]], [[-100.87513139283845, 21.332575074921238], [-100.87512690628367, 21.33253919604482]], [[-100.87508861226914, 21.3325433996348], [-100.87512690628367, 21.33253919604482]], [[-100.87512690628367, 21.33253919604482], [-100.87512241973178, 21.332503317167973]], [[-100.87508412572626, 21.332507520756273], [-100.87512241973178, 21.332503317167973]], [[-100.87512241973178, 21.332503317167973], [-100.87511793318279, 21.332467438290713]], [[-100.8750796391863, 21.332471641877326], [-100.87511793318279, 21.332467438290713]], [[-100.87511793318279, 21.332467438290713], [-100.87511344663672, 21.33243155941301]], [[-100.87507515264923, 21.33243576299795], [-100.87511344663672, 21.33243155941301]], [[-100.87511344663672, 21.33243155941301], [-100.87510896009354, 21.332395680534894]], [[-100.87507066611508, 21.332399884118146], [-100.87510896009354, 21.332395680534894]], [[-100.87510896009354, 21.332395680534894], [-100.87510447355326, 21.33235980165635]], [[-100.87506617958383, 21.332364005237924], [-100.87510447355326, 21.33235980165635]], [[-100.87510447355326, 21.33235980165635], [-100.8750999870159, 21.332323922777384]], [[-100.87506169305549, 21.33232812635727], [-100.8750999870159, 21.332323922777384]], [[-100.8750999870159, 21.332323922777384], [-100.87509550048144, 21.332288043897986]], [[-100.87505720653004, 21.332292247476193], [-100.87509550048144, 21.332288043897986]], [[-100.87509550048144, 21.332288043897986], [-100.87509101394988, 21.33225216501817]], [[-100.8750527200075, 21.332256368594685], [-100.87509101394988, 21.33225216501817]], [[-100.87509101394988, 21.33225216501817], [-100.87508652742123, 21.332216286137918]], [[-100.87504823348789, 21.33222048971276], [-100.87508652742123, 21.332216286137918]], [[-100.87508652742123, 21.332216286137918], [-100.8750820408955, 21.33218040725724]], [[-100.87504374697116, 21.332184610830414], [-100.8750820408955, 21.33218040725724]], [[-100.8750820408955, 21.33218040725724], [-100.87507755437265, 21.33214452837615]], [[-100.87503926045734, 21.332148731947633], [-100.87507755437265, 21.33214452837615]], [[-100.87507755437265, 21.33214452837615], [-100.87507306785271, 21.33210864949463]], [[-100.87503477394642, 21.33211285306443], [-100.87507306785271, 21.33210864949463]], [[-100.87507306785271, 21.33210864949463], [-100.8750685813357, 21.332072770612687]], [[-100.8750302874384, 21.3320769741808], [-100.8750685813357, 21.332072770612687]], [[-100.8750685813357, 21.332072770612687], [-100.87506409482155, 21.332036891730308]], [[-100.8750258009333, 21.33204109529675], [-100.87506409482155, 21.332036891730308]], [[-100.87506409482155, 21.332036891730308], [-100.87505960831034, 21.332001012847517]], [[-100.87502131443111, 21.332005216412274], [-100.87505960831034, 21.332001012847517]], [[-100.87505960831034, 21.332001012847517], [-100.87505512180202, 21.331965133964296]], [[-100.8750168279318, 21.331969337527365], [-100.87505512180202, 21.331965133964296]], [[-100.87505512180202, 21.331965133964296], [-100.8750506352966, 21.33192925508065]], [[-100.87501234143541, 21.33193345864204], [-100.8750506352966, 21.33192925508065]], [[-100.8750506352966, 21.33192925508065], [-100.8750461487941, 21.33189337619658]], [[-100.87500785494193, 21.331897579756287], [-100.8750461487941, 21.33189337619658]], [[-100.8750461487941, 21.33189337619658], [-100.8750416622945, 21.331857497312082]], [[-100.87500336845135, 21.331861700870103], [-100.8750416622945, 21.331857497312082]], [[-100.8750416622945, 21.331857497312082], [-100.8750371757978, 21.331821618427156]], [[-100.87499888196365, 21.331825821983507], [-100.8750371757978, 21.331821618427156]], [[-100.8750371757978, 21.331821618427156], [-100.875032689304, 21.331785739541814]], [[-100.87499439547888, 21.331789943096474], [-100.875032689304, 21.331785739541814]], [[-100.875032689304, 21.331785739541814], [-100.87502820281311, 21.33174986065604]], [[-100.87498990899702, 21.33175406420902], [-100.87502820281311, 21.33174986065604]], [[-100.87502820281311, 21.33174986065604], [-100.87502371632513, 21.331713981769845]], [[-100.87498542251805, 21.331718185321144], [-100.87502371632513, 21.331713981769845]], [[-100.87502371632513, 21.331713981769845], [-100.87501922984006, 21.33167810288322]], [[-100.874980936042, 21.331682306432842], [-100.87501922984006, 21.33167810288322]], [[-100.87501922984006, 21.33167810288322], [-100.87501474335788, 21.33164222399617]], [[-100.87497644956883, 21.33164642754411], [-100.87501474335788, 21.33164222399617]], [[-100.87501474335788, 21.33164222399617], [-100.87501025687861, 21.331606345108696]], [[-100.8749719630986, 21.331610548654957], [-100.87501025687861, 21.331606345108696]], [[-100.87501025687861, 21.331606345108696], [-100.87500577040225, 21.331570466220807]], [[-100.87496747663126, 21.331574669765377], [-100.87500577040225, 21.331570466220807]], [[-100.87500577040225, 21.331570466220807], [-100.8750012839288, 21.33153458733248]], [[-100.87496299016681, 21.33153879087537], [-100.8750012839288, 21.33153458733248]], [[-100.8750012839288, 21.33153458733248], [-100.87499679745824, 21.331498708443725]], [[-100.87495850370527, 21.331502911984938], [-100.87499679745824, 21.331498708443725]], [[-100.87499679745824, 21.331498708443725], [-100.87499231099058, 21.33146282955455]], [[-100.87495401724664, 21.331467033094082], [-100.87499231099058, 21.33146282955455]], [[-100.87499231099058, 21.33146282955455], [-100.87498782452583, 21.331426950664955]], [[-100.87494953079091, 21.331431154202804], [-100.87498782452583, 21.331426950664955]], [[-100.87498782452583, 21.331426950664955], [-100.874983338064, 21.331391071774927]], [[-100.87494504433809, 21.3313952753111], [-100.874983338064, 21.331391071774927]], [[-100.874983338064, 21.331391071774927], [-100.87497885160505, 21.331355192884484]], [[-100.87494055788817, 21.33135939641897], [-100.87497885160505, 21.331355192884484]], [[-100.87497885160505, 21.331355192884484], [-100.87497436514901, 21.331319313993614]], [[-100.87493607144116, 21.331323517526414], [-100.87497436514901, 21.331319313993614]], [[-100.87497436514901, 21.331319313993614], [-100.87496987869591, 21.33128343510231]], [[-100.87493158499704, 21.33128763863343], [-100.87496987869591, 21.33128343510231]], [[-100.87496987869591, 21.33128343510231], [-100.87496539224567, 21.331247556210588]], [[-100.87492709855584, 21.33125175974003], [-100.87496539224567, 21.331247556210588]], [[-100.87496539224567, 21.331247556210588], [-100.87496090579835, 21.331211677318436]], [[-100.87492261211756, 21.331215880846198], [-100.87496090579835, 21.331211677318436]], [[-100.87496090579835, 21.331211677318436], [-100.87495641935395, 21.331175798425864]], [[-100.87491812568216, 21.33118000195194], [-100.87495641935395, 21.331175798425864]], [[-100.87495641935395, 21.331175798425864], [-100.87495193291244, 21.331139919532863]], [[-100.87491363924967, 21.33114412305726], [-100.87495193291244, 21.331139919532863]], [[-100.87495193291244, 21.331139919532863], [-100.87494744647383, 21.331104040639442]], [[-100.87490915282008, 21.331108244162156], [-100.87494744647383, 21.331104040639442]], [[-100.87494744647383, 21.331104040639442], [-100.87494296003813, 21.331068161745588]], [[-100.8749046663934, 21.331072365266625], [-100.87494296003813, 21.331068161745588]], [[-100.87494296003813, 21.331068161745588], [-100.87493847360534, 21.331032282851314]], [[-100.87490017996963, 21.331036486370667], [-100.87493847360534, 21.331032282851314]], [[-100.87493847360534, 21.331032282851314], [-100.87493398717545, 21.330996403956608]], [[-100.87489569354875, 21.331000607474284], [-100.87493398717545, 21.330996403956608]], [[-100.87493398717545, 21.330996403956608], [-100.87492950074846, 21.330960525061492]], [[-100.87489120713079, 21.330964728577477], [-100.87492950074846, 21.330960525061492]], [[-100.87492950074846, 21.330960525061492], [-100.87492501432438, 21.330924646165936]], [[-100.87488672071574, 21.330928849680244], [-100.87492501432438, 21.330924646165936]], [[-100.87492501432438, 21.330924646165936], [-100.8749205279032, 21.330888767269958]], [[-100.87488223430357, 21.33089297078259], [-100.8749205279032, 21.330888767269958]], [[-100.8749205279032, 21.330888767269958], [-100.87491604148492, 21.330852888373563]], [[-100.87487774789432, 21.330857091884507], [-100.87491604148492, 21.330852888373563]], [[-100.87491604148492, 21.330852888373563], [-100.87491155506956, 21.330817009476736]], [[-100.87487326148798, 21.330821212986], [-100.87491155506956, 21.330817009476736]], [[-100.87491155506956, 21.330817009476736], [-100.8749070686571, 21.330781130579485]], [[-100.87486877508452, 21.330785334087064], [-100.8749070686571, 21.330781130579485]], [[-100.8749070686571, 21.330781130579485], [-100.87490258224753, 21.33074525168181]], [[-100.87486428868398, 21.330749455187707], [-100.87490258224753, 21.33074525168181]], [[-100.87519869150897, 21.333113258016503], [-100.87523698566493, 21.33310905439105]], [[-100.87523698566493, 21.33310905439105], [-100.87523249905753, 21.33307317552268]], [[-100.8751942049106, 21.33307737914646], [-100.87523249905753, 21.33307317552268]], [[-100.87523249905753, 21.33307317552268], [-100.87522801245305, 21.333037296653902]], [[-100.87518971831514, 21.333041500276], [-100.87522801245305, 21.333037296653902]], [[-100.87522801245305, 21.333037296653902], [-100.87522352585148, 21.33300141778469]], [[-100.87518523172257, 21.333005621405107], [-100.87522352585148, 21.33300141778469]], [[-100.87522352585148, 21.33300141778469], [-100.8752190392528, 21.33296553891506]], [[-100.87518074513292, 21.332969742533784], [-100.8752190392528, 21.33296553891506]], [[-100.8752190392528, 21.33296553891506], [-100.87521455265703, 21.332929660044993]], [[-100.87517625854618, 21.332933863662046], [-100.87521455265703, 21.332929660044993]], [[-100.87521455265703, 21.332929660044993], [-100.87521006606417, 21.33289378117451]], [[-100.87517177196234, 21.332897984789877], [-100.87521006606417, 21.33289378117451]], [[-100.87521006606417, 21.33289378117451], [-100.87520557947421, 21.3328579023036]], [[-100.8751672853814, 21.33286210591728], [-100.87520557947421, 21.3328579023036]], [[-100.87520557947421, 21.3328579023036], [-100.87520109288717, 21.332822023432257]], [[-100.87516279880336, 21.332826227044272], [-100.87520109288717, 21.332822023432257]], [[-100.87520109288717, 21.332822023432257], [-100.875196606303, 21.332786144560497]], [[-100.87515831222824, 21.332790348170825], [-100.875196606303, 21.332786144560497]], [[-100.875196606303, 21.332786144560497], [-100.87519211972176, 21.33275026568831]], [[-100.87515382565601, 21.332754469296958], [-100.87519211972176, 21.33275026568831]], [[-100.87519211972176, 21.33275026568831], [-100.87518763314343, 21.332714386815702]], [[-100.87514933908669, 21.332718590422665], [-100.87518763314343, 21.332714386815702]], [[-100.87518763314343, 21.332714386815702], [-100.87518314656799, 21.332678507942664]], [[-100.87514485252028, 21.33268271154795], [-100.87518314656799, 21.332678507942664]], [[-100.87518314656799, 21.332678507942664], [-100.87517865999547, 21.33264262906921]], [[-100.87514036595677, 21.3326468326728], [-100.87517865999547, 21.33264262906921]], [[-100.87517865999547, 21.33264262906921], [-100.87517417342583, 21.332606750195318]], [[-100.87513587939617, 21.33261095379724], [-100.87517417342583, 21.332606750195318]], [[-100.87517417342583, 21.332606750195318], [-100.87516968685912, 21.332570871321007]], [[-100.87513139283845, 21.332575074921238], [-100.87516968685912, 21.332570871321007]], [[-100.87516968685912, 21.332570871321007], [-100.8751652002953, 21.33253499244627]], [[-100.87512690628367, 21.33253919604482], [-100.8751652002953, 21.33253499244627]], [[-100.8751652002953, 21.33253499244627], [-100.87516071373439, 21.332499113571107]], [[-100.87512241973178, 21.332503317167973], [-100.87516071373439, 21.332499113571107]], [[-100.87516071373439, 21.332499113571107], [-100.87515622717639, 21.332463234695517]], [[-100.87511793318279, 21.332467438290713], [-100.87515622717639, 21.332463234695517]], [[-100.87515622717639, 21.332463234695517], [-100.87515174062129, 21.332427355819505]], [[-100.87511344663672, 21.33243155941301], [-100.87515174062129, 21.332427355819505]], [[-100.87515174062129, 21.332427355819505], [-100.8751472540691, 21.33239147694307]], [[-100.87510896009354, 21.332395680534894], [-100.8751472540691, 21.33239147694307]], [[-100.8751472540691, 21.33239147694307], [-100.8751427675198, 21.332355598066204]], [[-100.87510447355326, 21.33235980165635], [-100.8751427675198, 21.332355598066204]], [[-100.8751427675198, 21.332355598066204], [-100.87513828097342, 21.33231971918892]], [[-100.8750999870159, 21.332323922777384], [-100.87513828097342, 21.33231971918892]], [[-100.87513828097342, 21.33231971918892], [-100.87513379442994, 21.332283840311206]], [[-100.87509550048144, 21.332288043897986], [-100.87513379442994, 21.332283840311206]], [[-100.87513379442994, 21.332283840311206], [-100.87512930788937, 21.332247961433062]], [[-100.87509101394988, 21.33225216501817], [-100.87512930788937, 21.332247961433062]], [[-100.87512930788937, 21.332247961433062], [-100.8751248213517, 21.332212082554502]], [[-100.87508652742123, 21.332216286137918], [-100.8751248213517, 21.332212082554502]], [[-100.8751248213517, 21.332212082554502], [-100.87512033481693, 21.332176203675516]], [[-100.8750820408955, 21.33218040725724], [-100.87512033481693, 21.332176203675516]], [[-100.87512033481693, 21.332176203675516], [-100.87511584828508, 21.332140324796097]], [[-100.87507755437265, 21.33214452837615], [-100.87511584828508, 21.332140324796097]], [[-100.87511584828508, 21.332140324796097], [-100.87511136175611, 21.332104445916258]], [[-100.87507306785271, 21.33210864949463], [-100.87511136175611, 21.332104445916258]], [[-100.87511136175611, 21.332104445916258], [-100.87510687523006, 21.332068567035993]], [[-100.8750685813357, 21.332072770612687], [-100.87510687523006, 21.332068567035993]], [[-100.87510687523006, 21.332068567035993], [-100.87510238870692, 21.3320326881553]], [[-100.87506409482155, 21.332036891730308], [-100.87510238870692, 21.3320326881553]], [[-100.87510238870692, 21.3320326881553], [-100.87509790218668, 21.331996809274187]], [[-100.87505960831034, 21.332001012847517], [-100.87509790218668, 21.331996809274187]], [[-100.87509790218668, 21.331996809274187], [-100.87509341566934, 21.33196093039265]], [[-100.87505512180202, 21.331965133964296], [-100.87509341566934, 21.33196093039265]], [[-100.87509341566934, 21.33196093039265], [-100.87508892915491, 21.33192505151068]], [[-100.8750506352966, 21.33192925508065], [-100.87508892915491, 21.33192505151068]], [[-100.87508892915491, 21.33192505151068], [-100.87508444264338, 21.33188917262829]], [[-100.8750461487941, 21.33189337619658], [-100.87508444264338, 21.33188917262829]], [[-100.87508444264338, 21.33188917262829], [-100.87507995613475, 21.331853293745482]], [[-100.8750416622945, 21.331857497312082], [-100.87507995613475, 21.331853293745482]], [[-100.87507995613475, 21.331853293745482], [-100.87507546962904, 21.33181741486224]], [[-100.8750371757978, 21.331821618427156], [-100.87507546962904, 21.33181741486224]], [[-100.87507546962904, 21.33181741486224], [-100.87507098312622, 21.33178153597857]], [[-100.875032689304, 21.331785739541814], [-100.87507098312622, 21.33178153597857]], [[-100.87507098312622, 21.33178153597857], [-100.87506649662632, 21.331745657094487]], [[-100.87502820281311, 21.33174986065604], [-100.87506649662632, 21.331745657094487]], [[-100.87506649662632, 21.331745657094487], [-100.87506201012931, 21.331709778209966]], [[-100.87502371632513, 21.331713981769845], [-100.87506201012931, 21.331709778209966]], [[-100.87506201012931, 21.331709778209966], [-100.8750575236352, 21.331673899325025]], [[-100.87501922984006, 21.33167810288322], [-100.8750575236352, 21.331673899325025]], [[-100.8750575236352, 21.331673899325025], [-100.87505303714403, 21.33163802043966]], [[-100.87501474335788, 21.33164222399617], [-100.87505303714403, 21.33163802043966]], [[-100.87505303714403, 21.33163802043966], [-100.87504855065572, 21.331602141553866]], [[-100.87501025687861, 21.331606345108696], [-100.87504855065572, 21.331602141553866]], [[-100.87504855065572, 21.331602141553866], [-100.87504406417034, 21.33156626266765]], [[-100.87500577040225, 21.331570466220807], [-100.87504406417034, 21.33156626266765]], [[-100.87504406417034, 21.33156626266765], [-100.87503957768786, 21.331530383781015]], [[-100.8750012839288, 21.33153458733248], [-100.87503957768786, 21.331530383781015]], [[-100.87503957768786, 21.331530383781015], [-100.87503509120829, 21.331494504893943]], [[-100.87499679745824, 21.331498708443725], [-100.87503509120829, 21.331494504893943]], [[-100.87503509120829, 21.331494504893943], [-100.87503060473162, 21.33145862600645]], [[-100.87499231099058, 21.33146282955455], [-100.87503060473162, 21.33145862600645]], [[-100.87503060473162, 21.33145862600645], [-100.87502611825785, 21.331422747118534]], [[-100.87498782452583, 21.331426950664955], [-100.87502611825785, 21.331422747118534]], [[-100.87502611825785, 21.331422747118534], [-100.87502163178699, 21.331386868230194]], [[-100.874983338064, 21.331391071774927], [-100.87502163178699, 21.331386868230194]], [[-100.87502163178699, 21.331386868230194], [-100.87501714531903, 21.331350989341423]], [[-100.87497885160505, 21.331355192884484], [-100.87501714531903, 21.331350989341423]], [[-100.87501714531903, 21.331350989341423], [-100.87501265885398, 21.33131511045223]], [[-100.87497436514901, 21.331319313993614], [-100.87501265885398, 21.33131511045223]], [[-100.87501265885398, 21.33131511045223], [-100.87500817239184, 21.331279231562615]], [[-100.87496987869591, 21.33128343510231], [-100.87500817239184, 21.331279231562615]], [[-100.87500817239184, 21.331279231562615], [-100.8750036859326, 21.331243352672573]], [[-100.87496539224567, 21.331247556210588], [-100.8750036859326, 21.331243352672573]], [[-100.8750036859326, 21.331243352672573], [-100.87499919947625, 21.331207473782104]], [[-100.87496090579835, 21.331211677318436], [-100.87499919947625, 21.331207473782104]], [[-100.87499919947625, 21.331207473782104], [-100.87499471302283, 21.331171594891217]], [[-100.87495641935395, 21.331175798425864], [-100.87499471302283, 21.331171594891217]], [[-100.87499471302283, 21.331171594891217], [-100.8749902265723, 21.331135715999896]], [[-100.87495193291244, 21.331139919532863], [-100.8749902265723, 21.331135715999896]], [[-100.8749902265723, 21.331135715999896], [-100.87498574012467, 21.331099837108155]], [[-100.87494744647383, 21.331104040639442], [-100.87498574012467, 21.331099837108155]], [[-100.87498574012467, 21.331099837108155], [-100.87498125367996, 21.331063958215985]], [[-100.87494296003813, 21.331068161745588], [-100.87498125367996, 21.331063958215985]], [[-100.87498125367996, 21.331063958215985], [-100.87497676723814, 21.33102807932339]], [[-100.87493847360534, 21.331032282851314], [-100.87497676723814, 21.33102807932339]], [[-100.87497676723814, 21.33102807932339], [-100.87497228079923, 21.33099220043037]], [[-100.87493398717545, 21.330996403956608], [-100.87497228079923, 21.33099220043037]], [[-100.87497228079923, 21.33099220043037], [-100.87496779436322, 21.330956321536924]], [[-100.87492950074846, 21.330960525061492], [-100.87496779436322, 21.330956321536924]], [[-100.87496779436322, 21.330956321536924], [-100.87496330793013, 21.33092044264306]], [[-100.87492501432438, 21.330924646165936], [-100.87496330793013, 21.33092044264306]], [[-100.87496330793013, 21.33092044264306], [-100.87495882149993, 21.330884563748764]], [[-100.8749205279032, 21.330888767269958], [-100.87495882149993, 21.330884563748764]], [[-100.87495882149993, 21.330884563748764], [-100.87495433507264, 21.330848684854047]], [[-100.87491604148492, 21.330852888373563], [-100.87495433507264, 21.330848684854047]], [[-100.87495433507264, 21.330848684854047], [-100.87494984864824, 21.330812805958907]], [[-100.87491155506956, 21.330817009476736], [-100.87494984864824, 21.330812805958907]], [[-100.87494984864824, 21.330812805958907], [-100.87494536222677, 21.330776927063337]], [[-100.8749070686571, 21.330781130579485], [-100.87494536222677, 21.330776927063337]], [[-100.87494536222677, 21.330776927063337], [-100.87494087580819, 21.330741048167337]], [[-100.87490258224753, 21.33074525168181], [-100.87494087580819, 21.330741048167337]], [[-100.87524147227522, 21.33314493325898], [-100.87523698566493, 21.33310905439105]], [[-100.87524147227522, 21.33314493325898], [-100.8752797664373, 21.333140729623263]], [[-100.8752797664373, 21.333140729623263], [-100.87527527981798, 21.33310485075701]], [[-100.87523698566493, 21.33310905439105], [-100.87527527981798, 21.33310485075701]], [[-100.87527527981798, 21.33310485075701], [-100.87527079320157, 21.333068971890334]], [[-100.87523249905753, 21.33307317552268], [-100.87527079320157, 21.333068971890334]], [[-100.87527079320157, 21.333068971890334], [-100.87526630658807, 21.333033093023225]], [[-100.87522801245305, 21.333037296653902], [-100.87526630658807, 21.333033093023225]], [[-100.87526630658807, 21.333033093023225], [-100.87526181997747, 21.332997214155704]], [[-100.87522352585148, 21.33300141778469], [-100.87526181997747, 21.332997214155704]], [[-100.87526181997747, 21.332997214155704], [-100.87525733336977, 21.33296133528775]], [[-100.8752190392528, 21.33296553891506], [-100.87525733336977, 21.33296133528775]], [[-100.87525733336977, 21.33296133528775], [-100.875252846765, 21.332925456419368]], [[-100.87521455265703, 21.332929660044993], [-100.875252846765, 21.332925456419368]], [[-100.875252846765, 21.332925456419368], [-100.8752483601631, 21.33288957755056]], [[-100.87521006606417, 21.33289378117451], [-100.8752483601631, 21.33288957755056]], [[-100.8752483601631, 21.33288957755056], [-100.87524387356412, 21.33285369868133]], [[-100.87520557947421, 21.3328579023036], [-100.87524387356412, 21.33285369868133]], [[-100.87524387356412, 21.33285369868133], [-100.87523938696805, 21.332817819811684]], [[-100.87520109288717, 21.332822023432257], [-100.87523938696805, 21.332817819811684]], [[-100.87523938696805, 21.332817819811684], [-100.87523490037488, 21.332781940941597]], [[-100.875196606303, 21.332786144560497], [-100.87523490037488, 21.332781940941597]], [[-100.87523490037488, 21.332781940941597], [-100.87523041378462, 21.3327460620711]], [[-100.87519211972176, 21.33275026568831], [-100.87523041378462, 21.3327460620711]], [[-100.87523041378462, 21.3327460620711], [-100.87522592719726, 21.332710183200167]], [[-100.87518763314343, 21.332714386815702], [-100.87522592719726, 21.332710183200167]], [[-100.87522592719726, 21.332710183200167], [-100.8752214406128, 21.332674304328812]], [[-100.87518314656799, 21.332678507942664], [-100.8752214406128, 21.332674304328812]], [[-100.8752214406128, 21.332674304328812], [-100.87521695403126, 21.33263842545703]], [[-100.87517865999547, 21.33264262906921], [-100.87521695403126, 21.33263842545703]], [[-100.87521695403126, 21.33263842545703], [-100.87521246745261, 21.332602546584823]], [[-100.87517417342583, 21.332606750195318], [-100.87521246745261, 21.332602546584823]], [[-100.87521246745261, 21.332602546584823], [-100.87520798087687, 21.332566667712197]], [[-100.87516968685912, 21.332570871321007], [-100.87520798087687, 21.332566667712197]], [[-100.87520798087687, 21.332566667712197], [-100.87520349430403, 21.332530788839144]], [[-100.8751652002953, 21.33253499244627], [-100.87520349430403, 21.332530788839144]], [[-100.87520349430403, 21.332530788839144], [-100.8751990077341, 21.332494909965657]], [[-100.87516071373439, 21.332499113571107], [-100.8751990077341, 21.332494909965657]], [[-100.8751990077341, 21.332494909965657], [-100.87519452116707, 21.332459031091755]], [[-100.87515622717639, 21.332463234695517], [-100.87519452116707, 21.332459031091755]], [[-100.87519452116707, 21.332459031091755], [-100.87519003460295, 21.332423152217423]], [[-100.87515174062129, 21.332427355819505], [-100.87519003460295, 21.332423152217423]], [[-100.87519003460295, 21.332423152217423], [-100.87518554804176, 21.332387273342672]], [[-100.8751472540691, 21.33239147694307], [-100.87518554804176, 21.332387273342672]], [[-100.87518554804176, 21.332387273342672], [-100.87518106148343, 21.332351394467484]], [[-100.8751427675198, 21.332355598066204], [-100.87518106148343, 21.332351394467484]], [[-100.87518106148343, 21.332351394467484], [-100.87517657492802, 21.332315515591876]], [[-100.87513828097342, 21.33231971918892], [-100.87517657492802, 21.332315515591876]], [[-100.87517657492802, 21.332315515591876], [-100.87517208837554, 21.332279636715846]], [[-100.87513379442994, 21.332283840311206], [-100.87517208837554, 21.332279636715846]], [[-100.87517208837554, 21.332279636715846], [-100.87516760182594, 21.332243757839393]], [[-100.87512930788937, 21.332247961433062], [-100.87516760182594, 21.332243757839393]], [[-100.87516760182594, 21.332243757839393], [-100.87516311527925, 21.33220787896251]], [[-100.8751248213517, 21.332212082554502], [-100.87516311527925, 21.33220787896251]], [[-100.87516311527925, 21.33220787896251], [-100.87515862873546, 21.332172000085205]], [[-100.87512033481693, 21.332176203675516], [-100.87515862873546, 21.332172000085205]], [[-100.87515862873546, 21.332172000085205], [-100.87515414219457, 21.33213612120747]], [[-100.87511584828508, 21.332140324796097], [-100.87515414219457, 21.33213612120747]], [[-100.87515414219457, 21.33213612120747], [-100.8751496556566, 21.33210024232931]], [[-100.87511136175611, 21.332104445916258], [-100.8751496556566, 21.33210024232931]], [[-100.8751496556566, 21.33210024232931], [-100.87514516912152, 21.33206436345073]], [[-100.87510687523006, 21.332068567035993], [-100.87514516912152, 21.33206436345073]], [[-100.87514516912152, 21.33206436345073], [-100.87514068258936, 21.332028484571723]], [[-100.87510238870692, 21.3320326881553], [-100.87514068258936, 21.332028484571723]], [[-100.87514068258936, 21.332028484571723], [-100.8751361960601, 21.331992605692285]], [[-100.87509790218668, 21.331996809274187], [-100.8751361960601, 21.331992605692285]], [[-100.8751361960601, 21.331992605692285], [-100.87513170953375, 21.33195672681243]], [[-100.87509341566934, 21.33196093039265], [-100.87513170953375, 21.33195672681243]], [[-100.87513170953375, 21.33195672681243], [-100.8751272230103, 21.331920847932146]], [[-100.87508892915491, 21.33192505151068], [-100.8751272230103, 21.331920847932146]], [[-100.8751272230103, 21.331920847932146], [-100.87512273648974, 21.331884969051437]], [[-100.87508444264338, 21.33188917262829], [-100.87512273648974, 21.331884969051437]], [[-100.87512273648974, 21.331884969051437], [-100.8751182499721, 21.3318490901703]], [[-100.87507995613475, 21.331853293745482], [-100.8751182499721, 21.3318490901703]], [[-100.8751182499721, 21.3318490901703], [-100.87511376345736, 21.33181321128875]], [[-100.87507546962904, 21.33181741486224], [-100.87511376345736, 21.33181321128875]], [[-100.87511376345736, 21.33181321128875], [-100.87510927694554, 21.331777332406766]], [[-100.87507098312622, 21.33178153597857], [-100.87510927694554, 21.331777332406766]], [[-100.87510927694554, 21.331777332406766], [-100.87510479043661, 21.33174145352435]], [[-100.87506649662632, 21.331745657094487], [-100.87510479043661, 21.33174145352435]], [[-100.87510479043661, 21.33174145352435], [-100.87510030393058, 21.33170557464152]], [[-100.87506201012931, 21.331709778209966], [-100.87510030393058, 21.33170557464152]], [[-100.87510030393058, 21.33170557464152], [-100.87509581742746, 21.331669695758258]], [[-100.8750575236352, 21.331673899325025], [-100.87509581742746, 21.331669695758258]], [[-100.87509581742746, 21.331669695758258], [-100.87509133092725, 21.331633816874575]], [[-100.87505303714403, 21.33163802043966], [-100.87509133092725, 21.331633816874575]], [[-100.87509133092725, 21.331633816874575], [-100.87508684442994, 21.331597937990463]], [[-100.87504855065572, 21.331602141553866], [-100.87508684442994, 21.331597937990463]], [[-100.87508684442994, 21.331597937990463], [-100.87508235793554, 21.33156205910593]], [[-100.87504406417034, 21.33156626266765], [-100.87508235793554, 21.33156205910593]], [[-100.87508235793554, 21.33156205910593], [-100.87507787144403, 21.331526180220973]], [[-100.87503957768786, 21.331530383781015], [-100.87507787144403, 21.331526180220973]], [[-100.87507787144403, 21.331526180220973], [-100.87507338495544, 21.331490301335588]], [[-100.87503509120829, 21.331494504893943], [-100.87507338495544, 21.331490301335588]], [[-100.87507338495544, 21.331490301335588], [-100.87506889846975, 21.33145442244978]], [[-100.87503060473162, 21.33145862600645], [-100.87506889846975, 21.33145442244978]], [[-100.87506889846975, 21.33145442244978], [-100.87506441198697, 21.331418543563537]], [[-100.87502611825785, 21.331422747118534], [-100.87506441198697, 21.331418543563537]], [[-100.87506441198697, 21.331418543563537], [-100.87505992550709, 21.33138266467688]], [[-100.87502163178699, 21.331386868230194], [-100.87505992550709, 21.33138266467688]], [[-100.87505992550709, 21.33138266467688], [-100.87505543903012, 21.331346785789798]], [[-100.87501714531903, 21.331350989341423], [-100.87505543903012, 21.331346785789798]], [[-100.87505543903012, 21.331346785789798], [-100.87505095255604, 21.331310906902285]], [[-100.87501265885398, 21.33131511045223], [-100.87505095255604, 21.331310906902285]], [[-100.87505095255604, 21.331310906902285], [-100.87504646608487, 21.331275028014346]], [[-100.87500817239184, 21.331279231562615], [-100.87504646608487, 21.331275028014346]], [[-100.87504646608487, 21.331275028014346], [-100.87504197961661, 21.331239149125988]], [[-100.8750036859326, 21.331243352672573], [-100.87504197961661, 21.331239149125988]], [[-100.87504197961661, 21.331239149125988], [-100.87503749315125, 21.3312032702372]], [[-100.87499919947625, 21.331207473782104], [-100.87503749315125, 21.3312032702372]], [[-100.87503749315125, 21.3312032702372], [-100.87503300668881, 21.33116739134799]], [[-100.87499471302283, 21.331171594891217], [-100.87503300668881, 21.33116739134799]], [[-100.87503300668881, 21.33116739134799], [-100.87502852022925, 21.331131512458356]], [[-100.8749902265723, 21.331135715999896], [-100.87502852022925, 21.331131512458356]], [[-100.87502852022925, 21.331131512458356], [-100.8750240337726, 21.331095633568292]], [[-100.87498574012467, 21.331099837108155], [-100.8750240337726, 21.331095633568292]], [[-100.8750240337726, 21.331095633568292], [-100.87501954731889, 21.331059754677803]], [[-100.87498125367996, 21.331063958215985], [-100.87501954731889, 21.331059754677803]], [[-100.87501954731889, 21.331059754677803], [-100.87501506086804, 21.331023875786894]], [[-100.87497676723814, 21.33102807932339], [-100.87501506086804, 21.331023875786894]], [[-100.87501506086804, 21.331023875786894], [-100.8750105744201, 21.330987996895555]], [[-100.87497228079923, 21.33099220043037], [-100.8750105744201, 21.330987996895555]], [[-100.8750105744201, 21.330987996895555], [-100.87500608797508, 21.330952118003797]], [[-100.87496779436322, 21.330956321536924], [-100.87500608797508, 21.330952118003797]], [[-100.87500608797508, 21.330952118003797], [-100.87500160153297, 21.330916239111612]], [[-100.87496330793013, 21.33092044264306], [-100.87500160153297, 21.330916239111612]], [[-100.87500160153297, 21.330916239111612], [-100.87499711509375, 21.330880360219]], [[-100.87495882149993, 21.330884563748764], [-100.87499711509375, 21.330880360219]], [[-100.87499711509375, 21.330880360219], [-100.87499262865744, 21.330844481325954]], [[-100.87495433507264, 21.330848684854047], [-100.87499262865744, 21.330844481325954]], [[-100.87499262865744, 21.330844481325954], [-100.87498814222404, 21.33080860243249]], [[-100.87494984864824, 21.330812805958907], [-100.87498814222404, 21.33080860243249]], [[-100.87498814222404, 21.33080860243249], [-100.87498365579353, 21.330772723538608]], [[-100.87494536222677, 21.330776927063337], [-100.87498365579353, 21.330772723538608]], [[-100.87498365579353, 21.330772723538608], [-100.87497916936594, 21.330736844644296]], [[-100.87494087580819, 21.330741048167337], [-100.87497916936594, 21.330736844644296]], [[-100.8752842530595, 21.33317660848909], [-100.8752797664373, 21.333140729623263]], [[-100.8752842530595, 21.33317660848909], [-100.8753225472277, 21.333172404843122]], [[-100.8753225472277, 21.333172404843122], [-100.87531806059647, 21.33313652597897]], [[-100.8752797664373, 21.333140729623263], [-100.87531806059647, 21.33313652597897]], [[-100.87531806059647, 21.33313652597897], [-100.87531357396813, 21.333100647114403]], [[-100.87527527981798, 21.33310485075701], [-100.87531357396813, 21.333100647114403]], [[-100.87531357396813, 21.333100647114403], [-100.8753090873427, 21.333064768249407]], [[-100.87527079320157, 21.333068971890334], [-100.8753090873427, 21.333064768249407]], [[-100.8753090873427, 21.333064768249407], [-100.87530460072018, 21.333028889383986]], [[-100.87526630658807, 21.333033093023225], [-100.87530460072018, 21.333028889383986]], [[-100.87530460072018, 21.333028889383986], [-100.87530011410055, 21.332993010518134]], [[-100.87526181997747, 21.332997214155704], [-100.87530011410055, 21.332993010518134]], [[-100.87530011410055, 21.332993010518134], [-100.87529562748384, 21.33295713165187]], [[-100.87525733336977, 21.33296133528775], [-100.87529562748384, 21.33295713165187]], [[-100.87529562748384, 21.33295713165187], [-100.87529114087003, 21.332921252785166]], [[-100.875252846765, 21.332925456419368], [-100.87529114087003, 21.332921252785166]], [[-100.87529114087003, 21.332921252785166], [-100.87528665425913, 21.33288537391805]], [[-100.8752483601631, 21.33288957755056], [-100.87528665425913, 21.33288537391805]], [[-100.87528665425913, 21.33288537391805], [-100.87528216765112, 21.3328494950505]], [[-100.87524387356412, 21.33285369868133], [-100.87528216765112, 21.3328494950505]], [[-100.87528216765112, 21.3328494950505], [-100.87527768104604, 21.332813616182527]], [[-100.87523938696805, 21.332817819811684], [-100.87527768104604, 21.332813616182527]], [[-100.87527768104604, 21.332813616182527], [-100.87527319444384, 21.332777737314125]], [[-100.87523490037488, 21.332781940941597], [-100.87527319444384, 21.332777737314125]], [[-100.87527319444384, 21.332777737314125], [-100.87526870784455, 21.3327418584453]], [[-100.87523041378462, 21.3327460620711], [-100.87526870784455, 21.3327418584453]], [[-100.87526870784455, 21.3327418584453], [-100.87526422124819, 21.33270597957606]], [[-100.87522592719726, 21.332710183200167], [-100.87526422124819, 21.33270597957606]], [[-100.87526422124819, 21.33270597957606], [-100.8752597346547, 21.332670100706387]], [[-100.8752214406128, 21.332674304328812], [-100.8752597346547, 21.332670100706387]], [[-100.8752597346547, 21.332670100706387], [-100.87525524806414, 21.332634221836287]], [[-100.87521695403126, 21.33263842545703], [-100.87525524806414, 21.332634221836287]], [[-100.87525524806414, 21.332634221836287], [-100.87525076147648, 21.332598342965763]], [[-100.87521246745261, 21.332602546584823], [-100.87525076147648, 21.332598342965763]], [[-100.87525076147648, 21.332598342965763], [-100.87524627489172, 21.332562464094813]], [[-100.87520798087687, 21.332566667712197], [-100.87524627489172, 21.332562464094813]], [[-100.87524627489172, 21.332562464094813], [-100.87524178830986, 21.332526585223437]], [[-100.87520349430403, 21.332530788839144], [-100.87524178830986, 21.332526585223437]], [[-100.87524178830986, 21.332526585223437], [-100.8752373017309, 21.332490706351646]], [[-100.8751990077341, 21.332494909965657], [-100.8752373017309, 21.332490706351646]], [[-100.8752373017309, 21.332490706351646], [-100.87523281515486, 21.332454827479417]], [[-100.87519452116707, 21.332459031091755], [-100.87523281515486, 21.332454827479417]], [[-100.87523281515486, 21.332454827479417], [-100.87522832858173, 21.33241894860677]], [[-100.87519003460295, 21.332423152217423], [-100.87522832858173, 21.33241894860677]], [[-100.87522832858173, 21.33241894860677], [-100.87522384201148, 21.33238306973369]], [[-100.87518554804176, 21.332387273342672], [-100.87522384201148, 21.33238306973369]], [[-100.87522384201148, 21.33238306973369], [-100.87521935544416, 21.3323471908602]], [[-100.87518106148343, 21.332351394467484], [-100.87521935544416, 21.3323471908602]], [[-100.87521935544416, 21.3323471908602], [-100.87521486887974, 21.332311311986274]], [[-100.87517657492802, 21.332315515591876], [-100.87521486887974, 21.332311311986274]], [[-100.87521486887974, 21.332311311986274], [-100.8752103823182, 21.332275433111924]], [[-100.87517208837554, 21.332279636715846], [-100.8752103823182, 21.332275433111924]], [[-100.8752103823182, 21.332275433111924], [-100.87520589575959, 21.332239554237148]], [[-100.87516760182594, 21.332243757839393], [-100.87520589575959, 21.332239554237148]], [[-100.87520589575959, 21.332239554237148], [-100.87520140920388, 21.33220367536195]], [[-100.87516311527925, 21.33220787896251], [-100.87520140920388, 21.33220367536195]], [[-100.87520140920388, 21.33220367536195], [-100.87519692265109, 21.332167796486317]], [[-100.87515862873546, 21.332172000085205], [-100.87519692265109, 21.332167796486317]], [[-100.87519692265109, 21.332167796486317], [-100.87519243610117, 21.332131917610276]], [[-100.87515414219457, 21.33213612120747], [-100.87519243610117, 21.332131917610276]], [[-100.87519243610117, 21.332131917610276], [-100.87518794955417, 21.33209603873379]], [[-100.8751496556566, 21.33210024232931], [-100.87518794955417, 21.33209603873379]], [[-100.87518794955417, 21.33209603873379], [-100.8751834630101, 21.332060159856887]], [[-100.87514516912152, 21.33206436345073], [-100.8751834630101, 21.332060159856887]], [[-100.8751834630101, 21.332060159856887], [-100.87517897646892, 21.332024280979564]], [[-100.87514068258936, 21.332028484571723], [-100.87517897646892, 21.332024280979564]], [[-100.87517897646892, 21.332024280979564], [-100.87517448993063, 21.33198840210181]], [[-100.8751361960601, 21.331992605692285], [-100.87517448993063, 21.33198840210181]], [[-100.87517448993063, 21.33198840210181], [-100.87517000339525, 21.33195252322364]], [[-100.87513170953375, 21.33195672681243], [-100.87517000339525, 21.33195252322364]], [[-100.87517000339525, 21.33195252322364], [-100.87516551686278, 21.33191664434504]], [[-100.8751272230103, 21.331920847932146], [-100.87516551686278, 21.33191664434504]], [[-100.87516551686278, 21.33191664434504], [-100.87516103033322, 21.331880765466014]], [[-100.87512273648974, 21.331884969051437], [-100.87516103033322, 21.331880765466014]], [[-100.87516103033322, 21.331880765466014], [-100.87515654380655, 21.331844886586556]], [[-100.8751182499721, 21.3318490901703], [-100.87515654380655, 21.331844886586556]], [[-100.87515654380655, 21.331844886586556], [-100.87515205728279, 21.331809007706685]], [[-100.87511376345736, 21.33181321128875], [-100.87515205728279, 21.331809007706685]], [[-100.87515205728279, 21.331809007706685], [-100.87514757076194, 21.33177312882638]], [[-100.87510927694554, 21.331777332406766], [-100.87514757076194, 21.33177312882638]], [[-100.87514757076194, 21.33177312882638], [-100.87514308424399, 21.331737249945654]], [[-100.87510479043661, 21.33174145352435], [-100.87514308424399, 21.331737249945654]], [[-100.87514308424399, 21.331737249945654], [-100.87513859772895, 21.331701371064497]], [[-100.87510030393058, 21.33170557464152], [-100.87513859772895, 21.331701371064497]], [[-100.87513859772895, 21.331701371064497], [-100.87513411121681, 21.331665492182925]], [[-100.87509581742746, 21.331669695758258], [-100.87513411121681, 21.331665492182925]], [[-100.87513411121681, 21.331665492182925], [-100.87512962470758, 21.331629613300915]], [[-100.87509133092725, 21.331633816874575], [-100.87512962470758, 21.331629613300915]], [[-100.87512962470758, 21.331629613300915], [-100.87512513820126, 21.33159373441849]], [[-100.87508684442994, 21.331597937990463], [-100.87512513820126, 21.33159373441849]], [[-100.87512513820126, 21.33159373441849], [-100.87512065169783, 21.33155785553564]], [[-100.87508235793554, 21.33156205910593], [-100.87512065169783, 21.33155785553564]], [[-100.87512065169783, 21.33155785553564], [-100.87511616519731, 21.33152197665236]], [[-100.87507787144403, 21.331526180220973], [-100.87511616519731, 21.33152197665236]], [[-100.87511616519731, 21.33152197665236], [-100.87511167869968, 21.331486097768654]], [[-100.87507338495544, 21.331490301335588], [-100.87511167869968, 21.331486097768654]], [[-100.87511167869968, 21.331486097768654], [-100.87510719220498, 21.331450218884537]], [[-100.87506889846975, 21.33145442244978], [-100.87510719220498, 21.331450218884537]], [[-100.87510719220498, 21.331450218884537], [-100.87510270571319, 21.331414339999977]], [[-100.87506441198697, 21.331418543563537], [-100.87510270571319, 21.331414339999977]], [[-100.87510270571319, 21.331414339999977], [-100.87509821922427, 21.33137846111499]], [[-100.87505992550709, 21.33138266467688], [-100.87509821922427, 21.33137846111499]], [[-100.87509821922427, 21.33137846111499], [-100.87509373273828, 21.33134258222959]], [[-100.87505543903012, 21.331346785789798], [-100.87509373273828, 21.33134258222959]], [[-100.87509373273828, 21.33134258222959], [-100.87508924625519, 21.33130670334376]], [[-100.87505095255604, 21.331310906902285], [-100.87508924625519, 21.33130670334376]], [[-100.87508924625519, 21.33130670334376], [-100.875084759775, 21.331270824457505]], [[-100.87504646608487, 21.331275028014346], [-100.875084759775, 21.331270824457505]], [[-100.875084759775, 21.331270824457505], [-100.87508027329771, 21.331234945570827]], [[-100.87504197961661, 21.331239149125988], [-100.87508027329771, 21.331234945570827]], [[-100.87508027329771, 21.331234945570827], [-100.87507578682336, 21.331199066683727]], [[-100.87503749315125, 21.3312032702372], [-100.87507578682336, 21.331199066683727]], [[-100.87507578682336, 21.331199066683727], [-100.87507130035188, 21.331163187796193]], [[-100.87503300668881, 21.33116739134799], [-100.87507130035188, 21.331163187796193]], [[-100.87507130035188, 21.331163187796193], [-100.87506681388331, 21.331127308908236]], [[-100.87502852022925, 21.331131512458356], [-100.87506681388331, 21.331127308908236]], [[-100.87506681388331, 21.331127308908236], [-100.87506232741765, 21.331091430019857]], [[-100.8750240337726, 21.331095633568292], [-100.87506232741765, 21.331091430019857]], [[-100.87506232741765, 21.331091430019857], [-100.87505784095488, 21.331055551131055]], [[-100.87501954731889, 21.331059754677803], [-100.87505784095488, 21.331055551131055]], [[-100.87505784095488, 21.331055551131055], [-100.87505335449504, 21.331019672241823]], [[-100.87501506086804, 21.331023875786894], [-100.87505335449504, 21.331019672241823]], [[-100.87505335449504, 21.331019672241823], [-100.87504886803809, 21.33098379335217]], [[-100.8750105744201, 21.330987996895555], [-100.87504886803809, 21.33098379335217]], [[-100.87504886803809, 21.33098379335217], [-100.87504438158403, 21.330947914462087]], [[-100.87500608797508, 21.330952118003797], [-100.87504438158403, 21.330947914462087]], [[-100.87504438158403, 21.330947914462087], [-100.8750398951329, 21.330912035571583]], [[-100.87500160153297, 21.330916239111612], [-100.8750398951329, 21.330912035571583]], [[-100.8750398951329, 21.330912035571583], [-100.87503540868467, 21.330876156680656]], [[-100.87499711509375, 21.330880360219], [-100.87503540868467, 21.330876156680656]], [[-100.87503540868467, 21.330876156680656], [-100.87503092223933, 21.330840277789296]], [[-100.87499262865744, 21.330844481325954], [-100.87503092223933, 21.330840277789296]], [[-100.87503092223933, 21.330840277789296], [-100.87502643579691, 21.330804398897516]], [[-100.87498814222404, 21.33080860243249], [-100.87502643579691, 21.330804398897516]], [[-100.87502643579691, 21.330804398897516], [-100.87502194935739, 21.330768520005307]], [[-100.87498365579353, 21.330772723538608], [-100.87502194935739, 21.330768520005307]], [[-100.87502194935739, 21.330768520005307], [-100.87501746292078, 21.33073264111268]], [[-100.87497916936594, 21.330736844644296], [-100.87501746292078, 21.33073264111268]], [[-100.8753225472277, 21.333172404843122], [-100.87536084139299, 21.33316820118857]], [[-100.87536084139299, 21.33316820118857], [-100.87535635475272, 21.333132322326115]], [[-100.87531806059647, 21.33313652597897], [-100.87535635475272, 21.333132322326115]], [[-100.87535635475272, 21.333132322326115], [-100.87535186811537, 21.33309644346322]], [[-100.87531357396813, 21.333100647114403], [-100.87535186811537, 21.33309644346322]], [[-100.87535186811537, 21.33309644346322], [-100.87534738148092, 21.333060564599904]], [[-100.8753090873427, 21.333064768249407], [-100.87534738148092, 21.333060564599904]], [[-100.87534738148092, 21.333060564599904], [-100.87534289484938, 21.333024685736167]], [[-100.87530460072018, 21.333028889383986], [-100.87534289484938, 21.333024685736167]], [[-100.87534289484938, 21.333024685736167], [-100.87533840822074, 21.332988806872006]], [[-100.87530011410055, 21.332993010518134], [-100.87533840822074, 21.332988806872006]], [[-100.87533840822074, 21.332988806872006], [-100.87533392159501, 21.332952928007415]], [[-100.87529562748384, 21.33295713165187], [-100.87533392159501, 21.332952928007415]], [[-100.87533392159501, 21.332952928007415], [-100.87532943497217, 21.3329170491424]], [[-100.87529114087003, 21.332921252785166], [-100.87532943497217, 21.3329170491424]], [[-100.87532943497217, 21.3329170491424], [-100.87532494835226, 21.33288117027696]], [[-100.87528665425913, 21.33288537391805], [-100.87532494835226, 21.33288117027696]], [[-100.87532494835226, 21.33288117027696], [-100.87532046173524, 21.332845291411093]], [[-100.87528216765112, 21.3328494950505], [-100.87532046173524, 21.332845291411093]], [[-100.87532046173524, 21.332845291411093], [-100.87531597512111, 21.3328094125448]], [[-100.87527768104604, 21.332813616182527], [-100.87531597512111, 21.3328094125448]], [[-100.87531597512111, 21.3328094125448], [-100.87531148850991, 21.33277353367809]], [[-100.87527319444384, 21.332777737314125], [-100.87531148850991, 21.33277353367809]], [[-100.87531148850991, 21.33277353367809], [-100.8753070019016, 21.332737654810945]], [[-100.87526870784455, 21.3327418584453], [-100.8753070019016, 21.332737654810945]], [[-100.8753070019016, 21.332737654810945], [-100.8753025152962, 21.332701775943374]], [[-100.87526422124819, 21.33270597957606], [-100.8753025152962, 21.332701775943374]], [[-100.8753025152962, 21.332701775943374], [-100.8752980286937, 21.332665897075387]], [[-100.8752597346547, 21.332670100706387], [-100.8752980286937, 21.332665897075387]], [[-100.8752980286937, 21.332665897075387], [-100.87529354209411, 21.33263001820697]], [[-100.87525524806414, 21.332634221836287], [-100.87529354209411, 21.33263001820697]], [[-100.87529354209411, 21.33263001820697], [-100.87528905549743, 21.332594139338124]], [[-100.87525076147648, 21.332598342965763], [-100.87528905549743, 21.332594139338124]], [[-100.87528905549743, 21.332594139338124], [-100.87528456890365, 21.33255826046886]], [[-100.87524627489172, 21.332562464094813], [-100.87528456890365, 21.33255826046886]], [[-100.87528456890365, 21.33255826046886], [-100.87528008231278, 21.332522381599173]], [[-100.87524178830986, 21.332526585223437], [-100.87528008231278, 21.332522381599173]], [[-100.87528008231278, 21.332522381599173], [-100.8752755957248, 21.33248650272905]], [[-100.8752373017309, 21.332490706351646], [-100.8752755957248, 21.33248650272905]], [[-100.8752755957248, 21.33248650272905], [-100.87527110913975, 21.332450623858513]], [[-100.87523281515486, 21.332454827479417], [-100.87527110913975, 21.332450623858513]], [[-100.87527110913975, 21.332450623858513], [-100.87526662255758, 21.332414744987542]], [[-100.87522832858173, 21.33241894860677], [-100.87526662255758, 21.332414744987542]], [[-100.87526662255758, 21.332414744987542], [-100.87526213597833, 21.332378866116148]], [[-100.87522384201148, 21.33238306973369], [-100.87526213597833, 21.332378866116148]], [[-100.87526213597833, 21.332378866116148], [-100.87525764940197, 21.332342987244335]], [[-100.87521935544416, 21.3323471908602], [-100.87525764940197, 21.332342987244335]], [[-100.87525764940197, 21.332342987244335], [-100.87525316282853, 21.33230710837209]], [[-100.87521486887974, 21.332311311986274], [-100.87525316282853, 21.33230710837209]], [[-100.87525316282853, 21.33230710837209], [-100.875248676258, 21.33227122949942]], [[-100.8752103823182, 21.332275433111924], [-100.875248676258, 21.33227122949942]], [[-100.875248676258, 21.33227122949942], [-100.87524418969036, 21.33223535062633]], [[-100.87520589575959, 21.332239554237148], [-100.87524418969036, 21.33223535062633]], [[-100.87524418969036, 21.33223535062633], [-100.87523970312563, 21.332199471752812]], [[-100.87520140920388, 21.33220367536195], [-100.87523970312563, 21.332199471752812]], [[-100.87523970312563, 21.332199471752812], [-100.8752352165638, 21.332163592878864]], [[-100.87519692265109, 21.332167796486317], [-100.8752352165638, 21.332163592878864]], [[-100.8752352165638, 21.332163592878864], [-100.87523073000489, 21.332127714004496]], [[-100.87519243610117, 21.332131917610276], [-100.87523073000489, 21.332127714004496]], [[-100.87523073000489, 21.332127714004496], [-100.87522624344886, 21.332091835129706]], [[-100.87518794955417, 21.33209603873379], [-100.87522624344886, 21.332091835129706]], [[-100.87522624344886, 21.332091835129706], [-100.87522175689575, 21.332055956254486]], [[-100.8751834630101, 21.332060159856887], [-100.87522175689575, 21.332055956254486]], [[-100.87522175689575, 21.332055956254486], [-100.87521727034554, 21.332020077378836]], [[-100.87517897646892, 21.332024280979564], [-100.87521727034554, 21.332020077378836]], [[-100.87521727034554, 21.332020077378836], [-100.87521278379825, 21.331984198502774]], [[-100.87517448993063, 21.33198840210181], [-100.87521278379825, 21.331984198502774]], [[-100.87521278379825, 21.331984198502774], [-100.87520829725385, 21.331948319626274]], [[-100.87517000339525, 21.33195252322364], [-100.87520829725385, 21.331948319626274]], [[-100.87520829725385, 21.331948319626274], [-100.87520381071235, 21.331912440749356]], [[-100.87516551686278, 21.33191664434504], [-100.87520381071235, 21.331912440749356]], [[-100.87520381071235, 21.331912440749356], [-100.87519932417376, 21.331876561872008]], [[-100.87516103033322, 21.331880765466014], [-100.87519932417376, 21.331876561872008]], [[-100.87519932417376, 21.331876561872008], [-100.87519483763809, 21.33184068299424]], [[-100.87515654380655, 21.331844886586556], [-100.87519483763809, 21.33184068299424]], [[-100.87519483763809, 21.33184068299424], [-100.8751903511053, 21.331804804116043]], [[-100.87515205728279, 21.331809007706685], [-100.8751903511053, 21.331804804116043]], [[-100.8751903511053, 21.331804804116043], [-100.87518586457544, 21.331768925237427]], [[-100.87514757076194, 21.33177312882638], [-100.87518586457544, 21.331768925237427]], [[-100.87518586457544, 21.331768925237427], [-100.87518137804848, 21.331733046358377]], [[-100.87514308424399, 21.331737249945654], [-100.87518137804848, 21.331733046358377]], [[-100.87518137804848, 21.331733046358377], [-100.8751768915244, 21.33169716747891]], [[-100.87513859772895, 21.331701371064497], [-100.8751768915244, 21.33169716747891]], [[-100.8751768915244, 21.33169716747891], [-100.87517240500325, 21.331661288599012]], [[-100.87513411121681, 21.331665492182925], [-100.87517240500325, 21.331661288599012]], [[-100.87517240500325, 21.331661288599012], [-100.875167918485, 21.33162540971869]], [[-100.87512962470758, 21.331629613300915], [-100.875167918485, 21.33162540971869]], [[-100.875167918485, 21.33162540971869], [-100.87516343196965, 21.33158953083794]], [[-100.87512513820126, 21.33159373441849], [-100.87516343196965, 21.33158953083794]], [[-100.87516343196965, 21.33158953083794], [-100.8751589454572, 21.33155365195677]], [[-100.87512065169783, 21.33155785553564], [-100.8751589454572, 21.33155365195677]], [[-100.8751589454572, 21.33155365195677], [-100.87515445894768, 21.331517773075173]], [[-100.87511616519731, 21.33152197665236], [-100.87515445894768, 21.331517773075173]], [[-100.87515445894768, 21.331517773075173], [-100.87514997244104, 21.331481894193157]], [[-100.87511167869968, 21.331486097768654], [-100.87514997244104, 21.331481894193157]], [[-100.87514997244104, 21.331481894193157], [-100.87514548593731, 21.331446015310704]], [[-100.87510719220498, 21.331450218884537], [-100.87514548593731, 21.331446015310704]], [[-100.87514548593731, 21.331446015310704], [-100.87514099943648, 21.331410136427838]], [[-100.87510270571319, 21.331414339999977], [-100.87514099943648, 21.331410136427838]], [[-100.87514099943648, 21.331410136427838], [-100.87513651293857, 21.33137425754454]], [[-100.87509821922427, 21.33137846111499], [-100.87513651293857, 21.33137425754454]], [[-100.87513651293857, 21.33137425754454], [-100.87513202644355, 21.33133837866081]], [[-100.87509373273828, 21.33134258222959], [-100.87513202644355, 21.33133837866081]], [[-100.87513202644355, 21.33133837866081], [-100.87512753995144, 21.331302499776672]], [[-100.87508924625519, 21.33130670334376], [-100.87512753995144, 21.331302499776672]], [[-100.87512753995144, 21.331302499776672], [-100.87512305346223, 21.33126662089209]], [[-100.875084759775, 21.331270824457505], [-100.87512305346223, 21.33126662089209]], [[-100.87512305346223, 21.33126662089209], [-100.87511856697594, 21.3312307420071]], [[-100.87508027329771, 21.331234945570827], [-100.87511856697594, 21.3312307420071]], [[-100.87511856697594, 21.3312307420071], [-100.87511408049254, 21.33119486312167]], [[-100.87507578682336, 21.331199066683727], [-100.87511408049254, 21.33119486312167]], [[-100.87511408049254, 21.33119486312167], [-100.87510959401205, 21.331158984235824]], [[-100.87507130035188, 21.331163187796193], [-100.87510959401205, 21.331158984235824]], [[-100.87510959401205, 21.331158984235824], [-100.87510510753445, 21.331123105349555]], [[-100.87506681388331, 21.331127308908236], [-100.87510510753445, 21.331123105349555]], [[-100.87510510753445, 21.331123105349555], [-100.87510062105977, 21.33108722646286]], [[-100.87506232741765, 21.331091430019857], [-100.87510062105977, 21.33108722646286]], [[-100.87510062105977, 21.33108722646286], [-100.875096134588, 21.33105134757573]], [[-100.87505784095488, 21.331055551131055], [-100.875096134588, 21.33105134757573]], [[-100.875096134588, 21.33105134757573], [-100.87509164811912, 21.33101546868818]], [[-100.87505335449504, 21.331019672241823], [-100.87509164811912, 21.33101546868818]], [[-100.87509164811912, 21.33101546868818], [-100.87508716165316, 21.330979589800204]], [[-100.87504886803809, 21.33098379335217], [-100.87508716165316, 21.330979589800204]], [[-100.87508716165316, 21.330979589800204], [-100.8750826751901, 21.330943710911818]], [[-100.87504438158403, 21.330947914462087], [-100.8750826751901, 21.330943710911818]], [[-100.8750826751901, 21.330943710911818], [-100.87507818872993, 21.330907832022987]], [[-100.8750398951329, 21.330912035571583], [-100.87507818872993, 21.330907832022987]], [[-100.87507818872993, 21.330907832022987], [-100.87507370227267, 21.33087195313374]], [[-100.87503540868467, 21.330876156680656], [-100.87507370227267, 21.33087195313374]], [[-100.87507370227267, 21.33087195313374], [-100.87506921581833, 21.330836074244065]], [[-100.87503092223933, 21.330840277789296], [-100.87506921581833, 21.330836074244065]], [[-100.87506921581833, 21.330836074244065], [-100.87506472936688, 21.330800195353962]], [[-100.87502643579691, 21.330804398897516], [-100.87506472936688, 21.330800195353962]], [[-100.87506472936688, 21.330800195353962], [-100.87506024291834, 21.330764316463444]], [[-100.87502194935739, 21.330768520005307], [-100.87506024291834, 21.330764316463444]], [[-100.87506024291834, 21.330764316463444], [-100.87505575647272, 21.330728437572493]], [[-100.87501746292078, 21.33073264111268], [-100.87505575647272, 21.330728437572493]], [[-100.87536532803615, 21.333204080050614], [-100.87536084139299, 21.33316820118857]], [[-100.87536532803615, 21.333204080050614], [-100.87540362220756, 21.333199876385812]], [[-100.87540362220756, 21.333199876385812], [-100.87539913555538, 21.333163997525457]], [[-100.87536084139299, 21.33316820118857], [-100.87539913555538, 21.333163997525457]], [[-100.87539913555538, 21.333163997525457], [-100.8753946489061, 21.333128118664668]], [[-100.87535635475272, 21.333132322326115], [-100.8753946489061, 21.333128118664668]], [[-100.8753946489061, 21.333128118664668], [-100.8753901622597, 21.333092239803467]], [[-100.87535186811537, 21.33309644346322], [-100.8753901622597, 21.333092239803467]], [[-100.8753901622597, 21.333092239803467], [-100.87538567561624, 21.333056360941836]], [[-100.87534738148092, 21.333060564599904], [-100.87538567561624, 21.333056360941836]], [[-100.87538567561624, 21.333056360941836], [-100.87538118897568, 21.333020482079778]], [[-100.87534289484938, 21.333024685736167], [-100.87538118897568, 21.333020482079778]], [[-100.87538118897568, 21.333020482079778], [-100.87537670233802, 21.332984603217295]], [[-100.87533840822074, 21.332988806872006], [-100.87537670233802, 21.332984603217295]], [[-100.87537670233802, 21.332984603217295], [-100.87537221570327, 21.332948724354377]], [[-100.87533392159501, 21.332952928007415], [-100.87537221570327, 21.332948724354377]], [[-100.87537221570327, 21.332948724354377], [-100.87536772907141, 21.332912845491048]], [[-100.87532943497217, 21.3329170491424], [-100.87536772907141, 21.332912845491048]], [[-100.87536772907141, 21.332912845491048], [-100.87536324244248, 21.3328769666273]], [[-100.87532494835226, 21.33288117027696], [-100.87536324244248, 21.3328769666273]], [[-100.87536324244248, 21.3328769666273], [-100.87535875581644, 21.332841087763107]], [[-100.87532046173524, 21.332845291411093], [-100.87535875581644, 21.332841087763107]], [[-100.87535875581644, 21.332841087763107], [-100.8753542691933, 21.332805208898503]], [[-100.87531597512111, 21.3328094125448], [-100.8753542691933, 21.332805208898503]], [[-100.8753542691933, 21.332805208898503], [-100.87534978257307, 21.332769330033468]], [[-100.87531148850991, 21.33277353367809], [-100.87534978257307, 21.332769330033468]], [[-100.87534978257307, 21.332769330033468], [-100.87534529595574, 21.33273345116801]], [[-100.8753070019016, 21.332737654810945], [-100.87534529595574, 21.33273345116801]], [[-100.87534529595574, 21.33273345116801], [-100.87534080934131, 21.332697572302123]], [[-100.8753025152962, 21.332701775943374], [-100.87534080934131, 21.332697572302123]], [[-100.87534080934131, 21.332697572302123], [-100.87533632272981, 21.332661693435814]], [[-100.8752980286937, 21.332665897075387], [-100.87533632272981, 21.332661693435814]], [[-100.87533632272981, 21.332661693435814], [-100.87533183612119, 21.33262581456908]], [[-100.87529354209411, 21.33263001820697], [-100.87533183612119, 21.33262581456908]], [[-100.87533183612119, 21.33262581456908], [-100.87532734951549, 21.332589935701918]], [[-100.87528905549743, 21.332594139338124], [-100.87532734951549, 21.332589935701918]], [[-100.87532734951549, 21.332589935701918], [-100.87532286291268, 21.332554056834333]], [[-100.87528456890365, 21.33255826046886], [-100.87532286291268, 21.332554056834333]], [[-100.87532286291268, 21.332554056834333], [-100.87531837631279, 21.33251817796632]], [[-100.87528008231278, 21.332522381599173], [-100.87531837631279, 21.33251817796632]], [[-100.87531837631279, 21.33251817796632], [-100.8753138897158, 21.33248229909789]], [[-100.8752755957248, 21.33248650272905], [-100.8753138897158, 21.33248229909789]], [[-100.8753138897158, 21.33248229909789], [-100.87530940312172, 21.332446420229026]], [[-100.87527110913975, 21.332450623858513], [-100.87530940312172, 21.332446420229026]], [[-100.87530940312172, 21.332446420229026], [-100.87530491653054, 21.332410541359742]], [[-100.87526662255758, 21.332414744987542], [-100.87530491653054, 21.332410541359742]], [[-100.87530491653054, 21.332410541359742], [-100.87530042994227, 21.332374662490032]], [[-100.87526213597833, 21.332378866116148], [-100.87530042994227, 21.332374662490032]], [[-100.87530042994227, 21.332374662490032], [-100.87529594335689, 21.332338783619896]], [[-100.87525764940197, 21.332342987244335], [-100.87529594335689, 21.332338783619896]], [[-100.87529594335689, 21.332338783619896], [-100.87529145677442, 21.332302904749337]], [[-100.87525316282853, 21.33230710837209], [-100.87529145677442, 21.332302904749337]], [[-100.87529145677442, 21.332302904749337], [-100.87528697019486, 21.332267025878348]], [[-100.875248676258, 21.33227122949942], [-100.87528697019486, 21.332267025878348]], [[-100.87528697019486, 21.332267025878348], [-100.87528248361822, 21.332231147006933]], [[-100.87524418969036, 21.33223535062633], [-100.87528248361822, 21.332231147006933]], [[-100.87528248361822, 21.332231147006933], [-100.87527799704446, 21.3321952681351]], [[-100.87523970312563, 21.332199471752812], [-100.87527799704446, 21.3321952681351]], [[-100.87527799704446, 21.3321952681351], [-100.87527351047362, 21.332159389262834]], [[-100.8752352165638, 21.332163592878864], [-100.87527351047362, 21.332159389262834]], [[-100.87527351047362, 21.332159389262834], [-100.87526902390567, 21.332123510390154]], [[-100.87523073000489, 21.332127714004496], [-100.87526902390567, 21.332123510390154]], [[-100.87526902390567, 21.332123510390154], [-100.87526453734064, 21.33208763151704]], [[-100.87522624344886, 21.332091835129706], [-100.87526453734064, 21.33208763151704]], [[-100.87526453734064, 21.33208763151704], [-100.87526005077851, 21.332051752643505]], [[-100.87522175689575, 21.332055956254486], [-100.87526005077851, 21.332051752643505]], [[-100.87526005077851, 21.332051752643505], [-100.87525556421929, 21.332015873769535]], [[-100.87521727034554, 21.332020077378836], [-100.87525556421929, 21.332015873769535]], [[-100.87525556421929, 21.332015873769535], [-100.87525107766297, 21.331979994895143]], [[-100.87521278379825, 21.331984198502774], [-100.87525107766297, 21.331979994895143]], [[-100.87525107766297, 21.331979994895143], [-100.87524659110954, 21.331944116020342]], [[-100.87520829725385, 21.331948319626274], [-100.87524659110954, 21.331944116020342]], [[-100.87524659110954, 21.331944116020342], [-100.87524210455904, 21.3319082371451]], [[-100.87520381071235, 21.331912440749356], [-100.87524210455904, 21.3319082371451]], [[-100.87524210455904, 21.3319082371451], [-100.87523761801143, 21.331872358269433]], [[-100.87519932417376, 21.331876561872008], [-100.87523761801143, 21.331872358269433]], [[-100.87523761801143, 21.331872358269433], [-100.87523313146673, 21.331836479393345]], [[-100.87519483763809, 21.33184068299424], [-100.87523313146673, 21.331836479393345]], [[-100.87523313146673, 21.331836479393345], [-100.87522864492492, 21.331800600516832]], [[-100.8751903511053, 21.331804804116043], [-100.87522864492492, 21.331800600516832]], [[-100.87522864492492, 21.331800600516832], [-100.87522415838605, 21.331764721639892]], [[-100.87518586457544, 21.331768925237427], [-100.87522415838605, 21.331764721639892]], [[-100.87522415838605, 21.331764721639892], [-100.87521967185005, 21.331728842762534]], [[-100.87518137804848, 21.331733046358377], [-100.87521967185005, 21.331728842762534]], [[-100.87521967185005, 21.331728842762534], [-100.87521518531697, 21.33169296388474]], [[-100.8751768915244, 21.33169716747891], [-100.87521518531697, 21.33169296388474]], [[-100.87521518531697, 21.33169296388474], [-100.8752106987868, 21.331657085006526]], [[-100.87517240500325, 21.331661288599012], [-100.8752106987868, 21.331657085006526]], [[-100.8752106987868, 21.331657085006526], [-100.87520621225951, 21.331621206127885]], [[-100.875167918485, 21.33162540971869], [-100.87520621225951, 21.331621206127885]], [[-100.87520621225951, 21.331621206127885], [-100.87520172573515, 21.331585327248824]], [[-100.87516343196965, 21.33158953083794], [-100.87520172573515, 21.331585327248824]], [[-100.87520172573515, 21.331585327248824], [-100.87519723921369, 21.33154944836933]], [[-100.8751589454572, 21.33155365195677], [-100.87519723921369, 21.33154944836933]], [[-100.87519723921369, 21.33154944836933], [-100.87519275269513, 21.331513569489417]], [[-100.87515445894768, 21.331517773075173], [-100.87519275269513, 21.331513569489417]], [[-100.87519275269513, 21.331513569489417], [-100.87518826617948, 21.331477690609077]], [[-100.87514997244104, 21.331481894193157], [-100.87518826617948, 21.331477690609077]], [[-100.87518826617948, 21.331477690609077], [-100.87518377966673, 21.331441811728315]], [[-100.87514548593731, 21.331446015310704], [-100.87518377966673, 21.331441811728315]], [[-100.87518377966673, 21.331441811728315], [-100.87517929315689, 21.331405932847122]], [[-100.87514099943648, 21.331410136427838], [-100.87517929315689, 21.331405932847122]], [[-100.87517929315689, 21.331405932847122], [-100.87517480664995, 21.33137005396551]], [[-100.87513651293857, 21.33137425754454], [-100.87517480664995, 21.33137005396551]], [[-100.87517480664995, 21.33137005396551], [-100.8751703201459, 21.331334175083466]], [[-100.87513202644355, 21.33133837866081], [-100.8751703201459, 21.331334175083466]], [[-100.8751703201459, 21.331334175083466], [-100.87516583364479, 21.331298296201]], [[-100.87512753995144, 21.331302499776672], [-100.87516583364479, 21.331298296201]], [[-100.87516583364479, 21.331298296201], [-100.87516134714654, 21.33126241731811]], [[-100.87512305346223, 21.33126662089209], [-100.87516134714654, 21.33126241731811]], [[-100.87516134714654, 21.33126241731811], [-100.87515686065123, 21.331226538434795]], [[-100.87511856697594, 21.3312307420071], [-100.87515686065123, 21.331226538434795]], [[-100.87515686065123, 21.331226538434795], [-100.87515237415882, 21.331190659551055]], [[-100.87511408049254, 21.33119486312167], [-100.87515237415882, 21.331190659551055]], [[-100.87515237415882, 21.331190659551055], [-100.87514788766931, 21.331154780666886]], [[-100.87510959401205, 21.331158984235824], [-100.87514788766931, 21.331154780666886]], [[-100.87514788766931, 21.331154780666886], [-100.8751434011827, 21.331118901782293]], [[-100.87510510753445, 21.331123105349555], [-100.8751434011827, 21.331118901782293]], [[-100.8751434011827, 21.331118901782293], [-100.875138914699, 21.331083022897282]], [[-100.87510062105977, 21.33108722646286], [-100.875138914699, 21.331083022897282]], [[-100.875138914699, 21.331083022897282], [-100.8751344282182, 21.33104714401184]], [[-100.875096134588, 21.33105134757573], [-100.8751344282182, 21.33104714401184]], [[-100.8751344282182, 21.33104714401184], [-100.87512994174031, 21.33101126512597]], [[-100.87509164811912, 21.33101546868818], [-100.87512994174031, 21.33101126512597]], [[-100.87512994174031, 21.33101126512597], [-100.87512545526532, 21.330975386239675]], [[-100.87508716165316, 21.330979589800204], [-100.87512545526532, 21.330975386239675]], [[-100.87512545526532, 21.330975386239675], [-100.87512096879324, 21.330939507352955]], [[-100.8750826751901, 21.330943710911818], [-100.87512096879324, 21.330939507352955]], [[-100.87512096879324, 21.330939507352955], [-100.87511648232407, 21.330903628465823]], [[-100.87507818872993, 21.330907832022987], [-100.87511648232407, 21.330903628465823]], [[-100.87511648232407, 21.330903628465823], [-100.8751119958578, 21.330867749578243]], [[-100.87507370227267, 21.33087195313374], [-100.8751119958578, 21.330867749578243]], [[-100.8751119958578, 21.330867749578243], [-100.87510750939443, 21.33083187069026]], [[-100.87506921581833, 21.330836074244065], [-100.87510750939443, 21.33083187069026]], [[-100.87510750939443, 21.33083187069026], [-100.87510302293396, 21.33079599180184]], [[-100.87506472936688, 21.330800195353962], [-100.87510302293396, 21.33079599180184]], [[-100.87510302293396, 21.33079599180184], [-100.8750985364764, 21.330760112912994]], [[-100.87506024291834, 21.330764316463444], [-100.8750985364764, 21.330760112912994]], [[-100.8750985364764, 21.330760112912994], [-100.87509405002174, 21.330724234023723]], [[-100.87505575647272, 21.330728437572493], [-100.87509405002174, 21.330724234023723]], [[-100.87540810886264, 21.333235755245745], [-100.87540362220756, 21.333199876385812]], [[-100.87540810886264, 21.333235755245745], [-100.87544640304016, 21.333231551570684]], [[-100.87544640304016, 21.333231551570684], [-100.87544191637606, 21.333195672712442]], [[-100.87540362220756, 21.333199876385812], [-100.87544191637606, 21.333195672712442]], [[-100.87544191637606, 21.333195672712442], [-100.87543742971485, 21.33315979385376]], [[-100.87539913555538, 21.333163997525457], [-100.87543742971485, 21.33315979385376]], [[-100.87543742971485, 21.33315979385376], [-100.87543294305655, 21.333123914994662]], [[-100.8753946489061, 21.333128118664668], [-100.87543294305655, 21.333123914994662]], [[-100.87543294305655, 21.333123914994662], [-100.87542845640115, 21.333088036135134]], [[-100.8753901622597, 21.333092239803467], [-100.87542845640115, 21.333088036135134]], [[-100.87542845640115, 21.333088036135134], [-100.87542396974865, 21.333052157275187]], [[-100.87538567561624, 21.333056360941836], [-100.87542396974865, 21.333052157275187]], [[-100.87542396974865, 21.333052157275187], [-100.87541948309907, 21.33301627841481]], [[-100.87538118897568, 21.333020482079778], [-100.87541948309907, 21.33301627841481]], [[-100.87541948309907, 21.33301627841481], [-100.87541499645239, 21.33298039955401]], [[-100.87537670233802, 21.332984603217295], [-100.87541499645239, 21.33298039955401]], [[-100.87541499645239, 21.33298039955401], [-100.87541050980862, 21.332944520692788]], [[-100.87537221570327, 21.332948724354377], [-100.87541050980862, 21.332944520692788]], [[-100.87541050980862, 21.332944520692788], [-100.87540602316774, 21.332908641831136]], [[-100.87536772907141, 21.332912845491048], [-100.87540602316774, 21.332908641831136]], [[-100.87540602316774, 21.332908641831136], [-100.87540153652978, 21.33287276296906]], [[-100.87536324244248, 21.3328769666273], [-100.87540153652978, 21.33287276296906]], [[-100.87540153652978, 21.33287276296906], [-100.87539704989473, 21.33283688410656]], [[-100.87535875581644, 21.332841087763107], [-100.87539704989473, 21.33283688410656]], [[-100.87539704989473, 21.33283688410656], [-100.87539256326257, 21.332801005243628]], [[-100.8753542691933, 21.332805208898503], [-100.87539256326257, 21.332801005243628]], [[-100.87539256326257, 21.332801005243628], [-100.87538807663331, 21.332765126380277]], [[-100.87534978257307, 21.332769330033468], [-100.87538807663331, 21.332765126380277]], [[-100.87538807663331, 21.332765126380277], [-100.87538359000698, 21.3327292475165]], [[-100.87534529595574, 21.33273345116801], [-100.87538359000698, 21.3327292475165]], [[-100.87538359000698, 21.3327292475165], [-100.87537910338354, 21.3326933686523]], [[-100.87534080934131, 21.332697572302123], [-100.87537910338354, 21.3326933686523]], [[-100.87537910338354, 21.3326933686523], [-100.875374616763, 21.332657489787668]], [[-100.87533632272981, 21.332661693435814], [-100.875374616763, 21.332657489787668]], [[-100.875374616763, 21.332657489787668], [-100.87537013014537, 21.332621610922615]], [[-100.87533183612119, 21.33262581456908], [-100.87537013014537, 21.332621610922615]], [[-100.87537013014537, 21.332621610922615], [-100.87536564353064, 21.332585732057137]], [[-100.87532734951549, 21.332589935701918], [-100.87536564353064, 21.332585732057137]], [[-100.87536564353064, 21.332585732057137], [-100.87536115691883, 21.33254985319123]], [[-100.87532286291268, 21.332554056834333], [-100.87536115691883, 21.33254985319123]], [[-100.87536115691883, 21.33254985319123], [-100.87535667030991, 21.332513974324904]], [[-100.87531837631279, 21.33251817796632], [-100.87535667030991, 21.332513974324904]], [[-100.87535667030991, 21.332513974324904], [-100.8753521837039, 21.33247809545815]], [[-100.8753138897158, 21.33248229909789], [-100.8753521837039, 21.33247809545815]], [[-100.8753521837039, 21.33247809545815], [-100.87534769710079, 21.332442216590973]], [[-100.87530940312172, 21.332446420229026], [-100.87534769710079, 21.332442216590973]], [[-100.87534769710079, 21.332442216590973], [-100.87534321050059, 21.332406337723366]], [[-100.87530491653054, 21.332410541359742], [-100.87534321050059, 21.332406337723366]], [[-100.87534321050059, 21.332406337723366], [-100.87533872390328, 21.33237045885534]], [[-100.87530042994227, 21.332374662490032], [-100.87533872390328, 21.33237045885534]], [[-100.87533872390328, 21.33237045885534], [-100.8753342373089, 21.332334579986888]], [[-100.87529594335689, 21.332338783619896], [-100.8753342373089, 21.332334579986888]], [[-100.8753342373089, 21.332334579986888], [-100.87532975071741, 21.332298701118006]], [[-100.87529145677442, 21.332302904749337], [-100.87532975071741, 21.332298701118006]], [[-100.87532975071741, 21.332298701118006], [-100.87532526412885, 21.33226282224871]], [[-100.87528697019486, 21.332267025878348], [-100.87532526412885, 21.33226282224871]], [[-100.87532526412885, 21.33226282224871], [-100.87532077754315, 21.332226943378974]], [[-100.87528248361822, 21.332231147006933], [-100.87532077754315, 21.332226943378974]], [[-100.87532077754315, 21.332226943378974], [-100.87531629096038, 21.332191064508816]], [[-100.87527799704446, 21.3321952681351], [-100.87531629096038, 21.332191064508816]], [[-100.87531629096038, 21.332191064508816], [-100.87531180438053, 21.332155185638243]], [[-100.87527351047362, 21.332159389262834], [-100.87531180438053, 21.332155185638243]], [[-100.87531180438053, 21.332155185638243], [-100.87530731780357, 21.33211930676723]], [[-100.87526902390567, 21.332123510390154], [-100.87530731780357, 21.33211930676723]], [[-100.87530731780357, 21.33211930676723], [-100.87530283122952, 21.3320834278958]], [[-100.87526453734064, 21.33208763151704], [-100.87530283122952, 21.3320834278958]], [[-100.87530283122952, 21.3320834278958], [-100.87529834465836, 21.332047549023947]], [[-100.87526005077851, 21.332051752643505], [-100.87529834465836, 21.332047549023947]], [[-100.87529834465836, 21.332047549023947], [-100.87529385809012, 21.332011670151665]], [[-100.87525556421929, 21.332015873769535], [-100.87529385809012, 21.332011670151665]], [[-100.87529385809012, 21.332011670151665], [-100.87528937152477, 21.331975791278964]], [[-100.87525107766297, 21.331979994895143], [-100.87528937152477, 21.331975791278964]], [[-100.87528937152477, 21.331975791278964], [-100.87528488496233, 21.331939912405822]], [[-100.87524659110954, 21.331944116020342], [-100.87528488496233, 21.331939912405822]], [[-100.87528488496233, 21.331939912405822], [-100.87528039840281, 21.33190403353227]], [[-100.87524210455904, 21.3319082371451], [-100.87528039840281, 21.33190403353227]], [[-100.87528039840281, 21.33190403353227], [-100.87527591184617, 21.331868154658284]], [[-100.87523761801143, 21.331872358269433], [-100.87527591184617, 21.331868154658284]], [[-100.87527591184617, 21.331868154658284], [-100.87527142529247, 21.331832275783885]], [[-100.87523313146673, 21.331836479393345], [-100.87527142529247, 21.331832275783885]], [[-100.87527142529247, 21.331832275783885], [-100.87526693874163, 21.331796396909052]], [[-100.87522864492492, 21.331800600516832], [-100.87526693874163, 21.331796396909052]], [[-100.87526693874163, 21.331796396909052], [-100.87526245219372, 21.331760518033793]], [[-100.87522415838605, 21.331764721639892], [-100.87526245219372, 21.331760518033793]], [[-100.87526245219372, 21.331760518033793], [-100.87525796564873, 21.331724639158104]], [[-100.87521967185005, 21.331728842762534], [-100.87525796564873, 21.331724639158104]], [[-100.87525796564873, 21.331724639158104], [-100.87525347910663, 21.33168876028201]], [[-100.87521518531697, 21.33169296388474], [-100.87525347910663, 21.33168876028201]], [[-100.87525347910663, 21.33168876028201], [-100.87524899256742, 21.331652881405475]], [[-100.8752106987868, 21.331657085006526], [-100.87524899256742, 21.331652881405475]], [[-100.87524899256742, 21.331652881405475], [-100.87524450603114, 21.331617002528514]], [[-100.87520621225951, 21.331621206127885], [-100.87524450603114, 21.331617002528514]], [[-100.87524450603114, 21.331617002528514], [-100.87524001949775, 21.33158112365113]], [[-100.87520172573515, 21.331585327248824], [-100.87524001949775, 21.33158112365113]], [[-100.87524001949775, 21.33158112365113], [-100.87523553296727, 21.331545244773324]], [[-100.87519723921369, 21.33154944836933], [-100.87523553296727, 21.331545244773324]], [[-100.87523553296727, 21.331545244773324], [-100.87523104643968, 21.331509365895087]], [[-100.87519275269513, 21.331513569489417], [-100.87523104643968, 21.331509365895087]], [[-100.87523104643968, 21.331509365895087], [-100.875226559915, 21.33147348701643]], [[-100.87518826617948, 21.331477690609077], [-100.875226559915, 21.33147348701643]], [[-100.875226559915, 21.33147348701643], [-100.87522207339325, 21.33143760813735]], [[-100.87518377966673, 21.331441811728315], [-100.87522207339325, 21.33143760813735]], [[-100.87522207339325, 21.33143760813735], [-100.87521758687437, 21.331401729257838]], [[-100.87517929315689, 21.331405932847122], [-100.87521758687437, 21.331401729257838]], [[-100.87521758687437, 21.331401729257838], [-100.87521310035842, 21.331365850377903]], [[-100.87517480664995, 21.33137005396551], [-100.87521310035842, 21.331365850377903]], [[-100.87521310035842, 21.331365850377903], [-100.87520861384537, 21.33132997149755]], [[-100.8751703201459, 21.331334175083466], [-100.87520861384537, 21.33132997149755]], [[-100.87520861384537, 21.33132997149755], [-100.87520412733521, 21.331294092616762]], [[-100.87516583364479, 21.331298296201], [-100.87520412733521, 21.331294092616762]], [[-100.87520412733521, 21.331294092616762], [-100.87519964082797, 21.33125821373555]], [[-100.87516134714654, 21.33126241731811], [-100.87519964082797, 21.33125821373555]], [[-100.87519964082797, 21.33125821373555], [-100.87519515432363, 21.331222334853916]], [[-100.87515686065123, 21.331226538434795], [-100.87519515432363, 21.331222334853916]], [[-100.87519515432363, 21.331222334853916], [-100.8751906678222, 21.331186455971856]], [[-100.87515237415882, 21.331190659551055], [-100.8751906678222, 21.331186455971856]], [[-100.8751906678222, 21.331186455971856], [-100.87518618132366, 21.33115057708937]], [[-100.87514788766931, 21.331154780666886], [-100.87518618132366, 21.33115057708937]], [[-100.87518618132366, 21.33115057708937], [-100.87518169482803, 21.331114698206463]], [[-100.8751434011827, 21.331118901782293], [-100.87518169482803, 21.331114698206463]], [[-100.87518169482803, 21.331114698206463], [-100.87517720833533, 21.331078819323128]], [[-100.875138914699, 21.331083022897282], [-100.87517720833533, 21.331078819323128]], [[-100.87517720833533, 21.331078819323128], [-100.8751727218455, 21.331042940439367]], [[-100.8751344282182, 21.33104714401184], [-100.8751727218455, 21.331042940439367]], [[-100.8751727218455, 21.331042940439367], [-100.87516823535859, 21.331007061555184]], [[-100.87512994174031, 21.33101126512597], [-100.87516823535859, 21.331007061555184]], [[-100.87516823535859, 21.331007061555184], [-100.87516374887458, 21.33097118267057]], [[-100.87512545526532, 21.330975386239675], [-100.87516374887458, 21.33097118267057]], [[-100.87516374887458, 21.33097118267057], [-100.87515926239348, 21.330935303785537]], [[-100.87512096879324, 21.330939507352955], [-100.87515926239348, 21.330935303785537]], [[-100.87515926239348, 21.330935303785537], [-100.87515477591528, 21.330899424900075]], [[-100.87511648232407, 21.330903628465823], [-100.87515477591528, 21.330899424900075]], [[-100.87515477591528, 21.330899424900075], [-100.87515028944, 21.33086354601419]], [[-100.8751119958578, 21.330867749578243], [-100.87515028944, 21.33086354601419]], [[-100.87515028944, 21.33086354601419], [-100.87514580296761, 21.330827667127878]], [[-100.87510750939443, 21.33083187069026], [-100.87514580296761, 21.330827667127878]], [[-100.87514580296761, 21.330827667127878], [-100.87514131649813, 21.330791788241143]], [[-100.87510302293396, 21.33079599180184], [-100.87514131649813, 21.330791788241143]], [[-100.87514131649813, 21.330791788241143], [-100.87513683003155, 21.33075590935398]], [[-100.8750985364764, 21.330760112912994], [-100.87513683003155, 21.33075590935398]], [[-100.87513683003155, 21.33075590935398], [-100.87513234356787, 21.330720030466395]], [[-100.87509405002174, 21.330724234023723], [-100.87513234356787, 21.330720030466395]], [[-100.87545088970718, 21.333267430428513], [-100.87544640304016, 21.333231551570684]], [[-100.87545088970718, 21.333267430428513], [-100.87548918389082, 21.3332632267432]], [[-100.87548918389082, 21.3332632267432], [-100.87548469721477, 21.333227347887064]], [[-100.87544640304016, 21.333231551570684], [-100.87548469721477, 21.333227347887064]], [[-100.87548469721477, 21.333227347887064], [-100.87548021054165, 21.33319146903049]], [[-100.87544191637606, 21.333195672712442], [-100.87548021054165, 21.33319146903049]], [[-100.87548021054165, 21.33319146903049], [-100.87547572387142, 21.3331555901735]], [[-100.87543742971485, 21.33315979385376], [-100.87547572387142, 21.3331555901735]], [[-100.87547572387142, 21.3331555901735], [-100.8754712372041, 21.33311971131608]], [[-100.87543294305655, 21.333123914994662], [-100.8754712372041, 21.33311971131608]], [[-100.8754712372041, 21.33311971131608], [-100.87546675053969, 21.333083832458243]], [[-100.87542845640115, 21.333088036135134], [-100.87546675053969, 21.333083832458243]], [[-100.87546675053969, 21.333083832458243], [-100.87546226387818, 21.33304795359997]], [[-100.87542396974865, 21.333052157275187], [-100.87546226387818, 21.33304795359997]], [[-100.87546226387818, 21.33304795359997], [-100.87545777721957, 21.333012074741276]], [[-100.87541948309907, 21.33301627841481], [-100.87545777721957, 21.333012074741276]], [[-100.87545777721957, 21.333012074741276], [-100.87545329056387, 21.332976195882157]], [[-100.87541499645239, 21.33298039955401], [-100.87545329056387, 21.332976195882157]], [[-100.87545329056387, 21.332976195882157], [-100.87544880391106, 21.332940317022608]], [[-100.87541050980862, 21.332944520692788], [-100.87544880391106, 21.332940317022608]], [[-100.87544880391106, 21.332940317022608], [-100.87544431726118, 21.332904438162643]], [[-100.87540602316774, 21.332908641831136], [-100.87544431726118, 21.332904438162643]], [[-100.87544431726118, 21.332904438162643], [-100.87543983061418, 21.33286855930225]], [[-100.87540153652978, 21.33287276296906], [-100.87543983061418, 21.33286855930225]], [[-100.87543983061418, 21.33286855930225], [-100.87543534397011, 21.33283268044143]], [[-100.87539704989473, 21.33283688410656], [-100.87543534397011, 21.33283268044143]], [[-100.87543534397011, 21.33283268044143], [-100.87543085732892, 21.332796801580184]], [[-100.87539256326257, 21.332801005243628], [-100.87543085732892, 21.332796801580184]], [[-100.87543085732892, 21.332796801580184], [-100.87542637069066, 21.33276092271851]], [[-100.87538807663331, 21.332765126380277], [-100.87542637069066, 21.33276092271851]], [[-100.87542637069066, 21.33276092271851], [-100.8754218840553, 21.33272504385642]], [[-100.87538359000698, 21.3327292475165], [-100.8754218840553, 21.33272504385642]], [[-100.8754218840553, 21.33272504385642], [-100.87541739742284, 21.3326891649939]], [[-100.87537910338354, 21.3326933686523], [-100.87541739742284, 21.3326891649939]], [[-100.87541739742284, 21.3326891649939], [-100.87541291079329, 21.332653286130952]], [[-100.875374616763, 21.332657489787668], [-100.87541291079329, 21.332653286130952]], [[-100.87541291079329, 21.332653286130952], [-100.87540842416664, 21.33261740726758]], [[-100.87537013014537, 21.332621610922615], [-100.87540842416664, 21.33261740726758]], [[-100.87540842416664, 21.33261740726758], [-100.87540393754288, 21.332581528403782]], [[-100.87536564353064, 21.332585732057137], [-100.87540393754288, 21.332581528403782]], [[-100.87540393754288, 21.332581528403782], [-100.87539945092205, 21.332545649539558]], [[-100.87536115691883, 21.33254985319123], [-100.87539945092205, 21.332545649539558]], [[-100.87539945092205, 21.332545649539558], [-100.8753949643041, 21.332509770674914]], [[-100.87535667030991, 21.332513974324904], [-100.8753949643041, 21.332509770674914]], [[-100.8753949643041, 21.332509770674914], [-100.87539047768907, 21.33247389180984]], [[-100.8753521837039, 21.33247809545815], [-100.87539047768907, 21.33247389180984]], [[-100.87539047768907, 21.33247389180984], [-100.87538599107695, 21.33243801294434]], [[-100.87534769710079, 21.332442216590973], [-100.87538599107695, 21.33243801294434]], [[-100.87538599107695, 21.33243801294434], [-100.87538150446773, 21.332402134078425]], [[-100.87534321050059, 21.332406337723366], [-100.87538150446773, 21.332402134078425]], [[-100.87538150446773, 21.332402134078425], [-100.87537701786142, 21.332366255212076]], [[-100.87533872390328, 21.33237045885534], [-100.87537701786142, 21.332366255212076]], [[-100.87537701786142, 21.332366255212076], [-100.87537253125801, 21.332330376345304]], [[-100.8753342373089, 21.332334579986888], [-100.87537253125801, 21.332330376345304]], [[-100.87537253125801, 21.332330376345304], [-100.87536804465749, 21.332294497478102]], [[-100.87532975071741, 21.332298701118006], [-100.87536804465749, 21.332294497478102]], [[-100.87536804465749, 21.332294497478102], [-100.8753635580599, 21.33225861861049]], [[-100.87532526412885, 21.33226282224871], [-100.8753635580599, 21.33225861861049]], [[-100.8753635580599, 21.33225861861049], [-100.87535907146521, 21.332222739742438]], [[-100.87532077754315, 21.332226943378974], [-100.87535907146521, 21.332222739742438]], [[-100.87535907146521, 21.332222739742438], [-100.87535458487342, 21.332186860873964]], [[-100.87531629096038, 21.332191064508816], [-100.87535458487342, 21.332186860873964]], [[-100.87535458487342, 21.332186860873964], [-100.87535009828453, 21.332150982005064]], [[-100.87531180438053, 21.332155185638243], [-100.87535009828453, 21.332150982005064]], [[-100.87535009828453, 21.332150982005064], [-100.87534561169855, 21.332115103135738]], [[-100.87530731780357, 21.33211930676723], [-100.87534561169855, 21.332115103135738]], [[-100.87534561169855, 21.332115103135738], [-100.87534112511547, 21.332079224265996]], [[-100.87530283122952, 21.3320834278958], [-100.87534112511547, 21.332079224265996]], [[-100.87534112511547, 21.332079224265996], [-100.8753366385353, 21.33204334539582]], [[-100.87529834465836, 21.332047549023947], [-100.8753366385353, 21.33204334539582]], [[-100.8753366385353, 21.33204334539582], [-100.87533215195803, 21.332007466525216]], [[-100.87529385809012, 21.332011670151665], [-100.87533215195803, 21.332007466525216]], [[-100.87533215195803, 21.332007466525216], [-100.87532766538368, 21.331971587654202]], [[-100.87528937152477, 21.331975791278964], [-100.87532766538368, 21.331971587654202]], [[-100.87532766538368, 21.331971587654202], [-100.87532317881222, 21.331935708782744]], [[-100.87528488496233, 21.331939912405822], [-100.87532317881222, 21.331935708782744]], [[-100.87532317881222, 21.331935708782744], [-100.87531869224368, 21.33189982991087]], [[-100.87528039840281, 21.33190403353227], [-100.87531869224368, 21.33189982991087]], [[-100.87531869224368, 21.33189982991087], [-100.87531420567802, 21.33186395103857]], [[-100.87527591184617, 21.331868154658284], [-100.87531420567802, 21.33186395103857]], [[-100.87531420567802, 21.33186395103857], [-100.87530971911528, 21.331828072165838]], [[-100.87527142529247, 21.331832275783885], [-100.87530971911528, 21.331828072165838]], [[-100.87530971911528, 21.331828072165838], [-100.87530523255545, 21.331792193292692]], [[-100.87526693874163, 21.331796396909052], [-100.87530523255545, 21.331792193292692]], [[-100.87530523255545, 21.331792193292692], [-100.87530074599852, 21.331756314419117]], [[-100.87526245219372, 21.331760518033793], [-100.87530074599852, 21.331756314419117]], [[-100.87530074599852, 21.331756314419117], [-100.87529625944448, 21.33172043554512]], [[-100.87525796564873, 21.331724639158104], [-100.87529625944448, 21.33172043554512]], [[-100.87529625944448, 21.33172043554512], [-100.87529177289336, 21.331684556670695]], [[-100.87525347910663, 21.33168876028201], [-100.87529177289336, 21.331684556670695]], [[-100.87529177289336, 21.331684556670695], [-100.87528728634514, 21.33164867779584]], [[-100.87524899256742, 21.331652881405475], [-100.87528728634514, 21.33164867779584]], [[-100.87528728634514, 21.33164867779584], [-100.87528279979985, 21.331612798920563]], [[-100.87524450603114, 21.331617002528514], [-100.87528279979985, 21.331612798920563]], [[-100.87528279979985, 21.331612798920563], [-100.87527831325743, 21.331576920044867]], [[-100.87524001949775, 21.33158112365113], [-100.87527831325743, 21.331576920044867]], [[-100.87527831325743, 21.331576920044867], [-100.87527382671793, 21.331541041168737]], [[-100.87523553296727, 21.331545244773324], [-100.87527382671793, 21.331541041168737]], [[-100.87527382671793, 21.331541041168737], [-100.87526934018133, 21.331505162292192]], [[-100.87523104643968, 21.331509365895087], [-100.87526934018133, 21.331505162292192]], [[-100.87526934018133, 21.331505162292192], [-100.87526485364765, 21.33146928341521]], [[-100.875226559915, 21.33147348701643], [-100.87526485364765, 21.33146928341521]], [[-100.87526485364765, 21.33146928341521], [-100.87526036711685, 21.331433404537812]], [[-100.87522207339325, 21.33143760813735], [-100.87526036711685, 21.331433404537812]], [[-100.87526036711685, 21.331433404537812], [-100.87525588058897, 21.33139752565998]], [[-100.87521758687437, 21.331401729257838], [-100.87525588058897, 21.33139752565998]], [[-100.87525588058897, 21.33139752565998], [-100.875251394064, 21.331361646781733]], [[-100.87521310035842, 21.331365850377903], [-100.875251394064, 21.331361646781733]], [[-100.875251394064, 21.331361646781733], [-100.87524690754192, 21.33132576790305]], [[-100.87520861384537, 21.33132997149755], [-100.87524690754192, 21.33132576790305]], [[-100.87524690754192, 21.33132576790305], [-100.87524242102275, 21.33128988902395]], [[-100.87520412733521, 21.331294092616762], [-100.87524242102275, 21.33128988902395]], [[-100.87524242102275, 21.33128988902395], [-100.87523793450649, 21.33125401014442]], [[-100.87519964082797, 21.33125821373555], [-100.87523793450649, 21.33125401014442]], [[-100.87523793450649, 21.33125401014442], [-100.87523344799312, 21.331218131264468]], [[-100.87519515432363, 21.331222334853916], [-100.87523344799312, 21.331218131264468]], [[-100.87523344799312, 21.331218131264468], [-100.87522896148266, 21.331182252384096]], [[-100.8751906678222, 21.331186455971856], [-100.87522896148266, 21.331182252384096]], [[-100.87522896148266, 21.331182252384096], [-100.87522447497513, 21.331146373503284]], [[-100.87518618132366, 21.33115057708937], [-100.87522447497513, 21.331146373503284]], [[-100.87522447497513, 21.331146373503284], [-100.87521998847048, 21.33111049462206]], [[-100.87518169482803, 21.331114698206463], [-100.87521998847048, 21.33111049462206]], [[-100.87521998847048, 21.33111049462206], [-100.87521550196874, 21.331074615740402]], [[-100.87517720833533, 21.331078819323128], [-100.87521550196874, 21.331074615740402]], [[-100.87521550196874, 21.331074615740402], [-100.87521101546989, 21.33103873685833]], [[-100.8751727218455, 21.331042940439367], [-100.87521101546989, 21.33103873685833]], [[-100.87521101546989, 21.33103873685833], [-100.87520652897396, 21.331002857975825]], [[-100.87516823535859, 21.331007061555184], [-100.87520652897396, 21.331002857975825]], [[-100.87520652897396, 21.331002857975825], [-100.87520204248095, 21.330966979092896]], [[-100.87516374887458, 21.33097118267057], [-100.87520204248095, 21.330966979092896]], [[-100.87520204248095, 21.330966979092896], [-100.87519755599082, 21.33093110020954]], [[-100.87515926239348, 21.330935303785537], [-100.87519755599082, 21.33093110020954]], [[-100.87519755599082, 21.33093110020954], [-100.87519306950361, 21.33089522132576]], [[-100.87515477591528, 21.330899424900075], [-100.87519306950361, 21.33089522132576]], [[-100.87519306950361, 21.33089522132576], [-100.8751885830193, 21.330859342441556]], [[-100.87515028944, 21.33086354601419], [-100.8751885830193, 21.330859342441556]], [[-100.8751885830193, 21.330859342441556], [-100.8751840965379, 21.330823463556932]], [[-100.87514580296761, 21.330827667127878], [-100.8751840965379, 21.330823463556932]], [[-100.8751840965379, 21.330823463556932], [-100.87517961005939, 21.330787584671878]], [[-100.87514131649813, 21.330791788241143], [-100.87517961005939, 21.330787584671878]], [[-100.87517961005939, 21.330787584671878], [-100.87517512358379, 21.330751705786394]], [[-100.87513683003155, 21.33075590935398], [-100.87517512358379, 21.330751705786394]], [[-100.87517512358379, 21.330751705786394], [-100.87517063711108, 21.330715826900487]], [[-100.87513234356787, 21.330720030466395], [-100.87517063711108, 21.330715826900487]], [[-100.87548918389082, 21.3332632267432], [-100.87552747807153, 21.33325902304932]], [[-100.87552747807153, 21.33325902304932], [-100.87552299138648, 21.33322314419486]], [[-100.87548469721477, 21.333227347887064], [-100.87552299138648, 21.33322314419486]], [[-100.87552299138648, 21.33322314419486], [-100.87551850470433, 21.333187265339973]], [[-100.87548021054165, 21.33319146903049], [-100.87551850470433, 21.333187265339973]], [[-100.87551850470433, 21.333187265339973], [-100.87551401802509, 21.33315138648466]], [[-100.87547572387142, 21.3331555901735], [-100.87551401802509, 21.33315138648466]], [[-100.87551401802509, 21.33315138648466], [-100.87550953134874, 21.33311550762893]], [[-100.8754712372041, 21.33311971131608], [-100.87550953134874, 21.33311550762893]], [[-100.87550953134874, 21.33311550762893], [-100.87550504467531, 21.33307962877276]], [[-100.87546675053969, 21.333083832458243], [-100.87550504467531, 21.33307962877276]], [[-100.87550504467531, 21.33307962877276], [-100.87550055800477, 21.333043749916175]], [[-100.87546226387818, 21.33304795359997], [-100.87550055800477, 21.333043749916175]], [[-100.87550055800477, 21.333043749916175], [-100.87549607133714, 21.333007871059163]], [[-100.87545777721957, 21.333012074741276], [-100.87549607133714, 21.333007871059163]], [[-100.87549607133714, 21.333007871059163], [-100.87549158467243, 21.33297199220173]], [[-100.87545329056387, 21.332976195882157], [-100.87549158467243, 21.33297199220173]], [[-100.87549158467243, 21.33297199220173], [-100.87548709801061, 21.332936113343866]], [[-100.87544880391106, 21.332940317022608], [-100.87548709801061, 21.332936113343866]], [[-100.87548709801061, 21.332936113343866], [-100.8754826113517, 21.332900234485578]], [[-100.87544431726118, 21.332904438162643], [-100.8754826113517, 21.332900234485578]], [[-100.8754826113517, 21.332900234485578], [-100.87547812469569, 21.33286435562686]], [[-100.87543983061418, 21.33286855930225], [-100.87547812469569, 21.33286435562686]], [[-100.87547812469569, 21.33286435562686], [-100.87547363804259, 21.332828476767723]], [[-100.87543534397011, 21.33283268044143], [-100.87547363804259, 21.332828476767723]], [[-100.87547363804259, 21.332828476767723], [-100.8754691513924, 21.332792597908156]], [[-100.87543085732892, 21.332796801580184], [-100.8754691513924, 21.332792597908156]], [[-100.8754691513924, 21.332792597908156], [-100.8754646647451, 21.332756719048177]], [[-100.87542637069066, 21.33276092271851], [-100.8754646647451, 21.332756719048177]], [[-100.8754646647451, 21.332756719048177], [-100.87546017810071, 21.33272084018776]], [[-100.8754218840553, 21.33272504385642], [-100.87546017810071, 21.33272084018776]], [[-100.87546017810071, 21.33272084018776], [-100.87545569145924, 21.33268496132692]], [[-100.87541739742284, 21.3326891649939], [-100.87545569145924, 21.33268496132692]], [[-100.87545569145924, 21.33268496132692], [-100.87545120482066, 21.332649082465657]], [[-100.87541291079329, 21.332653286130952], [-100.87545120482066, 21.332649082465657]], [[-100.87545120482066, 21.332649082465657], [-100.87544671818499, 21.33261320360397]], [[-100.87540842416664, 21.33261740726758], [-100.87544671818499, 21.33261320360397]], [[-100.87544671818499, 21.33261320360397], [-100.87544223155221, 21.332577324741855]], [[-100.87540393754288, 21.332581528403782], [-100.87544223155221, 21.332577324741855]], [[-100.87544223155221, 21.332577324741855], [-100.87543774492237, 21.332541445879315]], [[-100.87539945092205, 21.332545649539558], [-100.87543774492237, 21.332541445879315]], [[-100.87543774492237, 21.332541445879315], [-100.8754332582954, 21.33250556701635]], [[-100.8753949643041, 21.332509770674914], [-100.8754332582954, 21.33250556701635]], [[-100.8754332582954, 21.33250556701635], [-100.87542877167137, 21.33246968815296]], [[-100.87539047768907, 21.33247389180984], [-100.87542877167137, 21.33246968815296]], [[-100.87542877167137, 21.33246968815296], [-100.87542428505022, 21.332433809289146]], [[-100.87538599107695, 21.33243801294434], [-100.87542428505022, 21.332433809289146]], [[-100.87542428505022, 21.332433809289146], [-100.87541979843196, 21.332397930424904]], [[-100.87538150446773, 21.332402134078425], [-100.87541979843196, 21.332397930424904]], [[-100.87541979843196, 21.332397930424904], [-100.87541531181664, 21.33236205156024]], [[-100.87537701786142, 21.332366255212076], [-100.87541531181664, 21.33236205156024]], [[-100.87541531181664, 21.33236205156024], [-100.8754108252042, 21.332326172695144]], [[-100.87537253125801, 21.332330376345304], [-100.8754108252042, 21.332326172695144]], [[-100.8754108252042, 21.332326172695144], [-100.87540633859469, 21.332290293829633]], [[-100.87536804465749, 21.332294497478102], [-100.87540633859469, 21.332290293829633]], [[-100.87540633859469, 21.332290293829633], [-100.87540185198806, 21.332254414963693]], [[-100.8753635580599, 21.33225861861049], [-100.87540185198806, 21.332254414963693]], [[-100.87540185198806, 21.332254414963693], [-100.87539736538434, 21.332218536097326]], [[-100.87535907146521, 21.332222739742438], [-100.87539736538434, 21.332218536097326]], [[-100.87539736538434, 21.332218536097326], [-100.87539287878354, 21.332182657230533]], [[-100.87535458487342, 21.332186860873964], [-100.87539287878354, 21.332182657230533]], [[-100.87539287878354, 21.332182657230533], [-100.87538839218563, 21.332146778363317]], [[-100.87535009828453, 21.332150982005064], [-100.87538839218563, 21.332146778363317]], [[-100.87538839218563, 21.332146778363317], [-100.87538390559062, 21.33211089949567]], [[-100.87534561169855, 21.332115103135738], [-100.87538390559062, 21.33211089949567]], [[-100.87538390559062, 21.33211089949567], [-100.87537941899853, 21.33207502062761]], [[-100.87534112511547, 21.332079224265996], [-100.87537941899853, 21.33207502062761]], [[-100.87537941899853, 21.33207502062761], [-100.87537493240934, 21.33203914175911]], [[-100.8753366385353, 21.33204334539582], [-100.87537493240934, 21.33203914175911]], [[-100.87537493240934, 21.33203914175911], [-100.87537044582305, 21.3320032628902]], [[-100.87533215195803, 21.332007466525216], [-100.87537044582305, 21.3320032628902]], [[-100.87537044582305, 21.3320032628902], [-100.87536595923967, 21.33196738402086]], [[-100.87532766538368, 21.331971587654202], [-100.87536595923967, 21.33196738402086]], [[-100.87536595923967, 21.33196738402086], [-100.87536147265921, 21.33193150515109]], [[-100.87532317881222, 21.331935708782744], [-100.87536147265921, 21.33193150515109]], [[-100.87536147265921, 21.33193150515109], [-100.87535698608164, 21.331895626280897]], [[-100.87531869224368, 21.33189982991087], [-100.87535698608164, 21.331895626280897]], [[-100.87535698608164, 21.331895626280897], [-100.87535249950697, 21.331859747410274]], [[-100.87531420567802, 21.33186395103857], [-100.87535249950697, 21.331859747410274]], [[-100.87535249950697, 21.331859747410274], [-100.8753480129352, 21.331823868539235]], [[-100.87530971911528, 21.331828072165838], [-100.8753480129352, 21.331823868539235]], [[-100.8753480129352, 21.331823868539235], [-100.87534352636635, 21.331787989667767]], [[-100.87530523255545, 21.331792193292692], [-100.87534352636635, 21.331787989667767]], [[-100.87534352636635, 21.331787989667767], [-100.8753390398004, 21.331752110795875]], [[-100.87530074599852, 21.331756314419117], [-100.8753390398004, 21.331752110795875]], [[-100.8753390398004, 21.331752110795875], [-100.87533455323735, 21.33171623192355]], [[-100.87529625944448, 21.33172043554512], [-100.87533455323735, 21.33171623192355]], [[-100.87533455323735, 21.33171623192355], [-100.87533006667721, 21.331680353050807]], [[-100.87529177289336, 21.331684556670695], [-100.87533006667721, 21.331680353050807]], [[-100.87533006667721, 21.331680353050807], [-100.87532558011998, 21.33164447417764]], [[-100.87528728634514, 21.33164867779584], [-100.87532558011998, 21.33164447417764]], [[-100.87532558011998, 21.33164447417764], [-100.87532109356565, 21.331608595304047]], [[-100.87528279979985, 21.331612798920563], [-100.87532109356565, 21.331608595304047]], [[-100.87532109356565, 21.331608595304047], [-100.87531660701421, 21.331572716430024]], [[-100.87527831325743, 21.331576920044867], [-100.87531660701421, 21.331572716430024]], [[-100.87531660701421, 21.331572716430024], [-100.8753121204657, 21.331536837555582]], [[-100.87527382671793, 21.331541041168737], [-100.8753121204657, 21.331536837555582]], [[-100.8753121204657, 21.331536837555582], [-100.87530763392007, 21.331500958680707]], [[-100.87526934018133, 21.331505162292192], [-100.87530763392007, 21.331500958680707]], [[-100.87530763392007, 21.331500958680707], [-100.87530314737737, 21.33146507980542]], [[-100.87526485364765, 21.33146928341521], [-100.87530314737737, 21.33146507980542]], [[-100.87530314737737, 21.33146507980542], [-100.87529866083756, 21.331429200929698]], [[-100.87526036711685, 21.331433404537812], [-100.87529866083756, 21.331429200929698]], [[-100.87529866083756, 21.331429200929698], [-100.87529417430066, 21.331393322053547]], [[-100.87525588058897, 21.33139752565998], [-100.87529417430066, 21.331393322053547]], [[-100.87529417430066, 21.331393322053547], [-100.87528968776665, 21.33135744317698]], [[-100.875251394064, 21.331361646781733], [-100.87528968776665, 21.33135744317698]], [[-100.87528968776665, 21.33135744317698], [-100.87528520123556, 21.33132156429998]], [[-100.87524690754192, 21.33132576790305], [-100.87528520123556, 21.33132156429998]], [[-100.87528520123556, 21.33132156429998], [-100.87528071470737, 21.331285685422564]], [[-100.87524242102275, 21.33128988902395], [-100.87528071470737, 21.331285685422564]], [[-100.87528071470737, 21.331285685422564], [-100.87527622818209, 21.331249806544726]], [[-100.87523793450649, 21.33125401014442], [-100.87527622818209, 21.331249806544726]], [[-100.87527622818209, 21.331249806544726], [-100.87527174165972, 21.331213927666447]], [[-100.87523344799312, 21.331218131264468], [-100.87527174165972, 21.331213927666447]], [[-100.87527174165972, 21.331213927666447], [-100.87526725514024, 21.331178048787752]], [[-100.87522896148266, 21.331182252384096], [-100.87526725514024, 21.331178048787752]], [[-100.87526725514024, 21.331178048787752], [-100.87526276862367, 21.331142169908627]], [[-100.87522447497513, 21.331146373503284], [-100.87526276862367, 21.331142169908627]], [[-100.87526276862367, 21.331142169908627], [-100.87525828211001, 21.331106291029084]], [[-100.87521998847048, 21.33111049462206], [-100.87525828211001, 21.331106291029084]], [[-100.87525828211001, 21.331106291029084], [-100.87525379559925, 21.33107041214911]], [[-100.87521550196874, 21.331074615740402], [-100.87525379559925, 21.33107041214911]], [[-100.87525379559925, 21.33107041214911], [-100.8752493090914, 21.331034533268713]], [[-100.87521101546989, 21.33103873685833], [-100.8752493090914, 21.331034533268713]], [[-100.8752493090914, 21.331034533268713], [-100.87524482258644, 21.33099865438789]], [[-100.87520652897396, 21.331002857975825], [-100.87524482258644, 21.33099865438789]], [[-100.87524482258644, 21.33099865438789], [-100.8752403360844, 21.33096277550664]], [[-100.87520204248095, 21.330966979092896], [-100.8752403360844, 21.33096277550664]], [[-100.8752403360844, 21.33096277550664], [-100.87523584958525, 21.330926896624977]], [[-100.87519755599082, 21.33093110020954], [-100.87523584958525, 21.330926896624977]], [[-100.87523584958525, 21.330926896624977], [-100.87523136308901, 21.330891017742875]], [[-100.87519306950361, 21.33089522132576], [-100.87523136308901, 21.330891017742875]], [[-100.87523136308901, 21.330891017742875], [-100.87522687659569, 21.33085513886035]], [[-100.8751885830193, 21.330859342441556], [-100.87522687659569, 21.33085513886035]], [[-100.87522687659569, 21.33085513886035], [-100.87522239010526, 21.3308192599774]], [[-100.8751840965379, 21.330823463556932], [-100.87522239010526, 21.3308192599774]], [[-100.87522239010526, 21.3308192599774], [-100.87521790361774, 21.330783381094033]], [[-100.87517961005939, 21.330787584671878], [-100.87521790361774, 21.330783381094033]], [[-100.87521790361774, 21.330783381094033], [-100.87521341713312, 21.33074750221023]], [[-100.87517512358379, 21.330751705786394], [-100.87521341713312, 21.33074750221023]], [[-100.87521341713312, 21.33074750221023], [-100.87520893065141, 21.33071162332601]], [[-100.87517063711108, 21.330715826900487], [-100.87520893065141, 21.33071162332601]], [[-100.8755319647595, 21.33329490190335], [-100.87552747807153, 21.33325902304932]], [[-100.8755319647595, 21.33329490190335], [-100.87557025894635, 21.333290698199217]], [[-100.87557025894635, 21.333290698199217], [-100.87556577224937, 21.333254819346866]], [[-100.87552747807153, 21.33325902304932], [-100.87556577224937, 21.333254819346866]], [[-100.87556577224937, 21.333254819346866], [-100.87556128555529, 21.33321894049408]], [[-100.87552299138648, 21.33322314419486], [-100.87556128555529, 21.33321894049408]], [[-100.87556128555529, 21.33321894049408], [-100.87555679886411, 21.33318306164088]], [[-100.87551850470433, 21.333187265339973], [-100.87555679886411, 21.33318306164088]], [[-100.87555679886411, 21.33318306164088], [-100.87555231217584, 21.33314718278725]], [[-100.87551401802509, 21.33315138648466], [-100.87555231217584, 21.33314718278725]], [[-100.87555231217584, 21.33314718278725], [-100.87554782549049, 21.333111303933194]], [[-100.87550953134874, 21.33311550762893], [-100.87554782549049, 21.333111303933194]], [[-100.87554782549049, 21.333111303933194], [-100.87554333880803, 21.333075425078718]], [[-100.87550504467531, 21.33307962877276], [-100.87554333880803, 21.333075425078718]], [[-100.87554333880803, 21.333075425078718], [-100.87553885212847, 21.33303954622381]], [[-100.87550055800477, 21.333043749916175], [-100.87553885212847, 21.33303954622381]], [[-100.87553885212847, 21.33303954622381], [-100.87553436545183, 21.333003667368477]], [[-100.87549607133714, 21.333007871059163], [-100.87553436545183, 21.333003667368477]], [[-100.87553436545183, 21.333003667368477], [-100.87552987877808, 21.332967788512725]], [[-100.87549158467243, 21.33297199220173], [-100.87552987877808, 21.332967788512725]], [[-100.87552987877808, 21.332967788512725], [-100.87552539210724, 21.33293190965654]], [[-100.87548709801061, 21.332936113343866], [-100.87552539210724, 21.33293190965654]], [[-100.87552539210724, 21.33293190965654], [-100.87552090543932, 21.332896030799937]], [[-100.8754826113517, 21.332900234485578], [-100.87552090543932, 21.332896030799937]], [[-100.87552090543932, 21.332896030799937], [-100.87551641877428, 21.33286015194291]], [[-100.87547812469569, 21.33286435562686], [-100.87551641877428, 21.33286015194291]], [[-100.87551641877428, 21.33286015194291], [-100.87551193211216, 21.33282427308545]], [[-100.87547363804259, 21.332828476767723], [-100.87551193211216, 21.33282427308545]], [[-100.87551193211216, 21.33282427308545], [-100.87550744545295, 21.33278839422757]], [[-100.8754691513924, 21.332792597908156], [-100.87550744545295, 21.33278839422757]], [[-100.87550744545295, 21.33278839422757], [-100.87550295879664, 21.332752515369265]], [[-100.8754646647451, 21.332756719048177], [-100.87550295879664, 21.332752515369265]], [[-100.87550295879664, 21.332752515369265], [-100.87549847214324, 21.332716636510536]], [[-100.87546017810071, 21.33272084018776], [-100.87549847214324, 21.332716636510536]], [[-100.87549847214324, 21.332716636510536], [-100.87549398549272, 21.332680757651374]], [[-100.87545569145924, 21.33268496132692], [-100.87549398549272, 21.332680757651374]], [[-100.87549398549272, 21.332680757651374], [-100.87548949884514, 21.332644878791793]], [[-100.87545120482066, 21.332649082465657], [-100.87548949884514, 21.332644878791793]], [[-100.87548949884514, 21.332644878791793], [-100.87548501220044, 21.33260899993179]], [[-100.87544671818499, 21.33261320360397], [-100.87548501220044, 21.33260899993179]], [[-100.87548501220044, 21.33260899993179], [-100.87548052555866, 21.332573121071356]], [[-100.87544223155221, 21.332577324741855], [-100.87548052555866, 21.332573121071356]], [[-100.87548052555866, 21.332573121071356], [-100.87547603891979, 21.332537242210492]], [[-100.87543774492237, 21.332541445879315], [-100.87547603891979, 21.332537242210492]], [[-100.87547603891979, 21.332537242210492], [-100.87547155228381, 21.33250136334921]], [[-100.8754332582954, 21.33250556701635], [-100.87547155228381, 21.33250136334921]], [[-100.87547155228381, 21.33250136334921], [-100.87546706565074, 21.332465484487507]], [[-100.87542877167137, 21.33246968815296], [-100.87546706565074, 21.332465484487507]], [[-100.87546706565074, 21.332465484487507], [-100.87546257902056, 21.332429605625364]], [[-100.87542428505022, 21.332433809289146], [-100.87546257902056, 21.332429605625364]], [[-100.87546257902056, 21.332429605625364], [-100.8754580923933, 21.33239372676282]], [[-100.87541979843196, 21.332397930424904], [-100.8754580923933, 21.33239372676282]], [[-100.8754580923933, 21.33239372676282], [-100.87545360576895, 21.332357847899825]], [[-100.87541531181664, 21.33236205156024], [-100.87545360576895, 21.332357847899825]], [[-100.87545360576895, 21.332357847899825], [-100.8754491191475, 21.33232196903642]], [[-100.8754108252042, 21.332326172695144], [-100.8754491191475, 21.33232196903642]], [[-100.8754491191475, 21.33232196903642], [-100.87544463252895, 21.332286090172584]], [[-100.87540633859469, 21.332290293829633], [-100.87544463252895, 21.332286090172584]], [[-100.87544463252895, 21.332286090172584], [-100.87544014591332, 21.332250211308327]], [[-100.87540185198806, 21.332254414963693], [-100.87544014591332, 21.332250211308327]], [[-100.87544014591332, 21.332250211308327], [-100.87543565930058, 21.332214332443638]], [[-100.87539736538434, 21.332218536097326], [-100.87543565930058, 21.332214332443638]], [[-100.87543565930058, 21.332214332443638], [-100.87543117269075, 21.332178453578532]], [[-100.87539287878354, 21.332182657230533], [-100.87543117269075, 21.332178453578532]], [[-100.87543117269075, 21.332178453578532], [-100.87542668608383, 21.332142574712996]], [[-100.87538839218563, 21.332146778363317], [-100.87542668608383, 21.332142574712996]], [[-100.87542668608383, 21.332142574712996], [-100.87542219947981, 21.33210669584704]], [[-100.87538390559062, 21.33211089949567], [-100.87542219947981, 21.33210669584704]], [[-100.87542219947981, 21.33210669584704], [-100.87541771287869, 21.33207081698065]], [[-100.87537941899853, 21.33207502062761], [-100.87541771287869, 21.33207081698065]], [[-100.87541771287869, 21.33207081698065], [-100.87541322628047, 21.332034938113843]], [[-100.87537493240934, 21.33203914175911], [-100.87541322628047, 21.332034938113843]], [[-100.87541322628047, 21.332034938113843], [-100.87540873968517, 21.331999059246606]], [[-100.87537044582305, 21.3320032628902], [-100.87540873968517, 21.331999059246606]], [[-100.87540873968517, 21.331999059246606], [-100.87540425309277, 21.33196318037895]], [[-100.87536595923967, 21.33196738402086], [-100.87540425309277, 21.33196318037895]], [[-100.87540425309277, 21.33196318037895], [-100.87539976650328, 21.331927301510863]], [[-100.87536147265921, 21.33193150515109], [-100.87539976650328, 21.331927301510863]], [[-100.87539976650328, 21.331927301510863], [-100.87539527991669, 21.33189142264235]], [[-100.87535698608164, 21.331895626280897], [-100.87539527991669, 21.33189142264235]], [[-100.87539527991669, 21.33189142264235], [-100.87539079333301, 21.33185554377341]], [[-100.87535249950697, 21.331859747410274], [-100.87539079333301, 21.33185554377341]], [[-100.87539079333301, 21.33185554377341], [-100.87538630675222, 21.331819664904046]], [[-100.8753480129352, 21.331823868539235], [-100.87538630675222, 21.331819664904046]], [[-100.87538630675222, 21.331819664904046], [-100.87538182017434, 21.331783786034265]], [[-100.87534352636635, 21.331787989667767], [-100.87538182017434, 21.331783786034265]], [[-100.87538182017434, 21.331783786034265], [-100.87537733359937, 21.33174790716405]], [[-100.8753390398004, 21.331752110795875], [-100.87537733359937, 21.33174790716405]], [[-100.87537733359937, 21.33174790716405], [-100.87537284702731, 21.331712028293417]], [[-100.87533455323735, 21.33171623192355], [-100.87537284702731, 21.331712028293417]], [[-100.87537284702731, 21.331712028293417], [-100.87536836045814, 21.331676149422353]], [[-100.87533006667721, 21.331680353050807], [-100.87536836045814, 21.331676149422353]], [[-100.87536836045814, 21.331676149422353], [-100.8753638738919, 21.331640270550864]], [[-100.87532558011998, 21.33164447417764], [-100.8753638738919, 21.331640270550864]], [[-100.8753638738919, 21.331640270550864], [-100.87535938732854, 21.33160439167895]], [[-100.87532109356565, 21.331608595304047], [-100.87535938732854, 21.33160439167895]], [[-100.87535938732854, 21.33160439167895], [-100.8753549007681, 21.331568512806616]], [[-100.87531660701421, 21.331572716430024], [-100.8753549007681, 21.331568512806616]], [[-100.8753549007681, 21.331568512806616], [-100.87535041421056, 21.33153263393385]], [[-100.8753121204657, 21.331536837555582], [-100.87535041421056, 21.33153263393385]], [[-100.87535041421056, 21.33153263393385], [-100.87534592765593, 21.331496755060662]], [[-100.87530763392007, 21.331500958680707], [-100.87534592765593, 21.331496755060662]], [[-100.87534592765593, 21.331496755060662], [-100.87534144110418, 21.331460876187048]], [[-100.87530314737737, 21.33146507980542], [-100.87534144110418, 21.331460876187048]], [[-100.87534144110418, 21.331460876187048], [-100.87533695455535, 21.331424997313018]], [[-100.87529866083756, 21.331429200929698], [-100.87533695455535, 21.331424997313018]], [[-100.87533695455535, 21.331424997313018], [-100.87533246800943, 21.331389118438544]], [[-100.87529417430066, 21.331393322053547], [-100.87533246800943, 21.331389118438544]], [[-100.87533246800943, 21.331389118438544], [-100.87532798146643, 21.33135323956366]], [[-100.87528968776665, 21.33135744317698], [-100.87532798146643, 21.33135323956366]], [[-100.87532798146643, 21.33135323956366], [-100.8753234949263, 21.331317360688345]], [[-100.87528520123556, 21.33132156429998], [-100.8753234949263, 21.331317360688345]], [[-100.8753234949263, 21.331317360688345], [-100.8753190083891, 21.33128148181261]], [[-100.87528071470737, 21.331285685422564], [-100.8753190083891, 21.33128148181261]], [[-100.8753190083891, 21.33128148181261], [-100.87531452185479, 21.331245602936438]], [[-100.87527622818209, 21.331249806544726], [-100.87531452185479, 21.331245602936438]], [[-100.87531452185479, 21.331245602936438], [-100.8753100353234, 21.331209724059857]], [[-100.87527174165972, 21.331213927666447], [-100.8753100353234, 21.331209724059857]], [[-100.8753100353234, 21.331209724059857], [-100.8753055487949, 21.331173845182843]], [[-100.87526725514024, 21.331178048787752], [-100.8753055487949, 21.331173845182843]], [[-100.8753055487949, 21.331173845182843], [-100.87530106226932, 21.3311379663054]], [[-100.87526276862367, 21.331142169908627], [-100.87530106226932, 21.3311379663054]], [[-100.87530106226932, 21.3311379663054], [-100.87529657574663, 21.331102087427535]], [[-100.87525828211001, 21.331106291029084], [-100.87529657574663, 21.331102087427535]], [[-100.87529657574663, 21.331102087427535], [-100.87529208922686, 21.33106620854924]], [[-100.87525379559925, 21.33107041214911], [-100.87529208922686, 21.33106620854924]], [[-100.87529208922686, 21.33106620854924], [-100.87528760270997, 21.331030329670526]], [[-100.8752493090914, 21.331034533268713], [-100.87528760270997, 21.331030329670526]], [[-100.87528760270997, 21.331030329670526], [-100.875283116196, 21.330994450791387]], [[-100.87524482258644, 21.33099865438789], [-100.875283116196, 21.330994450791387]], [[-100.875283116196, 21.330994450791387], [-100.87527862968494, 21.33095857191183]], [[-100.8752403360844, 21.33096277550664], [-100.87527862968494, 21.33095857191183]], [[-100.87527862968494, 21.33095857191183], [-100.87527414317678, 21.330922693031827]], [[-100.87523584958525, 21.330926896624977], [-100.87527414317678, 21.330922693031827]], [[-100.87527414317678, 21.330922693031827], [-100.87526965667152, 21.330886814151416]], [[-100.87523136308901, 21.330891017742875], [-100.87526965667152, 21.330886814151416]], [[-100.87526965667152, 21.330886814151416], [-100.87526517016919, 21.330850935270576]], [[-100.87522687659569, 21.33085513886035], [-100.87526517016919, 21.330850935270576]], [[-100.87526517016919, 21.330850935270576], [-100.87526068366972, 21.33081505638931]], [[-100.87522239010526, 21.3308192599774], [-100.87526068366972, 21.33081505638931]], [[-100.87526068366972, 21.33081505638931], [-100.87525619717319, 21.330779177507615]], [[-100.87521790361774, 21.330783381094033], [-100.87525619717319, 21.330779177507615]], [[-100.87525619717319, 21.330779177507615], [-100.87525171067955, 21.330743298625503]], [[-100.87521341713312, 21.33074750221023], [-100.87525171067955, 21.330743298625503]], [[-100.87525171067955, 21.330743298625503], [-100.87524722418883, 21.330707419742964]], [[-100.87520893065141, 21.33071162332601], [-100.87524722418883, 21.330707419742964]], [[-100.87557474564623, 21.33332657705115], [-100.87557025894635, 21.333290698199217]], [[-100.87557474564623, 21.33332657705115], [-100.87561303983918, 21.333322373336745]], [[-100.87561303983918, 21.333322373336745], [-100.87560855313029, 21.333286494486504]], [[-100.87557025894635, 21.333290698199217], [-100.87560855313029, 21.333286494486504]], [[-100.87560855313029, 21.333286494486504], [-100.87560406642427, 21.333250615635833]], [[-100.87556577224937, 21.333254819346866], [-100.87560406642427, 21.333250615635833]], [[-100.87560406642427, 21.333250615635833], [-100.87559957972118, 21.333214736784736]], [[-100.87556128555529, 21.33321894049408], [-100.87559957972118, 21.333214736784736]], [[-100.87559957972118, 21.333214736784736], [-100.87559509302099, 21.333178857933213]], [[-100.87555679886411, 21.33318306164088], [-100.87559509302099, 21.333178857933213]], [[-100.87559509302099, 21.333178857933213], [-100.8755906063237, 21.333142979081263]], [[-100.87555231217584, 21.33314718278725], [-100.8755906063237, 21.333142979081263]], [[-100.8755906063237, 21.333142979081263], [-100.87558611962932, 21.333107100228894]], [[-100.87554782549049, 21.333111303933194], [-100.87558611962932, 21.333107100228894]], [[-100.87558611962932, 21.333107100228894], [-100.87558163293784, 21.33307122137609]], [[-100.87554333880803, 21.333075425078718], [-100.87558163293784, 21.33307122137609]], [[-100.87558163293784, 21.33307122137609], [-100.87557714624926, 21.333035342522873]], [[-100.87553885212847, 21.33303954622381], [-100.87557714624926, 21.333035342522873]], [[-100.87557714624926, 21.333035342522873], [-100.8755726595636, 21.33299946366922]], [[-100.87553436545183, 21.333003667368477], [-100.8755726595636, 21.33299946366922]], [[-100.8755726595636, 21.33299946366922], [-100.87556817288083, 21.33296358481515]], [[-100.87552987877808, 21.332967788512725], [-100.87556817288083, 21.33296358481515]], [[-100.87556817288083, 21.33296358481515], [-100.87556368620098, 21.332927705960653]], [[-100.87552539210724, 21.33293190965654], [-100.87556368620098, 21.332927705960653]], [[-100.87556368620098, 21.332927705960653], [-100.87555919952402, 21.33289182710573]], [[-100.87552090543932, 21.332896030799937], [-100.87555919952402, 21.33289182710573]], [[-100.87555919952402, 21.33289182710573], [-100.87555471284999, 21.332855948250376]], [[-100.87551641877428, 21.33286015194291], [-100.87555471284999, 21.332855948250376]], [[-100.87555471284999, 21.332855948250376], [-100.87555022617883, 21.332820069394607]], [[-100.87551193211216, 21.33282427308545], [-100.87555022617883, 21.332820069394607]], [[-100.87555022617883, 21.332820069394607], [-100.8755457395106, 21.332784190538405]], [[-100.87550744545295, 21.33278839422757], [-100.8755457395106, 21.332784190538405]], [[-100.8755457395106, 21.332784190538405], [-100.87554125284527, 21.332748311681783]], [[-100.87550295879664, 21.332752515369265], [-100.87554125284527, 21.332748311681783]], [[-100.87554125284527, 21.332748311681783], [-100.87553676618285, 21.332712432824724]], [[-100.87549847214324, 21.332716636510536], [-100.87553676618285, 21.332712432824724]], [[-100.87553676618285, 21.332712432824724], [-100.87553227952333, 21.33267655396725]], [[-100.87549398549272, 21.332680757651374], [-100.87553227952333, 21.33267655396725]], [[-100.87553227952333, 21.33267655396725], [-100.8755277928667, 21.332640675109353]], [[-100.87548949884514, 21.332644878791793], [-100.8755277928667, 21.332640675109353]], [[-100.8755277928667, 21.332640675109353], [-100.875523306213, 21.332604796251026]], [[-100.87548501220044, 21.33260899993179], [-100.875523306213, 21.332604796251026]], [[-100.875523306213, 21.332604796251026], [-100.87551881956219, 21.332568917392283]], [[-100.87548052555866, 21.332573121071356], [-100.87551881956219, 21.332568917392283]], [[-100.87551881956219, 21.332568917392283], [-100.87551433291429, 21.332533038533107]], [[-100.87547603891979, 21.332537242210492], [-100.87551433291429, 21.332533038533107]], [[-100.87551433291429, 21.332533038533107], [-100.8755098462693, 21.3324971596735]], [[-100.87547155228381, 21.33250136334921], [-100.8755098462693, 21.3324971596735]], [[-100.8755098462693, 21.3324971596735], [-100.8755053596272, 21.332461280813476]], [[-100.87546706565074, 21.332465484487507], [-100.8755053596272, 21.332461280813476]], [[-100.8755053596272, 21.332461280813476], [-100.87550087298801, 21.33242540195302]], [[-100.87546257902056, 21.332429605625364], [-100.87550087298801, 21.33242540195302]], [[-100.87550087298801, 21.33242540195302], [-100.87549638635173, 21.332389523092143]], [[-100.8754580923933, 21.33239372676282], [-100.87549638635173, 21.332389523092143]], [[-100.87549638635173, 21.332389523092143], [-100.87549189971837, 21.33235364423085]], [[-100.87545360576895, 21.332357847899825], [-100.87549189971837, 21.33235364423085]], [[-100.87549189971837, 21.33235364423085], [-100.87548741308788, 21.33231776536912]], [[-100.8754491191475, 21.33232196903642], [-100.87548741308788, 21.33231776536912]], [[-100.87548741308788, 21.33231776536912], [-100.87548292646032, 21.332281886506962]], [[-100.87544463252895, 21.332286090172584], [-100.87548292646032, 21.332281886506962]], [[-100.87548292646032, 21.332281886506962], [-100.87547843983566, 21.332246007644383]], [[-100.87544014591332, 21.332250211308327], [-100.87547843983566, 21.332246007644383]], [[-100.87547843983566, 21.332246007644383], [-100.87547395321391, 21.33221012878139]], [[-100.87543565930058, 21.332214332443638], [-100.87547395321391, 21.33221012878139]], [[-100.87547395321391, 21.33221012878139], [-100.87546946659506, 21.33217424991796]], [[-100.87543117269075, 21.332178453578532], [-100.87546946659506, 21.33217424991796]], [[-100.87546946659506, 21.33217424991796], [-100.87546497997911, 21.332138371054103]], [[-100.87542668608383, 21.332142574712996], [-100.87546497997911, 21.332138371054103]], [[-100.87546497997911, 21.332138371054103], [-100.87546049336608, 21.332102492189826]], [[-100.87542219947981, 21.33210669584704], [-100.87546049336608, 21.332102492189826]], [[-100.87546049336608, 21.332102492189826], [-100.87545600675594, 21.332066613325125]], [[-100.87541771287869, 21.33207081698065], [-100.87545600675594, 21.332066613325125]], [[-100.87545600675594, 21.332066613325125], [-100.87545152014872, 21.33203073445999]], [[-100.87541322628047, 21.332034938113843], [-100.87545152014872, 21.33203073445999]], [[-100.87545152014872, 21.33203073445999], [-100.87544703354439, 21.33199485559444]], [[-100.87540873968517, 21.331999059246606], [-100.87544703354439, 21.33199485559444]], [[-100.87544703354439, 21.33199485559444], [-100.87544254694296, 21.331958976728462]], [[-100.87540425309277, 21.33196318037895], [-100.87544254694296, 21.331958976728462]], [[-100.87544254694296, 21.331958976728462], [-100.87543806034445, 21.331923097862056]], [[-100.87539976650328, 21.331927301510863], [-100.87543806034445, 21.331923097862056]], [[-100.87543806034445, 21.331923097862056], [-100.87543357374884, 21.331887218995227]], [[-100.87539527991669, 21.33189142264235], [-100.87543357374884, 21.331887218995227]], [[-100.87543357374884, 21.331887218995227], [-100.87542908715614, 21.33185134012798]], [[-100.87539079333301, 21.33185554377341], [-100.87542908715614, 21.33185134012798]], [[-100.87542908715614, 21.33185134012798], [-100.87542460056633, 21.331815461260298]], [[-100.87538630675222, 21.331819664904046], [-100.87542460056633, 21.331815461260298]], [[-100.87542460056633, 21.331815461260298], [-100.87542011397944, 21.33177958239219]], [[-100.87538182017434, 21.331783786034265], [-100.87542011397944, 21.33177958239219]], [[-100.87542011397944, 21.33177958239219], [-100.87541562739545, 21.331743703523664]], [[-100.87537733359937, 21.33174790716405], [-100.87541562739545, 21.331743703523664]], [[-100.87541562739545, 21.331743703523664], [-100.87541114081436, 21.3317078246547]], [[-100.87537284702731, 21.331712028293417], [-100.87541114081436, 21.3317078246547]], [[-100.87541114081436, 21.3317078246547], [-100.87540665423617, 21.331671945785324]], [[-100.87536836045814, 21.331676149422353], [-100.87540665423617, 21.331671945785324]], [[-100.87540665423617, 21.331671945785324], [-100.8754021676609, 21.331636066915518]], [[-100.8753638738919, 21.331640270550864], [-100.8754021676609, 21.331636066915518]], [[-100.8754021676609, 21.331636066915518], [-100.87539768108854, 21.33160018804529]], [[-100.87535938732854, 21.33160439167895], [-100.87539768108854, 21.33160018804529]], [[-100.87539768108854, 21.33160018804529], [-100.87539319451908, 21.33156430917463]], [[-100.8753549007681, 21.331568512806616], [-100.87539319451908, 21.33156430917463]], [[-100.87539319451908, 21.33156430917463], [-100.87538870795251, 21.33152843030355]], [[-100.87535041421056, 21.33153263393385], [-100.87538870795251, 21.33152843030355]], [[-100.87538870795251, 21.33152843030355], [-100.87538422138884, 21.33149255143204]], [[-100.87534592765593, 21.331496755060662], [-100.87538422138884, 21.33149255143204]], [[-100.87538422138884, 21.33149255143204], [-100.8753797348281, 21.331456672560112]], [[-100.87534144110418, 21.331460876187048], [-100.8753797348281, 21.331456672560112]], [[-100.8753797348281, 21.331456672560112], [-100.87537524827025, 21.331420793687755]], [[-100.87533695455535, 21.331424997313018], [-100.87537524827025, 21.331420793687755]], [[-100.87537524827025, 21.331420793687755], [-100.87537076171532, 21.331384914814972]], [[-100.87533246800943, 21.331389118438544], [-100.87537076171532, 21.331384914814972]], [[-100.87537076171532, 21.331384914814972], [-100.87536627516327, 21.331349035941766]], [[-100.87532798146643, 21.33135323956366], [-100.87536627516327, 21.331349035941766]], [[-100.87536627516327, 21.331349035941766], [-100.87536178861414, 21.33131315706814]], [[-100.8753234949263, 21.331317360688345], [-100.87536178861414, 21.33131315706814]], [[-100.87536178861414, 21.33131315706814], [-100.87535730206791, 21.331277278194076]], [[-100.8753190083891, 21.33128148181261], [-100.87535730206791, 21.331277278194076]], [[-100.87535730206791, 21.331277278194076], [-100.8753528155246, 21.331241399319598]], [[-100.87531452185479, 21.331245602936438], [-100.8753528155246, 21.331241399319598]], [[-100.8753528155246, 21.331241399319598], [-100.87534832898417, 21.33120552044469]], [[-100.8753100353234, 21.331209724059857], [-100.87534832898417, 21.33120552044469]], [[-100.87534832898417, 21.33120552044469], [-100.87534384244667, 21.33116964156936]], [[-100.8753055487949, 21.331173845182843], [-100.87534384244667, 21.33116964156936]], [[-100.87534384244667, 21.33116964156936], [-100.87533935591205, 21.331133762693597]], [[-100.87530106226932, 21.3311379663054], [-100.87533935591205, 21.331133762693597]], [[-100.87533935591205, 21.331133762693597], [-100.87533486938035, 21.331097883817417]], [[-100.87529657574663, 21.331102087427535], [-100.87533486938035, 21.331097883817417]], [[-100.87533486938035, 21.331097883817417], [-100.87533038285156, 21.331062004940804]], [[-100.87529208922686, 21.33106620854924], [-100.87533038285156, 21.331062004940804]], [[-100.87533038285156, 21.331062004940804], [-100.87532589632566, 21.331026126063772]], [[-100.87528760270997, 21.331030329670526], [-100.87532589632566, 21.331026126063772]], [[-100.87532589632566, 21.331026126063772], [-100.87532140980267, 21.33099024718631]], [[-100.875283116196, 21.330994450791387], [-100.87532140980267, 21.33099024718631]], [[-100.87532140980267, 21.33099024718631], [-100.87531692328258, 21.330954368308426]], [[-100.87527862968494, 21.33095857191183], [-100.87531692328258, 21.330954368308426]], [[-100.87531692328258, 21.330954368308426], [-100.87531243676541, 21.33091848943012]], [[-100.87527414317678, 21.330922693031827], [-100.87531243676541, 21.33091848943012]], [[-100.87531243676541, 21.33091848943012], [-100.87530795025113, 21.33088261055138]], [[-100.87526965667152, 21.330886814151416], [-100.87530795025113, 21.33088261055138]], [[-100.87530795025113, 21.33088261055138], [-100.87530346373975, 21.33084673167223]], [[-100.87526517016919, 21.330850935270576], [-100.87530346373975, 21.33084673167223]], [[-100.87530346373975, 21.33084673167223], [-100.8752989772313, 21.33081085279264]], [[-100.87526068366972, 21.33081505638931], [-100.8752989772313, 21.33081085279264]], [[-100.8752989772313, 21.33081085279264], [-100.87529449072574, 21.330774973912632]], [[-100.87525619717319, 21.330779177507615], [-100.87529449072574, 21.330774973912632]], [[-100.87529449072574, 21.330774973912632], [-100.87529000422307, 21.330739095032193]], [[-100.87525171067955, 21.330743298625503], [-100.87529000422307, 21.330739095032193]], [[-100.87529000422307, 21.330739095032193], [-100.87528551772333, 21.330703216151342]], [[-100.87524722418883, 21.330707419742964], [-100.87528551772333, 21.330703216151342]], [[-100.87561303983918, 21.333322373336745], [-100.87565133402924, 21.33331816961378]], [[-100.87565133402924, 21.33331816961378], [-100.87564684731132, 21.33328229076522]], [[-100.87560855313029, 21.333286494486504], [-100.87564684731132, 21.33328229076522]], [[-100.87564684731132, 21.33328229076522], [-100.87564236059629, 21.33324641191623]], [[-100.87560406642427, 21.333250615635833], [-100.87564236059629, 21.33324641191623]], [[-100.87564236059629, 21.33324641191623], [-100.87563787388417, 21.33321053306682]], [[-100.87559957972118, 21.333214736784736], [-100.87563787388417, 21.33321053306682]], [[-100.87563787388417, 21.33321053306682], [-100.87563338717496, 21.333174654216975]], [[-100.87559509302099, 21.333178857933213], [-100.87563338717496, 21.333174654216975]], [[-100.87563338717496, 21.333174654216975], [-100.87562890046866, 21.333138775366702]], [[-100.8755906063237, 21.333142979081263], [-100.87562890046866, 21.333138775366702]], [[-100.87562890046866, 21.333138775366702], [-100.87562441376525, 21.333102896516017]], [[-100.87558611962932, 21.333107100228894], [-100.87562441376525, 21.333102896516017]], [[-100.87562441376525, 21.333102896516017], [-100.87561992706475, 21.3330670176649]], [[-100.87558163293784, 21.33307122137609], [-100.87561992706475, 21.3330670176649]], [[-100.87561992706475, 21.3330670176649], [-100.87561544036716, 21.333031138813357]], [[-100.87557714624926, 21.333035342522873], [-100.87561544036716, 21.333031138813357]], [[-100.87561544036716, 21.333031138813357], [-100.87561095367246, 21.332995259961393]], [[-100.8755726595636, 21.33299946366922], [-100.87561095367246, 21.332995259961393]], [[-100.87561095367246, 21.332995259961393], [-100.87560646698068, 21.332959381109]], [[-100.87556817288083, 21.33296358481515], [-100.87560646698068, 21.332959381109]], [[-100.87560646698068, 21.332959381109], [-100.8756019802918, 21.332923502256183]], [[-100.87556368620098, 21.332927705960653], [-100.8756019802918, 21.332923502256183]], [[-100.8756019802918, 21.332923502256183], [-100.87559749360584, 21.332887623402943]], [[-100.87555919952402, 21.33289182710573], [-100.87559749360584, 21.332887623402943]], [[-100.87559749360584, 21.332887623402943], [-100.87559300692277, 21.33285174454928]], [[-100.87555471284999, 21.332855948250376], [-100.87559300692277, 21.33285174454928]], [[-100.87559300692277, 21.33285174454928], [-100.87558852024262, 21.33281586569518]], [[-100.87555022617883, 21.332820069394607], [-100.87558852024262, 21.33281586569518]], [[-100.87558852024262, 21.33281586569518], [-100.87558403356535, 21.332779986840666]], [[-100.8755457395106, 21.332784190538405], [-100.87558403356535, 21.332779986840666]], [[-100.87558403356535, 21.332779986840666], [-100.87557954689099, 21.332744107985718]], [[-100.87554125284527, 21.332748311681783], [-100.87557954689099, 21.332744107985718]], [[-100.87557954689099, 21.332744107985718], [-100.87557506021955, 21.332708229130358]], [[-100.87553676618285, 21.332712432824724], [-100.87557506021955, 21.332708229130358]], [[-100.87557506021955, 21.332708229130358], [-100.87557057355102, 21.332672350274557]], [[-100.87553227952333, 21.33267655396725], [-100.87557057355102, 21.332672350274557]], [[-100.87557057355102, 21.332672350274557], [-100.87556608688537, 21.332636471418347]], [[-100.8755277928667, 21.332640675109353], [-100.87556608688537, 21.332636471418347]], [[-100.87556608688537, 21.332636471418347], [-100.87556160022264, 21.332600592561704]], [[-100.875523306213, 21.332604796251026], [-100.87556160022264, 21.332600592561704]], [[-100.87556160022264, 21.332600592561704], [-100.8755571135628, 21.33256471370463]], [[-100.87551881956219, 21.332568917392283], [-100.8755571135628, 21.33256471370463]], [[-100.8755571135628, 21.33256471370463], [-100.8755526269059, 21.33252883484714]], [[-100.87551433291429, 21.332533038533107], [-100.8755526269059, 21.33252883484714]], [[-100.8755526269059, 21.33252883484714], [-100.87554814025188, 21.33249295598922]], [[-100.8755098462693, 21.3324971596735], [-100.87554814025188, 21.33249295598922]], [[-100.87554814025188, 21.33249295598922], [-100.87554365360076, 21.332457077130872]], [[-100.8755053596272, 21.332461280813476], [-100.87554365360076, 21.332457077130872]], [[-100.87554365360076, 21.332457077130872], [-100.87553916695256, 21.332421198272105]], [[-100.87550087298801, 21.33242540195302], [-100.87553916695256, 21.332421198272105]], [[-100.87553916695256, 21.332421198272105], [-100.87553468030725, 21.332385319412907]], [[-100.87549638635173, 21.332389523092143], [-100.87553468030725, 21.332385319412907]], [[-100.87553468030725, 21.332385319412907], [-100.87553019366487, 21.332349440553283]], [[-100.87549189971837, 21.33235364423085], [-100.87553019366487, 21.332349440553283]], [[-100.87553019366487, 21.332349440553283], [-100.87552570702537, 21.33231356169324]], [[-100.87548741308788, 21.33231776536912], [-100.87552570702537, 21.33231356169324]], [[-100.87552570702537, 21.33231356169324], [-100.87552122038879, 21.33227768283277]], [[-100.87548292646032, 21.332281886506962], [-100.87552122038879, 21.33227768283277]], [[-100.87552122038879, 21.33227768283277], [-100.8755167337551, 21.33224180397188]], [[-100.87547843983566, 21.332246007644383], [-100.8755167337551, 21.33224180397188]], [[-100.8755167337551, 21.33224180397188], [-100.87551224712433, 21.332205925110557]], [[-100.87547395321391, 21.33221012878139], [-100.87551224712433, 21.332205925110557]], [[-100.87551224712433, 21.332205925110557], [-100.87550776049646, 21.33217004624881]], [[-100.87546946659506, 21.33217424991796], [-100.87550776049646, 21.33217004624881]], [[-100.87550776049646, 21.33217004624881], [-100.8755032738715, 21.332134167386634]], [[-100.87546497997911, 21.332138371054103], [-100.8755032738715, 21.332134167386634]], [[-100.8755032738715, 21.332134167386634], [-100.87549878724944, 21.332098288524044]], [[-100.87546049336608, 21.332102492189826], [-100.87549878724944, 21.332098288524044]], [[-100.87549878724944, 21.332098288524044], [-100.87549430063028, 21.332062409661024]], [[-100.87545600675594, 21.332066613325125], [-100.87549430063028, 21.332062409661024]], [[-100.87549430063028, 21.332062409661024], [-100.87548981401403, 21.332026530797574]], [[-100.87545152014872, 21.33203073445999], [-100.87548981401403, 21.332026530797574]], [[-100.87548981401403, 21.332026530797574], [-100.8754853274007, 21.331990651933697]], [[-100.87544703354439, 21.33199485559444], [-100.8754853274007, 21.331990651933697]], [[-100.8754853274007, 21.331990651933697], [-100.87548084079025, 21.331954773069405]], [[-100.87544254694296, 21.331958976728462], [-100.87548084079025, 21.331954773069405]], [[-100.87548084079025, 21.331954773069405], [-100.87547635418271, 21.331918894204684]], [[-100.87543806034445, 21.331923097862056], [-100.87547635418271, 21.331918894204684]], [[-100.87547635418271, 21.331918894204684], [-100.87547186757809, 21.331883015339542]], [[-100.87543357374884, 21.331887218995227], [-100.87547186757809, 21.331883015339542]], [[-100.87547186757809, 21.331883015339542], [-100.87546738097636, 21.331847136473964]], [[-100.87542908715614, 21.33185134012798], [-100.87546738097636, 21.331847136473964]], [[-100.87546738097636, 21.331847136473964], [-100.87546289437753, 21.331811257607963]], [[-100.87542460056633, 21.331815461260298], [-100.87546289437753, 21.331811257607963]], [[-100.87546289437753, 21.331811257607963], [-100.87545840778162, 21.331775378741543]], [[-100.87542011397944, 21.33177958239219], [-100.87545840778162, 21.331775378741543]], [[-100.87545840778162, 21.331775378741543], [-100.87545392118861, 21.33173949987469]], [[-100.87541562739545, 21.331743703523664], [-100.87545392118861, 21.33173949987469]], [[-100.87545392118861, 21.33173949987469], [-100.87544943459851, 21.33170362100742]], [[-100.87541114081436, 21.3317078246547], [-100.87544943459851, 21.33170362100742]], [[-100.87544943459851, 21.33170362100742], [-100.8754449480113, 21.33166774213972]], [[-100.87540665423617, 21.331671945785324], [-100.8754449480113, 21.33166774213972]], [[-100.8754449480113, 21.33166774213972], [-100.87544046142702, 21.3316318632716]], [[-100.8754021676609, 21.331636066915518], [-100.87544046142702, 21.3316318632716]], [[-100.87544046142702, 21.3316318632716], [-100.87543597484562, 21.331595984403048]], [[-100.87539768108854, 21.33160018804529], [-100.87543597484562, 21.331595984403048]], [[-100.87543597484562, 21.331595984403048], [-100.87543148826714, 21.331560105534077]], [[-100.87539319451908, 21.33156430917463], [-100.87543148826714, 21.331560105534077]], [[-100.87543148826714, 21.331560105534077], [-100.87542700169155, 21.331524226664673]], [[-100.87538870795251, 21.33152843030355], [-100.87542700169155, 21.331524226664673]], [[-100.87542700169155, 21.331524226664673], [-100.87542251511888, 21.33148834779485]], [[-100.87538422138884, 21.33149255143204], [-100.87542251511888, 21.33148834779485]], [[-100.87542251511888, 21.33148834779485], [-100.87541802854912, 21.331452468924603]], [[-100.8753797348281, 21.331456672560112], [-100.87541802854912, 21.331452468924603]], [[-100.87541802854912, 21.331452468924603], [-100.87541354198224, 21.331416590053927]], [[-100.87537524827025, 21.331420793687755], [-100.87541354198224, 21.331416590053927]], [[-100.87541354198224, 21.331416590053927], [-100.87540905541827, 21.331380711182828]], [[-100.87537076171532, 21.331384914814972], [-100.87540905541827, 21.331380711182828]], [[-100.87540905541827, 21.331380711182828], [-100.87540456885722, 21.331344832311306]], [[-100.87536627516327, 21.331349035941766], [-100.87540456885722, 21.331344832311306]], [[-100.87540456885722, 21.331344832311306], [-100.87540008229907, 21.331308953439354]], [[-100.87536178861414, 21.33131315706814], [-100.87540008229907, 21.331308953439354]], [[-100.87540008229907, 21.331308953439354], [-100.87539559574383, 21.33127307456698]], [[-100.87535730206791, 21.331277278194076], [-100.87539559574383, 21.33127307456698]], [[-100.87539559574383, 21.33127307456698], [-100.87539110919148, 21.33123719569417]], [[-100.8753528155246, 21.331241399319598], [-100.87539110919148, 21.33123719569417]], [[-100.87539110919148, 21.33123719569417], [-100.87538662264205, 21.331201316820948]], [[-100.87534832898417, 21.33120552044469], [-100.87538662264205, 21.331201316820948]], [[-100.87538662264205, 21.331201316820948], [-100.87538213609551, 21.331165437947302]], [[-100.87534384244667, 21.33116964156936], [-100.87538213609551, 21.331165437947302]], [[-100.87538213609551, 21.331165437947302], [-100.87537764955188, 21.331129559073226]], [[-100.87533935591205, 21.331133762693597], [-100.87537764955188, 21.331129559073226]], [[-100.87537764955188, 21.331129559073226], [-100.87537316301118, 21.33109368019872]], [[-100.87533486938035, 21.331097883817417], [-100.87537316301118, 21.33109368019872]], [[-100.87537316301118, 21.33109368019872], [-100.87536867647334, 21.33105780132379]], [[-100.87533038285156, 21.331062004940804], [-100.87536867647334, 21.33105780132379]], [[-100.87536867647334, 21.33105780132379], [-100.87536418993844, 21.331021922448443]], [[-100.87532589632566, 21.331026126063772], [-100.87536418993844, 21.331021922448443]], [[-100.87536418993844, 21.331021922448443], [-100.87535970340643, 21.33098604357266]], [[-100.87532140980267, 21.33099024718631], [-100.87535970340643, 21.33098604357266]], [[-100.87535970340643, 21.33098604357266], [-100.87535521687732, 21.33095016469646]], [[-100.87531692328258, 21.330954368308426], [-100.87535521687732, 21.33095016469646]], [[-100.87535521687732, 21.33095016469646], [-100.87535073035112, 21.330914285819837]], [[-100.87531243676541, 21.33091848943012], [-100.87535073035112, 21.330914285819837]], [[-100.87535073035112, 21.330914285819837], [-100.87534624382782, 21.330878406942784]], [[-100.87530795025113, 21.33088261055138], [-100.87534624382782, 21.330878406942784]], [[-100.87534624382782, 21.330878406942784], [-100.87534175730744, 21.3308425280653]], [[-100.87530346373975, 21.33084673167223], [-100.87534175730744, 21.3308425280653]], [[-100.87534175730744, 21.3308425280653], [-100.87533727078996, 21.330806649187405]], [[-100.8752989772313, 21.33081085279264], [-100.87533727078996, 21.330806649187405]], [[-100.87533727078996, 21.330806649187405], [-100.87533278427539, 21.330770770309076]], [[-100.87529449072574, 21.330774973912632], [-100.87533278427539, 21.330770770309076]], [[-100.87533278427539, 21.330770770309076], [-100.8753282977637, 21.33073489143032]], [[-100.87529000422307, 21.330739095032193], [-100.8753282977637, 21.33073489143032]], [[-100.8753282977637, 21.33073489143032], [-100.87532381125494, 21.330699012551143]], [[-100.87528551772333, 21.330703216151342], [-100.87532381125494, 21.330699012551143]], [[-100.87565582075008, 21.33335404846192], [-100.87565133402924, 21.33331816961378]], [[-100.87565582075008, 21.33335404846192], [-100.87569411494624, 21.333349844728698]], [[-100.87569411494624, 21.333349844728698], [-100.87568962821639, 21.33331396588224]], [[-100.87565133402924, 21.33331816961378], [-100.87568962821639, 21.33331396588224]], [[-100.87568962821639, 21.33331396588224], [-100.87568514148944, 21.33327808703536]], [[-100.87564684731132, 21.33328229076522], [-100.87568514148944, 21.33327808703536]], [[-100.87568514148944, 21.33327808703536], [-100.8756806547654, 21.33324220818805]], [[-100.87564236059629, 21.33324641191623], [-100.8756806547654, 21.33324220818805]], [[-100.8756806547654, 21.33324220818805], [-100.87567616804427, 21.33320632934032]], [[-100.87563787388417, 21.33321053306682], [-100.87567616804427, 21.33320632934032]], [[-100.87567616804427, 21.33320632934032], [-100.87567168132603, 21.33317045049216]], [[-100.87563338717496, 21.333174654216975], [-100.87567168132603, 21.33317045049216]], [[-100.87567168132603, 21.33317045049216], [-100.87566719461068, 21.333134571643573]], [[-100.87562890046866, 21.333138775366702], [-100.87566719461068, 21.333134571643573]], [[-100.87566719461068, 21.333134571643573], [-100.87566270789826, 21.333098692794564]], [[-100.87562441376525, 21.333102896516017], [-100.87566270789826, 21.333098692794564]], [[-100.87566270789826, 21.333098692794564], [-100.87565822118876, 21.33306281394513]], [[-100.87561992706475, 21.3330670176649], [-100.87565822118876, 21.33306281394513]], [[-100.87565822118876, 21.33306281394513], [-100.87565373448214, 21.333026935095276]], [[-100.87561544036716, 21.333031138813357], [-100.87565373448214, 21.333026935095276]], [[-100.87565373448214, 21.333026935095276], [-100.87564924777844, 21.332991056244985]], [[-100.87561095367246, 21.332995259961393], [-100.87564924777844, 21.332991056244985]], [[-100.87564924777844, 21.332991056244985], [-100.87564476107762, 21.332955177394282]], [[-100.87560646698068, 21.332959381109], [-100.87564476107762, 21.332955177394282]], [[-100.87564476107762, 21.332955177394282], [-100.87564027437973, 21.332919298543143]], [[-100.8756019802918, 21.332923502256183], [-100.87564027437973, 21.332919298543143]], [[-100.87564027437973, 21.332919298543143], [-100.87563578768474, 21.332883419691584]], [[-100.87559749360584, 21.332887623402943], [-100.87563578768474, 21.332883419691584]], [[-100.87563578768474, 21.332883419691584], [-100.87563130099264, 21.3328475408396]], [[-100.87559300692277, 21.33285174454928], [-100.87563130099264, 21.3328475408396]], [[-100.87563130099264, 21.3328475408396], [-100.87562681430346, 21.332811661987186]], [[-100.87558852024262, 21.33281586569518], [-100.87562681430346, 21.332811661987186]], [[-100.87562681430346, 21.332811661987186], [-100.87562232761718, 21.33277578313435]], [[-100.87558403356535, 21.332779986840666], [-100.87562232761718, 21.33277578313435]], [[-100.87562232761718, 21.33277578313435], [-100.87561784093381, 21.332739904281095]], [[-100.87557954689099, 21.332744107985718], [-100.87561784093381, 21.332739904281095]], [[-100.87561784093381, 21.332739904281095], [-100.87561335425335, 21.33270402542741]], [[-100.87557506021955, 21.332708229130358], [-100.87561335425335, 21.33270402542741]], [[-100.87561335425335, 21.33270402542741], [-100.87560886757579, 21.332668146573297]], [[-100.87557057355102, 21.332672350274557], [-100.87560886757579, 21.332668146573297]], [[-100.87560886757579, 21.332668146573297], [-100.87560438090114, 21.332632267718758]], [[-100.87556608688537, 21.332636471418347], [-100.87560438090114, 21.332632267718758]], [[-100.87560438090114, 21.332632267718758], [-100.87559989422938, 21.332596388863795]], [[-100.87556160022264, 21.332600592561704], [-100.87559989422938, 21.332596388863795]], [[-100.87559989422938, 21.332596388863795], [-100.87559540756054, 21.33256051000841]], [[-100.8755571135628, 21.33256471370463], [-100.87559540756054, 21.33256051000841]], [[-100.87559540756054, 21.33256051000841], [-100.8755909208946, 21.3325246311526]], [[-100.8755526269059, 21.33252883484714], [-100.8755909208946, 21.3325246311526]], [[-100.8755909208946, 21.3325246311526], [-100.87558643423156, 21.332488752296364]], [[-100.87554814025188, 21.33249295598922], [-100.87558643423156, 21.332488752296364]], [[-100.87558643423156, 21.332488752296364], [-100.87558194757143, 21.332452873439696]], [[-100.87554365360076, 21.332457077130872], [-100.87558194757143, 21.332452873439696]], [[-100.87558194757143, 21.332452873439696], [-100.8755774609142, 21.33241699458261]], [[-100.87553916695256, 21.332421198272105], [-100.8755774609142, 21.33241699458261]], [[-100.8755774609142, 21.33241699458261], [-100.87557297425988, 21.33238111572509]], [[-100.87553468030725, 21.332385319412907], [-100.87557297425988, 21.33238111572509]], [[-100.87557297425988, 21.33238111572509], [-100.87556848760846, 21.33234523686716]], [[-100.87553019366487, 21.332349440553283], [-100.87556848760846, 21.33234523686716]], [[-100.87556848760846, 21.33234523686716], [-100.87556400095995, 21.332309358008796]], [[-100.87552570702537, 21.33231356169324], [-100.87556400095995, 21.332309358008796]], [[-100.87556400095995, 21.332309358008796], [-100.87555951431435, 21.332273479150004]], [[-100.87552122038879, 21.33227768283277], [-100.87555951431435, 21.332273479150004]], [[-100.87555951431435, 21.332273479150004], [-100.87555502767165, 21.332237600290792]], [[-100.8755167337551, 21.33224180397188], [-100.87555502767165, 21.332237600290792]], [[-100.87555502767165, 21.332237600290792], [-100.87555054103186, 21.332201721431154]], [[-100.87551224712433, 21.332205925110557], [-100.87555054103186, 21.332201721431154]], [[-100.87555054103186, 21.332201721431154], [-100.87554605439497, 21.332165842571094]], [[-100.87550776049646, 21.33217004624881], [-100.87554605439497, 21.332165842571094]], [[-100.87554605439497, 21.332165842571094], [-100.87554156776098, 21.332129963710603]], [[-100.8755032738715, 21.332134167386634], [-100.87554156776098, 21.332129963710603]], [[-100.87554156776098, 21.332129963710603], [-100.8755370811299, 21.332094084849686]], [[-100.87549878724944, 21.332098288524044], [-100.8755370811299, 21.332094084849686]], [[-100.8755370811299, 21.332094084849686], [-100.87553259450172, 21.33205820598835]], [[-100.87549430063028, 21.332062409661024], [-100.87553259450172, 21.33205820598835]], [[-100.87553259450172, 21.33205820598835], [-100.87552810787646, 21.332022327126577]], [[-100.87548981401403, 21.332026530797574], [-100.87552810787646, 21.332022327126577]], [[-100.87552810787646, 21.332022327126577], [-100.87552362125409, 21.331986448264395]], [[-100.8754853274007, 21.331990651933697], [-100.87552362125409, 21.331986448264395]], [[-100.87552362125409, 21.331986448264395], [-100.87551913463464, 21.331950569401776]], [[-100.87548084079025, 21.331954773069405], [-100.87551913463464, 21.331950569401776]], [[-100.87551913463464, 21.331950569401776], [-100.87551464801807, 21.33191469053874]], [[-100.87547635418271, 21.331918894204684], [-100.87551464801807, 21.33191469053874]], [[-100.87551464801807, 21.33191469053874], [-100.87551016140442, 21.331878811675267]], [[-100.87547186757809, 21.331883015339542], [-100.87551016140442, 21.331878811675267]], [[-100.87551016140442, 21.331878811675267], [-100.87550567479367, 21.33184293281138]], [[-100.87546738097636, 21.331847136473964], [-100.87550567479367, 21.33184293281138]], [[-100.87550567479367, 21.33184293281138], [-100.87550118818585, 21.331807053947067]], [[-100.87546289437753, 21.331811257607963], [-100.87550118818585, 21.331807053947067]], [[-100.87550118818585, 21.331807053947067], [-100.87549670158091, 21.331771175082324]], [[-100.87545840778162, 21.331775378741543], [-100.87549670158091, 21.331771175082324]], [[-100.87549670158091, 21.331771175082324], [-100.87549221497888, 21.331735296217154]], [[-100.87545392118861, 21.33173949987469], [-100.87549221497888, 21.331735296217154]], [[-100.87549221497888, 21.331735296217154], [-100.87548772837975, 21.33169941735156]], [[-100.87544943459851, 21.33170362100742], [-100.87548772837975, 21.33169941735156]], [[-100.87548772837975, 21.33169941735156], [-100.87548324178353, 21.331663538485547]], [[-100.8754449480113, 21.33166774213972], [-100.87548324178353, 21.331663538485547]], [[-100.87548324178353, 21.331663538485547], [-100.87547875519022, 21.331627659619105]], [[-100.87544046142702, 21.3316318632716], [-100.87547875519022, 21.331627659619105]], [[-100.87547875519022, 21.331627659619105], [-100.8754742685998, 21.331591780752237]], [[-100.87543597484562, 21.331595984403048], [-100.8754742685998, 21.331591780752237]], [[-100.8754742685998, 21.331591780752237], [-100.8754697820123, 21.331555901884947]], [[-100.87543148826714, 21.331560105534077], [-100.8754697820123, 21.331555901884947]], [[-100.8754697820123, 21.331555901884947], [-100.8754652954277, 21.331520023017223]], [[-100.87542700169155, 21.331524226664673], [-100.8754652954277, 21.331520023017223]], [[-100.8754652954277, 21.331520023017223], [-100.875460808846, 21.331484144149087]], [[-100.87542251511888, 21.33148834779485], [-100.875460808846, 21.331484144149087]], [[-100.875460808846, 21.331484144149087], [-100.87545632226721, 21.331448265280525]], [[-100.87541802854912, 21.331452468924603], [-100.87545632226721, 21.331448265280525]], [[-100.87545632226721, 21.331448265280525], [-100.87545183569132, 21.331412386411525]], [[-100.87541354198224, 21.331416590053927], [-100.87545183569132, 21.331412386411525]], [[-100.87545183569132, 21.331412386411525], [-100.87544734911835, 21.33137650754211]], [[-100.87540905541827, 21.331380711182828], [-100.87544734911835, 21.33137650754211]], [[-100.87544734911835, 21.33137650754211], [-100.87544286254827, 21.33134062867226]], [[-100.87540456885722, 21.331344832311306], [-100.87544286254827, 21.33134062867226]], [[-100.87544286254827, 21.33134062867226], [-100.8754383759811, 21.331304749801998]], [[-100.87540008229907, 21.331308953439354], [-100.8754383759811, 21.331304749801998]], [[-100.8754383759811, 21.331304749801998], [-100.87543388941683, 21.3312688709313]], [[-100.87539559574383, 21.33127307456698], [-100.87543388941683, 21.3312688709313]], [[-100.87543388941683, 21.3312688709313], [-100.87542940285547, 21.331232992060187]], [[-100.87539110919148, 21.33123719569417], [-100.87542940285547, 21.331232992060187]], [[-100.87542940285547, 21.331232992060187], [-100.875424916297, 21.331197113188637]], [[-100.87538662264205, 21.331201316820948], [-100.875424916297, 21.331197113188637]], [[-100.875424916297, 21.331197113188637], [-100.87542042974147, 21.331161234316667]], [[-100.87538213609551, 21.331165437947302], [-100.87542042974147, 21.331161234316667]], [[-100.87542042974147, 21.331161234316667], [-100.87541594318881, 21.33112535544427]], [[-100.87537764955188, 21.331129559073226], [-100.87541594318881, 21.33112535544427]], [[-100.87541594318881, 21.33112535544427], [-100.87541145663907, 21.331089476571453]], [[-100.87537316301118, 21.33109368019872], [-100.87541145663907, 21.331089476571453]], [[-100.87541145663907, 21.331089476571453], [-100.87540697009224, 21.33105359769821]], [[-100.87536867647334, 21.33105780132379], [-100.87540697009224, 21.33105359769821]], [[-100.87540697009224, 21.33105359769821], [-100.8754024835483, 21.33101771882454]], [[-100.87536418993844, 21.331021922448443], [-100.8754024835483, 21.33101771882454]], [[-100.8754024835483, 21.33101771882454], [-100.87539799700728, 21.330981839950446]], [[-100.87535970340643, 21.33098604357266], [-100.87539799700728, 21.330981839950446]], [[-100.87539799700728, 21.330981839950446], [-100.87539351046915, 21.330945961075923]], [[-100.87535521687732, 21.33095016469646], [-100.87539351046915, 21.330945961075923]], [[-100.87539351046915, 21.330945961075923], [-100.87538902393393, 21.330910082200976]], [[-100.87535073035112, 21.330914285819837], [-100.87538902393393, 21.330910082200976]], [[-100.87538902393393, 21.330910082200976], [-100.87538453740162, 21.3308742033256]], [[-100.87534624382782, 21.330878406942784], [-100.87538453740162, 21.3308742033256]], [[-100.87538453740162, 21.3308742033256], [-100.87538005087222, 21.330838324449807]], [[-100.87534175730744, 21.3308425280653], [-100.87538005087222, 21.330838324449807]], [[-100.87538005087222, 21.330838324449807], [-100.87537556434572, 21.330802445573585]], [[-100.87533727078996, 21.330806649187405], [-100.87537556434572, 21.330802445573585]], [[-100.87537556434572, 21.330802445573585], [-100.87537107782212, 21.330766566696944]], [[-100.87533278427539, 21.330770770309076], [-100.87537107782212, 21.330766566696944]], [[-100.87537107782212, 21.330766566696944], [-100.87536659130141, 21.33073068781987]], [[-100.8753282977637, 21.33073489143032], [-100.87536659130141, 21.33073068781987]], [[-100.87536659130141, 21.33073068781987], [-100.87536210478363, 21.33069480894238]], [[-100.87532381125494, 21.330699012551143], [-100.87536210478363, 21.33069480894238]], [[-100.875698601679, 21.33338572357473], [-100.87569411494624, 21.333349844728698]], [[-100.875698601679, 21.33338572357473], [-100.87573689588129, 21.333381519831256]], [[-100.87573689588129, 21.333381519831256], [-100.87573240913952, 21.3333456409869]], [[-100.87569411494624, 21.333349844728698], [-100.87573240913952, 21.3333456409869]], [[-100.87573240913952, 21.3333456409869], [-100.87572792240064, 21.33330976214213]], [[-100.87568962821639, 21.33331396588224], [-100.87572792240064, 21.33330976214213]], [[-100.87572792240064, 21.33330976214213], [-100.87572343566467, 21.333273883296922]], [[-100.87568514148944, 21.33327808703536], [-100.87572343566467, 21.333273883296922]], [[-100.87572343566467, 21.333273883296922], [-100.87571894893159, 21.3332380044513]], [[-100.8756806547654, 21.33324220818805], [-100.87571894893159, 21.3332380044513]], [[-100.87571894893159, 21.3332380044513], [-100.87571446220143, 21.333202125605247]], [[-100.87567616804427, 21.33320632934032], [-100.87571446220143, 21.333202125605247]], [[-100.87571446220143, 21.333202125605247], [-100.87570997547418, 21.333166246758772]], [[-100.87567168132603, 21.33317045049216], [-100.87570997547418, 21.333166246758772]], [[-100.87570997547418, 21.333166246758772], [-100.87570548874983, 21.333130367911867]], [[-100.87566719461068, 21.333134571643573], [-100.87570548874983, 21.333130367911867]], [[-100.87570548874983, 21.333130367911867], [-100.87570100202839, 21.333094489064543]], [[-100.87566270789826, 21.333098692794564], [-100.87570100202839, 21.333094489064543]], [[-100.87570100202839, 21.333094489064543], [-100.87569651530984, 21.333058610216792]], [[-100.87565822118876, 21.33306281394513], [-100.87569651530984, 21.333058610216792]], [[-100.87569651530984, 21.333058610216792], [-100.87569202859422, 21.33302273136861]], [[-100.87565373448214, 21.333026935095276], [-100.87569202859422, 21.33302273136861]], [[-100.87569202859422, 21.33302273136861], [-100.87568754188149, 21.33298685252002]], [[-100.87564924777844, 21.332991056244985], [-100.87568754188149, 21.33298685252002]], [[-100.87568754188149, 21.33298685252002], [-100.87568305517166, 21.332950973670986]], [[-100.87564476107762, 21.332955177394282], [-100.87568305517166, 21.332950973670986]], [[-100.87568305517166, 21.332950973670986], [-100.87567856846475, 21.332915094821534]], [[-100.87564027437973, 21.332919298543143], [-100.87567856846475, 21.332915094821534]], [[-100.87567856846475, 21.332915094821534], [-100.87567408176074, 21.33287921597165]], [[-100.87563578768474, 21.332883419691584], [-100.87567408176074, 21.33287921597165]], [[-100.87567408176074, 21.33287921597165], [-100.87566959505963, 21.33284333712135]], [[-100.87563130099264, 21.3328475408396], [-100.87566959505963, 21.33284333712135]], [[-100.87566959505963, 21.33284333712135], [-100.87566510836143, 21.332807458270622]], [[-100.87562681430346, 21.332811661987186], [-100.87566510836143, 21.332807458270622]], [[-100.87566510836143, 21.332807458270622], [-100.87566062166613, 21.332771579419468]], [[-100.87562232761718, 21.33277578313435], [-100.87566062166613, 21.332771579419468]], [[-100.87566062166613, 21.332771579419468], [-100.87565613497372, 21.332735700567888]], [[-100.87561784093381, 21.332739904281095], [-100.87565613497372, 21.332735700567888]], [[-100.87565613497372, 21.332735700567888], [-100.87565164828425, 21.332699821715888]], [[-100.87561335425335, 21.33270402542741], [-100.87565164828425, 21.332699821715888]], [[-100.87565164828425, 21.332699821715888], [-100.87564716159767, 21.332663942863455]], [[-100.87560886757579, 21.332668146573297], [-100.87564716159767, 21.332663942863455]], [[-100.87564716159767, 21.332663942863455], [-100.87564267491399, 21.332628064010606]], [[-100.87560438090114, 21.332632267718758], [-100.87564267491399, 21.332628064010606]], [[-100.87564267491399, 21.332628064010606], [-100.87563818823321, 21.332592185157324]], [[-100.87559989422938, 21.332596388863795], [-100.87563818823321, 21.332592185157324]], [[-100.87563818823321, 21.332592185157324], [-100.87563370155534, 21.33255630630362]], [[-100.87559540756054, 21.33256051000841], [-100.87563370155534, 21.33255630630362]], [[-100.87563370155534, 21.33255630630362], [-100.87562921488039, 21.332520427449488]], [[-100.8755909208946, 21.3325246311526], [-100.87562921488039, 21.332520427449488]], [[-100.87562921488039, 21.332520427449488], [-100.87562472820834, 21.33248454859493]], [[-100.87558643423156, 21.332488752296364], [-100.87562472820834, 21.33248454859493]], [[-100.87562472820834, 21.33248454859493], [-100.87562024153918, 21.33244866973995]], [[-100.87558194757143, 21.332452873439696], [-100.87562024153918, 21.33244866973995]], [[-100.87562024153918, 21.33244866973995], [-100.87561575487294, 21.332412790884547]], [[-100.8755774609142, 21.33241699458261], [-100.87561575487294, 21.332412790884547]], [[-100.87561575487294, 21.332412790884547], [-100.8756112682096, 21.33237691202871]], [[-100.87557297425988, 21.33238111572509], [-100.8756112682096, 21.33237691202871]], [[-100.8756112682096, 21.33237691202871], [-100.87560678154917, 21.332341033172455]], [[-100.87556848760846, 21.33234523686716], [-100.87560678154917, 21.332341033172455]], [[-100.87560678154917, 21.332341033172455], [-100.87560229489162, 21.332305154315772]], [[-100.87556400095995, 21.332309358008796], [-100.87560229489162, 21.332305154315772]], [[-100.87560229489162, 21.332305154315772], [-100.875597808237, 21.332269275458668]], [[-100.87555951431435, 21.332273479150004], [-100.875597808237, 21.332269275458668]], [[-100.875597808237, 21.332269275458668], [-100.87559332158528, 21.332233396601143]], [[-100.87555502767165, 21.332237600290792], [-100.87559332158528, 21.332233396601143]], [[-100.87559332158528, 21.332233396601143], [-100.87558883493648, 21.332197517743182]], [[-100.87555054103186, 21.332201721431154], [-100.87558883493648, 21.332197517743182]], [[-100.87558883493648, 21.332197517743182], [-100.87558434829056, 21.3321616388848]], [[-100.87554605439497, 21.332165842571094], [-100.87558434829056, 21.3321616388848]], [[-100.87558434829056, 21.3321616388848], [-100.87557986164755, 21.33212576002599]], [[-100.87554156776098, 21.332129963710603], [-100.87557986164755, 21.33212576002599]], [[-100.87557986164755, 21.33212576002599], [-100.87557537500746, 21.33208988116676]], [[-100.8755370811299, 21.332094084849686], [-100.87557537500746, 21.33208988116676]], [[-100.87557537500746, 21.33208988116676], [-100.87557088837026, 21.332054002307096]], [[-100.87553259450172, 21.33205820598835], [-100.87557088837026, 21.332054002307096]], [[-100.87557088837026, 21.332054002307096], [-100.87556640173597, 21.332018123447018]], [[-100.87552810787646, 21.332022327126577], [-100.87556640173597, 21.332018123447018]], [[-100.87556640173597, 21.332018123447018], [-100.87556191510458, 21.33198224458651]], [[-100.87552362125409, 21.331986448264395], [-100.87556191510458, 21.33198224458651]], [[-100.87556191510458, 21.33198224458651], [-100.87555742847611, 21.33194636572557]], [[-100.87551913463464, 21.331950569401776], [-100.87555742847611, 21.33194636572557]], [[-100.87555742847611, 21.33194636572557], [-100.87555294185054, 21.331910486864214]], [[-100.87551464801807, 21.33191469053874], [-100.87555294185054, 21.331910486864214]], [[-100.87555294185054, 21.331910486864214], [-100.87554845522786, 21.331874608002433]], [[-100.87551016140442, 21.331878811675267], [-100.87554845522786, 21.331874608002433]], [[-100.87554845522786, 21.331874608002433], [-100.8755439686081, 21.331838729140223]], [[-100.87550567479367, 21.33184293281138], [-100.8755439686081, 21.331838729140223]], [[-100.8755439686081, 21.331838729140223], [-100.87553948199124, 21.331802850277587]], [[-100.87550118818585, 21.331807053947067], [-100.87553948199124, 21.331802850277587]], [[-100.87553948199124, 21.331802850277587], [-100.87553499537728, 21.331766971414524]], [[-100.87549670158091, 21.331771175082324], [-100.87553499537728, 21.331766971414524]], [[-100.87553499537728, 21.331766971414524], [-100.87553050876623, 21.331731092551045]], [[-100.87549221497888, 21.331735296217154], [-100.87553050876623, 21.331731092551045]], [[-100.87553050876623, 21.331731092551045], [-100.87552602215808, 21.331695213687134]], [[-100.87548772837975, 21.33169941735156], [-100.87552602215808, 21.331695213687134]], [[-100.87552602215808, 21.331695213687134], [-100.87552153555285, 21.331659334822803]], [[-100.87548324178353, 21.331663538485547], [-100.87552153555285, 21.331659334822803]], [[-100.87552153555285, 21.331659334822803], [-100.87551704895051, 21.33162345595804]], [[-100.87547875519022, 21.331627659619105], [-100.87551704895051, 21.33162345595804]], [[-100.87551704895051, 21.33162345595804], [-100.87551256235109, 21.33158757709285]], [[-100.8754742685998, 21.331591780752237], [-100.87551256235109, 21.33158757709285]], [[-100.87551256235109, 21.33158757709285], [-100.87550807575457, 21.331551698227244]], [[-100.8754697820123, 21.331555901884947], [-100.87550807575457, 21.331551698227244]], [[-100.87550807575457, 21.331551698227244], [-100.87550358916094, 21.331515819361204]], [[-100.8754652954277, 21.331520023017223], [-100.87550358916094, 21.331515819361204]], [[-100.87550358916094, 21.331515819361204], [-100.87549910257023, 21.331479940494752]], [[-100.875460808846, 21.331484144149087], [-100.87549910257023, 21.331479940494752]], [[-100.87549910257023, 21.331479940494752], [-100.87549461598242, 21.331444061627863]], [[-100.87545632226721, 21.331448265280525], [-100.87549461598242, 21.331444061627863]], [[-100.87549461598242, 21.331444061627863], [-100.8754901293975, 21.33140818276055]], [[-100.87545183569132, 21.331412386411525], [-100.8754901293975, 21.33140818276055]], [[-100.8754901293975, 21.33140818276055], [-100.87548564281552, 21.33137230389281]], [[-100.87544734911835, 21.33137650754211], [-100.87548564281552, 21.33137230389281]], [[-100.87548564281552, 21.33137230389281], [-100.8754811562364, 21.331336425024656]], [[-100.87544286254827, 21.33134062867226], [-100.8754811562364, 21.331336425024656]], [[-100.8754811562364, 21.331336425024656], [-100.87547666966023, 21.33130054615606]], [[-100.8754383759811, 21.331304749801998], [-100.87547666966023, 21.33130054615606]], [[-100.87547666966023, 21.33130054615606], [-100.87547218308693, 21.331264667287055]], [[-100.87543388941683, 21.3312688709313], [-100.87547218308693, 21.331264667287055]], [[-100.87547218308693, 21.331264667287055], [-100.87546769651655, 21.331228788417615]], [[-100.87542940285547, 21.331232992060187], [-100.87546769651655, 21.331228788417615]], [[-100.87546769651655, 21.331228788417615], [-100.87546320994909, 21.331192909547752]], [[-100.875424916297, 21.331197113188637], [-100.87546320994909, 21.331192909547752]], [[-100.87546320994909, 21.331192909547752], [-100.87545872338451, 21.331157030677467]], [[-100.87542042974147, 21.331161234316667], [-100.87545872338451, 21.331157030677467]], [[-100.87545872338451, 21.331157030677467], [-100.87545423682285, 21.331121151806755]], [[-100.87541594318881, 21.33112535544427], [-100.87545423682285, 21.331121151806755]], [[-100.87545423682285, 21.331121151806755], [-100.87544975026408, 21.331085272935617]], [[-100.87541145663907, 21.331089476571453], [-100.87544975026408, 21.331085272935617]], [[-100.87544975026408, 21.331085272935617], [-100.87544526370823, 21.331049394064053]], [[-100.87540697009224, 21.33105359769821], [-100.87544526370823, 21.331049394064053]], [[-100.87544526370823, 21.331049394064053], [-100.87544077715528, 21.331013515192062]], [[-100.8754024835483, 21.33101771882454], [-100.87544077715528, 21.331013515192062]], [[-100.87544077715528, 21.331013515192062], [-100.87543629060522, 21.330977636319655]], [[-100.87539799700728, 21.330981839950446], [-100.87543629060522, 21.330977636319655]], [[-100.87543629060522, 21.330977636319655], [-100.87543180405808, 21.330941757446812]], [[-100.87539351046915, 21.330945961075923], [-100.87543180405808, 21.330941757446812]], [[-100.87543180405808, 21.330941757446812], [-100.87542731751385, 21.330905878573546]], [[-100.87538902393393, 21.330910082200976], [-100.87542731751385, 21.330905878573546]], [[-100.87542731751385, 21.330905878573546], [-100.87542283097251, 21.330869999699857]], [[-100.87538453740162, 21.3308742033256], [-100.87542283097251, 21.330869999699857]], [[-100.87542283097251, 21.330869999699857], [-100.87541834443408, 21.330834120825745]], [[-100.87538005087222, 21.330838324449807], [-100.87541834443408, 21.330834120825745]], [[-100.87541834443408, 21.330834120825745], [-100.87541385789856, 21.330798241951207]], [[-100.87537556434572, 21.330802445573585], [-100.87541385789856, 21.330798241951207]], [[-100.87541385789856, 21.330798241951207], [-100.87540937136595, 21.330762363076236]], [[-100.87537107782212, 21.330766566696944], [-100.87540937136595, 21.330762363076236]], [[-100.87540937136595, 21.330762363076236], [-100.87540488483623, 21.330726484200852]], [[-100.87536659130141, 21.33073068781987], [-100.87540488483623, 21.330726484200852]], [[-100.87574138262598, 21.333417398675174], [-100.87573689588129, 21.333381519831256]], [[-100.87574138262598, 21.333417398675174], [-100.87577967683437, 21.333413194921445]], [[-100.87577967683437, 21.333413194921445], [-100.87577519008067, 21.333377316079197]], [[-100.87573689588129, 21.333381519831256], [-100.87577519008067, 21.333377316079197]], [[-100.87577519008067, 21.333377316079197], [-100.87577070332986, 21.33334143723653]], [[-100.87573240913952, 21.3333456409869], [-100.87577070332986, 21.33334143723653]], [[-100.87577070332986, 21.33334143723653], [-100.87576621658197, 21.333305558393434]], [[-100.87572792240064, 21.33330976214213], [-100.87576621658197, 21.333305558393434]], [[-100.87576621658197, 21.333305558393434], [-100.87576172983698, 21.333269679549918]], [[-100.87572343566467, 21.333273883296922], [-100.87576172983698, 21.333269679549918]], [[-100.87576172983698, 21.333269679549918], [-100.8757572430949, 21.333233800705973]], [[-100.87571894893159, 21.3332380044513], [-100.8757572430949, 21.333233800705973]], [[-100.8757572430949, 21.333233800705973], [-100.87575275635571, 21.333197921861608]], [[-100.87571446220143, 21.333202125605247], [-100.87575275635571, 21.333197921861608]], [[-100.87575275635571, 21.333197921861608], [-100.87574826961944, 21.33316204301681]], [[-100.87570997547418, 21.333166246758772], [-100.87574826961944, 21.33316204301681]], [[-100.87574826961944, 21.33316204301681], [-100.87574378288606, 21.333126164171595]], [[-100.87570548874983, 21.333130367911867], [-100.87574378288606, 21.333126164171595]], [[-100.87574378288606, 21.333126164171595], [-100.8757392961556, 21.333090285325948]], [[-100.87570100202839, 21.333094489064543], [-100.8757392961556, 21.333090285325948]], [[-100.8757392961556, 21.333090285325948], [-100.87573480942804, 21.333054406479878]], [[-100.87569651530984, 21.333058610216792], [-100.87573480942804, 21.333054406479878]], [[-100.87573480942804, 21.333054406479878], [-100.87573032270339, 21.333018527633385]], [[-100.87569202859422, 21.33302273136861], [-100.87573032270339, 21.333018527633385]], [[-100.87573032270339, 21.333018527633385], [-100.87572583598164, 21.33298264878646]], [[-100.87568754188149, 21.33298685252002], [-100.87572583598164, 21.33298264878646]], [[-100.87572583598164, 21.33298264878646], [-100.8757213492628, 21.332946769939113]], [[-100.87568305517166, 21.332950973670986], [-100.8757213492628, 21.332946769939113]], [[-100.8757213492628, 21.332946769939113], [-100.87571686254685, 21.33291089109134]], [[-100.87567856846475, 21.332915094821534], [-100.87571686254685, 21.33291089109134]], [[-100.87571686254685, 21.33291089109134], [-100.87571237583381, 21.33287501224315]], [[-100.87567408176074, 21.33287921597165], [-100.87571237583381, 21.33287501224315]], [[-100.87571237583381, 21.33287501224315], [-100.8757078891237, 21.332839133394526]], [[-100.87566959505963, 21.33284333712135], [-100.8757078891237, 21.332839133394526]], [[-100.8757078891237, 21.332839133394526], [-100.87570340241648, 21.332803254545478]], [[-100.87566510836143, 21.332807458270622], [-100.87570340241648, 21.332803254545478]], [[-100.87570340241648, 21.332803254545478], [-100.87569891571216, 21.33276737569601]], [[-100.87566062166613, 21.332771579419468], [-100.87569891571216, 21.33276737569601]], [[-100.87569891571216, 21.33276737569601], [-100.87569442901074, 21.33273149684611]], [[-100.87565613497372, 21.332735700567888], [-100.87569442901074, 21.33273149684611]], [[-100.87569442901074, 21.33273149684611], [-100.87568994231223, 21.332695617995793]], [[-100.87565164828425, 21.332699821715888], [-100.87568994231223, 21.332695617995793]], [[-100.87568994231223, 21.332695617995793], [-100.87568545561663, 21.332659739145043]], [[-100.87564716159767, 21.332663942863455], [-100.87568545561663, 21.332659739145043]], [[-100.87568545561663, 21.332659739145043], [-100.87568096892394, 21.33262386029387]], [[-100.87564267491399, 21.332628064010606], [-100.87568096892394, 21.33262386029387]], [[-100.87568096892394, 21.33262386029387], [-100.87567648223414, 21.332587981442273]], [[-100.87563818823321, 21.332592185157324], [-100.87567648223414, 21.332587981442273]], [[-100.87567648223414, 21.332587981442273], [-100.87567199554725, 21.332552102590245]], [[-100.87563370155534, 21.33255630630362], [-100.87567199554725, 21.332552102590245]], [[-100.87567199554725, 21.332552102590245], [-100.87566750886329, 21.3325162237378]], [[-100.87562921488039, 21.332520427449488], [-100.87566750886329, 21.3325162237378]], [[-100.87566750886329, 21.3325162237378], [-100.87566302218221, 21.332480344884928]], [[-100.87562472820834, 21.33248454859493], [-100.87566302218221, 21.332480344884928]], [[-100.87566302218221, 21.332480344884928], [-100.87565853550403, 21.332444466031628]], [[-100.87562024153918, 21.33244866973995], [-100.87565853550403, 21.332444466031628]], [[-100.87565853550403, 21.332444466031628], [-100.87565404882876, 21.332408587177905]], [[-100.87561575487294, 21.332412790884547], [-100.87565404882876, 21.332408587177905]], [[-100.87565404882876, 21.332408587177905], [-100.87564956215641, 21.33237270832376]], [[-100.8756112682096, 21.33237691202871], [-100.87564956215641, 21.33237270832376]], [[-100.87564956215641, 21.33237270832376], [-100.87564507548694, 21.332336829469185]], [[-100.87560678154917, 21.332341033172455], [-100.87564507548694, 21.332336829469185]], [[-100.87564507548694, 21.332336829469185], [-100.8756405888204, 21.332300950614183]], [[-100.87560229489162, 21.332305154315772], [-100.8756405888204, 21.332300950614183]], [[-100.8756405888204, 21.332300950614183], [-100.87563610215675, 21.33226507175876]], [[-100.875597808237, 21.332269275458668], [-100.87563610215675, 21.33226507175876]], [[-100.87563610215675, 21.33226507175876], [-100.87563161549602, 21.332229192902904]], [[-100.87559332158528, 21.332233396601143], [-100.87563161549602, 21.332229192902904]], [[-100.87563161549602, 21.332229192902904], [-100.87562712883819, 21.332193314046634]], [[-100.87558883493648, 21.332197517743182], [-100.87562712883819, 21.332193314046634]], [[-100.87562712883819, 21.332193314046634], [-100.87562264218326, 21.33215743518993]], [[-100.87558434829056, 21.3321616388848], [-100.87562264218326, 21.33215743518993]], [[-100.87562264218326, 21.33215743518993], [-100.87561815553123, 21.332121556332805]], [[-100.87557986164755, 21.33212576002599], [-100.87561815553123, 21.332121556332805]], [[-100.87561815553123, 21.332121556332805], [-100.87561366888211, 21.332085677475256]], [[-100.87557537500746, 21.33208988116676], [-100.87561366888211, 21.332085677475256]], [[-100.87561366888211, 21.332085677475256], [-100.87560918223589, 21.33204979861728]], [[-100.87557088837026, 21.332054002307096], [-100.87560918223589, 21.33204979861728]], [[-100.87560918223589, 21.33204979861728], [-100.87560469559259, 21.332013919758875]], [[-100.87556640173597, 21.332018123447018], [-100.87560469559259, 21.332013919758875]], [[-100.87560469559259, 21.332013919758875], [-100.87560020895218, 21.331978040900058]], [[-100.87556191510458, 21.33198224458651], [-100.87560020895218, 21.331978040900058]], [[-100.87560020895218, 21.331978040900058], [-100.87559572231467, 21.3319421620408]], [[-100.87555742847611, 21.33194636572557], [-100.87559572231467, 21.3319421620408]], [[-100.87559572231467, 21.3319421620408], [-100.87559123568009, 21.331906283181127]], [[-100.87555294185054, 21.331910486864214], [-100.87559123568009, 21.331906283181127]], [[-100.87559123568009, 21.331906283181127], [-100.8755867490484, 21.331870404321023]], [[-100.87554845522786, 21.331874608002433], [-100.8755867490484, 21.331870404321023]], [[-100.8755867490484, 21.331870404321023], [-100.87558226241961, 21.331834525460494]], [[-100.8755439686081, 21.331838729140223], [-100.87558226241961, 21.331834525460494]], [[-100.87558226241961, 21.331834525460494], [-100.87557777579373, 21.33179864659954]], [[-100.87553948199124, 21.331802850277587], [-100.87557777579373, 21.33179864659954]], [[-100.87557777579373, 21.33179864659954], [-100.87557328917075, 21.331762767738166]], [[-100.87553499537728, 21.331766971414524], [-100.87557328917075, 21.331762767738166]], [[-100.87557328917075, 21.331762767738166], [-100.87556880255069, 21.331726888876364]], [[-100.87553050876623, 21.331731092551045], [-100.87556880255069, 21.331726888876364]], [[-100.87556880255069, 21.331726888876364], [-100.87556431593352, 21.331691010014133]], [[-100.87552602215808, 21.331695213687134], [-100.87556431593352, 21.331691010014133]], [[-100.87556431593352, 21.331691010014133], [-100.87555982931926, 21.33165513115148]], [[-100.87552153555285, 21.331659334822803], [-100.87555982931926, 21.33165513115148]], [[-100.87555982931926, 21.33165513115148], [-100.87555534270791, 21.331619252288405]], [[-100.87551704895051, 21.33162345595804], [-100.87555534270791, 21.331619252288405]], [[-100.87555534270791, 21.331619252288405], [-100.87555085609945, 21.3315833734249]], [[-100.87551256235109, 21.33158757709285], [-100.87555085609945, 21.3315833734249]], [[-100.87555085609945, 21.3315833734249], [-100.87554636949392, 21.331547494560972]], [[-100.87550807575457, 21.331551698227244], [-100.87554636949392, 21.331547494560972]], [[-100.87554636949392, 21.331547494560972], [-100.87554188289128, 21.33151161569662]], [[-100.87550358916094, 21.331515819361204], [-100.87554188289128, 21.33151161569662]], [[-100.87554188289128, 21.33151161569662], [-100.87553739629153, 21.331475736831834]], [[-100.87549910257023, 21.331479940494752], [-100.87553739629153, 21.331475736831834]], [[-100.87553739629153, 21.331475736831834], [-100.87553290969471, 21.331439857966632]], [[-100.87549461598242, 21.331444061627863], [-100.87553290969471, 21.331439857966632]], [[-100.87553290969471, 21.331439857966632], [-100.87552842310077, 21.331403979100998]], [[-100.8754901293975, 21.33140818276055], [-100.87552842310077, 21.331403979100998]], [[-100.87552842310077, 21.331403979100998], [-100.87552393650977, 21.331368100234947]], [[-100.87548564281552, 21.33137230389281], [-100.87552393650977, 21.331368100234947]], [[-100.87552393650977, 21.331368100234947], [-100.87551944992165, 21.331332221368463]], [[-100.8754811562364, 21.331336425024656], [-100.87551944992165, 21.331332221368463]], [[-100.87551944992165, 21.331332221368463], [-100.87551496333643, 21.331296342501567]], [[-100.87547666966023, 21.33130054615606], [-100.87551496333643, 21.331296342501567]], [[-100.87551496333643, 21.331296342501567], [-100.87551047675413, 21.33126046363423]], [[-100.87547218308693, 21.331264667287055], [-100.87551047675413, 21.33126046363423]], [[-100.87551047675413, 21.33126046363423], [-100.87550599017473, 21.33122458476648]], [[-100.87546769651655, 21.331228788417615], [-100.87550599017473, 21.33122458476648]], [[-100.87550599017473, 21.33122458476648], [-100.87550150359823, 21.3311887058983]], [[-100.87546320994909, 21.331192909547752], [-100.87550150359823, 21.3311887058983]], [[-100.87550150359823, 21.3311887058983], [-100.87549701702464, 21.33115282702969]], [[-100.87545872338451, 21.331157030677467], [-100.87549701702464, 21.33115282702969]], [[-100.87549701702464, 21.33115282702969], [-100.87549253045397, 21.33111694816066]], [[-100.87545423682285, 21.331121151806755], [-100.87549253045397, 21.33111694816066]], [[-100.87549253045397, 21.33111694816066], [-100.87548804388618, 21.3310810692912]], [[-100.87544975026408, 21.331085272935617], [-100.87548804388618, 21.3310810692912]], [[-100.87548804388618, 21.3310810692912], [-100.8754835573213, 21.331045190421328]], [[-100.87544526370823, 21.331049394064053], [-100.8754835573213, 21.331045190421328]], [[-100.8754835573213, 21.331045190421328], [-100.87547907075934, 21.331009311551014]], [[-100.87544077715528, 21.331013515192062], [-100.87547907075934, 21.331009311551014]], [[-100.87547907075934, 21.331009311551014], [-100.87547458420026, 21.330973432680285]], [[-100.87543629060522, 21.330977636319655], [-100.87547458420026, 21.330973432680285]], [[-100.87547458420026, 21.330973432680285], [-100.87547009764411, 21.330937553809132]], [[-100.87543180405808, 21.330941757446812], [-100.87547009764411, 21.330937553809132]], [[-100.87547009764411, 21.330937553809132], [-100.87546561109085, 21.330901674937543]], [[-100.87542731751385, 21.330905878573546], [-100.87546561109085, 21.330901674937543]], [[-100.87546561109085, 21.330901674937543], [-100.8754611245405, 21.330865796065535]], [[-100.87542283097251, 21.330869999699857], [-100.8754611245405, 21.330865796065535]], [[-100.8754611245405, 21.330865796065535], [-100.87545663799305, 21.330829917193107]], [[-100.87541834443408, 21.330834120825745], [-100.87545663799305, 21.330829917193107]], [[-100.87545663799305, 21.330829917193107], [-100.87545215144851, 21.33079403832025]], [[-100.87541385789856, 21.330798241951207], [-100.87545215144851, 21.33079403832025]], [[-100.87545215144851, 21.33079403832025], [-100.87544766490687, 21.330758159446965]], [[-100.87540937136595, 21.330762363076236], [-100.87544766490687, 21.330758159446965]], [[-100.87544766490687, 21.330758159446965], [-100.87544317836814, 21.33072228057325]], [[-100.87540488483623, 21.330726484200852], [-100.87544317836814, 21.33072228057325]], [[-100.87577967683437, 21.333413194921445], [-100.87581797103987, 21.333408991159132]], [[-100.87581797103987, 21.333408991159132], [-100.87581348427715, 21.333373112318576]], [[-100.87577519008067, 21.333377316079197], [-100.87581348427715, 21.333373112318576]], [[-100.87581348427715, 21.333373112318576], [-100.87580899751731, 21.333337233477586]], [[-100.87577070332986, 21.33334143723653], [-100.87580899751731, 21.333337233477586]], [[-100.87580899751731, 21.333337233477586], [-100.8758045107604, 21.333301354636177]], [[-100.87576621658197, 21.333305558393434], [-100.8758045107604, 21.333301354636177]], [[-100.8758045107604, 21.333301354636177], [-100.87580002400638, 21.333265475794335]], [[-100.87576172983698, 21.333269679549918], [-100.87580002400638, 21.333265475794335]], [[-100.87580002400638, 21.333265475794335], [-100.87579553725527, 21.333229596952076]], [[-100.8757572430949, 21.333233800705973], [-100.87579553725527, 21.333229596952076]], [[-100.87579553725527, 21.333229596952076], [-100.87579105050708, 21.33319371810939]], [[-100.87575275635571, 21.333197921861608], [-100.87579105050708, 21.33319371810939]], [[-100.87579105050708, 21.33319371810939], [-100.87578656376178, 21.333157839266278]], [[-100.87574826961944, 21.33316204301681], [-100.87578656376178, 21.333157839266278]], [[-100.87578656376178, 21.333157839266278], [-100.8757820770194, 21.333121960422744]], [[-100.87574378288606, 21.333126164171595], [-100.8757820770194, 21.333121960422744]], [[-100.8757820770194, 21.333121960422744], [-100.87577759027991, 21.33308608157878]], [[-100.8757392961556, 21.333090285325948], [-100.87577759027991, 21.33308608157878]], [[-100.87577759027991, 21.33308608157878], [-100.87577310354332, 21.333050202734395]], [[-100.87573480942804, 21.333054406479878], [-100.87577310354332, 21.333050202734395]], [[-100.87577310354332, 21.333050202734395], [-100.87576861680965, 21.333014323889582]], [[-100.87573032270339, 21.333018527633385], [-100.87576861680965, 21.333014323889582]], [[-100.87576861680965, 21.333014323889582], [-100.87576413007889, 21.33297844504434]], [[-100.87572583598164, 21.33298264878646], [-100.87576413007889, 21.33297844504434]], [[-100.87576413007889, 21.33297844504434], [-100.87575964335102, 21.33294256619868]], [[-100.8757213492628, 21.332946769939113], [-100.87575964335102, 21.33294256619868]], [[-100.87575964335102, 21.33294256619868], [-100.87575515662607, 21.332906687352583]], [[-100.87571686254685, 21.33291089109134], [-100.87575515662607, 21.332906687352583]], [[-100.87575515662607, 21.332906687352583], [-100.87575066990401, 21.332870808506065]], [[-100.87571237583381, 21.33287501224315], [-100.87575066990401, 21.332870808506065]], [[-100.87575066990401, 21.332870808506065], [-100.87574618318486, 21.332834929659132]], [[-100.8757078891237, 21.332839133394526], [-100.87574618318486, 21.332834929659132]], [[-100.87574618318486, 21.332834929659132], [-100.87574169646862, 21.332799050811765]], [[-100.87570340241648, 21.332803254545478], [-100.87574169646862, 21.332799050811765]], [[-100.87574169646862, 21.332799050811765], [-100.87573720975527, 21.332763171963983]], [[-100.87569891571216, 21.33276737569601], [-100.87573720975527, 21.332763171963983]], [[-100.87573720975527, 21.332763171963983], [-100.87573272304485, 21.332727293115767]], [[-100.87569442901074, 21.33273149684611], [-100.87573272304485, 21.332727293115767]], [[-100.87573272304485, 21.332727293115767], [-100.87572823633732, 21.33269141426712]], [[-100.87568994231223, 21.332695617995793], [-100.87572823633732, 21.33269141426712]], [[-100.87572823633732, 21.33269141426712], [-100.8757237496327, 21.332655535418052]], [[-100.87568545561663, 21.332659739145043], [-100.8757237496327, 21.332655535418052]], [[-100.8757237496327, 21.332655535418052], [-100.87571926293099, 21.332619656568568]], [[-100.87568096892394, 21.33262386029387], [-100.87571926293099, 21.332619656568568]], [[-100.87571926293099, 21.332619656568568], [-100.87571477623217, 21.33258377771865]], [[-100.87567648223414, 21.332587981442273], [-100.87571477623217, 21.33258377771865]], [[-100.87571477623217, 21.33258377771865], [-100.87571028953627, 21.33254789886831]], [[-100.87567199554725, 21.332552102590245], [-100.87571028953627, 21.33254789886831]], [[-100.87571028953627, 21.33254789886831], [-100.87570580284327, 21.332512020017543]], [[-100.87566750886329, 21.3325162237378], [-100.87570580284327, 21.332512020017543]], [[-100.87570580284327, 21.332512020017543], [-100.87570131615317, 21.33247614116635]], [[-100.87566302218221, 21.332480344884928], [-100.87570131615317, 21.33247614116635]], [[-100.87570131615317, 21.33247614116635], [-100.87569682946598, 21.332440262314734]], [[-100.87565853550403, 21.332444466031628], [-100.87569682946598, 21.332440262314734]], [[-100.87569682946598, 21.332440262314734], [-100.87569234278169, 21.3324043834627]], [[-100.87565404882876, 21.332408587177905], [-100.87569234278169, 21.3324043834627]], [[-100.87569234278169, 21.3324043834627], [-100.87568785610031, 21.332368504610226]], [[-100.87564956215641, 21.33237270832376], [-100.87568785610031, 21.332368504610226]], [[-100.87568785610031, 21.332368504610226], [-100.87568336942184, 21.332332625757335]], [[-100.87564507548694, 21.332336829469185], [-100.87568336942184, 21.332332625757335]], [[-100.87568336942184, 21.332332625757335], [-100.87567888274627, 21.33229674690401]], [[-100.8756405888204, 21.332300950614183], [-100.87567888274627, 21.33229674690401]], [[-100.87567888274627, 21.33229674690401], [-100.8756743960736, 21.33226086805027]], [[-100.87563610215675, 21.33226507175876], [-100.8756743960736, 21.33226086805027]], [[-100.8756743960736, 21.33226086805027], [-100.87566990940384, 21.332224989196106]], [[-100.87563161549602, 21.332229192902904], [-100.87566990940384, 21.332224989196106]], [[-100.87566990940384, 21.332224989196106], [-100.87566542273699, 21.33218911034151]], [[-100.87562712883819, 21.332193314046634], [-100.87566542273699, 21.33218911034151]], [[-100.87566542273699, 21.33218911034151], [-100.87566093607303, 21.332153231486494]], [[-100.87562264218326, 21.33215743518993], [-100.87566093607303, 21.332153231486494]], [[-100.87566093607303, 21.332153231486494], [-100.87565644941199, 21.332117352631048]], [[-100.87561815553123, 21.332121556332805], [-100.87565644941199, 21.332117352631048]], [[-100.87565644941199, 21.332117352631048], [-100.87565196275385, 21.33208147377518]], [[-100.87561366888211, 21.332085677475256], [-100.87565196275385, 21.33208147377518]], [[-100.87565196275385, 21.33208147377518], [-100.87564747609862, 21.33204559491889]], [[-100.87560918223589, 21.33204979861728], [-100.87564747609862, 21.33204559491889]], [[-100.87564747609862, 21.33204559491889], [-100.87564298944629, 21.33200971606217]], [[-100.87560469559259, 21.332013919758875], [-100.87564298944629, 21.33200971606217]], [[-100.87564298944629, 21.33200971606217], [-100.87563850279687, 21.331973837205027]], [[-100.87560020895218, 21.331978040900058], [-100.87563850279687, 21.331973837205027]], [[-100.87563850279687, 21.331973837205027], [-100.87563401615034, 21.331937958347456]], [[-100.87559572231467, 21.3319421620408], [-100.87563401615034, 21.331937958347456]], [[-100.87563401615034, 21.331937958347456], [-100.87562952950672, 21.331902079489456]], [[-100.87559123568009, 21.331906283181127], [-100.87562952950672, 21.331902079489456]], [[-100.87562952950672, 21.331902079489456], [-100.87562504286602, 21.33186620063104]], [[-100.8755867490484, 21.331870404321023], [-100.87562504286602, 21.33186620063104]], [[-100.87562504286602, 21.33186620063104], [-100.87562055622821, 21.33183032177219]], [[-100.87558226241961, 21.331834525460494], [-100.87562055622821, 21.33183032177219]], [[-100.87562055622821, 21.33183032177219], [-100.8756160695933, 21.331794442912923]], [[-100.87557777579373, 21.33179864659954], [-100.8756160695933, 21.331794442912923]], [[-100.8756160695933, 21.331794442912923], [-100.87561158296131, 21.331758564053224]], [[-100.87557328917075, 21.331762767738166], [-100.87561158296131, 21.331758564053224]], [[-100.87561158296131, 21.331758564053224], [-100.87560709633225, 21.331722685193107]], [[-100.87556880255069, 21.331726888876364], [-100.87560709633225, 21.331722685193107]], [[-100.87560709633225, 21.331722685193107], [-100.87560260970605, 21.331686806332563]], [[-100.87556431593352, 21.331691010014133], [-100.87560260970605, 21.331686806332563]], [[-100.87560260970605, 21.331686806332563], [-100.87559812308277, 21.33165092747159]], [[-100.87555982931926, 21.33165513115148], [-100.87559812308277, 21.33165092747159]], [[-100.87559812308277, 21.33165092747159], [-100.87559363646238, 21.33161504861019]], [[-100.87555534270791, 21.331619252288405], [-100.87559363646238, 21.33161504861019]], [[-100.87559363646238, 21.33161504861019], [-100.87558914984493, 21.331579169748373]], [[-100.87555085609945, 21.3315833734249], [-100.87558914984493, 21.331579169748373]], [[-100.87558914984493, 21.331579169748373], [-100.87558466323036, 21.33154329088612]], [[-100.87554636949392, 21.331547494560972], [-100.87558466323036, 21.33154329088612]], [[-100.87558466323036, 21.33154329088612], [-100.87558017661871, 21.331507412023445]], [[-100.87554188289128, 21.33151161569662], [-100.87558017661871, 21.331507412023445]], [[-100.87558017661871, 21.331507412023445], [-100.87557569000994, 21.331471533160357]], [[-100.87553739629153, 21.331475736831834], [-100.87557569000994, 21.331471533160357]], [[-100.87557569000994, 21.331471533160357], [-100.87557120340409, 21.33143565429683]], [[-100.87553290969471, 21.331439857966632], [-100.87557120340409, 21.33143565429683]], [[-100.87557120340409, 21.33143565429683], [-100.87556671680116, 21.33139977543288]], [[-100.87552842310077, 21.331403979100998], [-100.87556671680116, 21.33139977543288]], [[-100.87556671680116, 21.33139977543288], [-100.87556223020111, 21.33136389656851]], [[-100.87552393650977, 21.331368100234947], [-100.87556223020111, 21.33136389656851]], [[-100.87556223020111, 21.33136389656851], [-100.87555774360398, 21.33132801770372]], [[-100.87551944992165, 21.331332221368463], [-100.87555774360398, 21.33132801770372]], [[-100.87555774360398, 21.33132801770372], [-100.87555325700976, 21.33129213883849]], [[-100.87551496333643, 21.331296342501567], [-100.87555325700976, 21.33129213883849]], [[-100.87555325700976, 21.33129213883849], [-100.87554877041842, 21.33125625997284]], [[-100.87551047675413, 21.33126046363423], [-100.87554877041842, 21.33125625997284]], [[-100.87554877041842, 21.33125625997284], [-100.87554428383001, 21.331220381106768]], [[-100.87550599017473, 21.33122458476648], [-100.87554428383001, 21.331220381106768]], [[-100.87554428383001, 21.331220381106768], [-100.8755397972445, 21.331184502240266]], [[-100.87550150359823, 21.3311887058983], [-100.8755397972445, 21.331184502240266]], [[-100.8755397972445, 21.331184502240266], [-100.87553531066189, 21.33114862337334]], [[-100.87549701702464, 21.33115282702969], [-100.87553531066189, 21.33114862337334]], [[-100.87553531066189, 21.33114862337334], [-100.87553082408218, 21.331112744506]], [[-100.87549253045397, 21.33111694816066], [-100.87553082408218, 21.331112744506]], [[-100.87553082408218, 21.331112744506], [-100.87552633750538, 21.33107686563822]], [[-100.87548804388618, 21.3310810692912], [-100.87552633750538, 21.33107686563822]], [[-100.87552633750538, 21.33107686563822], [-100.87552185093149, 21.33104098677002]], [[-100.8754835573213, 21.331045190421328], [-100.87552185093149, 21.33104098677002]], [[-100.87552185093149, 21.33104098677002], [-100.87551736436049, 21.3310051079014]], [[-100.87547907075934, 21.331009311551014], [-100.87551736436049, 21.3310051079014]], [[-100.87551736436049, 21.3310051079014], [-100.8755128777924, 21.330969229032352]], [[-100.87547458420026, 21.330973432680285], [-100.8755128777924, 21.330969229032352]], [[-100.8755128777924, 21.330969229032352], [-100.87550839122723, 21.33093335016287]], [[-100.87547009764411, 21.330937553809132], [-100.87550839122723, 21.33093335016287]], [[-100.87550839122723, 21.33093335016287], [-100.87550390466495, 21.330897471292978]], [[-100.87546561109085, 21.330901674937543], [-100.87550390466495, 21.330897471292978]], [[-100.87550390466495, 21.330897471292978], [-100.87549941810558, 21.330861592422647]], [[-100.8754611245405, 21.330865796065535], [-100.87549941810558, 21.330861592422647]], [[-100.87549941810558, 21.330861592422647], [-100.87549493154911, 21.330825713551892]], [[-100.87545663799305, 21.330829917193107], [-100.87549493154911, 21.330825713551892]], [[-100.87549493154911, 21.330825713551892], [-100.87549044499555, 21.330789834680715]], [[-100.87545215144851, 21.33079403832025], [-100.87549044499555, 21.330789834680715]], [[-100.87549044499555, 21.330789834680715], [-100.8754859584449, 21.33075395580912]], [[-100.87544766490687, 21.330758159446965], [-100.8754859584449, 21.33075395580912]], [[-100.8754859584449, 21.33075395580912], [-100.87548147189715, 21.330718076937096]], [[-100.87544317836814, 21.33072228057325], [-100.87548147189715, 21.330718076937096]], [[-100.87581797103987, 21.333408991159132], [-100.87585626524246, 21.333404787388254]], [[-100.87585626524246, 21.333404787388254], [-100.8758517784707, 21.333368908549378]], [[-100.87581348427715, 21.333373112318576], [-100.8758517784707, 21.333368908549378]], [[-100.8758517784707, 21.333368908549378], [-100.87584729170186, 21.33333302971007]], [[-100.87580899751731, 21.333337233477586], [-100.87584729170186, 21.33333302971007]], [[-100.87584729170186, 21.33333302971007], [-100.87584280493593, 21.33329715087034]], [[-100.8758045107604, 21.333301354636177], [-100.87584280493593, 21.33329715087034]], [[-100.87584280493593, 21.33329715087034], [-100.8758383181729, 21.333261272030185]], [[-100.87580002400638, 21.333265475794335], [-100.8758383181729, 21.333261272030185]], [[-100.8758383181729, 21.333261272030185], [-100.87583383141276, 21.333225393189604]], [[-100.87579553725527, 21.333229596952076], [-100.87583383141276, 21.333225393189604]], [[-100.87583383141276, 21.333225393189604], [-100.87582934465554, 21.3331895143486]], [[-100.87579105050708, 21.33319371810939], [-100.87582934465554, 21.3331895143486]], [[-100.87582934465554, 21.3331895143486], [-100.87582485790122, 21.333153635507166]], [[-100.87578656376178, 21.333157839266278], [-100.87582485790122, 21.333153635507166]], [[-100.87582485790122, 21.333153635507166], [-100.87582037114981, 21.333117756665317]], [[-100.8757820770194, 21.333121960422744], [-100.87582037114981, 21.333117756665317]], [[-100.87582037114981, 21.333117756665317], [-100.8758158844013, 21.333081877823034]], [[-100.87577759027991, 21.33308608157878], [-100.8758158844013, 21.333081877823034]], [[-100.8758158844013, 21.333081877823034], [-100.87581139765572, 21.333045998980335]], [[-100.87577310354332, 21.333050202734395], [-100.87581139765572, 21.333045998980335]], [[-100.87581139765572, 21.333045998980335], [-100.87580691091301, 21.333010120137196]], [[-100.87576861680965, 21.333014323889582], [-100.87580691091301, 21.333010120137196]], [[-100.87580691091301, 21.333010120137196], [-100.87580242417323, 21.33297424129364]], [[-100.87576413007889, 21.33297844504434], [-100.87580242417323, 21.33297424129364]], [[-100.87580242417323, 21.33297424129364], [-100.87579793743635, 21.332938362449656]], [[-100.87575964335102, 21.33294256619868], [-100.87579793743635, 21.332938362449656]], [[-100.87579793743635, 21.332938362449656], [-100.87579345070236, 21.33290248360525]], [[-100.87575515662607, 21.332906687352583], [-100.87579345070236, 21.33290248360525]], [[-100.87579345070236, 21.33290248360525], [-100.87578896397129, 21.33286660476042]], [[-100.87575066990401, 21.332870808506065], [-100.87578896397129, 21.33286660476042]], [[-100.87578896397129, 21.33286660476042], [-100.87578447724313, 21.332830725915166]], [[-100.87574618318486, 21.332834929659132], [-100.87578447724313, 21.332830725915166]], [[-100.87578447724313, 21.332830725915166], [-100.87577999051787, 21.332794847069483]], [[-100.87574169646862, 21.332799050811765], [-100.87577999051787, 21.332794847069483]], [[-100.87577999051787, 21.332794847069483], [-100.87577550379551, 21.33275896822337]], [[-100.87573720975527, 21.332763171963983], [-100.87577550379551, 21.33275896822337]], [[-100.87577550379551, 21.33275896822337], [-100.87577101707605, 21.332723089376838]], [[-100.87573272304485, 21.332727293115767], [-100.87577101707605, 21.332723089376838]], [[-100.87577101707605, 21.332723089376838], [-100.8757665303595, 21.33268721052988]], [[-100.87572823633732, 21.33269141426712], [-100.8757665303595, 21.33268721052988]], [[-100.8757665303595, 21.33268721052988], [-100.87576204364585, 21.3326513316825]], [[-100.8757237496327, 21.332655535418052], [-100.87576204364585, 21.3326513316825]], [[-100.87576204364585, 21.3326513316825], [-100.87575755693513, 21.332615452834684]], [[-100.87571926293099, 21.332619656568568], [-100.87575755693513, 21.332615452834684]], [[-100.87575755693513, 21.332615452834684], [-100.87575307022729, 21.332579573986457]], [[-100.87571477623217, 21.33258377771865], [-100.87575307022729, 21.332579573986457]], [[-100.87575307022729, 21.332579573986457], [-100.87574858352237, 21.332543695137797]], [[-100.87571028953627, 21.33254789886831], [-100.87574858352237, 21.332543695137797]], [[-100.87574858352237, 21.332543695137797], [-100.87574409682034, 21.33250781628871]], [[-100.87570580284327, 21.332512020017543], [-100.87574409682034, 21.33250781628871]], [[-100.87574409682034, 21.33250781628871], [-100.87573961012123, 21.332471937439205]], [[-100.87570131615317, 21.33247614116635], [-100.87573961012123, 21.332471937439205]], [[-100.87573961012123, 21.332471937439205], [-100.87573512342502, 21.33243605858927]], [[-100.87569682946598, 21.332440262314734], [-100.87573512342502, 21.33243605858927]], [[-100.87573512342502, 21.33243605858927], [-100.87573063673172, 21.332400179738908]], [[-100.87569234278169, 21.3324043834627], [-100.87573063673172, 21.332400179738908]], [[-100.87573063673172, 21.332400179738908], [-100.87572615004132, 21.33236430088812]], [[-100.87568785610031, 21.332368504610226], [-100.87572615004132, 21.33236430088812]], [[-100.87572615004132, 21.33236430088812], [-100.87572166335381, 21.332328422036916]], [[-100.87568336942184, 21.332332625757335], [-100.87572166335381, 21.332328422036916]], [[-100.87572166335381, 21.332328422036916], [-100.87571717666923, 21.33229254318528]], [[-100.87567888274627, 21.33229674690401], [-100.87571717666923, 21.33229254318528]], [[-100.87571717666923, 21.33229254318528], [-100.87571268998754, 21.332256664333215]], [[-100.8756743960736, 21.33226086805027], [-100.87571268998754, 21.332256664333215]], [[-100.87571268998754, 21.332256664333215], [-100.87570820330876, 21.33222078548073]], [[-100.87566990940384, 21.332224989196106], [-100.87570820330876, 21.33222078548073]], [[-100.87570820330876, 21.33222078548073], [-100.87570371663288, 21.332184906627813]], [[-100.87566542273699, 21.33218911034151], [-100.87570371663288, 21.332184906627813]], [[-100.87570371663288, 21.332184906627813], [-100.87569922995992, 21.332149027774474]], [[-100.87566093607303, 21.332153231486494], [-100.87569922995992, 21.332149027774474]], [[-100.87569922995992, 21.332149027774474], [-100.87569474328984, 21.33211314892072]], [[-100.87565644941199, 21.332117352631048], [-100.87569474328984, 21.33211314892072]], [[-100.87569474328984, 21.33211314892072], [-100.87569025662269, 21.332077270066534]], [[-100.87565196275385, 21.33208147377518], [-100.87569025662269, 21.332077270066534]], [[-100.87569025662269, 21.332077270066534], [-100.87568576995844, 21.33204139121192]], [[-100.87564747609862, 21.33204559491889], [-100.87568576995844, 21.33204139121192]], [[-100.87568576995844, 21.33204139121192], [-100.87568128329708, 21.33200551235688]], [[-100.87564298944629, 21.33200971606217], [-100.87568128329708, 21.33200551235688]], [[-100.87568128329708, 21.33200551235688], [-100.87567679663864, 21.331969633501423]], [[-100.87563850279687, 21.331973837205027], [-100.87567679663864, 21.331969633501423]], [[-100.87567679663864, 21.331969633501423], [-100.8756723099831, 21.33193375464553]], [[-100.87563401615034, 21.331937958347456], [-100.8756723099831, 21.33193375464553]], [[-100.8756723099831, 21.33193375464553], [-100.87566782333047, 21.33189787578922]], [[-100.87562952950672, 21.331902079489456], [-100.87566782333047, 21.33189787578922]], [[-100.87566782333047, 21.33189787578922], [-100.87566333668074, 21.331861996932485]], [[-100.87562504286602, 21.33186620063104], [-100.87566333668074, 21.331861996932485]], [[-100.87566333668074, 21.331861996932485], [-100.87565885003391, 21.33182611807532]], [[-100.87562055622821, 21.33183032177219], [-100.87565885003391, 21.33182611807532]], [[-100.87565885003391, 21.33182611807532], [-100.87565436339, 21.331790239217728]], [[-100.8756160695933, 21.331794442912923], [-100.87565436339, 21.331790239217728]], [[-100.87565436339, 21.331790239217728], [-100.875649876749, 21.331754360359717]], [[-100.87561158296131, 21.331758564053224], [-100.875649876749, 21.331754360359717]], [[-100.875649876749, 21.331754360359717], [-100.87564539011088, 21.331718481501273]], [[-100.87560709633225, 21.331722685193107], [-100.87564539011088, 21.331718481501273]], [[-100.87564539011088, 21.331718481501273], [-100.87564090347567, 21.331682602642413]], [[-100.87560260970605, 21.331686806332563], [-100.87564090347567, 21.331682602642413]], [[-100.87564090347567, 21.331682602642413], [-100.87563641684338, 21.331646723783123]], [[-100.87559812308277, 21.33165092747159], [-100.87563641684338, 21.331646723783123]], [[-100.87563641684338, 21.331646723783123], [-100.87563193021397, 21.33161084492341]], [[-100.87559363646238, 21.33161504861019], [-100.87563193021397, 21.33161084492341]], [[-100.87563193021397, 21.33161084492341], [-100.87562744358749, 21.331574966063272]], [[-100.87558914984493, 21.331579169748373], [-100.87562744358749, 21.331574966063272]], [[-100.87562744358749, 21.331574966063272], [-100.87562295696391, 21.331539087202707]], [[-100.87558466323036, 21.33154329088612], [-100.87562295696391, 21.331539087202707]], [[-100.87562295696391, 21.331539087202707], [-100.87561847034323, 21.331503208341715]], [[-100.87558017661871, 21.331507412023445], [-100.87561847034323, 21.331503208341715]], [[-100.87561847034323, 21.331503208341715], [-100.87561398372546, 21.331467329480297]], [[-100.87557569000994, 21.331471533160357], [-100.87561398372546, 21.331467329480297]], [[-100.87561398372546, 21.331467329480297], [-100.87560949711059, 21.331431450618457]], [[-100.87557120340409, 21.33143565429683], [-100.87560949711059, 21.331431450618457]], [[-100.87560949711059, 21.331431450618457], [-100.87560501049863, 21.33139557175619]], [[-100.87556671680116, 21.33139977543288], [-100.87560501049863, 21.33139557175619]], [[-100.87560501049863, 21.33139557175619], [-100.87560052388956, 21.3313596928935]], [[-100.87556223020111, 21.33136389656851], [-100.87560052388956, 21.3313596928935]], [[-100.87560052388956, 21.3313596928935], [-100.8755960372834, 21.33132381403038]], [[-100.87555774360398, 21.33132801770372], [-100.8755960372834, 21.33132381403038]], [[-100.8755960372834, 21.33132381403038], [-100.87559155068016, 21.33128793516684]], [[-100.87555325700976, 21.33129213883849], [-100.87559155068016, 21.33128793516684]], [[-100.87559155068016, 21.33128793516684], [-100.87558706407982, 21.331252056302876]], [[-100.87554877041842, 21.33125625997284], [-100.87558706407982, 21.331252056302876]], [[-100.87558706407982, 21.331252056302876], [-100.87558257748238, 21.331216177438485]], [[-100.87554428383001, 21.331220381106768], [-100.87558257748238, 21.331216177438485]], [[-100.87558257748238, 21.331216177438485], [-100.87557809088784, 21.33118029857367]], [[-100.8755397972445, 21.331184502240266], [-100.87557809088784, 21.33118029857367]], [[-100.87557809088784, 21.33118029857367], [-100.87557360429622, 21.33114441970843]], [[-100.87553531066189, 21.33114862337334], [-100.87557360429622, 21.33114441970843]], [[-100.87557360429622, 21.33114441970843], [-100.87556911770749, 21.331108540842756]], [[-100.87553082408218, 21.331112744506], [-100.87556911770749, 21.331108540842756]], [[-100.87556911770749, 21.331108540842756], [-100.87556463112166, 21.331072661976666]], [[-100.87552633750538, 21.33107686563822], [-100.87556463112166, 21.331072661976666]], [[-100.87556463112166, 21.331072661976666], [-100.87556014453875, 21.331036783110143]], [[-100.87552185093149, 21.33104098677002], [-100.87556014453875, 21.331036783110143]], [[-100.87556014453875, 21.331036783110143], [-100.87555565795874, 21.33100090424321]], [[-100.87551736436049, 21.3310051079014], [-100.87555565795874, 21.33100090424321]], [[-100.87555565795874, 21.33100090424321], [-100.87555117138164, 21.33096502537584]], [[-100.8755128777924, 21.330969229032352], [-100.87555117138164, 21.33096502537584]], [[-100.87555117138164, 21.33096502537584], [-100.87554668480743, 21.330929146508048]], [[-100.87550839122723, 21.33093335016287], [-100.87554668480743, 21.330929146508048]], [[-100.87554668480743, 21.330929146508048], [-100.87554219823615, 21.330893267639823]], [[-100.87550390466495, 21.330897471292978], [-100.87554219823615, 21.330893267639823]], [[-100.87554219823615, 21.330893267639823], [-100.87553771166776, 21.330857388771182]], [[-100.87549941810558, 21.330861592422647], [-100.87553771166776, 21.330857388771182]], [[-100.87553771166776, 21.330857388771182], [-100.87553322510227, 21.330821509902112]], [[-100.87549493154911, 21.330825713551892], [-100.87553322510227, 21.330821509902112]], [[-100.87553322510227, 21.330821509902112], [-100.8755287385397, 21.33078563103262]], [[-100.87549044499555, 21.330789834680715], [-100.8755287385397, 21.33078563103262]], [[-100.8755287385397, 21.33078563103262], [-100.87552425198001, 21.3307497521627]], [[-100.8754859584449, 21.33075395580912], [-100.87552425198001, 21.3307497521627]], [[-100.87552425198001, 21.3307497521627], [-100.87551976542325, 21.330713873292353]], [[-100.87548147189715, 21.330718076937096], [-100.87551976542325, 21.330713873292353]], [[-100.87585626524246, 21.333404787388254], [-100.87589455944213, 21.333400583608793]], [[-100.87589455944213, 21.333400583608793], [-100.87589007266136, 21.3333647047716]], [[-100.8758517784707, 21.333368908549378], [-100.87589007266136, 21.3333647047716]], [[-100.87589007266136, 21.3333647047716], [-100.8758855858835, 21.333328825933982]], [[-100.87584729170186, 21.33333302971007], [-100.8758855858835, 21.333328825933982]], [[-100.8758855858835, 21.333328825933982], [-100.87588109910855, 21.333292947095934]], [[-100.87584280493593, 21.33329715087034], [-100.87588109910855, 21.333292947095934]], [[-100.87588109910855, 21.333292947095934], [-100.8758766123365, 21.33325706825746]], [[-100.8758383181729, 21.333261272030185], [-100.8758766123365, 21.33325706825746]], [[-100.8758766123365, 21.33325706825746], [-100.87587212556734, 21.333221189418563]], [[-100.87583383141276, 21.333225393189604], [-100.87587212556734, 21.333221189418563]], [[-100.87587212556734, 21.333221189418563], [-100.8758676388011, 21.333185310579236]], [[-100.87582934465554, 21.3331895143486], [-100.8758676388011, 21.333185310579236]], [[-100.8758676388011, 21.333185310579236], [-100.87586315203777, 21.333149431739493]], [[-100.87582485790122, 21.333153635507166], [-100.87586315203777, 21.333149431739493]], [[-100.87586315203777, 21.333149431739493], [-100.87585866527733, 21.333113552899317]], [[-100.87582037114981, 21.333117756665317], [-100.87585866527733, 21.333113552899317]], [[-100.87585866527733, 21.333113552899317], [-100.8758541785198, 21.333077674058718]], [[-100.8758158844013, 21.333081877823034], [-100.8758541785198, 21.333077674058718]], [[-100.8758541785198, 21.333077674058718], [-100.8758496917652, 21.333041795217692]], [[-100.87581139765572, 21.333045998980335], [-100.8758496917652, 21.333041795217692]], [[-100.8758496917652, 21.333041795217692], [-100.87584520501348, 21.333005916376248]], [[-100.87580691091301, 21.333010120137196], [-100.87584520501348, 21.333005916376248]], [[-100.87584520501348, 21.333005916376248], [-100.87584071826466, 21.332970037534373]], [[-100.87580242417323, 21.33297424129364], [-100.87584071826466, 21.332970037534373]], [[-100.87584071826466, 21.332970037534373], [-100.87583623151876, 21.332934158692076]], [[-100.87579793743635, 21.332938362449656], [-100.87583623151876, 21.332934158692076]], [[-100.87583623151876, 21.332934158692076], [-100.87583174477575, 21.332898279849353]], [[-100.87579345070236, 21.33290248360525], [-100.87583174477575, 21.332898279849353]], [[-100.87583174477575, 21.332898279849353], [-100.87582725803567, 21.332862401006196]], [[-100.87578896397129, 21.33286660476042], [-100.87582725803567, 21.332862401006196]], [[-100.87582725803567, 21.332862401006196], [-100.87582277129849, 21.332826522162627]], [[-100.87578447724313, 21.332830725915166], [-100.87582277129849, 21.332826522162627]], [[-100.87582277129849, 21.332826522162627], [-100.87581828456419, 21.332790643318617]], [[-100.87577999051787, 21.332794847069483], [-100.87581828456419, 21.332790643318617]], [[-100.87581828456419, 21.332790643318617], [-100.87581379783282, 21.3327547644742]], [[-100.87577550379551, 21.33275896822337], [-100.87581379783282, 21.3327547644742]], [[-100.87581379783282, 21.3327547644742], [-100.87580931110435, 21.332718885629344]], [[-100.87577101707605, 21.332723089376838], [-100.87580931110435, 21.332718885629344]], [[-100.87580931110435, 21.332718885629344], [-100.87580482437878, 21.332683006784066]], [[-100.8757665303595, 21.33268721052988], [-100.87580482437878, 21.332683006784066]], [[-100.87580482437878, 21.332683006784066], [-100.87580033765612, 21.332647127938365]], [[-100.87576204364585, 21.3326513316825], [-100.87580033765612, 21.332647127938365]], [[-100.87580033765612, 21.332647127938365], [-100.87579585093636, 21.33261124909225]], [[-100.87575755693513, 21.332615452834684], [-100.87579585093636, 21.33261124909225]], [[-100.87579585093636, 21.33261124909225], [-100.87579136421951, 21.332575370245685]], [[-100.87575307022729, 21.332579573986457], [-100.87579136421951, 21.332575370245685]], [[-100.87579136421951, 21.332575370245685], [-100.87578687750556, 21.332539491398716]], [[-100.87574858352237, 21.332543695137797], [-100.87578687750556, 21.332539491398716]], [[-100.87578687750556, 21.332539491398716], [-100.87578239079453, 21.33250361255131]], [[-100.87574409682034, 21.33250781628871], [-100.87578239079453, 21.33250361255131]], [[-100.87578239079453, 21.33250361255131], [-100.87577790408639, 21.332467733703478]], [[-100.87573961012123, 21.332471937439205], [-100.87577790408639, 21.332467733703478]], [[-100.87577790408639, 21.332467733703478], [-100.87577341738115, 21.332431854855223]], [[-100.87573512342502, 21.33243605858927], [-100.87577341738115, 21.332431854855223]], [[-100.87577341738115, 21.332431854855223], [-100.87576893067883, 21.332395976006552]], [[-100.87573063673172, 21.332400179738908], [-100.87576893067883, 21.332395976006552]], [[-100.87576893067883, 21.332395976006552], [-100.8757644439794, 21.332360097157444]], [[-100.87572615004132, 21.33236430088812], [-100.8757644439794, 21.332360097157444]], [[-100.8757644439794, 21.332360097157444], [-100.87575995728288, 21.33232421830792]], [[-100.87572166335381, 21.332328422036916], [-100.87575995728288, 21.33232421830792]], [[-100.87575995728288, 21.33232421830792], [-100.87575547058928, 21.33228833945796]], [[-100.87571717666923, 21.33229254318528], [-100.87575547058928, 21.33228833945796]], [[-100.87575547058928, 21.33228833945796], [-100.87575098389857, 21.332252460607585]], [[-100.87571268998754, 21.332256664333215], [-100.87575098389857, 21.332252460607585]], [[-100.87575098389857, 21.332252460607585], [-100.87574649721078, 21.332216581756782]], [[-100.87570820330876, 21.33222078548073], [-100.87574649721078, 21.332216581756782]], [[-100.87574649721078, 21.332216581756782], [-100.87574201052587, 21.33218070290555]], [[-100.87570371663288, 21.332184906627813], [-100.87574201052587, 21.33218070290555]], [[-100.87574201052587, 21.33218070290555], [-100.8757375238439, 21.3321448240539]], [[-100.87569922995992, 21.332149027774474], [-100.8757375238439, 21.3321448240539]], [[-100.8757375238439, 21.3321448240539], [-100.8757330371648, 21.332108945201817]], [[-100.87569474328984, 21.33211314892072], [-100.8757330371648, 21.332108945201817]], [[-100.8757330371648, 21.332108945201817], [-100.87572855048862, 21.332073066349313]], [[-100.87569025662269, 21.332077270066534], [-100.87572855048862, 21.332073066349313]], [[-100.87572855048862, 21.332073066349313], [-100.87572406381534, 21.332037187496375]], [[-100.87568576995844, 21.33204139121192], [-100.87572406381534, 21.332037187496375]], [[-100.87572406381534, 21.332037187496375], [-100.87571957714498, 21.332001308643026]], [[-100.87568128329708, 21.33200551235688], [-100.87571957714498, 21.332001308643026]], [[-100.87571957714498, 21.332001308643026], [-100.87571509047751, 21.331965429789243]], [[-100.87567679663864, 21.331969633501423], [-100.87571509047751, 21.331965429789243]], [[-100.87571509047751, 21.331965429789243], [-100.87571060381296, 21.331929550935037]], [[-100.8756723099831, 21.33193375464553], [-100.87571060381296, 21.331929550935037]], [[-100.87571060381296, 21.331929550935037], [-100.87570611715131, 21.331893672080405]], [[-100.87566782333047, 21.33189787578922], [-100.87570611715131, 21.331893672080405]], [[-100.87570611715131, 21.331893672080405], [-100.87570163049256, 21.331857793225353]], [[-100.87566333668074, 21.331861996932485], [-100.87570163049256, 21.331857793225353]], [[-100.87570163049256, 21.331857793225353], [-100.87569714383672, 21.33182191436987]], [[-100.87565885003391, 21.33182611807532], [-100.87569714383672, 21.33182191436987]], [[-100.87569714383672, 21.33182191436987], [-100.87569265718378, 21.331786035513964]], [[-100.87565436339, 21.331790239217728], [-100.87569265718378, 21.331786035513964]], [[-100.87569265718378, 21.331786035513964], [-100.87568817053375, 21.33175015665763]], [[-100.875649876749, 21.331754360359717], [-100.87568817053375, 21.33175015665763]], [[-100.87568817053375, 21.33175015665763], [-100.8756836838866, 21.331714277800874]], [[-100.87564539011088, 21.331718481501273], [-100.8756836838866, 21.331714277800874]], [[-100.8756836838866, 21.331714277800874], [-100.87567919724239, 21.33167839894369]], [[-100.87564090347567, 21.331682602642413], [-100.87567919724239, 21.33167839894369]], [[-100.87567919724239, 21.33167839894369], [-100.87567471060107, 21.331642520086085]], [[-100.87563641684338, 21.331646723783123], [-100.87567471060107, 21.331642520086085]], [[-100.87567471060107, 21.331642520086085], [-100.87567022396266, 21.33160664122805]], [[-100.87563193021397, 21.33161084492341], [-100.87567022396266, 21.33160664122805]], [[-100.87567022396266, 21.33160664122805], [-100.87566573732714, 21.331570762369594]], [[-100.87562744358749, 21.331574966063272], [-100.87566573732714, 21.331570762369594]], [[-100.87566573732714, 21.331570762369594], [-100.87566125069455, 21.33153488351071]], [[-100.87562295696391, 21.331539087202707], [-100.87566125069455, 21.33153488351071]], [[-100.87566125069455, 21.33153488351071], [-100.87565676406486, 21.33149900465141]], [[-100.87561847034323, 21.331503208341715], [-100.87565676406486, 21.33149900465141]], [[-100.87565676406486, 21.33149900465141], [-100.87565227743805, 21.331463125791668]], [[-100.87561398372546, 21.331467329480297], [-100.87565227743805, 21.331463125791668]], [[-100.87565227743805, 21.331463125791668], [-100.87564779081417, 21.331427246931508]], [[-100.87560949711059, 21.331431450618457], [-100.87564779081417, 21.331427246931508]], [[-100.87564779081417, 21.331427246931508], [-100.87564330419318, 21.33139136807093]], [[-100.87560501049863, 21.33139557175619], [-100.87564330419318, 21.33139136807093]], [[-100.87564330419318, 21.33139136807093], [-100.87563881757511, 21.331355489209912]], [[-100.87560052388956, 21.3313596928935], [-100.87563881757511, 21.331355489209912]], [[-100.87563881757511, 21.331355489209912], [-100.87563433095993, 21.33131961034848]], [[-100.8755960372834, 21.33132381403038], [-100.87563433095993, 21.33131961034848]], [[-100.87563433095993, 21.33131961034848], [-100.87562984434766, 21.331283731486625]], [[-100.87559155068016, 21.33128793516684], [-100.87562984434766, 21.331283731486625]], [[-100.87562984434766, 21.331283731486625], [-100.8756253577383, 21.331247852624344]], [[-100.87558706407982, 21.331252056302876], [-100.8756253577383, 21.331247852624344]], [[-100.8756253577383, 21.331247852624344], [-100.87562087113183, 21.33121197376163]], [[-100.87558257748238, 21.331216177438485], [-100.87562087113183, 21.33121197376163]], [[-100.87562087113183, 21.33121197376163], [-100.87561638452829, 21.331176094898495]], [[-100.87557809088784, 21.33118029857367], [-100.87561638452829, 21.331176094898495]], [[-100.87561638452829, 21.331176094898495], [-100.87561189792764, 21.331140216034928]], [[-100.87557360429622, 21.33114441970843], [-100.87561189792764, 21.331140216034928]], [[-100.87561189792764, 21.331140216034928], [-100.8756074113299, 21.33110433717095]], [[-100.87556911770749, 21.331108540842756], [-100.8756074113299, 21.33110433717095]], [[-100.8756074113299, 21.33110433717095], [-100.87560292473505, 21.331068458306536]], [[-100.87556463112166, 21.331072661976666], [-100.87560292473505, 21.331068458306536]], [[-100.87560292473505, 21.331068458306536], [-100.87559843814311, 21.3310325794417]], [[-100.87556014453875, 21.331036783110143], [-100.87559843814311, 21.3310325794417]], [[-100.87559843814311, 21.3310325794417], [-100.8755939515541, 21.33099670057644]], [[-100.87555565795874, 21.33100090424321], [-100.8755939515541, 21.33099670057644]], [[-100.8755939515541, 21.33099670057644], [-100.87558946496797, 21.330960821710754]], [[-100.87555117138164, 21.33096502537584], [-100.87558946496797, 21.330960821710754]], [[-100.87558946496797, 21.330960821710754], [-100.87558497838475, 21.33092494284464]], [[-100.87554668480743, 21.330929146508048], [-100.87558497838475, 21.33092494284464]], [[-100.87558497838475, 21.33092494284464], [-100.87558049180444, 21.330889063978105]], [[-100.87554219823615, 21.330893267639823], [-100.87558049180444, 21.330889063978105]], [[-100.87558049180444, 21.330889063978105], [-100.87557600522702, 21.330853185111145]], [[-100.87553771166776, 21.330857388771182], [-100.87557600522702, 21.330853185111145]], [[-100.87557600522702, 21.330853185111145], [-100.87557151865252, 21.33081730624376]], [[-100.87553322510227, 21.330821509902112], [-100.87557151865252, 21.33081730624376]], [[-100.87557151865252, 21.33081730624376], [-100.87556703208092, 21.330781427375943]], [[-100.8755287385397, 21.33078563103262], [-100.87556703208092, 21.330781427375943]], [[-100.87556703208092, 21.330781427375943], [-100.87556254551224, 21.330745548507704]], [[-100.87552425198001, 21.3307497521627], [-100.87556254551224, 21.330745548507704]], [[-100.87556254551224, 21.330745548507704], [-100.87555805894644, 21.330709669639045]], [[-100.87551976542325, 21.330713873292353], [-100.87555805894644, 21.330709669639045]], [[-100.87589455944213, 21.333400583608793], [-100.87593285363891, 21.33339637982077]], [[-100.87593285363891, 21.33339637982077], [-100.87592836684912, 21.333360500985254]], [[-100.87589007266136, 21.3333647047716], [-100.87592836684912, 21.333360500985254]], [[-100.87592836684912, 21.333360500985254], [-100.87592388006223, 21.333324622149316]], [[-100.8758855858835, 21.333328825933982], [-100.87592388006223, 21.333324622149316]], [[-100.87592388006223, 21.333324622149316], [-100.87591939327827, 21.33328874331295]], [[-100.87588109910855, 21.333292947095934], [-100.87591939327827, 21.33328874331295]], [[-100.87591939327827, 21.33328874331295], [-100.87591490649719, 21.333252864476158]], [[-100.8758766123365, 21.33325706825746], [-100.87591490649719, 21.333252864476158]], [[-100.87591490649719, 21.333252864476158], [-100.87591041971902, 21.33321698563895]], [[-100.87587212556734, 21.333221189418563], [-100.87591041971902, 21.33321698563895]], [[-100.87591041971902, 21.33321698563895], [-100.87590593294377, 21.33318110680131]], [[-100.8758676388011, 21.333185310579236], [-100.87590593294377, 21.33318110680131]], [[-100.87590593294377, 21.33318110680131], [-100.8759014461714, 21.333145227963236]], [[-100.87586315203777, 21.333149431739493], [-100.8759014461714, 21.333145227963236]], [[-100.8759014461714, 21.333145227963236], [-100.87589695940194, 21.333109349124744]], [[-100.87585866527733, 21.333113552899317], [-100.87589695940194, 21.333109349124744]], [[-100.87589695940194, 21.333109349124744], [-100.8758924726354, 21.333073470285832]], [[-100.8758541785198, 21.333077674058718], [-100.8758924726354, 21.333073470285832]], [[-100.8758924726354, 21.333073470285832], [-100.87588798587176, 21.33303759144649]], [[-100.8758496917652, 21.333041795217692], [-100.87588798587176, 21.33303759144649]], [[-100.87588798587176, 21.33303759144649], [-100.87588349911103, 21.333001712606723]], [[-100.87584520501348, 21.333005916376248], [-100.87588349911103, 21.333001712606723]], [[-100.87588349911103, 21.333001712606723], [-100.8758790123532, 21.33296583376653]], [[-100.87584071826466, 21.332970037534373], [-100.8758790123532, 21.33296583376653]], [[-100.8758790123532, 21.33296583376653], [-100.87587452559826, 21.33292995492591]], [[-100.87583623151876, 21.332934158692076], [-100.87587452559826, 21.33292995492591]], [[-100.87587452559826, 21.33292995492591], [-100.87587003884626, 21.33289407608487]], [[-100.87583174477575, 21.332898279849353], [-100.87587003884626, 21.33289407608487]], [[-100.87587003884626, 21.33289407608487], [-100.87586555209714, 21.3328581972434]], [[-100.87582725803567, 21.332862401006196], [-100.87586555209714, 21.3328581972434]], [[-100.87586555209714, 21.3328581972434], [-100.87586106535093, 21.332822318401504]], [[-100.87582277129849, 21.332826522162627], [-100.87586106535093, 21.332822318401504]], [[-100.87586106535093, 21.332822318401504], [-100.87585657860762, 21.33278643955919]], [[-100.87581828456419, 21.332790643318617], [-100.87585657860762, 21.33278643955919]], [[-100.87585657860762, 21.33278643955919], [-100.87585209186723, 21.332750560716445]], [[-100.87581379783282, 21.3327547644742], [-100.87585209186723, 21.332750560716445]], [[-100.87585209186723, 21.332750560716445], [-100.87584760512974, 21.332714681873274]], [[-100.87580931110435, 21.332718885629344], [-100.87584760512974, 21.332714681873274]], [[-100.87584760512974, 21.332714681873274], [-100.87584311839514, 21.332678803029676]], [[-100.87580482437878, 21.332683006784066], [-100.87584311839514, 21.332678803029676]], [[-100.87584311839514, 21.332678803029676], [-100.87583863166347, 21.332642924185663]], [[-100.87580033765612, 21.332647127938365], [-100.87583863166347, 21.332642924185663]], [[-100.87583863166347, 21.332642924185663], [-100.87583414493469, 21.332607045341216]], [[-100.87579585093636, 21.33261124909225], [-100.87583414493469, 21.332607045341216]], [[-100.87583414493469, 21.332607045341216], [-100.87582965820881, 21.332571166496344]], [[-100.87579136421951, 21.332575370245685], [-100.87582965820881, 21.332571166496344]], [[-100.87582965820881, 21.332571166496344], [-100.87582517148586, 21.332535287651044]], [[-100.87578687750556, 21.332539491398716], [-100.87582517148586, 21.332535287651044]], [[-100.87582517148586, 21.332535287651044], [-100.87582068476578, 21.33249940880534]], [[-100.87578239079453, 21.33250361255131], [-100.87582068476578, 21.33249940880534]], [[-100.87582068476578, 21.33249940880534], [-100.87581619804862, 21.332463529959185]], [[-100.87577790408639, 21.332467733703478], [-100.87581619804862, 21.332463529959185]], [[-100.87581619804862, 21.332463529959185], [-100.87581171133439, 21.332427651112614]], [[-100.87577341738115, 21.332431854855223], [-100.87581171133439, 21.332427651112614]], [[-100.87581171133439, 21.332427651112614], [-100.87580722462303, 21.332391772265616]], [[-100.87576893067883, 21.332395976006552], [-100.87580722462303, 21.332391772265616]], [[-100.87580722462303, 21.332391772265616], [-100.87580273791458, 21.332355893418196]], [[-100.8757644439794, 21.332360097157444], [-100.87580273791458, 21.332355893418196]], [[-100.87580273791458, 21.332355893418196], [-100.87579825120906, 21.332320014570346]], [[-100.87575995728288, 21.33232421830792], [-100.87579825120906, 21.332320014570346]], [[-100.87579825120906, 21.332320014570346], [-100.87579376450644, 21.33228413572208]], [[-100.87575547058928, 21.33228833945796], [-100.87579376450644, 21.33228413572208]], [[-100.87579376450644, 21.33228413572208], [-100.8757892778067, 21.33224825687338]], [[-100.87575098389857, 21.332252460607585], [-100.8757892778067, 21.33224825687338]], [[-100.8757892778067, 21.33224825687338], [-100.87578479110988, 21.33221237802426]], [[-100.87574649721078, 21.332216581756782], [-100.87578479110988, 21.33221237802426]], [[-100.87578479110988, 21.33221237802426], [-100.87578030441597, 21.332176499174714]], [[-100.87574201052587, 21.33218070290555], [-100.87578030441597, 21.332176499174714]], [[-100.87578030441597, 21.332176499174714], [-100.87577581772496, 21.332140620324736]], [[-100.8757375238439, 21.3321448240539], [-100.87577581772496, 21.332140620324736]], [[-100.87577581772496, 21.332140620324736], [-100.87577133103686, 21.33210474147434]], [[-100.8757330371648, 21.332108945201817], [-100.87577133103686, 21.33210474147434]], [[-100.87577133103686, 21.33210474147434], [-100.87576684435166, 21.33206886262351]], [[-100.87572855048862, 21.332073066349313], [-100.87576684435166, 21.33206886262351]], [[-100.87576684435166, 21.33206886262351], [-100.87576235766936, 21.332032983772265]], [[-100.87572406381534, 21.332037187496375], [-100.87576235766936, 21.332032983772265]], [[-100.87576235766936, 21.332032983772265], [-100.87575787098997, 21.331997104920593]], [[-100.87571957714498, 21.332001308643026], [-100.87575787098997, 21.331997104920593]], [[-100.87575787098997, 21.331997104920593], [-100.8757533843135, 21.331961226068497]], [[-100.87571509047751, 21.331965429789243], [-100.8757533843135, 21.331961226068497]], [[-100.8757533843135, 21.331961226068497], [-100.87574889763991, 21.33192534721597]], [[-100.87571060381296, 21.331929550935037], [-100.87574889763991, 21.33192534721597]], [[-100.87574889763991, 21.33192534721597], [-100.87574441096925, 21.331889468363027]], [[-100.87570611715131, 21.331893672080405], [-100.87574441096925, 21.331889468363027]], [[-100.87574441096925, 21.331889468363027], [-100.87573992430147, 21.33185358950965]], [[-100.87570163049256, 21.331857793225353], [-100.87573992430147, 21.33185358950965]], [[-100.87573992430147, 21.33185358950965], [-100.8757354376366, 21.331817710655855]], [[-100.87569714383672, 21.33182191436987], [-100.8757354376366, 21.331817710655855]], [[-100.8757354376366, 21.331817710655855], [-100.87573095097466, 21.331781831801624]], [[-100.87569265718378, 21.331786035513964], [-100.87573095097466, 21.331781831801624]], [[-100.87573095097466, 21.331781831801624], [-100.87572646431559, 21.331745952946978]], [[-100.87568817053375, 21.33175015665763], [-100.87572646431559, 21.331745952946978]], [[-100.87572646431559, 21.331745952946978], [-100.87572197765944, 21.331710074091905]], [[-100.8756836838866, 21.331714277800874], [-100.87572197765944, 21.331710074091905]], [[-100.87572197765944, 21.331710074091905], [-100.8757174910062, 21.3316741952364]], [[-100.87567919724239, 21.33167839894369], [-100.8757174910062, 21.3316741952364]], [[-100.8757174910062, 21.3316741952364], [-100.87571300435586, 21.331638316380474]], [[-100.87567471060107, 21.331642520086085], [-100.87571300435586, 21.331638316380474]], [[-100.87571300435586, 21.331638316380474], [-100.87570851770843, 21.331602437524115]], [[-100.87567022396266, 21.33160664122805], [-100.87570851770843, 21.331602437524115]], [[-100.87570851770843, 21.331602437524115], [-100.8757040310639, 21.33156655866735]], [[-100.87566573732714, 21.331570762369594], [-100.8757040310639, 21.33156655866735]], [[-100.8757040310639, 21.33156655866735], [-100.87569954442228, 21.331530679810147]], [[-100.87566125069455, 21.33153488351071], [-100.87569954442228, 21.331530679810147]], [[-100.87569954442228, 21.331530679810147], [-100.87569505778356, 21.331494800952516]], [[-100.87565676406486, 21.33149900465141], [-100.87569505778356, 21.331494800952516]], [[-100.87569505778356, 21.331494800952516], [-100.87569057114776, 21.331458922094473]], [[-100.87565227743805, 21.331463125791668], [-100.87569057114776, 21.331458922094473]], [[-100.87569057114776, 21.331458922094473], [-100.87568608451484, 21.33142304323599]], [[-100.87564779081417, 21.331427246931508], [-100.87568608451484, 21.33142304323599]], [[-100.87568608451484, 21.33142304323599], [-100.87568159788484, 21.331387164377084]], [[-100.87564330419318, 21.33139136807093], [-100.87568159788484, 21.331387164377084]], [[-100.87568159788484, 21.331387164377084], [-100.87567711125774, 21.331351285517766]], [[-100.87563881757511, 21.331355489209912], [-100.87567711125774, 21.331351285517766]], [[-100.87567711125774, 21.331351285517766], [-100.87567262463354, 21.331315406658007]], [[-100.87563433095993, 21.33131961034848], [-100.87567262463354, 21.331315406658007]], [[-100.87567262463354, 21.331315406658007], [-100.87566813801226, 21.331279527797832]], [[-100.87562984434766, 21.331283731486625], [-100.87566813801226, 21.331279527797832]], [[-100.87566813801226, 21.331279527797832], [-100.87566365139388, 21.331243648937228]], [[-100.8756253577383, 21.331247852624344], [-100.87566365139388, 21.331243648937228]], [[-100.87566365139388, 21.331243648937228], [-100.8756591647784, 21.3312077700762]], [[-100.87562087113183, 21.33121197376163], [-100.8756591647784, 21.3312077700762]], [[-100.8756591647784, 21.3312077700762], [-100.87565467816582, 21.331171891214748]], [[-100.87561638452829, 21.331176094898495], [-100.87565467816582, 21.331171891214748]], [[-100.87565467816582, 21.331171891214748], [-100.87565019155616, 21.331136012352868]], [[-100.87561189792764, 21.331140216034928], [-100.87565019155616, 21.331136012352868]], [[-100.87565019155616, 21.331136012352868], [-100.8756457049494, 21.331100133490565]], [[-100.8756074113299, 21.33110433717095], [-100.8756457049494, 21.331100133490565]], [[-100.8756457049494, 21.331100133490565], [-100.87564121834554, 21.331064254627833]], [[-100.87560292473505, 21.331068458306536], [-100.87564121834554, 21.331064254627833]], [[-100.87564121834554, 21.331064254627833], [-100.87563673174459, 21.331028375764678]], [[-100.87559843814311, 21.3310325794417], [-100.87563673174459, 21.331028375764678]], [[-100.87563673174459, 21.331028375764678], [-100.87563224514653, 21.330992496901104]], [[-100.8755939515541, 21.33099670057644], [-100.87563224514653, 21.330992496901104]], [[-100.87563224514653, 21.330992496901104], [-100.8756277585514, 21.330956618037096]], [[-100.87558946496797, 21.330960821710754], [-100.8756277585514, 21.330956618037096]], [[-100.8756277585514, 21.330956618037096], [-100.87562327195916, 21.330920739172665]], [[-100.87558497838475, 21.33092494284464], [-100.87562327195916, 21.330920739172665]], [[-100.87562327195916, 21.330920739172665], [-100.87561878536982, 21.330884860307812]], [[-100.87558049180444, 21.330889063978105], [-100.87561878536982, 21.330884860307812]], [[-100.87561878536982, 21.330884860307812], [-100.87561429878339, 21.330848981442536]], [[-100.87557600522702, 21.330853185111145], [-100.87561429878339, 21.330848981442536]], [[-100.87561429878339, 21.330848981442536], [-100.87560981219987, 21.330813102576826]], [[-100.87557151865252, 21.33081730624376], [-100.87560981219987, 21.330813102576826]], [[-100.87560981219987, 21.330813102576826], [-100.87560532561925, 21.3307772237107]], [[-100.87556703208092, 21.330781427375943], [-100.87560532561925, 21.3307772237107]], [[-100.87560532561925, 21.3307772237107], [-100.87560083904154, 21.330741344844146]], [[-100.87556254551224, 21.330745548507704], [-100.87560083904154, 21.330741344844146]], [[-100.87560083904154, 21.330741344844146], [-100.87559635246673, 21.330705465977157]], [[-100.87555805894644, 21.330709669639045], [-100.87559635246673, 21.330705465977157]], [[-100.87591939327827, 21.33328874331295], [-100.87595768744507, 21.333284539521394]], [[-100.87595768744507, 21.333284539521394], [-100.87595320065498, 21.333248660686284]], [[-100.87591490649719, 21.333252864476158], [-100.87595320065498, 21.333248660686284]], [[-100.87595320065498, 21.333248660686284], [-100.87594871386779, 21.333212781850754]], [[-100.87591041971902, 21.33321698563895], [-100.87594871386779, 21.333212781850754]], [[-100.87594871386779, 21.333212781850754], [-100.87594422708351, 21.333176903014795]], [[-100.87590593294377, 21.33318110680131], [-100.87594422708351, 21.333176903014795]], [[-100.87594422708351, 21.333176903014795], [-100.87593974030213, 21.333141024178413]], [[-100.8759014461714, 21.333145227963236], [-100.87593974030213, 21.333141024178413]], [[-100.87593974030213, 21.333141024178413], [-100.87593525352366, 21.3331051453416]], [[-100.87589695940194, 21.333109349124744], [-100.87593525352366, 21.3331051453416]], [[-100.87593525352366, 21.3331051453416], [-100.8759307667481, 21.33306926650437]], [[-100.8758924726354, 21.333073470285832], [-100.8759307667481, 21.33306926650437]], [[-100.8759307667481, 21.33306926650437], [-100.87592627997543, 21.333033387666706]], [[-100.87588798587176, 21.33303759144649], [-100.87592627997543, 21.333033387666706]], [[-100.87592627997543, 21.333033387666706], [-100.87592179320566, 21.332997508828623]], [[-100.87588349911103, 21.333001712606723], [-100.87592179320566, 21.332997508828623]], [[-100.87592179320566, 21.332997508828623], [-100.87591730643882, 21.33296162999011]], [[-100.8758790123532, 21.33296583376653], [-100.87591730643882, 21.33296162999011]], [[-100.87591730643882, 21.33296162999011], [-100.87591281967487, 21.33292575115118]], [[-100.87587452559826, 21.33292995492591], [-100.87591281967487, 21.33292575115118]], [[-100.87591281967487, 21.33292575115118], [-100.87590833291384, 21.332889872311817]], [[-100.87587003884626, 21.33289407608487], [-100.87590833291384, 21.332889872311817]], [[-100.87590833291384, 21.332889872311817], [-100.87590384615571, 21.33285399347203]], [[-100.87586555209714, 21.3328581972434], [-100.87590384615571, 21.33285399347203]], [[-100.87590384615571, 21.33285399347203], [-100.87589935940046, 21.332818114631817]], [[-100.87586106535093, 21.332822318401504], [-100.87589935940046, 21.332818114631817]], [[-100.87589935940046, 21.332818114631817], [-100.87589487264815, 21.33278223579118]], [[-100.87585657860762, 21.33278643955919], [-100.87589487264815, 21.33278223579118]], [[-100.87589487264815, 21.33278223579118], [-100.87589038589873, 21.332746356950118]], [[-100.87585209186723, 21.332750560716445], [-100.87589038589873, 21.332746356950118]], [[-100.87589038589873, 21.332746356950118], [-100.87588589915222, 21.332710478108634]], [[-100.87584760512974, 21.332714681873274], [-100.87588589915222, 21.332710478108634]], [[-100.87588589915222, 21.332710478108634], [-100.87588141240862, 21.332674599266717]], [[-100.87584311839514, 21.332678803029676], [-100.87588141240862, 21.332674599266717]], [[-100.87588141240862, 21.332674599266717], [-100.87587692566791, 21.33263872042438]], [[-100.87583863166347, 21.332642924185663], [-100.87587692566791, 21.33263872042438]], [[-100.87587692566791, 21.33263872042438], [-100.8758724389301, 21.33260284158162]], [[-100.87583414493469, 21.332607045341216], [-100.8758724389301, 21.33260284158162]], [[-100.8758724389301, 21.33260284158162], [-100.87586795219521, 21.33256696273843]], [[-100.87582965820881, 21.332571166496344], [-100.87586795219521, 21.33256696273843]], [[-100.87586795219521, 21.33256696273843], [-100.87586346546324, 21.33253108389482]], [[-100.87582517148586, 21.332535287651044], [-100.87586346546324, 21.33253108389482]], [[-100.87586346546324, 21.33253108389482], [-100.87585897873414, 21.332495205050776]], [[-100.87582068476578, 21.33249940880534], [-100.87585897873414, 21.332495205050776]], [[-100.87585897873414, 21.332495205050776], [-100.87585449200797, 21.33245932620632]], [[-100.87581619804862, 21.332463529959185], [-100.87585449200797, 21.33245932620632]], [[-100.87585449200797, 21.33245932620632], [-100.8758500052847, 21.332423447361425]], [[-100.87581171133439, 21.332427651112614], [-100.8758500052847, 21.332423447361425]], [[-100.8758500052847, 21.332423447361425], [-100.87584551856433, 21.332387568516115]], [[-100.87580722462303, 21.332391772265616], [-100.87584551856433, 21.332387568516115]], [[-100.87584551856433, 21.332387568516115], [-100.87584103184687, 21.33235168967038]], [[-100.87580273791458, 21.332355893418196], [-100.87584103184687, 21.33235168967038]], [[-100.87584103184687, 21.33235168967038], [-100.87583654513232, 21.332315810824213]], [[-100.87579825120906, 21.332320014570346], [-100.87583654513232, 21.332315810824213]], [[-100.87583654513232, 21.332315810824213], [-100.87583205842067, 21.332279931977617]], [[-100.87579376450644, 21.33228413572208], [-100.87583205842067, 21.332279931977617]], [[-100.87583205842067, 21.332279931977617], [-100.87582757171192, 21.332244053130605]], [[-100.8757892778067, 21.33224825687338], [-100.87582757171192, 21.332244053130605]], [[-100.87582757171192, 21.332244053130605], [-100.87582308500608, 21.332208174283167]], [[-100.87578479110988, 21.33221237802426], [-100.87582308500608, 21.332208174283167]], [[-100.87582308500608, 21.332208174283167], [-100.87581859830316, 21.3321722954353]], [[-100.87578030441597, 21.332176499174714], [-100.87581859830316, 21.3321722954353]], [[-100.87581859830316, 21.3321722954353], [-100.87581411160313, 21.332136416587012]], [[-100.87577581772496, 21.332140620324736], [-100.87581411160313, 21.332136416587012]], [[-100.87581411160313, 21.332136416587012], [-100.875809624906, 21.33210053773829]], [[-100.87577133103686, 21.33210474147434], [-100.875809624906, 21.33210053773829]], [[-100.875809624906, 21.33210053773829], [-100.87580513821177, 21.332064658889152]], [[-100.87576684435166, 21.33206886262351], [-100.87580513821177, 21.332064658889152]], [[-100.87580513821177, 21.332064658889152], [-100.87580065152046, 21.332028780039582]], [[-100.87576235766936, 21.332032983772265], [-100.87580065152046, 21.332028780039582]], [[-100.87580065152046, 21.332028780039582], [-100.87579616483205, 21.331992901189594]], [[-100.87575787098997, 21.331997104920593], [-100.87579616483205, 21.331992901189594]], [[-100.87579616483205, 21.331992901189594], [-100.87579167814656, 21.331957022339175]], [[-100.8757533843135, 21.331961226068497], [-100.87579167814656, 21.331957022339175]], [[-100.87579167814656, 21.331957022339175], [-100.87578719146396, 21.331921143488337]], [[-100.87574889763991, 21.33192534721597], [-100.87578719146396, 21.331921143488337]], [[-100.87578719146396, 21.331921143488337], [-100.87578270478426, 21.331885264637066]], [[-100.87574441096925, 21.331889468363027], [-100.87578270478426, 21.331885264637066]], [[-100.87578270478426, 21.331885264637066], [-100.87577821810747, 21.33184938578538]], [[-100.87573992430147, 21.33185358950965], [-100.87577821810747, 21.33184938578538]], [[-100.87577821810747, 21.33184938578538], [-100.87577373143358, 21.331813506933255]], [[-100.8757354376366, 21.331817710655855], [-100.87577373143358, 21.331813506933255]], [[-100.87577373143358, 21.331813506933255], [-100.87576924476261, 21.331777628080715]], [[-100.87573095097466, 21.331781831801624], [-100.87576924476261, 21.331777628080715]], [[-100.87576924476261, 21.331777628080715], [-100.87576475809453, 21.33174174922775]], [[-100.87572646431559, 21.331745952946978], [-100.87576475809453, 21.33174174922775]], [[-100.87576475809453, 21.33174174922775], [-100.87576027142937, 21.33170587037435]], [[-100.87572197765944, 21.331710074091905], [-100.87576027142937, 21.33170587037435]], [[-100.87576027142937, 21.33170587037435], [-100.87575578476711, 21.331669991520535]], [[-100.8757174910062, 21.3316741952364], [-100.87575578476711, 21.331669991520535]], [[-100.87575578476711, 21.331669991520535], [-100.87575129810776, 21.331634112666297]], [[-100.87571300435586, 21.331638316380474], [-100.87575129810776, 21.331634112666297]], [[-100.87575129810776, 21.331634112666297], [-100.8757468114513, 21.331598233811622]], [[-100.87570851770843, 21.331602437524115], [-100.8757468114513, 21.331598233811622]], [[-100.8757468114513, 21.331598233811622], [-100.87574232479776, 21.331562354956528]], [[-100.8757040310639, 21.33156655866735], [-100.87574232479776, 21.331562354956528]], [[-100.87574232479776, 21.331562354956528], [-100.8757378381471, 21.331526476101008]], [[-100.87569954442228, 21.331530679810147], [-100.8757378381471, 21.331526476101008]], [[-100.8757378381471, 21.331526476101008], [-100.87573335149938, 21.331490597245065]], [[-100.87569505778356, 21.331494800952516], [-100.87573335149938, 21.331490597245065]], [[-100.87573335149938, 21.331490597245065], [-100.87572886485454, 21.331454718388695]], [[-100.87569057114776, 21.331458922094473], [-100.87572886485454, 21.331454718388695]], [[-100.87572886485454, 21.331454718388695], [-100.87572437821262, 21.3314188395319]], [[-100.87568608451484, 21.33142304323599], [-100.87572437821262, 21.3314188395319]], [[-100.87572437821262, 21.3314188395319], [-100.87571989157358, 21.331382960674677]], [[-100.87568159788484, 21.331387164377084], [-100.87571989157358, 21.331382960674677]], [[-100.87571989157358, 21.331382960674677], [-100.87571540493747, 21.33134708181703]], [[-100.87567711125774, 21.331351285517766], [-100.87571540493747, 21.33134708181703]], [[-100.87571540493747, 21.33134708181703], [-100.87571091830425, 21.331311202958965]], [[-100.87567262463354, 21.331315406658007], [-100.87571091830425, 21.331311202958965]], [[-100.87571091830425, 21.331311202958965], [-100.87570643167396, 21.331275324100464]], [[-100.87566813801226, 21.331279527797832], [-100.87570643167396, 21.331275324100464]], [[-100.87570643167396, 21.331275324100464], [-100.87570194504656, 21.331239445241547]], [[-100.87566365139388, 21.331243648937228], [-100.87570194504656, 21.331239445241547]], [[-100.87570194504656, 21.331239445241547], [-100.87569745842205, 21.3312035663822]], [[-100.8756591647784, 21.3312077700762], [-100.87569745842205, 21.3312035663822]], [[-100.87569745842205, 21.3312035663822], [-100.87569297180046, 21.33116768752243]], [[-100.87565467816582, 21.331171891214748], [-100.87569297180046, 21.33116768752243]], [[-100.87569297180046, 21.33116768752243], [-100.87568848518177, 21.331131808662228]], [[-100.87565019155616, 21.331136012352868], [-100.87568848518177, 21.331131808662228]], [[-100.87568848518177, 21.331131808662228], [-100.87568399856599, 21.33109592980161]], [[-100.8756457049494, 21.331100133490565], [-100.87568399856599, 21.33109592980161]], [[-100.87568399856599, 21.33109592980161], [-100.87567951195311, 21.331060050940568]], [[-100.87564121834554, 21.331064254627833], [-100.87567951195311, 21.331060050940568]], [[-100.87567951195311, 21.331060050940568], [-100.87567502534314, 21.33102417207909]], [[-100.87563673174459, 21.331028375764678], [-100.87567502534314, 21.33102417207909]], [[-100.87567502534314, 21.33102417207909], [-100.87567053873607, 21.330988293217192]], [[-100.87563224514653, 21.330992496901104], [-100.87567053873607, 21.330988293217192]], [[-100.87567053873607, 21.330988293217192], [-100.8756660521319, 21.33095241435487]], [[-100.8756277585514, 21.330956618037096], [-100.8756660521319, 21.33095241435487]], [[-100.8756660521319, 21.33095241435487], [-100.87566156553065, 21.33091653549212]], [[-100.87562327195916, 21.330920739172665], [-100.87566156553065, 21.33091653549212]], [[-100.87566156553065, 21.33091653549212], [-100.87565707893229, 21.330880656628953]], [[-100.87561878536982, 21.330884860307812], [-100.87565707893229, 21.330880656628953]], [[-100.87565707893229, 21.330880656628953], [-100.87565259233685, 21.330844777765353]], [[-100.87561429878339, 21.330848981442536], [-100.87565259233685, 21.330844777765353]], [[-100.87565259233685, 21.330844777765353], [-100.87564810574432, 21.330808898901328]], [[-100.87560981219987, 21.330813102576826], [-100.87564810574432, 21.330808898901328]], [[-100.87564810574432, 21.330808898901328], [-100.87564361915467, 21.330773020036876]], [[-100.87560532561925, 21.3307772237107], [-100.87564361915467, 21.330773020036876]], [[-100.87564361915467, 21.330773020036876], [-100.87563913256794, 21.330737141172012]], [[-100.87560083904154, 21.330741344844146], [-100.87563913256794, 21.330737141172012]], [[-100.87563913256794, 21.330737141172012], [-100.8756346459841, 21.33070126230671]], [[-100.87559635246673, 21.330705465977157], [-100.8756346459841, 21.33070126230671]], [[-100.87594422708351, 21.333176903014795], [-100.87598252122035, 21.333172699219713]], [[-100.87598252122035, 21.333172699219713], [-100.87597803442995, 21.33313682038501]], [[-100.87593974030213, 21.333141024178413], [-100.87597803442995, 21.33313682038501]], [[-100.87597803442995, 21.33313682038501], [-100.87597354764246, 21.333100941549887]], [[-100.87593525352366, 21.3331051453416], [-100.87597354764246, 21.333100941549887]], [[-100.87597354764246, 21.333100941549887], [-100.87596906085788, 21.333065062714326]], [[-100.8759307667481, 21.33306926650437], [-100.87596906085788, 21.333065062714326]], [[-100.87596906085788, 21.333065062714326], [-100.87596457407619, 21.333029183878356]], [[-100.87592627997543, 21.333033387666706], [-100.87596457407619, 21.333029183878356]], [[-100.87596457407619, 21.333029183878356], [-100.87596008729741, 21.332993305041953]], [[-100.87592179320566, 21.332997508828623], [-100.87596008729741, 21.332993305041953]], [[-100.87596008729741, 21.332993305041953], [-100.87595560052154, 21.332957426205127]], [[-100.87591730643882, 21.33296162999011], [-100.87595560052154, 21.332957426205127]], [[-100.87595560052154, 21.332957426205127], [-100.87595111374857, 21.33292154736787]], [[-100.87591281967487, 21.33292575115118], [-100.87595111374857, 21.33292154736787]], [[-100.87595111374857, 21.33292154736787], [-100.87594662697852, 21.332885668530192]], [[-100.87590833291384, 21.332889872311817], [-100.87594662697852, 21.332885668530192]], [[-100.87594662697852, 21.332885668530192], [-100.87594214021136, 21.332849789692087]], [[-100.87590384615571, 21.33285399347203], [-100.87594214021136, 21.332849789692087]], [[-100.87594214021136, 21.332849789692087], [-100.87593765344711, 21.33281391085356]], [[-100.87589935940046, 21.332818114631817], [-100.87593765344711, 21.33281391085356]], [[-100.87593765344711, 21.33281391085356], [-100.87593316668577, 21.332778032014602]], [[-100.87589487264815, 21.33278223579118], [-100.87593316668577, 21.332778032014602]], [[-100.87593316668577, 21.332778032014602], [-100.87592867992733, 21.33274215317522]], [[-100.87589038589873, 21.332746356950118], [-100.87592867992733, 21.33274215317522]], [[-100.87592867992733, 21.33274215317522], [-100.8759241931718, 21.33270627433542]], [[-100.87588589915222, 21.332710478108634], [-100.8759241931718, 21.33270627433542]], [[-100.8759241931718, 21.33270627433542], [-100.87591970641917, 21.33267039549518]], [[-100.87588141240862, 21.332674599266717], [-100.87591970641917, 21.33267039549518]], [[-100.87591970641917, 21.33267039549518], [-100.87591521966945, 21.332634516654533]], [[-100.87587692566791, 21.33263872042438], [-100.87591521966945, 21.332634516654533]], [[-100.87591521966945, 21.332634516654533], [-100.87591073292263, 21.33259863781345]], [[-100.8758724389301, 21.33260284158162], [-100.87591073292263, 21.33259863781345]], [[-100.87591073292263, 21.33259863781345], [-100.87590624617872, 21.332562758971946]], [[-100.87586795219521, 21.33256696273843], [-100.87590624617872, 21.332562758971946]], [[-100.87590624617872, 21.332562758971946], [-100.87590175943771, 21.33252688013001]], [[-100.87586346546324, 21.33253108389482], [-100.87590175943771, 21.33252688013001]], [[-100.87590175943771, 21.33252688013001], [-100.8758972726996, 21.33249100128766]], [[-100.87585897873414, 21.332495205050776], [-100.8758972726996, 21.33249100128766]], [[-100.8758972726996, 21.33249100128766], [-100.87589278596441, 21.332455122444873]], [[-100.87585449200797, 21.33245932620632], [-100.87589278596441, 21.332455122444873]], [[-100.87589278596441, 21.332455122444873], [-100.87588829923212, 21.33241924360167]], [[-100.8758500052847, 21.332423447361425], [-100.87588829923212, 21.33241924360167]], [[-100.87588829923212, 21.33241924360167], [-100.87588381250274, 21.332383364758034]], [[-100.87584551856433, 21.332387568516115], [-100.87588381250274, 21.332383364758034]], [[-100.87588381250274, 21.332383364758034], [-100.87587932577625, 21.332347485913978]], [[-100.87584103184687, 21.33235168967038], [-100.87587932577625, 21.332347485913978]], [[-100.87587932577625, 21.332347485913978], [-100.87587483905268, 21.332311607069496]], [[-100.87583654513232, 21.332315810824213], [-100.87587483905268, 21.332311607069496]], [[-100.87587483905268, 21.332311607069496], [-100.87587035233202, 21.332275728224595]], [[-100.87583205842067, 21.332279931977617], [-100.87587035233202, 21.332275728224595]], [[-100.87587035233202, 21.332275728224595], [-100.87586586561424, 21.332239849379256]], [[-100.87582757171192, 21.332244053130605], [-100.87586586561424, 21.332239849379256]], [[-100.87586586561424, 21.332239849379256], [-100.87586137889939, 21.3322039705335]], [[-100.87582308500608, 21.332208174283167], [-100.87586137889939, 21.3322039705335]], [[-100.87586137889939, 21.3322039705335], [-100.87585689218743, 21.33216809168731]], [[-100.87581859830316, 21.3321722954353], [-100.87585689218743, 21.33216809168731]], [[-100.87585689218743, 21.33216809168731], [-100.87585240547838, 21.332132212840712]], [[-100.87581411160313, 21.332136416587012], [-100.87585240547838, 21.332132212840712]], [[-100.87585240547838, 21.332132212840712], [-100.87584791877224, 21.332096333993675]], [[-100.875809624906, 21.33210053773829], [-100.87584791877224, 21.332096333993675]], [[-100.87584791877224, 21.332096333993675], [-100.875843432069, 21.332060455146216]], [[-100.87580513821177, 21.332064658889152], [-100.875843432069, 21.332060455146216]], [[-100.875843432069, 21.332060455146216], [-100.87583894536866, 21.332024576298327]], [[-100.87580065152046, 21.332028780039582], [-100.87583894536866, 21.332024576298327]], [[-100.87583894536866, 21.332024576298327], [-100.87583445867124, 21.331988697450022]], [[-100.87579616483205, 21.331992901189594], [-100.87583445867124, 21.331988697450022]], [[-100.87583445867124, 21.331988697450022], [-100.87582997197671, 21.331952818601284]], [[-100.87579167814656, 21.331957022339175], [-100.87582997197671, 21.331952818601284]], [[-100.87582997197671, 21.331952818601284], [-100.87582548528509, 21.331916939752123]], [[-100.87578719146396, 21.331921143488337], [-100.87582548528509, 21.331916939752123]], [[-100.87582548528509, 21.331916939752123], [-100.87582099859638, 21.331881060902536]], [[-100.87578270478426, 21.331885264637066], [-100.87582099859638, 21.331881060902536]], [[-100.87582099859638, 21.331881060902536], [-100.87581651191057, 21.33184518205253]], [[-100.87577821810747, 21.33184938578538], [-100.87581651191057, 21.33184518205253]], [[-100.87581651191057, 21.33184518205253], [-100.87581202522766, 21.331809303202096]], [[-100.87577373143358, 21.331813506933255], [-100.87581202522766, 21.331809303202096]], [[-100.87581202522766, 21.331809303202096], [-100.87580753854768, 21.33177342435123]], [[-100.87576924476261, 21.331777628080715], [-100.87580753854768, 21.33177342435123]], [[-100.87580753854768, 21.33177342435123], [-100.87580305187058, 21.331737545499948]], [[-100.87576475809453, 21.33174174922775], [-100.87580305187058, 21.331737545499948]], [[-100.87580305187058, 21.331737545499948], [-100.87579856519639, 21.331701666648236]], [[-100.87576027142937, 21.33170587037435], [-100.87579856519639, 21.331701666648236]], [[-100.87579856519639, 21.331701666648236], [-100.87579407852512, 21.33166578779609]], [[-100.87575578476711, 21.331669991520535], [-100.87579407852512, 21.33166578779609]], [[-100.87579407852512, 21.33166578779609], [-100.87578959185673, 21.331629908943533]], [[-100.87575129810776, 21.331634112666297], [-100.87578959185673, 21.331629908943533]], [[-100.87578959185673, 21.331629908943533], [-100.87578510519126, 21.33159403009055]], [[-100.8757468114513, 21.331598233811622], [-100.87578510519126, 21.33159403009055]], [[-100.87578510519126, 21.33159403009055], [-100.8757806185287, 21.331558151237132]], [[-100.87574232479776, 21.331562354956528], [-100.8757806185287, 21.331558151237132]], [[-100.8757806185287, 21.331558151237132], [-100.87577613186903, 21.331522272383303]], [[-100.8757378381471, 21.331526476101008], [-100.87577613186903, 21.331522272383303]], [[-100.87577613186903, 21.331522272383303], [-100.87577164521228, 21.33148639352904]], [[-100.87573335149938, 21.331490597245065], [-100.87577164521228, 21.33148639352904]], [[-100.87577164521228, 21.33148639352904], [-100.87576715855843, 21.331450514674348]], [[-100.87572886485454, 21.331454718388695], [-100.87576715855843, 21.331450514674348]], [[-100.87576715855843, 21.331450514674348], [-100.87576267190748, 21.331414635819232]], [[-100.87572437821262, 21.3314188395319], [-100.87576267190748, 21.331414635819232]], [[-100.87576267190748, 21.331414635819232], [-100.87575818525944, 21.331378756963698]], [[-100.87571989157358, 21.331382960674677], [-100.87575818525944, 21.331378756963698]], [[-100.87575818525944, 21.331378756963698], [-100.8757536986143, 21.331342878107733]], [[-100.87571540493747, 21.33134708181703], [-100.8757536986143, 21.331342878107733]], [[-100.8757536986143, 21.331342878107733], [-100.87574921197206, 21.33130699925134]], [[-100.87571091830425, 21.331311202958965], [-100.87574921197206, 21.33130699925134]], [[-100.87574921197206, 21.33130699925134], [-100.87574472533274, 21.331271120394536]], [[-100.87570643167396, 21.331275324100464], [-100.87574472533274, 21.331271120394536]], [[-100.87574472533274, 21.331271120394536], [-100.87574023869631, 21.33123524153729]], [[-100.87570194504656, 21.331239445241547], [-100.87574023869631, 21.33123524153729]], [[-100.87574023869631, 21.33123524153729], [-100.87573575206281, 21.331199362679627]], [[-100.87569745842205, 21.3312035663822], [-100.87573575206281, 21.331199362679627]], [[-100.87573575206281, 21.331199362679627], [-100.87573126543218, 21.33116348382154]], [[-100.87569297180046, 21.33116768752243], [-100.87573126543218, 21.33116348382154]], [[-100.87573126543218, 21.33116348382154], [-100.87572677880448, 21.331127604963026]], [[-100.87568848518177, 21.331131808662228], [-100.87572677880448, 21.331127604963026]], [[-100.87572677880448, 21.331127604963026], [-100.87572229217969, 21.331091726104084]], [[-100.87568399856599, 21.33109592980161], [-100.87572229217969, 21.331091726104084]], [[-100.87572229217969, 21.331091726104084], [-100.87571780555778, 21.331055847244716]], [[-100.87567951195311, 21.331060050940568], [-100.87571780555778, 21.331055847244716]], [[-100.87571780555778, 21.331055847244716], [-100.8757133189388, 21.331019968384926]], [[-100.87567502534314, 21.33102417207909], [-100.8757133189388, 21.331019968384926]], [[-100.8757133189388, 21.331019968384926], [-100.87570883232272, 21.330984089524712]], [[-100.87567053873607, 21.330988293217192], [-100.87570883232272, 21.330984089524712]], [[-100.87570883232272, 21.330984089524712], [-100.87570434570952, 21.330948210664072]], [[-100.8756660521319, 21.33095241435487], [-100.87570434570952, 21.330948210664072]], [[-100.87570434570952, 21.330948210664072], [-100.87569985909924, 21.330912331803006]], [[-100.87566156553065, 21.33091653549212], [-100.87569985909924, 21.330912331803006]], [[-100.87569985909924, 21.330912331803006], [-100.87569537249188, 21.330876452941514]], [[-100.87565707893229, 21.330880656628953], [-100.87569537249188, 21.330876452941514]], [[-100.87569537249188, 21.330876452941514], [-100.87569088588741, 21.330840574079595]], [[-100.87565259233685, 21.330844777765353], [-100.87569088588741, 21.330840574079595]], [[-100.87569088588741, 21.330840574079595], [-100.87568639928584, 21.330804695217253]], [[-100.87564810574432, 21.330808898901328], [-100.87568639928584, 21.330804695217253]], [[-100.87568639928584, 21.330804695217253], [-100.8756819126872, 21.330768816354492]], [[-100.87564361915467, 21.330773020036876], [-100.8756819126872, 21.330768816354492]], [[-100.8756819126872, 21.330768816354492], [-100.87567742609144, 21.330732937491295]], [[-100.87563913256794, 21.330737141172012], [-100.87567742609144, 21.330732937491295]], [[-100.87567742609144, 21.330732937491295], [-100.8756729394986, 21.33069705862768]], [[-100.8756346459841, 21.33070126230671], [-100.8756729394986, 21.33069705862768]], [[-100.87596906085788, 21.333065062714326], [-100.87600735496474, 21.33306085891573]], [[-100.87600735496474, 21.33306085891573], [-100.87600286817404, 21.333024980081422]], [[-100.87596457407619, 21.333029183878356], [-100.87600286817404, 21.333024980081422]], [[-100.87600286817404, 21.333024980081422], [-100.87599838138625, 21.332989101246703]], [[-100.87596008729741, 21.332993305041953], [-100.87599838138625, 21.332989101246703]], [[-100.87599838138625, 21.332989101246703], [-100.87599389460136, 21.332953222411554]], [[-100.87595560052154, 21.332957426205127], [-100.87599389460136, 21.332953222411554]], [[-100.87599389460136, 21.332953222411554], [-100.87598940781938, 21.332917343575993]], [[-100.87595111374857, 21.33292154736787], [-100.87598940781938, 21.332917343575993]], [[-100.87598940781938, 21.332917343575993], [-100.8759849210403, 21.33288146473999]], [[-100.87594662697852, 21.332885668530192], [-100.8759849210403, 21.33288146473999]], [[-100.8759849210403, 21.33288146473999], [-100.87598043426411, 21.332845585903573]], [[-100.87594214021136, 21.332849789692087], [-100.87598043426411, 21.332845585903573]], [[-100.87598043426411, 21.332845585903573], [-100.87597594749084, 21.332809707066723]], [[-100.87593765344711, 21.33281391085356], [-100.87597594749084, 21.332809707066723]], [[-100.87597594749084, 21.332809707066723], [-100.87597146072049, 21.33277382822945]], [[-100.87593316668577, 21.332778032014602], [-100.87597146072049, 21.33277382822945]], [[-100.87597146072049, 21.33277382822945], [-100.87596697395303, 21.332737949391756]], [[-100.87592867992733, 21.33274215317522], [-100.87596697395303, 21.332737949391756]], [[-100.87596697395303, 21.332737949391756], [-100.87596248718847, 21.332702070553623]], [[-100.8759241931718, 21.33270627433542], [-100.87596248718847, 21.332702070553623]], [[-100.87596248718847, 21.332702070553623], [-100.87595800042682, 21.332666191715084]], [[-100.87591970641917, 21.33267039549518], [-100.87595800042682, 21.332666191715084]], [[-100.87595800042682, 21.332666191715084], [-100.87595351366808, 21.332630312876105]], [[-100.87591521966945, 21.332634516654533], [-100.87595351366808, 21.332630312876105]], [[-100.87595351366808, 21.332630312876105], [-100.87594902691225, 21.332594434036707]], [[-100.87591073292263, 21.33259863781345], [-100.87594902691225, 21.332594434036707]], [[-100.87594902691225, 21.332594434036707], [-100.87594454015931, 21.332558555196883]], [[-100.87590624617872, 21.332562758971946], [-100.87594454015931, 21.332558555196883]], [[-100.87594454015931, 21.332558555196883], [-100.87594005340928, 21.33252267635664]], [[-100.87590175943771, 21.33252688013001], [-100.87594005340928, 21.33252267635664]], [[-100.87594005340928, 21.33252267635664], [-100.87593556666216, 21.33248679751596]], [[-100.8758972726996, 21.33249100128766], [-100.87593556666216, 21.33248679751596]], [[-100.87593556666216, 21.33248679751596], [-100.87593107991795, 21.332450918674866]], [[-100.87589278596441, 21.332455122444873], [-100.87593107991795, 21.332450918674866]], [[-100.87593107991795, 21.332450918674866], [-100.87592659317663, 21.332415039833336]], [[-100.87588829923212, 21.33241924360167], [-100.87592659317663, 21.332415039833336]], [[-100.87592659317663, 21.332415039833336], [-100.87592210643824, 21.332379160991387]], [[-100.87588381250274, 21.332383364758034], [-100.87592210643824, 21.332379160991387]], [[-100.87592210643824, 21.332379160991387], [-100.87591761970273, 21.332343282149008]], [[-100.87587932577625, 21.332347485913978], [-100.87591761970273, 21.332343282149008]], [[-100.87591761970273, 21.332343282149008], [-100.87591313297013, 21.33230740330621]], [[-100.87587483905268, 21.332311607069496], [-100.87591313297013, 21.33230740330621]], [[-100.87591313297013, 21.33230740330621], [-100.87590864624045, 21.332271524462985]], [[-100.87587035233202, 21.332275728224595], [-100.87590864624045, 21.332271524462985]], [[-100.87590864624045, 21.332271524462985], [-100.87590415951365, 21.33223564561933]], [[-100.87586586561424, 21.332239849379256], [-100.87590415951365, 21.33223564561933]], [[-100.87590415951365, 21.33223564561933], [-100.87589967278979, 21.332199766775254]], [[-100.87586137889939, 21.3322039705335], [-100.87589967278979, 21.332199766775254]], [[-100.87589967278979, 21.332199766775254], [-100.8758951860688, 21.33216388793076]], [[-100.87585689218743, 21.33216809168731], [-100.8758951860688, 21.33216388793076]], [[-100.8758951860688, 21.33216388793076], [-100.87589069935073, 21.33212800908583]], [[-100.87585240547838, 21.332132212840712], [-100.87589069935073, 21.33212800908583]], [[-100.87589069935073, 21.33212800908583], [-100.87588621263556, 21.332092130240476]], [[-100.87584791877224, 21.332096333993675], [-100.87588621263556, 21.332092130240476]], [[-100.87588621263556, 21.332092130240476], [-100.8758817259233, 21.3320562513947]], [[-100.875843432069, 21.332060455146216], [-100.8758817259233, 21.3320562513947]], [[-100.8758817259233, 21.3320562513947], [-100.87587723921396, 21.332020372548502]], [[-100.87583894536866, 21.332024576298327], [-100.87587723921396, 21.332020372548502]], [[-100.87587723921396, 21.332020372548502], [-100.8758727525075, 21.33198449370187]], [[-100.87583445867124, 21.331988697450022], [-100.8758727525075, 21.33198449370187]], [[-100.8758727525075, 21.33198449370187], [-100.87586826580397, 21.331948614854817]], [[-100.87582997197671, 21.331952818601284], [-100.87586826580397, 21.331948614854817]], [[-100.87586826580397, 21.331948614854817], [-100.87586377910333, 21.331912736007336]], [[-100.87582548528509, 21.331916939752123], [-100.87586377910333, 21.331912736007336]], [[-100.87586377910333, 21.331912736007336], [-100.87585929240561, 21.331876857159436]], [[-100.87582099859638, 21.331881060902536], [-100.87585929240561, 21.331876857159436]], [[-100.87585929240561, 21.331876857159436], [-100.87585480571077, 21.331840978311106]], [[-100.87581651191057, 21.33184518205253], [-100.87585480571077, 21.331840978311106]], [[-100.87585480571077, 21.331840978311106], [-100.87585031901885, 21.33180509946235]], [[-100.87581202522766, 21.331809303202096], [-100.87585031901885, 21.33180509946235]], [[-100.87585031901885, 21.33180509946235], [-100.87584583232983, 21.331769220613175]], [[-100.87580753854768, 21.33177342435123], [-100.87584583232983, 21.331769220613175]], [[-100.87584583232983, 21.331769220613175], [-100.87584134564372, 21.33173334176357]], [[-100.87580305187058, 21.331737545499948], [-100.87584134564372, 21.33173334176357]], [[-100.87584134564372, 21.33173334176357], [-100.87583685896051, 21.33169746291354]], [[-100.87579856519639, 21.331701666648236], [-100.87583685896051, 21.33169746291354]], [[-100.87583685896051, 21.33169746291354], [-100.8758323722802, 21.331661584063085]], [[-100.87579407852512, 21.33166578779609], [-100.8758323722802, 21.331661584063085]], [[-100.8758323722802, 21.331661584063085], [-100.87582788560282, 21.331625705212208]], [[-100.87578959185673, 21.331629908943533], [-100.87582788560282, 21.331625705212208]], [[-100.87582788560282, 21.331625705212208], [-100.87582339892832, 21.331589826360904]], [[-100.87578510519126, 21.33159403009055], [-100.87582339892832, 21.331589826360904]], [[-100.87582339892832, 21.331589826360904], [-100.87581891225673, 21.33155394750917]], [[-100.8757806185287, 21.331558151237132], [-100.87581891225673, 21.33155394750917]], [[-100.87581891225673, 21.33155394750917], [-100.87581442558805, 21.331518068657015]], [[-100.87577613186903, 21.331522272383303], [-100.87581442558805, 21.331518068657015]], [[-100.87581442558805, 21.331518068657015], [-100.87580993892227, 21.331482189804436]], [[-100.87577164521228, 21.33148639352904], [-100.87580993892227, 21.331482189804436]], [[-100.87580993892227, 21.331482189804436], [-100.8758054522594, 21.331446310951428]], [[-100.87576715855843, 21.331450514674348], [-100.8758054522594, 21.331446310951428]], [[-100.8758054522594, 21.331446310951428], [-100.87580096559944, 21.331410432098]], [[-100.87576267190748, 21.331414635819232], [-100.87580096559944, 21.331410432098]], [[-100.87580096559944, 21.331410432098], [-100.87579647894238, 21.331374553244146]], [[-100.87575818525944, 21.331378756963698], [-100.87579647894238, 21.331374553244146]], [[-100.87579647894238, 21.331374553244146], [-100.87579199228823, 21.33133867438986]], [[-100.8757536986143, 21.331342878107733], [-100.87579199228823, 21.33133867438986]], [[-100.87579199228823, 21.33133867438986], [-100.87578750563696, 21.331302795535155]], [[-100.87574921197206, 21.33130699925134], [-100.87578750563696, 21.331302795535155]], [[-100.87578750563696, 21.331302795535155], [-100.87578301898863, 21.33126691668002]], [[-100.87574472533274, 21.331271120394536], [-100.87578301898863, 21.33126691668002]], [[-100.87578301898863, 21.33126691668002], [-100.87577853234319, 21.331231037824463]], [[-100.87574023869631, 21.33123524153729], [-100.87577853234319, 21.331231037824463]], [[-100.87577853234319, 21.331231037824463], [-100.87577404570064, 21.33119515896848]], [[-100.87573575206281, 21.331199362679627], [-100.87577404570064, 21.33119515896848]], [[-100.87577404570064, 21.33119515896848], [-100.87576955906101, 21.33115928011207]], [[-100.87573126543218, 21.33116348382154], [-100.87576955906101, 21.33115928011207]], [[-100.87576955906101, 21.33115928011207], [-100.87576507242429, 21.33112340125524]], [[-100.87572677880448, 21.331127604963026], [-100.87576507242429, 21.33112340125524]], [[-100.87576507242429, 21.33112340125524], [-100.87576058579046, 21.331087522397983]], [[-100.87572229217969, 21.331091726104084], [-100.87576058579046, 21.331087522397983]], [[-100.87576058579046, 21.331087522397983], [-100.87575609915955, 21.331051643540295]], [[-100.87571780555778, 21.331055847244716], [-100.87575609915955, 21.331051643540295]], [[-100.87575609915955, 21.331051643540295], [-100.87575161253154, 21.331015764682192]], [[-100.8757133189388, 21.331019968384926], [-100.87575161253154, 21.331015764682192]], [[-100.87575161253154, 21.331015764682192], [-100.87574712590643, 21.330979885823652]], [[-100.87570883232272, 21.330984089524712], [-100.87574712590643, 21.330979885823652]], [[-100.87574712590643, 21.330979885823652], [-100.87574263928423, 21.330944006964696]], [[-100.87570434570952, 21.330948210664072], [-100.87574263928423, 21.330944006964696]], [[-100.87574263928423, 21.330944006964696], [-100.87573815266494, 21.330908128105314]], [[-100.87569985909924, 21.330912331803006], [-100.87573815266494, 21.330908128105314]], [[-100.87573815266494, 21.330908128105314], [-100.87573366604855, 21.33087224924551]], [[-100.87569537249188, 21.330876452941514], [-100.87573366604855, 21.33087224924551]], [[-100.87573366604855, 21.33087224924551], [-100.87572917943506, 21.330836370385267]], [[-100.87569088588741, 21.330840574079595], [-100.87572917943506, 21.330836370385267]], [[-100.87572917943506, 21.330836370385267], [-100.87572469282448, 21.33080049152461]], [[-100.87568639928584, 21.330804695217253], [-100.87572469282448, 21.33080049152461]], [[-100.87572469282448, 21.33080049152461], [-100.8757202062168, 21.330764612663522]], [[-100.8756819126872, 21.330768816354492], [-100.8757202062168, 21.330764612663522]], [[-100.8757202062168, 21.330764612663522], [-100.87571571961203, 21.33072873380202]], [[-100.87567742609144, 21.330732937491295], [-100.87571571961203, 21.33072873380202]], [[-100.87571571961203, 21.33072873380202], [-100.87571123301016, 21.33069285494008]], [[-100.8756729394986, 21.33069705862768], [-100.87571123301016, 21.33069285494008]], [[-100.87598940781938, 21.332917343575993], [-100.87602770188727, 21.33291313977553]], [[-100.87602770188727, 21.33291313977553], [-100.87602321509917, 21.33287726094122]], [[-100.8759849210403, 21.33288146473999], [-100.87602321509917, 21.33287726094122]], [[-100.87602321509917, 21.33287726094122], [-100.87601872831397, 21.332841382106476]], [[-100.87598043426411, 21.332845585903573], [-100.87601872831397, 21.332841382106476]], [[-100.87601872831397, 21.332841382106476], [-100.87601424153168, 21.332805503271317]], [[-100.87597594749084, 21.332809707066723], [-100.87601424153168, 21.332805503271317]], [[-100.87601424153168, 21.332805503271317], [-100.8760097547523, 21.332769624435723]], [[-100.87597146072049, 21.33277382822945], [-100.8760097547523, 21.332769624435723]], [[-100.8760097547523, 21.332769624435723], [-100.87600526797581, 21.33273374559971]], [[-100.87596697395303, 21.332737949391756], [-100.87600526797581, 21.33273374559971]], [[-100.87600526797581, 21.33273374559971], [-100.87600078120224, 21.33269786676327]], [[-100.87596248718847, 21.332702070553623], [-100.87600078120224, 21.33269786676327]], [[-100.87600078120224, 21.33269786676327], [-100.87599629443157, 21.332661987926397]], [[-100.87595800042682, 21.332666191715084], [-100.87599629443157, 21.332661987926397]], [[-100.87599629443157, 21.332661987926397], [-100.87599180766381, 21.332626109089112]], [[-100.87595351366808, 21.332630312876105], [-100.87599180766381, 21.332626109089112]], [[-100.87599180766381, 21.332626109089112], [-100.87598732089896, 21.33259023025139]], [[-100.87594902691225, 21.332594434036707], [-100.87598732089896, 21.33259023025139]], [[-100.87598732089896, 21.33259023025139], [-100.875982834137, 21.332554351413254]], [[-100.87594454015931, 21.332558555196883], [-100.875982834137, 21.332554351413254]], [[-100.875982834137, 21.332554351413254], [-100.87597834737795, 21.33251847257468]], [[-100.87594005340928, 21.33252267635664], [-100.87597834737795, 21.33251847257468]], [[-100.87597834737795, 21.33251847257468], [-100.87597386062181, 21.332482593735694]], [[-100.87593556666216, 21.33248679751596], [-100.87597386062181, 21.332482593735694]], [[-100.87597386062181, 21.332482593735694], [-100.87596937386859, 21.332446714896275]], [[-100.87593107991795, 21.332450918674866], [-100.87596937386859, 21.332446714896275]], [[-100.87596937386859, 21.332446714896275], [-100.87596488711824, 21.332410836056432]], [[-100.87592659317663, 21.332415039833336], [-100.87596488711824, 21.332410836056432]], [[-100.87596488711824, 21.332410836056432], [-100.87596040037081, 21.332374957216164]], [[-100.87592210643824, 21.332379160991387], [-100.87596040037081, 21.332374957216164]], [[-100.87596040037081, 21.332374957216164], [-100.8759559136263, 21.332339078375472]], [[-100.87591761970273, 21.332343282149008], [-100.8759559136263, 21.332339078375472]], [[-100.8759559136263, 21.332339078375472], [-100.87595142688468, 21.332303199534348]], [[-100.87591313297013, 21.33230740330621], [-100.87595142688468, 21.332303199534348]], [[-100.87595142688468, 21.332303199534348], [-100.87594694014597, 21.332267320692814]], [[-100.87590864624045, 21.332271524462985], [-100.87594694014597, 21.332267320692814]], [[-100.87594694014597, 21.332267320692814], [-100.87594245341016, 21.332231441850837]], [[-100.87590415951365, 21.33223564561933], [-100.87594245341016, 21.332231441850837]], [[-100.87594245341016, 21.332231441850837], [-100.87593796667727, 21.33219556300845]], [[-100.87589967278979, 21.332199766775254], [-100.87593796667727, 21.33219556300845]], [[-100.87593796667727, 21.33219556300845], [-100.87593347994728, 21.33215968416562]], [[-100.8758951860688, 21.33216388793076], [-100.87593347994728, 21.33215968416562]], [[-100.87593347994728, 21.33215968416562], [-100.87592899322019, 21.332123805322382]], [[-100.87589069935073, 21.33212800908583], [-100.87592899322019, 21.332123805322382]], [[-100.87592899322019, 21.332123805322382], [-100.875924506496, 21.33208792647871]], [[-100.87588621263556, 21.332092130240476], [-100.875924506496, 21.33208792647871]], [[-100.875924506496, 21.33208792647871], [-100.87592001977472, 21.332052047634615]], [[-100.8758817259233, 21.3320562513947], [-100.87592001977472, 21.332052047634615]], [[-100.87592001977472, 21.332052047634615], [-100.87591553305634, 21.332016168790098]], [[-100.87587723921396, 21.332020372548502], [-100.87591553305634, 21.332016168790098]], [[-100.87591553305634, 21.332016168790098], [-100.87591104634089, 21.33198028994515]], [[-100.8758727525075, 21.33198449370187], [-100.87591104634089, 21.33198028994515]], [[-100.87591104634089, 21.33198028994515], [-100.87590655962832, 21.33194441109978]], [[-100.87586826580397, 21.331948614854817], [-100.87590655962832, 21.33194441109978]], [[-100.87590655962832, 21.33194441109978], [-100.87590207291866, 21.33190853225398]], [[-100.87586377910333, 21.331912736007336], [-100.87590207291866, 21.33190853225398]], [[-100.87590207291866, 21.33190853225398], [-100.8758975862119, 21.33187265340776]], [[-100.87585929240561, 21.331876857159436], [-100.8758975862119, 21.33187265340776]], [[-100.8758975862119, 21.33187265340776], [-100.87589309950806, 21.331836774561115]], [[-100.87585480571077, 21.331840978311106], [-100.87589309950806, 21.331836774561115]], [[-100.87589309950806, 21.331836774561115], [-100.87588861280712, 21.33180089571405]], [[-100.87585031901885, 21.33180509946235], [-100.87588861280712, 21.33180089571405]], [[-100.87588861280712, 21.33180089571405], [-100.87588412610907, 21.331765016866544]], [[-100.87584583232983, 21.331769220613175], [-100.87588412610907, 21.331765016866544]], [[-100.87588412610907, 21.331765016866544], [-100.87587963941395, 21.331729138018627]], [[-100.87584134564372, 21.33173334176357], [-100.87587963941395, 21.331729138018627]], [[-100.87587963941395, 21.331729138018627], [-100.87587515272172, 21.331693259170276]], [[-100.87583685896051, 21.33169746291354], [-100.87587515272172, 21.331693259170276]], [[-100.87587515272172, 21.331693259170276], [-100.8758706660324, 21.331657380321506]], [[-100.8758323722802, 21.331661584063085], [-100.8758706660324, 21.331657380321506]], [[-100.8758706660324, 21.331657380321506], [-100.87586617934598, 21.331621501472302]], [[-100.87582788560282, 21.331625705212208], [-100.87586617934598, 21.331621501472302]], [[-100.87586617934598, 21.331621501472302], [-100.87586169266248, 21.331585622622683]], [[-100.87582339892832, 21.331589826360904], [-100.87586169266248, 21.331585622622683]], [[-100.87586169266248, 21.331585622622683], [-100.87585720598187, 21.33154974377263]], [[-100.87581891225673, 21.33155394750917], [-100.87585720598187, 21.33154974377263]], [[-100.87585720598187, 21.33154974377263], [-100.87585271930416, 21.331513864922165]], [[-100.87581442558805, 21.331518068657015], [-100.87585271930416, 21.331513864922165]], [[-100.87585271930416, 21.331513864922165], [-100.87584823262938, 21.33147798607126]], [[-100.87580993892227, 21.331482189804436], [-100.87584823262938, 21.33147798607126]], [[-100.87584823262938, 21.33147798607126], [-100.87584374595748, 21.331442107219942]], [[-100.8758054522594, 21.331446310951428], [-100.87584374595748, 21.331442107219942]], [[-100.87584374595748, 21.331442107219942], [-100.8758392592885, 21.331406228368184]], [[-100.87580096559944, 21.331410432098], [-100.8758392592885, 21.331406228368184]], [[-100.8758392592885, 21.331406228368184], [-100.87583477262241, 21.331370349516018]], [[-100.87579647894238, 21.331374553244146], [-100.87583477262241, 21.331370349516018]], [[-100.87583477262241, 21.331370349516018], [-100.87583028595924, 21.331334470663418]], [[-100.87579199228823, 21.33133867438986], [-100.87583028595924, 21.331334470663418]], [[-100.87583028595924, 21.331334470663418], [-100.87582579929897, 21.33129859181039]], [[-100.87578750563696, 21.331302795535155], [-100.87582579929897, 21.33129859181039]], [[-100.87582579929897, 21.33129859181039], [-100.8758213126416, 21.33126271295694]], [[-100.87578301898863, 21.33126691668002], [-100.8758213126416, 21.33126271295694]], [[-100.8758213126416, 21.33126271295694], [-100.87581682598714, 21.331226834103056]], [[-100.87577853234319, 21.331231037824463], [-100.87581682598714, 21.331226834103056]], [[-100.87581682598714, 21.331226834103056], [-100.87581233933558, 21.33119095524876]], [[-100.87577404570064, 21.33119515896848], [-100.87581233933558, 21.33119095524876]], [[-100.87581233933558, 21.33119095524876], [-100.87580785268693, 21.331155076394033]], [[-100.87576955906101, 21.33115928011207], [-100.87580785268693, 21.331155076394033]], [[-100.87580785268693, 21.331155076394033], [-100.87580336604118, 21.33111919753889]], [[-100.87576507242429, 21.33112340125524], [-100.87580336604118, 21.33111919753889]], [[-100.87580336604118, 21.33111919753889], [-100.87579887939835, 21.331083318683312]], [[-100.87576058579046, 21.331087522397983], [-100.87579887939835, 21.331083318683312]], [[-100.87579887939835, 21.331083318683312], [-100.87579439275841, 21.33104743982731]], [[-100.87575609915955, 21.331051643540295], [-100.87579439275841, 21.33104743982731]], [[-100.87579439275841, 21.33104743982731], [-100.87578990612138, 21.331011560970882]], [[-100.87575161253154, 21.331015764682192], [-100.87578990612138, 21.331011560970882]], [[-100.87578990612138, 21.331011560970882], [-100.87578541948726, 21.330975682114033]], [[-100.87574712590643, 21.330979885823652], [-100.87578541948726, 21.330975682114033]], [[-100.87578541948726, 21.330975682114033], [-100.87578093285605, 21.330939803256758]], [[-100.87574263928423, 21.330944006964696], [-100.87578093285605, 21.330939803256758]], [[-100.87578093285605, 21.330939803256758], [-100.87577644622772, 21.33090392439905]], [[-100.87573815266494, 21.330908128105314], [-100.87577644622772, 21.33090392439905]], [[-100.87577644622772, 21.33090392439905], [-100.8757719596023, 21.330868045540928]], [[-100.87573366604855, 21.33087224924551], [-100.8757719596023, 21.330868045540928]], [[-100.8757719596023, 21.330868045540928], [-100.8757674729798, 21.330832166682374]], [[-100.87572917943506, 21.330836370385267], [-100.8757674729798, 21.330832166682374]], [[-100.8757674729798, 21.330832166682374], [-100.8757629863602, 21.330796287823393]], [[-100.87572469282448, 21.33080049152461], [-100.8757629863602, 21.330796287823393]], [[-100.8757629863602, 21.330796287823393], [-100.87575849974351, 21.330760408963997]], [[-100.8757202062168, 21.330764612663522], [-100.87575849974351, 21.330760408963997]], [[-100.87575849974351, 21.330760408963997], [-100.87575401312972, 21.330724530104163]], [[-100.87571571961203, 21.33072873380202], [-100.87575401312972, 21.330724530104163]], [[-100.87575401312972, 21.330724530104163], [-100.87574952651885, 21.33068865124391]], [[-100.87571123301016, 21.33069285494008], [-100.87574952651885, 21.33068865124391]], [[-100.87601424153168, 21.332805503271317], [-100.8760525355696, 21.332801299467334]], [[-100.8760525355696, 21.332801299467334], [-100.87604804878119, 21.332765420633425]], [[-100.8760097547523, 21.332769624435723], [-100.87604804878119, 21.332765420633425]], [[-100.87604804878119, 21.332765420633425], [-100.8760435619957, 21.332729541799093]], [[-100.87600526797581, 21.33273374559971], [-100.8760435619957, 21.332729541799093]], [[-100.8760435619957, 21.332729541799093], [-100.8760390752131, 21.332693662964335]], [[-100.87600078120224, 21.33269786676327], [-100.8760390752131, 21.332693662964335]], [[-100.8760390752131, 21.332693662964335], [-100.87603458843341, 21.33265778412915]], [[-100.87599629443157, 21.332661987926397], [-100.87603458843341, 21.33265778412915]], [[-100.87603458843341, 21.33265778412915], [-100.87603010165664, 21.33262190529354]], [[-100.87599180766381, 21.332626109089112], [-100.87603010165664, 21.33262190529354]], [[-100.87603010165664, 21.33262190529354], [-100.87602561488275, 21.332586026457502]], [[-100.87598732089896, 21.33259023025139], [-100.87602561488275, 21.332586026457502]], [[-100.87602561488275, 21.332586026457502], [-100.87602112811177, 21.332550147621046]], [[-100.875982834137, 21.332554351413254], [-100.87602112811177, 21.332550147621046]], [[-100.87602112811177, 21.332550147621046], [-100.87601664134372, 21.332514268784163]], [[-100.87597834737795, 21.33251847257468], [-100.87601664134372, 21.332514268784163]], [[-100.87601664134372, 21.332514268784163], [-100.87601215457855, 21.332478389946846]], [[-100.87597386062181, 21.332482593735694], [-100.87601215457855, 21.332478389946846]], [[-100.87601215457855, 21.332478389946846], [-100.8760076678163, 21.332442511109114]], [[-100.87596937386859, 21.332446714896275], [-100.8760076678163, 21.332442511109114]], [[-100.8760076678163, 21.332442511109114], [-100.87600318105694, 21.33240663227095]], [[-100.87596488711824, 21.332410836056432], [-100.87600318105694, 21.33240663227095]], [[-100.87600318105694, 21.33240663227095], [-100.87599869430049, 21.332370753432365]], [[-100.87596040037081, 21.332374957216164], [-100.87599869430049, 21.332370753432365]], [[-100.87599869430049, 21.332370753432365], [-100.87599420754697, 21.332334874593357]], [[-100.8759559136263, 21.332339078375472], [-100.87599420754697, 21.332334874593357]], [[-100.87599420754697, 21.332334874593357], [-100.87598972079633, 21.33229899575392]], [[-100.87595142688468, 21.332303199534348], [-100.87598972079633, 21.33229899575392]], [[-100.87598972079633, 21.33229899575392], [-100.8759852340486, 21.332263116914056]], [[-100.87594694014597, 21.332267320692814], [-100.8759852340486, 21.332263116914056]], [[-100.8759852340486, 21.332263116914056], [-100.87598074730377, 21.33222723807377]], [[-100.87594245341016, 21.332231441850837], [-100.87598074730377, 21.33222723807377]], [[-100.87598074730377, 21.33222723807377], [-100.87597626056186, 21.332191359233057]], [[-100.87593796667727, 21.33219556300845], [-100.87597626056186, 21.332191359233057]], [[-100.87597626056186, 21.332191359233057], [-100.87597177382284, 21.332155480391926]], [[-100.87593347994728, 21.33215968416562], [-100.87597177382284, 21.332155480391926]], [[-100.87597177382284, 21.332155480391926], [-100.87596728708672, 21.33211960155036]], [[-100.87592899322019, 21.332123805322382], [-100.87596728708672, 21.33211960155036]], [[-100.87596728708672, 21.33211960155036], [-100.87596280035353, 21.332083722708372]], [[-100.875924506496, 21.33208792647871], [-100.87596280035353, 21.332083722708372]], [[-100.87596280035353, 21.332083722708372], [-100.87595831362323, 21.33204784386596]], [[-100.87592001977472, 21.332052047634615], [-100.87595831362323, 21.33204784386596]], [[-100.87595831362323, 21.33204784386596], [-100.87595382689584, 21.33201196502312]], [[-100.87591553305634, 21.332016168790098], [-100.87595382689584, 21.33201196502312]], [[-100.87595382689584, 21.33201196502312], [-100.87594934017135, 21.331976086179857]], [[-100.87591104634089, 21.33198028994515], [-100.87594934017135, 21.331976086179857]], [[-100.87594934017135, 21.331976086179857], [-100.87594485344977, 21.33194020733617]], [[-100.87590655962832, 21.33194441109978], [-100.87594485344977, 21.33194020733617]], [[-100.87594485344977, 21.33194020733617], [-100.87594036673109, 21.33190432849205]], [[-100.87590207291866, 21.33190853225398], [-100.87594036673109, 21.33190432849205]], [[-100.87594036673109, 21.33190432849205], [-100.87593588001532, 21.331868449647512]], [[-100.8758975862119, 21.33187265340776], [-100.87593588001532, 21.331868449647512]], [[-100.87593588001532, 21.331868449647512], [-100.87593139330245, 21.331832570802543]], [[-100.87589309950806, 21.331836774561115], [-100.87593139330245, 21.331832570802543]], [[-100.87593139330245, 21.331832570802543], [-100.87592690659248, 21.331796691957155]], [[-100.87588861280712, 21.33180089571405], [-100.87592690659248, 21.331796691957155]], [[-100.87592690659248, 21.331796691957155], [-100.87592241988543, 21.33176081311135]], [[-100.87588412610907, 21.331765016866544], [-100.87592241988543, 21.33176081311135]], [[-100.87592241988543, 21.33176081311135], [-100.87591793318128, 21.331724934265104]], [[-100.87587963941395, 21.331729138018627], [-100.87591793318128, 21.331724934265104]], [[-100.87591793318128, 21.331724934265104], [-100.87591344648003, 21.331689055418437]], [[-100.87587515272172, 21.331693259170276], [-100.87591344648003, 21.331689055418437]], [[-100.87591344648003, 21.331689055418437], [-100.87590895978168, 21.331653176571344]], [[-100.8758706660324, 21.331657380321506], [-100.87590895978168, 21.331653176571344]], [[-100.87590895978168, 21.331653176571344], [-100.87590447308625, 21.331617297723835]], [[-100.87586617934598, 21.331621501472302], [-100.87590447308625, 21.331617297723835]], [[-100.87590447308625, 21.331617297723835], [-100.87589998639372, 21.331581418875892]], [[-100.87586169266248, 21.331585622622683], [-100.87589998639372, 21.331581418875892]], [[-100.87589998639372, 21.331581418875892], [-100.8758954997041, 21.331545540027523]], [[-100.87585720598187, 21.33154974377263], [-100.8758954997041, 21.331545540027523]], [[-100.8758954997041, 21.331545540027523], [-100.87589101301737, 21.331509661178732]], [[-100.87585271930416, 21.331513864922165], [-100.87589101301737, 21.331509661178732]], [[-100.87589101301737, 21.331509661178732], [-100.87588652633356, 21.331473782329514]], [[-100.87584823262938, 21.33147798607126], [-100.87588652633356, 21.331473782329514]], [[-100.87588652633356, 21.331473782329514], [-100.87588203965265, 21.33143790347987]], [[-100.87584374595748, 21.331442107219942], [-100.87588203965265, 21.33143790347987]], [[-100.87588203965265, 21.33143790347987], [-100.87587755297464, 21.331402024629806]], [[-100.8758392592885, 21.331406228368184], [-100.87587755297464, 21.331402024629806]], [[-100.87587755297464, 21.331402024629806], [-100.87587306629955, 21.331366145779317]], [[-100.87583477262241, 21.331370349516018], [-100.87587306629955, 21.331366145779317]], [[-100.87587306629955, 21.331366145779317], [-100.87586857962735, 21.331330266928397]], [[-100.87583028595924, 21.331334470663418], [-100.87586857962735, 21.331330266928397]], [[-100.87586857962735, 21.331330266928397], [-100.87586409295807, 21.331294388077055]], [[-100.87582579929897, 21.33129859181039], [-100.87586409295807, 21.331294388077055]], [[-100.87586409295807, 21.331294388077055], [-100.87585960629167, 21.33125850922529]], [[-100.8758213126416, 21.33126271295694], [-100.87585960629167, 21.33125850922529]], [[-100.87585960629167, 21.33125850922529], [-100.8758551196282, 21.33122263037309]], [[-100.87581682598714, 21.331226834103056], [-100.8758551196282, 21.33122263037309]], [[-100.8758551196282, 21.33122263037309], [-100.87585063296761, 21.331186751520473]], [[-100.87581233933558, 21.33119095524876], [-100.87585063296761, 21.331186751520473]], [[-100.87585063296761, 21.331186751520473], [-100.87584614630995, 21.33115087266743]], [[-100.87580785268693, 21.331155076394033], [-100.87584614630995, 21.33115087266743]], [[-100.87584614630995, 21.33115087266743], [-100.87584165965518, 21.33111499381396]], [[-100.87580336604118, 21.33111919753889], [-100.87584165965518, 21.33111499381396]], [[-100.87584165965518, 21.33111499381396], [-100.87583717300332, 21.331079114960062]], [[-100.87579887939835, 21.331083318683312], [-100.87583717300332, 21.331079114960062]], [[-100.87583717300332, 21.331079114960062], [-100.87583268635437, 21.331043236105746]], [[-100.87579439275841, 21.33104743982731], [-100.87583268635437, 21.331043236105746]], [[-100.87583268635437, 21.331043236105746], [-100.87582819970831, 21.331007357251]], [[-100.87578990612138, 21.331011560970882], [-100.87582819970831, 21.331007357251]], [[-100.87582819970831, 21.331007357251], [-100.87582371306517, 21.33097147839583]], [[-100.87578541948726, 21.330975682114033], [-100.87582371306517, 21.33097147839583]], [[-100.87582371306517, 21.33097147839583], [-100.87581922642494, 21.330935599540243]], [[-100.87578093285605, 21.330939803256758], [-100.87581922642494, 21.330935599540243]], [[-100.87581922642494, 21.330935599540243], [-100.8758147397876, 21.330899720684215]], [[-100.87577644622772, 21.33090392439905], [-100.8758147397876, 21.330899720684215]], [[-100.8758147397876, 21.330899720684215], [-100.87581025315318, 21.33086384182777]], [[-100.8757719596023, 21.330868045540928], [-100.87581025315318, 21.33086384182777]], [[-100.87581025315318, 21.33086384182777], [-100.87580576652165, 21.3308279629709]], [[-100.8757674729798, 21.330832166682374], [-100.87580576652165, 21.3308279629709]], [[-100.87580576652165, 21.3308279629709], [-100.87580127989304, 21.330792084113607]], [[-100.8757629863602, 21.330796287823393], [-100.87580127989304, 21.330792084113607]], [[-100.87580127989304, 21.330792084113607], [-100.87579679326731, 21.330756205255884]], [[-100.87575849974351, 21.330760408963997], [-100.87579679326731, 21.330756205255884]], [[-100.87579679326731, 21.330756205255884], [-100.8757923066445, 21.33072032639774]], [[-100.87575401312972, 21.330724530104163], [-100.8757923066445, 21.33072032639774]], [[-100.8757923066445, 21.33072032639774], [-100.8757878200246, 21.330684447539163]], [[-100.87574952651885, 21.33068865124391], [-100.8757878200246, 21.330684447539163]], [[-100.8760390752131, 21.332693662964335], [-100.87607736922106, 21.332689459156825]], [[-100.87607736922106, 21.332689459156825], [-100.87607288243235, 21.33265358032333]], [[-100.87603458843341, 21.33265778412915], [-100.87607288243235, 21.33265358032333]], [[-100.87607288243235, 21.33265358032333], [-100.87606839564654, 21.332617701489394]], [[-100.87603010165664, 21.33262190529354], [-100.87606839564654, 21.332617701489394]], [[-100.87606839564654, 21.332617701489394], [-100.87606390886366, 21.332581822655047]], [[-100.87602561488275, 21.332586026457502], [-100.87606390886366, 21.332581822655047]], [[-100.87606390886366, 21.332581822655047], [-100.87605942208366, 21.332545943820264]], [[-100.87602112811177, 21.332550147621046], [-100.87605942208366, 21.332545943820264]], [[-100.87605942208366, 21.332545943820264], [-100.87605493530657, 21.332510064985062]], [[-100.87601664134372, 21.332514268784163], [-100.87605493530657, 21.332510064985062]], [[-100.87605493530657, 21.332510064985062], [-100.8760504485324, 21.332474186149433]], [[-100.87601215457855, 21.332478389946846], [-100.8760504485324, 21.332474186149433]], [[-100.8760504485324, 21.332474186149433], [-100.87604596176112, 21.332438307313378]], [[-100.8760076678163, 21.332442511109114], [-100.87604596176112, 21.332438307313378]], [[-100.87604596176112, 21.332438307313378], [-100.87604147499275, 21.332402428476904]], [[-100.87600318105694, 21.33240663227095], [-100.87604147499275, 21.332402428476904]], [[-100.87604147499275, 21.332402428476904], [-100.87603698822728, 21.332366549639996]], [[-100.87599869430049, 21.332370753432365], [-100.87603698822728, 21.332366549639996]], [[-100.87603698822728, 21.332366549639996], [-100.87603250146472, 21.33233067080267]], [[-100.87599420754697, 21.332334874593357], [-100.87603250146472, 21.33233067080267]], [[-100.87603250146472, 21.33233067080267], [-100.87602801470506, 21.332294791964916]], [[-100.87598972079633, 21.33229899575392], [-100.87602801470506, 21.332294791964916]], [[-100.87602801470506, 21.332294791964916], [-100.8760235279483, 21.332258913126733]], [[-100.8759852340486, 21.332263116914056], [-100.8760235279483, 21.332258913126733]], [[-100.8760235279483, 21.332258913126733], [-100.87601904119447, 21.332223034288127]], [[-100.87598074730377, 21.33222723807377], [-100.87601904119447, 21.332223034288127]], [[-100.87601904119447, 21.332223034288127], [-100.87601455444353, 21.332187155449102]], [[-100.87597626056186, 21.332191359233057], [-100.87601455444353, 21.332187155449102]], [[-100.87601455444353, 21.332187155449102], [-100.87601006769549, 21.332151276609643]], [[-100.87597177382284, 21.332155480391926], [-100.87601006769549, 21.332151276609643]], [[-100.87601006769549, 21.332151276609643], [-100.87600558095036, 21.332115397769762]], [[-100.87596728708672, 21.33211960155036], [-100.87600558095036, 21.332115397769762]], [[-100.87600558095036, 21.332115397769762], [-100.87600109420815, 21.332079518929458]], [[-100.87596280035353, 21.332083722708372], [-100.87600109420815, 21.332079518929458]], [[-100.87600109420815, 21.332079518929458], [-100.87599660746882, 21.332043640088727]], [[-100.87595831362323, 21.33204784386596], [-100.87599660746882, 21.332043640088727]], [[-100.87599660746882, 21.332043640088727], [-100.8759921207324, 21.332007761247574]], [[-100.87595382689584, 21.33201196502312], [-100.8759921207324, 21.332007761247574]], [[-100.8759921207324, 21.332007761247574], [-100.8759876339989, 21.331971882405988]], [[-100.87594934017135, 21.331976086179857], [-100.8759876339989, 21.331971882405988]], [[-100.8759876339989, 21.331971882405988], [-100.8759831472683, 21.33193600356398]], [[-100.87594485344977, 21.33194020733617], [-100.8759831472683, 21.33193600356398]], [[-100.8759831472683, 21.33193600356398], [-100.87597866054061, 21.331900124721553]], [[-100.87594036673109, 21.33190432849205], [-100.87597866054061, 21.331900124721553]], [[-100.87597866054061, 21.331900124721553], [-100.8759741738158, 21.33186424587869]], [[-100.87593588001532, 21.331868449647512], [-100.8759741738158, 21.33186424587869]], [[-100.8759741738158, 21.33186424587869], [-100.87596968709393, 21.33182836703541]], [[-100.87593139330245, 21.331832570802543], [-100.87596968709393, 21.33182836703541]], [[-100.87596968709393, 21.33182836703541], [-100.87596520037494, 21.331792488191706]], [[-100.87592690659248, 21.331796691957155], [-100.87596520037494, 21.331792488191706]], [[-100.87596520037494, 21.331792488191706], [-100.87596071365887, 21.33175660934757]], [[-100.87592241988543, 21.33176081311135], [-100.87596071365887, 21.33175660934757]], [[-100.87596071365887, 21.33175660934757], [-100.87595622694569, 21.331720730503008]], [[-100.87591793318128, 21.331724934265104], [-100.87595622694569, 21.331720730503008]], [[-100.87595622694569, 21.331720730503008], [-100.87595174023544, 21.331684851658025]], [[-100.87591344648003, 21.331689055418437], [-100.87595174023544, 21.331684851658025]], [[-100.87595174023544, 21.331684851658025], [-100.87594725352807, 21.331648972812623]], [[-100.87590895978168, 21.331653176571344], [-100.87594725352807, 21.331648972812623]], [[-100.87594725352807, 21.331648972812623], [-100.87594276682361, 21.331613093966787]], [[-100.87590447308625, 21.331617297723835], [-100.87594276682361, 21.331613093966787]], [[-100.87594276682361, 21.331613093966787], [-100.87593828012207, 21.331577215120525]], [[-100.87589998639372, 21.331581418875892], [-100.87593828012207, 21.331577215120525]], [[-100.87593828012207, 21.331577215120525], [-100.87593379342341, 21.33154133627384]], [[-100.8758954997041, 21.331545540027523], [-100.87593379342341, 21.33154133627384]], [[-100.87593379342341, 21.33154133627384], [-100.87592930672767, 21.331505457426736]], [[-100.87589101301737, 21.331509661178732], [-100.87592930672767, 21.331505457426736]], [[-100.87592930672767, 21.331505457426736], [-100.87592482003484, 21.331469578579195]], [[-100.87588652633356, 21.331473782329514], [-100.87592482003484, 21.331469578579195]], [[-100.87592482003484, 21.331469578579195], [-100.87592033334491, 21.33143369973124]], [[-100.87588203965265, 21.33143790347987], [-100.87592033334491, 21.33143369973124]], [[-100.87592033334491, 21.33143369973124], [-100.87591584665789, 21.331397820882852]], [[-100.87587755297464, 21.331402024629806], [-100.87591584665789, 21.331397820882852]], [[-100.87591584665789, 21.331397820882852], [-100.87591135997377, 21.331361942034043]], [[-100.87587306629955, 21.331366145779317], [-100.87591135997377, 21.331361942034043]], [[-100.87591135997377, 21.331361942034043], [-100.87590687329255, 21.331326063184804]], [[-100.87586857962735, 21.331330266928397], [-100.87590687329255, 21.331326063184804]], [[-100.87590687329255, 21.331326063184804], [-100.87590238661424, 21.331290184335145]], [[-100.87586409295807, 21.331294388077055], [-100.87590238661424, 21.331290184335145]], [[-100.87590238661424, 21.331290184335145], [-100.87589789993885, 21.33125430548506]], [[-100.87585960629167, 21.33125850922529], [-100.87589789993885, 21.33125430548506]], [[-100.87589789993885, 21.33125430548506], [-100.87589341326634, 21.33121842663455]], [[-100.8758551196282, 21.33122263037309], [-100.87589341326634, 21.33121842663455]], [[-100.87589341326634, 21.33121842663455], [-100.87588892659674, 21.33118254778361]], [[-100.87585063296761, 21.331186751520473], [-100.87588892659674, 21.33118254778361]], [[-100.87588892659674, 21.33118254778361], [-100.87588443993006, 21.331146668932245]], [[-100.87584614630995, 21.33115087266743], [-100.87588443993006, 21.331146668932245]], [[-100.87588443993006, 21.331146668932245], [-100.87587995326626, 21.33111079008047]], [[-100.87584165965518, 21.33111499381396], [-100.87587995326626, 21.33111079008047]], [[-100.87587995326626, 21.33111079008047], [-100.8758754666054, 21.331074911228253]], [[-100.87583717300332, 21.331079114960062], [-100.8758754666054, 21.331074911228253]], [[-100.8758754666054, 21.331074911228253], [-100.87587097994742, 21.33103903237561]], [[-100.87583268635437, 21.331043236105746], [-100.87587097994742, 21.33103903237561]], [[-100.87587097994742, 21.33103903237561], [-100.87586649329235, 21.33100315352255]], [[-100.87582819970831, 21.331007357251], [-100.87586649329235, 21.33100315352255]], [[-100.87586649329235, 21.33100315352255], [-100.87586200664019, 21.33096727466906]], [[-100.87582371306517, 21.33097147839583], [-100.87586200664019, 21.33096727466906]], [[-100.87586200664019, 21.33096727466906], [-100.87585751999093, 21.330931395815146]], [[-100.87581922642494, 21.330935599540243], [-100.87585751999093, 21.330931395815146]], [[-100.87585751999093, 21.330931395815146], [-100.87585303334458, 21.330895516960812]], [[-100.8758147397876, 21.330899720684215], [-100.87585303334458, 21.330895516960812]], [[-100.87585303334458, 21.330895516960812], [-100.87584854670114, 21.33085963810605]], [[-100.87581025315318, 21.33086384182777], [-100.87584854670114, 21.33085963810605]], [[-100.87584854670114, 21.33085963810605], [-100.87584406006059, 21.330823759250855]], [[-100.87580576652165, 21.3308279629709], [-100.87584406006059, 21.330823759250855]], [[-100.87584406006059, 21.330823759250855], [-100.87583957342295, 21.330787880395242]], [[-100.87580127989304, 21.330792084113607], [-100.87583957342295, 21.330787880395242]], [[-100.87583957342295, 21.330787880395242], [-100.8758350867882, 21.330752001539206]], [[-100.87579679326731, 21.330756205255884], [-100.8758350867882, 21.330752001539206]], [[-100.8758350867882, 21.330752001539206], [-100.87583060015638, 21.33071612268274]], [[-100.8757923066445, 21.33072032639774], [-100.87583060015638, 21.33071612268274]], [[-100.87583060015638, 21.33071612268274], [-100.87582611352747, 21.330680243825853]], [[-100.8757878200246, 21.330684447539163], [-100.87582611352747, 21.330680243825853]], [[-100.87605942208366, 21.332545943820264], [-100.87609771605264, 21.332541740010914]], [[-100.87609771605264, 21.332541740010914], [-100.87609322926653, 21.332505861177392]], [[-100.87605493530657, 21.332510064985062], [-100.87609322926653, 21.332505861177392]], [[-100.87609322926653, 21.332505861177392], [-100.87608874248333, 21.33246998234344]], [[-100.8760504485324, 21.332474186149433], [-100.87608874248333, 21.33246998234344]], [[-100.87608874248333, 21.33246998234344], [-100.87608425570303, 21.332434103509076]], [[-100.87604596176112, 21.332438307313378], [-100.87608425570303, 21.332434103509076]], [[-100.87608425570303, 21.332434103509076], [-100.87607976892563, 21.33239822467428]], [[-100.87604147499275, 21.332402428476904], [-100.87607976892563, 21.33239822467428]], [[-100.87607976892563, 21.33239822467428], [-100.87607528215115, 21.332362345839055]], [[-100.87603698822728, 21.332366549639996], [-100.87607528215115, 21.332362345839055]], [[-100.87607528215115, 21.332362345839055], [-100.87607079537958, 21.33232646700341]], [[-100.87603250146472, 21.33233067080267], [-100.87607079537958, 21.33232646700341]], [[-100.87607079537958, 21.33232646700341], [-100.87606630861089, 21.332290588167336]], [[-100.87602801470506, 21.332294791964916], [-100.87606630861089, 21.332290588167336]], [[-100.87606630861089, 21.332290588167336], [-100.87606182184513, 21.33225470933084]], [[-100.8760235279483, 21.332258913126733], [-100.87606182184513, 21.33225470933084]], [[-100.87606182184513, 21.33225470933084], [-100.87605733508227, 21.332218830493918]], [[-100.87601904119447, 21.332223034288127], [-100.87605733508227, 21.332218830493918]], [[-100.87605733508227, 21.332218830493918], [-100.8760528483223, 21.332182951656566]], [[-100.87601455444353, 21.332187155449102], [-100.8760528483223, 21.332182951656566]], [[-100.8760528483223, 21.332182951656566], [-100.87604836156525, 21.3321470728188]], [[-100.87601006769549, 21.332151276609643], [-100.87604836156525, 21.3321470728188]], [[-100.87604836156525, 21.3321470728188], [-100.87604387481109, 21.332111193980598]], [[-100.87600558095036, 21.332115397769762], [-100.87604387481109, 21.332111193980598]], [[-100.87604387481109, 21.332111193980598], [-100.87603938805985, 21.332075315141974]], [[-100.87600109420815, 21.332079518929458], [-100.87603938805985, 21.332075315141974]], [[-100.87603938805985, 21.332075315141974], [-100.87603490131151, 21.33203943630292]], [[-100.87599660746882, 21.332043640088727], [-100.87603490131151, 21.33203943630292]], [[-100.87603490131151, 21.33203943630292], [-100.87603041456609, 21.332003557463455]], [[-100.8759921207324, 21.332007761247574], [-100.87603041456609, 21.332003557463455]], [[-100.87603041456609, 21.332003557463455], [-100.87602592782355, 21.33196767862355]], [[-100.8759876339989, 21.331971882405988], [-100.87602592782355, 21.33196767862355]], [[-100.87602592782355, 21.33196767862355], [-100.87602144108394, 21.331931799783227]], [[-100.8759831472683, 21.33193600356398], [-100.87602144108394, 21.331931799783227]], [[-100.87602144108394, 21.331931799783227], [-100.87601695434722, 21.331895920942475]], [[-100.87597866054061, 21.331900124721553], [-100.87601695434722, 21.331895920942475]], [[-100.87601695434722, 21.331895920942475], [-100.8760124676134, 21.331860042101297]], [[-100.8759741738158, 21.33186424587869], [-100.8760124676134, 21.331860042101297]], [[-100.8760124676134, 21.331860042101297], [-100.8760079808825, 21.3318241632597]], [[-100.87596968709393, 21.33182836703541], [-100.8760079808825, 21.3318241632597]], [[-100.8760079808825, 21.3318241632597], [-100.87600349415449, 21.33178828441767]], [[-100.87596520037494, 21.331792488191706], [-100.87600349415449, 21.33178828441767]], [[-100.87600349415449, 21.33178828441767], [-100.8759990074294, 21.331752405575223]], [[-100.87596071365887, 21.33175660934757], [-100.8759990074294, 21.331752405575223]], [[-100.8759990074294, 21.331752405575223], [-100.87599452070721, 21.331716526732347]], [[-100.87595622694569, 21.331720730503008], [-100.87599452070721, 21.331716526732347]], [[-100.87599452070721, 21.331716526732347], [-100.87599003398792, 21.331680647889048]], [[-100.87595174023544, 21.331684851658025], [-100.87599003398792, 21.331680647889048]], [[-100.87599003398792, 21.331680647889048], [-100.87598554727154, 21.33164476904531]], [[-100.87594725352807, 21.331648972812623], [-100.87598554727154, 21.33164476904531]], [[-100.87598554727154, 21.33164476904531], [-100.87598106055808, 21.331608890201167]], [[-100.87594276682361, 21.331613093966787], [-100.87598106055808, 21.331608890201167]], [[-100.87598106055808, 21.331608890201167], [-100.8759765738475, 21.331573011356593]], [[-100.87593828012207, 21.331577215120525], [-100.8759765738475, 21.331573011356593]], [[-100.8759765738475, 21.331573011356593], [-100.87597208713983, 21.33153713251159]], [[-100.87593379342341, 21.33154133627384], [-100.87597208713983, 21.33153713251159]], [[-100.87597208713983, 21.33153713251159], [-100.87596760043508, 21.331501253666158]], [[-100.87592930672767, 21.331505457426736], [-100.87596760043508, 21.331501253666158]], [[-100.87596760043508, 21.331501253666158], [-100.87596311373322, 21.331465374820308]], [[-100.87592482003484, 21.331469578579195], [-100.87596311373322, 21.331465374820308]], [[-100.87596311373322, 21.331465374820308], [-100.87595862703428, 21.331429495974028]], [[-100.87592033334491, 21.33143369973124], [-100.87595862703428, 21.331429495974028]], [[-100.87595862703428, 21.331429495974028], [-100.87595414033822, 21.33139361712733]], [[-100.87591584665789, 21.331397820882852], [-100.87595414033822, 21.33139361712733]], [[-100.87595414033822, 21.33139361712733], [-100.8759496536451, 21.331357738280197]], [[-100.87591135997377, 21.331361942034043], [-100.8759496536451, 21.331357738280197]], [[-100.8759496536451, 21.331357738280197], [-100.87594516695485, 21.331321859432645]], [[-100.87590687329255, 21.331326063184804], [-100.87594516695485, 21.331321859432645]], [[-100.87594516695485, 21.331321859432645], [-100.87594068026753, 21.331285980584664]], [[-100.87590238661424, 21.331290184335145], [-100.87594068026753, 21.331285980584664]], [[-100.87594068026753, 21.331285980584664], [-100.87593619358312, 21.331250101736263]], [[-100.87589789993885, 21.33125430548506], [-100.87593619358312, 21.331250101736263]], [[-100.87593619358312, 21.331250101736263], [-100.87593170690158, 21.33121422288743]], [[-100.87589341326634, 21.33121842663455], [-100.87593170690158, 21.33121422288743]], [[-100.87593170690158, 21.33121422288743], [-100.87592722022296, 21.33117834403818]], [[-100.87588892659674, 21.33118254778361], [-100.87592722022296, 21.33117834403818]], [[-100.87592722022296, 21.33117834403818], [-100.87592273354726, 21.331142465188492]], [[-100.87588443993006, 21.331146668932245], [-100.87592273354726, 21.331142465188492]], [[-100.87592273354726, 21.331142465188492], [-100.87591824687446, 21.33110658633839]], [[-100.87587995326626, 21.33111079008047], [-100.87591824687446, 21.33110658633839]], [[-100.87591824687446, 21.33110658633839], [-100.87591376020455, 21.331070707487864]], [[-100.8758754666054, 21.331074911228253], [-100.87591376020455, 21.331070707487864]], [[-100.87591376020455, 21.331070707487864], [-100.87590927353757, 21.331034828636902]], [[-100.87587097994742, 21.33103903237561], [-100.87590927353757, 21.331034828636902]], [[-100.87590927353757, 21.331034828636902], [-100.87590478687348, 21.33099894978552]], [[-100.87586649329235, 21.33100315352255], [-100.87590478687348, 21.33099894978552]], [[-100.87590478687348, 21.33099894978552], [-100.8759003002123, 21.330963070933716]], [[-100.87586200664019, 21.33096727466906], [-100.8759003002123, 21.330963070933716]], [[-100.8759003002123, 21.330963070933716], [-100.87589581355402, 21.330927192081486]], [[-100.87585751999093, 21.330931395815146], [-100.87589581355402, 21.330927192081486]], [[-100.87589581355402, 21.330927192081486], [-100.87589132689864, 21.33089131322883]], [[-100.87585303334458, 21.330895516960812], [-100.87589132689864, 21.33089131322883]], [[-100.87589132689864, 21.33089131322883], [-100.87588684024618, 21.330855434375753]], [[-100.87584854670114, 21.33085963810605], [-100.87588684024618, 21.330855434375753]], [[-100.87588684024618, 21.330855434375753], [-100.87588235359661, 21.33081955552224]], [[-100.87584406006059, 21.330823759250855], [-100.87588235359661, 21.33081955552224]], [[-100.87588235359661, 21.33081955552224], [-100.87587786694996, 21.33078367666831]], [[-100.87583957342295, 21.330787880395242], [-100.87587786694996, 21.33078367666831]], [[-100.87587786694996, 21.33078367666831], [-100.8758733803062, 21.330747797813952]], [[-100.8758350867882, 21.330752001539206], [-100.8758733803062, 21.330747797813952]], [[-100.8758733803062, 21.330747797813952], [-100.87586889366536, 21.33071191895917]], [[-100.87583060015638, 21.33071612268274], [-100.87586889366536, 21.33071191895917]], [[-100.87586889366536, 21.33071191895917], [-100.87586440702742, 21.330676040103956]], [[-100.87582611352747, 21.330680243825853], [-100.87586440702742, 21.330676040103956]], [[-100.87608425570303, 21.332434103509076], [-100.87612254964203, 21.332429899696194]], [[-100.87612254964203, 21.332429899696194], [-100.87611806285562, 21.332394020863084]], [[-100.87607976892563, 21.33239822467428], [-100.87611806285562, 21.332394020863084]], [[-100.87611806285562, 21.332394020863084], [-100.87611357607211, 21.33235814202954]], [[-100.87607528215115, 21.332362345839055], [-100.87611357607211, 21.33235814202954]], [[-100.87611357607211, 21.33235814202954], [-100.87610908929152, 21.33232226319558]], [[-100.87607079537958, 21.33232646700341], [-100.87610908929152, 21.33232226319558]], [[-100.87610908929152, 21.33232226319558], [-100.87610460251382, 21.33228638436118]], [[-100.87606630861089, 21.332290588167336], [-100.87610460251382, 21.33228638436118]], [[-100.87610460251382, 21.33228638436118], [-100.87610011573904, 21.33225050552637]], [[-100.87606182184513, 21.33225470933084], [-100.87610011573904, 21.33225050552637]], [[-100.87610011573904, 21.33225050552637], [-100.87609562896715, 21.332214626691133]], [[-100.87605733508227, 21.332218830493918], [-100.87609562896715, 21.332214626691133]], [[-100.87609562896715, 21.332214626691133], [-100.87609114219818, 21.332178747855465]], [[-100.8760528483223, 21.332182951656566], [-100.87609114219818, 21.332178747855465]], [[-100.87609114219818, 21.332178747855465], [-100.8760866554321, 21.33214286901937]], [[-100.87604836156525, 21.3321470728188], [-100.8760866554321, 21.33214286901937]], [[-100.8760866554321, 21.33214286901937], [-100.87608216866893, 21.332106990182858]], [[-100.87604387481109, 21.332111193980598], [-100.87608216866893, 21.332106990182858]], [[-100.87608216866893, 21.332106990182858], [-100.87607768190867, 21.332071111345915]], [[-100.87603938805985, 21.332075315141974], [-100.87607768190867, 21.332071111345915]], [[-100.87607768190867, 21.332071111345915], [-100.8760731951513, 21.33203523250855]], [[-100.87603490131151, 21.33203943630292], [-100.8760731951513, 21.33203523250855]], [[-100.8760731951513, 21.33203523250855], [-100.87606870839684, 21.331999353670763]], [[-100.87603041456609, 21.332003557463455], [-100.87606870839684, 21.331999353670763]], [[-100.87606870839684, 21.331999353670763], [-100.87606422164531, 21.33196347483254]], [[-100.87602592782355, 21.33196767862355], [-100.87606422164531, 21.33196347483254]], [[-100.87606422164531, 21.33196347483254], [-100.87605973489666, 21.331927595993893]], [[-100.87602144108394, 21.331931799783227], [-100.87605973489666, 21.331927595993893]], [[-100.87605973489666, 21.331927595993893], [-100.87605524815093, 21.33189171715483]], [[-100.87601695434722, 21.331895920942475], [-100.87605524815093, 21.33189171715483]], [[-100.87605524815093, 21.33189171715483], [-100.8760507614081, 21.331855838315334]], [[-100.8760124676134, 21.331860042101297], [-100.8760507614081, 21.331855838315334]], [[-100.8760507614081, 21.331855838315334], [-100.87604627466817, 21.331819959475414]], [[-100.8760079808825, 21.3318241632597], [-100.87604627466817, 21.331819959475414]], [[-100.87604627466817, 21.331819959475414], [-100.87604178793114, 21.33178408063507]], [[-100.87600349415449, 21.33178828441767], [-100.87604178793114, 21.33178408063507]], [[-100.87604178793114, 21.33178408063507], [-100.87603730119703, 21.331748201794298]], [[-100.8759990074294, 21.331752405575223], [-100.87603730119703, 21.331748201794298]], [[-100.87603730119703, 21.331748201794298], [-100.87603281446583, 21.33171232295311]], [[-100.87599452070721, 21.331716526732347], [-100.87603281446583, 21.33171232295311]], [[-100.87603281446583, 21.33171232295311], [-100.87602832773752, 21.331676444111476]], [[-100.87599003398792, 21.331680647889048], [-100.87602832773752, 21.331676444111476]], [[-100.87602832773752, 21.331676444111476], [-100.87602384101211, 21.33164056526945]], [[-100.87598554727154, 21.33164476904531], [-100.87602384101211, 21.33164056526945]], [[-100.87602384101211, 21.33164056526945], [-100.87601935428962, 21.331604686426978]], [[-100.87598106055808, 21.331608890201167], [-100.87601935428962, 21.331604686426978]], [[-100.87601935428962, 21.331604686426978], [-100.87601486757002, 21.331568807584084]], [[-100.8759765738475, 21.331573011356593], [-100.87601486757002, 21.331568807584084]], [[-100.87601486757002, 21.331568807584084], [-100.87601038085336, 21.33153292874076]], [[-100.87597208713983, 21.33153713251159], [-100.87601038085336, 21.33153292874076]], [[-100.87601038085336, 21.33153292874076], [-100.87600589413957, 21.331497049897013]], [[-100.87596760043508, 21.331501253666158], [-100.87600589413957, 21.331497049897013]], [[-100.87600589413957, 21.331497049897013], [-100.8760014074287, 21.331461171052844]], [[-100.87596311373322, 21.331465374820308], [-100.8760014074287, 21.331461171052844]], [[-100.8760014074287, 21.331461171052844], [-100.87599692072072, 21.331425292208245]], [[-100.87595862703428, 21.331429495974028], [-100.87599692072072, 21.331425292208245]], [[-100.87599692072072, 21.331425292208245], [-100.87599243401567, 21.331389413363226]], [[-100.87595414033822, 21.33139361712733], [-100.87599243401567, 21.331389413363226]], [[-100.87599243401567, 21.331389413363226], [-100.8759879473135, 21.331353534517778]], [[-100.8759496536451, 21.331357738280197], [-100.8759879473135, 21.331353534517778]], [[-100.8759879473135, 21.331353534517778], [-100.87598346061425, 21.331317655671903]], [[-100.87594516695485, 21.331321859432645], [-100.87598346061425, 21.331317655671903]], [[-100.87598346061425, 21.331317655671903], [-100.8759789739179, 21.331281776825612]], [[-100.87594068026753, 21.331285980584664], [-100.8759789739179, 21.331281776825612]], [[-100.8759789739179, 21.331281776825612], [-100.87597448722445, 21.331245897978885]], [[-100.87593619358312, 21.331250101736263], [-100.87597448722445, 21.331245897978885]], [[-100.87597448722445, 21.331245897978885], [-100.87597000053391, 21.33121001913174]], [[-100.87593170690158, 21.33121422288743], [-100.87597000053391, 21.33121001913174]], [[-100.87597000053391, 21.33121001913174], [-100.87596551384628, 21.33117414028417]], [[-100.87592722022296, 21.33117834403818], [-100.87596551384628, 21.33117414028417]], [[-100.87596551384628, 21.33117414028417], [-100.87596102716157, 21.331138261436173]], [[-100.87592273354726, 21.331142465188492], [-100.87596102716157, 21.331138261436173]], [[-100.87596102716157, 21.331138261436173], [-100.87595654047973, 21.33110238258774]], [[-100.87591824687446, 21.33110658633839], [-100.87595654047973, 21.33110238258774]], [[-100.87595654047973, 21.33110238258774], [-100.87595205380082, 21.331066503738896]], [[-100.87591376020455, 21.331070707487864], [-100.87595205380082, 21.331066503738896]], [[-100.87595205380082, 21.331066503738896], [-100.87594756712481, 21.331030624889628]], [[-100.87590927353757, 21.331034828636902], [-100.87594756712481, 21.331030624889628]], [[-100.87594756712481, 21.331030624889628], [-100.87594308045169, 21.330994746039924]], [[-100.87590478687348, 21.33099894978552], [-100.87594308045169, 21.330994746039924]], [[-100.87594308045169, 21.330994746039924], [-100.8759385937815, 21.3309588671898]], [[-100.8759003002123, 21.330963070933716], [-100.8759385937815, 21.3309588671898]], [[-100.8759385937815, 21.3309588671898], [-100.8759341071142, 21.330922988339246]], [[-100.87589581355402, 21.330927192081486], [-100.8759341071142, 21.330922988339246]], [[-100.8759341071142, 21.330922988339246], [-100.87592962044981, 21.330887109488277]], [[-100.87589132689864, 21.33089131322883], [-100.87592962044981, 21.330887109488277]], [[-100.87592962044981, 21.330887109488277], [-100.87592513378831, 21.330851230636874]], [[-100.87588684024618, 21.330855434375753], [-100.87592513378831, 21.330851230636874]], [[-100.87592513378831, 21.330851230636874], [-100.87592064712973, 21.330815351785056]], [[-100.87588235359661, 21.33081955552224], [-100.87592064712973, 21.330815351785056]], [[-100.87592064712973, 21.330815351785056], [-100.87591616047406, 21.3307794729328]], [[-100.87587786694996, 21.33078367666831], [-100.87591616047406, 21.3307794729328]], [[-100.87591616047406, 21.3307794729328], [-100.87591167382129, 21.33074359408013]], [[-100.8758733803062, 21.330747797813952], [-100.87591167382129, 21.33074359408013]], [[-100.87591167382129, 21.33074359408013], [-100.87590718717142, 21.330707715227028]], [[-100.87586889366536, 21.33071191895917], [-100.87590718717142, 21.330707715227028]], [[-100.87590718717142, 21.330707715227028], [-100.87590270052446, 21.330671836373497]], [[-100.87586440702742, 21.330676040103956], [-100.87590270052446, 21.330671836373497]], [[-100.87610908929152, 21.33232226319558], [-100.87614738320056, 21.332318059379165]], [[-100.87614738320056, 21.332318059379165], [-100.87614289641384, 21.332282180546464]], [[-100.87610460251382, 21.33228638436118], [-100.87614289641384, 21.332282180546464]], [[-100.87614289641384, 21.332282180546464], [-100.87613840963003, 21.332246301713326]], [[-100.87610011573904, 21.33225050552637], [-100.87613840963003, 21.332246301713326]], [[-100.87613840963003, 21.332246301713326], [-100.87613392284914, 21.33221042287977]], [[-100.87609562896715, 21.332214626691133], [-100.87613392284914, 21.33221042287977]], [[-100.87613392284914, 21.33221042287977], [-100.87612943607112, 21.332174544045785]], [[-100.87609114219818, 21.332178747855465], [-100.87612943607112, 21.332174544045785]], [[-100.87612943607112, 21.332174544045785], [-100.87612494929604, 21.33213866521138]], [[-100.8760866554321, 21.33214286901937], [-100.87612494929604, 21.33213866521138]], [[-100.87612494929604, 21.33213866521138], [-100.87612046252384, 21.332102786376545]], [[-100.87608216866893, 21.332106990182858], [-100.87612046252384, 21.332102786376545]], [[-100.87612046252384, 21.332102786376545], [-100.87611597575456, 21.33206690754129]], [[-100.87607768190867, 21.332071111345915], [-100.87611597575456, 21.33206690754129]], [[-100.87611597575456, 21.33206690754129], [-100.87611148898819, 21.3320310287056]], [[-100.8760731951513, 21.33203523250855], [-100.87611148898819, 21.3320310287056]], [[-100.87611148898819, 21.3320310287056], [-100.87610700222471, 21.331995149869485]], [[-100.87606870839684, 21.331999353670763], [-100.87610700222471, 21.331995149869485]], [[-100.87610700222471, 21.331995149869485], [-100.87610251546415, 21.331959271032954]], [[-100.87606422164531, 21.33196347483254], [-100.87610251546415, 21.331959271032954]], [[-100.87610251546415, 21.331959271032954], [-100.8760980287065, 21.331923392195996]], [[-100.87605973489666, 21.331927595993893], [-100.8760980287065, 21.331923392195996]], [[-100.8760980287065, 21.331923392195996], [-100.87609354195173, 21.331887513358605]], [[-100.87605524815093, 21.33189171715483], [-100.87609354195173, 21.331887513358605]], [[-100.87609354195173, 21.331887513358605], [-100.87608905519988, 21.331851634520792]], [[-100.8760507614081, 21.331855838315334], [-100.87608905519988, 21.331851634520792]], [[-100.87608905519988, 21.331851634520792], [-100.87608456845093, 21.331815755682562]], [[-100.87604627466817, 21.331819959475414], [-100.87608456845093, 21.331815755682562]], [[-100.87608456845093, 21.331815755682562], [-100.8760800817049, 21.331779876843903]], [[-100.87604178793114, 21.33178408063507], [-100.8760800817049, 21.331779876843903]], [[-100.8760800817049, 21.331779876843903], [-100.87607559496176, 21.33174399800481]], [[-100.87603730119703, 21.331748201794298], [-100.87607559496176, 21.33174399800481]], [[-100.87607559496176, 21.33174399800481], [-100.87607110822152, 21.331708119165302]], [[-100.87603281446583, 21.33171232295311], [-100.87607110822152, 21.331708119165302]], [[-100.87607110822152, 21.331708119165302], [-100.8760666214842, 21.33167224032536]], [[-100.87602832773752, 21.331676444111476], [-100.8760666214842, 21.33167224032536]], [[-100.8760666214842, 21.33167224032536], [-100.87606213474979, 21.331636361484996]], [[-100.87602384101211, 21.33164056526945], [-100.87606213474979, 21.331636361484996]], [[-100.87606213474979, 21.331636361484996], [-100.87605764801827, 21.33160048264421]], [[-100.87601935428962, 21.331604686426978], [-100.87605764801827, 21.33160048264421]], [[-100.87605764801827, 21.33160048264421], [-100.87605316128966, 21.33156460380299]], [[-100.87601486757002, 21.331568807584084], [-100.87605316128966, 21.33156460380299]], [[-100.87605316128966, 21.33156460380299], [-100.87604867456395, 21.33152872496136]], [[-100.87601038085336, 21.33153292874076], [-100.87604867456395, 21.33152872496136]], [[-100.87604867456395, 21.33152872496136], [-100.87604418784116, 21.331492846119296]], [[-100.87600589413957, 21.331497049897013], [-100.87604418784116, 21.331492846119296]], [[-100.87604418784116, 21.331492846119296], [-100.87603970112127, 21.33145696727681]], [[-100.8760014074287, 21.331461171052844], [-100.87603970112127, 21.33145696727681]], [[-100.87603970112127, 21.33145696727681], [-100.87603521440428, 21.33142108843389]], [[-100.87599692072072, 21.331425292208245], [-100.87603521440428, 21.33142108843389]], [[-100.87603521440428, 21.33142108843389], [-100.87603072769019, 21.331385209590554]], [[-100.87599243401567, 21.331389413363226], [-100.87603072769019, 21.331385209590554]], [[-100.87603072769019, 21.331385209590554], [-100.87602624097902, 21.33134933074679]], [[-100.8759879473135, 21.331353534517778], [-100.87602624097902, 21.33134933074679]], [[-100.87602624097902, 21.33134933074679], [-100.87602175427075, 21.3313134519026]], [[-100.87598346061425, 21.331317655671903], [-100.87602175427075, 21.3313134519026]], [[-100.87602175427075, 21.3313134519026], [-100.87601726756537, 21.331277573057985]], [[-100.8759789739179, 21.331281776825612], [-100.87601726756537, 21.331277573057985]], [[-100.87601726756537, 21.331277573057985], [-100.87601278086291, 21.33124169421294]], [[-100.87597448722445, 21.331245897978885], [-100.87601278086291, 21.33124169421294]], [[-100.87601278086291, 21.33124169421294], [-100.87600829416336, 21.331205815367472]], [[-100.87597000053391, 21.33121001913174], [-100.87600829416336, 21.331205815367472]], [[-100.87600829416336, 21.331205815367472], [-100.8760038074667, 21.331169936521587]], [[-100.87596551384628, 21.33117414028417], [-100.8760038074667, 21.331169936521587]], [[-100.8760038074667, 21.331169936521587], [-100.87599932077295, 21.33113405767527]], [[-100.87596102716157, 21.331138261436173], [-100.87599932077295, 21.33113405767527]], [[-100.87599932077295, 21.33113405767527], [-100.87599483408212, 21.33109817882853]], [[-100.87595654047973, 21.33110238258774], [-100.87599483408212, 21.33109817882853]], [[-100.87599483408212, 21.33109817882853], [-100.87599034739418, 21.33106229998136]], [[-100.87595205380082, 21.331066503738896], [-100.87599034739418, 21.33106229998136]], [[-100.87599034739418, 21.33106229998136], [-100.87598586070915, 21.331026421133775]], [[-100.87594756712481, 21.331030624889628], [-100.87598586070915, 21.331026421133775]], [[-100.87598586070915, 21.331026421133775], [-100.87598137402702, 21.330990542285754]], [[-100.87594308045169, 21.330994746039924], [-100.87598137402702, 21.330990542285754]], [[-100.87598137402702, 21.330990542285754], [-100.8759768873478, 21.330954663437314]], [[-100.8759385937815, 21.3309588671898], [-100.8759768873478, 21.330954663437314]], [[-100.8759768873478, 21.330954663437314], [-100.87597240067149, 21.330918784588448]], [[-100.8759341071142, 21.330922988339246], [-100.87597240067149, 21.330918784588448]], [[-100.87597240067149, 21.330918784588448], [-100.87596791399807, 21.330882905739152]], [[-100.87592962044981, 21.330887109488277], [-100.87596791399807, 21.330882905739152]], [[-100.87596791399807, 21.330882905739152], [-100.87596342732756, 21.330847026889433]], [[-100.87592513378831, 21.330851230636874], [-100.87596342732756, 21.330847026889433]], [[-100.87596342732756, 21.330847026889433], [-100.87595894065996, 21.33081114803929]], [[-100.87592064712973, 21.330815351785056], [-100.87595894065996, 21.33081114803929]], [[-100.87595894065996, 21.33081114803929], [-100.87595445399526, 21.330775269188727]], [[-100.87591616047406, 21.3307794729328], [-100.87595445399526, 21.330775269188727]], [[-100.87595445399526, 21.330775269188727], [-100.87594996733348, 21.33073939033773]], [[-100.87591167382129, 21.33074359408013], [-100.87594996733348, 21.33073939033773]], [[-100.87594996733348, 21.33073939033773], [-100.87594548067459, 21.33070351148631]], [[-100.87590718717142, 21.330707715227028], [-100.87594548067459, 21.33070351148631]], [[-100.87594548067459, 21.33070351148631], [-100.87594099401862, 21.33066763263447]], [[-100.87590270052446, 21.330671836373497], [-100.87594099401862, 21.33066763263447]], [[-100.87612943607112, 21.332174544045785], [-100.87616772994119, 21.332170340227535]], [[-100.87616772994119, 21.332170340227535], [-100.87616324315707, 21.332134461394812]], [[-100.87612494929604, 21.33213866521138], [-100.87616324315707, 21.332134461394812]], [[-100.87616324315707, 21.332134461394812], [-100.87615875637586, 21.33209858256166]], [[-100.87612046252384, 21.332102786376545], [-100.87615875637586, 21.33209858256166]], [[-100.87615875637586, 21.33209858256166], [-100.87615426959756, 21.332062703728077]], [[-100.87611597575456, 21.33206690754129], [-100.87615426959756, 21.332062703728077]], [[-100.87615426959756, 21.332062703728077], [-100.87614978282217, 21.332026824894083]], [[-100.87611148898819, 21.3320310287056], [-100.87614978282217, 21.332026824894083]], [[-100.87614978282217, 21.332026824894083], [-100.87614529604967, 21.33199094605965]], [[-100.87610700222471, 21.331995149869485], [-100.87614529604967, 21.33199094605965]], [[-100.87614529604967, 21.33199094605965], [-100.87614080928009, 21.331955067224794]], [[-100.87610251546415, 21.331959271032954], [-100.87614080928009, 21.331955067224794]], [[-100.87614080928009, 21.331955067224794], [-100.8761363225134, 21.331919188389517]], [[-100.8760980287065, 21.331923392195996], [-100.8761363225134, 21.331919188389517]], [[-100.8761363225134, 21.331919188389517], [-100.87613183574962, 21.331883309553817]], [[-100.87609354195173, 21.331887513358605], [-100.87613183574962, 21.331883309553817]], [[-100.87613183574962, 21.331883309553817], [-100.87612734898876, 21.331847430717684]], [[-100.87608905519988, 21.331851634520792], [-100.87612734898876, 21.331847430717684]], [[-100.87612734898876, 21.331847430717684], [-100.8761228622308, 21.331811551881135]], [[-100.87608456845093, 21.331815755682562], [-100.8761228622308, 21.331811551881135]], [[-100.8761228622308, 21.331811551881135], [-100.87611837547573, 21.33177567304415]], [[-100.8760800817049, 21.331779876843903], [-100.87611837547573, 21.33177567304415]], [[-100.87611837547573, 21.33177567304415], [-100.87611388872358, 21.331739794206747]], [[-100.87607559496176, 21.33174399800481], [-100.87611388872358, 21.331739794206747]], [[-100.87611388872358, 21.331739794206747], [-100.87610940197433, 21.331703915368912]], [[-100.87607110822152, 21.331708119165302], [-100.87610940197433, 21.331703915368912]], [[-100.87610940197433, 21.331703915368912], [-100.87610491522798, 21.331668036530658]], [[-100.8760666214842, 21.33167224032536], [-100.87610491522798, 21.331668036530658]], [[-100.87610491522798, 21.331668036530658], [-100.87610042848453, 21.33163215769198]], [[-100.87606213474979, 21.331636361484996], [-100.87610042848453, 21.33163215769198]], [[-100.87610042848453, 21.33163215769198], [-100.87609594174401, 21.331596278852874]], [[-100.87605764801827, 21.33160048264421], [-100.87609594174401, 21.331596278852874]], [[-100.87609594174401, 21.331596278852874], [-100.87609145500639, 21.331560400013345]], [[-100.87605316128966, 21.33156460380299], [-100.87609145500639, 21.331560400013345]], [[-100.87609145500639, 21.331560400013345], [-100.87608696827166, 21.331524521173385]], [[-100.87604867456395, 21.33152872496136], [-100.87608696827166, 21.331524521173385]], [[-100.87608696827166, 21.331524521173385], [-100.87608248153984, 21.331488642333007]], [[-100.87604418784116, 21.331492846119296], [-100.87608248153984, 21.331488642333007]], [[-100.87608248153984, 21.331488642333007], [-100.87607799481093, 21.3314527634922]], [[-100.87603970112127, 21.33145696727681], [-100.87607799481093, 21.3314527634922]], [[-100.87607799481093, 21.3314527634922], [-100.87607350808493, 21.331416884650967]], [[-100.87603521440428, 21.33142108843389], [-100.87607350808493, 21.331416884650967]], [[-100.87607350808493, 21.331416884650967], [-100.87606902136181, 21.331381005809305]], [[-100.87603072769019, 21.331385209590554], [-100.87606902136181, 21.331381005809305]], [[-100.87606902136181, 21.331381005809305], [-100.87606453464161, 21.331345126967225]], [[-100.87602624097902, 21.33134933074679], [-100.87606453464161, 21.331345126967225]], [[-100.87606453464161, 21.331345126967225], [-100.87606004792434, 21.331309248124715]], [[-100.87602175427075, 21.3313134519026], [-100.87606004792434, 21.331309248124715]], [[-100.87606004792434, 21.331309248124715], [-100.87605556120994, 21.33127336928179]], [[-100.87601726756537, 21.331277573057985], [-100.87605556120994, 21.33127336928179]], [[-100.87605556120994, 21.33127336928179], [-100.87605107449846, 21.331237490438426]], [[-100.87601278086291, 21.33124169421294], [-100.87605107449846, 21.331237490438426]], [[-100.87605107449846, 21.331237490438426], [-100.87604658778989, 21.331201611594647]], [[-100.87600829416336, 21.331205815367472], [-100.87604658778989, 21.331201611594647]], [[-100.87604658778989, 21.331201611594647], [-100.87604210108421, 21.33116573275043]], [[-100.8760038074667, 21.331169936521587], [-100.87604210108421, 21.33116573275043]], [[-100.87604210108421, 21.33116573275043], [-100.87603761438145, 21.3311298539058]], [[-100.87599932077295, 21.33113405767527], [-100.87603761438145, 21.3311298539058]], [[-100.87603761438145, 21.3311298539058], [-100.87603312768158, 21.331093975060746]], [[-100.87599483408212, 21.33109817882853], [-100.87603312768158, 21.331093975060746]], [[-100.87603312768158, 21.331093975060746], [-100.87602864098463, 21.331058096215255]], [[-100.87599034739418, 21.33106229998136], [-100.87602864098463, 21.331058096215255]], [[-100.87602864098463, 21.331058096215255], [-100.87602415429058, 21.33102221736935]], [[-100.87598586070915, 21.331026421133775], [-100.87602415429058, 21.33102221736935]], [[-100.87602415429058, 21.33102221736935], [-100.87601966759942, 21.330986338523015]], [[-100.87598137402702, 21.330990542285754], [-100.87601966759942, 21.330986338523015]], [[-100.87601966759942, 21.330986338523015], [-100.87601518091118, 21.330950459676256]], [[-100.8759768873478, 21.330954663437314], [-100.87601518091118, 21.330950459676256]], [[-100.87601518091118, 21.330950459676256], [-100.87601069422585, 21.330914580829063]], [[-100.87597240067149, 21.330918784588448], [-100.87601069422585, 21.330914580829063]], [[-100.87601069422585, 21.330914580829063], [-100.87600620754343, 21.330878701981458]], [[-100.87596791399807, 21.330882905739152], [-100.87600620754343, 21.330878701981458]], [[-100.87600620754343, 21.330878701981458], [-100.8760017208639, 21.330842823133423]], [[-100.87596342732756, 21.330847026889433], [-100.8760017208639, 21.330842823133423]], [[-100.8760017208639, 21.330842823133423], [-100.87599723418728, 21.330806944284955]], [[-100.87595894065996, 21.33081114803929], [-100.87599723418728, 21.330806944284955]], [[-100.87599723418728, 21.330806944284955], [-100.87599274751356, 21.33077106543607]], [[-100.87595445399526, 21.330775269188727], [-100.87599274751356, 21.33077106543607]], [[-100.87599274751356, 21.33077106543607], [-100.87598826084276, 21.33073518658676]], [[-100.87594996733348, 21.33073939033773], [-100.87598826084276, 21.33073518658676]], [[-100.87598826084276, 21.33073518658676], [-100.87598377417486, 21.330699307737028]], [[-100.87594548067459, 21.33070351148631], [-100.87598377417486, 21.330699307737028]], [[-100.87598377417486, 21.330699307737028], [-100.87597928750985, 21.33066342888686]], [[-100.87594099401862, 21.33066763263447], [-100.87597928750985, 21.33066342888686]], [[-100.87615426959756, 21.332062703728077], [-100.87619256343766, 21.332058499906303]], [[-100.87619256343766, 21.332058499906303], [-100.87618807665324, 21.332022621073982]], [[-100.87614978282217, 21.332026824894083], [-100.87618807665324, 21.332022621073982]], [[-100.87618807665324, 21.332022621073982], [-100.87618358987172, 21.331986742241238]], [[-100.87614529604967, 21.33199094605965], [-100.87618358987172, 21.331986742241238]], [[-100.87618358987172, 21.331986742241238], [-100.87617910309312, 21.33195086340806]], [[-100.87614080928009, 21.331955067224794], [-100.87617910309312, 21.33195086340806]], [[-100.87617910309312, 21.33195086340806], [-100.87617461631743, 21.331914984574468]], [[-100.8761363225134, 21.331919188389517], [-100.87617461631743, 21.331914984574468]], [[-100.87617461631743, 21.331914984574468], [-100.87617012954462, 21.331879105740448]], [[-100.87613183574962, 21.331883309553817], [-100.87617012954462, 21.331879105740448]], [[-100.87617012954462, 21.331879105740448], [-100.87616564277474, 21.331843226906]], [[-100.87612734898876, 21.331847430717684], [-100.87616564277474, 21.331843226906]], [[-100.87616564277474, 21.331843226906], [-100.87616115600774, 21.331807348071127]], [[-100.8761228622308, 21.331811551881135], [-100.87616115600774, 21.331807348071127]], [[-100.87616115600774, 21.331807348071127], [-100.87615666924367, 21.331771469235836]], [[-100.87611837547573, 21.33177567304415], [-100.87615666924367, 21.331771469235836]], [[-100.87615666924367, 21.331771469235836], [-100.87615218248249, 21.331735590400108]], [[-100.87611388872358, 21.331739794206747], [-100.87615218248249, 21.331735590400108]], [[-100.87615218248249, 21.331735590400108], [-100.87614769572423, 21.33169971156396]], [[-100.87610940197433, 21.331703915368912], [-100.87614769572423, 21.33169971156396]], [[-100.87614769572423, 21.33169971156396], [-100.87614320896886, 21.331663832727383]], [[-100.87610491522798, 21.331668036530658], [-100.87614320896886, 21.331663832727383]], [[-100.87614320896886, 21.331663832727383], [-100.87613872221641, 21.331627953890386]], [[-100.87610042848453, 21.33163215769198], [-100.87613872221641, 21.331627953890386]], [[-100.87613872221641, 21.331627953890386], [-100.87613423546685, 21.33159207505296]], [[-100.87609594174401, 21.331596278852874], [-100.87613423546685, 21.33159207505296]], [[-100.87613423546685, 21.33159207505296], [-100.8761297487202, 21.33155619621511]], [[-100.87609145500639, 21.331560400013345], [-100.8761297487202, 21.33155619621511]], [[-100.8761297487202, 21.33155619621511], [-100.87612526197645, 21.331520317376842]], [[-100.87608696827166, 21.331524521173385], [-100.87612526197645, 21.331520317376842]], [[-100.87612526197645, 21.331520317376842], [-100.87612077523562, 21.33148443853814]], [[-100.87608248153984, 21.331488642333007], [-100.87612077523562, 21.33148443853814]], [[-100.87612077523562, 21.33148443853814], [-100.87611628849768, 21.33144855969902]], [[-100.87607799481093, 21.3314527634922], [-100.87611628849768, 21.33144855969902]], [[-100.87611628849768, 21.33144855969902], [-100.87611180176266, 21.331412680859465]], [[-100.87607350808493, 21.331416884650967], [-100.87611180176266, 21.331412680859465]], [[-100.87611180176266, 21.331412680859465], [-100.87610731503054, 21.331376802019495]], [[-100.87606902136181, 21.331381005809305], [-100.87610731503054, 21.331376802019495]], [[-100.87610731503054, 21.331376802019495], [-100.87610282830133, 21.33134092317909]], [[-100.87606453464161, 21.331345126967225], [-100.87610282830133, 21.33134092317909]], [[-100.87610282830133, 21.33134092317909], [-100.87609834157502, 21.331305044338265]], [[-100.87606004792434, 21.331309248124715], [-100.87609834157502, 21.331305044338265]], [[-100.87609834157502, 21.331305044338265], [-100.8760938548516, 21.331269165497012]], [[-100.87605556120994, 21.33127336928179], [-100.8760938548516, 21.331269165497012]], [[-100.8760938548516, 21.331269165497012], [-100.8760893681311, 21.331233286655333]], [[-100.87605107449846, 21.331237490438426], [-100.8760893681311, 21.331233286655333]], [[-100.8760893681311, 21.331233286655333], [-100.8760848814135, 21.33119740781323]], [[-100.87604658778989, 21.331201611594647], [-100.8760848814135, 21.33119740781323]], [[-100.8760848814135, 21.33119740781323], [-100.87608039469882, 21.33116152897071]], [[-100.87604210108421, 21.33116573275043], [-100.87608039469882, 21.33116152897071]], [[-100.87608039469882, 21.33116152897071], [-100.87607590798703, 21.331125650127756]], [[-100.87603761438145, 21.3311298539058], [-100.87607590798703, 21.331125650127756]], [[-100.87607590798703, 21.331125650127756], [-100.87607142127816, 21.331089771284383]], [[-100.87603312768158, 21.331093975060746], [-100.87607142127816, 21.331089771284383]], [[-100.87607142127816, 21.331089771284383], [-100.87606693457218, 21.33105389244058]], [[-100.87602864098463, 21.331058096215255], [-100.87606693457218, 21.33105389244058]], [[-100.87606693457218, 21.33105389244058], [-100.8760624478691, 21.331018013596353]], [[-100.87602415429058, 21.33102221736935], [-100.8760624478691, 21.331018013596353]], [[-100.8760624478691, 21.331018013596353], [-100.87605796116894, 21.330982134751697]], [[-100.87601966759942, 21.330986338523015], [-100.87605796116894, 21.330982134751697]], [[-100.87605796116894, 21.330982134751697], [-100.87605347447168, 21.330946255906625]], [[-100.87601518091118, 21.330950459676256], [-100.87605347447168, 21.330946255906625]], [[-100.87605347447168, 21.330946255906625], [-100.87604898777732, 21.330910377061116]], [[-100.87601069422585, 21.330914580829063], [-100.87604898777732, 21.330910377061116]], [[-100.87604898777732, 21.330910377061116], [-100.87604450108587, 21.330874498215184]], [[-100.87600620754343, 21.330878701981458], [-100.87604450108587, 21.330874498215184]], [[-100.87604450108587, 21.330874498215184], [-100.87604001439733, 21.330838619368837]], [[-100.8760017208639, 21.330842823133423], [-100.87604001439733, 21.330838619368837]], [[-100.87604001439733, 21.330838619368837], [-100.87603552771168, 21.330802740522053]], [[-100.87599723418728, 21.330806944284955], [-100.87603552771168, 21.330802740522053]], [[-100.87603552771168, 21.330802740522053], [-100.87603104102895, 21.33076686167485]], [[-100.87599274751356, 21.33077106543607], [-100.87603104102895, 21.33076686167485]], [[-100.87603104102895, 21.33076686167485], [-100.87602655434912, 21.330730982827223]], [[-100.87598826084276, 21.33073518658676], [-100.87602655434912, 21.330730982827223]], [[-100.87602655434912, 21.330730982827223], [-100.8760220676722, 21.330695103979167]], [[-100.87598377417486, 21.330699307737028], [-100.8760220676722, 21.330695103979167]], [[-100.8760220676722, 21.330695103979167], [-100.87601758099818, 21.33065922513068]], [[-100.87597928750985, 21.33066342888686], [-100.87601758099818, 21.33065922513068]], [[-100.87617461631743, 21.331914984574468], [-100.87621291011853, 21.331910780750842]], [[-100.87621291011853, 21.331910780750842], [-100.87620842333672, 21.331874901918507]], [[-100.87617012954462, 21.331879105740448], [-100.87620842333672, 21.331874901918507]], [[-100.87620842333672, 21.331874901918507], [-100.8762039365578, 21.33183902308574]], [[-100.87616564277474, 21.331843226906], [-100.8762039365578, 21.33183902308574]], [[-100.8762039365578, 21.33183902308574], [-100.8761994497818, 21.331803144252557]], [[-100.87616115600774, 21.331807348071127], [-100.8761994497818, 21.331803144252557]], [[-100.8761994497818, 21.331803144252557], [-100.8761949630087, 21.331767265418936]], [[-100.87615666924367, 21.331771469235836], [-100.8761949630087, 21.331767265418936]], [[-100.8761949630087, 21.331767265418936], [-100.8761904762385, 21.3317313865849]], [[-100.87615218248249, 21.331735590400108], [-100.8761904762385, 21.3317313865849]], [[-100.8761904762385, 21.3317313865849], [-100.87618598947121, 21.33169550775043]], [[-100.87614769572423, 21.33169971156396], [-100.87618598947121, 21.33169550775043]], [[-100.87618598947121, 21.33169550775043], [-100.87618150270683, 21.331659628915542]], [[-100.87614320896886, 21.331663832727383], [-100.87618150270683, 21.331659628915542]], [[-100.87618150270683, 21.331659628915542], [-100.87617701594534, 21.331623750080226]], [[-100.87613872221641, 21.331627953890386], [-100.87617701594534, 21.331623750080226]], [[-100.87617701594534, 21.331623750080226], [-100.87617252918679, 21.331587871244484]], [[-100.87613423546685, 21.33159207505296], [-100.87617252918679, 21.331587871244484]], [[-100.87617252918679, 21.331587871244484], [-100.87616804243112, 21.33155199240831]], [[-100.8761297487202, 21.33155619621511], [-100.87616804243112, 21.33155199240831]], [[-100.87616804243112, 21.33155199240831], [-100.87616355567835, 21.33151611357172]], [[-100.87612526197645, 21.331520317376842], [-100.87616355567835, 21.33151611357172]], [[-100.87616355567835, 21.33151611357172], [-100.87615906892849, 21.331480234734705]], [[-100.87612077523562, 21.33148443853814], [-100.87615906892849, 21.331480234734705]], [[-100.87615906892849, 21.331480234734705], [-100.87615458218154, 21.331444355897258]], [[-100.87611628849768, 21.33144855969902], [-100.87615458218154, 21.331444355897258]], [[-100.87615458218154, 21.331444355897258], [-100.8761500954375, 21.331408477059394]], [[-100.87611180176266, 21.331412680859465], [-100.8761500954375, 21.331408477059394]], [[-100.8761500954375, 21.331408477059394], [-100.87614560869635, 21.331372598221105]], [[-100.87610731503054, 21.331376802019495], [-100.87614560869635, 21.331372598221105]], [[-100.87614560869635, 21.331372598221105], [-100.87614112195811, 21.331336719382385]], [[-100.87610282830133, 21.33134092317909], [-100.87614112195811, 21.331336719382385]], [[-100.87614112195811, 21.331336719382385], [-100.87613663522278, 21.331300840543236]], [[-100.87609834157502, 21.331305044338265], [-100.87613663522278, 21.331300840543236]], [[-100.87613663522278, 21.331300840543236], [-100.87613214849036, 21.33126496170367]], [[-100.8760938548516, 21.331269165497012], [-100.87613214849036, 21.33126496170367]], [[-100.87613214849036, 21.33126496170367], [-100.87612766176083, 21.331229082863675]], [[-100.8760893681311, 21.331233286655333], [-100.87612766176083, 21.331229082863675]], [[-100.87612766176083, 21.331229082863675], [-100.87612317503422, 21.331193204023258]], [[-100.8760848814135, 21.33119740781323], [-100.87612317503422, 21.331193204023258]], [[-100.87612317503422, 21.331193204023258], [-100.87611868831051, 21.331157325182406]], [[-100.87608039469882, 21.33116152897071], [-100.87611868831051, 21.331157325182406]], [[-100.87611868831051, 21.331157325182406], [-100.8761142015897, 21.331121446341143]], [[-100.87607590798703, 21.331125650127756], [-100.8761142015897, 21.331121446341143]], [[-100.8761142015897, 21.331121446341143], [-100.8761097148718, 21.331085567499443]], [[-100.87607142127816, 21.331089771284383], [-100.8761097148718, 21.331085567499443]], [[-100.8761097148718, 21.331085567499443], [-100.87610522815682, 21.331049688657327]], [[-100.87606693457218, 21.33105389244058], [-100.87610522815682, 21.331049688657327]], [[-100.87610522815682, 21.331049688657327], [-100.87610074144472, 21.33101380981478]], [[-100.8760624478691, 21.331018013596353], [-100.87610074144472, 21.33101380981478]], [[-100.87610074144472, 21.33101380981478], [-100.87609625473554, 21.33097793097181]], [[-100.87605796116894, 21.330982134751697], [-100.87609625473554, 21.33097793097181]], [[-100.87609625473554, 21.33097793097181], [-100.87609176802926, 21.33094205212841]], [[-100.87605347447168, 21.330946255906625], [-100.87609176802926, 21.33094205212841]], [[-100.87609176802926, 21.33094205212841], [-100.87608728132588, 21.330906173284596]], [[-100.87604898777732, 21.330910377061116], [-100.87608728132588, 21.330906173284596]], [[-100.87608728132588, 21.330906173284596], [-100.87608279462542, 21.330870294440345]], [[-100.87604450108587, 21.330874498215184], [-100.87608279462542, 21.330870294440345]], [[-100.87608279462542, 21.330870294440345], [-100.87607830792786, 21.33083441559567]], [[-100.87604001439733, 21.330838619368837], [-100.87607830792786, 21.33083441559567]], [[-100.87607830792786, 21.33083441559567], [-100.87607382123319, 21.330798536750578]], [[-100.87603552771168, 21.330802740522053], [-100.87607382123319, 21.330798536750578]], [[-100.87607382123319, 21.330798536750578], [-100.87606933454144, 21.33076265790506]], [[-100.87603104102895, 21.33076686167485], [-100.87606933454144, 21.33076265790506]], [[-100.87606933454144, 21.33076265790506], [-100.87606484785259, 21.330726779059106]], [[-100.87602655434912, 21.330730982827223], [-100.87606484785259, 21.330726779059106]], [[-100.87606484785259, 21.330726779059106], [-100.87606036116665, 21.33069090021274]], [[-100.8760220676722, 21.330695103979167], [-100.87606036116665, 21.33069090021274]], [[-100.8761994497818, 21.331803144252557], [-100.87623774355293, 21.331798940425408]], [[-100.87623774355293, 21.331798940425408], [-100.87623325677082, 21.331763061593474]], [[-100.8761949630087, 21.331767265418936], [-100.87623325677082, 21.331763061593474]], [[-100.87623325677082, 21.331763061593474], [-100.87622876999161, 21.331727182761114]], [[-100.8761904762385, 21.3317313865849], [-100.87622876999161, 21.331727182761114]], [[-100.87622876999161, 21.331727182761114], [-100.8762242832153, 21.331691303928334]], [[-100.87618598947121, 21.33169550775043], [-100.8762242832153, 21.331691303928334]], [[-100.8762242832153, 21.331691303928334], [-100.87621979644189, 21.33165542509512]], [[-100.87618150270683, 21.331659628915542], [-100.87621979644189, 21.33165542509512]], [[-100.87621979644189, 21.33165542509512], [-100.8762153096714, 21.331619546261482]], [[-100.87617701594534, 21.331623750080226], [-100.8762153096714, 21.331619546261482]], [[-100.8762153096714, 21.331619546261482], [-100.8762108229038, 21.33158366742743]], [[-100.87617252918679, 21.331587871244484], [-100.8762108229038, 21.33158366742743]], [[-100.8762108229038, 21.33158366742743], [-100.87620633613912, 21.331547788592943]], [[-100.87616804243112, 21.33155199240831], [-100.87620633613912, 21.331547788592943]], [[-100.87620633613912, 21.331547788592943], [-100.87620184937734, 21.33151190975803]], [[-100.87616355567835, 21.33151611357172], [-100.87620184937734, 21.33151190975803]], [[-100.87620184937734, 21.33151190975803], [-100.87619736261846, 21.331476030922698]], [[-100.87615906892849, 21.331480234734705], [-100.87619736261846, 21.331476030922698]], [[-100.87619736261846, 21.331476030922698], [-100.87619287586249, 21.331440152086934]], [[-100.87615458218154, 21.331444355897258], [-100.87619287586249, 21.331440152086934]], [[-100.87619287586249, 21.331440152086934], [-100.87618838910942, 21.33140427325075]], [[-100.8761500954375, 21.331408477059394], [-100.87618838910942, 21.33140427325075]], [[-100.87618838910942, 21.33140427325075], [-100.87618390235926, 21.331368394414145]], [[-100.87614560869635, 21.331372598221105], [-100.87618390235926, 21.331368394414145]], [[-100.87618390235926, 21.331368394414145], [-100.876179415612, 21.331332515577106]], [[-100.87614112195811, 21.331336719382385], [-100.876179415612, 21.331332515577106]], [[-100.876179415612, 21.331332515577106], [-100.87617492886766, 21.331296636739648]], [[-100.87613663522278, 21.331300840543236], [-100.87617492886766, 21.331296636739648]], [[-100.87617492886766, 21.331296636739648], [-100.87617044212621, 21.331260757901756]], [[-100.87613214849036, 21.33126496170367], [-100.87617044212621, 21.331260757901756]], [[-100.87617044212621, 21.331260757901756], [-100.87616595538768, 21.331224879063445]], [[-100.87612766176083, 21.331229082863675], [-100.87616595538768, 21.331224879063445]], [[-100.87616595538768, 21.331224879063445], [-100.87616146865203, 21.331189000224708]], [[-100.87612317503422, 21.331193204023258], [-100.87616146865203, 21.331189000224708]], [[-100.87616146865203, 21.331189000224708], [-100.87615698191931, 21.331153121385547]], [[-100.87611868831051, 21.331157325182406], [-100.87615698191931, 21.331153121385547]], [[-100.87615698191931, 21.331153121385547], [-100.87615249518947, 21.331117242545957]], [[-100.8761142015897, 21.331121446341143], [-100.87615249518947, 21.331117242545957]], [[-100.87615249518947, 21.331117242545957], [-100.87614800846256, 21.331081363705945]], [[-100.8761097148718, 21.331085567499443], [-100.87614800846256, 21.331081363705945]], [[-100.87614800846256, 21.331081363705945], [-100.87614352173854, 21.3310454848655]], [[-100.87610522815682, 21.331049688657327], [-100.87614352173854, 21.3310454848655]], [[-100.87614352173854, 21.3310454848655], [-100.87613903501743, 21.33100960602464]], [[-100.87610074144472, 21.33101380981478], [-100.87613903501743, 21.33100960602464]], [[-100.87613903501743, 21.33100960602464], [-100.87613454829923, 21.330973727183355]], [[-100.87609625473554, 21.33097793097181], [-100.87613454829923, 21.330973727183355]], [[-100.87613454829923, 21.330973727183355], [-100.87613006158394, 21.33093784834164]], [[-100.87609176802926, 21.33094205212841], [-100.87613006158394, 21.33093784834164]], [[-100.87613006158394, 21.33093784834164], [-100.87612557487155, 21.330901969499497]], [[-100.87608728132588, 21.330906173284596], [-100.87612557487155, 21.330901969499497]], [[-100.87612557487155, 21.330901969499497], [-100.87612108816205, 21.330866090656937]], [[-100.87608279462542, 21.330870294440345], [-100.87612108816205, 21.330866090656937]], [[-100.87612108816205, 21.330866090656937], [-100.87611660145546, 21.330830211813943]], [[-100.87607830792786, 21.33083441559567], [-100.87611660145546, 21.330830211813943]], [[-100.87611660145546, 21.330830211813943], [-100.87611211475179, 21.330794332970523]], [[-100.87607382123319, 21.330798536750578], [-100.87611211475179, 21.330794332970523]], [[-100.87611211475179, 21.330794332970523], [-100.87610762805103, 21.330758454126695]], [[-100.87606933454144, 21.33076265790506], [-100.87610762805103, 21.330758454126695]], [[-100.87610762805103, 21.330758454126695], [-100.87610314135316, 21.330722575282422]], [[-100.87606484785259, 21.330726779059106], [-100.87610314135316, 21.330722575282422]], [[-100.87610314135316, 21.330722575282422], [-100.8760986546582, 21.33068669643773]], [[-100.87606036116665, 21.33069090021274], [-100.8760986546582, 21.33068669643773]], [[-100.8762242832153, 21.331691303928334], [-100.87626257695648, 21.331687100097653]], [[-100.87626257695648, 21.331687100097653], [-100.87625809017405, 21.33165122126613]], [[-100.87621979644189, 21.33165542509512], [-100.87625809017405, 21.33165122126613]], [[-100.87625809017405, 21.33165122126613], [-100.87625360339453, 21.33161534243418]], [[-100.8762153096714, 21.331619546261482], [-100.87625360339453, 21.33161534243418]], [[-100.87625360339453, 21.33161534243418], [-100.87624911661793, 21.331579463601802]], [[-100.8762108229038, 21.33158366742743], [-100.87624911661793, 21.331579463601802]], [[-100.87624911661793, 21.331579463601802], [-100.87624462984422, 21.331543584768998]], [[-100.87620633613912, 21.331547788592943], [-100.87624462984422, 21.331543584768998]], [[-100.87624462984422, 21.331543584768998], [-100.87624014307342, 21.33150770593577]], [[-100.87620184937734, 21.33151190975803], [-100.87624014307342, 21.33150770593577]], [[-100.87624014307342, 21.33150770593577], [-100.87623565630552, 21.331471827102117]], [[-100.87619736261846, 21.331476030922698], [-100.87623565630552, 21.331471827102117]], [[-100.87623565630552, 21.331471827102117], [-100.87623116954053, 21.331435948268034]], [[-100.87619287586249, 21.331440152086934], [-100.87623116954053, 21.331435948268034]], [[-100.87623116954053, 21.331435948268034], [-100.87622668277845, 21.33140006943354]], [[-100.87618838910942, 21.33140427325075], [-100.87622668277845, 21.33140006943354]], [[-100.87622668277845, 21.33140006943354], [-100.87622219601926, 21.331364190598602]], [[-100.87618390235926, 21.331368394414145], [-100.87622219601926, 21.331364190598602]], [[-100.87622219601926, 21.331364190598602], [-100.87621770926299, 21.331328311763247]], [[-100.876179415612, 21.331332515577106], [-100.87621770926299, 21.331328311763247]], [[-100.87621770926299, 21.331328311763247], [-100.87621322250962, 21.33129243292747]], [[-100.87617492886766, 21.331296636739648], [-100.87621322250962, 21.33129243292747]], [[-100.87621322250962, 21.33129243292747], [-100.87620873575915, 21.33125655409127]], [[-100.87617044212621, 21.331260757901756], [-100.87620873575915, 21.33125655409127]], [[-100.87620873575915, 21.33125655409127], [-100.8762042490116, 21.331220675254635]], [[-100.87616595538768, 21.331224879063445], [-100.8762042490116, 21.331220675254635]], [[-100.8762042490116, 21.331220675254635], [-100.87619976226695, 21.331184796417585]], [[-100.87616146865203, 21.331189000224708], [-100.87619976226695, 21.331184796417585]], [[-100.87619976226695, 21.331184796417585], [-100.87619527552519, 21.331148917580098]], [[-100.87615698191931, 21.331153121385547], [-100.87619527552519, 21.331148917580098]], [[-100.87619527552519, 21.331148917580098], [-100.87619078878635, 21.331113038742195]], [[-100.87615249518947, 21.331117242545957], [-100.87619078878635, 21.331113038742195]], [[-100.87619078878635, 21.331113038742195], [-100.87618630205041, 21.33107715990386]], [[-100.87614800846256, 21.331081363705945], [-100.87618630205041, 21.33107715990386]], [[-100.87618630205041, 21.33107715990386], [-100.87618181531738, 21.33104128106511]], [[-100.87614352173854, 21.3310454848655], [-100.87618181531738, 21.33104128106511]], [[-100.87618181531738, 21.33104128106511], [-100.87617732858725, 21.331005402225927]], [[-100.87613903501743, 21.33100960602464], [-100.87617732858725, 21.331005402225927]], [[-100.87617732858725, 21.331005402225927], [-100.87617284186003, 21.33096952338632]], [[-100.87613454829923, 21.330973727183355], [-100.87617284186003, 21.33096952338632]], [[-100.87617284186003, 21.33096952338632], [-100.8761683551357, 21.330933644546285]], [[-100.87613006158394, 21.33093784834164], [-100.8761683551357, 21.330933644546285]], [[-100.8761683551357, 21.330933644546285], [-100.87616386841431, 21.330897765705835]], [[-100.87612557487155, 21.330901969499497], [-100.87616386841431, 21.330897765705835]], [[-100.87616386841431, 21.330897765705835], [-100.87615938169579, 21.330861886864948]], [[-100.87612108816205, 21.330866090656937], [-100.87615938169579, 21.330861886864948]], [[-100.87615938169579, 21.330861886864948], [-100.87615489498019, 21.330826008023646]], [[-100.87611660145546, 21.330830211813943], [-100.87615489498019, 21.330826008023646]], [[-100.87615489498019, 21.330826008023646], [-100.87615040826749, 21.330790129181906]], [[-100.87611211475179, 21.330794332970523], [-100.87615040826749, 21.330790129181906]], [[-100.87615040826749, 21.330790129181906], [-100.8761459215577, 21.330754250339748]], [[-100.87610762805103, 21.330758454126695], [-100.8761459215577, 21.330754250339748]], [[-100.8761459215577, 21.330754250339748], [-100.87614143485081, 21.330718371497163]], [[-100.87610314135316, 21.330722575282422], [-100.87614143485081, 21.330718371497163]], [[-100.87614143485081, 21.330718371497163], [-100.87613694814684, 21.33068249265416]], [[-100.8760986546582, 21.33068669643773], [-100.87613694814684, 21.33068249265416]], [[-100.87624462984422, 21.331543584768998], [-100.87628292354641, 21.33153938093648]], [[-100.87628292354641, 21.33153938093648], [-100.8762784367666, 21.33150350210494]], [[-100.87624014307342, 21.33150770593577], [-100.8762784367666, 21.33150350210494]], [[-100.8762784367666, 21.33150350210494], [-100.87627394998968, 21.33146762327296]], [[-100.87623565630552, 21.331471827102117], [-100.87627394998968, 21.33146762327296]], [[-100.87627394998968, 21.33146762327296], [-100.87626946321566, 21.331431744440568]], [[-100.87623116954053, 21.331435948268034], [-100.87626946321566, 21.331431744440568]], [[-100.87626946321566, 21.331431744440568], [-100.87626497644456, 21.331395865607746]], [[-100.87622668277845, 21.33140006943354], [-100.87626497644456, 21.331395865607746]], [[-100.87626497644456, 21.331395865607746], [-100.87626048967635, 21.3313599867745]], [[-100.87622219601926, 21.331364190598602], [-100.87626048967635, 21.3313599867745]], [[-100.87626048967635, 21.3313599867745], [-100.87625600291106, 21.331324107940823]], [[-100.87621770926299, 21.331328311763247], [-100.87625600291106, 21.331324107940823]], [[-100.87625600291106, 21.331324107940823], [-100.87625151614868, 21.331288229106733]], [[-100.87621322250962, 21.33129243292747], [-100.87625151614868, 21.331288229106733]], [[-100.87625151614868, 21.331288229106733], [-100.87624702938919, 21.331252350272205]], [[-100.87620873575915, 21.33125655409127], [-100.87624702938919, 21.331252350272205]], [[-100.87624702938919, 21.331252350272205], [-100.87624254263261, 21.33121647143726]], [[-100.8762042490116, 21.331220675254635], [-100.87624254263261, 21.33121647143726]], [[-100.87624254263261, 21.33121647143726], [-100.87623805587894, 21.331180592601882]], [[-100.87619976226695, 21.331184796417585], [-100.87623805587894, 21.331180592601882]], [[-100.87623805587894, 21.331180592601882], [-100.87623356912817, 21.33114471376609]], [[-100.87619527552519, 21.331148917580098], [-100.87623356912817, 21.33114471376609]], [[-100.87623356912817, 21.33114471376609], [-100.8762290823803, 21.331108834929864]], [[-100.87619078878635, 21.331113038742195], [-100.8762290823803, 21.331108834929864]], [[-100.8762290823803, 21.331108834929864], [-100.87622459563535, 21.331072956093212]], [[-100.87618630205041, 21.33107715990386], [-100.87622459563535, 21.331072956093212]], [[-100.87622459563535, 21.331072956093212], [-100.87622010889329, 21.331037077256138]], [[-100.87618181531738, 21.33104128106511], [-100.87622010889329, 21.331037077256138]], [[-100.87622010889329, 21.331037077256138], [-100.87621562215416, 21.33100119841864]], [[-100.87617732858725, 21.331005402225927], [-100.87621562215416, 21.33100119841864]], [[-100.87621562215416, 21.33100119841864], [-100.87621113541792, 21.33096531958071]], [[-100.87617284186003, 21.33096952338632], [-100.87621113541792, 21.33096531958071]], [[-100.87621113541792, 21.33096531958071], [-100.87620664868459, 21.330929440742366]], [[-100.8761683551357, 21.330933644546285], [-100.87620664868459, 21.330929440742366]], [[-100.87620664868459, 21.330929440742366], [-100.87620216195414, 21.330893561903594]], [[-100.87616386841431, 21.330897765705835], [-100.87620216195414, 21.330893561903594]], [[-100.87620216195414, 21.330893561903594], [-100.87619767522662, 21.33085768306439]], [[-100.87615938169579, 21.330861886864948], [-100.87619767522662, 21.33085768306439]], [[-100.87619767522662, 21.33085768306439], [-100.87619318850199, 21.33082180422476]], [[-100.87615489498019, 21.330826008023646], [-100.87619318850199, 21.33082180422476]], [[-100.87619318850199, 21.33082180422476], [-100.87618870178028, 21.330785925384717]], [[-100.87615040826749, 21.330790129181906], [-100.87618870178028, 21.330785925384717]], [[-100.87618870178028, 21.330785925384717], [-100.87618421506147, 21.33075004654424]], [[-100.8761459215577, 21.330754250339748], [-100.87618421506147, 21.33075004654424]], [[-100.87618421506147, 21.33075004654424], [-100.87617972834556, 21.330714167703327]], [[-100.87614143485081, 21.330718371497163], [-100.87617972834556, 21.330714167703327]], [[-100.87617972834556, 21.330714167703327], [-100.87617524163257, 21.33067828886201]], [[-100.87613694814684, 21.33068249265416], [-100.87617524163257, 21.33067828886201]], [[-100.87626946321566, 21.331431744440568], [-100.8763077568879, 21.331427540604526]], [[-100.8763077568879, 21.331427540604526], [-100.87630327010778, 21.33139166177338]], [[-100.87626497644456, 21.331395865607746], [-100.87630327010778, 21.33139166177338]], [[-100.87630327010778, 21.33139166177338], [-100.87629878333055, 21.331355782941817]], [[-100.87626048967635, 21.3313599867745], [-100.87629878333055, 21.331355782941817]], [[-100.87629878333055, 21.331355782941817], [-100.87629429655624, 21.331319904109833]], [[-100.87625600291106, 21.331324107940823], [-100.87629429655624, 21.331319904109833]], [[-100.87629429655624, 21.331319904109833], [-100.87628980978484, 21.331284025277412]], [[-100.87625151614868, 21.331288229106733], [-100.87628980978484, 21.331284025277412]], [[-100.87628980978484, 21.331284025277412], [-100.87628532301633, 21.33124814644457]], [[-100.87624702938919, 21.331252350272205], [-100.87628532301633, 21.33124814644457]], [[-100.87628532301633, 21.33124814644457], [-100.87628083625073, 21.331212267611306]], [[-100.87624254263261, 21.33121647143726], [-100.87628083625073, 21.331212267611306]], [[-100.87628083625073, 21.331212267611306], [-100.87627634948804, 21.331176388777617]], [[-100.87623805587894, 21.331180592601882], [-100.87627634948804, 21.331176388777617]], [[-100.87627634948804, 21.331176388777617], [-100.87627186272826, 21.331140509943495]], [[-100.87623356912817, 21.33114471376609], [-100.87627186272826, 21.331140509943495]], [[-100.87627186272826, 21.331140509943495], [-100.87626737597137, 21.331104631108957]], [[-100.8762290823803, 21.331108834929864], [-100.87626737597137, 21.331104631108957]], [[-100.87626737597137, 21.331104631108957], [-100.87626288921739, 21.331068752273985]], [[-100.87622459563535, 21.331072956093212], [-100.87626288921739, 21.331068752273985]], [[-100.87626288921739, 21.331068752273985], [-100.87625840246632, 21.331032873438602]], [[-100.87622010889329, 21.331037077256138], [-100.87625840246632, 21.331032873438602]], [[-100.87625840246632, 21.331032873438602], [-100.87625391571815, 21.330996994602785]], [[-100.87621562215416, 21.33100119841864], [-100.87625391571815, 21.330996994602785]], [[-100.87625391571815, 21.330996994602785], [-100.8762494289729, 21.330961115766538]], [[-100.87621113541792, 21.33096531958071], [-100.8762494289729, 21.330961115766538]], [[-100.8762494289729, 21.330961115766538], [-100.87624494223054, 21.330925236929872]], [[-100.87620664868459, 21.330929440742366], [-100.87624494223054, 21.330925236929872]], [[-100.87624494223054, 21.330925236929872], [-100.8762404554911, 21.330889358092776]], [[-100.87620216195414, 21.330893561903594], [-100.8762404554911, 21.330889358092776]], [[-100.8762404554911, 21.330889358092776], [-100.87623596875454, 21.33085347925526]], [[-100.87619767522662, 21.33085768306439], [-100.87623596875454, 21.33085347925526]], [[-100.87623596875454, 21.33085347925526], [-100.8762314820209, 21.33081760041732]], [[-100.87619318850199, 21.33082180422476], [-100.8762314820209, 21.33081760041732]], [[-100.8762314820209, 21.33081760041732], [-100.87622699529017, 21.330781721578944]], [[-100.87618870178028, 21.330785925384717], [-100.87622699529017, 21.330781721578944]], [[-100.87622699529017, 21.330781721578944], [-100.87622250856234, 21.33074584274016]], [[-100.87618421506147, 21.33075004654424], [-100.87622250856234, 21.33074584274016]], [[-100.87622250856234, 21.33074584274016], [-100.87621802183742, 21.330709963900933]], [[-100.87617972834556, 21.330714167703327], [-100.87621802183742, 21.330709963900933]], [[-100.87621802183742, 21.330709963900933], [-100.8762135351154, 21.330674085061286]], [[-100.87617524163257, 21.33067828886201], [-100.8762135351154, 21.330674085061286]], [[-100.87628980978484, 21.331284025277412], [-100.87632810341809, 21.33127982143953]], [[-100.87632810341809, 21.33127982143953], [-100.87632361664056, 21.331243942608364]], [[-100.87628532301633, 21.33124814644457], [-100.87632361664056, 21.331243942608364]], [[-100.87632361664056, 21.331243942608364], [-100.87631912986593, 21.33120806377678]], [[-100.87628083625073, 21.331212267611306], [-100.87631912986593, 21.33120806377678]], [[-100.87631912986593, 21.33120806377678], [-100.87631464309423, 21.331172184944773]], [[-100.87627634948804, 21.331176388777617], [-100.87631464309423, 21.331172184944773]], [[-100.87631464309423, 21.331172184944773], [-100.87631015632542, 21.331136306112334]], [[-100.87627186272826, 21.331140509943495], [-100.87631015632542, 21.331136306112334]], [[-100.87631015632542, 21.331136306112334], [-100.87630566955953, 21.33110042727948]], [[-100.87626737597137, 21.331104631108957], [-100.87630566955953, 21.33110042727948]], [[-100.87630566955953, 21.33110042727948], [-100.87630118279652, 21.3310645484462]], [[-100.87626288921739, 21.331068752273985], [-100.87630118279652, 21.3310645484462]], [[-100.87630118279652, 21.3310645484462], [-100.87629669603643, 21.331028669612483]], [[-100.87625840246632, 21.331032873438602], [-100.87629669603643, 21.331028669612483]], [[-100.87629669603643, 21.331028669612483], [-100.87629220927926, 21.33099279077835]], [[-100.87625391571815, 21.330996994602785], [-100.87629220927926, 21.33099279077835]], [[-100.87629220927926, 21.33099279077835], [-100.87628772252498, 21.330956911943787]], [[-100.8762494289729, 21.330961115766538], [-100.87628772252498, 21.330956911943787]], [[-100.87628772252498, 21.330956911943787], [-100.8762832357736, 21.330921033108808]], [[-100.87624494223054, 21.330925236929872], [-100.8762832357736, 21.330921033108808]], [[-100.8762832357736, 21.330921033108808], [-100.87627874902513, 21.33088515427339]], [[-100.8762404554911, 21.330889358092776], [-100.87627874902513, 21.33088515427339]], [[-100.87627874902513, 21.33088515427339], [-100.87627426227957, 21.33084927543756]], [[-100.87623596875454, 21.33085347925526], [-100.87627426227957, 21.33084927543756]], [[-100.87627426227957, 21.33084927543756], [-100.8762697755369, 21.330813396601297]], [[-100.8762314820209, 21.33081760041732], [-100.8762697755369, 21.330813396601297]], [[-100.8762697755369, 21.330813396601297], [-100.87626528879716, 21.33077751776461]], [[-100.87622699529017, 21.330781721578944], [-100.87626528879716, 21.33077751776461]], [[-100.87626528879716, 21.33077751776461], [-100.8762608020603, 21.330741638927496]], [[-100.87622250856234, 21.33074584274016], [-100.8762608020603, 21.330741638927496]], [[-100.8762608020603, 21.330741638927496], [-100.87625631532634, 21.33070576008996]], [[-100.87621802183742, 21.330709963900933], [-100.87625631532634, 21.33070576008996]], [[-100.87625631532634, 21.33070576008996], [-100.87625182859531, 21.330669881251996]], [[-100.8762135351154, 21.330674085061286], [-100.87625182859531, 21.330669881251996]], [[-100.87631464309423, 21.331172184944773], [-100.87635293669751, 21.331167981103363]], [[-100.87635293669751, 21.331167981103363], [-100.87634844991969, 21.331132102272605]], [[-100.87631015632542, 21.331136306112334], [-100.87634844991969, 21.331132102272605]], [[-100.87634844991969, 21.331132102272605], [-100.87634396314476, 21.33109622344143]], [[-100.87630566955953, 21.33110042727948], [-100.87634396314476, 21.33109622344143]], [[-100.87634396314476, 21.33109622344143], [-100.87633947637275, 21.331060344609824]], [[-100.87630118279652, 21.3310645484462], [-100.87633947637275, 21.331060344609824]], [[-100.87633947637275, 21.331060344609824], [-100.87633498960363, 21.331024465777798]], [[-100.87629669603643, 21.331028669612483], [-100.87633498960363, 21.331024465777798]], [[-100.87633498960363, 21.331024465777798], [-100.87633050283745, 21.33098858694535]], [[-100.87629220927926, 21.33099279077835], [-100.87633050283745, 21.33098858694535]], [[-100.87633050283745, 21.33098858694535], [-100.87632601607415, 21.33095270811247]], [[-100.87628772252498, 21.330956911943787], [-100.87632601607415, 21.33095270811247]], [[-100.87632601607415, 21.33095270811247], [-100.87632152931374, 21.330916829279165]], [[-100.8762832357736, 21.330921033108808], [-100.87632152931374, 21.330916829279165]], [[-100.87632152931374, 21.330916829279165], [-100.87631704255625, 21.330880950445437]], [[-100.87627874902513, 21.33088515427339], [-100.87631704255625, 21.330880950445437]], [[-100.87631704255625, 21.330880950445437], [-100.87631255580168, 21.330845071611282]], [[-100.87627426227957, 21.33084927543756], [-100.87631255580168, 21.330845071611282]], [[-100.87631255580168, 21.330845071611282], [-100.87630806905, 21.330809192776705]], [[-100.8762697755369, 21.330813396601297], [-100.87630806905, 21.330809192776705]], [[-100.87630806905, 21.330809192776705], [-100.87630358230123, 21.3307733139417]], [[-100.87626528879716, 21.33077751776461], [-100.87630358230123, 21.3307733139417]], [[-100.87630358230123, 21.3307733139417], [-100.87629909555535, 21.330737435106272]], [[-100.8762608020603, 21.330741638927496], [-100.87629909555535, 21.330737435106272]], [[-100.87629909555535, 21.330737435106272], [-100.87629460881239, 21.330701556270416]], [[-100.87625631532634, 21.33070576008996], [-100.87629460881239, 21.330701556270416]], [[-100.87629460881239, 21.330701556270416], [-100.87629012207233, 21.330665677434137]], [[-100.87625182859531, 21.330669881251996], [-100.87629012207233, 21.330665677434137]], [[-100.87633498960363, 21.331024465777798], [-100.87637328316795, 21.33102026193454]], [[-100.87637328316795, 21.33102026193454], [-100.87636879639273, 21.330984383103768]], [[-100.87633050283745, 21.33098858694535], [-100.87636879639273, 21.330984383103768]], [[-100.87636879639273, 21.330984383103768], [-100.8763643096204, 21.330948504272577]], [[-100.87632601607415, 21.33095270811247], [-100.8763643096204, 21.330948504272577]], [[-100.8763643096204, 21.330948504272577], [-100.876359822851, 21.33091262544096]], [[-100.87632152931374, 21.330916829279165], [-100.876359822851, 21.33091262544096]], [[-100.876359822851, 21.33091262544096], [-100.87635533608449, 21.330876746608908]], [[-100.87631704255625, 21.330880950445437], [-100.87635533608449, 21.330876746608908]], [[-100.87635533608449, 21.330876746608908], [-100.87635084932089, 21.330840867776438]], [[-100.87631255580168, 21.330845071611282], [-100.87635084932089, 21.330840867776438]], [[-100.87635084932089, 21.330840867776438], [-100.87634636256018, 21.330804988943534]], [[-100.87630806905, 21.330809192776705], [-100.87634636256018, 21.330804988943534]], [[-100.87634636256018, 21.330804988943534], [-100.8763418758024, 21.330769110110214]], [[-100.87630358230123, 21.3307733139417], [-100.8763418758024, 21.330769110110214]], [[-100.8763418758024, 21.330769110110214], [-100.8763373890475, 21.33073323127647]], [[-100.87629909555535, 21.330737435106272], [-100.8763373890475, 21.33073323127647]], [[-100.8763373890475, 21.33073323127647], [-100.87633290229553, 21.330697352442296]], [[-100.87629460881239, 21.330701556270416], [-100.87633290229553, 21.330697352442296]], [[-100.87633290229553, 21.330697352442296], [-100.87632841554645, 21.330661473607698]], [[-100.87629012207233, 21.330665677434137], [-100.87632841554645, 21.330661473607698]], [[-100.876359822851, 21.33091262544096], [-100.87639811638533, 21.33090842159417]], [[-100.87639811638533, 21.33090842159417], [-100.87639362960981, 21.330872542763803]], [[-100.87635533608449, 21.330876746608908], [-100.87639362960981, 21.330872542763803]], [[-100.87639362960981, 21.330872542763803], [-100.87638914283718, 21.330836663933017]], [[-100.87635084932089, 21.330840867776438], [-100.87638914283718, 21.330836663933017]], [[-100.87638914283718, 21.330836663933017], [-100.87638465606747, 21.330800785101808]], [[-100.87634636256018, 21.330804988943534], [-100.87638465606747, 21.330800785101808]], [[-100.87638465606747, 21.330800785101808], [-100.87638016930066, 21.33076490627016]], [[-100.8763418758024, 21.330769110110214], [-100.87638016930066, 21.33076490627016]], [[-100.87638016930066, 21.33076490627016], [-100.87637568253675, 21.330729027438096]], [[-100.8763373890475, 21.33073323127647], [-100.87637568253675, 21.330729027438096]], [[-100.87637568253675, 21.330729027438096], [-100.87637119577575, 21.330693148605604]], [[-100.87633290229553, 21.330697352442296], [-100.87637119577575, 21.330693148605604]], [[-100.87637119577575, 21.330693148605604], [-100.87636670901765, 21.33065726977269]], [[-100.87632841554645, 21.330661473607698], [-100.87636670901765, 21.33065726977269]], [[-100.87638465606747, 21.330800785101808], [-100.87642294957185, 21.33079658125149]], [[-100.87642294957185, 21.33079658125149], [-100.87641846279601, 21.330760702421532]], [[-100.87638016930066, 21.33076490627016], [-100.87641846279601, 21.330760702421532]], [[-100.87641846279601, 21.330760702421532], [-100.87641397602309, 21.330724823591147]], [[-100.87637568253675, 21.330729027438096], [-100.87641397602309, 21.330724823591147]], [[-100.87641397602309, 21.330724823591147], [-100.87640948925306, 21.330688944760343]], [[-100.87637119577575, 21.330693148605604], [-100.87640948925306, 21.330688944760343]], [[-100.87640948925306, 21.330688944760343], [-100.87640500248595, 21.330653065929106]], [[-100.87636670901765, 21.33065726977269], [-100.87640500248595, 21.330653065929106]]]}}]}