{"type": "FeatureCollection", "features": [{"type": "Feature", "properties": {"artifact_id": "fadd1f8e96424fa1b85440b44e2fd76c"}, "geometry": {"type": "MultiLineString", "coordinates": [[[-100.8759315097815, 21.333401697705305], [-100.87589303324413, 21.333404017978747]], [[-100.8759315097815, 21.333401697705305], [-100.87592903330368, 21.333365648031066]], [[-100.87592903330368, 21.333365648031066], [-100.87589055677557, 21.333367968303246]], [[-100.87589303324413, 21.333404017978747], [-100.87589055677557, 21.333367968303246]], [[-100.87589303324413, 21.333404017978747], [-100.87585455670482, 21.333406338243456]], [[-100.87589055677557, 21.333367968303246], [-100.87585208024554, 21.333370288566723]], [[-100.87585455670482, 21.333406338243456], [-100.87585208024554, 21.333370288566723]], [[-100.87585455670482, 21.333406338243456], [-100.87581608016355, 21.333408658499444]], [[-100.87585208024554, 21.333370288566723], [-100.87581360371355, 21.33337260882146]], [[-100.87581608016355, 21.333408658499444], [-100.87581360371355, 21.33337260882146]], [[-100.87581608016355, 21.333408658499444], [-100.87577760362034, 21.33341097874671]], [[-100.87581360371355, 21.33337260882146], [-100.87577512717961, 21.333374929067464]], [[-100.87577760362034, 21.33341097874671], [-100.87577512717961, 21.333374929067464]], [[-100.87577760362034, 21.33341097874671], [-100.87573912707518, 21.33341329898524]], [[-100.87577512717961, 21.333374929067464], [-100.87573665064373, 21.33337724930475]], [[-100.87573912707518, 21.33341329898524], [-100.87573665064373, 21.33337724930475]], [[-100.87592903330368, 21.333365648031066], [-100.8759265568278, 21.333329598356546]], [[-100.8759265568278, 21.333329598356546], [-100.875888080309, 21.333331918627483]], [[-100.87589055677557, 21.333367968303246], [-100.875888080309, 21.333331918627483]], [[-100.875888080309, 21.333331918627483], [-100.87584960378823, 21.3333342388897]], [[-100.87585208024554, 21.333370288566723], [-100.87584960378823, 21.3333342388897]], [[-100.87584960378823, 21.3333342388897], [-100.87581112726551, 21.333336559143195]], [[-100.87581360371355, 21.33337260882146], [-100.87581112726551, 21.333336559143195]], [[-100.87581112726551, 21.333336559143195], [-100.87577265074084, 21.33333887938796]], [[-100.87577512717961, 21.333374929067464], [-100.87577265074084, 21.33333887938796]], [[-100.87577265074084, 21.33333887938796], [-100.87573417421423, 21.333341199623998]], [[-100.87573665064373, 21.33337724930475], [-100.87573417421423, 21.333341199623998]], [[-100.87573665064373, 21.33337724930475], [-100.8756981741059, 21.333379569533314]], [[-100.87573417421423, 21.333341199623998], [-100.87569569768569, 21.333343519851308]], [[-100.8756981741059, 21.333379569533314], [-100.87569569768569, 21.333343519851308]], [[-100.8759265568278, 21.333329598356546], [-100.87592408035388, 21.33329354868175]], [[-100.87592408035388, 21.33329354868175], [-100.87588560384434, 21.33329586895145]], [[-100.875888080309, 21.333331918627483], [-100.87588560384434, 21.33329586895145]], [[-100.87588560384434, 21.33329586895145], [-100.87584712733285, 21.333298189212417]], [[-100.87584960378823, 21.3333342388897], [-100.87584712733285, 21.333298189212417]], [[-100.87584712733285, 21.333298189212417], [-100.87580865081941, 21.333300509464664]], [[-100.87581112726551, 21.333336559143195], [-100.87580865081941, 21.333300509464664]], [[-100.87580865081941, 21.333300509464664], [-100.87577017430402, 21.333302829708177]], [[-100.87577265074084, 21.33333887938796], [-100.87577017430402, 21.333302829708177]], [[-100.87577017430402, 21.333302829708177], [-100.87573169778669, 21.333305149942973]], [[-100.87573417421423, 21.333341199623998], [-100.87573169778669, 21.333305149942973]], [[-100.87573169778669, 21.333305149942973], [-100.87569322126741, 21.33330747016904]], [[-100.87569569768569, 21.333343519851308], [-100.87569322126741, 21.33330747016904]], [[-100.87569569768569, 21.333343519851308], [-100.8756572211552, 21.3333458400699]], [[-100.87569322126741, 21.33330747016904], [-100.87565474474619, 21.333309790386377]], [[-100.8756572211552, 21.3333458400699], [-100.87565474474619, 21.333309790386377]], [[-100.8756572211552, 21.3333458400699], [-100.87561874462273, 21.33334816027975]], [[-100.87565474474619, 21.333309790386377], [-100.87561626822301, 21.33331211059499]], [[-100.87561874462273, 21.33334816027975], [-100.87561626822301, 21.33331211059499]], [[-100.87596255686148, 21.33329122840332], [-100.87592408035388, 21.33329354868175]], [[-100.87596255686148, 21.33329122840332], [-100.87596008038024, 21.333255178729505]], [[-100.87596008038024, 21.333255178729505], [-100.8759216038819, 21.33325749900668]], [[-100.87592408035388, 21.33329354868175], [-100.8759216038819, 21.33325749900668]], [[-100.8759216038819, 21.33325749900668], [-100.87588312738164, 21.33325981927514]], [[-100.87588560384434, 21.33329586895145], [-100.87588312738164, 21.33325981927514]], [[-100.87588312738164, 21.33325981927514], [-100.87584465087943, 21.333262139534863]], [[-100.87584712733285, 21.333298189212417], [-100.87584465087943, 21.333262139534863]], [[-100.87584465087943, 21.333262139534863], [-100.87580617437526, 21.333264459785866]], [[-100.87580865081941, 21.333300509464664], [-100.87580617437526, 21.333264459785866]], [[-100.87580617437526, 21.333264459785866], [-100.87576769786914, 21.333266780028133]], [[-100.87577017430402, 21.333302829708177], [-100.87576769786914, 21.333266780028133]], [[-100.87576769786914, 21.333266780028133], [-100.87572922136108, 21.333269100261678]], [[-100.87573169778669, 21.333305149942973], [-100.87572922136108, 21.333269100261678]], [[-100.87572922136108, 21.333269100261678], [-100.87569074485107, 21.333271420486497]], [[-100.87569322126741, 21.33330747016904], [-100.87569074485107, 21.333271420486497]], [[-100.87569074485107, 21.333271420486497], [-100.87565226833912, 21.333273740702587]], [[-100.87565474474619, 21.333309790386377], [-100.87565226833912, 21.333273740702587]], [[-100.87565226833912, 21.333273740702587], [-100.87561379182523, 21.33327606090995]], [[-100.87561626822301, 21.33331211059499], [-100.87561379182523, 21.33327606090995]], [[-100.87561626822301, 21.33331211059499], [-100.87557779169789, 21.333314430794868]], [[-100.87561379182523, 21.33327606090995], [-100.87557531530939, 21.333278381108588]], [[-100.87557779169789, 21.333314430794868], [-100.87557531530939, 21.333278381108588]], [[-100.87596008038024, 21.333255178729505], [-100.87595760390093, 21.33321912905542]], [[-100.87595760390093, 21.33321912905542], [-100.87591912741188, 21.33322144933135]], [[-100.8759216038819, 21.33325749900668], [-100.87591912741188, 21.33322144933135]], [[-100.87591912741188, 21.33322144933135], [-100.87588065092088, 21.333223769598554]], [[-100.87588312738164, 21.33325981927514], [-100.87588065092088, 21.333223769598554]], [[-100.87588065092088, 21.333223769598554], [-100.87584217442793, 21.333226089857035]], [[-100.87584465087943, 21.333262139534863], [-100.87584217442793, 21.333226089857035]], [[-100.87584217442793, 21.333226089857035], [-100.87580369793305, 21.333228410106784]], [[-100.87580617437526, 21.333264459785866], [-100.87580369793305, 21.333228410106784]], [[-100.87580369793305, 21.333228410106784], [-100.8757652214362, 21.33323073034781]], [[-100.87576769786914, 21.333266780028133], [-100.8757652214362, 21.33323073034781]], [[-100.8757652214362, 21.33323073034781], [-100.87572674493742, 21.33323305058011]], [[-100.87572922136108, 21.333269100261678], [-100.87572674493742, 21.33323305058011]], [[-100.87572674493742, 21.33323305058011], [-100.8756882684367, 21.333235370803678]], [[-100.87569074485107, 21.333271420486497], [-100.8756882684367, 21.333235370803678]], [[-100.8756882684367, 21.333235370803678], [-100.87564979193402, 21.333237691018525]], [[-100.87565226833912, 21.333273740702587], [-100.87564979193402, 21.333237691018525]], [[-100.87564979193402, 21.333237691018525], [-100.8756113154294, 21.333240011224643]], [[-100.87561379182523, 21.33327606090995], [-100.8756113154294, 21.333240011224643]], [[-100.8756113154294, 21.333240011224643], [-100.87557283892284, 21.333242331422024]], [[-100.87557531530939, 21.333278381108588], [-100.87557283892284, 21.333242331422024]], [[-100.87557531530939, 21.333278381108588], [-100.8755368387916, 21.333280701298495]], [[-100.87557283892284, 21.333242331422024], [-100.87553436241431, 21.33324465161069]], [[-100.8755368387916, 21.333280701298495], [-100.87553436241431, 21.33324465161069]], [[-100.8755368387916, 21.333280701298495], [-100.87549836227187, 21.333283021479684]], [[-100.87553436241431, 21.33324465161069], [-100.87549588590385, 21.333246971790626]], [[-100.87549836227187, 21.333283021479684], [-100.87549588590385, 21.333246971790626]], [[-100.87595760390093, 21.33321912905542], [-100.87595512742358, 21.33318307938106]], [[-100.87595512742358, 21.33318307938106], [-100.8759166509438, 21.333185399655747]], [[-100.87591912741188, 21.33322144933135], [-100.8759166509438, 21.333185399655747]], [[-100.8759166509438, 21.333185399655747], [-100.87587817446207, 21.333187719921707]], [[-100.87588065092088, 21.333223769598554], [-100.87587817446207, 21.333187719921707]], [[-100.87587817446207, 21.333187719921707], [-100.8758396979784, 21.333190040178934]], [[-100.87584217442793, 21.333226089857035], [-100.8758396979784, 21.333190040178934]], [[-100.8758396979784, 21.333190040178934], [-100.87580122149278, 21.333192360427443]], [[-100.87580369793305, 21.333228410106784], [-100.87580122149278, 21.333192360427443]], [[-100.87580122149278, 21.333192360427443], [-100.87576274500522, 21.333194680667216]], [[-100.8757652214362, 21.33323073034781], [-100.87576274500522, 21.333194680667216]], [[-100.87576274500522, 21.333194680667216], [-100.87572426851573, 21.33319700089827]], [[-100.87572674493742, 21.33323305058011], [-100.87572426851573, 21.33319700089827]], [[-100.87572426851573, 21.33319700089827], [-100.87568579202426, 21.33319932112059]], [[-100.8756882684367, 21.333235370803678], [-100.87568579202426, 21.33319932112059]], [[-100.87568579202426, 21.33319932112059], [-100.87564731553086, 21.33320164133418]], [[-100.87564979193402, 21.333237691018525], [-100.87564731553086, 21.33320164133418]], [[-100.87564731553086, 21.33320164133418], [-100.87560883903551, 21.333203961539052]], [[-100.8756113154294, 21.333240011224643], [-100.87560883903551, 21.333203961539052]], [[-100.87560883903551, 21.333203961539052], [-100.87557036253823, 21.333206281735194]], [[-100.87557283892284, 21.333242331422024], [-100.87557036253823, 21.333206281735194]], [[-100.87557036253823, 21.333206281735194], [-100.87553188603897, 21.333208601922614]], [[-100.87553436241431, 21.33324465161069], [-100.87553188603897, 21.333208601922614]], [[-100.87553188603897, 21.333208601922614], [-100.87549340953778, 21.33321092210131]], [[-100.87549588590385, 21.333246971790626], [-100.87549340953778, 21.33321092210131]], [[-100.87549588590385, 21.333246971790626], [-100.87545740939144, 21.33324929196183]], [[-100.87549340953778, 21.33321092210131], [-100.87545493303466, 21.33321324227127]], [[-100.87545740939144, 21.33324929196183], [-100.87545493303466, 21.33321324227127]], [[-100.87545740939144, 21.33324929196183], [-100.8754189328771, 21.333251612124315]], [[-100.87545493303466, 21.33321324227127], [-100.87541645652956, 21.333215562432503]], [[-100.8754189328771, 21.333251612124315], [-100.87541645652956, 21.333215562432503]], [[-100.87595512742358, 21.33318307938106], [-100.87595265094815, 21.333147029706428]], [[-100.87595265094815, 21.333147029706428], [-100.87591417447766, 21.333149349979866]], [[-100.8759166509438, 21.333185399655747], [-100.87591417447766, 21.333149349979866]], [[-100.87591417447766, 21.333149349979866], [-100.8758756980052, 21.333151670244575]], [[-100.87587817446207, 21.333187719921707], [-100.8758756980052, 21.333151670244575]], [[-100.8758756980052, 21.333151670244575], [-100.87583722153082, 21.333153990500563]], [[-100.8758396979784, 21.333190040178934], [-100.87583722153082, 21.333153990500563]], [[-100.87583722153082, 21.333153990500563], [-100.87579874505447, 21.333156310747817]], [[-100.87580122149278, 21.333192360427443], [-100.87579874505447, 21.333156310747817]], [[-100.87579874505447, 21.333156310747817], [-100.87576026857619, 21.333158630986343]], [[-100.87576274500522, 21.333194680667216], [-100.87576026857619, 21.333158630986343]], [[-100.87576026857619, 21.333158630986343], [-100.87572179209594, 21.333160951216154]], [[-100.87572426851573, 21.33319700089827], [-100.87572179209594, 21.333160951216154]], [[-100.87572179209594, 21.333160951216154], [-100.87568331561377, 21.33316327143723]], [[-100.87568579202426, 21.33319932112059], [-100.87568331561377, 21.33316327143723]], [[-100.87568331561377, 21.33316327143723], [-100.87564483912965, 21.33316559164958]], [[-100.87564731553086, 21.33320164133418], [-100.87564483912965, 21.33316559164958]], [[-100.87564483912965, 21.33316559164958], [-100.87560636264357, 21.333167911853202]], [[-100.87560883903551, 21.333203961539052], [-100.87560636264357, 21.333167911853202]], [[-100.87560636264357, 21.333167911853202], [-100.87556788615555, 21.3331702320481]], [[-100.87557036253823, 21.333206281735194], [-100.87556788615555, 21.3331702320481]], [[-100.87556788615555, 21.3331702320481], [-100.87552940966559, 21.333172552234267]], [[-100.87553188603897, 21.333208601922614], [-100.87552940966559, 21.333172552234267]], [[-100.87552940966559, 21.333172552234267], [-100.87549093317368, 21.33317487241171]], [[-100.87549340953778, 21.33321092210131], [-100.87549093317368, 21.33317487241171]], [[-100.87549093317368, 21.33317487241171], [-100.87545245667981, 21.33317719258043]], [[-100.87545493303466, 21.33321324227127], [-100.87545245667981, 21.33317719258043]], [[-100.87545245667981, 21.33317719258043], [-100.875413980184, 21.333179512740415]], [[-100.87541645652956, 21.333215562432503], [-100.875413980184, 21.333179512740415]], [[-100.87541645652956, 21.333215562432503], [-100.87537798002255, 21.333217882585014]], [[-100.875413980184, 21.333179512740415], [-100.87537550368626, 21.33318183289168]], [[-100.87537798002255, 21.333217882585014], [-100.87537550368626, 21.33318183289168]], [[-100.87599112741671, 21.333144709424264], [-100.87595265094815, 21.333147029706428]], [[-100.87599112741671, 21.333144709424264], [-100.87598865093398, 21.333108659750614]], [[-100.87598865093398, 21.333108659750614], [-100.8759501744747, 21.333110980031528]], [[-100.87595265094815, 21.333147029706428], [-100.8759501744747, 21.333110980031528]], [[-100.8759501744747, 21.333110980031528], [-100.87591169801345, 21.333113300303715]], [[-100.87591417447766, 21.333149349979866], [-100.87591169801345, 21.333113300303715]], [[-100.87591169801345, 21.333113300303715], [-100.8758732215503, 21.33311562056718]], [[-100.8758756980052, 21.333151670244575], [-100.8758732215503, 21.33311562056718]], [[-100.8758732215503, 21.33311562056718], [-100.87583474508517, 21.333117940821918]], [[-100.87583722153082, 21.333153990500563], [-100.87583474508517, 21.333117940821918]], [[-100.87583474508517, 21.333117940821918], [-100.8757962686181, 21.33312026106793]], [[-100.87579874505447, 21.333156310747817], [-100.8757962686181, 21.33312026106793]], [[-100.8757962686181, 21.33312026106793], [-100.87575779214909, 21.33312258130521]], [[-100.87576026857619, 21.333158630986343], [-100.87575779214909, 21.33312258130521]], [[-100.87575779214909, 21.33312258130521], [-100.87571931567814, 21.33312490153377]], [[-100.87572179209594, 21.333160951216154], [-100.87571931567814, 21.33312490153377]], [[-100.87571931567814, 21.33312490153377], [-100.87568083920523, 21.333127221753596]], [[-100.87568331561377, 21.33316327143723], [-100.87568083920523, 21.333127221753596]], [[-100.87568083920523, 21.333127221753596], [-100.87564236273037, 21.333129541964702]], [[-100.87564483912965, 21.33316559164958], [-100.87564236273037, 21.333129541964702]], [[-100.87564236273037, 21.333129541964702], [-100.87560388625357, 21.333131862167075]], [[-100.87560636264357, 21.333167911853202], [-100.87560388625357, 21.333131862167075]], [[-100.87560388625357, 21.333131862167075], [-100.87556540977484, 21.333134182360727]], [[-100.87556788615555, 21.3331702320481], [-100.87556540977484, 21.333134182360727]], [[-100.87556540977484, 21.333134182360727], [-100.87552693329414, 21.33313650254565]], [[-100.87552940966559, 21.333172552234267], [-100.87552693329414, 21.33313650254565]], [[-100.87552693329414, 21.33313650254565], [-100.8754884568115, 21.33313882272185]], [[-100.87549093317368, 21.33317487241171], [-100.8754884568115, 21.33313882272185]], [[-100.8754884568115, 21.33313882272185], [-100.87544998032692, 21.333141142889314]], [[-100.87545245667981, 21.33317719258043], [-100.87544998032692, 21.333141142889314]], [[-100.87544998032692, 21.333141142889314], [-100.87541150384038, 21.33314346304806]], [[-100.875413980184, 21.333179512740415], [-100.87541150384038, 21.33314346304806]], [[-100.87541150384038, 21.33314346304806], [-100.87537302735191, 21.33314578319807]], [[-100.87537550368626, 21.33318183289168], [-100.87537302735191, 21.33314578319807]], [[-100.87537550368626, 21.33318183289168], [-100.87533702718656, 21.33318415303422]], [[-100.87537302735191, 21.33314578319807], [-100.8753345508615, 21.33314810333936]], [[-100.87533702718656, 21.33318415303422], [-100.8753345508615, 21.33314810333936]], [[-100.87533702718656, 21.33318415303422], [-100.87529855068492, 21.33318647316802]], [[-100.8753345508615, 21.33314810333936], [-100.87529607436912, 21.333150423471917]], [[-100.87529855068492, 21.33318647316802], [-100.87529607436912, 21.333150423471917]], [[-100.87598865093398, 21.333108659750614], [-100.87598617445317, 21.333072610076677]], [[-100.87598617445317, 21.333072610076677], [-100.87594769800317, 21.33307493035635]], [[-100.8759501744747, 21.333110980031528], [-100.87594769800317, 21.33307493035635]], [[-100.87594769800317, 21.33307493035635], [-100.87590922155123, 21.333077250627294]], [[-100.87591169801345, 21.333113300303715], [-100.87590922155123, 21.333077250627294]], [[-100.87590922155123, 21.333077250627294], [-100.87587074509732, 21.33307957088951]], [[-100.8758732215503, 21.33311562056718], [-100.87587074509732, 21.33307957088951]], [[-100.87587074509732, 21.33307957088951], [-100.87583226864147, 21.333081891143003]], [[-100.87583474508517, 21.333117940821918], [-100.87583226864147, 21.333081891143003]], [[-100.87583226864147, 21.333081891143003], [-100.87579379218369, 21.33308421138776]], [[-100.8757962686181, 21.33312026106793], [-100.87579379218369, 21.33308421138776]], [[-100.87579379218369, 21.33308421138776], [-100.87575531572395, 21.3330865316238]], [[-100.87575779214909, 21.33312258130521], [-100.87575531572395, 21.3330865316238]], [[-100.87575531572395, 21.3330865316238], [-100.87571683926225, 21.333088851851116]], [[-100.87571931567814, 21.33312490153377], [-100.87571683926225, 21.333088851851116]], [[-100.87571683926225, 21.333088851851116], [-100.87567836279862, 21.333091172069697]], [[-100.87568083920523, 21.333127221753596], [-100.87567836279862, 21.333091172069697]], [[-100.87567836279862, 21.333091172069697], [-100.87563988633305, 21.333093492279556]], [[-100.87564236273037, 21.333129541964702], [-100.87563988633305, 21.333093492279556]], [[-100.87563988633305, 21.333093492279556], [-100.87560140986554, 21.333095812480682]], [[-100.87560388625357, 21.333131862167075], [-100.87560140986554, 21.333095812480682]], [[-100.87560140986554, 21.333095812480682], [-100.87556293339605, 21.333098132673083]], [[-100.87556540977484, 21.333134182360727], [-100.87556293339605, 21.333098132673083]], [[-100.87556293339605, 21.333098132673083], [-100.87552445692464, 21.33310045285676]], [[-100.87552693329414, 21.33313650254565], [-100.87552445692464, 21.33310045285676]], [[-100.87552445692464, 21.33310045285676], [-100.87548598045127, 21.33310277303171]], [[-100.8754884568115, 21.33313882272185], [-100.87548598045127, 21.33310277303171]], [[-100.87548598045127, 21.33310277303171], [-100.87544750397598, 21.333105093197933]], [[-100.87544998032692, 21.333141142889314], [-100.87544750397598, 21.333105093197933]], [[-100.87544750397598, 21.333105093197933], [-100.87540902749872, 21.33310741335542]], [[-100.87541150384038, 21.33314346304806], [-100.87540902749872, 21.33310741335542]], [[-100.87540902749872, 21.33310741335542], [-100.8753705510195, 21.33310973350419]], [[-100.87537302735191, 21.33314578319807], [-100.8753705510195, 21.33310973350419]], [[-100.8753705510195, 21.33310973350419], [-100.87533207453836, 21.333112053644236]], [[-100.8753345508615, 21.33314810333936], [-100.87533207453836, 21.333112053644236]], [[-100.87533207453836, 21.333112053644236], [-100.87529359805526, 21.333114373775548]], [[-100.87529607436912, 21.333150423471917], [-100.87529359805526, 21.333114373775548]], [[-100.87529607436912, 21.333150423471917], [-100.8752575978748, 21.33315274359575]], [[-100.87529359805526, 21.333114373775548], [-100.87525512157023, 21.333116693898138]], [[-100.8752575978748, 21.33315274359575], [-100.87525512157023, 21.333116693898138]], [[-100.87598617445317, 21.333072610076677], [-100.87598369797433, 21.333036560402483]], [[-100.87598369797433, 21.333036560402483], [-100.8759452215336, 21.333038880680903]], [[-100.87594769800317, 21.33307493035635], [-100.8759452215336, 21.333038880680903]], [[-100.8759452215336, 21.333038880680903], [-100.87590674509092, 21.333041200950603]], [[-100.87590922155123, 21.333077250627294], [-100.87590674509092, 21.333041200950603]], [[-100.87590674509092, 21.333041200950603], [-100.8758682686463, 21.333043521211575]], [[-100.87587074509732, 21.33307957088951], [-100.8758682686463, 21.333043521211575]], [[-100.8758682686463, 21.333043521211575], [-100.87582979219972, 21.333045841463818]], [[-100.87583226864147, 21.333081891143003], [-100.87582979219972, 21.333045841463818]], [[-100.87582979219972, 21.333045841463818], [-100.8757913157512, 21.333048161707335]], [[-100.87579379218369, 21.33308421138776], [-100.8757913157512, 21.333048161707335]], [[-100.8757913157512, 21.333048161707335], [-100.87575283930074, 21.333050481942124]], [[-100.87575531572395, 21.3330865316238], [-100.87575283930074, 21.333050481942124]], [[-100.87575283930074, 21.333050481942124], [-100.87571436284834, 21.333052802168186]], [[-100.87571683926225, 21.333088851851116], [-100.87571436284834, 21.333052802168186]], [[-100.87571436284834, 21.333052802168186], [-100.87567588639398, 21.333055122385524]], [[-100.87567836279862, 21.333091172069697], [-100.87567588639398, 21.333055122385524]], [[-100.87567588639398, 21.333055122385524], [-100.87563740993767, 21.33305744259413]], [[-100.87563988633305, 21.333093492279556], [-100.87563740993767, 21.33305744259413]], [[-100.87563740993767, 21.33305744259413], [-100.87559893347942, 21.333059762794015]], [[-100.87560140986554, 21.333095812480682], [-100.87559893347942, 21.333059762794015]], [[-100.87559893347942, 21.333059762794015], [-100.87556045701923, 21.33306208298517]], [[-100.87556293339605, 21.333098132673083], [-100.87556045701923, 21.33306208298517]], [[-100.87556045701923, 21.33306208298517], [-100.8755219805571, 21.333064403167594]], [[-100.87552445692464, 21.33310045285676], [-100.8755219805571, 21.333064403167594]], [[-100.8755219805571, 21.333064403167594], [-100.87548350409301, 21.333066723341293]], [[-100.87548598045127, 21.33310277303171], [-100.87548350409301, 21.333066723341293]], [[-100.87548350409301, 21.333066723341293], [-100.87544502762697, 21.33306904350627]], [[-100.87544750397598, 21.333105093197933], [-100.87544502762697, 21.33306904350627]], [[-100.87544502762697, 21.33306904350627], [-100.87540655115899, 21.333071363662523]], [[-100.87540902749872, 21.33310741335542], [-100.87540655115899, 21.333071363662523]], [[-100.87540655115899, 21.333071363662523], [-100.87536807468906, 21.33307368381004]], [[-100.8753705510195, 21.33310973350419], [-100.87536807468906, 21.33307368381004]], [[-100.87536807468906, 21.33307368381004], [-100.87532959821719, 21.33307600394884]], [[-100.87533207453836, 21.333112053644236], [-100.87532959821719, 21.33307600394884]], [[-100.87532959821719, 21.33307600394884], [-100.87529112174337, 21.333078324078908]], [[-100.87529359805526, 21.333114373775548], [-100.87529112174337, 21.333078324078908]], [[-100.87529112174337, 21.333078324078908], [-100.87525264526761, 21.33308064420025]], [[-100.87525512157023, 21.333116693898138], [-100.87525264526761, 21.33308064420025]], [[-100.87525512157023, 21.333116693898138], [-100.87521664508324, 21.333119014011995]], [[-100.87525264526761, 21.33308064420025], [-100.8752141687899, 21.333082964312865]], [[-100.87521664508324, 21.333119014011995], [-100.8752141687899, 21.333082964312865]], [[-100.87521664508324, 21.333119014011995], [-100.8751781685943, 21.333121334117134]], [[-100.8752141687899, 21.333082964312865], [-100.87517569231024, 21.33308528441675]], [[-100.8751781685943, 21.333121334117134], [-100.87517569231024, 21.33308528441675]], [[-100.87598369797433, 21.333036560402483], [-100.87598122149743, 21.33300051072801]], [[-100.87598122149743, 21.33300051072801], [-100.87594274506597, 21.33300283100519]], [[-100.8759452215336, 21.333038880680903], [-100.87594274506597, 21.33300283100519]], [[-100.87594274506597, 21.33300283100519], [-100.87590426863257, 21.333005151273635]], [[-100.87590674509092, 21.333041200950603], [-100.87590426863257, 21.333005151273635]], [[-100.87590426863257, 21.333005151273635], [-100.87586579219722, 21.33300747153336]], [[-100.8758682686463, 21.333043521211575], [-100.87586579219722, 21.33300747153336]], [[-100.87586579219722, 21.33300747153336], [-100.87582731575992, 21.33300979178436]], [[-100.87582979219972, 21.333045841463818], [-100.87582731575992, 21.33300979178436]], [[-100.87582731575992, 21.33300979178436], [-100.87578883932068, 21.333012112026623]], [[-100.8757913157512, 21.333048161707335], [-100.87578883932068, 21.333012112026623]], [[-100.87578883932068, 21.333012112026623], [-100.8757503628795, 21.33301443226017]], [[-100.87575283930074, 21.333050481942124], [-100.8757503628795, 21.33301443226017]], [[-100.8757503628795, 21.33301443226017], [-100.87571188643636, 21.333016752484983]], [[-100.87571436284834, 21.333052802168186], [-100.87571188643636, 21.333016752484983]], [[-100.87571188643636, 21.333016752484983], [-100.87567340999126, 21.333019072701074]], [[-100.87567588639398, 21.333055122385524], [-100.87567340999126, 21.333019072701074]], [[-100.87567340999126, 21.333019072701074], [-100.87563493354425, 21.333021392908435]], [[-100.87563740993767, 21.33305744259413], [-100.87563493354425, 21.333021392908435]], [[-100.87563493354425, 21.333021392908435], [-100.87559645709527, 21.33302371310707]], [[-100.87559893347942, 21.333059762794015], [-100.87559645709527, 21.33302371310707]], [[-100.87559645709527, 21.33302371310707], [-100.87555798064436, 21.333026033296978]], [[-100.87556045701923, 21.33306208298517], [-100.87555798064436, 21.333026033296978]], [[-100.87555798064436, 21.333026033296978], [-100.87551950419147, 21.33302835347816]], [[-100.8755219805571, 21.333064403167594], [-100.87551950419147, 21.33302835347816]], [[-100.87551950419147, 21.33302835347816], [-100.87548102773667, 21.33303067365062]], [[-100.87548350409301, 21.333066723341293], [-100.87548102773667, 21.33303067365062]], [[-100.87548102773667, 21.33303067365062], [-100.8754425512799, 21.333032993814346]], [[-100.87544502762697, 21.33306904350627], [-100.8754425512799, 21.333032993814346]], [[-100.8754425512799, 21.333032993814346], [-100.8754040748212, 21.333035313969347]], [[-100.87540655115899, 21.333071363662523], [-100.8754040748212, 21.333035313969347]], [[-100.8754040748212, 21.333035313969347], [-100.87536559836056, 21.333037634115616]], [[-100.87536807468906, 21.33307368381004], [-100.87536559836056, 21.333037634115616]], [[-100.87536559836056, 21.333037634115616], [-100.87532712189795, 21.333039954253174]], [[-100.87532959821719, 21.33307600394884], [-100.87532712189795, 21.333039954253174]], [[-100.87532712189795, 21.333039954253174], [-100.8752886454334, 21.333042274381985]], [[-100.87529112174337, 21.333078324078908], [-100.8752886454334, 21.333042274381985]], [[-100.8752886454334, 21.333042274381985], [-100.87525016896691, 21.33304459450209]], [[-100.87525264526761, 21.33308064420025], [-100.87525016896691, 21.33304459450209]], [[-100.87525016896691, 21.33304459450209], [-100.87521169249847, 21.333046914613455]], [[-100.8752141687899, 21.333082964312865], [-100.87521169249847, 21.333046914613455]], [[-100.87521169249847, 21.333046914613455], [-100.87517321602809, 21.333049234716096]], [[-100.87517569231024, 21.33308528441675], [-100.87517321602809, 21.333049234716096]], [[-100.87517569231024, 21.33308528441675], [-100.87513721582862, 21.333087604511906]], [[-100.87517321602809, 21.333049234716096], [-100.87513473955576, 21.33305155481001]], [[-100.87513721582862, 21.333087604511906], [-100.87513473955576, 21.33305155481001]], [[-100.87601969792695, 21.332998190442108], [-100.87598122149743, 21.33300051072801]], [[-100.87601969792695, 21.332998190442108], [-100.87601722144271, 21.332962140768608]], [[-100.87601722144271, 21.332962140768608], [-100.87597874502248, 21.33296446105327]], [[-100.87598122149743, 21.33300051072801], [-100.87597874502248, 21.33296446105327]], [[-100.87597874502248, 21.33296446105327], [-100.8759402686003, 21.332966781329198]], [[-100.87594274506597, 21.33300283100519], [-100.8759402686003, 21.332966781329198]], [[-100.8759402686003, 21.332966781329198], [-100.87590179217617, 21.332969101596404]], [[-100.87590426863257, 21.333005151273635], [-100.87590179217617, 21.332969101596404]], [[-100.87590179217617, 21.332969101596404], [-100.87586331575008, 21.332971421854875]], [[-100.87586579219722, 21.33300747153336], [-100.87586331575008, 21.332971421854875]], [[-100.87586331575008, 21.332971421854875], [-100.87582483932206, 21.332973742104627]], [[-100.87582731575992, 21.33300979178436], [-100.87582483932206, 21.332973742104627]], [[-100.87582483932206, 21.332973742104627], [-100.8757863628921, 21.332976062345647]], [[-100.87578883932068, 21.333012112026623], [-100.8757863628921, 21.332976062345647]], [[-100.8757863628921, 21.332976062345647], [-100.87574788646018, 21.332978382577945]], [[-100.8757503628795, 21.33301443226017], [-100.87574788646018, 21.332978382577945]], [[-100.87574788646018, 21.332978382577945], [-100.87570941002632, 21.332980702801507]], [[-100.87571188643636, 21.333016752484983], [-100.87570941002632, 21.332980702801507]], [[-100.87570941002632, 21.332980702801507], [-100.87567093359051, 21.332983023016354]], [[-100.87567340999126, 21.333019072701074], [-100.87567093359051, 21.332983023016354]], [[-100.87567093359051, 21.332983023016354], [-100.87563245715276, 21.33298534322247]], [[-100.87563493354425, 21.333021392908435], [-100.87563245715276, 21.33298534322247]], [[-100.87563245715276, 21.33298534322247], [-100.87559398071306, 21.33298766341986]], [[-100.87559645709527, 21.33302371310707], [-100.87559398071306, 21.33298766341986]], [[-100.87559398071306, 21.33298766341986], [-100.87555550427142, 21.332989983608517]], [[-100.87555798064436, 21.333026033296978], [-100.87555550427142, 21.332989983608517]], [[-100.87555550427142, 21.332989983608517], [-100.87551702782783, 21.33299230378846]], [[-100.87551950419147, 21.33302835347816], [-100.87551702782783, 21.33299230378846]], [[-100.87551702782783, 21.33299230378846], [-100.87547855138229, 21.332994623959664]], [[-100.87548102773667, 21.33303067365062], [-100.87547855138229, 21.332994623959664]], [[-100.87547855138229, 21.332994623959664], [-100.8754400749348, 21.332996944122147]], [[-100.8754425512799, 21.333032993814346], [-100.8754400749348, 21.332996944122147]], [[-100.8754400749348, 21.332996944122147], [-100.87540159848537, 21.3329992642759]], [[-100.8754040748212, 21.333035313969347], [-100.87540159848537, 21.3329992642759]], [[-100.87540159848537, 21.3329992642759], [-100.87536312203399, 21.333001584420934]], [[-100.87536559836056, 21.333037634115616], [-100.87536312203399, 21.333001584420934]], [[-100.87536312203399, 21.333001584420934], [-100.87532464558066, 21.33300390455723]], [[-100.87532712189795, 21.333039954253174], [-100.87532464558066, 21.33300390455723]], [[-100.87532464558066, 21.33300390455723], [-100.87528616912539, 21.33300622468481]], [[-100.8752886454334, 21.333042274381985], [-100.87528616912539, 21.33300622468481]], [[-100.87528616912539, 21.33300622468481], [-100.87524769266818, 21.333008544803654]], [[-100.87525016896691, 21.33304459450209], [-100.87524769266818, 21.333008544803654]], [[-100.87524769266818, 21.333008544803654], [-100.87520921620902, 21.33301086491378]], [[-100.87521169249847, 21.333046914613455], [-100.87520921620902, 21.33301086491378]], [[-100.87520921620902, 21.33301086491378], [-100.8751707397479, 21.33301318501517]], [[-100.87517321602809, 21.333049234716096], [-100.8751707397479, 21.33301318501517]], [[-100.8751707397479, 21.33301318501517], [-100.87513226328485, 21.333015505107834]], [[-100.87513473955576, 21.33305155481001], [-100.87513226328485, 21.333015505107834]], [[-100.87513473955576, 21.33305155481001], [-100.87509626308149, 21.333053874895196]], [[-100.87513226328485, 21.333015505107834], [-100.87509378681985, 21.33301782519177]], [[-100.87509626308149, 21.333053874895196], [-100.87509378681985, 21.33301782519177]], [[-100.87509626308149, 21.333053874895196], [-100.87505778660527, 21.333056194971658]], [[-100.87509378681985, 21.33301782519177], [-100.8750553103529, 21.33302014526699]], [[-100.87505778660527, 21.333056194971658], [-100.8750553103529, 21.33302014526699]], [[-100.87601722144271, 21.332962140768608], [-100.87601474496041, 21.332926091094848]], [[-100.87601474496041, 21.332926091094848], [-100.87597626854946, 21.33292841137826]], [[-100.87597874502248, 21.33296446105327], [-100.87597626854946, 21.33292841137826]], [[-100.87597626854946, 21.33292841137826], [-100.87593779213655, 21.332930731652937]], [[-100.8759402686003, 21.332966781329198], [-100.87593779213655, 21.332930731652937]], [[-100.87593779213655, 21.332930731652937], [-100.87589931572171, 21.3329330519189]], [[-100.87590179217617, 21.332969101596404], [-100.87589931572171, 21.3329330519189]], [[-100.87589931572171, 21.3329330519189], [-100.8758608393049, 21.332935372176124]], [[-100.87586331575008, 21.332971421854875], [-100.8758608393049, 21.332935372176124]], [[-100.8758608393049, 21.332935372176124], [-100.87582236288615, 21.332937692424622]], [[-100.87582483932206, 21.332973742104627], [-100.87582236288615, 21.332937692424622]], [[-100.87582236288615, 21.332937692424622], [-100.87578388646546, 21.3329400126644]], [[-100.8757863628921, 21.332976062345647], [-100.87578388646546, 21.3329400126644]], [[-100.87578388646546, 21.3329400126644], [-100.87574541004282, 21.33294233289545]], [[-100.87574788646018, 21.332978382577945], [-100.87574541004282, 21.33294233289545]], [[-100.87574541004282, 21.33294233289545], [-100.87570693361825, 21.332944653117767]], [[-100.87570941002632, 21.332980702801507], [-100.87570693361825, 21.332944653117767]], [[-100.87570693361825, 21.332944653117767], [-100.8756684571917, 21.332946973331367]], [[-100.87567093359051, 21.332983023016354], [-100.8756684571917, 21.332946973331367]], [[-100.8756684571917, 21.332946973331367], [-100.87562998076322, 21.33294929353623]], [[-100.87563245715276, 21.33298534322247], [-100.87562998076322, 21.33294929353623]], [[-100.87562998076322, 21.33294929353623], [-100.8755915043328, 21.332951613732373]], [[-100.87559398071306, 21.33298766341986], [-100.8755915043328, 21.332951613732373]], [[-100.8755915043328, 21.332951613732373], [-100.87555302790044, 21.332953933919786]], [[-100.87555550427142, 21.332989983608517], [-100.87555302790044, 21.332953933919786]], [[-100.87555302790044, 21.332953933919786], [-100.87551455146611, 21.33295625409848]], [[-100.87551702782783, 21.33299230378846], [-100.87551455146611, 21.33295625409848]], [[-100.87551455146611, 21.33295625409848], [-100.87547607502984, 21.332958574268442]], [[-100.87547855138229, 21.332994623959664], [-100.87547607502984, 21.332958574268442]], [[-100.87547607502984, 21.332958574268442], [-100.87543759859163, 21.33296089442968]], [[-100.8754400749348, 21.332996944122147], [-100.87543759859163, 21.33296089442968]], [[-100.87543759859163, 21.33296089442968], [-100.87539912215148, 21.332963214582183]], [[-100.87540159848537, 21.3329992642759], [-100.87539912215148, 21.332963214582183]], [[-100.87539912215148, 21.332963214582183], [-100.87536064570938, 21.332965534725968]], [[-100.87536312203399, 21.333001584420934], [-100.87536064570938, 21.332965534725968]], [[-100.87536064570938, 21.332965534725968], [-100.87532216926533, 21.332967854861018]], [[-100.87532464558066, 21.33300390455723], [-100.87532216926533, 21.332967854861018]], [[-100.87532216926533, 21.332967854861018], [-100.87528369281934, 21.33297017498735]], [[-100.87528616912539, 21.33300622468481], [-100.87528369281934, 21.33297017498735]], [[-100.87528369281934, 21.33297017498735], [-100.8752452163714, 21.332972495104944]], [[-100.87524769266818, 21.333008544803654], [-100.8752452163714, 21.332972495104944]], [[-100.8752452163714, 21.332972495104944], [-100.87520673992151, 21.33297481521382]], [[-100.87520921620902, 21.33301086491378], [-100.87520673992151, 21.33297481521382]], [[-100.87520673992151, 21.33297481521382], [-100.87516826346967, 21.332977135313968]], [[-100.8751707397479, 21.33301318501517], [-100.87516826346967, 21.332977135313968]], [[-100.87516826346967, 21.332977135313968], [-100.8751297870159, 21.332979455405386]], [[-100.87513226328485, 21.333015505107834], [-100.8751297870159, 21.332979455405386]], [[-100.8751297870159, 21.332979455405386], [-100.87509131056017, 21.332981775488086]], [[-100.87509378681985, 21.33301782519177], [-100.87509131056017, 21.332981775488086]], [[-100.87509131056017, 21.332981775488086], [-100.87505283410249, 21.332984095562047]], [[-100.8750553103529, 21.33302014526699], [-100.87505283410249, 21.332984095562047]], [[-100.8750553103529, 21.33302014526699], [-100.875016833884, 21.33302246533347]], [[-100.87505283410249, 21.332984095562047], [-100.87501435764287, 21.33298641562729]], [[-100.875016833884, 21.33302246533347], [-100.87501435764287, 21.33298641562729]], [[-100.875016833884, 21.33302246533347], [-100.87497835741317, 21.33302478539123]], [[-100.87501435764287, 21.33298641562729], [-100.8749758811813, 21.332988735683806]], [[-100.87497835741317, 21.33302478539123], [-100.8749758811813, 21.332988735683806]], [[-100.87601474496041, 21.332926091094848], [-100.8760122684801, 21.33289004142081]], [[-100.8760122684801, 21.33289004142081], [-100.87597379207841, 21.33289236170297]], [[-100.87597626854946, 21.33292841137826], [-100.87597379207841, 21.33289236170297]], [[-100.87597379207841, 21.33289236170297], [-100.87593531567478, 21.332894681976402]], [[-100.87593779213655, 21.332930731652937], [-100.87593531567478, 21.332894681976402]], [[-100.87593531567478, 21.332894681976402], [-100.87589683926919, 21.33289700224111]], [[-100.87589931572171, 21.3329330519189], [-100.87589683926919, 21.33289700224111]], [[-100.87589683926919, 21.33289700224111], [-100.87585836286166, 21.33289932249709]], [[-100.8758608393049, 21.332935372176124], [-100.87585836286166, 21.33289932249709]], [[-100.87585836286166, 21.33289932249709], [-100.87581988645219, 21.332901642744346]], [[-100.87582236288615, 21.332937692424622], [-100.87581988645219, 21.332901642744346]], [[-100.87581988645219, 21.332901642744346], [-100.87578141004079, 21.332903962982876]], [[-100.87578388646546, 21.3329400126644], [-100.87578141004079, 21.332903962982876]], [[-100.87578141004079, 21.332903962982876], [-100.87574293362741, 21.33290628321268]], [[-100.87574541004282, 21.33294233289545], [-100.87574293362741, 21.33290628321268]], [[-100.87574293362741, 21.33290628321268], [-100.8757044572121, 21.33290860343375]], [[-100.87570693361825, 21.332944653117767], [-100.8757044572121, 21.33290860343375]], [[-100.8757044572121, 21.33290860343375], [-100.87566598079484, 21.332910923646107]], [[-100.8756684571917, 21.332946973331367], [-100.87566598079484, 21.332910923646107]], [[-100.87566598079484, 21.332910923646107], [-100.87562750437564, 21.33291324384972]], [[-100.87562998076322, 21.33294929353623], [-100.87562750437564, 21.33291324384972]], [[-100.87562750437564, 21.33291324384972], [-100.87558902795449, 21.332915564044626]], [[-100.8755915043328, 21.332951613732373], [-100.87558902795449, 21.332915564044626]], [[-100.87558902795449, 21.332915564044626], [-100.87555055153139, 21.332917884230785]], [[-100.87555302790044, 21.332953933919786], [-100.87555055153139, 21.332917884230785]], [[-100.87555055153139, 21.332917884230785], [-100.87551207510634, 21.332920204408236]], [[-100.87551455146611, 21.33295625409848], [-100.87551207510634, 21.332920204408236]], [[-100.87551207510634, 21.332920204408236], [-100.87547359867935, 21.332922524576944]], [[-100.87547607502984, 21.332958574268442], [-100.87547359867935, 21.332922524576944]], [[-100.87547359867935, 21.332922524576944], [-100.87543512225042, 21.332924844736933]], [[-100.87543759859163, 21.33296089442968], [-100.87543512225042, 21.332924844736933]], [[-100.87543512225042, 21.332924844736933], [-100.87539664581954, 21.332927164888194]], [[-100.87539912215148, 21.332963214582183], [-100.87539664581954, 21.332927164888194]], [[-100.87539664581954, 21.332927164888194], [-100.87535816938671, 21.33292948503073]], [[-100.87536064570938, 21.332965534725968], [-100.87535816938671, 21.33292948503073]], [[-100.87535816938671, 21.33292948503073], [-100.87531969295192, 21.332931805164534]], [[-100.87532216926533, 21.332967854861018], [-100.87531969295192, 21.332931805164534]], [[-100.87531969295192, 21.332931805164534], [-100.8752812165152, 21.332934125289615]], [[-100.87528369281934, 21.33297017498735], [-100.8752812165152, 21.332934125289615]], [[-100.8752812165152, 21.332934125289615], [-100.87524274007654, 21.332936445405974]], [[-100.8752452163714, 21.332972495104944], [-100.87524274007654, 21.332936445405974]], [[-100.87524274007654, 21.332936445405974], [-100.87520426363592, 21.3329387655136]], [[-100.87520673992151, 21.33297481521382], [-100.87520426363592, 21.3329387655136]], [[-100.87520426363592, 21.3329387655136], [-100.87516578719337, 21.332941085612497]], [[-100.87516826346967, 21.332977135313968], [-100.87516578719337, 21.332941085612497]], [[-100.87516578719337, 21.332941085612497], [-100.87512731074887, 21.33294340570267]], [[-100.8751297870159, 21.332979455405386], [-100.87512731074887, 21.33294340570267]], [[-100.87512731074887, 21.33294340570267], [-100.8750888343024, 21.332945725784114]], [[-100.87509131056017, 21.332981775488086], [-100.8750888343024, 21.332945725784114]], [[-100.8750888343024, 21.332945725784114], [-100.87505035785401, 21.332948045856842]], [[-100.87505283410249, 21.332984095562047], [-100.87505035785401, 21.332948045856842]], [[-100.87505035785401, 21.332948045856842], [-100.87501188140367, 21.332950365920837]], [[-100.87501435764287, 21.33298641562729], [-100.87501188140367, 21.332950365920837]], [[-100.87501188140367, 21.332950365920837], [-100.87497340495138, 21.3329526859761]], [[-100.8749758811813, 21.332988735683806], [-100.87497340495138, 21.3329526859761]], [[-100.8749758811813, 21.332988735683806], [-100.87493740471778, 21.33299105573159]], [[-100.87497340495138, 21.3329526859761], [-100.87493492849714, 21.33295500602264]], [[-100.87493740471778, 21.33299105573159], [-100.87493492849714, 21.33295500602264]], [[-100.8760122684801, 21.33289004142081], [-100.87600979200171, 21.332853991746497]], [[-100.87600979200171, 21.332853991746497], [-100.87597131560929, 21.33285631202741]], [[-100.87597379207841, 21.33289236170297], [-100.87597131560929, 21.33285631202741]], [[-100.87597131560929, 21.33285631202741], [-100.87593283921493, 21.332858632299597]], [[-100.87593531567478, 21.332894681976402], [-100.87593283921493, 21.332858632299597]], [[-100.87593283921493, 21.332858632299597], [-100.87589436281863, 21.33286095256306]], [[-100.87589683926919, 21.33289700224111], [-100.87589436281863, 21.33286095256306]], [[-100.87589436281863, 21.33286095256306], [-100.87585588642038, 21.332863272817796]], [[-100.87585836286166, 21.33289932249709], [-100.87585588642038, 21.332863272817796]], [[-100.87585588642038, 21.332863272817796], [-100.87581741002018, 21.33286559306381]], [[-100.87581988645219, 21.332901642744346], [-100.87581741002018, 21.33286559306381]], [[-100.87581741002018, 21.33286559306381], [-100.87577893361804, 21.332867913301083]], [[-100.87578141004079, 21.332903962982876], [-100.87577893361804, 21.332867913301083]], [[-100.87577893361804, 21.332867913301083], [-100.87574045721395, 21.332870233529636]], [[-100.87574293362741, 21.33290628321268], [-100.87574045721395, 21.332870233529636]], [[-100.87574045721395, 21.332870233529636], [-100.8757019808079, 21.332872553749464]], [[-100.8757044572121, 21.33290860343375], [-100.8757019808079, 21.332872553749464]], [[-100.8757019808079, 21.332872553749464], [-100.87566350439992, 21.332874873960574]], [[-100.87566598079484, 21.332910923646107], [-100.87566350439992, 21.332874873960574]], [[-100.87566350439992, 21.332874873960574], [-100.87562502798998, 21.33287719416294]], [[-100.87562750437564, 21.33291324384972], [-100.87562502798998, 21.33287719416294]], [[-100.87562502798998, 21.33287719416294], [-100.87558655157811, 21.332879514356595]], [[-100.87558902795449, 21.332915564044626], [-100.87558655157811, 21.332879514356595]], [[-100.87558655157811, 21.332879514356595], [-100.87554807516429, 21.332881834541514]], [[-100.87555055153139, 21.332917884230785], [-100.87554807516429, 21.332881834541514]], [[-100.87554807516429, 21.332881834541514], [-100.87550959874852, 21.33288415471771]], [[-100.87551207510634, 21.332920204408236], [-100.87550959874852, 21.33288415471771]], [[-100.87550959874852, 21.33288415471771], [-100.87547112233081, 21.33288647488518]], [[-100.87547359867935, 21.332922524576944], [-100.87547112233081, 21.33288647488518]], [[-100.87547112233081, 21.33288647488518], [-100.87543264591115, 21.332888795043917]], [[-100.87543512225042, 21.332924844736933], [-100.87543264591115, 21.332888795043917]], [[-100.87543264591115, 21.332888795043917], [-100.87539416948954, 21.33289111519393]], [[-100.87539664581954, 21.332927164888194], [-100.87539416948954, 21.33289111519393]], [[-100.87539416948954, 21.33289111519393], [-100.87535569306598, 21.33289343533522]], [[-100.87535816938671, 21.33292948503073], [-100.87535569306598, 21.33289343533522]], [[-100.87535569306598, 21.33289343533522], [-100.87531721664048, 21.33289575546778]], [[-100.87531969295192, 21.332931805164534], [-100.87531721664048, 21.33289575546778]], [[-100.87531721664048, 21.33289575546778], [-100.87527874021303, 21.33289807559161]], [[-100.8752812165152, 21.332934125289615], [-100.87527874021303, 21.33289807559161]], [[-100.87527874021303, 21.33289807559161], [-100.87524026378365, 21.33290039570672]], [[-100.87524274007654, 21.332936445405974], [-100.87524026378365, 21.33290039570672]], [[-100.87524026378365, 21.33290039570672], [-100.87520178735231, 21.332902715813102]], [[-100.87520426363592, 21.3329387655136], [-100.87520178735231, 21.332902715813102]], [[-100.87520178735231, 21.332902715813102], [-100.87516331091902, 21.332905035910755]], [[-100.87516578719337, 21.332941085612497], [-100.87516331091902, 21.332905035910755]], [[-100.87516331091902, 21.332905035910755], [-100.87512483448378, 21.332907355999687]], [[-100.87512731074887, 21.33294340570267], [-100.87512483448378, 21.332907355999687]], [[-100.87512483448378, 21.332907355999687], [-100.87508635804662, 21.332909676079883]], [[-100.8750888343024, 21.332945725784114], [-100.87508635804662, 21.332909676079883]], [[-100.87508635804662, 21.332909676079883], [-100.87504788160749, 21.33291199615136]], [[-100.87505035785401, 21.332948045856842], [-100.87504788160749, 21.33291199615136]], [[-100.87504788160749, 21.33291199615136], [-100.87500940516641, 21.332914316214104]], [[-100.87501188140367, 21.332950365920837], [-100.87500940516641, 21.332914316214104]], [[-100.87500940516641, 21.332914316214104], [-100.8749709287234, 21.332916636268127]], [[-100.87497340495138, 21.3329526859761], [-100.8749709287234, 21.332916636268127]], [[-100.8749709287234, 21.332916636268127], [-100.87493245227843, 21.332918956313424]], [[-100.87493492849714, 21.33295500602264], [-100.87493245227843, 21.332918956313424]], [[-100.87493492849714, 21.33295500602264], [-100.87489645204096, 21.332957326060455]], [[-100.87493245227843, 21.332918956313424], [-100.87489397583154, 21.332921276349985]], [[-100.87489645204096, 21.332957326060455], [-100.87489397583154, 21.332921276349985]], [[-100.87489645204096, 21.332957326060455], [-100.87485797558283, 21.33295964608954]], [[-100.87489397583154, 21.332921276349985], [-100.87485549938268, 21.332923596377825]], [[-100.87485797558283, 21.33295964608954], [-100.87485549938268, 21.332923596377825]], [[-100.87604826839217, 21.332851671456854], [-100.87600979200171, 21.332853991746497]], [[-100.87604826839217, 21.332851671456854], [-100.87604579190645, 21.332815621783514]], [[-100.87604579190645, 21.332815621783514], [-100.87600731552526, 21.33281794207191]], [[-100.87600979200171, 21.332853991746497], [-100.87600731552526, 21.33281794207191]], [[-100.87600731552526, 21.33281794207191], [-100.87596883914212, 21.332820262351582]], [[-100.87597131560929, 21.33285631202741], [-100.87596883914212, 21.332820262351582]], [[-100.87596883914212, 21.332820262351582], [-100.87593036275705, 21.332822582622523]], [[-100.87593283921493, 21.332858632299597], [-100.87593036275705, 21.332822582622523]], [[-100.87593036275705, 21.332822582622523], [-100.87589188637, 21.332824902884735]], [[-100.87589436281863, 21.33286095256306], [-100.87589188637, 21.332824902884735]], [[-100.87589188637, 21.332824902884735], [-100.87585340998103, 21.332827223138228]], [[-100.87585588642038, 21.332863272817796], [-100.87585340998103, 21.332827223138228]], [[-100.87585340998103, 21.332827223138228], [-100.8758149335901, 21.33282954338299]], [[-100.87581741002018, 21.33286559306381], [-100.8758149335901, 21.33282954338299]], [[-100.8758149335901, 21.33282954338299], [-100.87577645719725, 21.332831863619024]], [[-100.87577893361804, 21.332867913301083], [-100.87577645719725, 21.332831863619024]], [[-100.87577645719725, 21.332831863619024], [-100.87573798080243, 21.33283418384633]], [[-100.87574045721395, 21.332870233529636], [-100.87573798080243, 21.33283418384633]], [[-100.87573798080243, 21.33283418384633], [-100.87569950440566, 21.33283650406491]], [[-100.8757019808079, 21.332872553749464], [-100.87569950440566, 21.33283650406491]], [[-100.87569950440566, 21.33283650406491], [-100.87566102800695, 21.332838824274766]], [[-100.87566350439992, 21.332874873960574], [-100.87566102800695, 21.332838824274766]], [[-100.87566102800695, 21.332838824274766], [-100.8756225516063, 21.332841144475896]], [[-100.87562502798998, 21.33287719416294], [-100.8756225516063, 21.332841144475896]], [[-100.8756225516063, 21.332841144475896], [-100.8755840752037, 21.332843464668294]], [[-100.87558655157811, 21.332879514356595], [-100.8755840752037, 21.332843464668294]], [[-100.8755840752037, 21.332843464668294], [-100.87554559879914, 21.332845784851965]], [[-100.87554807516429, 21.332881834541514], [-100.87554559879914, 21.332845784851965]], [[-100.87554559879914, 21.332845784851965], [-100.87550712239265, 21.332848105026912]], [[-100.87550959874852, 21.33288415471771], [-100.87550712239265, 21.332848105026912]], [[-100.87550712239265, 21.332848105026912], [-100.87546864598421, 21.332850425193133]], [[-100.87547112233081, 21.33288647488518], [-100.87546864598421, 21.332850425193133]], [[-100.87546864598421, 21.332850425193133], [-100.87543016957382, 21.332852745350632]], [[-100.87543264591115, 21.332888795043917], [-100.87543016957382, 21.332852745350632]], [[-100.87543016957382, 21.332852745350632], [-100.87539169316149, 21.3328550654994]], [[-100.87539416948954, 21.33289111519393], [-100.87539169316149, 21.3328550654994]], [[-100.87539169316149, 21.3328550654994], [-100.87535321674721, 21.332857385639443]], [[-100.87535569306598, 21.33289343533522], [-100.87535321674721, 21.332857385639443]], [[-100.87535321674721, 21.332857385639443], [-100.87531474033099, 21.332859705770748]], [[-100.87531721664048, 21.33289575546778], [-100.87531474033099, 21.332859705770748]], [[-100.87531474033099, 21.332859705770748], [-100.87527626391282, 21.332862025893345]], [[-100.87527874021303, 21.33289807559161], [-100.87527626391282, 21.332862025893345]], [[-100.87527626391282, 21.332862025893345], [-100.8752377874927, 21.332864346007202]], [[-100.87524026378365, 21.33290039570672], [-100.8752377874927, 21.332864346007202]], [[-100.8752377874927, 21.332864346007202], [-100.87519931107062, 21.332866666112338]], [[-100.87520178735231, 21.332902715813102], [-100.87519931107062, 21.332866666112338]], [[-100.87519931107062, 21.332866666112338], [-100.8751608346466, 21.332868986208744]], [[-100.87516331091902, 21.332905035910755], [-100.8751608346466, 21.332868986208744]], [[-100.8751608346466, 21.332868986208744], [-100.87512235822066, 21.332871306296425]], [[-100.87512483448378, 21.332907355999687], [-100.87512235822066, 21.332871306296425]], [[-100.87512235822066, 21.332871306296425], [-100.87508388179276, 21.33287362637538]], [[-100.87508635804662, 21.332909676079883], [-100.87508388179276, 21.33287362637538]], [[-100.87508388179276, 21.33287362637538], [-100.87504540536291, 21.332875946445608]], [[-100.87504788160749, 21.33291199615136], [-100.87504540536291, 21.332875946445608]], [[-100.87504540536291, 21.332875946445608], [-100.87500692893111, 21.332878266507105]], [[-100.87500940516641, 21.332914316214104], [-100.87500692893111, 21.332878266507105]], [[-100.87500692893111, 21.332878266507105], [-100.87496845249737, 21.33288058655988]], [[-100.8749709287234, 21.332916636268127], [-100.87496845249737, 21.33288058655988]], [[-100.87496845249737, 21.33288058655988], [-100.87492997606168, 21.33288290660392]], [[-100.87493245227843, 21.332918956313424], [-100.87492997606168, 21.33288290660392]], [[-100.87492997606168, 21.33288290660392], [-100.87489149962404, 21.33288522663924]], [[-100.87489397583154, 21.332921276349985], [-100.87489149962404, 21.33288522663924]], [[-100.87489149962404, 21.33288522663924], [-100.87485302318447, 21.332887546665837]], [[-100.87485549938268, 21.332923596377825], [-100.87485302318447, 21.332887546665837]], [[-100.87485549938268, 21.332923596377825], [-100.87481702293188, 21.332925916396935]], [[-100.87485302318447, 21.332887546665837], [-100.87481454674295, 21.332889866683708]], [[-100.87481702293188, 21.332925916396935], [-100.87481454674295, 21.332889866683708]], [[-100.87604579190645, 21.332815621783514], [-100.87604331542268, 21.33277957210991]], [[-100.87604331542268, 21.33277957210991], [-100.87600483905076, 21.33278189239706]], [[-100.87600731552526, 21.33281794207191], [-100.87600483905076, 21.33278189239706]], [[-100.87600483905076, 21.33278189239706], [-100.87596636267689, 21.332784212675477]], [[-100.87596883914212, 21.332820262351582], [-100.87596636267689, 21.332784212675477]], [[-100.87596636267689, 21.332784212675477], [-100.87592788630108, 21.332786532945175]], [[-100.87593036275705, 21.332822582622523], [-100.87592788630108, 21.332786532945175]], [[-100.87592788630108, 21.332786532945175], [-100.87588940992333, 21.33278885320614]], [[-100.87589188637, 21.332824902884735], [-100.87588940992333, 21.33278885320614]], [[-100.87588940992333, 21.33278885320614], [-100.87585093354363, 21.332791173458382]], [[-100.87585340998103, 21.332827223138228], [-100.87585093354363, 21.332791173458382]], [[-100.87585093354363, 21.332791173458382], [-100.87581245716198, 21.3327934937019]], [[-100.8758149335901, 21.33282954338299], [-100.87581245716198, 21.3327934937019]], [[-100.87581245716198, 21.3327934937019], [-100.87577398077839, 21.33279581393668]], [[-100.87577645719725, 21.332831863619024], [-100.87577398077839, 21.33279581393668]], [[-100.87577398077839, 21.33279581393668], [-100.87573550439285, 21.33279813416274]], [[-100.87573798080243, 21.33283418384633], [-100.87573550439285, 21.33279813416274]], [[-100.87573550439285, 21.33279813416274], [-100.87569702800536, 21.332800454380084]], [[-100.87569950440566, 21.33283650406491], [-100.87569702800536, 21.332800454380084]], [[-100.87569702800536, 21.332800454380084], [-100.87565855161593, 21.332802774588686]], [[-100.87566102800695, 21.332838824274766], [-100.87565855161593, 21.332802774588686]], [[-100.87565855161593, 21.332802774588686], [-100.87562007522453, 21.332805094788565]], [[-100.8756225516063, 21.332841144475896], [-100.87562007522453, 21.332805094788565]], [[-100.87562007522453, 21.332805094788565], [-100.87558159883122, 21.33280741497972]], [[-100.8755840752037, 21.332843464668294], [-100.87558159883122, 21.33280741497972]], [[-100.87558159883122, 21.33280741497972], [-100.87554312243594, 21.332809735162147]], [[-100.87554559879914, 21.332845784851965], [-100.87554312243594, 21.332809735162147]], [[-100.87554312243594, 21.332809735162147], [-100.87550464603872, 21.332812055335854]], [[-100.87550712239265, 21.332848105026912], [-100.87550464603872, 21.332812055335854]], [[-100.87550464603872, 21.332812055335854], [-100.87546616963957, 21.33281437550082]], [[-100.87546864598421, 21.332850425193133], [-100.87546616963957, 21.33281437550082]], [[-100.87546616963957, 21.33281437550082], [-100.87542769323845, 21.332816695657073]], [[-100.87543016957382, 21.332852745350632], [-100.87542769323845, 21.332816695657073]], [[-100.87542769323845, 21.332816695657073], [-100.87538921683539, 21.332819015804592]], [[-100.87539169316149, 21.3328550654994], [-100.87538921683539, 21.332819015804592]], [[-100.87538921683539, 21.332819015804592], [-100.87535074043038, 21.33282133594339]], [[-100.87535321674721, 21.332857385639443], [-100.87535074043038, 21.33282133594339]], [[-100.87535074043038, 21.33282133594339], [-100.87531226402342, 21.332823656073455]], [[-100.87531474033099, 21.332859705770748], [-100.87531226402342, 21.332823656073455]], [[-100.87531226402342, 21.332823656073455], [-100.87527378761453, 21.332825976194798]], [[-100.87527626391282, 21.332862025893345], [-100.87527378761453, 21.332825976194798]], [[-100.87527378761453, 21.332825976194798], [-100.87523531120368, 21.332828296307408]], [[-100.8752377874927, 21.332864346007202], [-100.87523531120368, 21.332828296307408]], [[-100.87523531120368, 21.332828296307408], [-100.8751968347909, 21.3328306164113]], [[-100.87519931107062, 21.332866666112338], [-100.8751968347909, 21.3328306164113]], [[-100.8751968347909, 21.3328306164113], [-100.87515835837615, 21.332832936506463]], [[-100.8751608346466, 21.332868986208744], [-100.87515835837615, 21.332832936506463]], [[-100.87515835837615, 21.332832936506463], [-100.87511988195948, 21.33283525659289]], [[-100.87512235822066, 21.332871306296425], [-100.87511988195948, 21.33283525659289]], [[-100.87511988195948, 21.33283525659289], [-100.87508140554085, 21.3328375766706]], [[-100.87508388179276, 21.33287362637538], [-100.87508140554085, 21.3328375766706]], [[-100.87508140554085, 21.3328375766706], [-100.87504292912027, 21.33283989673958]], [[-100.87504540536291, 21.332875946445608], [-100.87504292912027, 21.33283989673958]], [[-100.87504292912027, 21.33283989673958], [-100.87500445269775, 21.332842216799836]], [[-100.87500692893111, 21.332878266507105], [-100.87500445269775, 21.332842216799836]], [[-100.87500445269775, 21.332842216799836], [-100.87496597627329, 21.33284453685136]], [[-100.87496845249737, 21.33288058655988], [-100.87496597627329, 21.33284453685136]], [[-100.87496597627329, 21.33284453685136], [-100.87492749984688, 21.332846856894157]], [[-100.87492997606168, 21.33288290660392], [-100.87492749984688, 21.332846856894157]], [[-100.87492749984688, 21.332846856894157], [-100.87488902341852, 21.33284917692824]], [[-100.87489149962404, 21.33288522663924], [-100.87488902341852, 21.33284917692824]], [[-100.87488902341852, 21.33284917692824], [-100.87485054698821, 21.33285149695358]], [[-100.87485302318447, 21.332887546665837], [-100.87485054698821, 21.33285149695358]], [[-100.87485054698821, 21.33285149695358], [-100.87481207055595, 21.3328538169702]], [[-100.87481454674295, 21.332889866683708], [-100.87481207055595, 21.3328538169702]], [[-100.87481454674295, 21.332889866683708], [-100.87477607029948, 21.332892186692845]], [[-100.87481207055595, 21.3328538169702], [-100.87477359412176, 21.33285613697809]], [[-100.87477607029948, 21.332892186692845], [-100.87477359412176, 21.33285613697809]], [[-100.87477607029948, 21.332892186692845], [-100.87473759385406, 21.33289450669326]], [[-100.87477359412176, 21.33285613697809], [-100.87473511768562, 21.332858456977263]], [[-100.87473759385406, 21.33289450669326], [-100.87473511768562, 21.332858456977263]], [[-100.87604331542268, 21.33277957210991], [-100.87604083894085, 21.332743522436033]], [[-100.87604083894085, 21.332743522436033], [-100.8760023625782, 21.332745842721938]], [[-100.87600483905076, 21.33278189239706], [-100.8760023625782, 21.332745842721938]], [[-100.8760023625782, 21.332745842721938], [-100.87596388621363, 21.332748162999106]], [[-100.87596636267689, 21.332784212675477], [-100.87596388621363, 21.332748162999106]], [[-100.87596388621363, 21.332748162999106], [-100.8759254098471, 21.332750483267557]], [[-100.87592788630108, 21.332786532945175], [-100.8759254098471, 21.332750483267557]], [[-100.8759254098471, 21.332750483267557], [-100.8758869334786, 21.332752803527274]], [[-100.87588940992333, 21.33278885320614], [-100.8758869334786, 21.332752803527274]], [[-100.8758869334786, 21.332752803527274], [-100.87584845710818, 21.33275512377827]], [[-100.87585093354363, 21.332791173458382], [-100.87584845710818, 21.33275512377827]], [[-100.87584845710818, 21.33275512377827], [-100.87580998073581, 21.332757444020537]], [[-100.87581245716198, 21.3327934937019], [-100.87580998073581, 21.332757444020537]], [[-100.87580998073581, 21.332757444020537], [-100.8757715043615, 21.332759764254078]], [[-100.87577398077839, 21.33279581393668], [-100.8757715043615, 21.332759764254078]], [[-100.8757715043615, 21.332759764254078], [-100.87573302798522, 21.332762084478883]], [[-100.87573550439285, 21.33279813416274], [-100.87573302798522, 21.332762084478883]], [[-100.87573302798522, 21.332762084478883], [-100.875694551607, 21.332764404694977]], [[-100.87569702800536, 21.332800454380084], [-100.875694551607, 21.332764404694977]], [[-100.875694551607, 21.332764404694977], [-100.87565607522684, 21.332766724902335]], [[-100.87565855161593, 21.332802774588686], [-100.87565607522684, 21.332766724902335]], [[-100.87565607522684, 21.332766724902335], [-100.87561759884474, 21.33276904510097]], [[-100.87562007522453, 21.332805094788565], [-100.87561759884474, 21.33276904510097]], [[-100.87561759884474, 21.33276904510097], [-100.87557912246069, 21.33277136529088]], [[-100.87558159883122, 21.33280741497972], [-100.87557912246069, 21.33277136529088]], [[-100.87557912246069, 21.33277136529088], [-100.87554064607468, 21.332773685472063]], [[-100.87554312243594, 21.332809735162147], [-100.87554064607468, 21.332773685472063]], [[-100.87554064607468, 21.332773685472063], [-100.87550216968674, 21.332776005644515]], [[-100.87550464603872, 21.332812055335854], [-100.87550216968674, 21.332776005644515]], [[-100.87550216968674, 21.332776005644515], [-100.87546369329685, 21.332778325808242]], [[-100.87546616963957, 21.33281437550082], [-100.87546369329685, 21.332778325808242]], [[-100.87546369329685, 21.332778325808242], [-100.87542521690501, 21.33278064596324]], [[-100.87542769323845, 21.332816695657073], [-100.87542521690501, 21.33278064596324]], [[-100.87542521690501, 21.33278064596324], [-100.87538674051123, 21.332782966109523]], [[-100.87538921683539, 21.332819015804592], [-100.87538674051123, 21.332782966109523]], [[-100.87538674051123, 21.332782966109523], [-100.8753482641155, 21.33278528624707]], [[-100.87535074043038, 21.33282133594339], [-100.8753482641155, 21.33278528624707]], [[-100.8753482641155, 21.33278528624707], [-100.87530978771782, 21.33278760637589]], [[-100.87531226402342, 21.332823656073455], [-100.87530978771782, 21.33278760637589]], [[-100.87530978771782, 21.33278760637589], [-100.8752713113182, 21.33278992649598]], [[-100.87527378761453, 21.332825976194798], [-100.8752713113182, 21.33278992649598]], [[-100.8752713113182, 21.33278992649598], [-100.87523283491663, 21.332792246607355]], [[-100.87523531120368, 21.332828296307408], [-100.87523283491663, 21.332792246607355]], [[-100.87523283491663, 21.332792246607355], [-100.87519435851311, 21.332794566709993]], [[-100.8751968347909, 21.3328306164113], [-100.87519435851311, 21.332794566709993]], [[-100.87519435851311, 21.332794566709993], [-100.87515588210765, 21.332796886803898]], [[-100.87515835837615, 21.332832936506463], [-100.87515588210765, 21.332796886803898]], [[-100.87515588210765, 21.332796886803898], [-100.87511740570025, 21.332799206889092]], [[-100.87511988195948, 21.33283525659289], [-100.87511740570025, 21.332799206889092]], [[-100.87511740570025, 21.332799206889092], [-100.8750789292909, 21.332801526965543]], [[-100.87508140554085, 21.3328375766706], [-100.8750789292909, 21.332801526965543]], [[-100.8750789292909, 21.332801526965543], [-100.87504045287959, 21.332803847033283]], [[-100.87504292912027, 21.33283989673958], [-100.87504045287959, 21.332803847033283]], [[-100.87504045287959, 21.332803847033283], [-100.87500197646634, 21.33280616709229]], [[-100.87500445269775, 21.332842216799836], [-100.87500197646634, 21.33280616709229]], [[-100.87500197646634, 21.33280616709229], [-100.87496350005115, 21.33280848714257]], [[-100.87496597627329, 21.33284453685136], [-100.87496350005115, 21.33280848714257]], [[-100.87496350005115, 21.33280848714257], [-100.874925023634, 21.33281080718412]], [[-100.87492749984688, 21.332846856894157], [-100.874925023634, 21.33281080718412]], [[-100.874925023634, 21.33281080718412], [-100.87488654721493, 21.33281312721695]], [[-100.87488902341852, 21.33284917692824], [-100.87488654721493, 21.33281312721695]], [[-100.87488654721493, 21.33281312721695], [-100.8748480707939, 21.332815447241053]], [[-100.87485054698821, 21.33285149695358], [-100.8748480707939, 21.332815447241053]], [[-100.8748480707939, 21.332815447241053], [-100.87480959437092, 21.332817767256422]], [[-100.87481207055595, 21.3328538169702], [-100.87480959437092, 21.332817767256422]], [[-100.87480959437092, 21.332817767256422], [-100.874771117946, 21.332820087263073]], [[-100.87477359412176, 21.33285613697809], [-100.874771117946, 21.332820087263073]], [[-100.874771117946, 21.332820087263073], [-100.87473264151913, 21.332822407260995]], [[-100.87473511768562, 21.332858456977263], [-100.87473264151913, 21.332822407260995]], [[-100.87473511768562, 21.332858456977263], [-100.87469664124754, 21.332860776967703]], [[-100.87473264151913, 21.332822407260995], [-100.87469416509032, 21.332824727250188]], [[-100.87469664124754, 21.332860776967703], [-100.87469416509032, 21.332824727250188]], [[-100.87604083894085, 21.332743522436033], [-100.87603836246097, 21.33270747276188]], [[-100.87603836246097, 21.33270747276188], [-100.8759998861076, 21.332709793046536]], [[-100.8760023625782, 21.332745842721938], [-100.8759998861076, 21.332709793046536]], [[-100.8759998861076, 21.332709793046536], [-100.87596140975229, 21.33271211332246]], [[-100.87596388621363, 21.332748162999106], [-100.87596140975229, 21.33271211332246]], [[-100.87596140975229, 21.33271211332246], [-100.87592293339503, 21.332714433589665]], [[-100.8759254098471, 21.332750483267557], [-100.87592293339503, 21.332714433589665]], [[-100.87592293339503, 21.332714433589665], [-100.87588445703582, 21.33271675384813]], [[-100.8758869334786, 21.332752803527274], [-100.87588445703582, 21.33271675384813]], [[-100.87588445703582, 21.33271675384813], [-100.87584598067468, 21.33271907409788]], [[-100.87584845710818, 21.33275512377827], [-100.87584598067468, 21.33271907409788]], [[-100.87584598067468, 21.33271907409788], [-100.87580750431157, 21.3327213943389]], [[-100.87580998073581, 21.332757444020537], [-100.87580750431157, 21.3327213943389]], [[-100.87580750431157, 21.3327213943389], [-100.87576902794653, 21.3327237145712]], [[-100.8757715043615, 21.332759764254078], [-100.87576902794653, 21.3327237145712]], [[-100.87576902794653, 21.3327237145712], [-100.87573055157954, 21.33272603479476]], [[-100.87573302798522, 21.332762084478883], [-100.87573055157954, 21.33272603479476]], [[-100.87573055157954, 21.33272603479476], [-100.8756920752106, 21.332728355009603]], [[-100.875694551607, 21.332764404694977], [-100.8756920752106, 21.332728355009603]], [[-100.8756920752106, 21.332728355009603], [-100.87565359883972, 21.332730675215714]], [[-100.87565607522684, 21.332766724902335], [-100.87565359883972, 21.332730675215714]], [[-100.87565359883972, 21.332730675215714], [-100.87561512246687, 21.332732995413107]], [[-100.87561759884474, 21.33276904510097], [-100.87561512246687, 21.332732995413107]], [[-100.87561512246687, 21.332732995413107], [-100.8755766460921, 21.332735315601767]], [[-100.87557912246069, 21.33277136529088], [-100.8755766460921, 21.332735315601767]], [[-100.8755766460921, 21.332735315601767], [-100.87553816971538, 21.3327376357817]], [[-100.87554064607468, 21.332773685472063], [-100.87553816971538, 21.3327376357817]], [[-100.87553816971538, 21.3327376357817], [-100.8754996933367, 21.332739955952906]], [[-100.87550216968674, 21.332776005644515], [-100.8754996933367, 21.332739955952906]], [[-100.8754996933367, 21.332739955952906], [-100.8754612169561, 21.332742276115393]], [[-100.87546369329685, 21.332778325808242], [-100.8754612169561, 21.332742276115393]], [[-100.8754612169561, 21.332742276115393], [-100.87542274057353, 21.332744596269144]], [[-100.87542521690501, 21.33278064596324], [-100.87542274057353, 21.332744596269144]], [[-100.87542274057353, 21.332744596269144], [-100.87538426418901, 21.332746916414173]], [[-100.87538674051123, 21.332782966109523], [-100.87538426418901, 21.332746916414173]], [[-100.87538426418901, 21.332746916414173], [-100.87534578780256, 21.33274923655047]], [[-100.8753482641155, 21.33278528624707], [-100.87534578780256, 21.33274923655047]], [[-100.87534578780256, 21.33274923655047], [-100.87530731141416, 21.332751556678044]], [[-100.87530978771782, 21.33278760637589], [-100.87530731141416, 21.332751556678044]], [[-100.87530731141416, 21.332751556678044], [-100.8752688350238, 21.33275387679689]], [[-100.8752713113182, 21.33278992649598], [-100.8752688350238, 21.33275387679689]], [[-100.8752688350238, 21.33275387679689], [-100.87523035863151, 21.33275619690701]], [[-100.87523283491663, 21.332792246607355], [-100.87523035863151, 21.33275619690701]], [[-100.87523035863151, 21.33275619690701], [-100.87519188223727, 21.332758517008408]], [[-100.87519435851311, 21.332794566709993], [-100.87519188223727, 21.332758517008408]], [[-100.87519188223727, 21.332758517008408], [-100.87515340584109, 21.332760837101066]], [[-100.87515588210765, 21.332796886803898], [-100.87515340584109, 21.332760837101066]], [[-100.87515340584109, 21.332760837101066], [-100.87511492944294, 21.332763157185013]], [[-100.87511740570025, 21.332799206889092], [-100.87511492944294, 21.332763157185013]], [[-100.87511492944294, 21.332763157185013], [-100.87507645304287, 21.332765477260228]], [[-100.8750789292909, 21.332801526965543], [-100.87507645304287, 21.332765477260228]], [[-100.87507645304287, 21.332765477260228], [-100.87503797664084, 21.332767797326714]], [[-100.87504045287959, 21.332803847033283], [-100.87503797664084, 21.332767797326714]], [[-100.87503797664084, 21.332767797326714], [-100.87499950023687, 21.332770117384474]], [[-100.87500197646634, 21.33280616709229], [-100.87499950023687, 21.332770117384474]], [[-100.87499950023687, 21.332770117384474], [-100.87496102383096, 21.332772437433512]], [[-100.87496350005115, 21.33280848714257], [-100.87496102383096, 21.332772437433512]], [[-100.87496102383096, 21.332772437433512], [-100.8749225474231, 21.332774757473818]], [[-100.874925023634, 21.33281080718412], [-100.8749225474231, 21.332774757473818]], [[-100.8749225474231, 21.332774757473818], [-100.87488407101328, 21.332777077505394]], [[-100.87488654721493, 21.33281312721695], [-100.87488407101328, 21.332777077505394]], [[-100.87488407101328, 21.332777077505394], [-100.87484559460152, 21.332779397528252]], [[-100.8748480707939, 21.332815447241053], [-100.87484559460152, 21.332779397528252]], [[-100.87484559460152, 21.332779397528252], [-100.87480711818783, 21.332781717542375]], [[-100.87480959437092, 21.332817767256422], [-100.87480711818783, 21.332781717542375]], [[-100.87480711818783, 21.332781717542375], [-100.87476864177218, 21.332784037547782]], [[-100.874771117946, 21.332820087263073], [-100.87476864177218, 21.332784037547782]], [[-100.87476864177218, 21.332784037547782], [-100.87473016535458, 21.332786357544457]], [[-100.87473264151913, 21.332822407260995], [-100.87473016535458, 21.332786357544457]], [[-100.87473016535458, 21.332786357544457], [-100.87469168893504, 21.3327886775324]], [[-100.87469416509032, 21.332824727250188], [-100.87469168893504, 21.3327886775324]], [[-100.87469416509032, 21.332824727250188], [-100.87465568865956, 21.33282704723065]], [[-100.87469168893504, 21.3327886775324], [-100.87465321251355, 21.33279099751162]], [[-100.87465568865956, 21.33282704723065], [-100.87465321251355, 21.33279099751162]], [[-100.87465568865956, 21.33282704723065], [-100.87461721222685, 21.33282936720239]], [[-100.87465321251355, 21.33279099751162], [-100.87461473609014, 21.332793317482107]], [[-100.87461721222685, 21.33282936720239], [-100.87461473609014, 21.332793317482107]], [[-100.8760768388124, 21.332705152468503], [-100.87603836246097, 21.33270747276188]], [[-100.8760768388124, 21.332705152468503], [-100.8760743623252, 21.33266910279532]], [[-100.8760743623252, 21.33266910279532], [-100.87603588598304, 21.33267142308746]], [[-100.87603836246097, 21.33270747276188], [-100.87603588598304, 21.33267142308746]], [[-100.87603588598304, 21.33267142308746], [-100.87599740963896, 21.33267374337086]], [[-100.8759998861076, 21.332709793046536], [-100.87599740963896, 21.33267374337086]], [[-100.87599740963896, 21.33267374337086], [-100.87595893329292, 21.33267606364554]], [[-100.87596140975229, 21.33271211332246], [-100.87595893329292, 21.33267606364554]], [[-100.87595893329292, 21.33267606364554], [-100.87592045694493, 21.332678383911496]], [[-100.87592293339503, 21.332714433589665], [-100.87592045694493, 21.332678383911496]], [[-100.87592045694493, 21.332678383911496], [-100.87588198059498, 21.332680704168723]], [[-100.87588445703582, 21.33271675384813], [-100.87588198059498, 21.332680704168723]], [[-100.87588198059498, 21.332680704168723], [-100.87584350424311, 21.33268302441722]], [[-100.87584598067468, 21.33271907409788], [-100.87584350424311, 21.33268302441722]], [[-100.87584350424311, 21.33268302441722], [-100.87580502788929, 21.332685344656998]], [[-100.87580750431157, 21.3327213943389], [-100.87580502788929, 21.332685344656998]], [[-100.87580502788929, 21.332685344656998], [-100.87576655153352, 21.33268766488804]], [[-100.87576902794653, 21.3327237145712], [-100.87576655153352, 21.33268766488804]], [[-100.87576655153352, 21.33268766488804], [-100.87572807517581, 21.332689985110363]], [[-100.87573055157954, 21.33272603479476], [-100.87572807517581, 21.332689985110363]], [[-100.87572807517581, 21.332689985110363], [-100.87568959881614, 21.33269230532396]], [[-100.8756920752106, 21.332728355009603], [-100.87568959881614, 21.33269230532396]], [[-100.87568959881614, 21.33269230532396], [-100.87565112245453, 21.332694625528827]], [[-100.87565359883972, 21.332730675215714], [-100.87565112245453, 21.332694625528827]], [[-100.87565112245453, 21.332694625528827], [-100.87561264609097, 21.33269694572497]], [[-100.87561512246687, 21.332732995413107], [-100.87561264609097, 21.33269694572497]], [[-100.87561264609097, 21.33269694572497], [-100.87557416972547, 21.33269926591238]], [[-100.8755766460921, 21.332735315601767], [-100.87557416972547, 21.33269926591238]], [[-100.87557416972547, 21.33269926591238], [-100.875535693358, 21.33270158609107]], [[-100.87553816971538, 21.3327376357817], [-100.875535693358, 21.33270158609107]], [[-100.875535693358, 21.33270158609107], [-100.87549721698862, 21.33270390626103]], [[-100.8754996933367, 21.332739955952906], [-100.87549721698862, 21.33270390626103]], [[-100.87549721698862, 21.33270390626103], [-100.87545874061728, 21.332706226422268]], [[-100.8754612169561, 21.332742276115393], [-100.87545874061728, 21.332706226422268]], [[-100.87545874061728, 21.332706226422268], [-100.87542026424399, 21.332708546574775]], [[-100.87542274057353, 21.332744596269144], [-100.87542026424399, 21.332708546574775]], [[-100.87542026424399, 21.332708546574775], [-100.87538178786875, 21.33271086671855]], [[-100.87538426418901, 21.332746916414173], [-100.87538178786875, 21.33271086671855]], [[-100.87538178786875, 21.33271086671855], [-100.87534331149158, 21.332713186853603]], [[-100.87534578780256, 21.33274923655047], [-100.87534331149158, 21.332713186853603]], [[-100.87534331149158, 21.332713186853603], [-100.87530483511244, 21.33271550697993]], [[-100.87530731141416, 21.332751556678044], [-100.87530483511244, 21.33271550697993]], [[-100.87530483511244, 21.33271550697993], [-100.87526635873137, 21.332717827097532]], [[-100.8752688350238, 21.33275387679689], [-100.87526635873137, 21.332717827097532]], [[-100.87526635873137, 21.332717827097532], [-100.87522788234836, 21.332720147206402]], [[-100.87523035863151, 21.33275619690701], [-100.87522788234836, 21.332720147206402]], [[-100.87522788234836, 21.332720147206402], [-100.87518940596338, 21.332722467306557]], [[-100.87519188223727, 21.332758517008408], [-100.87518940596338, 21.332722467306557]], [[-100.87518940596338, 21.332722467306557], [-100.87515092957648, 21.33272478739798]], [[-100.87515340584109, 21.332760837101066], [-100.87515092957648, 21.33272478739798]], [[-100.87515092957648, 21.33272478739798], [-100.87511245318761, 21.332727107480665]], [[-100.87511492944294, 21.332763157185013], [-100.87511245318761, 21.332727107480665]], [[-100.87511245318761, 21.332727107480665], [-100.87507397679681, 21.332729427554636]], [[-100.87507645304287, 21.332765477260228], [-100.87507397679681, 21.332729427554636]], [[-100.87507397679681, 21.332729427554636], [-100.87503550040405, 21.332731747619878]], [[-100.87503797664084, 21.332767797326714], [-100.87503550040405, 21.332731747619878]], [[-100.87503550040405, 21.332731747619878], [-100.87499702400936, 21.332734067676387]], [[-100.87499950023687, 21.332770117384474], [-100.87499702400936, 21.332734067676387]], [[-100.87499702400936, 21.332734067676387], [-100.8749585476127, 21.332736387724175]], [[-100.87496102383096, 21.332772437433512], [-100.8749585476127, 21.332736387724175]], [[-100.8749585476127, 21.332736387724175], [-100.87492007121412, 21.33273870776324]], [[-100.8749225474231, 21.332774757473818], [-100.87492007121412, 21.33273870776324]], [[-100.87492007121412, 21.33273870776324], [-100.87488159481359, 21.33274102779357]], [[-100.87488407101328, 21.332777077505394], [-100.87488159481359, 21.33274102779357]], [[-100.87488159481359, 21.33274102779357], [-100.8748431184111, 21.332743347815182]], [[-100.87484559460152, 21.332779397528252], [-100.8748431184111, 21.332743347815182]], [[-100.8748431184111, 21.332743347815182], [-100.87480464200668, 21.332745667828057]], [[-100.87480711818783, 21.332781717542375], [-100.87480464200668, 21.332745667828057]], [[-100.87480464200668, 21.332745667828057], [-100.8747661656003, 21.332747987832207]], [[-100.87476864177218, 21.332784037547782], [-100.8747661656003, 21.332747987832207]], [[-100.8747661656003, 21.332747987832207], [-100.87472768919199, 21.332750307827638]], [[-100.87473016535458, 21.332786357544457], [-100.87472768919199, 21.332750307827638]], [[-100.87472768919199, 21.332750307827638], [-100.87468921278172, 21.332752627814333]], [[-100.87469168893504, 21.3327886775324], [-100.87468921278172, 21.332752627814333]], [[-100.87468921278172, 21.332752627814333], [-100.87465073636952, 21.33275494779231]], [[-100.87465321251355, 21.33279099751162], [-100.87465073636952, 21.33275494779231]], [[-100.87465073636952, 21.33275494779231], [-100.87461225995536, 21.332757267761554]], [[-100.87461473609014, 21.332793317482107], [-100.87461225995536, 21.332757267761554]], [[-100.87461473609014, 21.332793317482107], [-100.87457625966476, 21.33279563744388]], [[-100.87461225995536, 21.332757267761554], [-100.87457378353925, 21.33275958772208]], [[-100.87457625966476, 21.33279563744388], [-100.87457378353925, 21.33275958772208]], [[-100.87457625966476, 21.33279563744388], [-100.87453778323743, 21.332797957396917]], [[-100.87457378353925, 21.33275958772208], [-100.8745353071212, 21.33276190767387]], [[-100.87453778323743, 21.332797957396917], [-100.8745353071212, 21.33276190767387]], [[-100.8760743623252, 21.33266910279532], [-100.87607188583993, 21.332633053121874]], [[-100.87607188583993, 21.332633053121874], [-100.87603340950706, 21.332635373412764]], [[-100.87603588598304, 21.33267142308746], [-100.87603340950706, 21.332635373412764]], [[-100.87603340950706, 21.332635373412764], [-100.87599493317225, 21.332637693694917]], [[-100.87599740963896, 21.33267374337086], [-100.87599493317225, 21.332637693694917]], [[-100.87599493317225, 21.332637693694917], [-100.87595645683548, 21.332640013968355]], [[-100.87595893329292, 21.33267606364554], [-100.87595645683548, 21.332640013968355]], [[-100.87595645683548, 21.332640013968355], [-100.87591798049677, 21.33264233423306]], [[-100.87592045694493, 21.332678383911496], [-100.87591798049677, 21.33264233423306]], [[-100.87591798049677, 21.33264233423306], [-100.8758795041561, 21.33264465448904]], [[-100.87588198059498, 21.332680704168723], [-100.8758795041561, 21.33264465448904]], [[-100.8758795041561, 21.33264465448904], [-100.87584102781351, 21.332646974736296]], [[-100.87584350424311, 21.33268302441722], [-100.87584102781351, 21.332646974736296]], [[-100.87584102781351, 21.332646974736296], [-100.87580255146896, 21.332649294974814]], [[-100.87580502788929, 21.332685344656998], [-100.87580255146896, 21.332649294974814]], [[-100.87580255146896, 21.332649294974814], [-100.87576407512245, 21.33265161520462]], [[-100.87576655153352, 21.33268766488804], [-100.87576407512245, 21.33265161520462]], [[-100.87576407512245, 21.33265161520462], [-100.87572559877401, 21.332653935425697]], [[-100.87572807517581, 21.332689985110363], [-100.87572559877401, 21.332653935425697]], [[-100.87572559877401, 21.332653935425697], [-100.87568712242363, 21.332656255638042]], [[-100.87568959881614, 21.33269230532396], [-100.87568712242363, 21.332656255638042]], [[-100.87568712242363, 21.332656255638042], [-100.8756486460713, 21.332658575841663]], [[-100.87565112245453, 21.332694625528827], [-100.8756486460713, 21.332658575841663]], [[-100.8756486460713, 21.332658575841663], [-100.87561016971699, 21.332660896036558]], [[-100.87561264609097, 21.33269694572497], [-100.87561016971699, 21.332660896036558]], [[-100.87561016971699, 21.332660896036558], [-100.87557169336077, 21.332663216222723]], [[-100.87557416972547, 21.33269926591238], [-100.87557169336077, 21.332663216222723]], [[-100.87557169336077, 21.332663216222723], [-100.8755332170026, 21.33266553640016]], [[-100.875535693358, 21.33270158609107], [-100.8755332170026, 21.33266553640016]], [[-100.8755332170026, 21.33266553640016], [-100.87549474064248, 21.33266785656888]], [[-100.87549721698862, 21.33270390626103], [-100.87549474064248, 21.33266785656888]], [[-100.87549474064248, 21.33266785656888], [-100.87545626428042, 21.33267017672886]], [[-100.87545874061728, 21.332706226422268], [-100.87545626428042, 21.33267017672886]], [[-100.87545626428042, 21.33267017672886], [-100.8754177879164, 21.332672496880125]], [[-100.87542026424399, 21.332708546574775], [-100.8754177879164, 21.332672496880125]], [[-100.8754177879164, 21.332672496880125], [-100.87537931155043, 21.33267481702266]], [[-100.87538178786875, 21.33271086671855], [-100.87537931155043, 21.33267481702266]], [[-100.87537931155043, 21.33267481702266], [-100.87534083518253, 21.332677137156463]], [[-100.87534331149158, 21.332713186853603], [-100.87534083518253, 21.332677137156463]], [[-100.87534083518253, 21.332677137156463], [-100.87530235881268, 21.332679457281547]], [[-100.87530483511244, 21.33271550697993], [-100.87530235881268, 21.332679457281547]], [[-100.87530235881268, 21.332679457281547], [-100.87526388244088, 21.332681777397895]], [[-100.87526635873137, 21.332717827097532], [-100.87526388244088, 21.332681777397895]], [[-100.87526388244088, 21.332681777397895], [-100.87522540606713, 21.33268409750553]], [[-100.87522788234836, 21.332720147206402], [-100.87522540606713, 21.33268409750553]], [[-100.87522540606713, 21.33268409750553], [-100.87518692969144, 21.332686417604428]], [[-100.87518940596338, 21.332722467306557], [-100.87518692969144, 21.332686417604428]], [[-100.87518692969144, 21.332686417604428], [-100.8751484533138, 21.332688737694603]], [[-100.87515092957648, 21.33272478739798], [-100.8751484533138, 21.332688737694603]], [[-100.8751484533138, 21.332688737694603], [-100.87510997693421, 21.332691057776042]], [[-100.87511245318761, 21.332727107480665], [-100.87510997693421, 21.332691057776042]], [[-100.87510997693421, 21.332691057776042], [-100.87507150055268, 21.33269337784877]], [[-100.87507397679681, 21.332729427554636], [-100.87507150055268, 21.33269337784877]], [[-100.87507150055268, 21.33269337784877], [-100.8750330241692, 21.332695697912765]], [[-100.87503550040405, 21.332731747619878], [-100.8750330241692, 21.332695697912765]], [[-100.8750330241692, 21.332695697912765], [-100.87499454778377, 21.332698017968035]], [[-100.87499702400936, 21.332734067676387], [-100.87499454778377, 21.332698017968035]], [[-100.87499454778377, 21.332698017968035], [-100.87495607139643, 21.332700338014572]], [[-100.8749585476127, 21.332736387724175], [-100.87495607139643, 21.332700338014572]], [[-100.87495607139643, 21.332700338014572], [-100.8749175950071, 21.332702658052387]], [[-100.87492007121412, 21.33273870776324], [-100.8749175950071, 21.332702658052387]], [[-100.8749175950071, 21.332702658052387], [-100.87487911861584, 21.332704978081473]], [[-100.87488159481359, 21.33274102779357], [-100.87487911861584, 21.332704978081473]], [[-100.87487911861584, 21.332704978081473], [-100.87484064222262, 21.33270729810183]], [[-100.8748431184111, 21.332743347815182], [-100.87484064222262, 21.33270729810183]], [[-100.87484064222262, 21.33270729810183], [-100.87480216582749, 21.332709618113466]], [[-100.87480464200668, 21.332745667828057], [-100.87480216582749, 21.332709618113466]], [[-100.87480216582749, 21.332709618113466], [-100.87476368943038, 21.33271193811637]], [[-100.8747661656003, 21.332747987832207], [-100.87476368943038, 21.33271193811637]], [[-100.87476368943038, 21.33271193811637], [-100.87472521303133, 21.332714258110553]], [[-100.87472768919199, 21.332750307827638], [-100.87472521303133, 21.332714258110553]], [[-100.87472521303133, 21.332714258110553], [-100.87468673663035, 21.332716578096004]], [[-100.87468921278172, 21.332752627814333], [-100.87468673663035, 21.332716578096004]], [[-100.87468673663035, 21.332716578096004], [-100.8746482602274, 21.332718898072734]], [[-100.87465073636952, 21.33275494779231], [-100.8746482602274, 21.332718898072734]], [[-100.8746482602274, 21.332718898072734], [-100.87460978382252, 21.332721218040735]], [[-100.87461225995536, 21.332757267761554], [-100.87460978382252, 21.332721218040735]], [[-100.87460978382252, 21.332721218040735], [-100.8745713074157, 21.332723538000007]], [[-100.87457378353925, 21.33275958772208], [-100.8745713074157, 21.332723538000007]], [[-100.8745713074157, 21.332723538000007], [-100.87453283100692, 21.332725857950553]], [[-100.8745353071212, 21.33276190767387], [-100.87453283100692, 21.332725857950553]], [[-100.8745353071212, 21.33276190767387], [-100.8744968307012, 21.33276422761694]], [[-100.87453283100692, 21.332725857950553], [-100.87449435459621, 21.332728177892378]], [[-100.8744968307012, 21.33276422761694], [-100.87449435459621, 21.332728177892378]], [[-100.87607188583993, 21.332633053121874], [-100.87606940935662, 21.332597003448154]], [[-100.87606940935662, 21.332597003448154], [-100.87603093303304, 21.3325993237378]], [[-100.87603340950706, 21.332635373412764], [-100.87603093303304, 21.3325993237378]], [[-100.87603093303304, 21.3325993237378], [-100.87599245670748, 21.33260164401871]], [[-100.87599493317225, 21.332637693694917], [-100.87599245670748, 21.33260164401871]], [[-100.87599245670748, 21.33260164401871], [-100.87595398037999, 21.332603964290897]], [[-100.87595645683548, 21.332640013968355], [-100.87595398037999, 21.332603964290897]], [[-100.87595398037999, 21.332603964290897], [-100.87591550405055, 21.332606284554352]], [[-100.87591798049677, 21.33264233423306], [-100.87591550405055, 21.332606284554352]], [[-100.87591550405055, 21.332606284554352], [-100.87587702771917, 21.33260860480909]], [[-100.8758795041561, 21.33264465448904], [-100.87587702771917, 21.33260860480909]], [[-100.87587702771917, 21.33260860480909], [-100.87583855138584, 21.332610925055093]], [[-100.87584102781351, 21.332646974736296], [-100.87583855138584, 21.332610925055093]], [[-100.87583855138584, 21.332610925055093], [-100.87580007505056, 21.33261324529238]], [[-100.87580255146896, 21.332649294974814], [-100.87580007505056, 21.33261324529238]], [[-100.87580007505056, 21.33261324529238], [-100.87576159871334, 21.332615565520925]], [[-100.87576407512245, 21.33265161520462], [-100.87576159871334, 21.332615565520925]], [[-100.87576159871334, 21.332615565520925], [-100.87572312237418, 21.332617885740756]], [[-100.87572559877401, 21.332653935425697], [-100.87572312237418, 21.332617885740756]], [[-100.87572312237418, 21.332617885740756], [-100.87568464603305, 21.332620205951855]], [[-100.87568712242363, 21.332656255638042], [-100.87568464603305, 21.332620205951855]], [[-100.87568464603305, 21.332620205951855], [-100.87564616968999, 21.332622526154225]], [[-100.8756486460713, 21.332658575841663], [-100.87564616968999, 21.332622526154225]], [[-100.87564616968999, 21.332622526154225], [-100.87560769334499, 21.332624846347873]], [[-100.87561016971699, 21.332660896036558], [-100.87560769334499, 21.332624846347873]], [[-100.87560769334499, 21.332624846347873], [-100.87556921699803, 21.332627166532788]], [[-100.87557169336077, 21.332663216222723], [-100.87556921699803, 21.332627166532788]], [[-100.87556921699803, 21.332627166532788], [-100.87553074064913, 21.33262948670898]], [[-100.8755332170026, 21.33266553640016], [-100.87553074064913, 21.33262948670898]], [[-100.87553074064913, 21.33262948670898], [-100.87549226429827, 21.332631806876453]], [[-100.87549474064248, 21.33266785656888], [-100.87549226429827, 21.332631806876453]], [[-100.87549226429827, 21.332631806876453], [-100.87545378794549, 21.332634127035195]], [[-100.87545626428042, 21.33267017672886], [-100.87545378794549, 21.332634127035195]], [[-100.87545378794549, 21.332634127035195], [-100.87541531159074, 21.332636447185205]], [[-100.8754177879164, 21.332672496880125], [-100.87541531159074, 21.332636447185205]], [[-100.87541531159074, 21.332636447185205], [-100.87537683523406, 21.332638767326497]], [[-100.87537931155043, 21.33267481702266], [-100.87537683523406, 21.332638767326497]], [[-100.87537683523406, 21.332638767326497], [-100.87533835887542, 21.332641087459052]], [[-100.87534083518253, 21.332677137156463], [-100.87533835887542, 21.332641087459052]], [[-100.87533835887542, 21.332641087459052], [-100.87529988251485, 21.332643407582886]], [[-100.87530235881268, 21.332679457281547], [-100.87529988251485, 21.332643407582886]], [[-100.87529988251485, 21.332643407582886], [-100.87526140615233, 21.332645727697994]], [[-100.87526388244088, 21.332681777397895], [-100.87526140615233, 21.332645727697994]], [[-100.87526140615233, 21.332645727697994], [-100.87522292978784, 21.33264804780438]], [[-100.87522540606713, 21.33268409750553], [-100.87522292978784, 21.33264804780438]], [[-100.87522292978784, 21.33264804780438], [-100.87518445342143, 21.33265036790203]], [[-100.87518692969144, 21.332686417604428], [-100.87518445342143, 21.33265036790203]], [[-100.87518445342143, 21.33265036790203], [-100.87514597705307, 21.332652687990958]], [[-100.8751484533138, 21.332688737694603], [-100.87514597705307, 21.332652687990958]], [[-100.87514597705307, 21.332652687990958], [-100.87510750068276, 21.332655008071157]], [[-100.87510997693421, 21.332691057776042], [-100.87510750068276, 21.332655008071157]], [[-100.87510750068276, 21.332655008071157], [-100.8750690243105, 21.33265732814263]], [[-100.87507150055268, 21.33269337784877], [-100.8750690243105, 21.33265732814263]], [[-100.8750690243105, 21.33265732814263], [-100.8750305479363, 21.332659648205382]], [[-100.8750330241692, 21.332695697912765], [-100.8750305479363, 21.332659648205382]], [[-100.8750305479363, 21.332659648205382], [-100.87499207156016, 21.3326619682594]], [[-100.87499454778377, 21.332698017968035], [-100.87499207156016, 21.3326619682594]], [[-100.87499207156016, 21.3326619682594], [-100.87495359518206, 21.33266428830469]], [[-100.87495607139643, 21.332700338014572], [-100.87495359518206, 21.33266428830469]], [[-100.87495359518206, 21.33266428830469], [-100.87491511880202, 21.33266660834126]], [[-100.8749175950071, 21.332702658052387], [-100.87491511880202, 21.33266660834126]], [[-100.87491511880202, 21.33266660834126], [-100.87487664242003, 21.3326689283691]], [[-100.87487911861584, 21.332704978081473], [-100.87487664242003, 21.3326689283691]], [[-100.87487664242003, 21.3326689283691], [-100.8748381660361, 21.33267124838822]], [[-100.87484064222262, 21.33270729810183], [-100.8748381660361, 21.33267124838822]], [[-100.8748381660361, 21.33267124838822], [-100.87479968965022, 21.332673568398604]], [[-100.87480216582749, 21.332709618113466], [-100.87479968965022, 21.332673568398604]], [[-100.87479968965022, 21.332673568398604], [-100.87476121326239, 21.332675888400264]], [[-100.87476368943038, 21.33271193811637], [-100.87476121326239, 21.332675888400264]], [[-100.87476121326239, 21.332675888400264], [-100.87472273687263, 21.332678208393194]], [[-100.87472521303133, 21.332714258110553], [-100.87472273687263, 21.332678208393194]], [[-100.87472273687263, 21.332678208393194], [-100.8746842604809, 21.33268052837741]], [[-100.87468673663035, 21.332716578096004], [-100.8746842604809, 21.33268052837741]], [[-100.8746842604809, 21.33268052837741], [-100.87464578408725, 21.332682848352885]], [[-100.8746482602274, 21.332718898072734], [-100.87464578408725, 21.332682848352885]], [[-100.87464578408725, 21.332682848352885], [-100.87460730769163, 21.332685168319642]], [[-100.87460978382252, 21.332721218040735], [-100.87460730769163, 21.332685168319642]], [[-100.87460730769163, 21.332685168319642], [-100.87456883129408, 21.33268748827767]], [[-100.8745713074157, 21.332723538000007], [-100.87456883129408, 21.33268748827767]], [[-100.87456883129408, 21.33268748827767], [-100.87453035489459, 21.33268980822697]], [[-100.87453283100692, 21.332725857950553], [-100.87453035489459, 21.33268980822697]], [[-100.87453035489459, 21.33268980822697], [-100.87449187849315, 21.33269212816754]], [[-100.87449435459621, 21.332728177892378], [-100.87449187849315, 21.33269212816754]], [[-100.87449435459621, 21.332728177892378], [-100.87445587818354, 21.33273049782547]], [[-100.87449187849315, 21.33269212816754], [-100.87445340208976, 21.33269444809939]], [[-100.87445587818354, 21.33273049782547], [-100.87445340208976, 21.33269444809939]], [[-100.87445587818354, 21.33273049782547], [-100.87441740176894, 21.33273281774984]], [[-100.87445340208976, 21.33269444809939], [-100.87441492568442, 21.332696768022508]], [[-100.87441740176894, 21.33273281774984], [-100.87441492568442, 21.332696768022508]], [[-100.87606940935662, 21.332597003448154], [-100.87606693287525, 21.332560953774166]], [[-100.87606693287525, 21.332560953774166], [-100.87602845656093, 21.33256327406256]], [[-100.87603093303304, 21.3325993237378], [-100.87602845656093, 21.33256327406256]], [[-100.87602845656093, 21.33256327406256], [-100.87598998024467, 21.332565594342228]], [[-100.87599245670748, 21.33260164401871], [-100.87598998024467, 21.332565594342228]], [[-100.87598998024467, 21.332565594342228], [-100.87595150392646, 21.332567914613165]], [[-100.87595398037999, 21.332603964290897], [-100.87595150392646, 21.332567914613165]], [[-100.87595150392646, 21.332567914613165], [-100.87591302760627, 21.33257023487538]], [[-100.87591550405055, 21.332606284554352], [-100.87591302760627, 21.33257023487538]], [[-100.87591302760627, 21.33257023487538], [-100.87587455128417, 21.332572555128866]], [[-100.87587702771917, 21.33260860480909], [-100.87587455128417, 21.332572555128866]], [[-100.87587455128417, 21.332572555128866], [-100.87583607496012, 21.33257487537362]], [[-100.87583855138584, 21.332610925055093], [-100.87583607496012, 21.33257487537362]], [[-100.87583607496012, 21.33257487537362], [-100.87579759863412, 21.332577195609655]], [[-100.87580007505056, 21.33261324529238], [-100.87579759863412, 21.332577195609655]], [[-100.87579759863412, 21.332577195609655], [-100.87575912230616, 21.332579515836958]], [[-100.87576159871334, 21.332615565520925], [-100.87575912230616, 21.332579515836958]], [[-100.87575912230616, 21.332579515836958], [-100.87572064597627, 21.332581836055546]], [[-100.87572312237418, 21.332617885740756], [-100.87572064597627, 21.332581836055546]], [[-100.87572064597627, 21.332581836055546], [-100.87568216964443, 21.332584156265387]], [[-100.87568464603305, 21.332620205951855], [-100.87568216964443, 21.332584156265387]], [[-100.87568216964443, 21.332584156265387], [-100.87564369331065, 21.33258647646652]], [[-100.87564616968999, 21.332622526154225], [-100.87564369331065, 21.33258647646652]], [[-100.87564369331065, 21.33258647646652], [-100.8756052169749, 21.332588796658918]], [[-100.87560769334499, 21.332624846347873], [-100.8756052169749, 21.332588796658918]], [[-100.8756052169749, 21.332588796658918], [-100.87556674063723, 21.33259111684259]], [[-100.87556921699803, 21.332627166532788], [-100.87556674063723, 21.33259111684259]], [[-100.87556674063723, 21.33259111684259], [-100.8755282642976, 21.332593437017536]], [[-100.87553074064913, 21.33262948670898], [-100.8755282642976, 21.332593437017536]], [[-100.8755282642976, 21.332593437017536], [-100.87548978795603, 21.332595757183753]], [[-100.87549226429827, 21.332631806876453], [-100.87548978795603, 21.332595757183753]], [[-100.87548978795603, 21.332595757183753], [-100.87545131161252, 21.332598077341256]], [[-100.87545378794549, 21.332634127035195], [-100.87545131161252, 21.332598077341256]], [[-100.87545131161252, 21.332598077341256], [-100.87541283526704, 21.332600397490015]], [[-100.87541531159074, 21.332636447185205], [-100.87541283526704, 21.332600397490015]], [[-100.87541283526704, 21.332600397490015], [-100.87537435891963, 21.332602717630063]], [[-100.87537683523406, 21.332638767326497], [-100.87537435891963, 21.332602717630063]], [[-100.87537435891963, 21.332602717630063], [-100.87533588257027, 21.332605037761375]], [[-100.87533835887542, 21.332641087459052], [-100.87533588257027, 21.332605037761375]], [[-100.87533588257027, 21.332605037761375], [-100.87529740621898, 21.332607357883962]], [[-100.87529988251485, 21.332643407582886], [-100.87529740621898, 21.332607357883962]], [[-100.87529740621898, 21.332607357883962], [-100.87525892986572, 21.332609677997823]], [[-100.87526140615233, 21.332645727697994], [-100.87525892986572, 21.332609677997823]], [[-100.87525892986572, 21.332609677997823], [-100.87522045351052, 21.332611998102955]], [[-100.87522292978784, 21.33264804780438], [-100.87522045351052, 21.332611998102955]], [[-100.87522045351052, 21.332611998102955], [-100.87518197715337, 21.332614318199365]], [[-100.87518445342143, 21.33265036790203], [-100.87518197715337, 21.332614318199365]], [[-100.87518197715337, 21.332614318199365], [-100.8751435007943, 21.33261663828704]], [[-100.87514597705307, 21.332652687990958], [-100.8751435007943, 21.33261663828704]], [[-100.8751435007943, 21.33261663828704], [-100.87510502443325, 21.332618958365988]], [[-100.87510750068276, 21.332655008071157], [-100.87510502443325, 21.332618958365988]], [[-100.87510502443325, 21.332618958365988], [-100.87506654807028, 21.332621278436218]], [[-100.8750690243105, 21.33265732814263], [-100.87506654807028, 21.332621278436218]], [[-100.87506654807028, 21.332621278436218], [-100.87502807170534, 21.332623598497722]], [[-100.8750305479363, 21.332659648205382], [-100.87502807170534, 21.332623598497722]], [[-100.87502807170534, 21.332623598497722], [-100.87498959533846, 21.332625918550498]], [[-100.87499207156016, 21.3326619682594], [-100.87498959533846, 21.332625918550498]], [[-100.87498959533846, 21.332625918550498], [-100.87495111896965, 21.33262823859455]], [[-100.87495359518206, 21.33266428830469], [-100.87495111896965, 21.33262823859455]], [[-100.87495111896965, 21.33262823859455], [-100.87491264259889, 21.33263055862987]], [[-100.87491511880202, 21.33266660834126], [-100.87491264259889, 21.33263055862987]], [[-100.87491264259889, 21.33263055862987], [-100.87487416622618, 21.33263287865646]], [[-100.87487664242003, 21.3326689283691], [-100.87487416622618, 21.33263287865646]], [[-100.87487416622618, 21.33263287865646], [-100.87483568985152, 21.33263519867433]], [[-100.8748381660361, 21.33267124838822], [-100.87483568985152, 21.33263519867433]], [[-100.87483568985152, 21.33263519867433], [-100.8747972134749, 21.33263751868347]], [[-100.87479968965022, 21.332673568398604], [-100.8747972134749, 21.33263751868347]], [[-100.8747972134749, 21.33263751868347], [-100.87475873709637, 21.332639838683885]], [[-100.87476121326239, 21.332675888400264], [-100.87475873709637, 21.332639838683885]], [[-100.87475873709637, 21.332639838683885], [-100.87472026071586, 21.332642158675576]], [[-100.87472273687263, 21.332678208393194], [-100.87472026071586, 21.332642158675576]], [[-100.87472026071586, 21.332642158675576], [-100.87468178433343, 21.33264447865853]], [[-100.8746842604809, 21.33268052837741], [-100.87468178433343, 21.33264447865853]], [[-100.87468178433343, 21.33264447865853], [-100.87464330794904, 21.332646798632766]], [[-100.87464578408725, 21.332682848352885], [-100.87464330794904, 21.332646798632766]], [[-100.87464330794904, 21.332646798632766], [-100.8746048315627, 21.332649118598276]], [[-100.87460730769163, 21.332685168319642], [-100.8746048315627, 21.332649118598276]], [[-100.8746048315627, 21.332649118598276], [-100.87456635517442, 21.332651438555054]], [[-100.87456883129408, 21.33268748827767], [-100.87456635517442, 21.332651438555054]], [[-100.87456635517442, 21.332651438555054], [-100.8745278787842, 21.33265375850311]], [[-100.87453035489459, 21.33268980822697], [-100.8745278787842, 21.33265375850311]], [[-100.8745278787842, 21.33265375850311], [-100.87448940239203, 21.33265607844243]], [[-100.87449187849315, 21.33269212816754], [-100.87448940239203, 21.33265607844243]], [[-100.87448940239203, 21.33265607844243], [-100.8744509259979, 21.332658398373034]], [[-100.87445340208976, 21.33269444809939], [-100.8744509259979, 21.332658398373034]], [[-100.8744509259979, 21.332658398373034], [-100.87441244960185, 21.332660718294907]], [[-100.87441492568442, 21.332696768022508], [-100.87441244960185, 21.332660718294907]], [[-100.87441492568442, 21.332696768022508], [-100.87437644927714, 21.332699087936895]], [[-100.87441244960185, 21.332660718294907], [-100.87437397320384, 21.332663038208054]], [[-100.87437644927714, 21.332699087936895], [-100.87437397320384, 21.332663038208054]], [[-100.87606693287525, 21.332560953774166], [-100.87606445639584, 21.33252490409991]], [[-100.87606445639584, 21.33252490409991], [-100.87602598009079, 21.332527224387054]], [[-100.87602845656093, 21.33256327406256], [-100.87602598009079, 21.332527224387054]], [[-100.87602598009079, 21.332527224387054], [-100.87598750378379, 21.33252954466547]], [[-100.87598998024467, 21.332565594342228], [-100.87598750378379, 21.33252954466547]], [[-100.87598750378379, 21.33252954466547], [-100.87594902747485, 21.332531864935163]], [[-100.87595150392646, 21.332567914613165], [-100.87594902747485, 21.332531864935163]], [[-100.87594902747485, 21.332531864935163], [-100.87591055116397, 21.33253418519613]], [[-100.87591302760627, 21.33257023487538], [-100.87591055116397, 21.33253418519613]], [[-100.87591055116397, 21.33253418519613], [-100.87587207485113, 21.332536505448367]], [[-100.87587455128417, 21.332572555128866], [-100.87587207485113, 21.332536505448367]], [[-100.87587207485113, 21.332536505448367], [-100.87583359853635, 21.332538825691877]], [[-100.87583607496012, 21.33257487537362], [-100.87583359853635, 21.332538825691877]], [[-100.87583359853635, 21.332538825691877], [-100.87579512221961, 21.332541145926665]], [[-100.87579759863412, 21.332577195609655], [-100.87579512221961, 21.332541145926665]], [[-100.87579512221961, 21.332541145926665], [-100.87575664590095, 21.33254346615272]], [[-100.87575912230616, 21.332579515836958], [-100.87575664590095, 21.33254346615272]], [[-100.87575664590095, 21.33254346615272], [-100.87571816958032, 21.33254578637005]], [[-100.87572064597627, 21.332581836055546], [-100.87571816958032, 21.33254578637005]], [[-100.87571816958032, 21.33254578637005], [-100.87567969325775, 21.332548106578663]], [[-100.87568216964443, 21.332584156265387], [-100.87567969325775, 21.332548106578663]], [[-100.87567969325775, 21.332548106578663], [-100.87564121693325, 21.332550426778543]], [[-100.87564369331065, 21.33258647646652], [-100.87564121693325, 21.332550426778543]], [[-100.87564121693325, 21.332550426778543], [-100.87560274060678, 21.332552746969693]], [[-100.8756052169749, 21.332588796658918], [-100.87560274060678, 21.332552746969693]], [[-100.87560274060678, 21.332552746969693], [-100.87556426427838, 21.33255506715212]], [[-100.87556674063723, 21.33259111684259], [-100.87556426427838, 21.33255506715212]], [[-100.87556426427838, 21.33255506715212], [-100.87552578794802, 21.33255738732582]], [[-100.8755282642976, 21.332593437017536], [-100.87552578794802, 21.33255738732582]], [[-100.87552578794802, 21.33255738732582], [-100.87548731161573, 21.33255970749079]], [[-100.87548978795603, 21.332595757183753], [-100.87548731161573, 21.33255970749079]], [[-100.87548731161573, 21.33255970749079], [-100.87544883528149, 21.33256202764704]], [[-100.87545131161252, 21.332598077341256], [-100.87544883528149, 21.33256202764704]], [[-100.87544883528149, 21.33256202764704], [-100.87541035894529, 21.33256434779456]], [[-100.87541283526704, 21.332600397490015], [-100.87541035894529, 21.33256434779456]], [[-100.87541035894529, 21.33256434779456], [-100.87537188260715, 21.332566667933353]], [[-100.87537435891963, 21.332602717630063], [-100.87537188260715, 21.332566667933353]], [[-100.87537188260715, 21.332566667933353], [-100.87533340626706, 21.332568988063418]], [[-100.87533588257027, 21.332605037761375], [-100.87533340626706, 21.332568988063418]], [[-100.87533340626706, 21.332568988063418], [-100.87529492992503, 21.33257130818476]], [[-100.87529740621898, 21.332607357883962], [-100.87529492992503, 21.33257130818476]], [[-100.87529492992503, 21.33257130818476], [-100.87525645358106, 21.33257362829738]], [[-100.87525892986572, 21.332609677997823], [-100.87525645358106, 21.33257362829738]], [[-100.87525645358106, 21.33257362829738], [-100.87521797723514, 21.332575948401256]], [[-100.87522045351052, 21.332611998102955], [-100.87521797723514, 21.332575948401256]], [[-100.87521797723514, 21.332575948401256], [-100.87517950088727, 21.332578268496416]], [[-100.87518197715337, 21.332614318199365], [-100.87517950088727, 21.332578268496416]], [[-100.87517950088727, 21.332578268496416], [-100.87514102453746, 21.332580588582857]], [[-100.8751435007943, 21.33261663828704], [-100.87514102453746, 21.332580588582857]], [[-100.87514102453746, 21.332580588582857], [-100.8751025481857, 21.33258290866056]], [[-100.87510502443325, 21.332618958365988], [-100.8751025481857, 21.33258290866056]], [[-100.8751025481857, 21.33258290866056], [-100.87506407183199, 21.332585228729542]], [[-100.87506654807028, 21.332621278436218], [-100.87506407183199, 21.332585228729542]], [[-100.87506407183199, 21.332585228729542], [-100.87502559547633, 21.332587548789792]], [[-100.87502807170534, 21.332623598497722], [-100.87502559547633, 21.332587548789792]], [[-100.87502559547633, 21.332587548789792], [-100.87498711911874, 21.332589868841325]], [[-100.87498959533846, 21.332625918550498], [-100.87498711911874, 21.332589868841325]], [[-100.87498711911874, 21.332589868841325], [-100.8749486427592, 21.332592188884124]], [[-100.87495111896965, 21.33262823859455], [-100.8749486427592, 21.332592188884124]], [[-100.8749486427592, 21.332592188884124], [-100.8749101663977, 21.332594508918202]], [[-100.87491264259889, 21.33263055862987], [-100.8749101663977, 21.332594508918202]], [[-100.8749101663977, 21.332594508918202], [-100.87487169003425, 21.33259682894355]], [[-100.87487416622618, 21.33263287865646], [-100.87487169003425, 21.33259682894355]], [[-100.87487169003425, 21.33259682894355], [-100.87483321366888, 21.33259914896017]], [[-100.87483568985152, 21.33263519867433], [-100.87483321366888, 21.33259914896017]], [[-100.87483321366888, 21.33259914896017], [-100.87479473730156, 21.332601468968065]], [[-100.8747972134749, 21.33263751868347], [-100.87479473730156, 21.332601468968065]], [[-100.87479473730156, 21.332601468968065], [-100.87475626093227, 21.33260378896723]], [[-100.87475873709637, 21.332639838683885], [-100.87475626093227, 21.33260378896723]], [[-100.87475626093227, 21.33260378896723], [-100.87471778456106, 21.332606108957673]], [[-100.87472026071586, 21.332642158675576], [-100.87471778456106, 21.332606108957673]], [[-100.87471778456106, 21.332606108957673], [-100.8746793081879, 21.332608428939388]], [[-100.87468178433343, 21.33264447865853], [-100.8746793081879, 21.332608428939388]], [[-100.8746793081879, 21.332608428939388], [-100.87464083181277, 21.332610748912373]], [[-100.87464330794904, 21.332646798632766], [-100.87464083181277, 21.332610748912373]], [[-100.87464083181277, 21.332610748912373], [-100.87460235543571, 21.332613068876633]], [[-100.8746048315627, 21.332649118598276], [-100.87460235543571, 21.332613068876633]], [[-100.87460235543571, 21.332613068876633], [-100.87456387905671, 21.332615388832163]], [[-100.87456635517442, 21.332651438555054], [-100.87456387905671, 21.332615388832163]], [[-100.87456387905671, 21.332615388832163], [-100.87452540267576, 21.332617708778976]], [[-100.8745278787842, 21.33265375850311], [-100.87452540267576, 21.332617708778976]], [[-100.87452540267576, 21.332617708778976], [-100.87448692629286, 21.332620028717052]], [[-100.87448940239203, 21.33265607844243], [-100.87448692629286, 21.332620028717052]], [[-100.87448692629286, 21.332620028717052], [-100.87444844990803, 21.33262234864641]], [[-100.8744509259979, 21.332658398373034], [-100.87444844990803, 21.33262234864641]], [[-100.87444844990803, 21.33262234864641], [-100.87440997352124, 21.33262466856704]], [[-100.87441244960185, 21.332660718294907], [-100.87440997352124, 21.33262466856704]], [[-100.87440997352124, 21.33262466856704], [-100.8743714971325, 21.332626988478946]], [[-100.87437397320384, 21.332663038208054], [-100.8743714971325, 21.332626988478946]], [[-100.87437397320384, 21.332663038208054], [-100.8743354968039, 21.33266535811247]], [[-100.8743714971325, 21.332626988478946], [-100.87433302074182, 21.332629308382117]], [[-100.8743354968039, 21.33266535811247], [-100.87433302074182, 21.332629308382117]], [[-100.8743354968039, 21.33266535811247], [-100.874297020402, 21.33266767800817]], [[-100.87433302074182, 21.332629308382117], [-100.8742945443492, 21.332631628276566]], [[-100.874297020402, 21.33266767800817], [-100.8742945443492, 21.332631628276566]], [[-100.87610293269894, 21.332522583804035], [-100.87606445639584, 21.33252490409991]], [[-100.87610293269894, 21.332522583804035], [-100.8761004562122, 21.332486534130744]], [[-100.8761004562122, 21.332486534130744], [-100.87606197991838, 21.33248885442537]], [[-100.87606445639584, 21.33252490409991], [-100.87606197991838, 21.33248885442537]], [[-100.87606197991838, 21.33248885442537], [-100.87602350362259, 21.33249117471127]], [[-100.87602598009079, 21.332527224387054], [-100.87602350362259, 21.33249117471127]], [[-100.87602350362259, 21.33249117471127], [-100.87598502732487, 21.332493494988444]], [[-100.87598750378379, 21.33252954466547], [-100.87598502732487, 21.332493494988444]], [[-100.87598502732487, 21.332493494988444], [-100.87594655102521, 21.332495815256888]], [[-100.87594902747485, 21.332531864935163], [-100.87594655102521, 21.332495815256888]], [[-100.87594655102521, 21.332495815256888], [-100.87590807472358, 21.3324981355166]], [[-100.87591055116397, 21.33253418519613], [-100.87590807472358, 21.3324981355166]], [[-100.87590807472358, 21.3324981355166], [-100.87586959842002, 21.332500455767594]], [[-100.87587207485113, 21.332536505448367], [-100.87586959842002, 21.332500455767594]], [[-100.87586959842002, 21.332500455767594], [-100.87583112211452, 21.33250277600986]], [[-100.87583359853635, 21.332538825691877], [-100.87583112211452, 21.33250277600986]], [[-100.87583112211452, 21.33250277600986], [-100.87579264580707, 21.3325050962434]], [[-100.87579512221961, 21.332541145926665], [-100.87579264580707, 21.3325050962434]], [[-100.87579264580707, 21.3325050962434], [-100.87575416949767, 21.33250741646821]], [[-100.87575664590095, 21.33254346615272], [-100.87575416949767, 21.33250741646821]], [[-100.87575416949767, 21.33250741646821], [-100.87571569318632, 21.332509736684298]], [[-100.87571816958032, 21.33254578637005], [-100.87571569318632, 21.332509736684298]], [[-100.87571569318632, 21.332509736684298], [-100.87567721687303, 21.332512056891655]], [[-100.87567969325775, 21.332548106578663], [-100.87567721687303, 21.332512056891655]], [[-100.87567721687303, 21.332512056891655], [-100.87563874055779, 21.33251437709029]], [[-100.87564121693325, 21.332550426778543], [-100.87563874055779, 21.33251437709029]], [[-100.87563874055779, 21.33251437709029], [-100.8756002642406, 21.332516697280195]], [[-100.87560274060678, 21.332552746969693], [-100.8756002642406, 21.332516697280195]], [[-100.8756002642406, 21.332516697280195], [-100.87556178792147, 21.332519017461376]], [[-100.87556426427838, 21.33255506715212], [-100.87556178792147, 21.332519017461376]], [[-100.87556178792147, 21.332519017461376], [-100.8755233116004, 21.33252133763383]], [[-100.87552578794802, 21.33255738732582], [-100.8755233116004, 21.33252133763383]], [[-100.8755233116004, 21.33252133763383], [-100.87548483527738, 21.332523657797555]], [[-100.87548731161573, 21.33255970749079], [-100.87548483527738, 21.332523657797555]], [[-100.87548483527738, 21.332523657797555], [-100.87544635895239, 21.332525977952553]], [[-100.87544883528149, 21.33256202764704], [-100.87544635895239, 21.332525977952553]], [[-100.87544635895239, 21.332525977952553], [-100.87540788262548, 21.332528298098833]], [[-100.87541035894529, 21.33256434779456], [-100.87540788262548, 21.332528298098833]], [[-100.87540788262548, 21.332528298098833], [-100.87536940629661, 21.332530618236373]], [[-100.87537188260715, 21.332566667933353], [-100.87536940629661, 21.332530618236373]], [[-100.87536940629661, 21.332530618236373], [-100.87533092996581, 21.3325329383652]], [[-100.87533340626706, 21.332568988063418], [-100.87533092996581, 21.3325329383652]], [[-100.87533092996581, 21.3325329383652], [-100.87529245363305, 21.33253525848529]], [[-100.87529492992503, 21.33257130818476], [-100.87529245363305, 21.33253525848529]], [[-100.87529245363305, 21.33253525848529], [-100.87525397729836, 21.33253757859665]], [[-100.87525645358106, 21.33257362829738], [-100.87525397729836, 21.33253757859665]], [[-100.87525397729836, 21.33253757859665], [-100.8752155009617, 21.332539898699295]], [[-100.87521797723514, 21.332575948401256], [-100.8752155009617, 21.332539898699295]], [[-100.8752155009617, 21.332539898699295], [-100.87517702462311, 21.3325422187932]], [[-100.87517950088727, 21.332578268496416], [-100.87517702462311, 21.3325422187932]], [[-100.87517702462311, 21.3325422187932], [-100.87513854828258, 21.3325445388784]], [[-100.87514102453746, 21.332580588582857], [-100.87513854828258, 21.3325445388784]], [[-100.87513854828258, 21.3325445388784], [-100.87510007194008, 21.332546858954853]], [[-100.8751025481857, 21.33258290866056], [-100.87510007194008, 21.332546858954853]], [[-100.87510007194008, 21.332546858954853], [-100.87506159559565, 21.33254917902259]], [[-100.87506407183199, 21.332585228729542], [-100.87506159559565, 21.33254917902259]], [[-100.87506159559565, 21.33254917902259], [-100.87502311924928, 21.332551499081603]], [[-100.87502559547633, 21.332587548789792], [-100.87502311924928, 21.332551499081603]], [[-100.87502311924928, 21.332551499081603], [-100.87498464290094, 21.332553819131878]], [[-100.87498711911874, 21.332589868841325], [-100.87498464290094, 21.332553819131878]], [[-100.87498464290094, 21.332553819131878], [-100.87494616655067, 21.332556139173438]], [[-100.8749486427592, 21.332592188884124], [-100.87494616655067, 21.332556139173438]], [[-100.87494616655067, 21.332556139173438], [-100.87490769019846, 21.33255845920626]], [[-100.8749101663977, 21.332594508918202], [-100.87490769019846, 21.33255845920626]], [[-100.87490769019846, 21.33255845920626], [-100.87486921384429, 21.332560779230366]], [[-100.87487169003425, 21.33259682894355], [-100.87486921384429, 21.332560779230366]], [[-100.87486921384429, 21.332560779230366], [-100.8748307374882, 21.332563099245736]], [[-100.87483321366888, 21.33259914896017], [-100.8748307374882, 21.332563099245736]], [[-100.8748307374882, 21.332563099245736], [-100.87479226113012, 21.332565419252386]], [[-100.87479473730156, 21.332601468968065], [-100.87479226113012, 21.332565419252386]], [[-100.87479226113012, 21.332565419252386], [-100.87475378477012, 21.332567739250308]], [[-100.87475626093227, 21.33260378896723], [-100.87475378477012, 21.332567739250308]], [[-100.87475378477012, 21.332567739250308], [-100.87471530840818, 21.332570059239497]], [[-100.87471778456106, 21.332606108957673], [-100.87471530840818, 21.332570059239497]], [[-100.87471530840818, 21.332570059239497], [-100.87467683204429, 21.332572379219965]], [[-100.8746793081879, 21.332608428939388], [-100.87467683204429, 21.332572379219965]], [[-100.87467683204429, 21.332572379219965], [-100.87463835567846, 21.332574699191703]], [[-100.87464083181277, 21.332610748912373], [-100.87463835567846, 21.332574699191703]], [[-100.87463835567846, 21.332574699191703], [-100.87459987931067, 21.332577019154723]], [[-100.87460235543571, 21.332613068876633], [-100.87459987931067, 21.332577019154723]], [[-100.87459987931067, 21.332577019154723], [-100.87456140294094, 21.33257933910901]], [[-100.87456387905671, 21.332615388832163], [-100.87456140294094, 21.33257933910901]], [[-100.87456140294094, 21.33257933910901], [-100.87452292656927, 21.332581659054572]], [[-100.87452540267576, 21.332617708778976], [-100.87452292656927, 21.332581659054572]], [[-100.87452292656927, 21.332581659054572], [-100.87448445019564, 21.33258397899141]], [[-100.87448692629286, 21.332620028717052], [-100.87448445019564, 21.33258397899141]], [[-100.87448445019564, 21.33258397899141], [-100.87444597382007, 21.332586298919512]], [[-100.87444844990803, 21.33262234864641], [-100.87444597382007, 21.332586298919512]], [[-100.87444597382007, 21.332586298919512], [-100.87440749744256, 21.3325886188389]], [[-100.87440997352124, 21.33262466856704], [-100.87440749744256, 21.3325886188389]], [[-100.87440749744256, 21.3325886188389], [-100.8743690210631, 21.332590938749554]], [[-100.8743714971325, 21.332626988478946], [-100.8743690210631, 21.332590938749554]], [[-100.8743690210631, 21.332590938749554], [-100.8743305446817, 21.33259325865148]], [[-100.87433302074182, 21.332629308382117], [-100.8743305446817, 21.33259325865148]], [[-100.8743305446817, 21.33259325865148], [-100.87429206829835, 21.332595578544684]], [[-100.8742945443492, 21.332631628276566], [-100.87429206829835, 21.332595578544684]], [[-100.8742945443492, 21.332631628276566], [-100.87425606795463, 21.332633948162282]], [[-100.87429206829835, 21.332595578544684], [-100.87425359191306, 21.33259789842916]], [[-100.87425606795463, 21.332633948162282], [-100.87425359191306, 21.33259789842916]], [[-100.8761004562122, 21.332486534130744], [-100.87609797972739, 21.33245048445719]], [[-100.87609797972739, 21.33245048445719], [-100.87605950344283, 21.33245280475057]], [[-100.87606197991838, 21.33248885442537], [-100.87605950344283, 21.33245280475057]], [[-100.87605950344283, 21.33245280475057], [-100.87602102715634, 21.332455125035214]], [[-100.87602350362259, 21.33249117471127], [-100.87602102715634, 21.332455125035214]], [[-100.87602102715634, 21.332455125035214], [-100.8759825508679, 21.33245744531114]], [[-100.87598502732487, 21.332493494988444], [-100.8759825508679, 21.33245744531114]], [[-100.8759825508679, 21.33245744531114], [-100.87594407457749, 21.332459765578335]], [[-100.87594655102521, 21.332495815256888], [-100.87594407457749, 21.332459765578335]], [[-100.87594407457749, 21.332459765578335], [-100.87590559828516, 21.332462085836806]], [[-100.87590807472358, 21.3324981355166], [-100.87590559828516, 21.332462085836806]], [[-100.87590559828516, 21.332462085836806], [-100.87586712199088, 21.332464406086554]], [[-100.87586959842002, 21.332500455767594], [-100.87586712199088, 21.332464406086554]], [[-100.87586712199088, 21.332464406086554], [-100.87582864569464, 21.332466726327567]], [[-100.87583112211452, 21.33250277600986], [-100.87582864569464, 21.332466726327567]], [[-100.87582864569464, 21.332466726327567], [-100.87579016939647, 21.33246904655987]], [[-100.87579264580707, 21.3325050962434], [-100.87579016939647, 21.33246904655987]], [[-100.87579016939647, 21.33246904655987], [-100.87575169309633, 21.332471366783427]], [[-100.87575416949767, 21.33250741646821], [-100.87575169309633, 21.332471366783427]], [[-100.87575169309633, 21.332471366783427], [-100.87571321679427, 21.332473686998274]], [[-100.87571569318632, 21.332509736684298], [-100.87571321679427, 21.332473686998274]], [[-100.87571321679427, 21.332473686998274], [-100.87567474049024, 21.33247600720438]], [[-100.87567721687303, 21.332512056891655], [-100.87567474049024, 21.33247600720438]], [[-100.87567474049024, 21.33247600720438], [-100.87563626418428, 21.332478327401766]], [[-100.87563874055779, 21.33251437709029], [-100.87563626418428, 21.332478327401766]], [[-100.87563626418428, 21.332478327401766], [-100.87559778787637, 21.332480647590426]], [[-100.8756002642406, 21.332516697280195], [-100.87559778787637, 21.332480647590426]], [[-100.87559778787637, 21.332480647590426], [-100.8755593115665, 21.33248296777036]], [[-100.87556178792147, 21.332519017461376], [-100.8755593115665, 21.33248296777036]], [[-100.8755593115665, 21.33248296777036], [-100.8755208352547, 21.332485287941566]], [[-100.8755233116004, 21.33252133763383], [-100.8755208352547, 21.332485287941566]], [[-100.8755208352547, 21.332485287941566], [-100.87548235894096, 21.332487608104046]], [[-100.87548483527738, 21.332523657797555], [-100.87548235894096, 21.332487608104046]], [[-100.87548235894096, 21.332487608104046], [-100.87544388262526, 21.332489928257797]], [[-100.87544635895239, 21.332525977952553], [-100.87544388262526, 21.332489928257797]], [[-100.87544388262526, 21.332489928257797], [-100.87540540630762, 21.332492248402822]], [[-100.87540788262548, 21.332528298098833], [-100.87540540630762, 21.332492248402822]], [[-100.87540540630762, 21.332492248402822], [-100.87536692998802, 21.332494568539126]], [[-100.87536940629661, 21.332530618236373], [-100.87536692998802, 21.332494568539126]], [[-100.87536692998802, 21.332494568539126], [-100.8753284536665, 21.332496888666693]], [[-100.87533092996581, 21.3325329383652], [-100.8753284536665, 21.332496888666693]], [[-100.8753284536665, 21.332496888666693], [-100.87528997734302, 21.33249920878554]], [[-100.87529245363305, 21.33253525848529], [-100.87528997734302, 21.33249920878554]], [[-100.87528997734302, 21.33249920878554], [-100.87525150101759, 21.332501528895662]], [[-100.87525397729836, 21.33253757859665], [-100.87525150101759, 21.332501528895662]], [[-100.87525150101759, 21.332501528895662], [-100.87521302469021, 21.332503848997057]], [[-100.8752155009617, 21.332539898699295], [-100.87521302469021, 21.332503848997057]], [[-100.87521302469021, 21.332503848997057], [-100.87517454836089, 21.332506169089733]], [[-100.87517702462311, 21.3325422187932], [-100.87517454836089, 21.332506169089733]], [[-100.87517454836089, 21.332506169089733], [-100.87513607202963, 21.332508489173666]], [[-100.87513854828258, 21.3325445388784], [-100.87513607202963, 21.332508489173666]], [[-100.87513607202963, 21.332508489173666], [-100.87509759569642, 21.33251080924888]], [[-100.87510007194008, 21.332546858954853], [-100.87509759569642, 21.33251080924888]], [[-100.87509759569642, 21.33251080924888], [-100.87505911936125, 21.332513129315362]], [[-100.87506159559565, 21.33254917902259], [-100.87505911936125, 21.332513129315362]], [[-100.87505911936125, 21.332513129315362], [-100.87502064302416, 21.33251544937313]], [[-100.87502311924928, 21.332551499081603], [-100.87502064302416, 21.33251544937313]], [[-100.87502064302416, 21.33251544937313], [-100.8749821666851, 21.33251776942216]], [[-100.87498464290094, 21.332553819131878], [-100.8749821666851, 21.33251776942216]], [[-100.8749821666851, 21.33251776942216], [-100.8749436903441, 21.332520089462474]], [[-100.87494616655067, 21.332556139173438], [-100.8749436903441, 21.332520089462474]], [[-100.8749436903441, 21.332520089462474], [-100.87490521400116, 21.332522409494054]], [[-100.87490769019846, 21.33255845920626], [-100.87490521400116, 21.332522409494054]], [[-100.87490521400116, 21.332522409494054], [-100.87486673765628, 21.33252472951691]], [[-100.87486921384429, 21.332560779230366], [-100.87486673765628, 21.33252472951691]], [[-100.87486673765628, 21.33252472951691], [-100.87482826130945, 21.332527049531034]], [[-100.8748307374882, 21.332563099245736], [-100.87482826130945, 21.332527049531034]], [[-100.87482826130945, 21.332527049531034], [-100.87478978496065, 21.33252936953643]], [[-100.87479226113012, 21.332565419252386], [-100.87478978496065, 21.33252936953643]], [[-100.87478978496065, 21.33252936953643], [-100.87475130860994, 21.33253168953311]], [[-100.87475378477012, 21.332567739250308], [-100.87475130860994, 21.33253168953311]], [[-100.87475130860994, 21.33253168953311], [-100.87471283225726, 21.33253400952106]], [[-100.87471530840818, 21.332570059239497], [-100.87471283225726, 21.33253400952106]], [[-100.87471283225726, 21.33253400952106], [-100.87467435590266, 21.33253632950028]], [[-100.87467683204429, 21.332572379219965], [-100.87467435590266, 21.33253632950028]], [[-100.87467435590266, 21.33253632950028], [-100.87463587954608, 21.332538649470774]], [[-100.87463835567846, 21.332574699191703], [-100.87463587954608, 21.332538649470774]], [[-100.87463587954608, 21.332538649470774], [-100.87459740318758, 21.33254096943254]], [[-100.87459987931067, 21.332577019154723], [-100.87459740318758, 21.33254096943254]], [[-100.87459740318758, 21.33254096943254], [-100.8745589268271, 21.332543289385587]], [[-100.87456140294094, 21.33257933910901], [-100.8745589268271, 21.332543289385587]], [[-100.8745589268271, 21.332543289385587], [-100.87452045046471, 21.332545609329898]], [[-100.87452292656927, 21.332581659054572], [-100.87452045046471, 21.332545609329898]], [[-100.87452045046471, 21.332545609329898], [-100.87448197410038, 21.332547929265488]], [[-100.87448445019564, 21.33258397899141], [-100.87448197410038, 21.332547929265488]], [[-100.87448197410038, 21.332547929265488], [-100.87444349773406, 21.332550249192344]], [[-100.87444597382007, 21.332586298919512], [-100.87444349773406, 21.332550249192344]], [[-100.87444349773406, 21.332550249192344], [-100.87440502136583, 21.33255256911048]], [[-100.87440749744256, 21.3325886188389], [-100.87440502136583, 21.33255256911048]], [[-100.87440502136583, 21.33255256911048], [-100.87436654499565, 21.3325548890199]], [[-100.8743690210631, 21.332590938749554], [-100.87436654499565, 21.3325548890199]], [[-100.87436654499565, 21.3325548890199], [-100.87432806862353, 21.332557208920576]], [[-100.8743305446817, 21.33259325865148], [-100.87432806862353, 21.332557208920576]], [[-100.87432806862353, 21.332557208920576], [-100.87428959224944, 21.332559528812528]], [[-100.87429206829835, 21.332595578544684], [-100.87428959224944, 21.332559528812528]], [[-100.87428959224944, 21.332559528812528], [-100.87425111587342, 21.332561848695757]], [[-100.87425359191306, 21.33259789842916], [-100.87425111587342, 21.332561848695757]], [[-100.87609797972739, 21.33245048445719], [-100.87609550324454, 21.332414434783356]], [[-100.87609550324454, 21.332414434783356], [-100.87605702696926, 21.332416755075492]], [[-100.87605950344283, 21.33245280475057], [-100.87605702696926, 21.332416755075492]], [[-100.87605702696926, 21.332416755075492], [-100.87601855069204, 21.332419075358885]], [[-100.87602102715634, 21.332455125035214], [-100.87601855069204, 21.332419075358885]], [[-100.87601855069204, 21.332419075358885], [-100.87598007441287, 21.33242139563357]], [[-100.8759825508679, 21.33245744531114], [-100.87598007441287, 21.33242139563357]], [[-100.87598007441287, 21.33242139563357], [-100.87594159813175, 21.33242371589952]], [[-100.87594407457749, 21.332459765578335], [-100.87594159813175, 21.33242371589952]], [[-100.87594159813175, 21.33242371589952], [-100.87590312184867, 21.332426036156743]], [[-100.87590559828516, 21.332462085836806], [-100.87590312184867, 21.332426036156743]], [[-100.87590312184867, 21.332426036156743], [-100.87586464556367, 21.332428356405238]], [[-100.87586712199088, 21.332464406086554], [-100.87586464556367, 21.332428356405238]], [[-100.87586464556367, 21.332428356405238], [-100.8758261692767, 21.332430676645014]], [[-100.87582864569464, 21.332466726327567], [-100.8758261692767, 21.332430676645014]], [[-100.8758261692767, 21.332430676645014], [-100.87578769298781, 21.33243299687606]], [[-100.87579016939647, 21.33246904655987], [-100.87578769298781, 21.33243299687606]], [[-100.87578769298781, 21.33243299687606], [-100.87574921669695, 21.33243531709838]], [[-100.87575169309633, 21.332471366783427], [-100.87574921669695, 21.33243531709838]], [[-100.87574921669695, 21.33243531709838], [-100.87571074040416, 21.33243763731197]], [[-100.87571321679427, 21.332473686998274], [-100.87571074040416, 21.33243763731197]], [[-100.87571074040416, 21.33243763731197], [-100.87567226410941, 21.332439957516836]], [[-100.87567474049024, 21.33247600720438], [-100.87567226410941, 21.332439957516836]], [[-100.87567226410941, 21.332439957516836], [-100.87563378781272, 21.33244227771297]], [[-100.87563626418428, 21.332478327401766], [-100.87563378781272, 21.33244227771297]], [[-100.87563378781272, 21.33244227771297], [-100.87559531151408, 21.332444597900388]], [[-100.87559778787637, 21.332480647590426], [-100.87559531151408, 21.332444597900388]], [[-100.87559531151408, 21.332444597900388], [-100.8755568352135, 21.33244691807907]], [[-100.8755593115665, 21.33248296777036], [-100.8755568352135, 21.33244691807907]], [[-100.8755568352135, 21.33244691807907], [-100.87551835891098, 21.332449238249026]], [[-100.8755208352547, 21.332485287941566], [-100.87551835891098, 21.332449238249026]], [[-100.87551835891098, 21.332449238249026], [-100.87547988260648, 21.33245155841026]], [[-100.87548235894096, 21.332487608104046], [-100.87547988260648, 21.33245155841026]], [[-100.87547988260648, 21.33245155841026], [-100.87544140630007, 21.332453878562767]], [[-100.87544388262526, 21.332489928257797], [-100.87544140630007, 21.332453878562767]], [[-100.87544140630007, 21.332453878562767], [-100.87540292999171, 21.33245619870655]], [[-100.87540540630762, 21.332492248402822], [-100.87540292999171, 21.33245619870655]], [[-100.87540292999171, 21.33245619870655], [-100.8753644536814, 21.3324585188416]], [[-100.87536692998802, 21.332494568539126], [-100.8753644536814, 21.3324585188416]], [[-100.8753644536814, 21.3324585188416], [-100.87532597736913, 21.332460838967933]], [[-100.8753284536665, 21.332496888666693], [-100.87532597736913, 21.332460838967933]], [[-100.87532597736913, 21.332460838967933], [-100.87528750105491, 21.332463159085524]], [[-100.87528997734302, 21.33249920878554], [-100.87528750105491, 21.332463159085524]], [[-100.87528750105491, 21.332463159085524], [-100.87524902473876, 21.332465479194404]], [[-100.87525150101759, 21.332501528895662], [-100.87524902473876, 21.332465479194404]], [[-100.87524902473876, 21.332465479194404], [-100.87521054842067, 21.332467799294548]], [[-100.87521302469021, 21.332503848997057], [-100.87521054842067, 21.332467799294548]], [[-100.87521054842067, 21.332467799294548], [-100.87517207210063, 21.332470119385974]], [[-100.87517454836089, 21.332506169089733], [-100.87517207210063, 21.332470119385974]], [[-100.87517207210063, 21.332470119385974], [-100.87513359577864, 21.332472439468663]], [[-100.87513607202963, 21.332508489173666], [-100.87513359577864, 21.332472439468663]], [[-100.87513359577864, 21.332472439468663], [-100.8750951194547, 21.33247475954263]], [[-100.87509759569642, 21.33251080924888], [-100.8750951194547, 21.33247475954263]], [[-100.8750951194547, 21.33247475954263], [-100.8750566431288, 21.332477079607873]], [[-100.87505911936125, 21.332513129315362], [-100.8750566431288, 21.332477079607873]], [[-100.8750566431288, 21.332477079607873], [-100.87501816680097, 21.332479399664386]], [[-100.87502064302416, 21.33251544937313], [-100.87501816680097, 21.332479399664386]], [[-100.87501816680097, 21.332479399664386], [-100.87497969047119, 21.332481719712177]], [[-100.8749821666851, 21.33251776942216], [-100.87497969047119, 21.332481719712177]], [[-100.87497969047119, 21.332481719712177], [-100.87494121413947, 21.332484039751236]], [[-100.8749436903441, 21.332520089462474], [-100.87494121413947, 21.332484039751236]], [[-100.87494121413947, 21.332484039751236], [-100.87490273780581, 21.332486359781566]], [[-100.87490521400116, 21.332522409494054], [-100.87490273780581, 21.332486359781566]], [[-100.87490273780581, 21.332486359781566], [-100.87486426147021, 21.33248867980317]], [[-100.87486673765628, 21.33252472951691], [-100.87486426147021, 21.33248867980317]], [[-100.87486426147021, 21.33248867980317], [-100.87482578513264, 21.33249099981606]], [[-100.87482826130945, 21.332527049531034], [-100.87482578513264, 21.33249099981606]], [[-100.87482578513264, 21.33249099981606], [-100.87478730879313, 21.332493319820212]], [[-100.87478978496065, 21.33252936953643], [-100.87478730879313, 21.332493319820212]], [[-100.87478730879313, 21.332493319820212], [-100.87474883245169, 21.33249563981564]], [[-100.87475130860994, 21.33253168953311], [-100.87474883245169, 21.33249563981564]], [[-100.87474883245169, 21.33249563981564], [-100.87471035610828, 21.332497959802346]], [[-100.87471283225726, 21.33253400952106], [-100.87471035610828, 21.332497959802346]], [[-100.87471035610828, 21.332497959802346], [-100.87467187976294, 21.33250027978032]], [[-100.87467435590266, 21.33253632950028], [-100.87467187976294, 21.33250027978032]], [[-100.87467187976294, 21.33250027978032], [-100.87463340341564, 21.332502599749564]], [[-100.87463587954608, 21.332538649470774], [-100.87463340341564, 21.332502599749564]], [[-100.87463340341564, 21.332502599749564], [-100.87459492706643, 21.332504919710086]], [[-100.87459740318758, 21.33254096943254], [-100.87459492706643, 21.332504919710086]], [[-100.87459492706643, 21.332504919710086], [-100.87455645071523, 21.332507239661883]], [[-100.8745589268271, 21.332543289385587], [-100.87455645071523, 21.332507239661883]], [[-100.87455645071523, 21.332507239661883], [-100.8745179743621, 21.33250955960495]], [[-100.87452045046471, 21.332545609329898], [-100.8745179743621, 21.33250955960495]], [[-100.8745179743621, 21.33250955960495], [-100.87447949800703, 21.332511879539297]], [[-100.87448197410038, 21.332547929265488], [-100.87447949800703, 21.332511879539297]], [[-100.87447949800703, 21.332511879539297], [-100.87444102165001, 21.332514199464917]], [[-100.87444349773406, 21.332550249192344], [-100.87444102165001, 21.332514199464917]], [[-100.87444102165001, 21.332514199464917], [-100.87440254529105, 21.3325165193818]], [[-100.87440502136583, 21.33255256911048], [-100.87440254529105, 21.3325165193818]], [[-100.87440254529105, 21.3325165193818], [-100.87436406893013, 21.332518839289964]], [[-100.87436654499565, 21.3325548890199], [-100.87436406893013, 21.332518839289964]], [[-100.87436406893013, 21.332518839289964], [-100.87432559256729, 21.332521159189398]], [[-100.87432806862353, 21.332557208920576], [-100.87432559256729, 21.332521159189398]], [[-100.87432559256729, 21.332521159189398], [-100.87428711620248, 21.332523479080102]], [[-100.87428959224944, 21.332559528812528], [-100.87428711620248, 21.332523479080102]], [[-100.87428711620248, 21.332523479080102], [-100.87424863983574, 21.33252579896208]], [[-100.87425111587342, 21.332561848695757], [-100.87424863983574, 21.33252579896208]], [[-100.87425111587342, 21.332561848695757], [-100.87421263949545, 21.33256416857026]], [[-100.87424863983574, 21.33252579896208], [-100.87421016346704, 21.33252811883534]], [[-100.87421263949545, 21.33256416857026], [-100.87421016346704, 21.33252811883534]], [[-100.87609550324454, 21.332414434783356], [-100.87609302676364, 21.332378385109255]], [[-100.87609302676364, 21.332378385109255], [-100.87605455049763, 21.332380705400144]], [[-100.87605702696926, 21.332416755075492], [-100.87605455049763, 21.332380705400144]], [[-100.87605455049763, 21.332380705400144], [-100.87601607422968, 21.332383025682294]], [[-100.87601855069204, 21.332419075358885], [-100.87601607422968, 21.332383025682294]], [[-100.87601607422968, 21.332383025682294], [-100.87597759795977, 21.332385345955725]], [[-100.87598007441287, 21.33242139563357], [-100.87597759795977, 21.332385345955725]], [[-100.87597759795977, 21.332385345955725], [-100.87593912168794, 21.33238766622043]], [[-100.87594159813175, 21.33242371589952], [-100.87593912168794, 21.33238766622043]], [[-100.87593912168794, 21.33238766622043], [-100.87590064541415, 21.332389986476407]], [[-100.87590312184867, 21.332426036156743], [-100.87590064541415, 21.332389986476407]], [[-100.87590064541415, 21.332389986476407], [-100.87586216913841, 21.33239230672366]], [[-100.87586464556367, 21.332428356405238], [-100.87586216913841, 21.33239230672366]], [[-100.87586216913841, 21.33239230672366], [-100.87582369286072, 21.332394626962184]], [[-100.8758261692767, 21.332430676645014], [-100.87582369286072, 21.332394626962184]], [[-100.87582369286072, 21.332394626962184], [-100.8757852165811, 21.33239694719198]], [[-100.87578769298781, 21.33243299687606], [-100.8757852165811, 21.33239694719198]], [[-100.8757852165811, 21.33239694719198], [-100.87574674029952, 21.332399267413056]], [[-100.87574921669695, 21.33243531709838], [-100.87574674029952, 21.332399267413056]], [[-100.87574674029952, 21.332399267413056], [-100.87570826401598, 21.332401587625395]], [[-100.87571074040416, 21.33243763731197], [-100.87570826401598, 21.332401587625395]], [[-100.87570826401598, 21.332401587625395], [-100.87566978773052, 21.332403907829022]], [[-100.87567226410941, 21.332439957516836], [-100.87566978773052, 21.332403907829022]], [[-100.87566978773052, 21.332403907829022], [-100.8756313114431, 21.332406228023903]], [[-100.87563378781272, 21.33244227771297], [-100.8756313114431, 21.332406228023903]], [[-100.8756313114431, 21.332406228023903], [-100.87559283515374, 21.332408548210072]], [[-100.87559531151408, 21.332444597900388], [-100.87559283515374, 21.332408548210072]], [[-100.87559283515374, 21.332408548210072], [-100.87555435886243, 21.33241086838751]], [[-100.8755568352135, 21.33244691807907], [-100.87555435886243, 21.33241086838751]], [[-100.87555435886243, 21.33241086838751], [-100.87551588256918, 21.332413188556224]], [[-100.87551835891098, 21.332449238249026], [-100.87551588256918, 21.332413188556224]], [[-100.87551588256918, 21.332413188556224], [-100.87547740627397, 21.33241550871621]], [[-100.87547988260648, 21.33245155841026], [-100.87547740627397, 21.33241550871621]], [[-100.87547740627397, 21.33241550871621], [-100.87543892997682, 21.33241782886747]], [[-100.87544140630007, 21.332453878562767], [-100.87543892997682, 21.33241782886747]], [[-100.87543892997682, 21.33241782886747], [-100.87540045367773, 21.33242014901]], [[-100.87540292999171, 21.33245619870655], [-100.87540045367773, 21.33242014901]], [[-100.87540045367773, 21.33242014901], [-100.8753619773767, 21.332422469143804]], [[-100.8753644536814, 21.3324585188416], [-100.8753619773767, 21.332422469143804]], [[-100.8753619773767, 21.332422469143804], [-100.87532350107371, 21.332424789268888]], [[-100.87532597736913, 21.332460838967933], [-100.87532350107371, 21.332424789268888]], [[-100.87532350107371, 21.332424789268888], [-100.87528502476877, 21.33242710938524]], [[-100.87528750105491, 21.332463159085524], [-100.87528502476877, 21.33242710938524]], [[-100.87528502476877, 21.33242710938524], [-100.8752465484619, 21.33242942949287]], [[-100.87524902473876, 21.332465479194404], [-100.8752465484619, 21.33242942949287]], [[-100.8752465484619, 21.33242942949287], [-100.87520807215307, 21.332431749591773]], [[-100.87521054842067, 21.332467799294548], [-100.87520807215307, 21.332431749591773]], [[-100.87520807215307, 21.332431749591773], [-100.8751695958423, 21.33243406968194]], [[-100.87517207210063, 21.332470119385974], [-100.8751695958423, 21.33243406968194]], [[-100.8751695958423, 21.33243406968194], [-100.87513111952958, 21.33243638976339]], [[-100.87513359577864, 21.332472439468663], [-100.87513111952958, 21.33243638976339]], [[-100.87513111952958, 21.33243638976339], [-100.87509264321491, 21.332438709836115]], [[-100.8750951194547, 21.33247475954263], [-100.87509264321491, 21.332438709836115]], [[-100.87509264321491, 21.332438709836115], [-100.87505416689831, 21.332441029900103]], [[-100.8750566431288, 21.332477079607873], [-100.87505416689831, 21.332441029900103]], [[-100.87505416689831, 21.332441029900103], [-100.87501569057974, 21.332443349955366]], [[-100.87501816680097, 21.332479399664386], [-100.87501569057974, 21.332443349955366]], [[-100.87501569057974, 21.332443349955366], [-100.87497721425926, 21.33244567000191]], [[-100.87497969047119, 21.332481719712177], [-100.87497721425926, 21.33244567000191]], [[-100.87497721425926, 21.33244567000191], [-100.8749387379368, 21.33244799003973]], [[-100.87494121413947, 21.332484039751236], [-100.8749387379368, 21.33244799003973]], [[-100.8749387379368, 21.33244799003973], [-100.87490026161241, 21.33245031006881]], [[-100.87490273780581, 21.332486359781566], [-100.87490026161241, 21.33245031006881]], [[-100.87490026161241, 21.33245031006881], [-100.87486178528607, 21.33245263008918]], [[-100.87486426147021, 21.33248867980317], [-100.87486178528607, 21.33245263008918]], [[-100.87486178528607, 21.33245263008918], [-100.87482330895779, 21.332454950100807]], [[-100.87482578513264, 21.33249099981606], [-100.87482330895779, 21.332454950100807]], [[-100.87482330895779, 21.332454950100807], [-100.87478483262755, 21.332457270103724]], [[-100.87478730879313, 21.332493319820212], [-100.87478483262755, 21.332457270103724]], [[-100.87478483262755, 21.332457270103724], [-100.87474635629538, 21.3324595900979]], [[-100.87474883245169, 21.33249563981564], [-100.87474635629538, 21.3324595900979]], [[-100.87474635629538, 21.3324595900979], [-100.87470787996125, 21.33246191008336]], [[-100.87471035610828, 21.332497959802346], [-100.87470787996125, 21.33246191008336]], [[-100.87470787996125, 21.33246191008336], [-100.87466940362519, 21.332464230060086]], [[-100.87467187976294, 21.33250027978032], [-100.87466940362519, 21.332464230060086]], [[-100.87466940362519, 21.332464230060086], [-100.87463092728717, 21.33246655002809]], [[-100.87463340341564, 21.332502599749564], [-100.87463092728717, 21.33246655002809]], [[-100.87463092728717, 21.33246655002809], [-100.8745924509472, 21.332468869987363]], [[-100.87459492706643, 21.332504919710086], [-100.8745924509472, 21.332468869987363]], [[-100.8745924509472, 21.332468869987363], [-100.87455397460529, 21.332471189937916]], [[-100.87455645071523, 21.332507239661883], [-100.87455397460529, 21.332471189937916]], [[-100.87455397460529, 21.332471189937916], [-100.87451549826145, 21.332473509879737]], [[-100.8745179743621, 21.33250955960495], [-100.87451549826145, 21.332473509879737]], [[-100.87451549826145, 21.332473509879737], [-100.87447702191565, 21.332475829812832]], [[-100.87447949800703, 21.332511879539297], [-100.87447702191565, 21.332475829812832]], [[-100.87447702191565, 21.332475829812832], [-100.87443854556791, 21.3324781497372]], [[-100.87444102165001, 21.332514199464917], [-100.87443854556791, 21.3324781497372]], [[-100.87443854556791, 21.3324781497372], [-100.87440006921821, 21.33248046965284]], [[-100.87440254529105, 21.3325165193818], [-100.87440006921821, 21.33248046965284]], [[-100.87440006921821, 21.33248046965284], [-100.87436159286658, 21.33248278955975]], [[-100.87436406893013, 21.332518839289964], [-100.87436159286658, 21.33248278955975]], [[-100.87436159286658, 21.33248278955975], [-100.874323116513, 21.332485109457945]], [[-100.87432559256729, 21.332521159189398], [-100.874323116513, 21.332485109457945]], [[-100.874323116513, 21.332485109457945], [-100.87428464015747, 21.332487429347406]], [[-100.87428711620248, 21.332523479080102], [-100.87428464015747, 21.332487429347406]], [[-100.87428464015747, 21.332487429347406], [-100.8742461638, 21.33248974922814]], [[-100.87424863983574, 21.33252579896208], [-100.8742461638, 21.33248974922814]], [[-100.8742461638, 21.33248974922814], [-100.87420768744057, 21.33249206910015]], [[-100.87421016346704, 21.33252811883534], [-100.87420768744057, 21.33249206910015]], [[-100.87421016346704, 21.33252811883534], [-100.8741716870964, 21.33253043869987]], [[-100.87420768744057, 21.33249206910015], [-100.87416921107922, 21.332494388963433]], [[-100.8741716870964, 21.33253043869987], [-100.87416921107922, 21.332494388963433]], [[-100.8761315030277, 21.332376064809647], [-100.87609302676364, 21.332378385109255]], [[-100.8761315030277, 21.332376064809647], [-100.87612902653946, 21.332340015136513]], [[-100.87612902653946, 21.332340015136513], [-100.87609055028467, 21.33234233543488]], [[-100.87609302676364, 21.332378385109255], [-100.87609055028467, 21.33234233543488]], [[-100.87609055028467, 21.33234233543488], [-100.87605207402794, 21.332344655724516]], [[-100.87605455049763, 21.332380705400144], [-100.87605207402794, 21.332344655724516]], [[-100.87605207402794, 21.332344655724516], [-100.87601359776927, 21.332346976005425]], [[-100.87601607422968, 21.332383025682294], [-100.87601359776927, 21.332346976005425]], [[-100.87601359776927, 21.332346976005425], [-100.87597512150863, 21.332349296277613]], [[-100.87597759795977, 21.332385345955725], [-100.87597512150863, 21.332349296277613]], [[-100.87597512150863, 21.332349296277613], [-100.87593664524607, 21.332351616541068]], [[-100.87593912168794, 21.33238766622043], [-100.87593664524607, 21.332351616541068]], [[-100.87593664524607, 21.332351616541068], [-100.87589816898156, 21.332353936795794]], [[-100.87590064541415, 21.332389986476407], [-100.87589816898156, 21.332353936795794]], [[-100.87589816898156, 21.332353936795794], [-100.87585969271508, 21.332356257041805]], [[-100.87586216913841, 21.33239230672366], [-100.87585969271508, 21.332356257041805]], [[-100.87585969271508, 21.332356257041805], [-100.87582121644668, 21.332358577279077]], [[-100.87582369286072, 21.332394626962184], [-100.87582121644668, 21.332358577279077]], [[-100.87582121644668, 21.332358577279077], [-100.87578274017633, 21.332360897507627]], [[-100.8757852165811, 21.33239694719198], [-100.87578274017633, 21.332360897507627]], [[-100.87578274017633, 21.332360897507627], [-100.87574426390402, 21.33236321772745]], [[-100.87574674029952, 21.332399267413056], [-100.87574426390402, 21.33236321772745]], [[-100.87574426390402, 21.33236321772745], [-100.87570578762977, 21.33236553793855]], [[-100.87570826401598, 21.332401587625395], [-100.87570578762977, 21.33236553793855]], [[-100.87570578762977, 21.33236553793855], [-100.87566731135358, 21.332367858140923]], [[-100.87566978773052, 21.332403907829022], [-100.87566731135358, 21.332367858140923]], [[-100.87566731135358, 21.332367858140923], [-100.87562883507543, 21.332370178334575]], [[-100.8756313114431, 21.332406228023903], [-100.87562883507543, 21.332370178334575]], [[-100.87562883507543, 21.332370178334575], [-100.87559035879535, 21.332372498519486]], [[-100.87559283515374, 21.332408548210072], [-100.87559035879535, 21.332372498519486]], [[-100.87559035879535, 21.332372498519486], [-100.87555188251332, 21.33237481869568]], [[-100.87555435886243, 21.33241086838751], [-100.87555188251332, 21.33237481869568]], [[-100.87555188251332, 21.33237481869568], [-100.87551340622933, 21.332377138863144]], [[-100.87551588256918, 21.332413188556224], [-100.87551340622933, 21.332377138863144]], [[-100.87551340622933, 21.332377138863144], [-100.87547492994341, 21.332379459021887]], [[-100.87547740627397, 21.33241550871621], [-100.87547492994341, 21.332379459021887]], [[-100.87547492994341, 21.332379459021887], [-100.87543645365554, 21.332381779171893]], [[-100.87543892997682, 21.33241782886747], [-100.87543645365554, 21.332381779171893]], [[-100.87543645365554, 21.332381779171893], [-100.87539797736572, 21.332384099313185]], [[-100.87540045367773, 21.33242014901], [-100.87539797736572, 21.332384099313185]], [[-100.87539797736572, 21.332384099313185], [-100.87535950107394, 21.33238641944575]], [[-100.8753619773767, 21.332422469143804], [-100.87535950107394, 21.33238641944575]], [[-100.87535950107394, 21.33238641944575], [-100.87532102478023, 21.332388739569577]], [[-100.87532350107371, 21.332424789268888], [-100.87532102478023, 21.332388739569577]], [[-100.87532102478023, 21.332388739569577], [-100.87528254848458, 21.33239105968469]], [[-100.87528502476877, 21.33242710938524], [-100.87528254848458, 21.33239105968469]], [[-100.87528254848458, 21.33239105968469], [-100.87524407218697, 21.33239337979107]], [[-100.8752465484619, 21.33242942949287], [-100.87524407218697, 21.33239337979107]], [[-100.87524407218697, 21.33239337979107], [-100.87520559588742, 21.33239569988872]], [[-100.87520807215307, 21.332431749591773], [-100.87520559588742, 21.33239569988872]], [[-100.87520559588742, 21.33239569988872], [-100.87516711958592, 21.332398019977642]], [[-100.8751695958423, 21.33243406968194], [-100.87516711958592, 21.332398019977642]], [[-100.87516711958592, 21.332398019977642], [-100.87512864328248, 21.332400340057845]], [[-100.87513111952958, 21.33243638976339], [-100.87512864328248, 21.332400340057845]], [[-100.87512864328248, 21.332400340057845], [-100.87509016697709, 21.33240266012932]], [[-100.87509264321491, 21.332438709836115], [-100.87509016697709, 21.33240266012932]], [[-100.87509016697709, 21.33240266012932], [-100.87505169066976, 21.332404980192067]], [[-100.87505416689831, 21.332441029900103], [-100.87505169066976, 21.332404980192067]], [[-100.87505169066976, 21.332404980192067], [-100.87501321436048, 21.332407300246086]], [[-100.87501569057974, 21.332443349955366], [-100.87501321436048, 21.332407300246086]], [[-100.87501321436048, 21.332407300246086], [-100.87497473804925, 21.33240962029138]], [[-100.87497721425926, 21.33244567000191], [-100.87497473804925, 21.33240962029138]], [[-100.87497473804925, 21.33240962029138], [-100.87493626173608, 21.33241194032795]], [[-100.8749387379368, 21.33244799003973], [-100.87493626173608, 21.33241194032795]], [[-100.87493626173608, 21.33241194032795], [-100.87489778542096, 21.332414260355787]], [[-100.87490026161241, 21.33245031006881], [-100.87489778542096, 21.332414260355787]], [[-100.87489778542096, 21.332414260355787], [-100.87485930910388, 21.33241658037491]], [[-100.87486178528607, 21.33245263008918], [-100.87485930910388, 21.33241658037491]], [[-100.87485930910388, 21.33241658037491], [-100.87482083278488, 21.332418900385296]], [[-100.87482330895779, 21.332454950100807], [-100.87482083278488, 21.332418900385296]], [[-100.87482083278488, 21.332418900385296], [-100.87478235646392, 21.332421220386955]], [[-100.87478483262755, 21.332457270103724], [-100.87478235646392, 21.332421220386955]], [[-100.87478235646392, 21.332421220386955], [-100.87474388014101, 21.33242354037989]], [[-100.87474635629538, 21.3324595900979], [-100.87474388014101, 21.33242354037989]], [[-100.87474388014101, 21.33242354037989], [-100.87470540381617, 21.332425860364104]], [[-100.87470787996125, 21.33246191008336], [-100.87470540381617, 21.332425860364104]], [[-100.87470540381617, 21.332425860364104], [-100.87466692748937, 21.33242818033958]], [[-100.87466940362519, 21.332464230060086], [-100.87466692748937, 21.33242818033958]], [[-100.87466692748937, 21.33242818033958], [-100.87462845116063, 21.332430500306337]], [[-100.87463092728717, 21.33246655002809], [-100.87462845116063, 21.332430500306337]], [[-100.87462845116063, 21.332430500306337], [-100.87458997482995, 21.33243282026437]], [[-100.8745924509472, 21.332468869987363], [-100.87458997482995, 21.33243282026437]], [[-100.87458997482995, 21.33243282026437], [-100.87455149849731, 21.33243514021367]], [[-100.87455397460529, 21.332471189937916], [-100.87455149849731, 21.33243514021367]], [[-100.87455149849731, 21.33243514021367], [-100.87451302216273, 21.332437460154242]], [[-100.87451549826145, 21.332473509879737], [-100.87451302216273, 21.332437460154242]], [[-100.87451302216273, 21.332437460154242], [-100.87447454582622, 21.33243978008609]], [[-100.87447702191565, 21.332475829812832], [-100.87447454582622, 21.33243978008609]], [[-100.87447454582622, 21.33243978008609], [-100.87443606948774, 21.332442100009214]], [[-100.87443854556791, 21.3324781497372], [-100.87443606948774, 21.332442100009214]], [[-100.87443606948774, 21.332442100009214], [-100.87439759314732, 21.332444419923615]], [[-100.87440006921821, 21.33248046965284], [-100.87439759314732, 21.332444419923615]], [[-100.87439759314732, 21.332444419923615], [-100.87435911680497, 21.33244673982928]], [[-100.87436159286658, 21.33248278955975], [-100.87435911680497, 21.33244673982928]], [[-100.87435911680497, 21.33244673982928], [-100.87432064046065, 21.332449059726226]], [[-100.874323116513, 21.332485109457945], [-100.87432064046065, 21.332449059726226]], [[-100.87432064046065, 21.332449059726226], [-100.8742821641144, 21.332451379614437]], [[-100.87428464015747, 21.332487429347406], [-100.8742821641144, 21.332451379614437]], [[-100.8742821641144, 21.332451379614437], [-100.87424368776621, 21.33245369949393]], [[-100.8742461638, 21.33248974922814], [-100.87424368776621, 21.33245369949393]], [[-100.87424368776621, 21.33245369949393], [-100.87420521141605, 21.33245601936469]], [[-100.87420768744057, 21.33249206910015], [-100.87420521141605, 21.33245601936469]], [[-100.87420521141605, 21.33245601936469], [-100.87416673506398, 21.33245833922673]], [[-100.87416921107922, 21.332494388963433], [-100.87416673506398, 21.33245833922673]], [[-100.87416921107922, 21.332494388963433], [-100.8741307347159, 21.332496708817988]], [[-100.87416673506398, 21.33245833922673], [-100.87412825870994, 21.33246065908004]], [[-100.8741307347159, 21.332496708817988], [-100.87412825870994, 21.33246065908004]], [[-100.87612902653946, 21.332340015136513], [-100.87612655005316, 21.33230396546312]], [[-100.87612655005316, 21.33230396546312], [-100.87608807380767, 21.332306285760236]], [[-100.87609055028467, 21.33234233543488], [-100.87608807380767, 21.332306285760236]], [[-100.87608807380767, 21.332306285760236], [-100.87604959756021, 21.332308606048628]], [[-100.87605207402794, 21.332344655724516], [-100.87604959756021, 21.332308606048628]], [[-100.87604959756021, 21.332308606048628], [-100.8760111213108, 21.332310926328283]], [[-100.87601359776927, 21.332346976005425], [-100.8760111213108, 21.332310926328283]], [[-100.8760111213108, 21.332310926328283], [-100.87597264505945, 21.332313246599227]], [[-100.87597512150863, 21.332349296277613], [-100.87597264505945, 21.332313246599227]], [[-100.87597264505945, 21.332313246599227], [-100.87593416880615, 21.332315566861435]], [[-100.87593664524607, 21.332351616541068], [-100.87593416880615, 21.332315566861435]], [[-100.87593416880615, 21.332315566861435], [-100.87589569255091, 21.332317887114918]], [[-100.87589816898156, 21.332353936795794], [-100.87589569255091, 21.332317887114918]], [[-100.87589569255091, 21.332317887114918], [-100.87585721629372, 21.33232020735967]], [[-100.87585969271508, 21.332356257041805], [-100.87585721629372, 21.33232020735967]], [[-100.87585721629372, 21.33232020735967], [-100.87581874003457, 21.3323225275957]], [[-100.87582121644668, 21.332358577279077], [-100.87581874003457, 21.3323225275957]], [[-100.87581874003457, 21.3323225275957], [-100.8757802637735, 21.332324847823006]], [[-100.87578274017633, 21.332360897507627], [-100.8757802637735, 21.332324847823006]], [[-100.8757802637735, 21.332324847823006], [-100.87574178751048, 21.332327168041587]], [[-100.87574426390402, 21.33236321772745], [-100.87574178751048, 21.332327168041587]], [[-100.87574178751048, 21.332327168041587], [-100.8757033112455, 21.33232948825144]], [[-100.87570578762977, 21.33236553793855], [-100.8757033112455, 21.33232948825144]], [[-100.8757033112455, 21.33232948825144], [-100.87566483497858, 21.332331808452565]], [[-100.87566731135358, 21.332367858140923], [-100.87566483497858, 21.332331808452565]], [[-100.87566483497858, 21.332331808452565], [-100.87562635870972, 21.33233412864496]], [[-100.87562883507543, 21.332370178334575], [-100.87562635870972, 21.33233412864496]], [[-100.87562635870972, 21.33233412864496], [-100.8755878824389, 21.332336448828634]], [[-100.87559035879535, 21.332372498519486], [-100.8755878824389, 21.332336448828634]], [[-100.8755878824389, 21.332336448828634], [-100.87554940616614, 21.33233876900358]], [[-100.87555188251332, 21.33237481869568], [-100.87554940616614, 21.33233876900358]], [[-100.87554940616614, 21.33233876900358], [-100.87551092989143, 21.332341089169798]], [[-100.87551340622933, 21.332377138863144], [-100.87551092989143, 21.332341089169798]], [[-100.87551092989143, 21.332341089169798], [-100.87547245361478, 21.332343409327287]], [[-100.87547492994341, 21.332379459021887], [-100.87547245361478, 21.332343409327287]], [[-100.87547245361478, 21.332343409327287], [-100.87543397733617, 21.33234572947606]], [[-100.87543645365554, 21.332381779171893], [-100.87543397733617, 21.33234572947606]], [[-100.87543397733617, 21.33234572947606], [-100.87539550105564, 21.332348049616094]], [[-100.87539797736572, 21.332384099313185], [-100.87539550105564, 21.332348049616094]], [[-100.87539550105564, 21.332348049616094], [-100.87535702477315, 21.33235036974741]], [[-100.87535950107394, 21.33238641944575], [-100.87535702477315, 21.33235036974741]], [[-100.87535702477315, 21.33235036974741], [-100.87531854848869, 21.332352689869992]], [[-100.87532102478023, 21.332388739569577], [-100.87531854848869, 21.332352689869992]], [[-100.87531854848869, 21.332352689869992], [-100.87528007220232, 21.332355009983857]], [[-100.87528254848458, 21.33239105968469], [-100.87528007220232, 21.332355009983857]], [[-100.87528007220232, 21.332355009983857], [-100.87524159591399, 21.332357330088985]], [[-100.87524407218697, 21.33239337979107], [-100.87524159591399, 21.332357330088985]], [[-100.87524159591399, 21.332357330088985], [-100.87520311962372, 21.33235965018539]], [[-100.87520559588742, 21.33239569988872], [-100.87520311962372, 21.33235965018539]], [[-100.87520311962372, 21.33235965018539], [-100.87516464333149, 21.332361970273073]], [[-100.87516711958592, 21.332398019977642], [-100.87516464333149, 21.332361970273073]], [[-100.87516464333149, 21.332361970273073], [-100.87512616703732, 21.332364290352025]], [[-100.87512864328248, 21.332400340057845], [-100.87512616703732, 21.332364290352025]], [[-100.87512616703732, 21.332364290352025], [-100.87508769074121, 21.332366610422255]], [[-100.87509016697709, 21.33240266012932], [-100.87508769074121, 21.332366610422255]], [[-100.87508769074121, 21.332366610422255], [-100.87504921444315, 21.332368930483756]], [[-100.87505169066976, 21.332404980192067], [-100.87504921444315, 21.332368930483756]], [[-100.87504921444315, 21.332368930483756], [-100.87501073814315, 21.332371250536532]], [[-100.87501321436048, 21.332407300246086], [-100.87501073814315, 21.332371250536532]], [[-100.87501073814315, 21.332371250536532], [-100.8749722618412, 21.33237357058058]], [[-100.87497473804925, 21.33240962029138], [-100.8749722618412, 21.33237357058058]], [[-100.8749722618412, 21.33237357058058], [-100.8749337855373, 21.3323758906159]], [[-100.87493626173608, 21.33241194032795], [-100.8749337855373, 21.3323758906159]], [[-100.8749337855373, 21.3323758906159], [-100.87489530923145, 21.3323782106425]], [[-100.87489778542096, 21.332414260355787], [-100.87489530923145, 21.3323782106425]], [[-100.87489530923145, 21.3323782106425], [-100.87485683292365, 21.33238053066036]], [[-100.87485930910388, 21.33241658037491], [-100.87485683292365, 21.33238053066036]], [[-100.87485683292365, 21.33238053066036], [-100.87481835661391, 21.332382850669504]], [[-100.87482083278488, 21.332418900385296], [-100.87481835661391, 21.332382850669504]], [[-100.87481835661391, 21.332382850669504], [-100.87477988030223, 21.332385170669923]], [[-100.87478235646392, 21.332421220386955], [-100.87477988030223, 21.332385170669923]], [[-100.87477988030223, 21.332385170669923], [-100.87474140398861, 21.33238749066161]], [[-100.87474388014101, 21.33242354037989], [-100.87474140398861, 21.33238749066161]], [[-100.87474140398861, 21.33238749066161], [-100.87470292767304, 21.332389810644575]], [[-100.87470540381617, 21.332425860364104], [-100.87470292767304, 21.332389810644575]], [[-100.87470292767304, 21.332389810644575], [-100.87466445135551, 21.332392130618807]], [[-100.87466692748937, 21.33242818033958], [-100.87466445135551, 21.332392130618807]], [[-100.87466445135551, 21.332392130618807], [-100.87462597503604, 21.332394450584317]], [[-100.87462845116063, 21.332430500306337], [-100.87462597503604, 21.332394450584317]], [[-100.87462597503604, 21.332394450584317], [-100.87458749871463, 21.33239677054109]], [[-100.87458997482995, 21.33243282026437], [-100.87458749871463, 21.33239677054109]], [[-100.87458749871463, 21.33239677054109], [-100.87454902239126, 21.332399090489155]], [[-100.87455149849731, 21.33243514021367], [-100.87454902239126, 21.332399090489155]], [[-100.87454902239126, 21.332399090489155], [-100.87451054606596, 21.33240141042848]], [[-100.87451302216273, 21.332437460154242], [-100.87451054606596, 21.33240141042848]], [[-100.87451054606596, 21.33240141042848], [-100.87447206973872, 21.33240373035909]], [[-100.87447454582622, 21.33243978008609], [-100.87447206973872, 21.33240373035909]], [[-100.87447206973872, 21.33240373035909], [-100.87443359340953, 21.332406050280962]], [[-100.87443606948774, 21.332442100009214], [-100.87443359340953, 21.332406050280962]], [[-100.87443359340953, 21.332406050280962], [-100.87439511707838, 21.332408370194113]], [[-100.87439759314732, 21.332444419923615], [-100.87439511707838, 21.332408370194113]], [[-100.87439511707838, 21.332408370194113], [-100.87435664074529, 21.332410690098538]], [[-100.87435911680497, 21.33244673982928], [-100.87435664074529, 21.332410690098538]], [[-100.87435664074529, 21.332410690098538], [-100.87431816441025, 21.332413009994234]], [[-100.87432064046065, 21.332449059726226], [-100.87431816441025, 21.332413009994234]], [[-100.87431816441025, 21.332413009994234], [-100.87427968807329, 21.3324153298812]], [[-100.8742821641144, 21.332451379614437], [-100.87427968807329, 21.3324153298812]], [[-100.87427968807329, 21.3324153298812], [-100.87424121173436, 21.332417649759442]], [[-100.87424368776621, 21.33245369949393], [-100.87424121173436, 21.332417649759442]], [[-100.87424121173436, 21.332417649759442], [-100.87420273539348, 21.33241996962896]], [[-100.87420521141605, 21.33245601936469], [-100.87420273539348, 21.33241996962896]], [[-100.87420273539348, 21.33241996962896], [-100.87416425905067, 21.332422289489752]], [[-100.87416673506398, 21.33245833922673], [-100.87416425905067, 21.332422289489752]], [[-100.87416425905067, 21.332422289489752], [-100.87412578270592, 21.332424609341814]], [[-100.87412825870994, 21.33246065908004], [-100.87412578270592, 21.332424609341814]], [[-100.87412825870994, 21.33246065908004], [-100.87408978235396, 21.332462978924625]], [[-100.87412578270592, 21.332424609341814], [-100.87408730635921, 21.332426929185157]], [[-100.87408978235396, 21.332462978924625], [-100.87408730635921, 21.332426929185157]], [[-100.87612655005316, 21.33230396546312], [-100.87612407356883, 21.332267915789444]], [[-100.87612407356883, 21.332267915789444], [-100.87608559733259, 21.332270236085314]], [[-100.87608807380767, 21.332306285760236], [-100.87608559733259, 21.332270236085314]], [[-100.87608559733259, 21.332270236085314], [-100.8760471210944, 21.33227255637246]], [[-100.87604959756021, 21.332308606048628], [-100.8760471210944, 21.33227255637246]], [[-100.8760471210944, 21.33227255637246], [-100.87600864485428, 21.332274876650875]], [[-100.8760111213108, 21.332310926328283], [-100.87600864485428, 21.332274876650875]], [[-100.87600864485428, 21.332274876650875], [-100.8759701686122, 21.332277196920558]], [[-100.87597264505945, 21.332313246599227], [-100.8759701686122, 21.332277196920558]], [[-100.8759701686122, 21.332277196920558], [-100.87593169236818, 21.332279517181522]], [[-100.87593416880615, 21.332315566861435], [-100.87593169236818, 21.332279517181522]], [[-100.87593169236818, 21.332279517181522], [-100.87589321612222, 21.33228183743376]], [[-100.87589569255091, 21.332317887114918], [-100.87589321612222, 21.33228183743376]], [[-100.87589321612222, 21.33228183743376], [-100.8758547398743, 21.33228415767727]], [[-100.87585721629372, 21.33232020735967], [-100.8758547398743, 21.33228415767727]], [[-100.8758547398743, 21.33228415767727], [-100.87581626362444, 21.332286477912053]], [[-100.87581874003457, 21.3323225275957], [-100.87581626362444, 21.332286477912053]], [[-100.87581626362444, 21.332286477912053], [-100.87577778737263, 21.332288798138112]], [[-100.8757802637735, 21.332324847823006], [-100.87577778737263, 21.332288798138112]], [[-100.87577778737263, 21.332288798138112], [-100.87573931111888, 21.332291118355446]], [[-100.87574178751048, 21.332327168041587], [-100.87573931111888, 21.332291118355446]], [[-100.87573931111888, 21.332291118355446], [-100.87570083486318, 21.33229343856405]], [[-100.8757033112455, 21.33232948825144], [-100.87570083486318, 21.33229343856405]], [[-100.87570083486318, 21.33229343856405], [-100.87566235860552, 21.332295758763934]], [[-100.87566483497858, 21.332331808452565], [-100.87566235860552, 21.332295758763934]], [[-100.87566235860552, 21.332295758763934], [-100.87562388234593, 21.33229807895508]], [[-100.87562635870972, 21.33233412864496], [-100.87562388234593, 21.33229807895508]], [[-100.87562388234593, 21.33229807895508], [-100.8755854060844, 21.332300399137505]], [[-100.8755878824389, 21.332336448828634], [-100.8755854060844, 21.332300399137505]], [[-100.8755854060844, 21.332300399137505], [-100.8755469298209, 21.3323027193112]], [[-100.87554940616614, 21.33233876900358], [-100.8755469298209, 21.3323027193112]], [[-100.8755469298209, 21.3323027193112], [-100.87550845355548, 21.332305039476175]], [[-100.87551092989143, 21.332341089169798], [-100.87550845355548, 21.332305039476175]], [[-100.87550845355548, 21.332305039476175], [-100.8754699772881, 21.33230735963242]], [[-100.87547245361478, 21.332343409327287], [-100.8754699772881, 21.33230735963242]], [[-100.8754699772881, 21.33230735963242], [-100.87543150101877, 21.332309679779943]], [[-100.87543397733617, 21.33234572947606], [-100.87543150101877, 21.332309679779943]], [[-100.87543150101877, 21.332309679779943], [-100.8753930247475, 21.33231199991873]], [[-100.87539550105564, 21.332348049616094], [-100.8753930247475, 21.33231199991873]], [[-100.8753930247475, 21.33231199991873], [-100.87535454847429, 21.3323143200488]], [[-100.87535702477315, 21.33235036974741], [-100.87535454847429, 21.3323143200488]], [[-100.87535454847429, 21.3323143200488], [-100.87531607219913, 21.332316640170138]], [[-100.87531854848869, 21.332352689869992], [-100.87531607219913, 21.332316640170138]], [[-100.87531607219913, 21.332316640170138], [-100.875277595922, 21.33231896028275]], [[-100.87528007220232, 21.332355009983857], [-100.875277595922, 21.33231896028275]], [[-100.875277595922, 21.33231896028275], [-100.87523911964296, 21.33232128038664]], [[-100.87524159591399, 21.332357330088985], [-100.87523911964296, 21.33232128038664]], [[-100.87523911964296, 21.33232128038664], [-100.87520064336195, 21.3323236004818]], [[-100.87520311962372, 21.33235965018539], [-100.87520064336195, 21.3323236004818]], [[-100.87520064336195, 21.3323236004818], [-100.87516216707901, 21.33232592056823]], [[-100.87516464333149, 21.332361970273073], [-100.87516216707901, 21.33232592056823]], [[-100.87516216707901, 21.33232592056823], [-100.87512369079411, 21.332328240645943]], [[-100.87512616703732, 21.332364290352025], [-100.87512369079411, 21.332328240645943]], [[-100.87512369079411, 21.332328240645943], [-100.87508521450727, 21.332330560714926]], [[-100.87508769074121, 21.332366610422255], [-100.87508521450727, 21.332330560714926]], [[-100.87508521450727, 21.332330560714926], [-100.87504673821849, 21.332332880775176]], [[-100.87504921444315, 21.332368930483756], [-100.87504673821849, 21.332332880775176]], [[-100.87504673821849, 21.332332880775176], [-100.87500826192775, 21.332335200826705]], [[-100.87501073814315, 21.332371250536532], [-100.87500826192775, 21.332335200826705]], [[-100.87500826192775, 21.332335200826705], [-100.87496978563507, 21.33233752086951]], [[-100.8749722618412, 21.33237357058058], [-100.87496978563507, 21.33233752086951]], [[-100.87496978563507, 21.33233752086951], [-100.87493130934045, 21.33233984090358]], [[-100.8749337855373, 21.3323758906159], [-100.87493130934045, 21.33233984090358]], [[-100.87493130934045, 21.33233984090358], [-100.87489283304387, 21.332342160928928]], [[-100.87489530923145, 21.3323782106425], [-100.87489283304387, 21.332342160928928]], [[-100.87489283304387, 21.332342160928928], [-100.87485435674536, 21.33234448094555]], [[-100.87485683292365, 21.33238053066036], [-100.87485435674536, 21.33234448094555]], [[-100.87485435674536, 21.33234448094555], [-100.8748158804449, 21.33234680095345]], [[-100.87481835661391, 21.332382850669504], [-100.8748158804449, 21.33234680095345]], [[-100.8748158804449, 21.33234680095345], [-100.87477740414249, 21.332349120952617]], [[-100.87477988030223, 21.332385170669923], [-100.87477740414249, 21.332349120952617]], [[-100.87477740414249, 21.332349120952617], [-100.87473892783814, 21.33235144094305]], [[-100.87474140398861, 21.33238749066161], [-100.87473892783814, 21.33235144094305]], [[-100.87473892783814, 21.33235144094305], [-100.87470045153184, 21.332353760924768]], [[-100.87470292767304, 21.332389810644575], [-100.87470045153184, 21.332353760924768]], [[-100.87470045153184, 21.332353760924768], [-100.87466197522359, 21.332356080897753]], [[-100.87466445135551, 21.332392130618807], [-100.87466197522359, 21.332356080897753]], [[-100.87466197522359, 21.332356080897753], [-100.8746234989134, 21.332358400862024]], [[-100.87462597503604, 21.332394450584317], [-100.8746234989134, 21.332358400862024]], [[-100.8746234989134, 21.332358400862024], [-100.87458502260127, 21.332360720817555]], [[-100.87458749871463, 21.33239677054109], [-100.87458502260127, 21.332360720817555]], [[-100.87458502260127, 21.332360720817555], [-100.87454654628716, 21.33236304076437]], [[-100.87454902239126, 21.332399090489155], [-100.87454654628716, 21.33236304076437]], [[-100.87454654628716, 21.33236304076437], [-100.87450806997114, 21.33236536070245]], [[-100.87451054606596, 21.33240141042848], [-100.87450806997114, 21.33236536070245]], [[-100.87450806997114, 21.33236536070245], [-100.87446959365317, 21.332367680631805]], [[-100.87447206973872, 21.33240373035909], [-100.87446959365317, 21.332367680631805]], [[-100.87446959365317, 21.332367680631805], [-100.87443111733324, 21.332370000552434]], [[-100.87443359340953, 21.332406050280962], [-100.87443111733324, 21.332370000552434]], [[-100.87443111733324, 21.332370000552434], [-100.87439264101138, 21.33237232046434]], [[-100.87439511707838, 21.332408370194113], [-100.87439264101138, 21.33237232046434]], [[-100.87439264101138, 21.33237232046434], [-100.87435416468757, 21.33237464036752]], [[-100.87435664074529, 21.332410690098538], [-100.87435416468757, 21.33237464036752]], [[-100.87435416468757, 21.33237464036752], [-100.87431568836182, 21.332376960261968]], [[-100.87431816441025, 21.332413009994234], [-100.87431568836182, 21.332376960261968]], [[-100.87431568836182, 21.332376960261968], [-100.87427721203412, 21.33237928014769]], [[-100.87427968807329, 21.3324153298812], [-100.87427721203412, 21.33237928014769]], [[-100.87427721203412, 21.33237928014769], [-100.87423873570445, 21.33238160002469]], [[-100.87424121173436, 21.332417649759442], [-100.87423873570445, 21.33238160002469]], [[-100.87423873570445, 21.33238160002469], [-100.87420025937286, 21.33238391989296]], [[-100.87420273539348, 21.33241996962896], [-100.87420025937286, 21.33238391989296]], [[-100.87420025937286, 21.33238391989296], [-100.87416178303931, 21.33238623975251]], [[-100.87416425905067, 21.332422289489752], [-100.87416178303931, 21.33238623975251]], [[-100.87416178303931, 21.33238623975251], [-100.87412330670384, 21.332388559603313]], [[-100.87412578270592, 21.332424609341814], [-100.87412330670384, 21.332388559603313]], [[-100.87412330670384, 21.332388559603313], [-100.8740848303664, 21.33239087944541]], [[-100.87408730635921, 21.332426929185157], [-100.8740848303664, 21.33239087944541]], [[-100.87408730635921, 21.332426929185157], [-100.87404883001055, 21.33242924901976]], [[-100.8740848303664, 21.33239087944541], [-100.87404635402703, 21.33239319927877]], [[-100.87404883001055, 21.33242924901976], [-100.87404635402703, 21.33239319927877]], [[-100.87612407356883, 21.332267915789444], [-100.87612159708644, 21.332231866115507]], [[-100.87612159708644, 21.332231866115507], [-100.87608312085946, 21.332234186410133]], [[-100.87608559733259, 21.332270236085314], [-100.87608312085946, 21.332234186410133]], [[-100.87608312085946, 21.332234186410133], [-100.87604464463057, 21.33223650669602]], [[-100.8760471210944, 21.33227255637246], [-100.87604464463057, 21.33223650669602]], [[-100.87604464463057, 21.33223650669602], [-100.8760061683997, 21.332238826973192]], [[-100.87600864485428, 21.332274876650875], [-100.8760061683997, 21.332238826973192]], [[-100.8760061683997, 21.332238826973192], [-100.87596769216691, 21.332241147241632]], [[-100.8759701686122, 21.332277196920558], [-100.87596769216691, 21.332241147241632]], [[-100.87596769216691, 21.332241147241632], [-100.87592921593216, 21.332243467501346]], [[-100.87593169236818, 21.332279517181522], [-100.87592921593216, 21.332243467501346]], [[-100.87592921593216, 21.332243467501346], [-100.87589073969546, 21.33224578775234]], [[-100.87589321612222, 21.33228183743376], [-100.87589073969546, 21.33224578775234]], [[-100.87589073969546, 21.33224578775234], [-100.87585226345682, 21.332248107994598]], [[-100.8758547398743, 21.33228415767727], [-100.87585226345682, 21.332248107994598]], [[-100.87585226345682, 21.332248107994598], [-100.87581378721623, 21.33225042822814]], [[-100.87581626362444, 21.332286477912053], [-100.87581378721623, 21.33225042822814]], [[-100.87581378721623, 21.33225042822814], [-100.87577531097371, 21.332252748452948]], [[-100.87577778737263, 21.332288798138112], [-100.87577531097371, 21.332252748452948]], [[-100.87577531097371, 21.332252748452948], [-100.87573683472922, 21.332255068669035]], [[-100.87573931111888, 21.332291118355446], [-100.87573683472922, 21.332255068669035]], [[-100.87573683472922, 21.332255068669035], [-100.8756983584828, 21.33225738887639]], [[-100.87570083486318, 21.33229343856405], [-100.8756983584828, 21.33225738887639]], [[-100.8756983584828, 21.33225738887639], [-100.87565988223443, 21.332259709075025]], [[-100.87566235860552, 21.332295758763934], [-100.87565988223443, 21.332259709075025]], [[-100.87565988223443, 21.332259709075025], [-100.8756214059841, 21.332262029264925]], [[-100.87562388234593, 21.33229807895508], [-100.8756214059841, 21.332262029264925]], [[-100.8756214059841, 21.332262029264925], [-100.87558292973183, 21.332264349446106]], [[-100.8755854060844, 21.332300399137505], [-100.87558292973183, 21.332264349446106]], [[-100.87558292973183, 21.332264349446106], [-100.87554445347763, 21.332266669618555]], [[-100.8755469298209, 21.3323027193112], [-100.87554445347763, 21.332266669618555]], [[-100.87554445347763, 21.332266669618555], [-100.87550597722147, 21.332268989782282]], [[-100.87550845355548, 21.332305039476175], [-100.87550597722147, 21.332268989782282]], [[-100.87550597722147, 21.332268989782282], [-100.87546750096337, 21.332271309937276]], [[-100.8754699772881, 21.33230735963242], [-100.87546750096337, 21.332271309937276]], [[-100.87546750096337, 21.332271309937276], [-100.87542902470332, 21.332273630083552]], [[-100.87543150101877, 21.332309679779943], [-100.87542902470332, 21.332273630083552]], [[-100.87542902470332, 21.332273630083552], [-100.87539054844132, 21.3322759502211]], [[-100.8753930247475, 21.33231199991873], [-100.87539054844132, 21.3322759502211]], [[-100.87539054844132, 21.3322759502211], [-100.87535207217738, 21.33227827034992]], [[-100.87535454847429, 21.3323143200488], [-100.87535207217738, 21.33227827034992]], [[-100.87535207217738, 21.33227827034992], [-100.87531359591149, 21.332280590470013]], [[-100.87531607219913, 21.332316640170138], [-100.87531359591149, 21.332280590470013]], [[-100.87531359591149, 21.332280590470013], [-100.87527511964366, 21.33228291058138]], [[-100.875277595922, 21.33231896028275], [-100.87527511964366, 21.33228291058138]], [[-100.87527511964366, 21.33228291058138], [-100.87523664337387, 21.33228523068402]], [[-100.87523911964296, 21.33232128038664], [-100.87523664337387, 21.33228523068402]], [[-100.87523664337387, 21.33228523068402], [-100.87519816710214, 21.33228755077793]], [[-100.87520064336195, 21.3323236004818], [-100.87519816710214, 21.33228755077793]], [[-100.87519816710214, 21.33228755077793], [-100.87515969082847, 21.332289870863114]], [[-100.87516216707901, 21.33232592056823], [-100.87515969082847, 21.332289870863114]], [[-100.87515969082847, 21.332289870863114], [-100.87512121455285, 21.332292190939583]], [[-100.87512369079411, 21.332328240645943], [-100.87512121455285, 21.332292190939583]], [[-100.87512121455285, 21.332292190939583], [-100.87508273827528, 21.332294511007312]], [[-100.87508521450727, 21.332330560714926], [-100.87508273827528, 21.332294511007312]], [[-100.87508273827528, 21.332294511007312], [-100.87504426199577, 21.332296831066326]], [[-100.87504673821849, 21.332332880775176], [-100.87504426199577, 21.332296831066326]], [[-100.87504426199577, 21.332296831066326], [-100.87500578571431, 21.3322991511166]], [[-100.87500826192775, 21.332335200826705], [-100.87500578571431, 21.3322991511166]], [[-100.87500578571431, 21.3322991511166], [-100.8749673094309, 21.332301471158157]], [[-100.87496978563507, 21.33233752086951], [-100.8749673094309, 21.332301471158157]], [[-100.8749673094309, 21.332301471158157], [-100.87492883314556, 21.332303791190984]], [[-100.87493130934045, 21.33233984090358], [-100.87492883314556, 21.332303791190984]], [[-100.87492883314556, 21.332303791190984], [-100.87489035685826, 21.33230611121509]], [[-100.87489283304387, 21.332342160928928], [-100.87489035685826, 21.33230611121509]], [[-100.87489035685826, 21.33230611121509], [-100.87485188056901, 21.332308431230462]], [[-100.87485435674536, 21.33234448094555], [-100.87485188056901, 21.332308431230462]], [[-100.87485188056901, 21.332308431230462], [-100.87481340427783, 21.332310751237102]], [[-100.8748158804449, 21.33234680095345], [-100.87481340427783, 21.332310751237102]], [[-100.87481340427783, 21.332310751237102], [-100.8747749279847, 21.33231307123503]], [[-100.87477740414249, 21.332349120952617], [-100.8747749279847, 21.33231307123503]], [[-100.8747749279847, 21.33231307123503], [-100.87473645168961, 21.332315391224228]], [[-100.87473892783814, 21.33235144094305], [-100.87473645168961, 21.332315391224228]], [[-100.87473645168961, 21.332315391224228], [-100.87469797539258, 21.3323177112047]], [[-100.87470045153184, 21.332353760924768], [-100.87469797539258, 21.3323177112047]], [[-100.87469797539258, 21.3323177112047], [-100.87465949909362, 21.332320031176437]], [[-100.87466197522359, 21.332356080897753], [-100.87465949909362, 21.332320031176437]], [[-100.87465949909362, 21.332320031176437], [-100.8746210227927, 21.332322351139453]], [[-100.8746234989134, 21.332358400862024], [-100.8746210227927, 21.332322351139453]], [[-100.8746210227927, 21.332322351139453], [-100.87458254648983, 21.332324671093744]], [[-100.87458502260127, 21.332360720817555], [-100.87458254648983, 21.332324671093744]], [[-100.87458254648983, 21.332324671093744], [-100.87454407018502, 21.33232699103931]], [[-100.87454654628716, 21.33236304076437], [-100.87454407018502, 21.33232699103931]], [[-100.87454407018502, 21.33232699103931], [-100.87450559387827, 21.332329310976146]], [[-100.87450806997114, 21.33236536070245], [-100.87450559387827, 21.332329310976146]], [[-100.87450559387827, 21.332329310976146], [-100.87446711756958, 21.332331630904257]], [[-100.87446959365317, 21.332367680631805], [-100.87446711756958, 21.332331630904257]], [[-100.87446711756958, 21.332331630904257], [-100.87442864125892, 21.33233395082364]], [[-100.87443111733324, 21.332370000552434], [-100.87442864125892, 21.33233395082364]], [[-100.87442864125892, 21.33233395082364], [-100.87439016494633, 21.332336270734295]], [[-100.87439264101138, 21.33237232046434], [-100.87439016494633, 21.332336270734295]], [[-100.87439016494633, 21.332336270734295], [-100.87435168863179, 21.332338590636226]], [[-100.87435416468757, 21.33237464036752], [-100.87435168863179, 21.332338590636226]], [[-100.87435168863179, 21.332338590636226], [-100.87431321231531, 21.332340910529428]], [[-100.87431568836182, 21.332376960261968], [-100.87431321231531, 21.332340910529428]], [[-100.87431321231531, 21.332340910529428], [-100.87427473599688, 21.332343230413905]], [[-100.87427721203412, 21.33237928014769], [-100.87427473599688, 21.332343230413905]], [[-100.87427473599688, 21.332343230413905], [-100.87423625967651, 21.332345550289656]], [[-100.87423873570445, 21.33238160002469], [-100.87423625967651, 21.332345550289656]], [[-100.87423625967651, 21.332345550289656], [-100.87419778335419, 21.332347870156674]], [[-100.87420025937286, 21.33238391989296], [-100.87419778335419, 21.332347870156674]], [[-100.87419778335419, 21.332347870156674], [-100.87415930702991, 21.332350190014978]], [[-100.87416178303931, 21.33238623975251], [-100.87415930702991, 21.332350190014978]], [[-100.87415930702991, 21.332350190014978], [-100.8741208307037, 21.332352509864553]], [[-100.87412330670384, 21.332388559603313], [-100.8741208307037, 21.332352509864553]], [[-100.8741208307037, 21.332352509864553], [-100.87408235437555, 21.332354829705398]], [[-100.8740848303664, 21.33239087944541], [-100.87408235437555, 21.332354829705398]], [[-100.87408235437555, 21.332354829705398], [-100.87404387804544, 21.332357149537515]], [[-100.87404635402703, 21.33239319927877], [-100.87404387804544, 21.332357149537515]], [[-100.87616007331144, 21.332229545812158], [-100.87612159708644, 21.332231866115507]], [[-100.87616007331144, 21.332229545812158], [-100.87615759682173, 21.332193496139194]], [[-100.87615759682173, 21.332193496139194], [-100.87611912060598, 21.33219581644129]], [[-100.87612159708644, 21.332231866115507], [-100.87611912060598, 21.33219581644129]], [[-100.87611912060598, 21.33219581644129], [-100.8760806443883, 21.332198136734668]], [[-100.87608312085946, 21.332234186410133], [-100.8760806443883, 21.332198136734668]], [[-100.8760806443883, 21.332198136734668], [-100.87604216816867, 21.332200457019308]], [[-100.87604464463057, 21.33223650669602], [-100.87604216816867, 21.332200457019308]], [[-100.87604216816867, 21.332200457019308], [-100.87600369194708, 21.332202777295237]], [[-100.8760061683997, 21.332238826973192], [-100.87600369194708, 21.332202777295237]], [[-100.87600369194708, 21.332202777295237], [-100.87596521572355, 21.332205097562433]], [[-100.87596769216691, 21.332241147241632], [-100.87596521572355, 21.332205097562433]], [[-100.87596521572355, 21.332205097562433], [-100.87592673949808, 21.332207417820904]], [[-100.87592921593216, 21.332243467501346], [-100.87592673949808, 21.332207417820904]], [[-100.87592673949808, 21.332207417820904], [-100.87588826327067, 21.33220973807064]], [[-100.87589073969546, 21.33224578775234], [-100.87588826327067, 21.33220973807064]], [[-100.87588826327067, 21.33220973807064], [-100.87584978704129, 21.332212058311658]], [[-100.87585226345682, 21.332248107994598], [-100.87584978704129, 21.332212058311658]], [[-100.87584978704129, 21.332212058311658], [-100.87581131080998, 21.332214378543952]], [[-100.87581378721623, 21.33225042822814], [-100.87581131080998, 21.332214378543952]], [[-100.87581131080998, 21.332214378543952], [-100.87577283457672, 21.332216698767517]], [[-100.87577531097371, 21.332252748452948], [-100.87577283457672, 21.332216698767517]], [[-100.87577283457672, 21.332216698767517], [-100.87573435834152, 21.33221901898235]], [[-100.87573683472922, 21.332255068669035], [-100.87573435834152, 21.33221901898235]], [[-100.87573435834152, 21.33221901898235], [-100.87569588210437, 21.332221339188468]], [[-100.8756983584828, 21.33225738887639], [-100.87569588210437, 21.332221339188468]], [[-100.87569588210437, 21.332221339188468], [-100.87565740586527, 21.332223659385843]], [[-100.87565988223443, 21.332259709075025], [-100.87565740586527, 21.332223659385843]], [[-100.87565740586527, 21.332223659385843], [-100.87561892962422, 21.332225979574503]], [[-100.8756214059841, 21.332262029264925], [-100.87561892962422, 21.332225979574503]], [[-100.87561892962422, 21.332225979574503], [-100.87558045338123, 21.33222829975443]], [[-100.87558292973183, 21.332264349446106], [-100.87558045338123, 21.33222829975443]], [[-100.87558045338123, 21.33222829975443], [-100.8755419771363, 21.33223061992564]], [[-100.87554445347763, 21.332266669618555], [-100.8755419771363, 21.33223061992564]], [[-100.8755419771363, 21.33223061992564], [-100.87550350088941, 21.332232940088115]], [[-100.87550597722147, 21.332268989782282], [-100.87550350088941, 21.332232940088115]], [[-100.87550350088941, 21.332232940088115], [-100.87546502464058, 21.332235260241863]], [[-100.87546750096337, 21.332271309937276], [-100.87546502464058, 21.332235260241863]], [[-100.87546502464058, 21.332235260241863], [-100.8754265483898, 21.33223758038689]], [[-100.87542902470332, 21.332273630083552], [-100.8754265483898, 21.33223758038689]], [[-100.8754265483898, 21.33223758038689], [-100.87538807213708, 21.33223990052319]], [[-100.87539054844132, 21.3322759502211], [-100.87538807213708, 21.33223990052319]], [[-100.87538807213708, 21.33223990052319], [-100.87534959588241, 21.332242220650766]], [[-100.87535207217738, 21.33227827034992], [-100.87534959588241, 21.332242220650766]], [[-100.87534959588241, 21.332242220650766], [-100.87531111962579, 21.33224454076961]], [[-100.87531359591149, 21.332280590470013], [-100.87531111962579, 21.33224454076961]], [[-100.87531111962579, 21.33224454076961], [-100.87527264336724, 21.332246860879735]], [[-100.87527511964366, 21.33228291058138], [-100.87527264336724, 21.332246860879735]], [[-100.87527264336724, 21.332246860879735], [-100.87523416710673, 21.332249180981123]], [[-100.87523664337387, 21.33228523068402], [-100.87523416710673, 21.332249180981123]], [[-100.87523416710673, 21.332249180981123], [-100.87519569084427, 21.33225150107379]], [[-100.87519816710214, 21.33228755077793], [-100.87519569084427, 21.33225150107379]], [[-100.87519569084427, 21.33225150107379], [-100.87515721457987, 21.332253821157735]], [[-100.87515969082847, 21.332289870863114], [-100.87515721457987, 21.332253821157735]], [[-100.87515721457987, 21.332253821157735], [-100.87511873831353, 21.33225614123295]], [[-100.87512121455285, 21.332292190939583], [-100.87511873831353, 21.33225614123295]], [[-100.87511873831353, 21.33225614123295], [-100.87508026204523, 21.332258461299435]], [[-100.87508273827528, 21.332294511007312], [-100.87508026204523, 21.332258461299435]], [[-100.87508026204523, 21.332258461299435], [-100.875041785775, 21.3322607813572]], [[-100.87504426199577, 21.332296831066326], [-100.875041785775, 21.3322607813572]], [[-100.875041785775, 21.3322607813572], [-100.87500330950282, 21.332263101406234]], [[-100.87500578571431, 21.3322991511166], [-100.87500330950282, 21.332263101406234]], [[-100.87500330950282, 21.332263101406234], [-100.87496483322869, 21.332265421446532]], [[-100.8749673094309, 21.332301471158157], [-100.87496483322869, 21.332265421446532]], [[-100.87496483322869, 21.332265421446532], [-100.8749263569526, 21.332267741478116]], [[-100.87492883314556, 21.332303791190984], [-100.8749263569526, 21.332267741478116]], [[-100.8749263569526, 21.332267741478116], [-100.87488788067458, 21.332270061500974]], [[-100.87489035685826, 21.33230611121509], [-100.87488788067458, 21.332270061500974]], [[-100.87488788067458, 21.332270061500974], [-100.87484940439461, 21.3322723815151]], [[-100.87485188056901, 21.332308431230462], [-100.87484940439461, 21.3322723815151]], [[-100.87484940439461, 21.3322723815151], [-100.87481092811271, 21.332274701520507]], [[-100.87481340427783, 21.332310751237102], [-100.87481092811271, 21.332274701520507]], [[-100.87481092811271, 21.332274701520507], [-100.87477245182885, 21.33227702151718]], [[-100.8747749279847, 21.33231307123503], [-100.87477245182885, 21.33227702151718]], [[-100.87477245182885, 21.33227702151718], [-100.87473397554304, 21.33227934150513]], [[-100.87473645168961, 21.332315391224228], [-100.87473397554304, 21.33227934150513]], [[-100.87473397554304, 21.33227934150513], [-100.87469549925528, 21.332281661484352]], [[-100.87469797539258, 21.3323177112047], [-100.87469549925528, 21.332281661484352]], [[-100.87469549925528, 21.332281661484352], [-100.8746570229656, 21.332283981454854]], [[-100.87465949909362, 21.332320031176437], [-100.8746570229656, 21.332283981454854]], [[-100.8746570229656, 21.332283981454854], [-100.87461854667394, 21.332286301416616]], [[-100.8746210227927, 21.332322351139453], [-100.87461854667394, 21.332286301416616]], [[-100.87461854667394, 21.332286301416616], [-100.87458007038036, 21.332288621369663]], [[-100.87458254648983, 21.332324671093744], [-100.87458007038036, 21.332288621369663]], [[-100.87458007038036, 21.332288621369663], [-100.87454159408482, 21.332290941313982]], [[-100.87454407018502, 21.33232699103931], [-100.87454159408482, 21.332290941313982]], [[-100.87454159408482, 21.332290941313982], [-100.87450311778734, 21.33229326124957]], [[-100.87450559387827, 21.332329310976146], [-100.87450311778734, 21.33229326124957]], [[-100.87450311778734, 21.33229326124957], [-100.8744646414879, 21.33229558117643]], [[-100.87446711756958, 21.332331630904257], [-100.8744646414879, 21.33229558117643]], [[-100.8744646414879, 21.33229558117643], [-100.87442616518653, 21.33229790109457]], [[-100.87442864125892, 21.33233395082364], [-100.87442616518653, 21.33229790109457]], [[-100.87442616518653, 21.33229790109457], [-100.87438768888323, 21.332300221003983]], [[-100.87439016494633, 21.332336270734295], [-100.87438768888323, 21.332300221003983]], [[-100.87438768888323, 21.332300221003983], [-100.87434921257797, 21.33230254090466]], [[-100.87435168863179, 21.332338590636226], [-100.87434921257797, 21.33230254090466]], [[-100.87434921257797, 21.33230254090466], [-100.87431073627076, 21.33230486079662]], [[-100.87431321231531, 21.332340910529428], [-100.87431073627076, 21.33230486079662]], [[-100.87431073627076, 21.33230486079662], [-100.8742722599616, 21.33230718067985]], [[-100.87427473599688, 21.332343230413905], [-100.8742722599616, 21.33230718067985]], [[-100.8742722599616, 21.33230718067985], [-100.8742337836505, 21.332309500554356]], [[-100.87423625967651, 21.332345550289656], [-100.8742337836505, 21.332309500554356]], [[-100.8742337836505, 21.332309500554356], [-100.87419530733746, 21.33231182042013]], [[-100.87419778335419, 21.332347870156674], [-100.87419530733746, 21.33231182042013]], [[-100.87419530733746, 21.33231182042013], [-100.87415683102246, 21.332314140277187]], [[-100.87415930702991, 21.332350190014978], [-100.87415683102246, 21.332314140277187]], [[-100.87415683102246, 21.332314140277187], [-100.87411835470552, 21.332316460125508]], [[-100.8741208307037, 21.332352509864553], [-100.87411835470552, 21.332316460125508]], [[-100.87411835470552, 21.332316460125508], [-100.87407987838662, 21.332318779965107]], [[-100.87408235437555, 21.332354829705398], [-100.87407987838662, 21.332318779965107]], [[-100.87407987838662, 21.332318779965107], [-100.87404140206581, 21.33232109979598]], [[-100.87404387804544, 21.332357149537515], [-100.87404140206581, 21.33232109979598]], [[-100.87404387804544, 21.332357149537515], [-100.8740054017134, 21.332359469360902]], [[-100.87404140206581, 21.33232109979598], [-100.87400292574303, 21.33232341961813]], [[-100.8740054017134, 21.332359469360902], [-100.87400292574303, 21.33232341961813]], [[-100.87615759682173, 21.332193496139194], [-100.87615512033396, 21.332157446465953]], [[-100.87615512033396, 21.332157446465953], [-100.87611664412748, 21.332159766766804]], [[-100.87611912060598, 21.33219581644129], [-100.87611664412748, 21.332159766766804]], [[-100.87611664412748, 21.332159766766804], [-100.87607816791908, 21.33216208705893]], [[-100.8760806443883, 21.332198136734668], [-100.87607816791908, 21.33216208705893]], [[-100.87607816791908, 21.33216208705893], [-100.87603969170871, 21.332164407342333]], [[-100.87604216816867, 21.332200457019308], [-100.87603969170871, 21.332164407342333]], [[-100.87603969170871, 21.332164407342333], [-100.8760012154964, 21.33216672761701]], [[-100.87600369194708, 21.332202777295237], [-100.8760012154964, 21.33216672761701]], [[-100.8760012154964, 21.33216672761701], [-100.87596273928214, 21.332169047882957]], [[-100.87596521572355, 21.332205097562433], [-100.87596273928214, 21.332169047882957]], [[-100.87596273928214, 21.332169047882957], [-100.87592426306595, 21.33217136814018]], [[-100.87592673949808, 21.332207417820904], [-100.87592426306595, 21.33217136814018]], [[-100.87592426306595, 21.33217136814018], [-100.8758857868478, 21.332173688388675]], [[-100.87588826327067, 21.33220973807064], [-100.8758857868478, 21.332173688388675]], [[-100.8758857868478, 21.332173688388675], [-100.87584731062772, 21.33217600862845]], [[-100.87584978704129, 21.332212058311658], [-100.87584731062772, 21.33217600862845]], [[-100.87584731062772, 21.33217600862845], [-100.87580883440567, 21.332178328859488]], [[-100.87581131080998, 21.332214378543952], [-100.87580883440567, 21.332178328859488]], [[-100.87580883440567, 21.332178328859488], [-100.8757703581817, 21.332180649081803]], [[-100.87577283457672, 21.332216698767517], [-100.8757703581817, 21.332180649081803]], [[-100.8757703581817, 21.332180649081803], [-100.87573188195576, 21.3321829692954]], [[-100.87573435834152, 21.33221901898235], [-100.87573188195576, 21.3321829692954]], [[-100.87573188195576, 21.3321829692954], [-100.87569340572789, 21.332185289500263]], [[-100.87569588210437, 21.332221339188468], [-100.87569340572789, 21.332185289500263]], [[-100.87569340572789, 21.332185289500263], [-100.87565492949805, 21.33218760969639]], [[-100.87565740586527, 21.332223659385843], [-100.87565492949805, 21.33218760969639]], [[-100.87565492949805, 21.33218760969639], [-100.87561645326629, 21.332189929883803]], [[-100.87561892962422, 21.332225979574503], [-100.87561645326629, 21.332189929883803]], [[-100.87561645326629, 21.332189929883803], [-100.87557797703258, 21.33219225006249]], [[-100.87558045338123, 21.33222829975443], [-100.87557797703258, 21.33219225006249]], [[-100.87557797703258, 21.33219225006249], [-100.8755395007969, 21.332194570232446]], [[-100.8755419771363, 21.33223061992564], [-100.8755395007969, 21.332194570232446]], [[-100.8755395007969, 21.332194570232446], [-100.8755010245593, 21.332196890393682]], [[-100.87550350088941, 21.332232940088115], [-100.8755010245593, 21.332196890393682]], [[-100.8755010245593, 21.332196890393682], [-100.87546254831973, 21.332199210546182]], [[-100.87546502464058, 21.332235260241863], [-100.87546254831973, 21.332199210546182]], [[-100.87546254831973, 21.332199210546182], [-100.87542407207823, 21.332201530689964]], [[-100.8754265483898, 21.33223758038689], [-100.87542407207823, 21.332201530689964]], [[-100.87542407207823, 21.332201530689964], [-100.87538559583479, 21.33220385082501]], [[-100.87538807213708, 21.33223990052319], [-100.87538559583479, 21.33220385082501]], [[-100.87538559583479, 21.33220385082501], [-100.87534711958939, 21.33220617095134]], [[-100.87534959588241, 21.332242220650766], [-100.87534711958939, 21.33220617095134]], [[-100.87534711958939, 21.33220617095134], [-100.87530864334205, 21.332208491068936]], [[-100.87531111962579, 21.33224454076961], [-100.87530864334205, 21.332208491068936]], [[-100.87530864334205, 21.332208491068936], [-100.87527016709276, 21.332210811177816]], [[-100.87527264336724, 21.332246860879735], [-100.87527016709276, 21.332210811177816]], [[-100.87527016709276, 21.332210811177816], [-100.87523169084153, 21.33221313127796]], [[-100.87523416710673, 21.332249180981123], [-100.87523169084153, 21.33221313127796]], [[-100.87523169084153, 21.33221313127796], [-100.87519321458836, 21.33221545136938]], [[-100.87519569084427, 21.33225150107379], [-100.87519321458836, 21.33221545136938]], [[-100.87519321458836, 21.33221545136938], [-100.87515473833322, 21.332217771452076]], [[-100.87515721457987, 21.332253821157735], [-100.87515473833322, 21.332217771452076]], [[-100.87515473833322, 21.332217771452076], [-100.87511626207615, 21.332220091526047]], [[-100.87511873831353, 21.33225614123295], [-100.87511626207615, 21.332220091526047]], [[-100.87511626207615, 21.332220091526047], [-100.87507778581714, 21.33222241159128]], [[-100.87508026204523, 21.332258461299435], [-100.87507778581714, 21.33222241159128]], [[-100.87507778581714, 21.33222241159128], [-100.87503930955617, 21.332224731647795]], [[-100.875041785775, 21.3322607813572], [-100.87503930955617, 21.332224731647795]], [[-100.87503930955617, 21.332224731647795], [-100.87500083329326, 21.332227051695583]], [[-100.87500330950282, 21.332263101406234], [-100.87500083329326, 21.332227051695583]], [[-100.87500083329326, 21.332227051695583], [-100.87496235702841, 21.332229371734645]], [[-100.87496483322869, 21.332265421446532], [-100.87496235702841, 21.332229371734645]], [[-100.87496235702841, 21.332229371734645], [-100.8749238807616, 21.33223169176498]], [[-100.8749263569526, 21.332267741478116], [-100.8749238807616, 21.33223169176498]], [[-100.8749238807616, 21.33223169176498], [-100.87488540449286, 21.332234011786593]], [[-100.87488788067458, 21.332270061500974], [-100.87488540449286, 21.332234011786593]], [[-100.87488540449286, 21.332234011786593], [-100.87484692822215, 21.332236331799475]], [[-100.87484940439461, 21.3322723815151], [-100.87484692822215, 21.332236331799475]], [[-100.87484692822215, 21.332236331799475], [-100.87480845194952, 21.332238651803628]], [[-100.87481092811271, 21.332274701520507], [-100.87480845194952, 21.332238651803628]], [[-100.87480845194952, 21.332238651803628], [-100.87476997567494, 21.33224097179906]], [[-100.87477245182885, 21.33227702151718], [-100.87476997567494, 21.33224097179906]], [[-100.87476997567494, 21.33224097179906], [-100.87473149939841, 21.332243291785762]], [[-100.87473397554304, 21.33227934150513], [-100.87473149939841, 21.332243291785762]], [[-100.87473149939841, 21.332243291785762], [-100.87469302311993, 21.332245611763735]], [[-100.87469549925528, 21.332281661484352], [-100.87469302311993, 21.332245611763735]], [[-100.87469302311993, 21.332245611763735], [-100.87465454683951, 21.33224793173299]], [[-100.8746570229656, 21.332283981454854], [-100.87465454683951, 21.33224793173299]], [[-100.87465454683951, 21.33224793173299], [-100.87461607055714, 21.33225025169351]], [[-100.87461854667394, 21.332286301416616], [-100.87461607055714, 21.33225025169351]], [[-100.87461607055714, 21.33225025169351], [-100.87457759427282, 21.332252571645306]], [[-100.87458007038036, 21.332288621369663], [-100.87457759427282, 21.332252571645306]], [[-100.87457759427282, 21.332252571645306], [-100.87453911798656, 21.33225489158838]], [[-100.87454159408482, 21.332290941313982], [-100.87453911798656, 21.33225489158838]], [[-100.87453911798656, 21.33225489158838], [-100.87450064169836, 21.332257211522727]], [[-100.87450311778734, 21.33229326124957], [-100.87450064169836, 21.332257211522727]], [[-100.87450064169836, 21.332257211522727], [-100.8744621654082, 21.332259531448337]], [[-100.8744646414879, 21.33229558117643], [-100.8744621654082, 21.332259531448337]], [[-100.8744621654082, 21.332259531448337], [-100.87442368911611, 21.332261851365228]], [[-100.87442616518653, 21.33229790109457], [-100.87442368911611, 21.332261851365228]], [[-100.87442368911611, 21.332261851365228], [-100.87438521282206, 21.33226417127339]], [[-100.87438768888323, 21.332300221003983], [-100.87438521282206, 21.33226417127339]], [[-100.87438521282206, 21.33226417127339], [-100.87434673652606, 21.332266491172827]], [[-100.87434921257797, 21.33230254090466], [-100.87434673652606, 21.332266491172827]], [[-100.87434673652606, 21.332266491172827], [-100.87430826022813, 21.332268811063535]], [[-100.87431073627076, 21.33230486079662], [-100.87430826022813, 21.332268811063535]], [[-100.87430826022813, 21.332268811063535], [-100.87426978392826, 21.332271130945525]], [[-100.8742722599616, 21.33230718067985], [-100.87426978392826, 21.332271130945525]], [[-100.87426978392826, 21.332271130945525], [-100.87423130762643, 21.33227345081879]], [[-100.8742337836505, 21.332309500554356], [-100.87423130762643, 21.33227345081879]], [[-100.87423130762643, 21.33227345081879], [-100.87419283132266, 21.332275770683317]], [[-100.87419530733746, 21.33231182042013], [-100.87419283132266, 21.332275770683317]], [[-100.87419283132266, 21.332275770683317], [-100.87415435501694, 21.332278090539127]], [[-100.87415683102246, 21.332314140277187], [-100.87415435501694, 21.332278090539127]], [[-100.87415435501694, 21.332278090539127], [-100.87411587870928, 21.332280410386197]], [[-100.87411835470552, 21.332316460125508], [-100.87411587870928, 21.332280410386197]], [[-100.87411587870928, 21.332280410386197], [-100.87407740239966, 21.332282730224552]], [[-100.87407987838662, 21.332318779965107], [-100.87407740239966, 21.332282730224552]], [[-100.87407740239966, 21.332282730224552], [-100.8740389260881, 21.332285050054175]], [[-100.87404140206581, 21.33232109979598], [-100.8740389260881, 21.332285050054175]], [[-100.8740389260881, 21.332285050054175], [-100.87400044977461, 21.33228736987508]], [[-100.87400292574303, 21.33232341961813], [-100.87400044977461, 21.33228736987508]], [[-100.87400292574303, 21.33232341961813], [-100.87396444941831, 21.33232573943154]], [[-100.87400044977461, 21.33228736987508], [-100.87396197345916, 21.332289689687247]], [[-100.87396444941831, 21.33232573943154], [-100.87396197345916, 21.332289689687247]], [[-100.87615512033396, 21.332157446465953], [-100.87615264384812, 21.33212139679244]], [[-100.87615264384812, 21.33212139679244], [-100.87611416765093, 21.33212371709205]], [[-100.87611664412748, 21.332159766766804], [-100.87611416765093, 21.33212371709205]], [[-100.87611416765093, 21.33212371709205], [-100.87607569145179, 21.332126037382928]], [[-100.87607816791908, 21.33216208705893], [-100.87607569145179, 21.332126037382928]], [[-100.87607569145179, 21.332126037382928], [-100.8760372152507, 21.33212835766508]], [[-100.87603969170871, 21.332164407342333], [-100.8760372152507, 21.33212835766508]], [[-100.8760372152507, 21.33212835766508], [-100.87599873904767, 21.332130677938512]], [[-100.8760012154964, 21.33216672761701], [-100.87599873904767, 21.332130677938512]], [[-100.87599873904767, 21.332130677938512], [-100.8759602628427, 21.332132998203214]], [[-100.87596273928214, 21.332169047882957], [-100.8759602628427, 21.332132998203214]], [[-100.8759602628427, 21.332132998203214], [-100.87592178663576, 21.332135318459187]], [[-100.87592426306595, 21.33217136814018], [-100.87592178663576, 21.332135318459187]], [[-100.87592178663576, 21.332135318459187], [-100.8758833104269, 21.332137638706435]], [[-100.8758857868478, 21.332173688388675], [-100.8758833104269, 21.332137638706435]], [[-100.8758833104269, 21.332137638706435], [-100.87584483421607, 21.33213995894496]], [[-100.87584731062772, 21.33217600862845], [-100.87584483421607, 21.33213995894496]], [[-100.87584483421607, 21.33213995894496], [-100.87580635800332, 21.332142279174754]], [[-100.87580883440567, 21.332178328859488], [-100.87580635800332, 21.332142279174754]], [[-100.87580635800332, 21.332142279174754], [-100.8757678817886, 21.33214459939582]], [[-100.8757703581817, 21.332180649081803], [-100.8757678817886, 21.33214459939582]], [[-100.8757678817886, 21.33214459939582], [-100.87572940557195, 21.33214691960817]], [[-100.87573188195576, 21.3321829692954], [-100.87572940557195, 21.33214691960817]], [[-100.87572940557195, 21.33214691960817], [-100.87569092935334, 21.33214923981178]], [[-100.87569340572789, 21.332185289500263], [-100.87569092935334, 21.33214923981178]], [[-100.87569092935334, 21.33214923981178], [-100.87565245313279, 21.332151560006675]], [[-100.87565492949805, 21.33218760969639], [-100.87565245313279, 21.332151560006675]], [[-100.87565245313279, 21.332151560006675], [-100.87561397691029, 21.332153880192838]], [[-100.87561645326629, 21.332189929883803], [-100.87561397691029, 21.332153880192838]], [[-100.87561397691029, 21.332153880192838], [-100.87557550068585, 21.332156200370278]], [[-100.87557797703258, 21.33219225006249], [-100.87557550068585, 21.332156200370278]], [[-100.87557550068585, 21.332156200370278], [-100.87553702445945, 21.332158520538986]], [[-100.8755395007969, 21.332194570232446], [-100.87553702445945, 21.332158520538986]], [[-100.87553702445945, 21.332158520538986], [-100.87549854823112, 21.332160840698972]], [[-100.8755010245593, 21.332196890393682], [-100.87549854823112, 21.332160840698972]], [[-100.87549854823112, 21.332160840698972], [-100.87546007200085, 21.33216316085023]], [[-100.87546254831973, 21.332199210546182], [-100.87546007200085, 21.33216316085023]], [[-100.87546007200085, 21.33216316085023], [-100.87542159576861, 21.33216548099276]], [[-100.87542407207823, 21.332201530689964], [-100.87542159576861, 21.33216548099276]], [[-100.87542159576861, 21.33216548099276], [-100.87538311953445, 21.332167801126577]], [[-100.87538559583479, 21.33220385082501], [-100.87538311953445, 21.332167801126577]], [[-100.87538311953445, 21.332167801126577], [-100.87534464329832, 21.33217012125165]], [[-100.87534711958939, 21.33220617095134], [-100.87534464329832, 21.33217012125165]], [[-100.87534464329832, 21.33217012125165], [-100.87530616706024, 21.332172441368]], [[-100.87530864334205, 21.332208491068936], [-100.87530616706024, 21.332172441368]], [[-100.87530616706024, 21.332172441368], [-100.87526769082024, 21.332174761475624]], [[-100.87527016709276, 21.332210811177816], [-100.87526769082024, 21.332174761475624]], [[-100.87526769082024, 21.332174761475624], [-100.87522921457828, 21.33217708157453]], [[-100.87523169084153, 21.33221313127796], [-100.87522921457828, 21.33217708157453]], [[-100.87522921457828, 21.33217708157453], [-100.87519073833438, 21.332179401664703]], [[-100.87519321458836, 21.33221545136938], [-100.87519073833438, 21.332179401664703]], [[-100.87519073833438, 21.332179401664703], [-100.87515226208852, 21.332181721746146]], [[-100.87515473833322, 21.332217771452076], [-100.87515226208852, 21.332181721746146]], [[-100.87515226208852, 21.332181721746146], [-100.87511378584072, 21.332184041818866]], [[-100.87511626207615, 21.332220091526047], [-100.87511378584072, 21.332184041818866]], [[-100.87511378584072, 21.332184041818866], [-100.87507530959098, 21.332186361882858]], [[-100.87507778581714, 21.33222241159128], [-100.87507530959098, 21.332186361882858]], [[-100.87507530959098, 21.332186361882858], [-100.8750368333393, 21.332188681938128]], [[-100.87503930955617, 21.332224731647795], [-100.8750368333393, 21.332188681938128]], [[-100.8750368333393, 21.332188681938128], [-100.87499835708566, 21.332191001984665]], [[-100.87500083329326, 21.332227051695583], [-100.87499835708566, 21.332191001984665]], [[-100.87499835708566, 21.332191001984665], [-100.87495988083008, 21.332193322022487]], [[-100.87496235702841, 21.332229371734645], [-100.87495988083008, 21.332193322022487]], [[-100.87495988083008, 21.332193322022487], [-100.87492140457255, 21.332195642051573]], [[-100.8749238807616, 21.33223169176498], [-100.87492140457255, 21.332195642051573]], [[-100.87492140457255, 21.332195642051573], [-100.87488292831307, 21.332197962071938]], [[-100.87488540449286, 21.332234011786593], [-100.87488292831307, 21.332197962071938]], [[-100.87488292831307, 21.332197962071938], [-100.87484445205166, 21.332200282083576]], [[-100.87484692822215, 21.332236331799475], [-100.87484445205166, 21.332200282083576]], [[-100.87484445205166, 21.332200282083576], [-100.87480597578829, 21.332202602086483]], [[-100.87480845194952, 21.332238651803628], [-100.87480597578829, 21.332202602086483]], [[-100.87480597578829, 21.332202602086483], [-100.87476749952299, 21.33220492208067]], [[-100.87476997567494, 21.33224097179906], [-100.87476749952299, 21.33220492208067]], [[-100.87476749952299, 21.33220492208067], [-100.87472902325572, 21.33220724206612]], [[-100.87473149939841, 21.332243291785762], [-100.87472902325572, 21.33220724206612]], [[-100.87472902325572, 21.33220724206612], [-100.87469054698651, 21.33220956204285]], [[-100.87469302311993, 21.332245611763735], [-100.87469054698651, 21.33220956204285]], [[-100.87469054698651, 21.33220956204285], [-100.87465207071537, 21.332211882010853]], [[-100.87465454683951, 21.33224793173299], [-100.87465207071537, 21.332211882010853]], [[-100.87465207071537, 21.332211882010853], [-100.87461359444228, 21.332214201970135]], [[-100.87461607055714, 21.33225025169351], [-100.87461359444228, 21.332214201970135]], [[-100.87461359444228, 21.332214201970135], [-100.87457511816723, 21.332216521920678]], [[-100.87457759427282, 21.332252571645306], [-100.87457511816723, 21.332216521920678]], [[-100.87457511816723, 21.332216521920678], [-100.87453664189026, 21.3322188418625]], [[-100.87453911798656, 21.33225489158838], [-100.87453664189026, 21.3322188418625]], [[-100.87453664189026, 21.3322188418625], [-100.87449816561131, 21.3322211617956]], [[-100.87450064169836, 21.332257211522727], [-100.87449816561131, 21.3322211617956]], [[-100.87449816561131, 21.3322211617956], [-100.87445968933044, 21.332223481719968]], [[-100.8744621654082, 21.332259531448337], [-100.87445968933044, 21.332223481719968]], [[-100.87445968933044, 21.332223481719968], [-100.87442121304763, 21.33222580163562]], [[-100.87442368911611, 21.332261851365228], [-100.87442121304763, 21.33222580163562]], [[-100.87442121304763, 21.33222580163562], [-100.87438273676284, 21.33222812154253]], [[-100.87438521282206, 21.33226417127339], [-100.87438273676284, 21.33222812154253]], [[-100.87438273676284, 21.33222812154253], [-100.87434426047614, 21.332230441440725]], [[-100.87434673652606, 21.332266491172827], [-100.87434426047614, 21.332230441440725]], [[-100.87434426047614, 21.332230441440725], [-100.87430578418747, 21.33223276133019]], [[-100.87430826022813, 21.332268811063535], [-100.87430578418747, 21.33223276133019]], [[-100.87430578418747, 21.33223276133019], [-100.87426730789687, 21.332235081210932]], [[-100.87426978392826, 21.332271130945525], [-100.87426730789687, 21.332235081210932]], [[-100.87426730789687, 21.332235081210932], [-100.87422883160431, 21.332237401082942]], [[-100.87423130762643, 21.33227345081879], [-100.87422883160431, 21.332237401082942]], [[-100.87422883160431, 21.332237401082942], [-100.87419035530982, 21.332239720946227]], [[-100.87419283132266, 21.332275770683317], [-100.87419035530982, 21.332239720946227]], [[-100.87419035530982, 21.332239720946227], [-100.87415187901337, 21.332242040800786]], [[-100.87415435501694, 21.332278090539127], [-100.87415187901337, 21.332242040800786]], [[-100.87415187901337, 21.332242040800786], [-100.87411340271498, 21.33224436064662]], [[-100.87411587870928, 21.332280410386197], [-100.87411340271498, 21.33224436064662]], [[-100.87411340271498, 21.33224436064662], [-100.87407492641465, 21.332246680483724]], [[-100.87407740239966, 21.332282730224552], [-100.87407492641465, 21.332246680483724]], [[-100.87407492641465, 21.332246680483724], [-100.87403645011237, 21.332249000312103]], [[-100.8740389260881, 21.332285050054175], [-100.87403645011237, 21.332249000312103]], [[-100.87403645011237, 21.332249000312103], [-100.87399797380813, 21.332251320131757]], [[-100.87400044977461, 21.33228736987508], [-100.87399797380813, 21.332251320131757]], [[-100.87399797380813, 21.332251320131757], [-100.87395949750197, 21.33225363994268]], [[-100.87396197345916, 21.332289689687247], [-100.87395949750197, 21.33225363994268]], [[-100.87396197345916, 21.332289689687247], [-100.87392349714177, 21.332292009490693]], [[-100.87395949750197, 21.33225363994268], [-100.87392102119385, 21.332255959744877]], [[-100.87392349714177, 21.332292009490693], [-100.87392102119385, 21.332255959744877]], [[-100.87615264384812, 21.33212139679244], [-100.87615016736424, 21.332085347118664]], [[-100.87615016736424, 21.332085347118664], [-100.87611169117632, 21.332087667417017]], [[-100.87611416765093, 21.33212371709205], [-100.87611169117632, 21.332087667417017]], [[-100.87611169117632, 21.332087667417017], [-100.87607321498645, 21.332089987706652]], [[-100.87607569145179, 21.332126037382928], [-100.87607321498645, 21.332089987706652]], [[-100.87607321498645, 21.332089987706652], [-100.87603473879464, 21.33209230798756]], [[-100.8760372152507, 21.33212835766508], [-100.87603473879464, 21.33209230798756]], [[-100.87603473879464, 21.33209230798756], [-100.87599626260089, 21.33209462825974]], [[-100.87599873904767, 21.332130677938512], [-100.87599626260089, 21.33209462825974]], [[-100.87599626260089, 21.33209462825974], [-100.87595778640518, 21.332096948523194]], [[-100.8759602628427, 21.332132998203214], [-100.87595778640518, 21.332096948523194]], [[-100.87595778640518, 21.332096948523194], [-100.87591931020754, 21.33209926877792]], [[-100.87592178663576, 21.332135318459187], [-100.87591931020754, 21.33209926877792]], [[-100.87591931020754, 21.33209926877792], [-100.87588083400793, 21.33210158902392]], [[-100.8758833104269, 21.332137638706435], [-100.87588083400793, 21.33210158902392]], [[-100.87588083400793, 21.33210158902392], [-100.87584235780639, 21.332103909261196]], [[-100.87584483421607, 21.33213995894496], [-100.87584235780639, 21.332103909261196]], [[-100.87584235780639, 21.332103909261196], [-100.87580388160289, 21.332106229489746]], [[-100.87580635800332, 21.332142279174754], [-100.87580388160289, 21.332106229489746]], [[-100.87580388160289, 21.332106229489746], [-100.87576540539746, 21.33210854970957]], [[-100.8757678817886, 21.33214459939582], [-100.87576540539746, 21.33210854970957]], [[-100.87576540539746, 21.33210854970957], [-100.87572692919008, 21.332110869920665]], [[-100.87572940557195, 21.33214691960817], [-100.87572692919008, 21.332110869920665]], [[-100.87572692919008, 21.332110869920665], [-100.87568845298075, 21.332113190123035]], [[-100.87569092935334, 21.33214923981178], [-100.87568845298075, 21.332113190123035]], [[-100.87568845298075, 21.332113190123035], [-100.87564997676947, 21.33211551031668]], [[-100.87565245313279, 21.332151560006675], [-100.87564997676947, 21.33211551031668]], [[-100.87564997676947, 21.33211551031668], [-100.87561150055625, 21.3321178305016]], [[-100.87561397691029, 21.332153880192838], [-100.87561150055625, 21.3321178305016]], [[-100.87561150055625, 21.3321178305016], [-100.87557302434108, 21.332120150677788]], [[-100.87557550068585, 21.332156200370278], [-100.87557302434108, 21.332120150677788]], [[-100.87557302434108, 21.332120150677788], [-100.87553454812397, 21.33212247084526]], [[-100.87553702445945, 21.332158520538986], [-100.87553454812397, 21.33212247084526]], [[-100.87553454812397, 21.33212247084526], [-100.8754960719049, 21.332124791003988]], [[-100.87549854823112, 21.332160840698972], [-100.8754960719049, 21.332124791003988]], [[-100.8754960719049, 21.332124791003988], [-100.8754575956839, 21.332127111154005]], [[-100.87546007200085, 21.33216316085023], [-100.8754575956839, 21.332127111154005]], [[-100.8754575956839, 21.332127111154005], [-100.87541911946094, 21.33212943129529]], [[-100.87542159576861, 21.33216548099276], [-100.87541911946094, 21.33212943129529]], [[-100.87541911946094, 21.33212943129529], [-100.87538064323604, 21.33213175142785]], [[-100.87538311953445, 21.332167801126577], [-100.87538064323604, 21.33213175142785]], [[-100.87538064323604, 21.33213175142785], [-100.8753421670092, 21.332134071551682]], [[-100.87534464329832, 21.33217012125165], [-100.8753421670092, 21.332134071551682]], [[-100.8753421670092, 21.332134071551682], [-100.8753036907804, 21.33213639166679]], [[-100.87530616706024, 21.332172441368], [-100.8753036907804, 21.33213639166679]], [[-100.8753036907804, 21.33213639166679], [-100.87526521454966, 21.332138711773165]], [[-100.87526769082024, 21.332174761475624], [-100.87526521454966, 21.332138711773165]], [[-100.87526521454966, 21.332138711773165], [-100.87522673831698, 21.332141031870815]], [[-100.87522921457828, 21.33217708157453], [-100.87522673831698, 21.332141031870815]], [[-100.87522673831698, 21.332141031870815], [-100.87518826208235, 21.332143351959747]], [[-100.87519073833438, 21.332179401664703], [-100.87518826208235, 21.332143351959747]], [[-100.87518826208235, 21.332143351959747], [-100.87514978584576, 21.332145672039942]], [[-100.87515226208852, 21.332181721746146], [-100.87514978584576, 21.332145672039942]], [[-100.87514978584576, 21.332145672039942], [-100.87511130960725, 21.332147992111416]], [[-100.87511378584072, 21.332184041818866], [-100.87511130960725, 21.332147992111416]], [[-100.87511130960725, 21.332147992111416], [-100.87507283336677, 21.33215031217417]], [[-100.87507530959098, 21.332186361882858], [-100.87507283336677, 21.33215031217417]], [[-100.87507283336677, 21.33215031217417], [-100.87503435712436, 21.33215263222819]], [[-100.8750368333393, 21.332188681938128], [-100.87503435712436, 21.33215263222819]], [[-100.87503435712436, 21.33215263222819], [-100.87499588088001, 21.332154952273488]], [[-100.87499835708566, 21.332191001984665], [-100.87499588088001, 21.332154952273488]], [[-100.87499588088001, 21.332154952273488], [-100.87495740463369, 21.332157272310052]], [[-100.87495988083008, 21.332193322022487], [-100.87495740463369, 21.332157272310052]], [[-100.87495740463369, 21.332157272310052], [-100.87491892838544, 21.3321595923379]], [[-100.87492140457255, 21.332195642051573], [-100.87491892838544, 21.3321595923379]], [[-100.87491892838544, 21.3321595923379], [-100.87488045213524, 21.33216191235701]], [[-100.87488292831307, 21.332197962071938], [-100.87488045213524, 21.33216191235701]], [[-100.87488045213524, 21.33216191235701], [-100.8748419758831, 21.332164232367397]], [[-100.87484445205166, 21.332200282083576], [-100.8748419758831, 21.332164232367397]], [[-100.8748419758831, 21.332164232367397], [-100.87480349962901, 21.33216655236906]], [[-100.87480597578829, 21.332202602086483], [-100.87480349962901, 21.33216655236906]], [[-100.87480349962901, 21.33216655236906], [-100.87476502337296, 21.332168872361997]], [[-100.87476749952299, 21.33220492208067], [-100.87476502337296, 21.332168872361997]], [[-100.87476502337296, 21.332168872361997], [-100.87472654711499, 21.33217119234621]], [[-100.87472902325572, 21.33220724206612], [-100.87472654711499, 21.33217119234621]], [[-100.87472654711499, 21.33217119234621], [-100.87468807085506, 21.33217351232169]], [[-100.87469054698651, 21.33220956204285], [-100.87468807085506, 21.33217351232169]], [[-100.87468807085506, 21.33217351232169], [-100.87464959459318, 21.33217583228845]], [[-100.87465207071537, 21.332211882010853], [-100.87464959459318, 21.33217583228845]], [[-100.87464959459318, 21.33217583228845], [-100.87461111832936, 21.332178152246478]], [[-100.87461359444228, 21.332214201970135], [-100.87461111832936, 21.332178152246478]], [[-100.87461111832936, 21.332178152246478], [-100.8745726420636, 21.332180472195784]], [[-100.87457511816723, 21.332216521920678], [-100.8745726420636, 21.332180472195784]], [[-100.8745726420636, 21.332180472195784], [-100.87453416579588, 21.332182792136358]], [[-100.87453664189026, 21.3322188418625], [-100.87453416579588, 21.332182792136358]], [[-100.87453416579588, 21.332182792136358], [-100.87449568952623, 21.332185112068213]], [[-100.87449816561131, 21.3322211617956], [-100.87449568952623, 21.332185112068213]], [[-100.87449568952623, 21.332185112068213], [-100.87445721325462, 21.332187431991333]], [[-100.87445968933044, 21.332223481719968], [-100.87445721325462, 21.332187431991333]], [[-100.87445721325462, 21.332187431991333], [-100.87441873698107, 21.33218975190573]], [[-100.87442121304763, 21.33222580163562], [-100.87441873698107, 21.33218975190573]], [[-100.87441873698107, 21.33218975190573], [-100.87438026070558, 21.3321920718114]], [[-100.87438273676284, 21.33222812154253], [-100.87438026070558, 21.3321920718114]], [[-100.87438026070558, 21.3321920718114], [-100.87434178442814, 21.33219439170835]], [[-100.87434426047614, 21.332230441440725], [-100.87434178442814, 21.33219439170835]], [[-100.87434178442814, 21.33219439170835], [-100.87430330814875, 21.33219671159657]], [[-100.87430578418747, 21.33223276133019], [-100.87430330814875, 21.33219671159657]], [[-100.87430330814875, 21.33219671159657], [-100.87426483186741, 21.33219903147606]], [[-100.87426730789687, 21.332235081210932], [-100.87426483186741, 21.33219903147606]], [[-100.87426483186741, 21.33219903147606], [-100.87422635558413, 21.33220135134683]], [[-100.87422883160431, 21.332237401082942], [-100.87422635558413, 21.33220135134683]], [[-100.87422635558413, 21.33220135134683], [-100.87418787929892, 21.332203671208866]], [[-100.87419035530982, 21.332239720946227], [-100.87418787929892, 21.332203671208866]], [[-100.87418787929892, 21.332203671208866], [-100.87414940301176, 21.332205991062178]], [[-100.87415187901337, 21.332242040800786], [-100.87414940301176, 21.332205991062178]], [[-100.87414940301176, 21.332205991062178], [-100.87411092672264, 21.33220831090677]], [[-100.87411340271498, 21.33224436064662], [-100.87411092672264, 21.33220831090677]], [[-100.87411092672264, 21.33220831090677], [-100.87407245043157, 21.33221063074262]], [[-100.87407492641465, 21.332246680483724], [-100.87407245043157, 21.33221063074262]], [[-100.87407245043157, 21.33221063074262], [-100.87403397413856, 21.332212950569755]], [[-100.87403645011237, 21.332249000312103], [-100.87403397413856, 21.332212950569755]], [[-100.87403397413856, 21.332212950569755], [-100.87399549784362, 21.33221527038816]], [[-100.87399797380813, 21.332251320131757], [-100.87399549784362, 21.33221527038816]], [[-100.87399549784362, 21.33221527038816], [-100.87395702154672, 21.332217590197843]], [[-100.87395949750197, 21.33225363994268], [-100.87395702154672, 21.332217590197843]], [[-100.87395702154672, 21.332217590197843], [-100.87391854524788, 21.3322199099988]], [[-100.87392102119385, 21.332255959744877], [-100.87391854524788, 21.3322199099988]], [[-100.87392102119385, 21.332255959744877], [-100.87388254488378, 21.332258279538355]], [[-100.87391854524788, 21.3322199099988], [-100.87388006894709, 21.332222229791018]], [[-100.87388254488378, 21.332258279538355], [-100.87388006894709, 21.332222229791018]], [[-100.87618864355022, 21.33208302681157], [-100.87615016736424, 21.332085347118664]], [[-100.87618864355022, 21.33208302681157], [-100.87618616705899, 21.332046977138766]], [[-100.87618616705899, 21.332046977138766], [-100.8761476908823, 21.332049297444605]], [[-100.87615016736424, 21.332085347118664], [-100.8761476908823, 21.332049297444605]], [[-100.8761476908823, 21.332049297444605], [-100.87610921470366, 21.33205161774172]], [[-100.87611169117632, 21.332087667417017], [-100.87610921470366, 21.33205161774172]], [[-100.87610921470366, 21.33205161774172], [-100.87607073852307, 21.332053938030104]], [[-100.87607321498645, 21.332089987706652], [-100.87607073852307, 21.332053938030104]], [[-100.87607073852307, 21.332053938030104], [-100.87603226234053, 21.33205625830977]], [[-100.87603473879464, 21.33209230798756], [-100.87603226234053, 21.33205625830977]], [[-100.87603226234053, 21.33205625830977], [-100.87599378615604, 21.332058578580696]], [[-100.87599626260089, 21.33209462825974], [-100.87599378615604, 21.332058578580696]], [[-100.87599378615604, 21.332058578580696], [-100.87595530996961, 21.332060898842904]], [[-100.87595778640518, 21.332096948523194], [-100.87595530996961, 21.332060898842904]], [[-100.87595530996961, 21.332060898842904], [-100.87591683378123, 21.332063219096383]], [[-100.87591931020754, 21.33209926877792], [-100.87591683378123, 21.332063219096383]], [[-100.87591683378123, 21.332063219096383], [-100.87587835759092, 21.33206553934114]], [[-100.87588083400793, 21.33210158902392], [-100.87587835759092, 21.33206553934114]], [[-100.87587835759092, 21.33206553934114], [-100.87583988139865, 21.332067859577165]], [[-100.87584235780639, 21.332103909261196], [-100.87583988139865, 21.332067859577165]], [[-100.87583988139865, 21.332067859577165], [-100.87580140520443, 21.33207017980447]], [[-100.87580388160289, 21.332106229489746], [-100.87580140520443, 21.33207017980447]], [[-100.87580140520443, 21.33207017980447], [-100.87576292900826, 21.33207250002305]], [[-100.87576540539746, 21.33210854970957], [-100.87576292900826, 21.33207250002305]], [[-100.87576292900826, 21.33207250002305], [-100.87572445281016, 21.332074820232897]], [[-100.87572692919008, 21.332110869920665], [-100.87572445281016, 21.332074820232897]], [[-100.87572445281016, 21.332074820232897], [-100.8756859766101, 21.33207714043402]], [[-100.87568845298075, 21.332113190123035], [-100.8756859766101, 21.33207714043402]], [[-100.8756859766101, 21.33207714043402], [-100.8756475004081, 21.332079460626417]], [[-100.87564997676947, 21.33211551031668], [-100.8756475004081, 21.332079460626417]], [[-100.8756475004081, 21.332079460626417], [-100.87560902420415, 21.33208178081009]], [[-100.87561150055625, 21.3321178305016], [-100.87560902420415, 21.33208178081009]], [[-100.87560902420415, 21.33208178081009], [-100.87557054799827, 21.332084100985032]], [[-100.87557302434108, 21.332120150677788], [-100.87557054799827, 21.332084100985032]], [[-100.87557054799827, 21.332084100985032], [-100.87553207179042, 21.33208642115125]], [[-100.87553454812397, 21.33212247084526], [-100.87553207179042, 21.33208642115125]], [[-100.87553207179042, 21.33208642115125], [-100.87549359558064, 21.33208874130874]], [[-100.8754960719049, 21.332124791003988], [-100.87549359558064, 21.33208874130874]], [[-100.87549359558064, 21.33208874130874], [-100.8754551193689, 21.332091061457508]], [[-100.8754575956839, 21.332127111154005], [-100.8754551193689, 21.332091061457508]], [[-100.8754551193689, 21.332091061457508], [-100.87541664315522, 21.33209338159754]], [[-100.87541911946094, 21.33212943129529], [-100.87541664315522, 21.33209338159754]], [[-100.87541664315522, 21.33209338159754], [-100.87537816693958, 21.332095701728857]], [[-100.87538064323604, 21.33213175142785], [-100.87537816693958, 21.332095701728857]], [[-100.87537816693958, 21.332095701728857], [-100.87533969072202, 21.332098021851436]], [[-100.8753421670092, 21.332134071551682], [-100.87533969072202, 21.332098021851436]], [[-100.87533969072202, 21.332098021851436], [-100.8753012145025, 21.332100341965297]], [[-100.8753036907804, 21.33213639166679], [-100.8753012145025, 21.332100341965297]], [[-100.8753012145025, 21.332100341965297], [-100.87526273828102, 21.33210266207043]], [[-100.87526521454966, 21.332138711773165], [-100.87526273828102, 21.33210266207043]], [[-100.87526273828102, 21.33210266207043], [-100.87522426205763, 21.33210498216684]], [[-100.87522673831698, 21.332141031870815], [-100.87522426205763, 21.33210498216684]], [[-100.87522426205763, 21.33210498216684], [-100.87518578583227, 21.332107302254517]], [[-100.87518826208235, 21.332143351959747], [-100.87518578583227, 21.332107302254517]], [[-100.87518578583227, 21.332107302254517], [-100.87514730960496, 21.332109622333476]], [[-100.87514978584576, 21.332145672039942], [-100.87514730960496, 21.332109622333476]], [[-100.87514730960496, 21.332109622333476], [-100.8751088333757, 21.3321119424037]], [[-100.87511130960725, 21.332147992111416], [-100.8751088333757, 21.3321119424037]], [[-100.8751088333757, 21.3321119424037], [-100.87507035714452, 21.332114262465208]], [[-100.87507283336677, 21.33215031217417], [-100.87507035714452, 21.332114262465208]], [[-100.87507035714452, 21.332114262465208], [-100.87503188091138, 21.332116582517973]], [[-100.87503435712436, 21.33215263222819], [-100.87503188091138, 21.332116582517973]], [[-100.87503188091138, 21.332116582517973], [-100.87499340467629, 21.33211890256203]], [[-100.87499588088001, 21.332154952273488], [-100.87499340467629, 21.33211890256203]], [[-100.87499340467629, 21.33211890256203], [-100.87495492843927, 21.332121222597344]], [[-100.87495740463369, 21.332157272310052], [-100.87495492843927, 21.332121222597344]], [[-100.87495492843927, 21.332121222597344], [-100.87491645220028, 21.332123542623947]], [[-100.87491892838544, 21.3321595923379], [-100.87491645220028, 21.332123542623947]], [[-100.87491645220028, 21.332123542623947], [-100.87487797595935, 21.332125862641814]], [[-100.87488045213524, 21.33216191235701], [-100.87487797595935, 21.332125862641814]], [[-100.87487797595935, 21.332125862641814], [-100.87483949971649, 21.332128182650955]], [[-100.8748419758831, 21.332164232367397], [-100.87483949971649, 21.332128182650955]], [[-100.87483949971649, 21.332128182650955], [-100.87480102347166, 21.33213050265137]], [[-100.87480349962901, 21.33216655236906], [-100.87480102347166, 21.33213050265137]], [[-100.87480102347166, 21.33213050265137], [-100.8747625472249, 21.332132822643054]], [[-100.87476502337296, 21.332168872361997], [-100.8747625472249, 21.332132822643054]], [[-100.8747625472249, 21.332132822643054], [-100.87472407097619, 21.332135142626026]], [[-100.87472654711499, 21.33217119234621], [-100.87472407097619, 21.332135142626026]], [[-100.87472407097619, 21.332135142626026], [-100.87468559472553, 21.332137462600254]], [[-100.87468807085506, 21.33217351232169], [-100.87468559472553, 21.332137462600254]], [[-100.87468559472553, 21.332137462600254], [-100.87464711847294, 21.33213978256577]], [[-100.87464959459318, 21.33217583228845], [-100.87464711847294, 21.33213978256577]], [[-100.87464711847294, 21.33213978256577], [-100.87460864221839, 21.33214210252255]], [[-100.87461111832936, 21.332178152246478], [-100.87460864221839, 21.33214210252255]], [[-100.87460864221839, 21.33214210252255], [-100.8745701659619, 21.332144422470613]], [[-100.8745726420636, 21.332180472195784], [-100.8745701659619, 21.332144422470613]], [[-100.8745701659619, 21.332144422470613], [-100.87453168970346, 21.332146742409943]], [[-100.87453416579588, 21.332182792136358], [-100.87453168970346, 21.332146742409943]], [[-100.87453168970346, 21.332146742409943], [-100.87449321344307, 21.332149062340545]], [[-100.87449568952623, 21.332185112068213], [-100.87449321344307, 21.332149062340545]], [[-100.87449321344307, 21.332149062340545], [-100.87445473718074, 21.332151382262424]], [[-100.87445721325462, 21.332187431991333], [-100.87445473718074, 21.332151382262424]], [[-100.87445473718074, 21.332151382262424], [-100.87441626091648, 21.332153702175578]], [[-100.87441873698107, 21.33218975190573], [-100.87441626091648, 21.332153702175578]], [[-100.87441626091648, 21.332153702175578], [-100.87437778465025, 21.332156022080003]], [[-100.87438026070558, 21.3321920718114], [-100.87437778465025, 21.332156022080003]], [[-100.87437778465025, 21.332156022080003], [-100.87433930838208, 21.332158341975703]], [[-100.87434178442814, 21.33219439170835], [-100.87433930838208, 21.332158341975703]], [[-100.87433930838208, 21.332158341975703], [-100.87430083211197, 21.332160661862673]], [[-100.87430330814875, 21.33219671159657], [-100.87430083211197, 21.332160661862673]], [[-100.87430083211197, 21.332160661862673], [-100.87426235583992, 21.33216298174092]], [[-100.87426483186741, 21.33219903147606], [-100.87426235583992, 21.33216298174092]], [[-100.87426235583992, 21.33216298174092], [-100.87422387956592, 21.33216530161044]], [[-100.87422635558413, 21.33220135134683], [-100.87422387956592, 21.33216530161044]], [[-100.87422387956592, 21.33216530161044], [-100.87418540328996, 21.332167621471232]], [[-100.87418787929892, 21.332203671208866], [-100.87418540328996, 21.332167621471232]], [[-100.87418540328996, 21.332167621471232], [-100.87414692701206, 21.332169941323297]], [[-100.87414940301176, 21.332205991062178], [-100.87414692701206, 21.332169941323297]], [[-100.87414692701206, 21.332169941323297], [-100.87410845073222, 21.33217226116664]], [[-100.87411092672264, 21.33220831090677], [-100.87410845073222, 21.33217226116664]], [[-100.87410845073222, 21.33217226116664], [-100.87406997445044, 21.332174581001247]], [[-100.87407245043157, 21.33221063074262], [-100.87406997445044, 21.332174581001247]], [[-100.87406997445044, 21.332174581001247], [-100.87403149816672, 21.33217690082714]], [[-100.87403397413856, 21.332212950569755], [-100.87403149816672, 21.33217690082714]], [[-100.87403149816672, 21.33217690082714], [-100.87399302188103, 21.3321792206443]], [[-100.87399549784362, 21.33221527038816], [-100.87399302188103, 21.3321792206443]], [[-100.87399302188103, 21.3321792206443], [-100.87395454559342, 21.33218154045273]], [[-100.87395702154672, 21.332217590197843], [-100.87395454559342, 21.33218154045273]], [[-100.87395454559342, 21.33218154045273], [-100.87391606930385, 21.33218386025244]], [[-100.87391854524788, 21.3322199099988], [-100.87391606930385, 21.33218386025244]], [[-100.87391606930385, 21.33218386025244], [-100.87387759301234, 21.33218618004342]], [[-100.87388006894709, 21.332222229791018], [-100.87387759301234, 21.33218618004342]], [[-100.87618616705899, 21.332046977138766], [-100.87618369056973, 21.33201092746569]], [[-100.87618369056973, 21.33201092746569], [-100.87614521440231, 21.33201324777028]], [[-100.8761476908823, 21.332049297444605], [-100.87614521440231, 21.33201324777028]], [[-100.87614521440231, 21.33201324777028], [-100.87610673823295, 21.332015568066144]], [[-100.87610921470366, 21.33205161774172], [-100.87610673823295, 21.332015568066144]], [[-100.87610673823295, 21.332015568066144], [-100.87606826206162, 21.332017888353285]], [[-100.87607073852307, 21.332053938030104], [-100.87606826206162, 21.332017888353285]], [[-100.87606826206162, 21.332017888353285], [-100.87602978588836, 21.332020208631693]], [[-100.87603226234053, 21.33205625830977], [-100.87602978588836, 21.332020208631693]], [[-100.87602978588836, 21.332020208631693], [-100.87599130971316, 21.33202252890138]], [[-100.87599378615604, 21.332058578580696], [-100.87599130971316, 21.33202252890138]], [[-100.87599130971316, 21.33202252890138], [-100.875952833536, 21.332024849162345]], [[-100.87595530996961, 21.332060898842904], [-100.875952833536, 21.332024849162345]], [[-100.875952833536, 21.332024849162345], [-100.87591435735689, 21.33202716941458]], [[-100.87591683378123, 21.332063219096383], [-100.87591435735689, 21.33202716941458]], [[-100.87591435735689, 21.33202716941458], [-100.87587588117584, 21.332029489658087]], [[-100.87587835759092, 21.33206553934114], [-100.87587588117584, 21.332029489658087]], [[-100.87587588117584, 21.332029489658087], [-100.87583740499285, 21.332031809892868]], [[-100.87583988139865, 21.332067859577165], [-100.87583740499285, 21.332031809892868]], [[-100.87583740499285, 21.332031809892868], [-100.87579892880791, 21.332034130118917]], [[-100.87580140520443, 21.33207017980447], [-100.87579892880791, 21.332034130118917]], [[-100.87579892880791, 21.332034130118917], [-100.87576045262102, 21.33203645033625]], [[-100.87576292900826, 21.33207250002305], [-100.87576045262102, 21.33203645033625]], [[-100.87576045262102, 21.33203645033625], [-100.87572197643217, 21.33203877054485]], [[-100.87572445281016, 21.332074820232897], [-100.87572197643217, 21.33203877054485]], [[-100.87572197643217, 21.33203877054485], [-100.8756835002414, 21.332041090744735]], [[-100.8756859766101, 21.33207714043402], [-100.8756835002414, 21.332041090744735]], [[-100.8756835002414, 21.332041090744735], [-100.87564502404868, 21.33204341093588]], [[-100.8756475004081, 21.332079460626417], [-100.87564502404868, 21.33204341093588]], [[-100.87564502404868, 21.33204341093588], [-100.87560654785399, 21.332045731118303]], [[-100.87560902420415, 21.33208178081009], [-100.87560654785399, 21.332045731118303]], [[-100.87560654785399, 21.332045731118303], [-100.87556807165738, 21.332048051292002]], [[-100.87557054799827, 21.332084100985032], [-100.87556807165738, 21.332048051292002]], [[-100.87556807165738, 21.332048051292002], [-100.8755295954588, 21.332050371456976]], [[-100.87553207179042, 21.33208642115125], [-100.8755295954588, 21.332050371456976]], [[-100.8755295954588, 21.332050371456976], [-100.8754911192583, 21.332052691613214]], [[-100.87549359558064, 21.33208874130874], [-100.8754911192583, 21.332052691613214]], [[-100.8754911192583, 21.332052691613214], [-100.87545264305584, 21.33205501176073]], [[-100.8754551193689, 21.332091061457508], [-100.87545264305584, 21.33205501176073]], [[-100.87545264305584, 21.33205501176073], [-100.87541416685143, 21.332057331899524]], [[-100.87541664315522, 21.33209338159754], [-100.87541416685143, 21.332057331899524]], [[-100.87541416685143, 21.332057331899524], [-100.87537569064507, 21.33205965202959]], [[-100.87537816693958, 21.332095701728857], [-100.87537569064507, 21.33205965202959]], [[-100.87537569064507, 21.33205965202959], [-100.87533721443678, 21.33206197215093]], [[-100.87533969072202, 21.332098021851436], [-100.87533721443678, 21.33206197215093]], [[-100.87533721443678, 21.33206197215093], [-100.87529873822655, 21.33206429226355]], [[-100.8753012145025, 21.332100341965297], [-100.87529873822655, 21.33206429226355]], [[-100.87529873822655, 21.33206429226355], [-100.87526026201435, 21.332066612367427]], [[-100.87526273828102, 21.33210266207043], [-100.87526026201435, 21.332066612367427]], [[-100.87526026201435, 21.332066612367427], [-100.8752217858002, 21.33206893246259]], [[-100.87522426205763, 21.33210498216684], [-100.8752217858002, 21.33206893246259]], [[-100.8752217858002, 21.33206893246259], [-100.87518330958413, 21.33207125254902]], [[-100.87518578583227, 21.332107302254517], [-100.87518330958413, 21.33207125254902]], [[-100.87518330958413, 21.33207125254902], [-100.8751448333661, 21.33207357262673]], [[-100.87514730960496, 21.332109622333476], [-100.8751448333661, 21.33207357262673]], [[-100.8751448333661, 21.33207357262673], [-100.87510635714612, 21.332075892695713]], [[-100.8751088333757, 21.3321119424037], [-100.87510635714612, 21.332075892695713]], [[-100.87510635714612, 21.332075892695713], [-100.8750678809242, 21.332078212755963]], [[-100.87507035714452, 21.332114262465208], [-100.8750678809242, 21.332078212755963]], [[-100.8750678809242, 21.332078212755963], [-100.87502940470034, 21.332080532807495]], [[-100.87503188091138, 21.332116582517973], [-100.87502940470034, 21.332080532807495]], [[-100.87502940470034, 21.332080532807495], [-100.87499092847453, 21.332082852850295]], [[-100.87499340467629, 21.33211890256203], [-100.87499092847453, 21.332082852850295]], [[-100.87499092847453, 21.332082852850295], [-100.87495245224676, 21.332085172884373]], [[-100.87495492843927, 21.332121222597344], [-100.87495245224676, 21.332085172884373]], [[-100.87495245224676, 21.332085172884373], [-100.87491397601706, 21.33208749290972]], [[-100.87491645220028, 21.332123542623947], [-100.87491397601706, 21.33208749290972]], [[-100.87491397601706, 21.33208749290972], [-100.8748754997854, 21.33208981292634]], [[-100.87487797595935, 21.332125862641814], [-100.8748754997854, 21.33208981292634]], [[-100.8748754997854, 21.33208981292634], [-100.8748370235518, 21.332092132934232]], [[-100.87483949971649, 21.332128182650955], [-100.8748370235518, 21.332092132934232]], [[-100.8748370235518, 21.332092132934232], [-100.87479854731627, 21.332094452933404]], [[-100.87480102347166, 21.33213050265137], [-100.87479854731627, 21.332094452933404]], [[-100.87479854731627, 21.332094452933404], [-100.87476007107878, 21.33209677292385]], [[-100.8747625472249, 21.332132822643054], [-100.87476007107878, 21.33209677292385]], [[-100.87476007107878, 21.33209677292385], [-100.87472159483934, 21.33209909290557]], [[-100.87472407097619, 21.332135142626026], [-100.87472159483934, 21.33209909290557]], [[-100.87472159483934, 21.33209909290557], [-100.87468311859796, 21.332101412878554]], [[-100.87468559472553, 21.332137462600254], [-100.87468311859796, 21.332101412878554]], [[-100.87468311859796, 21.332101412878554], [-100.87464464235464, 21.332103732842818]], [[-100.87464711847294, 21.33213978256577], [-100.87464464235464, 21.332103732842818]], [[-100.87464464235464, 21.332103732842818], [-100.87460616610937, 21.33210605279836]], [[-100.87460864221839, 21.33214210252255], [-100.87460616610937, 21.33210605279836]], [[-100.87460616610937, 21.33210605279836], [-100.87456768986215, 21.33210837274517]], [[-100.8745701659619, 21.332144422470613], [-100.87456768986215, 21.33210837274517]], [[-100.87456768986215, 21.33210837274517], [-100.87452921361299, 21.332110692683255]], [[-100.87453168970346, 21.332146742409943], [-100.87452921361299, 21.332110692683255]], [[-100.87452921361299, 21.332110692683255], [-100.87449073736188, 21.332113012612616]], [[-100.87449321344307, 21.332149062340545], [-100.87449073736188, 21.332113012612616]], [[-100.87449073736188, 21.332113012612616], [-100.87445226110883, 21.33211533253324]], [[-100.87445473718074, 21.332151382262424], [-100.87445226110883, 21.33211533253324]], [[-100.87445226110883, 21.33211533253324], [-100.87441378485381, 21.332117652445152]], [[-100.87441626091648, 21.332153702175578], [-100.87441378485381, 21.332117652445152]], [[-100.87441378485381, 21.332117652445152], [-100.87437530859687, 21.332119972348327]], [[-100.87437778465025, 21.332156022080003], [-100.87437530859687, 21.332119972348327]], [[-100.87437530859687, 21.332119972348327], [-100.87433683233799, 21.332122292242783]], [[-100.87433930838208, 21.332158341975703], [-100.87433683233799, 21.332122292242783]], [[-100.87433683233799, 21.332122292242783], [-100.87429835607713, 21.332124612128506]], [[-100.87430083211197, 21.332160661862673], [-100.87429835607713, 21.332124612128506]], [[-100.87429835607713, 21.332124612128506], [-100.87425987981436, 21.33212693200551]], [[-100.87426235583992, 21.33216298174092], [-100.87425987981436, 21.33212693200551]], [[-100.87425987981436, 21.33212693200551], [-100.87422140354963, 21.332129251873777]], [[-100.87422387956592, 21.33216530161044], [-100.87422140354963, 21.332129251873777]], [[-100.87422140354963, 21.332129251873777], [-100.87418292728294, 21.332131571733324]], [[-100.87418540328996, 21.332167621471232], [-100.87418292728294, 21.332131571733324]], [[-100.87418292728294, 21.332131571733324], [-100.87414445101433, 21.332133891584146]], [[-100.87414692701206, 21.332169941323297], [-100.87414445101433, 21.332133891584146]], [[-100.87414445101433, 21.332133891584146], [-100.87410597474376, 21.332136211426242]], [[-100.87410845073222, 21.33217226116664], [-100.87410597474376, 21.332136211426242]], [[-100.87410597474376, 21.332136211426242], [-100.87406749847126, 21.332138531259606]], [[-100.87406997445044, 21.332174581001247], [-100.87406749847126, 21.332138531259606]], [[-100.87406749847126, 21.332138531259606], [-100.8740290221968, 21.332140851084247]], [[-100.87403149816672, 21.33217690082714], [-100.8740290221968, 21.332140851084247]], [[-100.8740290221968, 21.332140851084247], [-100.87399054592039, 21.33214317090016]], [[-100.87399302188103, 21.3321792206443], [-100.87399054592039, 21.33214317090016]], [[-100.87399054592039, 21.33214317090016], [-100.87395206964204, 21.332145490707347]], [[-100.87395454559342, 21.33218154045273], [-100.87395206964204, 21.332145490707347]], [[-100.87395206964204, 21.332145490707347], [-100.87391359336175, 21.332147810505813]], [[-100.87391606930385, 21.33218386025244], [-100.87391359336175, 21.332147810505813]], [[-100.87391359336175, 21.332147810505813], [-100.87387511707952, 21.332150130295545]], [[-100.87387759301234, 21.33218618004342], [-100.87387511707952, 21.332150130295545]], [[-100.87387759301234, 21.33218618004342], [-100.87383911671887, 21.33218849982567]], [[-100.87387511707952, 21.332150130295545], [-100.87383664079533, 21.332152450076553]], [[-100.87383911671887, 21.33218849982567], [-100.87383664079533, 21.332152450076553]], [[-100.87618369056973, 21.33201092746569], [-100.87618121408242, 21.331974877792337]], [[-100.87618121408242, 21.331974877792337], [-100.87614273792427, 21.33197719809568]], [[-100.87614521440231, 21.33201324777028], [-100.87614273792427, 21.33197719809568]], [[-100.87614273792427, 21.33197719809568], [-100.87610426176418, 21.331979518390302]], [[-100.87610673823295, 21.332015568066144], [-100.87610426176418, 21.331979518390302]], [[-100.87610426176418, 21.331979518390302], [-100.87606578560214, 21.331981838676196]], [[-100.87606826206162, 21.332017888353285], [-100.87606578560214, 21.331981838676196]], [[-100.87606578560214, 21.331981838676196], [-100.87602730943814, 21.33198415895336]], [[-100.87602978588836, 21.332020208631693], [-100.87602730943814, 21.33198415895336]], [[-100.87602730943814, 21.33198415895336], [-100.8759888332722, 21.331986479221797]], [[-100.87599130971316, 21.33202252890138], [-100.8759888332722, 21.331986479221797]], [[-100.8759888332722, 21.331986479221797], [-100.87595035710432, 21.33198879948151]], [[-100.875952833536, 21.332024849162345], [-100.87595035710432, 21.33198879948151]], [[-100.87595035710432, 21.33198879948151], [-100.8759118809345, 21.3319911197325]], [[-100.87591435735689, 21.33202716941458], [-100.8759118809345, 21.3319911197325]], [[-100.8759118809345, 21.3319911197325], [-100.87587340476271, 21.331993439974763]], [[-100.87587588117584, 21.332029489658087], [-100.87587340476271, 21.331993439974763]], [[-100.87587340476271, 21.331993439974763], [-100.875834928589, 21.331995760208294]], [[-100.87583740499285, 21.332031809892868], [-100.875834928589, 21.331995760208294]], [[-100.875834928589, 21.331995760208294], [-100.87579645241334, 21.331998080433102]], [[-100.87579892880791, 21.332034130118917], [-100.87579645241334, 21.331998080433102]], [[-100.87579645241334, 21.331998080433102], [-100.87575797623572, 21.332000400649182]], [[-100.87576045262102, 21.33203645033625], [-100.87575797623572, 21.332000400649182]], [[-100.87575797623572, 21.332000400649182], [-100.87571950005615, 21.33200272085654]], [[-100.87572197643217, 21.33203877054485], [-100.87571950005615, 21.33200272085654]], [[-100.87571950005615, 21.33200272085654], [-100.87568102387465, 21.332005041055172]], [[-100.8756835002414, 21.332041090744735], [-100.87568102387465, 21.332005041055172]], [[-100.87568102387465, 21.332005041055172], [-100.87564254769119, 21.33200736124508]], [[-100.87564502404868, 21.33204341093588], [-100.87564254769119, 21.33200736124508]], [[-100.87564254769119, 21.33200736124508], [-100.87560407150579, 21.332009681426246]], [[-100.87560654785399, 21.332045731118303], [-100.87560407150579, 21.332009681426246]], [[-100.87560407150579, 21.332009681426246], [-100.87556559531845, 21.332012001598695]], [[-100.87556807165738, 21.332048051292002], [-100.87556559531845, 21.332012001598695]], [[-100.87556559531845, 21.332012001598695], [-100.87552711912916, 21.33201432176242]], [[-100.8755295954588, 21.332050371456976], [-100.87552711912916, 21.33201432176242]], [[-100.87552711912916, 21.33201432176242], [-100.87548864293791, 21.332016641917413]], [[-100.8754911192583, 21.332052691613214], [-100.87548864293791, 21.332016641917413]], [[-100.87548864293791, 21.332016641917413], [-100.87545016674473, 21.332018962063692]], [[-100.87545264305584, 21.33205501176073], [-100.87545016674473, 21.332018962063692]], [[-100.87545016674473, 21.332018962063692], [-100.8754116905496, 21.332021282201236]], [[-100.87541416685143, 21.332057331899524], [-100.8754116905496, 21.332021282201236]], [[-100.8754116905496, 21.332021282201236], [-100.87537321435252, 21.332023602330057]], [[-100.87537569064507, 21.33205965202959], [-100.87537321435252, 21.332023602330057]], [[-100.87537321435252, 21.332023602330057], [-100.8753347381535, 21.332025922450146]], [[-100.87533721443678, 21.33206197215093], [-100.8753347381535, 21.332025922450146]], [[-100.8753347381535, 21.332025922450146], [-100.87529626195253, 21.332028242561513]], [[-100.87529873822655, 21.33206429226355], [-100.87529626195253, 21.332028242561513]], [[-100.87529626195253, 21.332028242561513], [-100.87525778574961, 21.332030562664155]], [[-100.87526026201435, 21.332066612367427], [-100.87525778574961, 21.332030562664155]], [[-100.87525778574961, 21.332030562664155], [-100.87521930954475, 21.332032882758067]], [[-100.8752217858002, 21.33206893246259], [-100.87521930954475, 21.332032882758067]], [[-100.87521930954475, 21.332032882758067], [-100.87518083333795, 21.332035202843247]], [[-100.87518330958413, 21.33207125254902], [-100.87518083333795, 21.332035202843247]], [[-100.87518083333795, 21.332035202843247], [-100.87514235712918, 21.332037522919713]], [[-100.8751448333661, 21.33207357262673], [-100.87514235712918, 21.332037522919713]], [[-100.87514235712918, 21.332037522919713], [-100.87510388091849, 21.332039842987452]], [[-100.87510635714612, 21.332075892695713], [-100.87510388091849, 21.332039842987452]], [[-100.87510388091849, 21.332039842987452], [-100.87506540470584, 21.33204216304646]], [[-100.8750678809242, 21.332078212755963], [-100.87506540470584, 21.33204216304646]], [[-100.87506540470584, 21.33204216304646], [-100.87502692849125, 21.33204448309674]], [[-100.87502940470034, 21.332080532807495], [-100.87502692849125, 21.33204448309674]], [[-100.87502692849125, 21.33204448309674], [-100.87498845227469, 21.332046803138294]], [[-100.87499092847453, 21.332082852850295], [-100.87498845227469, 21.332046803138294]], [[-100.87498845227469, 21.332046803138294], [-100.87494997605621, 21.332049123171117]], [[-100.87495245224676, 21.332085172884373], [-100.87494997605621, 21.332049123171117]], [[-100.87494997605621, 21.332049123171117], [-100.87491149983579, 21.332051443195223]], [[-100.87491397601706, 21.33208749290972], [-100.87491149983579, 21.332051443195223]], [[-100.87491149983579, 21.332051443195223], [-100.8748730236134, 21.332053763210595]], [[-100.8748754997854, 21.33208981292634], [-100.8748730236134, 21.332053763210595]], [[-100.8748730236134, 21.332053763210595], [-100.87483454738909, 21.33205608321725]], [[-100.8748370235518, 21.332092132934232], [-100.87483454738909, 21.33205608321725]], [[-100.87483454738909, 21.33205608321725], [-100.87479607116282, 21.33205840321517]], [[-100.87479854731627, 21.332094452933404], [-100.87479607116282, 21.33205840321517]], [[-100.87479607116282, 21.33205840321517], [-100.87475759493461, 21.33206072320437]], [[-100.87476007107878, 21.33209677292385], [-100.87475759493461, 21.33206072320437]], [[-100.87475759493461, 21.33206072320437], [-100.87471911870443, 21.332063043184835]], [[-100.87472159483934, 21.33209909290557], [-100.87471911870443, 21.332063043184835]], [[-100.87471911870443, 21.332063043184835], [-100.87468064247234, 21.332065363156588]], [[-100.87468311859796, 21.332101412878554], [-100.87468064247234, 21.332065363156588]], [[-100.87468064247234, 21.332065363156588], [-100.87464216623829, 21.3320676831196]], [[-100.87464464235464, 21.332103732842818], [-100.87464216623829, 21.3320676831196]], [[-100.87464216623829, 21.3320676831196], [-100.87460369000229, 21.332070003073895]], [[-100.87460616610937, 21.33210605279836], [-100.87460369000229, 21.332070003073895]], [[-100.87460369000229, 21.332070003073895], [-100.87456521376436, 21.332072323019453]], [[-100.87456768986215, 21.33210837274517], [-100.87456521376436, 21.332072323019453]], [[-100.87456521376436, 21.332072323019453], [-100.87452673752445, 21.332074642956297]], [[-100.87452921361299, 21.332110692683255], [-100.87452673752445, 21.332074642956297]], [[-100.87452673752445, 21.332074642956297], [-100.87448826128261, 21.33207696288441]], [[-100.87449073736188, 21.332113012612616], [-100.87448826128261, 21.33207696288441]], [[-100.87448826128261, 21.33207696288441], [-100.87444978503883, 21.332079282803793]], [[-100.87445226110883, 21.33211533253324], [-100.87444978503883, 21.332079282803793]], [[-100.87444978503883, 21.332079282803793], [-100.87441130879311, 21.332081602714453]], [[-100.87441378485381, 21.332117652445152], [-100.87441130879311, 21.332081602714453]], [[-100.87441130879311, 21.332081602714453], [-100.87437283254543, 21.332083922616377]], [[-100.87437530859687, 21.332119972348327], [-100.87437283254543, 21.332083922616377]], [[-100.87437283254543, 21.332083922616377], [-100.87433435629582, 21.332086242509586]], [[-100.87433683233799, 21.332122292242783], [-100.87433435629582, 21.332086242509586]], [[-100.87433435629582, 21.332086242509586], [-100.87429588004426, 21.332088562394066]], [[-100.87429835607713, 21.332124612128506], [-100.87429588004426, 21.332088562394066]], [[-100.87429588004426, 21.332088562394066], [-100.87425740379075, 21.33209088226982]], [[-100.87425987981436, 21.33212693200551], [-100.87425740379075, 21.33209088226982]], [[-100.87425740379075, 21.33209088226982], [-100.8742189275353, 21.332093202136843]], [[-100.87422140354963, 21.332129251873777], [-100.8742189275353, 21.332093202136843]], [[-100.8742189275353, 21.332093202136843], [-100.8741804512779, 21.33209552199515]], [[-100.87418292728294, 21.332131571733324], [-100.8741804512779, 21.33209552199515]], [[-100.8741804512779, 21.33209552199515], [-100.87414197501855, 21.33209784184472]], [[-100.87414445101433, 21.332133891584146], [-100.87414197501855, 21.33209784184472]], [[-100.87414197501855, 21.33209784184472], [-100.87410349875726, 21.332100161685574]], [[-100.87410597474376, 21.332136211426242], [-100.87410349875726, 21.332100161685574]], [[-100.87410349875726, 21.332100161685574], [-100.87406502249402, 21.33210248151769]], [[-100.87406749847126, 21.332138531259606], [-100.87406502249402, 21.33210248151769]], [[-100.87406502249402, 21.33210248151769], [-100.87402654622883, 21.332104801341085]], [[-100.8740290221968, 21.332140851084247], [-100.87402654622883, 21.332104801341085]], [[-100.87402654622883, 21.332104801341085], [-100.87398806996171, 21.33210712115575]], [[-100.87399054592039, 21.33214317090016], [-100.87398806996171, 21.33210712115575]], [[-100.87398806996171, 21.33210712115575], [-100.87394959369263, 21.332109440961695]], [[-100.87395206964204, 21.332145490707347], [-100.87394959369263, 21.332109440961695]], [[-100.87394959369263, 21.332109440961695], [-100.87391111742161, 21.332111760758913]], [[-100.87391359336175, 21.332147810505813], [-100.87391111742161, 21.332111760758913]], [[-100.87391111742161, 21.332111760758913], [-100.87387264114865, 21.332114080547402]], [[-100.87387511707952, 21.332150130295545], [-100.87387264114865, 21.332114080547402]], [[-100.87387264114865, 21.332114080547402], [-100.87383416487374, 21.332116400327163]], [[-100.87383664079533, 21.332152450076553], [-100.87383416487374, 21.332116400327163]], [[-100.87383664079533, 21.332152450076553], [-100.87379816450921, 21.332154769848838]], [[-100.87383416487374, 21.332116400327163], [-100.87379568859689, 21.3321187200982]], [[-100.87379816450921, 21.332154769848838], [-100.87379568859689, 21.3321187200982]], [[-100.87618121408242, 21.331974877792337], [-100.87617873759706, 21.331938828118716]], [[-100.87617873759706, 21.331938828118716], [-100.87614026144817, 21.331941148420814]], [[-100.87614273792427, 21.33197719809568], [-100.87614026144817, 21.331941148420814]], [[-100.87614026144817, 21.331941148420814], [-100.87610178529737, 21.331943468714183]], [[-100.87610426176418, 21.331979518390302], [-100.87610178529737, 21.331943468714183]], [[-100.87610178529737, 21.331943468714183], [-100.87606330914458, 21.33194578899883]], [[-100.87606578560214, 21.331981838676196], [-100.87606330914458, 21.33194578899883]], [[-100.87606330914458, 21.33194578899883], [-100.87602483298987, 21.331948109274748]], [[-100.87602730943814, 21.33198415895336], [-100.87602483298987, 21.331948109274748]], [[-100.87602483298987, 21.331948109274748], [-100.8759863568332, 21.331950429541937]], [[-100.8759888332722, 21.331986479221797], [-100.8759863568332, 21.331950429541937]], [[-100.8759863568332, 21.331950429541937], [-100.8759478806746, 21.331952749800404]], [[-100.87595035710432, 21.33198879948151], [-100.8759478806746, 21.331952749800404]], [[-100.8759478806746, 21.331952749800404], [-100.87590940451405, 21.33195507005015]], [[-100.8759118809345, 21.3319911197325], [-100.87590940451405, 21.33195507005015]], [[-100.87590940451405, 21.33195507005015], [-100.87587092835153, 21.331957390291162]], [[-100.87587340476271, 21.331993439974763], [-100.87587092835153, 21.331957390291162]], [[-100.87587092835153, 21.331957390291162], [-100.8758324521871, 21.33195971052345]], [[-100.875834928589, 21.331995760208294], [-100.8758324521871, 21.33195971052345]], [[-100.8758324521871, 21.33195971052345], [-100.8757939760207, 21.331962030747015]], [[-100.87579645241334, 21.331998080433102], [-100.8757939760207, 21.331962030747015]], [[-100.8757939760207, 21.331962030747015], [-100.87575549985236, 21.331964350961847]], [[-100.87575797623572, 21.332000400649182], [-100.87575549985236, 21.331964350961847]], [[-100.87575549985236, 21.331964350961847], [-100.87571702368207, 21.33196667116795]], [[-100.87571950005615, 21.33200272085654], [-100.87571702368207, 21.33196667116795]], [[-100.87571702368207, 21.33196667116795], [-100.87567854750984, 21.33196899136533]], [[-100.87568102387465, 21.332005041055172], [-100.87567854750984, 21.33196899136533]], [[-100.87567854750984, 21.33196899136533], [-100.87564007133565, 21.33197131155399]], [[-100.87564254769119, 21.33200736124508], [-100.87564007133565, 21.33197131155399]], [[-100.87564007133565, 21.33197131155399], [-100.87560159515954, 21.331973631733923]], [[-100.87560407150579, 21.332009681426246], [-100.87560159515954, 21.331973631733923]], [[-100.87560159515954, 21.331973631733923], [-100.87556311898146, 21.33197595190512]], [[-100.87556559531845, 21.332012001598695], [-100.87556311898146, 21.33197595190512]], [[-100.87556311898146, 21.33197595190512], [-100.87552464280145, 21.33197827206761]], [[-100.87552711912916, 21.33201432176242], [-100.87552464280145, 21.33197827206761]], [[-100.87552464280145, 21.33197827206761], [-100.87548616661948, 21.33198059222135]], [[-100.87548864293791, 21.332016641917413], [-100.87548616661948, 21.33198059222135]], [[-100.87548616661948, 21.33198059222135], [-100.87544769043556, 21.33198291236638]], [[-100.87545016674473, 21.332018962063692], [-100.87544769043556, 21.33198291236638]], [[-100.87544769043556, 21.33198291236638], [-100.8754092142497, 21.331985232502678]], [[-100.8754116905496, 21.332021282201236], [-100.8754092142497, 21.331985232502678]], [[-100.8754092142497, 21.331985232502678], [-100.8753707380619, 21.331987552630245]], [[-100.87537321435252, 21.332023602330057], [-100.8753707380619, 21.331987552630245]], [[-100.8753707380619, 21.331987552630245], [-100.87533226187216, 21.331989872749094]], [[-100.8753347381535, 21.332025922450146], [-100.87533226187216, 21.331989872749094]], [[-100.87533226187216, 21.331989872749094], [-100.87529378568047, 21.33199219285921]], [[-100.87529626195253, 21.332028242561513], [-100.87529378568047, 21.33199219285921]], [[-100.87529378568047, 21.33199219285921], [-100.87525530948682, 21.331994512960602]], [[-100.87525778574961, 21.332030562664155], [-100.87525530948682, 21.331994512960602]], [[-100.87525530948682, 21.331994512960602], [-100.87521683329123, 21.33199683305327]], [[-100.87521930954475, 21.332032882758067], [-100.87521683329123, 21.33199683305327]], [[-100.87521683329123, 21.33199683305327], [-100.87517835709369, 21.331999153137218]], [[-100.87518083333795, 21.332035202843247], [-100.87517835709369, 21.331999153137218]], [[-100.87517835709369, 21.331999153137218], [-100.87513988089421, 21.33200147321243]], [[-100.87514235712918, 21.332037522919713], [-100.87513988089421, 21.33200147321243]], [[-100.87513988089421, 21.33200147321243], [-100.87510140469278, 21.332003793278908]], [[-100.87510388091849, 21.332039842987452], [-100.87510140469278, 21.332003793278908]], [[-100.87510140469278, 21.332003793278908], [-100.87506292848941, 21.332006113336675]], [[-100.87506540470584, 21.33204216304646], [-100.87506292848941, 21.332006113336675]], [[-100.87506292848941, 21.332006113336675], [-100.8750244522841, 21.33200843338571]], [[-100.87502692849125, 21.33204448309674], [-100.8750244522841, 21.33200843338571]], [[-100.8750244522841, 21.33200843338571], [-100.87498597607683, 21.33201075342602]], [[-100.87498845227469, 21.332046803138294], [-100.87498597607683, 21.33201075342602]], [[-100.87498597607683, 21.33201075342602], [-100.87494749986762, 21.3320130734576]], [[-100.87494997605621, 21.332049123171117], [-100.87494749986762, 21.3320130734576]], [[-100.87494749986762, 21.3320130734576], [-100.87490902365646, 21.332015393480457]], [[-100.87491149983579, 21.332051443195223], [-100.87490902365646, 21.332015393480457]], [[-100.87490902365646, 21.332015393480457], [-100.87487054744336, 21.332017713494583]], [[-100.8748730236134, 21.332053763210595], [-100.87487054744336, 21.332017713494583]], [[-100.87487054744336, 21.332017713494583], [-100.87483207122831, 21.33202003349999]], [[-100.87483454738909, 21.33205608321725], [-100.87483207122831, 21.33202003349999]], [[-100.87483207122831, 21.33202003349999], [-100.87479359501131, 21.332022353496665]], [[-100.87479607116282, 21.33205840321517], [-100.87479359501131, 21.332022353496665]], [[-100.87479359501131, 21.332022353496665], [-100.87475511879238, 21.33202467348462]], [[-100.87475759493461, 21.33206072320437], [-100.87475511879238, 21.33202467348462]], [[-100.87475511879238, 21.33202467348462], [-100.87471664257149, 21.332026993463842]], [[-100.87471911870443, 21.332063043184835], [-100.87471664257149, 21.332026993463842]], [[-100.87471664257149, 21.332026993463842], [-100.87467816634866, 21.33202931343434]], [[-100.87468064247234, 21.332065363156588], [-100.87467816634866, 21.33202931343434]], [[-100.87467816634866, 21.33202931343434], [-100.87463969012387, 21.332031633396106]], [[-100.87464216623829, 21.3320676831196], [-100.87463969012387, 21.332031633396106]], [[-100.87463969012387, 21.332031633396106], [-100.87460121389717, 21.332033953349153]], [[-100.87460369000229, 21.332070003073895], [-100.87460121389717, 21.332033953349153]], [[-100.87460121389717, 21.332033953349153], [-100.87456273766848, 21.332036273293475]], [[-100.87456521376436, 21.332072323019453], [-100.87456273766848, 21.332036273293475]], [[-100.87456273766848, 21.332036273293475], [-100.87452426143787, 21.332038593229065]], [[-100.87452673752445, 21.332074642956297], [-100.87452426143787, 21.332038593229065]], [[-100.87452426143787, 21.332038593229065], [-100.87448578520531, 21.33204091315593]], [[-100.87448826128261, 21.33207696288441], [-100.87448578520531, 21.33204091315593]], [[-100.87448578520531, 21.33204091315593], [-100.8744473089708, 21.332043233074064]], [[-100.87444978503883, 21.332079282803793], [-100.8744473089708, 21.332043233074064]], [[-100.8744473089708, 21.332043233074064], [-100.87440883273435, 21.332045552983477]], [[-100.87441130879311, 21.332081602714453], [-100.87440883273435, 21.332045552983477]], [[-100.87440883273435, 21.332045552983477], [-100.87437035649596, 21.332047872884164]], [[-100.87437283254543, 21.332083922616377], [-100.87437035649596, 21.332047872884164]], [[-100.87437035649596, 21.332047872884164], [-100.87433188025561, 21.332050192776123]], [[-100.87433435629582, 21.332086242509586], [-100.87433188025561, 21.332050192776123]], [[-100.87433188025561, 21.332050192776123], [-100.87429340401332, 21.332052512659356]], [[-100.87429588004426, 21.332088562394066], [-100.87429340401332, 21.332052512659356]], [[-100.87429340401332, 21.332052512659356], [-100.87425492776909, 21.332054832533863]], [[-100.87425740379075, 21.33209088226982], [-100.87425492776909, 21.332054832533863]], [[-100.87425492776909, 21.332054832533863], [-100.87421645152291, 21.332057152399646]], [[-100.8742189275353, 21.332093202136843], [-100.87421645152291, 21.332057152399646]], [[-100.87421645152291, 21.332057152399646], [-100.87417797527478, 21.3320594722567]], [[-100.8741804512779, 21.33209552199515], [-100.87417797527478, 21.3320594722567]], [[-100.87417797527478, 21.3320594722567], [-100.87413949902471, 21.33206179210503]], [[-100.87414197501855, 21.33209784184472], [-100.87413949902471, 21.33206179210503]], [[-100.87413949902471, 21.33206179210503], [-100.87410102277269, 21.332064111944632]], [[-100.87410349875726, 21.332100161685574], [-100.87410102277269, 21.332064111944632]], [[-100.87410102277269, 21.332064111944632], [-100.87406254651872, 21.3320664317755]], [[-100.87406502249402, 21.33210248151769], [-100.87406254651872, 21.3320664317755]], [[-100.87406254651872, 21.3320664317755], [-100.8740240702628, 21.332068751597653]], [[-100.87402654622883, 21.332104801341085], [-100.8740240702628, 21.332068751597653]], [[-100.8740240702628, 21.332068751597653], [-100.87398559400496, 21.33207107141107]], [[-100.87398806996171, 21.33210712115575], [-100.87398559400496, 21.33207107141107]], [[-100.87398559400496, 21.33207107141107], [-100.87394711774516, 21.33207339121577]], [[-100.87394959369263, 21.332109440961695], [-100.87394711774516, 21.33207339121577]], [[-100.87394711774516, 21.33207339121577], [-100.87390864148342, 21.33207571101174]], [[-100.87391111742161, 21.332111760758913], [-100.87390864148342, 21.33207571101174]], [[-100.87390864148342, 21.33207571101174], [-100.87387016521973, 21.33207803079898]], [[-100.87387264114865, 21.332114080547402], [-100.87387016521973, 21.33207803079898]], [[-100.87387016521973, 21.33207803079898], [-100.87383168895408, 21.332080350577495]], [[-100.87383416487374, 21.332116400327163], [-100.87383168895408, 21.332080350577495]], [[-100.87383168895408, 21.332080350577495], [-100.87379321268651, 21.33208267034729]], [[-100.87379568859689, 21.3321187200982], [-100.87379321268651, 21.33208267034729]], [[-100.87379568859689, 21.3321187200982], [-100.87375721231808, 21.332121039860507]], [[-100.87379321268651, 21.33208267034729], [-100.87375473641697, 21.33208499010835]], [[-100.87375721231808, 21.332121039860507], [-100.87375473641697, 21.33208499010835]], [[-100.87621721374397, 21.33193650780789], [-100.87617873759706, 21.331938828118716]], [[-100.87621721374397, 21.33193650780789], [-100.87621473725127, 21.331900458135244]], [[-100.87621473725127, 21.331900458135244], [-100.87617626111363, 21.331902778444817]], [[-100.87617873759706, 21.331938828118716], [-100.87617626111363, 21.331902778444817]], [[-100.87617626111363, 21.331902778444817], [-100.87613778497402, 21.33190509874567]], [[-100.87614026144817, 21.331941148420814], [-100.87613778497402, 21.33190509874567]], [[-100.87613778497402, 21.33190509874567], [-100.87609930883248, 21.331907419037794]], [[-100.87610178529737, 21.331943468714183], [-100.87609930883248, 21.331907419037794]], [[-100.87609930883248, 21.331907419037794], [-100.87606083268899, 21.331909739321194]], [[-100.87606330914458, 21.33194578899883], [-100.87606083268899, 21.331909739321194]], [[-100.87606083268899, 21.331909739321194], [-100.87602235654354, 21.331912059595865]], [[-100.87602483298987, 21.331948109274748], [-100.87602235654354, 21.331912059595865]], [[-100.87602235654354, 21.331912059595865], [-100.87598388039615, 21.33191437986181]], [[-100.8759863568332, 21.331950429541937], [-100.87598388039615, 21.33191437986181]], [[-100.87598388039615, 21.33191437986181], [-100.87594540424682, 21.33191670011903]], [[-100.8759478806746, 21.331952749800404], [-100.87594540424682, 21.33191670011903]], [[-100.87594540424682, 21.33191670011903], [-100.87590692809555, 21.331919020367526]], [[-100.87590940451405, 21.33195507005015], [-100.87590692809555, 21.331919020367526]], [[-100.87590692809555, 21.331919020367526], [-100.87586845194231, 21.33192134060729]], [[-100.87587092835153, 21.331957390291162], [-100.87586845194231, 21.33192134060729]], [[-100.87586845194231, 21.33192134060729], [-100.87582997578713, 21.331923660838324]], [[-100.8758324521871, 21.33195971052345], [-100.87582997578713, 21.331923660838324]], [[-100.87582997578713, 21.331923660838324], [-100.87579149963001, 21.331925981060646]], [[-100.8757939760207, 21.331962030747015], [-100.87579149963001, 21.331925981060646]], [[-100.87579149963001, 21.331925981060646], [-100.87575302347095, 21.331928301274235]], [[-100.87575549985236, 21.331964350961847], [-100.87575302347095, 21.331928301274235]], [[-100.87575302347095, 21.331928301274235], [-100.87571454730994, 21.331930621479096]], [[-100.87571702368207, 21.33196667116795], [-100.87571454730994, 21.331930621479096]], [[-100.87571454730994, 21.331930621479096], [-100.87567607114697, 21.331932941675234]], [[-100.87567854750984, 21.33196899136533], [-100.87567607114697, 21.331932941675234]], [[-100.87567607114697, 21.331932941675234], [-100.87563759498208, 21.331935261862643]], [[-100.87564007133565, 21.33197131155399], [-100.87563759498208, 21.331935261862643]], [[-100.87563759498208, 21.331935261862643], [-100.87559911881522, 21.331937582041324]], [[-100.87560159515954, 21.331973631733923], [-100.87559911881522, 21.331937582041324]], [[-100.87559911881522, 21.331937582041324], [-100.87556064264643, 21.331939902211285]], [[-100.87556311898146, 21.33197595190512], [-100.87556064264643, 21.331939902211285]], [[-100.87556064264643, 21.331939902211285], [-100.87552216647568, 21.33194222237251]], [[-100.87552464280145, 21.33197827206761], [-100.87552216647568, 21.33194222237251]], [[-100.87552216647568, 21.33194222237251], [-100.87548369030299, 21.331944542525015]], [[-100.87548616661948, 21.33198059222135], [-100.87548369030299, 21.331944542525015]], [[-100.87548369030299, 21.331944542525015], [-100.87544521412835, 21.331946862668794]], [[-100.87544769043556, 21.33198291236638], [-100.87544521412835, 21.331946862668794]], [[-100.87544521412835, 21.331946862668794], [-100.87540673795176, 21.33194918280385]], [[-100.8754092142497, 21.331985232502678], [-100.87540673795176, 21.33194918280385]], [[-100.87540673795176, 21.33194918280385], [-100.87536826177325, 21.331951502930167]], [[-100.8753707380619, 21.331987552630245], [-100.87536826177325, 21.331951502930167]], [[-100.87536826177325, 21.331951502930167], [-100.87532978559275, 21.331953823047765]], [[-100.87533226187216, 21.331989872749094], [-100.87532978559275, 21.331953823047765]], [[-100.87532978559275, 21.331953823047765], [-100.87529130941034, 21.331956143156642]], [[-100.87529378568047, 21.33199219285921], [-100.87529130941034, 21.331956143156642]], [[-100.87529130941034, 21.331956143156642], [-100.87525283322597, 21.331958463256793]], [[-100.87525530948682, 21.331994512960602], [-100.87525283322597, 21.331958463256793]], [[-100.87525283322597, 21.331958463256793], [-100.87521435703965, 21.331960783348205]], [[-100.87521683329123, 21.33199683305327], [-100.87521435703965, 21.331960783348205]], [[-100.87521435703965, 21.331960783348205], [-100.87517588085139, 21.331963103430898]], [[-100.87517835709369, 21.331999153137218], [-100.87517588085139, 21.331963103430898]], [[-100.87517588085139, 21.331963103430898], [-100.87513740466119, 21.331965423504872]], [[-100.87513988089421, 21.33200147321243], [-100.87513740466119, 21.331965423504872]], [[-100.87513740466119, 21.331965423504872], [-100.87509892846904, 21.331967743570104]], [[-100.87510140469278, 21.332003793278908], [-100.87509892846904, 21.331967743570104]], [[-100.87509892846904, 21.331967743570104], [-100.87506045227494, 21.33197006362662]], [[-100.87506292848941, 21.332006113336675], [-100.87506045227494, 21.33197006362662]], [[-100.87506045227494, 21.33197006362662], [-100.8750219760789, 21.331972383674408]], [[-100.8750244522841, 21.33200843338571], [-100.8750219760789, 21.331972383674408]], [[-100.8750219760789, 21.331972383674408], [-100.8749834998809, 21.331974703713474]], [[-100.87498597607683, 21.33201075342602], [-100.8749834998809, 21.331974703713474]], [[-100.8749834998809, 21.331974703713474], [-100.87494502368097, 21.33197702374381]], [[-100.87494749986762, 21.3320130734576], [-100.87494502368097, 21.33197702374381]], [[-100.87494502368097, 21.33197702374381], [-100.87490654747909, 21.33197934376542]], [[-100.87490902365646, 21.332015393480457], [-100.87490654747909, 21.33197934376542]], [[-100.87490654747909, 21.33197934376542], [-100.87486807127524, 21.3319816637783]], [[-100.87487054744336, 21.332017713494583], [-100.87486807127524, 21.3319816637783]], [[-100.87486807127524, 21.3319816637783], [-100.87482959506947, 21.331983983782457]], [[-100.87483207122831, 21.33202003349999], [-100.87482959506947, 21.331983983782457]], [[-100.87482959506947, 21.331983983782457], [-100.87479111886175, 21.331986303777892]], [[-100.87479359501131, 21.332022353496665], [-100.87479111886175, 21.331986303777892]], [[-100.87479111886175, 21.331986303777892], [-100.87475264265208, 21.331988623764595]], [[-100.87475511879238, 21.33202467348462], [-100.87475264265208, 21.331988623764595]], [[-100.87475264265208, 21.331988623764595], [-100.87471416644048, 21.331990943742568]], [[-100.87471664257149, 21.332026993463842], [-100.87471416644048, 21.331990943742568]], [[-100.87471416644048, 21.331990943742568], [-100.87467569022692, 21.33199326371182]], [[-100.87467816634866, 21.33202931343434], [-100.87467569022692, 21.33199326371182]], [[-100.87467569022692, 21.33199326371182], [-100.87463721401141, 21.33199558367234]], [[-100.87463969012387, 21.332031633396106], [-100.87463721401141, 21.33199558367234]], [[-100.87463721401141, 21.33199558367234], [-100.87459873779397, 21.33199790362415]], [[-100.87460121389717, 21.332033953349153], [-100.87459873779397, 21.33199790362415]], [[-100.87459873779397, 21.33199790362415], [-100.87456026157457, 21.332000223567213]], [[-100.87456273766848, 21.332036273293475], [-100.87456026157457, 21.332000223567213]], [[-100.87456026157457, 21.332000223567213], [-100.87452178535324, 21.332002543501556]], [[-100.87452426143787, 21.332038593229065], [-100.87452178535324, 21.332002543501556]], [[-100.87452178535324, 21.332002543501556], [-100.87448330912994, 21.332004863427176]], [[-100.87448578520531, 21.33204091315593], [-100.87448330912994, 21.332004863427176]], [[-100.87448330912994, 21.332004863427176], [-100.87444483290471, 21.33200718334407]], [[-100.8744473089708, 21.332043233074064], [-100.87444483290471, 21.33200718334407]], [[-100.87444483290471, 21.33200718334407], [-100.87440635667753, 21.332009503252234]], [[-100.87440883273435, 21.332045552983477], [-100.87440635667753, 21.332009503252234]], [[-100.87440635667753, 21.332009503252234], [-100.87436788044842, 21.33201182315168]], [[-100.87437035649596, 21.332047872884164], [-100.87436788044842, 21.33201182315168]], [[-100.87436788044842, 21.33201182315168], [-100.87432940421735, 21.332014143042393]], [[-100.87433188025561, 21.332050192776123], [-100.87432940421735, 21.332014143042393]], [[-100.87432940421735, 21.332014143042393], [-100.87429092798432, 21.33201646292438]], [[-100.87429340401332, 21.332052512659356], [-100.87429092798432, 21.33201646292438]], [[-100.87429092798432, 21.33201646292438], [-100.87425245174936, 21.33201878279764]], [[-100.87425492776909, 21.332054832533863], [-100.87425245174936, 21.33201878279764]], [[-100.87425245174936, 21.33201878279764], [-100.87421397551246, 21.332021102662175]], [[-100.87421645152291, 21.332057152399646], [-100.87421397551246, 21.332021102662175]], [[-100.87421397551246, 21.332021102662175], [-100.8741754992736, 21.33202342251798]], [[-100.87417797527478, 21.3320594722567], [-100.8741754992736, 21.33202342251798]], [[-100.8741754992736, 21.33202342251798], [-100.8741370230328, 21.33202574236506]], [[-100.87413949902471, 21.33206179210503], [-100.8741370230328, 21.33202574236506]], [[-100.8741370230328, 21.33202574236506], [-100.87409854679007, 21.332028062203417]], [[-100.87410102277269, 21.332064111944632], [-100.87409854679007, 21.332028062203417]], [[-100.87409854679007, 21.332028062203417], [-100.87406007054537, 21.332030382033054]], [[-100.87406254651872, 21.3320664317755], [-100.87406007054537, 21.332030382033054]], [[-100.87406007054537, 21.332030382033054], [-100.87402159429874, 21.33203270185395]], [[-100.8740240702628, 21.332068751597653], [-100.87402159429874, 21.33203270185395]], [[-100.87402159429874, 21.33203270185395], [-100.87398311805016, 21.332035021666123]], [[-100.87398559400496, 21.33207107141107], [-100.87398311805016, 21.332035021666123]], [[-100.87398311805016, 21.332035021666123], [-100.87394464179964, 21.332037341469572]], [[-100.87394711774516, 21.33207339121577], [-100.87394464179964, 21.332037341469572]], [[-100.87394464179964, 21.332037341469572], [-100.87390616554717, 21.332039661264293]], [[-100.87390864148342, 21.33207571101174], [-100.87390616554717, 21.332039661264293]], [[-100.87390616554717, 21.332039661264293], [-100.87386768929275, 21.33204198105029]], [[-100.87387016521973, 21.33207803079898], [-100.87386768929275, 21.33204198105029]], [[-100.87386768929275, 21.33204198105029], [-100.87382921303639, 21.33204430082756]], [[-100.87383168895408, 21.332080350577495], [-100.87382921303639, 21.33204430082756]], [[-100.87382921303639, 21.33204430082756], [-100.87379073677809, 21.332046620596113]], [[-100.87379321268651, 21.33208267034729], [-100.87379073677809, 21.332046620596113]], [[-100.87379073677809, 21.332046620596113], [-100.87375226051782, 21.33204894035592]], [[-100.87375473641697, 21.33208499010835], [-100.87375226051782, 21.33204894035592]], [[-100.87375473641697, 21.33208499010835], [-100.8737162601455, 21.332087309860686]], [[-100.87375226051782, 21.33204894035592], [-100.87371378425563, 21.332051260107015]], [[-100.8737162601455, 21.332087309860686], [-100.87371378425563, 21.332051260107015]], [[-100.87621473725127, 21.331900458135244], [-100.87621226076052, 21.331864408462327]], [[-100.87621226076052, 21.331864408462327], [-100.87617378463216, 21.331866728770656]], [[-100.87617626111363, 21.331902778444817], [-100.87617378463216, 21.331866728770656]], [[-100.87617378463216, 21.331866728770656], [-100.87613530850183, 21.33186904907026]], [[-100.87613778497402, 21.33190509874567], [-100.87613530850183, 21.33186904907026]], [[-100.87613530850183, 21.33186904907026], [-100.87609683236956, 21.331871369361135]], [[-100.87609930883248, 21.331907419037794], [-100.87609683236956, 21.331871369361135]], [[-100.87609683236956, 21.331871369361135], [-100.87605835623532, 21.33187368964329]], [[-100.87606083268899, 21.331909739321194], [-100.87605835623532, 21.33187368964329]], [[-100.87605835623532, 21.33187368964329], [-100.87601988009915, 21.331876009916716]], [[-100.87602235654354, 21.331912059595865], [-100.87601988009915, 21.331876009916716]], [[-100.87601988009915, 21.331876009916716], [-100.87598140396105, 21.33187833018141]], [[-100.87598388039615, 21.33191437986181], [-100.87598140396105, 21.33187833018141]], [[-100.87598140396105, 21.33187833018141], [-100.87594292782099, 21.331880650437384]], [[-100.87594540424682, 21.33191670011903], [-100.87594292782099, 21.331880650437384]], [[-100.87594292782099, 21.331880650437384], [-100.87590445167898, 21.331882970684628]], [[-100.87590692809555, 21.331919020367526], [-100.87590445167898, 21.331882970684628]], [[-100.87590445167898, 21.331882970684628], [-100.87586597553502, 21.331885290923154]], [[-100.87586845194231, 21.33192134060729], [-100.87586597553502, 21.331885290923154]], [[-100.87586597553502, 21.331885290923154], [-100.87582749938913, 21.33188761115294]], [[-100.87582997578713, 21.331923660838324], [-100.87582749938913, 21.33188761115294]], [[-100.87582749938913, 21.33188761115294], [-100.87578902324128, 21.33188993137401]], [[-100.87579149963001, 21.331925981060646], [-100.87578902324128, 21.33188993137401]], [[-100.87578902324128, 21.33188993137401], [-100.87575054709149, 21.33189225158635]], [[-100.87575302347095, 21.331928301274235], [-100.87575054709149, 21.33189225158635]], [[-100.87575054709149, 21.33189225158635], [-100.87571207093974, 21.331894571789963]], [[-100.87571454730994, 21.331930621479096], [-100.87571207093974, 21.331894571789963]], [[-100.87571207093974, 21.331894571789963], [-100.87567359478606, 21.33189689198485]], [[-100.87567607114697, 21.331932941675234], [-100.87567359478606, 21.33189689198485]], [[-100.87567359478606, 21.33189689198485], [-100.87563511863043, 21.331899212171017]], [[-100.87563759498208, 21.331935261862643], [-100.87563511863043, 21.331899212171017]], [[-100.87563511863043, 21.331899212171017], [-100.87559664247284, 21.331901532348454]], [[-100.87559911881522, 21.331937582041324], [-100.87559664247284, 21.331901532348454]], [[-100.87559664247284, 21.331901532348454], [-100.87555816631333, 21.33190385251717]], [[-100.87556064264643, 21.331939902211285], [-100.87555816631333, 21.33190385251717]], [[-100.87555816631333, 21.33190385251717], [-100.87551969015186, 21.331906172677147]], [[-100.87552216647568, 21.33194222237251], [-100.87551969015186, 21.331906172677147]], [[-100.87551969015186, 21.331906172677147], [-100.87548121398844, 21.331908492828408]], [[-100.87548369030299, 21.331944542525015], [-100.87548121398844, 21.331908492828408]], [[-100.87548121398844, 21.331908492828408], [-100.87544273782308, 21.331910812970936]], [[-100.87544521412835, 21.331946862668794], [-100.87544273782308, 21.331910812970936]], [[-100.87544273782308, 21.331910812970936], [-100.87540426165576, 21.331913133104745]], [[-100.87540673795176, 21.33194918280385], [-100.87540426165576, 21.331913133104745]], [[-100.87540426165576, 21.331913133104745], [-100.87536578548652, 21.33191545322982]], [[-100.87536826177325, 21.331951502930167], [-100.87536578548652, 21.33191545322982]], [[-100.87536578548652, 21.33191545322982], [-100.87532730931531, 21.331917773346166]], [[-100.87532978559275, 21.331953823047765], [-100.87532730931531, 21.331917773346166]], [[-100.87532730931531, 21.331917773346166], [-100.87528883314216, 21.3319200934538]], [[-100.87529130941034, 21.331956143156642], [-100.87528883314216, 21.3319200934538]], [[-100.87528883314216, 21.3319200934538], [-100.87525035696707, 21.331922413552693]], [[-100.87525283322597, 21.331958463256793], [-100.87525035696707, 21.331922413552693]], [[-100.87525035696707, 21.331922413552693], [-100.87521188079003, 21.331924733642868]], [[-100.87521435703965, 21.331960783348205], [-100.87521188079003, 21.331924733642868]], [[-100.87521188079003, 21.331924733642868], [-100.87517340461103, 21.33192705372431]], [[-100.87517588085139, 21.331963103430898], [-100.87517340461103, 21.33192705372431]], [[-100.87517340461103, 21.33192705372431], [-100.87513492843011, 21.331929373797035]], [[-100.87513740466119, 21.331965423504872], [-100.87513492843011, 21.331929373797035]], [[-100.87513492843011, 21.331929373797035], [-100.87509645224722, 21.33193169386103]], [[-100.87509892846904, 21.331967743570104], [-100.87509645224722, 21.33193169386103]], [[-100.87509645224722, 21.33193169386103], [-100.87505797606241, 21.3319340139163]], [[-100.87506045227494, 21.33197006362662], [-100.87505797606241, 21.3319340139163]], [[-100.87505797606241, 21.3319340139163], [-100.87501949987563, 21.33193633396284]], [[-100.8750219760789, 21.331972383674408], [-100.87501949987563, 21.33193633396284]], [[-100.87501949987563, 21.33193633396284], [-100.87498102368693, 21.331938654000655]], [[-100.8749834998809, 21.331974703713474], [-100.87498102368693, 21.331938654000655]], [[-100.87498102368693, 21.331938654000655], [-100.87494254749625, 21.331940974029745]], [[-100.87494502368097, 21.33197702374381], [-100.87494254749625, 21.331940974029745]], [[-100.87494254749625, 21.331940974029745], [-100.87490407130365, 21.33194329405011]], [[-100.87490654747909, 21.33197934376542], [-100.87490407130365, 21.33194329405011]], [[-100.87490407130365, 21.33194329405011], [-100.8748655951091, 21.33194561406175]], [[-100.87486807127524, 21.3319816637783], [-100.8748655951091, 21.33194561406175]], [[-100.8748655951091, 21.33194561406175], [-100.87482711891259, 21.331947934064655]], [[-100.87482959506947, 21.331983983782457], [-100.87482711891259, 21.331947934064655]], [[-100.87482711891259, 21.331947934064655], [-100.87478864271415, 21.33195025405884]], [[-100.87479111886175, 21.331986303777892], [-100.87478864271415, 21.33195025405884]], [[-100.87478864271415, 21.33195025405884], [-100.87475016651375, 21.331952574044294]], [[-100.87475264265208, 21.331988623764595], [-100.87475016651375, 21.331952574044294]], [[-100.87475016651375, 21.331952574044294], [-100.87471169031141, 21.331954894021024]], [[-100.87471416644048, 21.331990943742568], [-100.87471169031141, 21.331954894021024]], [[-100.87471169031141, 21.331954894021024], [-100.87467321410713, 21.33195721398903]], [[-100.87467569022692, 21.33199326371182], [-100.87467321410713, 21.33195721398903]], [[-100.87467321410713, 21.33195721398903], [-100.8746347379009, 21.331959533948304]], [[-100.87463721401141, 21.33199558367234], [-100.8746347379009, 21.331959533948304]], [[-100.8746347379009, 21.331959533948304], [-100.87459626169272, 21.331961853898857]], [[-100.87459873779397, 21.33199790362415], [-100.87459626169272, 21.331961853898857]], [[-100.87459626169272, 21.331961853898857], [-100.87455778548261, 21.331964173840685]], [[-100.87456026157457, 21.332000223567213], [-100.87455778548261, 21.331964173840685]], [[-100.87455778548261, 21.331964173840685], [-100.87451930927054, 21.331966493773784]], [[-100.87452178535324, 21.332002543501556], [-100.87451930927054, 21.331966493773784]], [[-100.87451930927054, 21.331966493773784], [-100.87448083305654, 21.331968813698158]], [[-100.87448330912994, 21.332004863427176], [-100.87448083305654, 21.331968813698158]], [[-100.87448083305654, 21.331968813698158], [-100.87444235684058, 21.331971133613806]], [[-100.87444483290471, 21.33200718334407], [-100.87444235684058, 21.331971133613806]], [[-100.87444235684058, 21.331971133613806], [-100.87440388062267, 21.331973453520728]], [[-100.87440635667753, 21.332009503252234], [-100.87440388062267, 21.331973453520728]], [[-100.87440388062267, 21.331973453520728], [-100.87436540440281, 21.33197577341892]], [[-100.87436788044842, 21.33201182315168], [-100.87436540440281, 21.33197577341892]], [[-100.87436540440281, 21.33197577341892], [-100.87432692818102, 21.331978093308383]], [[-100.87432940421735, 21.332014143042393], [-100.87432692818102, 21.331978093308383]], [[-100.87432692818102, 21.331978093308383], [-100.87428845195727, 21.331980413189125]], [[-100.87429092798432, 21.33201646292438], [-100.87428845195727, 21.331980413189125]], [[-100.87428845195727, 21.331980413189125], [-100.87424997573159, 21.331982733061142]], [[-100.87425245174936, 21.33201878279764], [-100.87424997573159, 21.331982733061142]], [[-100.87424997573159, 21.331982733061142], [-100.87421149950396, 21.331985052924434]], [[-100.87421397551246, 21.332021102662175], [-100.87421149950396, 21.331985052924434]], [[-100.87421149950396, 21.331985052924434], [-100.87417302327438, 21.33198737277899]], [[-100.8741754992736, 21.33202342251798], [-100.87417302327438, 21.33198737277899]], [[-100.87417302327438, 21.33198737277899], [-100.87413454704286, 21.331989692624827]], [[-100.8741370230328, 21.33202574236506], [-100.87413454704286, 21.331989692624827]], [[-100.87413454704286, 21.331989692624827], [-100.87409607080939, 21.331992012461928]], [[-100.87409854679007, 21.332028062203417], [-100.87409607080939, 21.331992012461928]], [[-100.87409607080939, 21.331992012461928], [-100.87405759457397, 21.33199433229031]], [[-100.87406007054537, 21.332030382033054], [-100.87405759457397, 21.33199433229031]], [[-100.87405759457397, 21.33199433229031], [-100.8740191183366, 21.331996652109968]], [[-100.87402159429874, 21.33203270185395], [-100.8740191183366, 21.331996652109968]], [[-100.8740191183366, 21.331996652109968], [-100.87398064209731, 21.3319989719209]], [[-100.87398311805016, 21.332035021666123], [-100.87398064209731, 21.3319989719209]], [[-100.87398064209731, 21.3319989719209], [-100.87394216585605, 21.332001291723106]], [[-100.87394464179964, 21.332037341469572], [-100.87394216585605, 21.332001291723106]], [[-100.87394216585605, 21.332001291723106], [-100.87390368961286, 21.33200361151658]], [[-100.87390616554717, 21.332039661264293], [-100.87390368961286, 21.33200361151658]], [[-100.87390368961286, 21.33200361151658], [-100.87386521336772, 21.332005931301335]], [[-100.87386768929275, 21.33204198105029], [-100.87386521336772, 21.332005931301335]], [[-100.87386521336772, 21.332005931301335], [-100.87382673712064, 21.332008251077355]], [[-100.87382921303639, 21.33204430082756], [-100.87382673712064, 21.332008251077355]], [[-100.87382673712064, 21.332008251077355], [-100.87378826087159, 21.332010570844652]], [[-100.87379073677809, 21.332046620596113], [-100.87378826087159, 21.332010570844652]], [[-100.87378826087159, 21.332010570844652], [-100.87374978462061, 21.33201289060322]], [[-100.87375226051782, 21.33204894035592], [-100.87374978462061, 21.33201289060322]], [[-100.87374978462061, 21.33201289060322], [-100.87371130836769, 21.332015210353067]], [[-100.87371378425563, 21.332051260107015], [-100.87371130836769, 21.332015210353067]], [[-100.87621226076052, 21.331864408462327], [-100.87620978427172, 21.331828358789135]], [[-100.87620978427172, 21.331828358789135], [-100.87617130815262, 21.33183067909622]], [[-100.87617378463216, 21.331866728770656], [-100.87617130815262, 21.33183067909622]], [[-100.87617130815262, 21.33183067909622], [-100.87613283203157, 21.331832999394578]], [[-100.87613530850183, 21.33186904907026], [-100.87613283203157, 21.331832999394578]], [[-100.87613283203157, 21.331832999394578], [-100.87609435590856, 21.331835319684206]], [[-100.87609683236956, 21.331871369361135], [-100.87609435590856, 21.331835319684206]], [[-100.87609435590856, 21.331835319684206], [-100.87605587978362, 21.331837639965112]], [[-100.87605835623532, 21.33187368964329], [-100.87605587978362, 21.331837639965112]], [[-100.87605587978362, 21.331837639965112], [-100.87601740365672, 21.33183996023728]], [[-100.87601988009915, 21.331876009916716], [-100.87601740365672, 21.33183996023728]], [[-100.87601740365672, 21.33183996023728], [-100.87597892752788, 21.331842280500737]], [[-100.87598140396105, 21.33187833018141], [-100.87597892752788, 21.331842280500737]], [[-100.87597892752788, 21.331842280500737], [-100.8759404513971, 21.331844600755463]], [[-100.87594292782099, 21.331880650437384], [-100.8759404513971, 21.331844600755463]], [[-100.8759404513971, 21.331844600755463], [-100.87590197526437, 21.33184692100146]], [[-100.87590445167898, 21.331882970684628], [-100.87590197526437, 21.33184692100146]], [[-100.87590197526437, 21.33184692100146], [-100.8758634991297, 21.331849241238732]], [[-100.87586597553502, 21.331885290923154], [-100.8758634991297, 21.331849241238732]], [[-100.8758634991297, 21.331849241238732], [-100.87582502299306, 21.331851561467282]], [[-100.87582749938913, 21.33188761115294], [-100.87582502299306, 21.331851561467282]], [[-100.87582502299306, 21.331851561467282], [-100.87578654685448, 21.331853881687106]], [[-100.87578902324128, 21.33188993137401], [-100.87578654685448, 21.331853881687106]], [[-100.87578654685448, 21.331853881687106], [-100.87574807071398, 21.331856201898194]], [[-100.87575054709149, 21.33189225158635], [-100.87574807071398, 21.331856201898194]], [[-100.87574807071398, 21.331856201898194], [-100.8757095945715, 21.331858522100568]], [[-100.87571207093974, 21.331894571789963], [-100.8757095945715, 21.331858522100568]], [[-100.8757095945715, 21.331858522100568], [-100.87567111842709, 21.331860842294205]], [[-100.87567359478606, 21.33189689198485], [-100.87567111842709, 21.331860842294205]], [[-100.87567111842709, 21.331860842294205], [-100.87563264228073, 21.331863162479124]], [[-100.87563511863043, 21.331899212171017], [-100.87563264228073, 21.331863162479124]], [[-100.87563264228073, 21.331863162479124], [-100.87559416613243, 21.33186548265531]], [[-100.87559664247284, 21.331901532348454], [-100.87559416613243, 21.33186548265531]], [[-100.87559416613243, 21.33186548265531], [-100.87555568998218, 21.331867802822778]], [[-100.87555816631333, 21.33190385251717], [-100.87555568998218, 21.331867802822778]], [[-100.87555568998218, 21.331867802822778], [-100.87551721382998, 21.33187012298151]], [[-100.87551969015186, 21.331906172677147], [-100.87551721382998, 21.33187012298151]], [[-100.87551721382998, 21.33187012298151], [-100.87547873767583, 21.331872443131527]], [[-100.87548121398844, 21.331908492828408], [-100.87547873767583, 21.331872443131527]], [[-100.87547873767583, 21.331872443131527], [-100.87544026151976, 21.331874763272808]], [[-100.87544273782308, 21.331910812970936], [-100.87544026151976, 21.331874763272808]], [[-100.87544026151976, 21.331874763272808], [-100.87540178536172, 21.33187708340536]], [[-100.87540426165576, 21.331913133104745], [-100.87540178536172, 21.33187708340536]], [[-100.87540178536172, 21.33187708340536], [-100.87536330920175, 21.331879403529193]], [[-100.87536578548652, 21.33191545322982], [-100.87536330920175, 21.331879403529193]], [[-100.87536330920175, 21.331879403529193], [-100.87532483303981, 21.3318817236443]], [[-100.87532730931531, 21.331917773346166], [-100.87532483303981, 21.3318817236443]], [[-100.87532483303981, 21.3318817236443], [-100.87528635687593, 21.33188404375068]], [[-100.87528883314216, 21.3319200934538], [-100.87528635687593, 21.33188404375068]], [[-100.87528635687593, 21.33188404375068], [-100.87524788071012, 21.331886363848337]], [[-100.87525035696707, 21.331922413552693], [-100.87524788071012, 21.331886363848337]], [[-100.87524788071012, 21.331886363848337], [-100.87520940454235, 21.33188868393726]], [[-100.87521188079003, 21.331924733642868], [-100.87520940454235, 21.33188868393726]], [[-100.87520940454235, 21.33188868393726], [-100.87517092837264, 21.331891004017464]], [[-100.87517340461103, 21.33192705372431], [-100.87517092837264, 21.331891004017464]], [[-100.87517092837264, 21.331891004017464], [-100.87513245220099, 21.331893324088938]], [[-100.87513492843011, 21.331929373797035], [-100.87513245220099, 21.331893324088938]], [[-100.87513245220099, 21.331893324088938], [-100.87509397602737, 21.331895644151682]], [[-100.87509645224722, 21.33193169386103], [-100.87509397602737, 21.331895644151682]], [[-100.87509397602737, 21.331895644151682], [-100.87505549985183, 21.3318979642057]], [[-100.87505797606241, 21.3319340139163], [-100.87505549985183, 21.3318979642057]], [[-100.87505549985183, 21.3318979642057], [-100.87501702367432, 21.331900284251002]], [[-100.87501949987563, 21.33193633396284], [-100.87501702367432, 21.331900284251002]], [[-100.87501702367432, 21.331900284251002], [-100.87497854749488, 21.331902604287563]], [[-100.87498102368693, 21.331938654000655], [-100.87497854749488, 21.331902604287563]], [[-100.87497854749488, 21.331902604287563], [-100.87494007131349, 21.33190492431541]], [[-100.87494254749625, 21.331940974029745], [-100.87494007131349, 21.33190492431541]], [[-100.87494007131349, 21.33190492431541], [-100.87490159513017, 21.331907244334527]], [[-100.87490407130365, 21.33194329405011], [-100.87490159513017, 21.331907244334527]], [[-100.87490159513017, 21.331907244334527], [-100.87486311894489, 21.331909564344922]], [[-100.8748655951091, 21.33194561406175], [-100.87486311894489, 21.331909564344922]], [[-100.87486311894489, 21.331909564344922], [-100.87482464275764, 21.331911884346578]], [[-100.87482711891259, 21.331947934064655], [-100.87482464275764, 21.331911884346578]], [[-100.87482464275764, 21.331911884346578], [-100.87478616656848, 21.331914204339512]], [[-100.87478864271415, 21.33195025405884], [-100.87478616656848, 21.331914204339512]], [[-100.87478616656848, 21.331914204339512], [-100.87474769037736, 21.331916524323727]], [[-100.87475016651375, 21.331952574044294], [-100.87474769037736, 21.331916524323727]], [[-100.87474769037736, 21.331916524323727], [-100.87470921418429, 21.33191884429921]], [[-100.87471169031141, 21.331954894021024], [-100.87470921418429, 21.33191884429921]], [[-100.87470921418429, 21.33191884429921], [-100.87467073798929, 21.331921164265967]], [[-100.87467321410713, 21.33195721398903], [-100.87467073798929, 21.331921164265967]], [[-100.87467073798929, 21.331921164265967], [-100.87463226179234, 21.331923484223996]], [[-100.8746347379009, 21.331959533948304], [-100.87463226179234, 21.331923484223996]], [[-100.87463226179234, 21.331923484223996], [-100.87459378559343, 21.331925804173306]], [[-100.87459626169272, 21.331961853898857], [-100.87459378559343, 21.331925804173306]], [[-100.87459378559343, 21.331925804173306], [-100.87455530939259, 21.331928124113883]], [[-100.87455778548261, 21.331964173840685], [-100.87455530939259, 21.331928124113883]], [[-100.87455530939259, 21.331928124113883], [-100.87451683318979, 21.331930444045742]], [[-100.87451930927054, 21.331966493773784], [-100.87451683318979, 21.331930444045742]], [[-100.87451683318979, 21.331930444045742], [-100.87447835698505, 21.33193276396886]], [[-100.87448083305654, 21.331968813698158], [-100.87447835698505, 21.33193276396886]], [[-100.87447835698505, 21.33193276396886], [-100.87443988077837, 21.331935083883263]], [[-100.87444235684058, 21.331971133613806], [-100.87443988077837, 21.331935083883263]], [[-100.87443988077837, 21.331935083883263], [-100.87440140456974, 21.33193740378894]], [[-100.87440388062267, 21.331973453520728], [-100.87440140456974, 21.33193740378894]], [[-100.87440140456974, 21.33193740378894], [-100.87436292835916, 21.331939723685892]], [[-100.87436540440281, 21.33197577341892], [-100.87436292835916, 21.331939723685892]], [[-100.87436292835916, 21.331939723685892], [-100.87432445214664, 21.331942043574106]], [[-100.87432692818102, 21.331978093308383], [-100.87432445214664, 21.331942043574106]], [[-100.87432445214664, 21.331942043574106], [-100.87428597593218, 21.331944363453605]], [[-100.87428845195727, 21.331980413189125], [-100.87428597593218, 21.331944363453605]], [[-100.87428597593218, 21.331944363453605], [-100.87424749971576, 21.331946683324368]], [[-100.87424997573159, 21.331982733061142], [-100.87424749971576, 21.331946683324368]], [[-100.87424749971576, 21.331946683324368], [-100.8742090234974, 21.331949003186413]], [[-100.87421149950396, 21.331985052924434], [-100.8742090234974, 21.331949003186413]], [[-100.8742090234974, 21.331949003186413], [-100.8741705472771, 21.331951323039718]], [[-100.87417302327438, 21.33198737277899], [-100.8741705472771, 21.331951323039718]], [[-100.8741705472771, 21.331951323039718], [-100.87413207105485, 21.331953642884315]], [[-100.87413454704286, 21.331989692624827], [-100.87413207105485, 21.331953642884315]], [[-100.87413207105485, 21.331953642884315], [-100.87409359483065, 21.33195596272018]], [[-100.87409607080939, 21.331992012461928], [-100.87409359483065, 21.33195596272018]], [[-100.87409359483065, 21.33195596272018], [-100.87405511860452, 21.331958282547312]], [[-100.87405759457397, 21.33199433229031], [-100.87405511860452, 21.331958282547312]], [[-100.87405511860452, 21.331958282547312], [-100.87401664237643, 21.331960602365726]], [[-100.8740191183366, 21.331996652109968], [-100.87401664237643, 21.331960602365726]], [[-100.87401664237643, 21.331960602365726], [-100.8739781661464, 21.331962922175407]], [[-100.87398064209731, 21.3319989719209], [-100.8739781661464, 21.331962922175407]], [[-100.8739781661464, 21.331962922175407], [-100.87393968991442, 21.331965241976366]], [[-100.87394216585605, 21.332001291723106], [-100.87393968991442, 21.331965241976366]], [[-100.87393968991442, 21.331965241976366], [-100.8739012136805, 21.331967561768593]], [[-100.87390368961286, 21.33200361151658], [-100.8739012136805, 21.331967561768593]], [[-100.8739012136805, 21.331967561768593], [-100.87386273744463, 21.331969881552098]], [[-100.87386521336772, 21.332005931301335], [-100.87386273744463, 21.331969881552098]], [[-100.87386273744463, 21.331969881552098], [-100.87382426120682, 21.331972201326884]], [[-100.87382673712064, 21.332008251077355], [-100.87382426120682, 21.331972201326884]], [[-100.87382426120682, 21.331972201326884], [-100.87378578496705, 21.331974521092924]], [[-100.87378826087159, 21.332010570844652], [-100.87378578496705, 21.331974521092924]], [[-100.87378578496705, 21.331974521092924], [-100.87374730872536, 21.331976840850256]], [[-100.87374978462061, 21.33201289060322], [-100.87374730872536, 21.331976840850256]], [[-100.87374730872536, 21.331976840850256], [-100.87370883248171, 21.33197916059885]], [[-100.87371130836769, 21.332015210353067], [-100.87370883248171, 21.33197916059885]], [[-100.87371130836769, 21.332015210353067], [-100.87367283211282, 21.33201753009418]], [[-100.87370883248171, 21.33197916059885], [-100.87367035623612, 21.331981480338726]], [[-100.87367283211282, 21.33201753009418], [-100.87367035623612, 21.331981480338726]], [[-100.87620978427172, 21.331828358789135], [-100.87620730778487, 21.331792309115677]], [[-100.87620730778487, 21.331792309115677], [-100.87616883167503, 21.33179462942151]], [[-100.87617130815262, 21.33183067909622], [-100.87616883167503, 21.33179462942151]], [[-100.87616883167503, 21.33179462942151], [-100.87613035556325, 21.331796949718616]], [[-100.87613283203157, 21.331832999394578], [-100.87613035556325, 21.331796949718616]], [[-100.87613035556325, 21.331796949718616], [-100.87609187944952, 21.331799270006996]], [[-100.87609435590856, 21.331835319684206], [-100.87609187944952, 21.331799270006996]], [[-100.87609187944952, 21.331799270006996], [-100.87605340333386, 21.331801590286656]], [[-100.87605587978362, 21.331837639965112], [-100.87605340333386, 21.331801590286656]], [[-100.87605340333386, 21.331801590286656], [-100.87601492721625, 21.331803910557586]], [[-100.87601740365672, 21.33183996023728], [-100.87601492721625, 21.331803910557586]], [[-100.87601492721625, 21.331803910557586], [-100.87597645109668, 21.33180623081979]], [[-100.87597892752788, 21.331842280500737], [-100.87597645109668, 21.33180623081979]], [[-100.87597645109668, 21.33180623081979], [-100.87593797497516, 21.331808551073273]], [[-100.8759404513971, 21.331844600755463], [-100.87593797497516, 21.331808551073273]], [[-100.87593797497516, 21.331808551073273], [-100.8758994988517, 21.331810871318027]], [[-100.87590197526437, 21.33184692100146], [-100.8758994988517, 21.331810871318027]], [[-100.8758994988517, 21.331810871318027], [-100.87586102272628, 21.331813191554055]], [[-100.8758634991297, 21.331849241238732], [-100.87586102272628, 21.331813191554055]], [[-100.87586102272628, 21.331813191554055], [-100.87582254659895, 21.33181551178135]], [[-100.87582502299306, 21.331851561467282], [-100.87582254659895, 21.33181551178135]], [[-100.87582254659895, 21.33181551178135], [-100.87578407046965, 21.331817831999928]], [[-100.87578654685448, 21.331853881687106], [-100.87578407046965, 21.331817831999928]], [[-100.87578407046965, 21.331817831999928], [-100.8757455943384, 21.331820152209772]], [[-100.87574807071398, 21.331856201898194], [-100.8757455943384, 21.331820152209772]], [[-100.8757455943384, 21.331820152209772], [-100.87570711820521, 21.331822472410895]], [[-100.8757095945715, 21.331858522100568], [-100.87570711820521, 21.331822472410895]], [[-100.87570711820521, 21.331822472410895], [-100.87566864207007, 21.331824792603296]], [[-100.87567111842709, 21.331860842294205], [-100.87566864207007, 21.331824792603296]], [[-100.87566864207007, 21.331824792603296], [-100.87563016593298, 21.331827112786954]], [[-100.87563264228073, 21.331863162479124], [-100.87563016593298, 21.331827112786954]], [[-100.87563016593298, 21.331827112786954], [-100.87559168979396, 21.3318294329619]], [[-100.87559416613243, 21.33186548265531], [-100.87559168979396, 21.3318294329619]], [[-100.87559168979396, 21.3318294329619], [-100.87555321365298, 21.331831753128117]], [[-100.87555568998218, 21.331867802822778], [-100.87555321365298, 21.331831753128117]], [[-100.87555321365298, 21.331831753128117], [-100.87551473751006, 21.3318340732856]], [[-100.87551721382998, 21.33187012298151], [-100.87551473751006, 21.3318340732856]], [[-100.87551473751006, 21.3318340732856], [-100.8754762613652, 21.33183639343437]], [[-100.87547873767583, 21.331872443131527], [-100.8754762613652, 21.33183639343437]], [[-100.8754762613652, 21.33183639343437], [-100.87543778521838, 21.331838713574403]], [[-100.87544026151976, 21.331874763272808], [-100.87543778521838, 21.331838713574403]], [[-100.87543778521838, 21.331838713574403], [-100.8753993090696, 21.33184103370572]], [[-100.87540178536172, 21.33187708340536], [-100.8753993090696, 21.33184103370572]], [[-100.8753993090696, 21.33184103370572], [-100.87536083291891, 21.331843353828297]], [[-100.87536330920175, 21.331879403529193], [-100.87536083291891, 21.331843353828297]], [[-100.87536083291891, 21.331843353828297], [-100.87532235676625, 21.331845673942162]], [[-100.87532483303981, 21.3318817236443], [-100.87532235676625, 21.331845673942162]], [[-100.87532235676625, 21.331845673942162], [-100.87528388061165, 21.331847994047294]], [[-100.87528635687593, 21.33188404375068], [-100.87528388061165, 21.331847994047294]], [[-100.87528388061165, 21.331847994047294], [-100.87524540445511, 21.3318503141437]], [[-100.87524788071012, 21.331886363848337], [-100.87524540445511, 21.3318503141437]], [[-100.87524540445511, 21.3318503141437], [-100.8752069282966, 21.331852634231378]], [[-100.87520940454235, 21.33188868393726], [-100.8752069282966, 21.331852634231378]], [[-100.8752069282966, 21.331852634231378], [-100.87516845213618, 21.331854954310334]], [[-100.87517092837264, 21.331891004017464], [-100.87516845213618, 21.331854954310334]], [[-100.87516845213618, 21.331854954310334], [-100.87512997597379, 21.331857274380557]], [[-100.87513245220099, 21.331893324088938], [-100.87512997597379, 21.331857274380557]], [[-100.87512997597379, 21.331857274380557], [-100.87509149980946, 21.33185959444206]], [[-100.87509397602737, 21.331895644151682], [-100.87509149980946, 21.33185959444206]], [[-100.87509149980946, 21.33185959444206], [-100.87505302364318, 21.331861914494837]], [[-100.87505549985183, 21.3318979642057], [-100.87505302364318, 21.331861914494837]], [[-100.87505302364318, 21.331861914494837], [-100.87501454747496, 21.331864234538887]], [[-100.87501702367432, 21.331900284251002], [-100.87501454747496, 21.331864234538887]], [[-100.87501454747496, 21.331864234538887], [-100.8749760713048, 21.33186655457421]], [[-100.87497854749488, 21.331902604287563], [-100.8749760713048, 21.33186655457421]], [[-100.8749760713048, 21.33186655457421], [-100.87493759513268, 21.331868874600797]], [[-100.87494007131349, 21.33190492431541], [-100.87493759513268, 21.331868874600797]], [[-100.87493759513268, 21.331868874600797], [-100.87489911895861, 21.33187119461867]], [[-100.87490159513017, 21.331907244334527], [-100.87489911895861, 21.33187119461867]], [[-100.87489911895861, 21.33187119461867], [-100.87486064278261, 21.33187351462781]], [[-100.87486311894489, 21.331909564344922], [-100.87486064278261, 21.33187351462781]], [[-100.87486064278261, 21.33187351462781], [-100.87482216660466, 21.33187583462823]], [[-100.87482464275764, 21.331911884346578], [-100.87482216660466, 21.33187583462823]], [[-100.87482216660466, 21.33187583462823], [-100.87478369042476, 21.331878154619922]], [[-100.87478616656848, 21.331914204339512], [-100.87478369042476, 21.331878154619922]], [[-100.87478369042476, 21.331878154619922], [-100.87474521424292, 21.331880474602887]], [[-100.87474769037736, 21.331916524323727], [-100.87474521424292, 21.331880474602887]], [[-100.87474521424292, 21.331880474602887], [-100.87470673805913, 21.331882794577123]], [[-100.87470921418429, 21.33191884429921], [-100.87470673805913, 21.331882794577123]], [[-100.87470673805913, 21.331882794577123], [-100.8746682618734, 21.331885114542636]], [[-100.87467073798929, 21.331921164265967], [-100.8746682618734, 21.331885114542636]], [[-100.8746682618734, 21.331885114542636], [-100.87462978568571, 21.331887434499418]], [[-100.87463226179234, 21.331923484223996], [-100.87462978568571, 21.331887434499418]], [[-100.87462978568571, 21.331887434499418], [-100.87459130949608, 21.33188975444748]], [[-100.87459378559343, 21.331925804173306], [-100.87459130949608, 21.33188975444748]], [[-100.87459130949608, 21.33188975444748], [-100.8745528333045, 21.33189207438681]], [[-100.87455530939259, 21.331928124113883], [-100.8745528333045, 21.33189207438681]], [[-100.8745528333045, 21.33189207438681], [-100.874514357111, 21.331894394317427]], [[-100.87451683318979, 21.331930444045742], [-100.874514357111, 21.331894394317427]], [[-100.874514357111, 21.331894394317427], [-100.87447588091553, 21.331896714239303]], [[-100.87447835698505, 21.33193276396886], [-100.87447588091553, 21.331896714239303]], [[-100.87447588091553, 21.331896714239303], [-100.87443740471811, 21.331899034152457]], [[-100.87443988077837, 21.331935083883263], [-100.87443740471811, 21.331899034152457]], [[-100.87443740471811, 21.331899034152457], [-100.87439892851876, 21.33190135405688]], [[-100.87440140456974, 21.33193740378894], [-100.87439892851876, 21.33190135405688]], [[-100.87439892851876, 21.33190135405688], [-100.87436045231746, 21.331903673952585]], [[-100.87436292835916, 21.331939723685892], [-100.87436045231746, 21.331903673952585]], [[-100.87436045231746, 21.331903673952585], [-100.87432197611422, 21.331905993839555]], [[-100.87432445214664, 21.331942043574106], [-100.87432197611422, 21.331905993839555]], [[-100.87432197611422, 21.331905993839555], [-100.87428349990903, 21.331908313717804]], [[-100.87428597593218, 21.331944363453605], [-100.87428349990903, 21.331908313717804]], [[-100.87428349990903, 21.331908313717804], [-100.87424502370187, 21.331910633587327]], [[-100.87424749971576, 21.331946683324368], [-100.87424502370187, 21.331910633587327]], [[-100.87424502370187, 21.331910633587327], [-100.87420654749279, 21.33191295344812]], [[-100.8742090234974, 21.331949003186413], [-100.87420654749279, 21.33191295344812]], [[-100.87420654749279, 21.33191295344812], [-100.87416807128177, 21.33191527330019]], [[-100.8741705472771, 21.331951323039718], [-100.87416807128177, 21.33191527330019]], [[-100.87416807128177, 21.33191527330019], [-100.8741295950688, 21.331917593143537]], [[-100.87413207105485, 21.331953642884315], [-100.8741295950688, 21.331917593143537]], [[-100.8741295950688, 21.331917593143537], [-100.87409111885387, 21.33191991297815]], [[-100.87409359483065, 21.33195596272018], [-100.87409111885387, 21.33191991297815]], [[-100.87409111885387, 21.33191991297815], [-100.87405264263701, 21.33192223280404]], [[-100.87405511860452, 21.331958282547312], [-100.87405264263701, 21.33192223280404]], [[-100.87405264263701, 21.33192223280404], [-100.87401416641819, 21.331924552621203]], [[-100.87401664237643, 21.331960602365726], [-100.87401416641819, 21.331924552621203]], [[-100.87401416641819, 21.331924552621203], [-100.87397569019743, 21.33192687242964]], [[-100.8739781661464, 21.331962922175407], [-100.87397569019743, 21.33192687242964]], [[-100.87397569019743, 21.33192687242964], [-100.87393721397474, 21.33192919222935]], [[-100.87393968991442, 21.331965241976366], [-100.87393721397474, 21.33192919222935]], [[-100.87393721397474, 21.33192919222935], [-100.87389873775008, 21.33193151202034]], [[-100.8739012136805, 21.331967561768593], [-100.87389873775008, 21.33193151202034]], [[-100.87389873775008, 21.33193151202034], [-100.87386026152349, 21.331933831802594]], [[-100.87386273744463, 21.331969881552098], [-100.87386026152349, 21.331933831802594]], [[-100.87386026152349, 21.331933831802594], [-100.87382178529495, 21.331936151576127]], [[-100.87382426120682, 21.331972201326884], [-100.87382178529495, 21.331936151576127]], [[-100.87382178529495, 21.331936151576127], [-100.87378330906446, 21.33193847134093]], [[-100.87378578496705, 21.331974521092924], [-100.87378330906446, 21.33193847134093]], [[-100.87378330906446, 21.33193847134093], [-100.87374483283205, 21.33194079109701]], [[-100.87374730872536, 21.331976840850256], [-100.87374483283205, 21.33194079109701]], [[-100.87374483283205, 21.33194079109701], [-100.87370635659765, 21.331943110844353]], [[-100.87370883248171, 21.33197916059885], [-100.87370635659765, 21.331943110844353]], [[-100.87370635659765, 21.331943110844353], [-100.87366788036134, 21.331945430582987]], [[-100.87367035623612, 21.331981480338726], [-100.87366788036134, 21.331945430582987]], [[-100.87367035623612, 21.331981480338726], [-100.87363187998857, 21.33198380006987]], [[-100.87366788036134, 21.331945430582987], [-100.87362940412307, 21.33194775031289]], [[-100.87363187998857, 21.33198380006987], [-100.87362940412307, 21.33194775031289]], [[-100.87624578389276, 21.331789988801113], [-100.87620730778487, 21.331792309115677]], [[-100.87624578389276, 21.331789988801113], [-100.87624330739858, 21.33175393912862]], [[-100.87624330739858, 21.33175393912862], [-100.87620483129996, 21.33175625944194]], [[-100.87620730778487, 21.331792309115677], [-100.87620483129996, 21.33175625944194]], [[-100.87620483129996, 21.33175625944194], [-100.8761663551994, 21.331758579746527]], [[-100.87616883167503, 21.33179462942151], [-100.8761663551994, 21.331758579746527]], [[-100.8761663551994, 21.331758579746527], [-100.8761278790969, 21.33176090004239]], [[-100.87613035556325, 21.331796949718616], [-100.8761278790969, 21.33176090004239]], [[-100.8761278790969, 21.33176090004239], [-100.87608940299243, 21.331763220329528]], [[-100.87609187944952, 21.331799270006996], [-100.87608940299243, 21.331763220329528]], [[-100.87608940299243, 21.331763220329528], [-100.87605092688604, 21.331765540607936]], [[-100.87605340333386, 21.331801590286656], [-100.87605092688604, 21.331765540607936]], [[-100.87605092688604, 21.331765540607936], [-100.8760124507777, 21.33176786087762]], [[-100.87601492721625, 21.331803910557586], [-100.8760124507777, 21.33176786087762]], [[-100.8760124507777, 21.33176786087762], [-100.87597397466742, 21.33177018113858]], [[-100.87597645109668, 21.33180623081979], [-100.87597397466742, 21.33177018113858]], [[-100.87597397466742, 21.33177018113858], [-100.87593549855517, 21.33177250139081]], [[-100.87593797497516, 21.331808551073273], [-100.87593549855517, 21.33177250139081]], [[-100.87593549855517, 21.33177250139081], [-100.87589702244098, 21.331774821634315]], [[-100.8758994988517, 21.331810871318027], [-100.87589702244098, 21.331774821634315]], [[-100.87589702244098, 21.331774821634315], [-100.87585854632485, 21.331777141869093]], [[-100.87586102272628, 21.331813191554055], [-100.87585854632485, 21.331777141869093]], [[-100.87585854632485, 21.331777141869093], [-100.87582007020677, 21.331779462095152]], [[-100.87582254659895, 21.33181551178135], [-100.87582007020677, 21.331779462095152]], [[-100.87582007020677, 21.331779462095152], [-100.87578159408675, 21.331781782312472]], [[-100.87578407046965, 21.331817831999928], [-100.87578159408675, 21.331781782312472]], [[-100.87578159408675, 21.331781782312472], [-100.87574311796477, 21.331784102521077]], [[-100.8757455943384, 21.331820152209772], [-100.87574311796477, 21.331784102521077]], [[-100.87574311796477, 21.331784102521077], [-100.87570464184085, 21.33178642272095]], [[-100.87570711820521, 21.331822472410895], [-100.87570464184085, 21.33178642272095]], [[-100.87570464184085, 21.33178642272095], [-100.875666165715, 21.3317887429121]], [[-100.87566864207007, 21.331824792603296], [-100.875666165715, 21.3317887429121]], [[-100.875666165715, 21.3317887429121], [-100.87562768958719, 21.331791063094517]], [[-100.87563016593298, 21.331827112786954], [-100.87562768958719, 21.331791063094517]], [[-100.87562768958719, 21.331791063094517], [-100.87558921345743, 21.33179338326821]], [[-100.87559168979396, 21.3318294329619], [-100.87558921345743, 21.33179338326821]], [[-100.87558921345743, 21.33179338326821], [-100.87555073732572, 21.331795703433183]], [[-100.87555321365298, 21.331831753128117], [-100.87555073732572, 21.331795703433183]], [[-100.87555073732572, 21.331795703433183], [-100.87551226119207, 21.331798023589425]], [[-100.87551473751006, 21.3318340732856], [-100.87551226119207, 21.331798023589425]], [[-100.87551226119207, 21.331798023589425], [-100.87547378505649, 21.331800343736948]], [[-100.8754762613652, 21.33183639343437], [-100.87547378505649, 21.331800343736948]], [[-100.87547378505649, 21.331800343736948], [-100.87543530891894, 21.33180266387573]], [[-100.87543778521838, 21.331838713574403], [-100.87543530891894, 21.33180266387573]], [[-100.87543530891894, 21.33180266387573], [-100.87539683277946, 21.3318049840058]], [[-100.8753993090696, 21.33184103370572], [-100.87539683277946, 21.3318049840058]], [[-100.87539683277946, 21.3318049840058], [-100.87535835663803, 21.331807304127135]], [[-100.87536083291891, 21.331843353828297], [-100.87535835663803, 21.331807304127135]], [[-100.87535835663803, 21.331807304127135], [-100.87531988049464, 21.33180962423975]], [[-100.87532235676625, 21.331845673942162], [-100.87531988049464, 21.33180962423975]], [[-100.87531988049464, 21.33180962423975], [-100.87528140434931, 21.33181194434363]], [[-100.87528388061165, 21.331847994047294], [-100.87528140434931, 21.33181194434363]], [[-100.87528140434931, 21.33181194434363], [-100.87524292820204, 21.331814264438794]], [[-100.87524540445511, 21.3318503141437], [-100.87524292820204, 21.331814264438794]], [[-100.87524292820204, 21.331814264438794], [-100.87520445205283, 21.331816584525228]], [[-100.8752069282966, 21.331852634231378], [-100.87520445205283, 21.331816584525228]], [[-100.87520445205283, 21.331816584525228], [-100.87516597590167, 21.331818904602937]], [[-100.87516845213618, 21.331854954310334], [-100.87516597590167, 21.331818904602937]], [[-100.87516597590167, 21.331818904602937], [-100.87512749974854, 21.331821224671916]], [[-100.87512997597379, 21.331857274380557], [-100.87512749974854, 21.331821224671916]], [[-100.87512749974854, 21.331821224671916], [-100.8750890235935, 21.33182354473217]], [[-100.87509149980946, 21.33185959444206], [-100.8750890235935, 21.33182354473217]], [[-100.8750890235935, 21.33182354473217], [-100.87505054743649, 21.331825864783703]], [[-100.87505302364318, 21.331861914494837], [-100.87505054743649, 21.331825864783703]], [[-100.87505054743649, 21.331825864783703], [-100.87501207127755, 21.331828184826495]], [[-100.87501454747496, 21.331864234538887], [-100.87501207127755, 21.331828184826495]], [[-100.87501207127755, 21.331828184826495], [-100.87497359511664, 21.331830504860573]], [[-100.8749760713048, 21.33186655457421], [-100.87497359511664, 21.331830504860573]], [[-100.87497359511664, 21.331830504860573], [-100.87493511895381, 21.33183282488593]], [[-100.87493759513268, 21.331868874600797], [-100.87493511895381, 21.33183282488593]], [[-100.87493511895381, 21.33183282488593], [-100.87489664278903, 21.33183514490255]], [[-100.87489911895861, 21.33187119461867], [-100.87489664278903, 21.33183514490255]], [[-100.87489664278903, 21.33183514490255], [-100.8748581666223, 21.331837464910446]], [[-100.87486064278261, 21.33187351462781], [-100.8748581666223, 21.331837464910446]], [[-100.8748581666223, 21.331837464910446], [-100.8748196904536, 21.331839784909608]], [[-100.87482216660466, 21.33187583462823], [-100.8748196904536, 21.331839784909608]], [[-100.8748196904536, 21.331839784909608], [-100.87478121428299, 21.331842104900062]], [[-100.87478369042476, 21.331878154619922], [-100.87478121428299, 21.331842104900062]], [[-100.87478121428299, 21.331842104900062], [-100.87474273811041, 21.331844424881776]], [[-100.87474521424292, 21.331880474602887], [-100.87474273811041, 21.331844424881776]], [[-100.87474273811041, 21.331844424881776], [-100.8747042619359, 21.33184674485477]], [[-100.87470673805913, 21.331882794577123], [-100.8747042619359, 21.33184674485477]], [[-100.8747042619359, 21.33184674485477], [-100.87466578575943, 21.331849064819036]], [[-100.8746682618734, 21.331885114542636], [-100.87466578575943, 21.331849064819036]], [[-100.87466578575943, 21.331849064819036], [-100.87462730958103, 21.33185138477457]], [[-100.87462978568571, 21.331887434499418], [-100.87462730958103, 21.33185138477457]], [[-100.87462730958103, 21.33185138477457], [-100.87458883340068, 21.331853704721386]], [[-100.87459130949608, 21.33188975444748], [-100.87458883340068, 21.331853704721386]], [[-100.87458883340068, 21.331853704721386], [-100.87455035721838, 21.33185602465947]], [[-100.8745528333045, 21.33189207438681], [-100.87455035721838, 21.33185602465947]], [[-100.87455035721838, 21.33185602465947], [-100.87451188103414, 21.331858344588834]], [[-100.874514357111, 21.331894394317427], [-100.87451188103414, 21.331858344588834]], [[-100.87451188103414, 21.331858344588834], [-100.87447340484795, 21.331860664509467]], [[-100.87447588091553, 21.331896714239303], [-100.87447340484795, 21.331860664509467]], [[-100.87447340484795, 21.331860664509467], [-100.87443492865981, 21.33186298442137]], [[-100.87443740471811, 21.331899034152457], [-100.87443492865981, 21.33186298442137]], [[-100.87443492865981, 21.33186298442137], [-100.87439645246972, 21.33186530432455]], [[-100.87439892851876, 21.33190135405688], [-100.87439645246972, 21.33186530432455]], [[-100.87439645246972, 21.33186530432455], [-100.8743579762777, 21.331867624219008]], [[-100.87436045231746, 21.331903673952585], [-100.8743579762777, 21.331867624219008]], [[-100.8743579762777, 21.331867624219008], [-100.87431950008373, 21.331869944104735]], [[-100.87432197611422, 21.331905993839555], [-100.87431950008373, 21.331869944104735]], [[-100.87431950008373, 21.331869944104735], [-100.87428102388782, 21.331872263981737]], [[-100.87428349990903, 21.331908313717804], [-100.87428102388782, 21.331872263981737]], [[-100.87428102388782, 21.331872263981737], [-100.87424254768995, 21.33187458385001]], [[-100.87424502370187, 21.331910633587327], [-100.87424254768995, 21.33187458385001]], [[-100.87424254768995, 21.33187458385001], [-100.87420407149014, 21.33187690370956]], [[-100.87420654749279, 21.33191295344812], [-100.87420407149014, 21.33187690370956]], [[-100.87420407149014, 21.33187690370956], [-100.87416559528837, 21.33187922356038]], [[-100.87416807128177, 21.33191527330019], [-100.87416559528837, 21.33187922356038]], [[-100.87416559528837, 21.33187922356038], [-100.87412711908468, 21.33188154340249]], [[-100.8741295950688, 21.331917593143537], [-100.87412711908468, 21.33188154340249]], [[-100.87412711908468, 21.33188154340249], [-100.87408864287903, 21.331883863235852]], [[-100.87409111885387, 21.33191991297815], [-100.87408864287903, 21.331883863235852]], [[-100.87408864287903, 21.331883863235852], [-100.87405016667144, 21.331886183060497]], [[-100.87405264263701, 21.33192223280404], [-100.87405016667144, 21.331886183060497]], [[-100.87405016667144, 21.331886183060497], [-100.8740116904619, 21.331888502876414]], [[-100.87401416641819, 21.331924552621203], [-100.8740116904619, 21.331888502876414]], [[-100.8740116904619, 21.331888502876414], [-100.87397321425041, 21.331890822683604]], [[-100.87397569019743, 21.33192687242964], [-100.87397321425041, 21.331890822683604]], [[-100.87397321425041, 21.331890822683604], [-100.87393473803698, 21.33189314248207]], [[-100.87393721397474, 21.33192919222935], [-100.87393473803698, 21.33189314248207]], [[-100.87393473803698, 21.33189314248207], [-100.87389626182161, 21.33189546227181]], [[-100.87389873775008, 21.33193151202034], [-100.87389626182161, 21.33189546227181]], [[-100.87389626182161, 21.33189546227181], [-100.87385778560429, 21.331897782052817]], [[-100.87386026152349, 21.331933831802594], [-100.87385778560429, 21.331897782052817]], [[-100.87385778560429, 21.331897782052817], [-100.87381930938503, 21.331900101825106]], [[-100.87382178529495, 21.331936151576127], [-100.87381930938503, 21.331900101825106]], [[-100.87381930938503, 21.331900101825106], [-100.8737808331638, 21.331902421588662]], [[-100.87378330906446, 21.33193847134093], [-100.8737808331638, 21.331902421588662]], [[-100.8737808331638, 21.331902421588662], [-100.87374235694067, 21.331904741343493]], [[-100.87374483283205, 21.33194079109701], [-100.87374235694067, 21.331904741343493]], [[-100.87374235694067, 21.331904741343493], [-100.87370388071557, 21.331907061089606]], [[-100.87370635659765, 21.331943110844353], [-100.87370388071557, 21.331907061089606]], [[-100.87370388071557, 21.331907061089606], [-100.87366540448852, 21.331909380826982]], [[-100.87366788036134, 21.331945430582987], [-100.87366540448852, 21.331909380826982]], [[-100.87366540448852, 21.331909380826982], [-100.87362692825953, 21.331911700555633]], [[-100.87362940412307, 21.33194775031289], [-100.87362692825953, 21.331911700555633]], [[-100.87362940412307, 21.33194775031289], [-100.87359092788287, 21.331950070034054]], [[-100.87362692825953, 21.331911700555633], [-100.87358845202859, 21.33191402027556]], [[-100.87359092788287, 21.331950070034054], [-100.87358845202859, 21.33191402027556]], [[-100.87624330739858, 21.33175393912862], [-100.87624083090634, 21.331717889455863]], [[-100.87624083090634, 21.331717889455863], [-100.876202354817, 21.331720209767933]], [[-100.87620483129996, 21.33175625944194], [-100.876202354817, 21.331720209767933]], [[-100.876202354817, 21.331720209767933], [-100.8761638787257, 21.331722530071275]], [[-100.8761663551994, 21.331758579746527], [-100.8761638787257, 21.331722530071275]], [[-100.8761638787257, 21.331722530071275], [-100.87612540263248, 21.331724850365887]], [[-100.8761278790969, 21.33176090004239], [-100.87612540263248, 21.331724850365887]], [[-100.87612540263248, 21.331724850365887], [-100.8760869265373, 21.331727170651778]], [[-100.87608940299243, 21.331763220329528], [-100.8760869265373, 21.331727170651778]], [[-100.8760869265373, 21.331727170651778], [-100.87604845044017, 21.33172949092894]], [[-100.87605092688604, 21.331765540607936], [-100.87604845044017, 21.33172949092894]], [[-100.87604845044017, 21.33172949092894], [-100.8760099743411, 21.33173181119738]], [[-100.8760124507777, 21.33176786087762], [-100.8760099743411, 21.33173181119738]], [[-100.8760099743411, 21.33173181119738], [-100.87597149824008, 21.33173413145709]], [[-100.87597397466742, 21.33177018113858], [-100.87597149824008, 21.33173413145709]], [[-100.87597149824008, 21.33173413145709], [-100.87593302213712, 21.33173645170807]], [[-100.87593549855517, 21.33177250139081], [-100.87593302213712, 21.33173645170807]], [[-100.87593302213712, 21.33173645170807], [-100.8758945460322, 21.331738771950334]], [[-100.87589702244098, 21.331774821634315], [-100.8758945460322, 21.331738771950334]], [[-100.8758945460322, 21.331738771950334], [-100.87585606992535, 21.33174109218386]], [[-100.87585854632485, 21.331777141869093], [-100.87585606992535, 21.33174109218386]], [[-100.87585606992535, 21.33174109218386], [-100.87581759381654, 21.331743412408674]], [[-100.87582007020677, 21.331779462095152], [-100.87581759381654, 21.331743412408674]], [[-100.87581759381654, 21.331743412408674], [-100.8757791177058, 21.331745732624753]], [[-100.87578159408675, 21.331781782312472], [-100.8757791177058, 21.331745732624753]], [[-100.8757791177058, 21.331745732624753], [-100.8757406415931, 21.3317480528321]], [[-100.87574311796477, 21.331784102521077], [-100.8757406415931, 21.3317480528321]], [[-100.8757406415931, 21.3317480528321], [-100.87570216547846, 21.331750373030737]], [[-100.87570464184085, 21.33178642272095], [-100.87570216547846, 21.331750373030737]], [[-100.87570216547846, 21.331750373030737], [-100.87566368936187, 21.331752693220633]], [[-100.875666165715, 21.3317887429121], [-100.87566368936187, 21.331752693220633]], [[-100.87566368936187, 21.331752693220633], [-100.87562521324332, 21.33175501340181]], [[-100.87562768958719, 21.331791063094517], [-100.87562521324332, 21.33175501340181]], [[-100.87562521324332, 21.33175501340181], [-100.87558673712284, 21.331757333574256]], [[-100.87558921345743, 21.33179338326821], [-100.87558673712284, 21.331757333574256]], [[-100.87558673712284, 21.331757333574256], [-100.87554826100042, 21.33175965373798]], [[-100.87555073732572, 21.331795703433183], [-100.87554826100042, 21.33175965373798]], [[-100.87554826100042, 21.33175965373798], [-100.87550978487604, 21.331761973892977]], [[-100.87551226119207, 21.331798023589425], [-100.87550978487604, 21.331761973892977]], [[-100.87550978487604, 21.331761973892977], [-100.87547130874972, 21.33176429403925]], [[-100.87547378505649, 21.331800343736948], [-100.87547130874972, 21.33176429403925]], [[-100.87547130874972, 21.33176429403925], [-100.87543283262146, 21.331766614176793]], [[-100.87543530891894, 21.33180266387573], [-100.87543283262146, 21.331766614176793]], [[-100.87543283262146, 21.331766614176793], [-100.87539435649124, 21.331768934305607]], [[-100.87539683277946, 21.3318049840058], [-100.87539435649124, 21.331768934305607]], [[-100.87539435649124, 21.331768934305607], [-100.87535588035908, 21.331771254425703]], [[-100.87535835663803, 21.331807304127135], [-100.87535588035908, 21.331771254425703]], [[-100.87535588035908, 21.331771254425703], [-100.87531740422499, 21.331773574537067]], [[-100.87531988049464, 21.33180962423975], [-100.87531740422499, 21.331773574537067]], [[-100.87531740422499, 21.331773574537067], [-100.87527892808893, 21.331775894639712]], [[-100.87528140434931, 21.33181194434363], [-100.87527892808893, 21.331775894639712]], [[-100.87527892808893, 21.331775894639712], [-100.87524045195092, 21.33177821473362]], [[-100.87524292820204, 21.331814264438794], [-100.87524045195092, 21.33177821473362]], [[-100.87524045195092, 21.33177821473362], [-100.87520197581098, 21.331780534818805]], [[-100.87520445205283, 21.331816584525228], [-100.87520197581098, 21.331780534818805]], [[-100.87520197581098, 21.331780534818805], [-100.87516349966909, 21.331782854895263]], [[-100.87516597590167, 21.331818904602937], [-100.87516349966909, 21.331782854895263]], [[-100.87516349966909, 21.331782854895263], [-100.87512502352526, 21.331785174962995]], [[-100.87512749974854, 21.331821224671916], [-100.87512502352526, 21.331785174962995]], [[-100.87512502352526, 21.331785174962995], [-100.87508654737947, 21.331787495022002]], [[-100.8750890235935, 21.33182354473217], [-100.87508654737947, 21.331787495022002]], [[-100.87508654737947, 21.331787495022002], [-100.87504807123175, 21.331789815072284]], [[-100.87505054743649, 21.331825864783703], [-100.87504807123175, 21.331789815072284]], [[-100.87504807123175, 21.331789815072284], [-100.87500959508206, 21.33179213511384]], [[-100.87501207127755, 21.331828184826495], [-100.87500959508206, 21.33179213511384]], [[-100.87500959508206, 21.33179213511384], [-100.87497111893045, 21.331794455146667]], [[-100.87497359511664, 21.331830504860573], [-100.87497111893045, 21.331794455146667]], [[-100.87497111893045, 21.331794455146667], [-100.8749326427769, 21.331796775170773]], [[-100.87493511895381, 21.33183282488593], [-100.8749326427769, 21.331796775170773]], [[-100.8749326427769, 21.331796775170773], [-100.87489416662137, 21.33179909518615]], [[-100.87489664278903, 21.33183514490255], [-100.87489416662137, 21.33179909518615]], [[-100.87489416662137, 21.33179909518615], [-100.87485569046392, 21.3318014151928]], [[-100.8748581666223, 21.331837464910446], [-100.87485569046392, 21.3318014151928]], [[-100.87485569046392, 21.3318014151928], [-100.87481721430451, 21.331803735190725]], [[-100.8748196904536, 21.331839784909608], [-100.87481721430451, 21.331803735190725]], [[-100.87481721430451, 21.331803735190725], [-100.87477873814316, 21.331806055179925]], [[-100.87478121428299, 21.331842104900062], [-100.87477873814316, 21.331806055179925]], [[-100.87477873814316, 21.331806055179925], [-100.87474026197985, 21.331808375160392]], [[-100.87474273811041, 21.331844424881776], [-100.87474026197985, 21.331808375160392]], [[-100.87474026197985, 21.331808375160392], [-100.87470178581462, 21.33181069513214]], [[-100.8747042619359, 21.33184674485477], [-100.87470178581462, 21.33181069513214]], [[-100.87470178581462, 21.33181069513214], [-100.87466330964743, 21.331813015095157]], [[-100.87466578575943, 21.331849064819036], [-100.87466330964743, 21.331813015095157]], [[-100.87466330964743, 21.331813015095157], [-100.8746248334783, 21.33181533504945]], [[-100.87462730958103, 21.33185138477457], [-100.8746248334783, 21.33181533504945]], [[-100.8746248334783, 21.33181533504945], [-100.87458635730722, 21.331817654995017]], [[-100.87458883340068, 21.331853704721386], [-100.87458635730722, 21.331817654995017]], [[-100.87458635730722, 21.331817654995017], [-100.8745478811342, 21.331819974931854]], [[-100.87455035721838, 21.33185602465947], [-100.8745478811342, 21.331819974931854]], [[-100.8745478811342, 21.331819974931854], [-100.87450940495923, 21.33182229485997]], [[-100.87451188103414, 21.331858344588834], [-100.87450940495923, 21.33182229485997]], [[-100.87450940495923, 21.33182229485997], [-100.87447092878232, 21.331824614779354]], [[-100.87447340484795, 21.331860664509467], [-100.87447092878232, 21.331824614779354]], [[-100.87447092878232, 21.331824614779354], [-100.87443245260344, 21.33182693469002]], [[-100.87443492865981, 21.33186298442137], [-100.87443245260344, 21.33182693469002]], [[-100.87443245260344, 21.33182693469002], [-100.87439397642264, 21.331829254591955]], [[-100.87439645246972, 21.33186530432455], [-100.87439397642264, 21.331829254591955]], [[-100.87439397642264, 21.331829254591955], [-100.87435550023989, 21.331831574485154]], [[-100.8743579762777, 21.331867624219008], [-100.87435550023989, 21.331831574485154]], [[-100.87435550023989, 21.331831574485154], [-100.87431702405519, 21.331833894369638]], [[-100.87431950008373, 21.331869944104735], [-100.87431702405519, 21.331833894369638]], [[-100.87431702405519, 21.331833894369638], [-100.87427854786854, 21.331836214245396]], [[-100.87428102388782, 21.331872263981737], [-100.87427854786854, 21.331836214245396]], [[-100.87427854786854, 21.331836214245396], [-100.87424007167995, 21.33183853411243]], [[-100.87424254768995, 21.33187458385001], [-100.87424007167995, 21.33183853411243]], [[-100.87424007167995, 21.33183853411243], [-100.87420159548942, 21.331840853970732]], [[-100.87420407149014, 21.33187690370956], [-100.87420159548942, 21.331840853970732]], [[-100.87420159548942, 21.331840853970732], [-100.87416311929694, 21.331843173820307]], [[-100.87416559528837, 21.33187922356038], [-100.87416311929694, 21.331843173820307]], [[-100.87416311929694, 21.331843173820307], [-100.87412464310252, 21.33184549366116]], [[-100.87412711908468, 21.33188154340249], [-100.87412464310252, 21.33184549366116]], [[-100.87412464310252, 21.33184549366116], [-100.87408616690612, 21.331847813493283]], [[-100.87408864287903, 21.331883863235852], [-100.87408616690612, 21.331847813493283]], [[-100.87408616690612, 21.331847813493283], [-100.87404769070781, 21.331850133316678]], [[-100.87405016667144, 21.331886183060497], [-100.87404769070781, 21.331850133316678]], [[-100.87404769070781, 21.331850133316678], [-100.87400921450755, 21.33185245313135]], [[-100.8740116904619, 21.331888502876414], [-100.87400921450755, 21.33185245313135]], [[-100.87400921450755, 21.33185245313135], [-100.87397073830535, 21.331854772937298]], [[-100.87397321425041, 21.331890822683604], [-100.87397073830535, 21.331854772937298]], [[-100.87397073830535, 21.331854772937298], [-100.87393226210119, 21.331857092734513]], [[-100.87393473803698, 21.33189314248207], [-100.87393226210119, 21.331857092734513]], [[-100.87393226210119, 21.331857092734513], [-100.87389378589508, 21.331859412523006]], [[-100.87389626182161, 21.33189546227181], [-100.87389378589508, 21.331859412523006]], [[-100.87389378589508, 21.331859412523006], [-100.87385530968704, 21.331861732302762]], [[-100.87385778560429, 21.331897782052817], [-100.87385530968704, 21.331861732302762]], [[-100.87385530968704, 21.331861732302762], [-100.87381683347705, 21.331864052073815]], [[-100.87381930938503, 21.331900101825106], [-100.87381683347705, 21.331864052073815]], [[-100.87381683347705, 21.331864052073815], [-100.87377835726512, 21.331866371836124]], [[-100.8737808331638, 21.331902421588662], [-100.87377835726512, 21.331866371836124]], [[-100.87377835726512, 21.331866371836124], [-100.87373988105124, 21.331868691589708]], [[-100.87374235694067, 21.331904741343493], [-100.87373988105124, 21.331868691589708]], [[-100.87373988105124, 21.331868691589708], [-100.8737014048354, 21.331871011334567]], [[-100.87370388071557, 21.331907061089606], [-100.8737014048354, 21.331871011334567]], [[-100.8737014048354, 21.331871011334567], [-100.87366292861763, 21.331873331070707]], [[-100.87366540448852, 21.331909380826982], [-100.87366292861763, 21.331873331070707]], [[-100.87366292861763, 21.331873331070707], [-100.87362445239792, 21.33187565079811]], [[-100.87362692825953, 21.331911700555633], [-100.87362445239792, 21.33187565079811]], [[-100.87362445239792, 21.33187565079811], [-100.87358597617624, 21.3318779705168]], [[-100.87358845202859, 21.33191402027556], [-100.87358597617624, 21.3318779705168]], [[-100.87624083090634, 21.331717889455863], [-100.87623835441605, 21.331681839782835]], [[-100.87623835441605, 21.331681839782835], [-100.87619987833598, 21.33168416009366]], [[-100.876202354817, 21.331720209767933], [-100.87619987833598, 21.33168416009366]], [[-100.87619987833598, 21.33168416009366], [-100.87616140225397, 21.331686480395746]], [[-100.8761638787257, 21.331722530071275], [-100.87616140225397, 21.331686480395746]], [[-100.87616140225397, 21.331686480395746], [-100.87612292617001, 21.331688800689122]], [[-100.87612540263248, 21.331724850365887], [-100.87612292617001, 21.331688800689122]], [[-100.87612292617001, 21.331688800689122], [-100.87608445008411, 21.331691120973762]], [[-100.8760869265373, 21.331727170651778], [-100.87608445008411, 21.331691120973762]], [[-100.87608445008411, 21.331691120973762], [-100.87604597399626, 21.33169344124968]], [[-100.87604845044017, 21.33172949092894], [-100.87604597399626, 21.33169344124968]], [[-100.87604597399626, 21.33169344124968], [-100.87600749790646, 21.331695761516865]], [[-100.8760099743411, 21.33173181119738], [-100.87600749790646, 21.331695761516865]], [[-100.87600749790646, 21.331695761516865], [-100.87596902181471, 21.331698081775336]], [[-100.87597149824008, 21.33173413145709], [-100.87596902181471, 21.331698081775336]], [[-100.87596902181471, 21.331698081775336], [-100.87593054572102, 21.331700402025064]], [[-100.87593302213712, 21.33173645170807], [-100.87593054572102, 21.331700402025064]], [[-100.87593054572102, 21.331700402025064], [-100.87589206962538, 21.331702722266083]], [[-100.8758945460322, 21.331738771950334], [-100.87589206962538, 21.331702722266083]], [[-100.87589206962538, 21.331702722266083], [-100.8758535935278, 21.331705042498363]], [[-100.87585606992535, 21.33174109218386], [-100.8758535935278, 21.331705042498363]], [[-100.8758535935278, 21.331705042498363], [-100.87581511742827, 21.33170736272192]], [[-100.87581759381654, 21.331743412408674], [-100.87581511742827, 21.33170736272192]], [[-100.87581511742827, 21.33170736272192], [-100.8757766413268, 21.331709682936754]], [[-100.8757791177058, 21.331745732624753], [-100.8757766413268, 21.331709682936754]], [[-100.8757766413268, 21.331709682936754], [-100.87573816522337, 21.33171200314286]], [[-100.8757406415931, 21.3317480528321], [-100.87573816522337, 21.33171200314286]], [[-100.87573816522337, 21.33171200314286], [-100.875699689118, 21.331714323340243]], [[-100.87570216547846, 21.331750373030737], [-100.875699689118, 21.331714323340243]], [[-100.875699689118, 21.331714323340243], [-100.87566121301069, 21.331716643528896]], [[-100.87566368936187, 21.331752693220633], [-100.87566121301069, 21.331716643528896]], [[-100.87566121301069, 21.331716643528896], [-100.87562273690142, 21.331718963708823]], [[-100.87562521324332, 21.33175501340181], [-100.87562273690142, 21.331718963708823]], [[-100.87562273690142, 21.331718963708823], [-100.8755842607902, 21.33172128388003]], [[-100.87558673712284, 21.331757333574256], [-100.8755842607902, 21.33172128388003]], [[-100.8755842607902, 21.33172128388003], [-100.87554578467706, 21.331723604042505]], [[-100.87554826100042, 21.33175965373798], [-100.87554578467706, 21.331723604042505]], [[-100.87554578467706, 21.331723604042505], [-100.87550730856196, 21.33172592419626]], [[-100.87550978487604, 21.331761973892977], [-100.87550730856196, 21.33172592419626]], [[-100.87550730856196, 21.33172592419626], [-100.87546883244491, 21.331728244341274]], [[-100.87547130874972, 21.33176429403925], [-100.87546883244491, 21.331728244341274]], [[-100.87546883244491, 21.331728244341274], [-100.87543035632592, 21.331730564477574]], [[-100.87543283262146, 21.331766614176793], [-100.87543035632592, 21.331730564477574]], [[-100.87543035632592, 21.331730564477574], [-100.87539188020497, 21.331732884605145]], [[-100.87539435649124, 21.331768934305607], [-100.87539188020497, 21.331732884605145]], [[-100.87539188020497, 21.331732884605145], [-100.87535340408209, 21.331735204723994]], [[-100.87535588035908, 21.331771254425703], [-100.87535340408209, 21.331735204723994]], [[-100.87535340408209, 21.331735204723994], [-100.87531492795726, 21.331737524834107]], [[-100.87531740422499, 21.331773574537067], [-100.87531492795726, 21.331737524834107]], [[-100.87531492795726, 21.331737524834107], [-100.87527645183049, 21.331739844935505]], [[-100.87527892808893, 21.331775894639712], [-100.87527645183049, 21.331739844935505]], [[-100.87527645183049, 21.331739844935505], [-100.87523797570175, 21.331742165028167]], [[-100.87524045195092, 21.33177821473362], [-100.87523797570175, 21.331742165028167]], [[-100.87523797570175, 21.331742165028167], [-100.87519949957108, 21.331744485112104]], [[-100.87520197581098, 21.331780534818805], [-100.87519949957108, 21.331744485112104]], [[-100.87519949957108, 21.331744485112104], [-100.87516102343847, 21.33174680518732]], [[-100.87516349966909, 21.331782854895263], [-100.87516102343847, 21.33174680518732]], [[-100.87516102343847, 21.33174680518732], [-100.8751225473039, 21.331749125253804]], [[-100.87512502352526, 21.331785174962995], [-100.8751225473039, 21.331749125253804]], [[-100.8751225473039, 21.331749125253804], [-100.87508407116741, 21.331751445311568]], [[-100.87508654737947, 21.331787495022002], [-100.87508407116741, 21.331751445311568]], [[-100.87508407116741, 21.331751445311568], [-100.87504559502894, 21.3317537653606]], [[-100.87504807123175, 21.331789815072284], [-100.87504559502894, 21.3317537653606]], [[-100.87504559502894, 21.3317537653606], [-100.87500711888855, 21.33175608540091]], [[-100.87500959508206, 21.33179213511384], [-100.87500711888855, 21.33175608540091]], [[-100.87500711888855, 21.33175608540091], [-100.8749686427462, 21.3317584054325]], [[-100.87497111893045, 21.331794455146667], [-100.8749686427462, 21.3317584054325]], [[-100.8749686427462, 21.3317584054325], [-100.87493016660191, 21.33176072545535]], [[-100.8749326427769, 21.331796775170773], [-100.87493016660191, 21.33176072545535]], [[-100.87493016660191, 21.33176072545535], [-100.87489169045567, 21.33176304546948]], [[-100.87489416662137, 21.33179909518615], [-100.87489169045567, 21.33176304546948]], [[-100.87489169045567, 21.33176304546948], [-100.87485321430748, 21.33176536547488]], [[-100.87485569046392, 21.3318014151928], [-100.87485321430748, 21.33176536547488]], [[-100.87485321430748, 21.33176536547488], [-100.87481473815735, 21.331767685471565]], [[-100.87481721430451, 21.331803735190725], [-100.87481473815735, 21.331767685471565]], [[-100.87481473815735, 21.331767685471565], [-100.87477626200528, 21.33177000545951]], [[-100.87477873814316, 21.331806055179925], [-100.87477626200528, 21.33177000545951]], [[-100.87477626200528, 21.33177000545951], [-100.87473778585127, 21.33177232543874]], [[-100.87474026197985, 21.331808375160392], [-100.87473778585127, 21.33177232543874]], [[-100.87473778585127, 21.33177232543874], [-100.87469930969529, 21.33177464540924]], [[-100.87470178581462, 21.33181069513214], [-100.87469930969529, 21.33177464540924]], [[-100.87469930969529, 21.33177464540924], [-100.87466083353738, 21.33177696537101]], [[-100.87466330964743, 21.331813015095157], [-100.87466083353738, 21.33177696537101]], [[-100.87466083353738, 21.33177696537101], [-100.87462235737752, 21.331779285324057]], [[-100.8746248334783, 21.33181533504945], [-100.87462235737752, 21.331779285324057]], [[-100.87462235737752, 21.331779285324057], [-100.87458388121571, 21.33178160526837]], [[-100.87458635730722, 21.331817654995017], [-100.87458388121571, 21.33178160526837]], [[-100.87458388121571, 21.33178160526837], [-100.87454540505196, 21.33178392520397]], [[-100.8745478811342, 21.331819974931854], [-100.87454540505196, 21.33178392520397]], [[-100.87454540505196, 21.33178392520397], [-100.87450692888626, 21.331786245130832]], [[-100.87450940495923, 21.33182229485997], [-100.87450692888626, 21.331786245130832]], [[-100.87450692888626, 21.331786245130832], [-100.87446845271862, 21.331788565048974]], [[-100.87447092878232, 21.331824614779354], [-100.87446845271862, 21.331788565048974]], [[-100.87446845271862, 21.331788565048974], [-100.87442997654902, 21.33179088495839]], [[-100.87443245260344, 21.33182693469002], [-100.87442997654902, 21.33179088495839]], [[-100.87442997654902, 21.33179088495839], [-100.8743915003775, 21.331793204859082]], [[-100.87439397642264, 21.331829254591955], [-100.8743915003775, 21.331793204859082]], [[-100.8743915003775, 21.331793204859082], [-100.87435302420401, 21.33179552475104]], [[-100.87435550023989, 21.331831574485154], [-100.87435302420401, 21.33179552475104]], [[-100.87435302420401, 21.33179552475104], [-100.8743145480286, 21.331797844634274]], [[-100.87431702405519, 21.331833894369638], [-100.8743145480286, 21.331797844634274]], [[-100.8743145480286, 21.331797844634274], [-100.87427607185123, 21.33180016450879]], [[-100.87427854786854, 21.331836214245396], [-100.87427607185123, 21.33180016450879]], [[-100.87427607185123, 21.33180016450879], [-100.87423759567191, 21.33180248437457]], [[-100.87424007167995, 21.33183853411243], [-100.87423759567191, 21.33180248437457]], [[-100.87423759567191, 21.33180248437457], [-100.87419911949065, 21.331804804231624]], [[-100.87420159548942, 21.331840853970732], [-100.87419911949065, 21.331804804231624]], [[-100.87419911949065, 21.331804804231624], [-100.87416064330743, 21.33180712407996]], [[-100.87416311929694, 21.331843173820307], [-100.87416064330743, 21.33180712407996]], [[-100.87416064330743, 21.33180712407996], [-100.87412216712228, 21.33180944391956]], [[-100.87412464310252, 21.33184549366116], [-100.87412216712228, 21.33180944391956]], [[-100.87412216712228, 21.33180944391956], [-100.87408369093518, 21.331811763750444]], [[-100.87408616690612, 21.331847813493283], [-100.87408369093518, 21.331811763750444]], [[-100.87408369093518, 21.331811763750444], [-100.87404521474615, 21.33181408357259]], [[-100.87404769070781, 21.331850133316678], [-100.87404521474615, 21.33181408357259]], [[-100.87404521474615, 21.33181408357259], [-100.87400673855515, 21.33181640338601]], [[-100.87400921450755, 21.33185245313135], [-100.87400673855515, 21.33181640338601]], [[-100.87400673855515, 21.33181640338601], [-100.87396826236221, 21.33181872319071]], [[-100.87397073830535, 21.331854772937298], [-100.87396826236221, 21.33181872319071]], [[-100.87396826236221, 21.33181872319071], [-100.87392978616734, 21.331821042986682]], [[-100.87393226210119, 21.331857092734513], [-100.87392978616734, 21.331821042986682]], [[-100.87392978616734, 21.331821042986682], [-100.87389130997052, 21.331823362773928]], [[-100.87389378589508, 21.331859412523006], [-100.87389130997052, 21.331823362773928]], [[-100.87389130997052, 21.331823362773928], [-100.87385283377174, 21.33182568255245]], [[-100.87385530968704, 21.331861732302762], [-100.87385283377174, 21.33182568255245]], [[-100.87385283377174, 21.33182568255245], [-100.87381435757102, 21.331828002322244]], [[-100.87381683347705, 21.331864052073815], [-100.87381435757102, 21.331828002322244]], [[-100.87381435757102, 21.331828002322244], [-100.87377588136836, 21.331830322083306]], [[-100.87377835726512, 21.331866371836124], [-100.87377588136836, 21.331830322083306]], [[-100.87377588136836, 21.331830322083306], [-100.87373740516375, 21.331832641835653]], [[-100.87373988105124, 21.331868691589708], [-100.87373740516375, 21.331832641835653]], [[-100.87373740516375, 21.331832641835653], [-100.8736989289572, 21.33183496157926]], [[-100.8737014048354, 21.331871011334567], [-100.8736989289572, 21.33183496157926]], [[-100.8736989289572, 21.33183496157926], [-100.87366045274871, 21.331837281314158]], [[-100.87366292861763, 21.331873331070707], [-100.87366045274871, 21.331837281314158]], [[-100.87366045274871, 21.331837281314158], [-100.87362197653826, 21.331839601040315]], [[-100.87362445239792, 21.33187565079811], [-100.87362197653826, 21.331839601040315]], [[-100.87362197653826, 21.331839601040315], [-100.87358350032588, 21.331841920757753]], [[-100.87358597617624, 21.3318779705168], [-100.87358350032588, 21.331841920757753]], [[-100.87358597617624, 21.3318779705168], [-100.87354749995265, 21.331880290226746]], [[-100.87358350032588, 21.331841920757753], [-100.87354502411154, 21.331844240466463]], [[-100.87354749995265, 21.331880290226746], [-100.87354502411154, 21.331844240466463]], [[-100.87623835441605, 21.331681839782835], [-100.8762358779277, 21.331645790109537]], [[-100.8762358779277, 21.331645790109537], [-100.87619740185691, 21.33164811041911]], [[-100.87619987833598, 21.33168416009366], [-100.87619740185691, 21.33164811041911]], [[-100.87619740185691, 21.33164811041911], [-100.87615892578417, 21.331650430719954]], [[-100.87616140225397, 21.331686480395746], [-100.87615892578417, 21.331650430719954]], [[-100.87615892578417, 21.331650430719954], [-100.87612044970949, 21.331652751012076]], [[-100.87612292617001, 21.331688800689122], [-100.87612044970949, 21.331652751012076]], [[-100.87612044970949, 21.331652751012076], [-100.87608197363286, 21.331655071295472]], [[-100.87608445008411, 21.331691120973762], [-100.87608197363286, 21.331655071295472]], [[-100.87608197363286, 21.331655071295472], [-100.87604349755428, 21.33165739157014]], [[-100.87604597399626, 21.33169344124968], [-100.87604349755428, 21.33165739157014]], [[-100.87604349755428, 21.33165739157014], [-100.87600502147374, 21.331659711836085]], [[-100.87600749790646, 21.331695761516865], [-100.87600502147374, 21.331659711836085]], [[-100.87600502147374, 21.331659711836085], [-100.87596654539128, 21.331662032093302]], [[-100.87596902181471, 21.331698081775336], [-100.87596654539128, 21.331662032093302]], [[-100.87596654539128, 21.331662032093302], [-100.87592806930687, 21.331664352341793]], [[-100.87593054572102, 21.331700402025064], [-100.87592806930687, 21.331664352341793]], [[-100.87592806930687, 21.331664352341793], [-100.87588959322049, 21.33166667258155]], [[-100.87589206962538, 21.331702722266083], [-100.87588959322049, 21.33166667258155]], [[-100.87588959322049, 21.33166667258155], [-100.87585111713219, 21.33166899281259]], [[-100.8758535935278, 21.331705042498363], [-100.87585111713219, 21.33166899281259]], [[-100.87585111713219, 21.33166899281259], [-100.87581264104193, 21.331671313034903]], [[-100.87581511742827, 21.33170736272192], [-100.87581264104193, 21.331671313034903]], [[-100.87581264104193, 21.331671313034903], [-100.87577416494973, 21.33167363324849]], [[-100.8757766413268, 21.331709682936754], [-100.87577416494973, 21.33167363324849]], [[-100.87577416494973, 21.33167363324849], [-100.87573568885558, 21.331675953453352]], [[-100.87573816522337, 21.33171200314286], [-100.87573568885558, 21.331675953453352]], [[-100.87573568885558, 21.331675953453352], [-100.87569721275948, 21.331678273649484]], [[-100.875699689118, 21.331714323340243], [-100.87569721275948, 21.331678273649484]], [[-100.87569721275948, 21.331678273649484], [-100.87565873666144, 21.331680593836893]], [[-100.87566121301069, 21.331716643528896], [-100.87565873666144, 21.331680593836893]], [[-100.87565873666144, 21.331680593836893], [-100.87562026056145, 21.331682914015573]], [[-100.87562273690142, 21.331718963708823], [-100.87562026056145, 21.331682914015573]], [[-100.87562026056145, 21.331682914015573], [-100.87558178445951, 21.331685234185528]], [[-100.8755842607902, 21.33172128388003], [-100.87558178445951, 21.331685234185528]], [[-100.87558178445951, 21.331685234185528], [-100.87554330835563, 21.331687554346754]], [[-100.87554578467706, 21.331723604042505], [-100.87554330835563, 21.331687554346754]], [[-100.87554330835563, 21.331687554346754], [-100.87550483224982, 21.331689874499258]], [[-100.87550730856196, 21.33172592419626], [-100.87550483224982, 21.331689874499258]], [[-100.87550483224982, 21.331689874499258], [-100.87546635614204, 21.331692194643033]], [[-100.87546883244491, 21.331728244341274], [-100.87546635614204, 21.331692194643033]], [[-100.87546635614204, 21.331692194643033], [-100.87542788003232, 21.33169451477809]], [[-100.87543035632592, 21.331730564477574], [-100.87542788003232, 21.33169451477809]], [[-100.87542788003232, 21.33169451477809], [-100.87538940392066, 21.331696834904413]], [[-100.87539188020497, 21.331732884605145], [-100.87538940392066, 21.331696834904413]], [[-100.87538940392066, 21.331696834904413], [-100.87535092780705, 21.331699155022008]], [[-100.87535340408209, 21.331735204723994], [-100.87535092780705, 21.331699155022008]], [[-100.87535092780705, 21.331699155022008], [-100.87531245169149, 21.331701475130878]], [[-100.87531492795726, 21.331737524834107], [-100.87531245169149, 21.331701475130878]], [[-100.87531245169149, 21.331701475130878], [-100.87527397557399, 21.331703795231025]], [[-100.87527645183049, 21.331739844935505], [-100.87527397557399, 21.331703795231025]], [[-100.87527397557399, 21.331703795231025], [-100.87523549945453, 21.331706115322447]], [[-100.87523797570175, 21.331742165028167], [-100.87523549945453, 21.331706115322447]], [[-100.87523549945453, 21.331706115322447], [-100.87519702333313, 21.331708435405137]], [[-100.87519949957108, 21.331744485112104], [-100.87519702333313, 21.331708435405137]], [[-100.87519702333313, 21.331708435405137], [-100.87515854720981, 21.331710755479104]], [[-100.87516102343847, 21.33174680518732], [-100.87515854720981, 21.331710755479104]], [[-100.87515854720981, 21.331710755479104], [-100.87512007108451, 21.33171307554435]], [[-100.8751225473039, 21.331749125253804], [-100.87512007108451, 21.33171307554435]], [[-100.87512007108451, 21.33171307554435], [-100.87508159495727, 21.33171539560086]], [[-100.87508407116741, 21.331751445311568], [-100.87508159495727, 21.33171539560086]], [[-100.87508159495727, 21.33171539560086], [-100.87504311882809, 21.33171771564865]], [[-100.87504559502894, 21.3317537653606], [-100.87504311882809, 21.33171771564865]], [[-100.87504311882809, 21.33171771564865], [-100.87500464269696, 21.331720035687713]], [[-100.87500711888855, 21.33175608540091], [-100.87500464269696, 21.331720035687713]], [[-100.87500464269696, 21.331720035687713], [-100.8749661665639, 21.331722355718053]], [[-100.8749686427462, 21.3317584054325], [-100.8749661665639, 21.331722355718053]], [[-100.8749661665639, 21.331722355718053], [-100.87492769042888, 21.331724675739654]], [[-100.87493016660191, 21.33176072545535], [-100.87492769042888, 21.331724675739654]], [[-100.87492769042888, 21.331724675739654], [-100.87488921429191, 21.331726995752543]], [[-100.87489169045567, 21.33176304546948], [-100.87488921429191, 21.331726995752543]], [[-100.87488921429191, 21.331726995752543], [-100.874850738153, 21.3317293157567]], [[-100.87485321430748, 21.33176536547488], [-100.874850738153, 21.3317293157567]], [[-100.874850738153, 21.3317293157567], [-100.87481226201214, 21.331731635752135]], [[-100.87481473815735, 21.331767685471565], [-100.87481226201214, 21.331731635752135]], [[-100.87481226201214, 21.331731635752135], [-100.87477378586934, 21.331733955738834]], [[-100.87477626200528, 21.33177000545951], [-100.87477378586934, 21.331733955738834]], [[-100.87477378586934, 21.331733955738834], [-100.8747353097246, 21.331736275716807]], [[-100.87473778585127, 21.33177232543874], [-100.8747353097246, 21.331736275716807]], [[-100.8747353097246, 21.331736275716807], [-100.8746968335779, 21.331738595686065]], [[-100.87469930969529, 21.33177464540924], [-100.8746968335779, 21.331738595686065]], [[-100.8746968335779, 21.331738595686065], [-100.87465835742927, 21.331740915646588]], [[-100.87466083353738, 21.33177696537101], [-100.87465835742927, 21.331740915646588]], [[-100.87465835742927, 21.331740915646588], [-100.87461988127868, 21.331743235598392]], [[-100.87462235737752, 21.331779285324057], [-100.87461988127868, 21.331743235598392]], [[-100.87461988127868, 21.331743235598392], [-100.87458140512615, 21.33174555554147]], [[-100.87458388121571, 21.33178160526837], [-100.87458140512615, 21.33174555554147]], [[-100.87458140512615, 21.33174555554147], [-100.87454292897168, 21.33174787547581]], [[-100.87454540505196, 21.33178392520397], [-100.87454292897168, 21.33174787547581]], [[-100.87454292897168, 21.33174787547581], [-100.87450445281524, 21.33175019540143]], [[-100.87450692888626, 21.331786245130832], [-100.87450445281524, 21.33175019540143]], [[-100.87450445281524, 21.33175019540143], [-100.87446597665688, 21.331752515318325]], [[-100.87446845271862, 21.331788565048974], [-100.87446597665688, 21.331752515318325]], [[-100.87446597665688, 21.331752515318325], [-100.87442750049657, 21.33175483522649]], [[-100.87442997654902, 21.33179088495839], [-100.87442750049657, 21.33175483522649]], [[-100.87442750049657, 21.33175483522649], [-100.8743890243343, 21.33175715512594]], [[-100.8743915003775, 21.331793204859082], [-100.8743890243343, 21.33175715512594]], [[-100.8743890243343, 21.33175715512594], [-100.8743505481701, 21.33175947501665]], [[-100.87435302420401, 21.33179552475104], [-100.8743505481701, 21.33175947501665]], [[-100.8743505481701, 21.33175947501665], [-100.87431207200395, 21.331761794898636]], [[-100.8743145480286, 21.331797844634274], [-100.87431207200395, 21.331761794898636]], [[-100.87431207200395, 21.331761794898636], [-100.87427359583585, 21.331764114771904]], [[-100.87427607185123, 21.33180016450879], [-100.87427359583585, 21.331764114771904]], [[-100.87427359583585, 21.331764114771904], [-100.87423511966581, 21.331766434636442]], [[-100.87423759567191, 21.33180248437457], [-100.87423511966581, 21.331766434636442]], [[-100.87423511966581, 21.331766434636442], [-100.87419664349382, 21.33176875449225]], [[-100.87419911949065, 21.331804804231624], [-100.87419664349382, 21.33176875449225]], [[-100.87419664349382, 21.33176875449225], [-100.87415816731989, 21.33177107433934]], [[-100.87416064330743, 21.33180712407996], [-100.87415816731989, 21.33177107433934]], [[-100.87415816731989, 21.33177107433934], [-100.87411969114402, 21.331773394177688]], [[-100.87412216712228, 21.33180944391956], [-100.87411969114402, 21.331773394177688]], [[-100.87411969114402, 21.331773394177688], [-100.87408121496618, 21.331775714007318]], [[-100.87408369093518, 21.331811763750444], [-100.87408121496618, 21.331775714007318]], [[-100.87408121496618, 21.331775714007318], [-100.87404273878641, 21.331778033828225]], [[-100.87404521474615, 21.33181408357259], [-100.87404273878641, 21.331778033828225]], [[-100.87404273878641, 21.331778033828225], [-100.8740042626047, 21.331780353640408]], [[-100.87400673855515, 21.33181640338601], [-100.8740042626047, 21.331780353640408]], [[-100.8740042626047, 21.331780353640408], [-100.87396578642104, 21.331782673443865]], [[-100.87396826236221, 21.33181872319071], [-100.87396578642104, 21.331782673443865]], [[-100.87396578642104, 21.331782673443865], [-100.87392731023543, 21.33178499323859]], [[-100.87392978616734, 21.331821042986682], [-100.87392731023543, 21.33178499323859]], [[-100.87392731023543, 21.33178499323859], [-100.87388883404788, 21.331787313024588]], [[-100.87389130997052, 21.331823362773928], [-100.87388883404788, 21.331787313024588]], [[-100.87388883404788, 21.331787313024588], [-100.87385035785839, 21.33178963280186]], [[-100.87385283377174, 21.33182568255245], [-100.87385035785839, 21.33178963280186]], [[-100.87385035785839, 21.33178963280186], [-100.87381188166694, 21.33179195257041]], [[-100.87381435757102, 21.331828002322244], [-100.87381188166694, 21.33179195257041]], [[-100.87381188166694, 21.33179195257041], [-100.87377340547356, 21.331794272330235]], [[-100.87377588136836, 21.331830322083306], [-100.87377340547356, 21.331794272330235]], [[-100.87377340547356, 21.331794272330235], [-100.87373492927821, 21.331796592081325]], [[-100.87373740516375, 21.331832641835653], [-100.87373492927821, 21.331796592081325]], [[-100.87373492927821, 21.331796592081325], [-100.87369645308094, 21.331798911823693]], [[-100.8736989289572, 21.33183496157926], [-100.87369645308094, 21.331798911823693]], [[-100.87369645308094, 21.331798911823693], [-100.87365797688172, 21.331801231557336]], [[-100.87366045274871, 21.331837281314158], [-100.87365797688172, 21.331801231557336]], [[-100.87365797688172, 21.331801231557336], [-100.87361950068055, 21.331803551282253]], [[-100.87362197653826, 21.331839601040315], [-100.87361950068055, 21.331803551282253]], [[-100.87361950068055, 21.331803551282253], [-100.87358102447743, 21.33180587099844]], [[-100.87358350032588, 21.331841920757753], [-100.87358102447743, 21.33180587099844]], [[-100.87358102447743, 21.33180587099844], [-100.87354254827237, 21.3318081907059]], [[-100.87354502411154, 21.331844240466463], [-100.87354254827237, 21.3318081907059]], [[-100.87354502411154, 21.331844240466463], [-100.87350654789526, 21.331846560166444]], [[-100.87354254827237, 21.3318081907059], [-100.87350407206536, 21.33181051040464]], [[-100.87350654789526, 21.331846560166444], [-100.87350407206536, 21.33181051040464]], [[-100.8762358779277, 21.331645790109537], [-100.87623340144131, 21.331609740435958]], [[-100.87623340144131, 21.331609740435958], [-100.87619492537979, 21.331612060744288]], [[-100.87619740185691, 21.33164811041911], [-100.87619492537979, 21.331612060744288]], [[-100.87619492537979, 21.331612060744288], [-100.87615644931631, 21.331614381043888]], [[-100.87615892578417, 21.331650430719954], [-100.87615644931631, 21.331614381043888]], [[-100.87615644931631, 21.331614381043888], [-100.8761179732509, 21.331616701334763]], [[-100.87612044970949, 21.331652751012076], [-100.8761179732509, 21.331616701334763]], [[-100.8761179732509, 21.331616701334763], [-100.87607949718354, 21.331619021616905]], [[-100.87608197363286, 21.331655071295472], [-100.87607949718354, 21.331619021616905]], [[-100.87607949718354, 21.331619021616905], [-100.87604102111425, 21.33162134189033]], [[-100.87604349755428, 21.33165739157014], [-100.87604102111425, 21.33162134189033]], [[-100.87604102111425, 21.33162134189033], [-100.876002545043, 21.331623662155025]], [[-100.87600502147374, 21.331659711836085], [-100.876002545043, 21.331623662155025]], [[-100.876002545043, 21.331623662155025], [-100.8759640689698, 21.331625982410994]], [[-100.87596654539128, 21.331662032093302], [-100.8759640689698, 21.331625982410994]], [[-100.8759640689698, 21.331625982410994], [-100.87592559289466, 21.331628302658242]], [[-100.87592806930687, 21.331664352341793], [-100.87592559289466, 21.331628302658242]], [[-100.87592559289466, 21.331628302658242], [-100.87588711681757, 21.331630622896757]], [[-100.87588959322049, 21.33166667258155], [-100.87588711681757, 21.331630622896757]], [[-100.87588711681757, 21.331630622896757], [-100.87584864073854, 21.331632943126547]], [[-100.87585111713219, 21.33166899281259], [-100.87584864073854, 21.331632943126547]], [[-100.87584864073854, 21.331632943126547], [-100.87581016465755, 21.331635263347614]], [[-100.87581264104193, 21.331671313034903], [-100.87581016465755, 21.331635263347614]], [[-100.87581016465755, 21.331635263347614], [-100.87577168857463, 21.331637583559953]], [[-100.87577416494973, 21.33167363324849], [-100.87577168857463, 21.331637583559953]], [[-100.87577168857463, 21.331637583559953], [-100.87573321248975, 21.331639903763566]], [[-100.87573568885558, 21.331675953453352], [-100.87573321248975, 21.331639903763566]], [[-100.87573321248975, 21.331639903763566], [-100.87569473640293, 21.33164222395845]], [[-100.87569721275948, 21.331678273649484], [-100.87569473640293, 21.33164222395845]], [[-100.87569473640293, 21.33164222395845], [-100.87565626031416, 21.331644544144613]], [[-100.87565873666144, 21.331680593836893], [-100.87565626031416, 21.331644544144613]], [[-100.87565626031416, 21.331644544144613], [-100.87561778422345, 21.331646864322046]], [[-100.87562026056145, 21.331682914015573], [-100.87561778422345, 21.331646864322046]], [[-100.87561778422345, 21.331646864322046], [-100.87557930813078, 21.331649184490757]], [[-100.87558178445951, 21.331685234185528], [-100.87557930813078, 21.331649184490757]], [[-100.87557930813078, 21.331649184490757], [-100.87554083203618, 21.331651504650736]], [[-100.87554330835563, 21.331687554346754], [-100.87554083203618, 21.331651504650736]], [[-100.87554083203618, 21.331651504650736], [-100.87550235593963, 21.331653824801997]], [[-100.87550483224982, 21.331689874499258], [-100.87550235593963, 21.331653824801997]], [[-100.87550235593963, 21.331653824801997], [-100.87546387984112, 21.331656144944525]], [[-100.87546635614204, 21.331692194643033], [-100.87546387984112, 21.331656144944525]], [[-100.87546387984112, 21.331656144944525], [-100.87542540374068, 21.331658465078327]], [[-100.87542788003232, 21.33169451477809], [-100.87542540374068, 21.331658465078327]], [[-100.87542540374068, 21.331658465078327], [-100.87538692763829, 21.331660785203404]], [[-100.87538940392066, 21.331696834904413], [-100.87538692763829, 21.331660785203404]], [[-100.87538692763829, 21.331660785203404], [-100.87534845153395, 21.33166310531976]], [[-100.87535092780705, 21.331699155022008], [-100.87534845153395, 21.33166310531976]], [[-100.87534845153395, 21.33166310531976], [-100.87530997542765, 21.331665425427385]], [[-100.87531245169149, 21.331701475130878], [-100.87530997542765, 21.331665425427385]], [[-100.87530997542765, 21.331665425427385], [-100.87527149931942, 21.331667745526282]], [[-100.87527397557399, 21.331703795231025], [-100.87527149931942, 21.331667745526282]], [[-100.87527149931942, 21.331667745526282], [-100.87523302320926, 21.331670065616454]], [[-100.87523549945453, 21.331706115322447], [-100.87523302320926, 21.331670065616454]], [[-100.87523302320926, 21.331670065616454], [-100.87519454709714, 21.3316723856979]], [[-100.87519702333313, 21.331708435405137], [-100.87519454709714, 21.3316723856979]], [[-100.87519454709714, 21.3316723856979], [-100.87515607098307, 21.331674705770617]], [[-100.87515854720981, 21.331710755479104], [-100.87515607098307, 21.331674705770617]], [[-100.87515607098307, 21.331674705770617], [-100.87511759486705, 21.331677025834615]], [[-100.87512007108451, 21.33171307554435], [-100.87511759486705, 21.331677025834615]], [[-100.87511759486705, 21.331677025834615], [-100.8750791187491, 21.33167934588988]], [[-100.87508159495727, 21.33171539560086], [-100.8750791187491, 21.33167934588988]], [[-100.8750791187491, 21.33167934588988], [-100.87504064262919, 21.331681665936426]], [[-100.87504311882809, 21.33171771564865], [-100.87504064262919, 21.331681665936426]], [[-100.87504064262919, 21.331681665936426], [-100.87500216650733, 21.33168398597424]], [[-100.87500464269696, 21.331720035687713], [-100.87500216650733, 21.33168398597424]], [[-100.87500216650733, 21.33168398597424], [-100.87496369038352, 21.331686306003327]], [[-100.8749661665639, 21.331722355718053], [-100.87496369038352, 21.331686306003327]], [[-100.87496369038352, 21.331686306003327], [-100.87492521425779, 21.331688626023695]], [[-100.87492769042888, 21.331724675739654], [-100.87492521425779, 21.331688626023695]], [[-100.87492521425779, 21.331688626023695], [-100.8748867381301, 21.33169094603533]], [[-100.87488921429191, 21.331726995752543], [-100.8748867381301, 21.33169094603533]], [[-100.8748867381301, 21.33169094603533], [-100.87484826200047, 21.331693266038236]], [[-100.874850738153, 21.3317293157567], [-100.87484826200047, 21.331693266038236]], [[-100.87484826200047, 21.331693266038236], [-100.87480978586889, 21.33169558603242]], [[-100.87481226201214, 21.331731635752135], [-100.87480978586889, 21.33169558603242]], [[-100.87480978586889, 21.33169558603242], [-100.87477130973535, 21.33169790601788]], [[-100.87477378586934, 21.331733955738834], [-100.87477130973535, 21.33169790601788]], [[-100.87477130973535, 21.33169790601788], [-100.87473283359988, 21.331700225994613]], [[-100.8747353097246, 21.331736275716807], [-100.87473283359988, 21.331700225994613]], [[-100.87473283359988, 21.331700225994613], [-100.87469435746246, 21.331702545962617]], [[-100.8746968335779, 21.331738595686065], [-100.87469435746246, 21.331702545962617]], [[-100.87469435746246, 21.331702545962617], [-100.8746558813231, 21.331704865921896]], [[-100.87465835742927, 21.331740915646588], [-100.8746558813231, 21.331704865921896]], [[-100.8746558813231, 21.331704865921896], [-100.87461740518178, 21.331707185872453]], [[-100.87461988127868, 21.331743235598392], [-100.87461740518178, 21.331707185872453]], [[-100.87461740518178, 21.331707185872453], [-100.87457892903853, 21.33170950581428]], [[-100.87458140512615, 21.33174555554147], [-100.87457892903853, 21.33170950581428]], [[-100.87457892903853, 21.33170950581428], [-100.87454045289333, 21.331711825747377]], [[-100.87454292897168, 21.33174787547581], [-100.87454045289333, 21.331711825747377]], [[-100.87454045289333, 21.331711825747377], [-100.87450197674617, 21.331714145671757]], [[-100.87450445281524, 21.33175019540143], [-100.87450197674617, 21.331714145671757]], [[-100.87450197674617, 21.331714145671757], [-100.87446350059707, 21.3317164655874]], [[-100.87446597665688, 21.331752515318325], [-100.87446350059707, 21.3317164655874]], [[-100.87446350059707, 21.3317164655874], [-100.87442502444604, 21.331718785494324]], [[-100.87442750049657, 21.33175483522649], [-100.87442502444604, 21.331718785494324]], [[-100.87442502444604, 21.331718785494324], [-100.87438654829305, 21.33172110539253]], [[-100.8743890243343, 21.33175715512594], [-100.87438654829305, 21.33172110539253]], [[-100.87438654829305, 21.33172110539253], [-100.87434807213812, 21.33172342528199]], [[-100.8743505481701, 21.33175947501665], [-100.87434807213812, 21.33172342528199]], [[-100.87434807213812, 21.33172342528199], [-100.87430959598125, 21.331725745162732]], [[-100.87431207200395, 21.331761794898636], [-100.87430959598125, 21.331725745162732]], [[-100.87430959598125, 21.331725745162732], [-100.87427111982242, 21.33172806503475]], [[-100.87427359583585, 21.331764114771904], [-100.87427111982242, 21.33172806503475]], [[-100.87427111982242, 21.33172806503475], [-100.87423264366166, 21.33173038489804]], [[-100.87423511966581, 21.331766434636442], [-100.87423264366166, 21.33173038489804]], [[-100.87423264366166, 21.33173038489804], [-100.87419416749894, 21.331732704752604]], [[-100.87419664349382, 21.33176875449225], [-100.87419416749894, 21.331732704752604]], [[-100.87419416749894, 21.331732704752604], [-100.87415569133428, 21.331735024598444]], [[-100.87415816731989, 21.33177107433934], [-100.87415569133428, 21.331735024598444]], [[-100.87415569133428, 21.331735024598444], [-100.87411721516767, 21.331737344435552]], [[-100.87411969114402, 21.331773394177688], [-100.87411721516767, 21.331737344435552]], [[-100.87411721516767, 21.331737344435552], [-100.87407873899912, 21.33173966426394]], [[-100.87408121496618, 21.331775714007318], [-100.87407873899912, 21.33173966426394]], [[-100.87407873899912, 21.33173966426394], [-100.87404026282863, 21.3317419840836]], [[-100.87404273878641, 21.331778033828225], [-100.87404026282863, 21.3317419840836]], [[-100.87404026282863, 21.3317419840836], [-100.87400178665618, 21.33174430389453]], [[-100.8740042626047, 21.331780353640408], [-100.87400178665618, 21.33174430389453]], [[-100.87400178665618, 21.33174430389453], [-100.8739633104818, 21.331746623696738]], [[-100.87396578642104, 21.331782673443865], [-100.8739633104818, 21.331746623696738]], [[-100.8739633104818, 21.331746623696738], [-100.87392483430547, 21.331748943490222]], [[-100.87392731023543, 21.33178499323859], [-100.87392483430547, 21.331748943490222]], [[-100.87392483430547, 21.331748943490222], [-100.8738863581272, 21.33175126327497]], [[-100.87388883404788, 21.331787313024588], [-100.8738863581272, 21.33175126327497]], [[-100.8738863581272, 21.33175126327497], [-100.87384788194697, 21.331753583051004]], [[-100.87385035785839, 21.33178963280186], [-100.87384788194697, 21.331753583051004]], [[-100.87384788194697, 21.331753583051004], [-100.87380940576479, 21.331755902818298]], [[-100.87381188166694, 21.33179195257041], [-100.87380940576479, 21.331755902818298]], [[-100.87380940576479, 21.331755902818298], [-100.87377092958069, 21.33175822257688]], [[-100.87377340547356, 21.331794272330235], [-100.87377092958069, 21.33175822257688]], [[-100.87377092958069, 21.33175822257688], [-100.87373245339462, 21.331760542326727]], [[-100.87373492927821, 21.331796592081325], [-100.87373245339462, 21.331760542326727]], [[-100.87373245339462, 21.331760542326727], [-100.87369397720661, 21.33176286206785]], [[-100.87369645308094, 21.331798911823693], [-100.87369397720661, 21.33176286206785]], [[-100.87369397720661, 21.33176286206785], [-100.87365550101667, 21.331765181800243]], [[-100.87365797688172, 21.331801231557336], [-100.87365550101667, 21.331765181800243]], [[-100.87365550101667, 21.331765181800243], [-100.87361702482478, 21.33176750152391]], [[-100.87361950068055, 21.331803551282253], [-100.87361702482478, 21.33176750152391]], [[-100.87361702482478, 21.33176750152391], [-100.87357854863093, 21.331769821238854]], [[-100.87358102447743, 21.33180587099844], [-100.87357854863093, 21.331769821238854]], [[-100.87357854863093, 21.331769821238854], [-100.87354007243515, 21.33177214094507]], [[-100.87354254827237, 21.3318081907059], [-100.87354007243515, 21.33177214094507]], [[-100.87354007243515, 21.33177214094507], [-100.87350159623742, 21.331774460642563]], [[-100.87350407206536, 21.33181051040464], [-100.87350159623742, 21.331774460642563]], [[-100.87350407206536, 21.33181051040464], [-100.8734655958564, 21.33181283009465]], [[-100.87350159623742, 21.331774460642563], [-100.87346312003774, 21.33177678033132]], [[-100.8734655958564, 21.33181283009465], [-100.87346312003774, 21.33177678033132]], [[-100.87627187750087, 21.331607420118907], [-100.87623340144131, 21.331609740435958]], [[-100.87627187750087, 21.331607420118907], [-100.87626940100715, 21.33157137044631]], [[-100.87626940100715, 21.33157137044631], [-100.87623092495686, 21.33157369076212]], [[-100.87623340144131, 21.331609740435958], [-100.87623092495686, 21.33157369076212]], [[-100.87623092495686, 21.33157369076212], [-100.8761924489046, 21.331576011069192]], [[-100.87619492537979, 21.331612060744288], [-100.8761924489046, 21.331576011069192]], [[-100.8761924489046, 21.331576011069192], [-100.8761539728504, 21.33157833136755]], [[-100.87615644931631, 21.331614381043888], [-100.8761539728504, 21.33157833136755]], [[-100.8761539728504, 21.33157833136755], [-100.87611549679427, 21.33158065165717]], [[-100.8761179732509, 21.331616701334763], [-100.87611549679427, 21.33158065165717]], [[-100.87611549679427, 21.33158065165717], [-100.87607702073619, 21.331582971938072]], [[-100.87607949718354, 21.331619021616905], [-100.87607702073619, 21.331582971938072]], [[-100.87607702073619, 21.331582971938072], [-100.87603854467616, 21.331585292210253]], [[-100.87604102111425, 21.33162134189033], [-100.87603854467616, 21.331585292210253]], [[-100.87603854467616, 21.331585292210253], [-100.87600006861419, 21.3315876124737]], [[-100.876002545043, 21.331623662155025], [-100.87600006861419, 21.3315876124737]], [[-100.87600006861419, 21.3315876124737], [-100.87596159255027, 21.331589932728424]], [[-100.8759640689698, 21.331625982410994], [-100.87596159255027, 21.331589932728424]], [[-100.87596159255027, 21.331589932728424], [-100.8759231164844, 21.331592252974417]], [[-100.87592559289466, 21.331628302658242], [-100.8759231164844, 21.331592252974417]], [[-100.8759231164844, 21.331592252974417], [-100.87588464041657, 21.33159457321169]], [[-100.87588711681757, 21.331630622896757], [-100.87588464041657, 21.33159457321169]], [[-100.87588464041657, 21.33159457321169], [-100.87584616434681, 21.33159689344023]], [[-100.87584864073854, 21.331632943126547], [-100.87584616434681, 21.33159689344023]], [[-100.87584616434681, 21.33159689344023], [-100.8758076882751, 21.331599213660056]], [[-100.87581016465755, 21.331635263347614], [-100.8758076882751, 21.331599213660056]], [[-100.8758076882751, 21.331599213660056], [-100.87576921220145, 21.331601533871144]], [[-100.87577168857463, 21.331637583559953], [-100.87576921220145, 21.331601533871144]], [[-100.87576921220145, 21.331601533871144], [-100.87573073612586, 21.331603854073506]], [[-100.87573321248975, 21.331639903763566], [-100.87573073612586, 21.331603854073506]], [[-100.87573073612586, 21.331603854073506], [-100.87569226004831, 21.331606174267158]], [[-100.87569473640293, 21.33164222395845], [-100.87569226004831, 21.331606174267158]], [[-100.87569226004831, 21.331606174267158], [-100.87565378396881, 21.331608494452066]], [[-100.87565626031416, 21.331644544144613], [-100.87565378396881, 21.331608494452066]], [[-100.87565378396881, 21.331608494452066], [-100.87561530788737, 21.331610814628256]], [[-100.87561778422345, 21.331646864322046], [-100.87561530788737, 21.331610814628256]], [[-100.87561530788737, 21.331610814628256], [-100.87557683180398, 21.33161313479571]], [[-100.87557930813078, 21.331649184490757], [-100.87557683180398, 21.33161313479571]], [[-100.87557683180398, 21.33161313479571], [-100.87553835571866, 21.33161545495445]], [[-100.87554083203618, 21.331651504650736], [-100.87553835571866, 21.33161545495445]], [[-100.87553835571866, 21.33161545495445], [-100.87549987963138, 21.331617775104455]], [[-100.87550235593963, 21.331653824801997], [-100.87549987963138, 21.331617775104455]], [[-100.87549987963138, 21.331617775104455], [-100.87546140354215, 21.33162009524574]], [[-100.87546387984112, 21.331656144944525], [-100.87546140354215, 21.33162009524574]], [[-100.87546140354215, 21.33162009524574], [-100.87542292745098, 21.3316224153783]], [[-100.87542540374068, 21.331658465078327], [-100.87542292745098, 21.3316224153783]], [[-100.87542292745098, 21.3316224153783], [-100.87538445135786, 21.331624735502132]], [[-100.87538692763829, 21.331660785203404], [-100.87538445135786, 21.331624735502132]], [[-100.87538445135786, 21.331624735502132], [-100.87534597526279, 21.331627055617233]], [[-100.87534845153395, 21.33166310531976], [-100.87534597526279, 21.331627055617233]], [[-100.87534597526279, 21.331627055617233], [-100.87530749916579, 21.331629375723605]], [[-100.87530997542765, 21.331665425427385], [-100.87530749916579, 21.331629375723605]], [[-100.87530749916579, 21.331629375723605], [-100.87526902306682, 21.331631695821265]], [[-100.87527149931942, 21.331667745526282], [-100.87526902306682, 21.331631695821265]], [[-100.87526902306682, 21.331631695821265], [-100.87523054696592, 21.33163401591019]], [[-100.87523302320926, 21.331670065616454], [-100.87523054696592, 21.33163401591019]], [[-100.87523054696592, 21.33163401591019], [-100.87519207086306, 21.331636335990392]], [[-100.87519454709714, 21.3316723856979], [-100.87519207086306, 21.331636335990392]], [[-100.87519207086306, 21.331636335990392], [-100.87515359475829, 21.331638656061862]], [[-100.87515607098307, 21.331674705770617], [-100.87515359475829, 21.331638656061862]], [[-100.87515359475829, 21.331638656061862], [-100.87511511865154, 21.331640976124614]], [[-100.87511759486705, 21.331677025834615], [-100.87511511865154, 21.331640976124614]], [[-100.87511511865154, 21.331640976124614], [-100.87507664254285, 21.33164329617863]], [[-100.8750791187491, 21.33167934588988], [-100.87507664254285, 21.33164329617863]], [[-100.87507664254285, 21.33164329617863], [-100.87503816643222, 21.33164561622393]], [[-100.87504064262919, 21.331681665936426], [-100.87503816643222, 21.33164561622393]], [[-100.87503816643222, 21.33164561622393], [-100.87499969031964, 21.331647936260495]], [[-100.87500216650733, 21.33168398597424], [-100.87499969031964, 21.331647936260495]], [[-100.87499969031964, 21.331647936260495], [-100.87496121420513, 21.331650256288338]], [[-100.87496369038352, 21.331686306003327], [-100.87496121420513, 21.331650256288338]], [[-100.87496121420513, 21.331650256288338], [-100.87492273808864, 21.33165257630745]], [[-100.87492521425779, 21.331688626023695], [-100.87492273808864, 21.33165257630745]], [[-100.87492273808864, 21.33165257630745], [-100.87488426197024, 21.33165489631785]], [[-100.8748867381301, 21.33169094603533], [-100.87488426197024, 21.33165489631785]], [[-100.87488426197024, 21.33165489631785], [-100.87484578584987, 21.331657216319506]], [[-100.87484826200047, 21.331693266038236], [-100.87484578584987, 21.331657216319506]], [[-100.87484578584987, 21.331657216319506], [-100.87480730972756, 21.331659536312447]], [[-100.87480978586889, 21.33169558603242], [-100.87480730972756, 21.331659536312447]], [[-100.87480730972756, 21.331659536312447], [-100.8747688336033, 21.331661856296655]], [[-100.87477130973535, 21.33169790601788], [-100.8747688336033, 21.331661856296655]], [[-100.8747688336033, 21.331661856296655], [-100.8747303574771, 21.331664176272145]], [[-100.87473283359988, 21.331700225994613], [-100.8747303574771, 21.331664176272145]], [[-100.8747303574771, 21.331664176272145], [-100.87469188134897, 21.331666496238903]], [[-100.87469435746246, 21.331702545962617], [-100.87469188134897, 21.331666496238903]], [[-100.87469188134897, 21.331666496238903], [-100.87465340521888, 21.33166881619694]], [[-100.8746558813231, 21.331704865921896], [-100.87465340521888, 21.33166881619694]], [[-100.87465340521888, 21.33166881619694], [-100.87461492908683, 21.331671136146245]], [[-100.87461740518178, 21.331707185872453], [-100.87461492908683, 21.331671136146245]], [[-100.87461492908683, 21.331671136146245], [-100.87457645295285, 21.331673456086822]], [[-100.87457892903853, 21.33170950581428], [-100.87457645295285, 21.331673456086822]], [[-100.87457645295285, 21.331673456086822], [-100.87453797681692, 21.33167577601868]], [[-100.87454045289333, 21.331711825747377], [-100.87453797681692, 21.33167577601868]], [[-100.87453797681692, 21.33167577601868], [-100.87449950067905, 21.33167809594181]], [[-100.87450197674617, 21.331714145671757], [-100.87449950067905, 21.33167809594181]], [[-100.87449950067905, 21.33167809594181], [-100.87446102453923, 21.33168041585621]], [[-100.87446350059707, 21.3317164655874], [-100.87446102453923, 21.33168041585621]], [[-100.87446102453923, 21.33168041585621], [-100.87442254839746, 21.331682735761888]], [[-100.87442502444604, 21.331718785494324], [-100.87442254839746, 21.331682735761888]], [[-100.87442254839746, 21.331682735761888], [-100.87438407225375, 21.331685055658834]], [[-100.87438654829305, 21.33172110539253], [-100.87438407225375, 21.331685055658834]], [[-100.87438407225375, 21.331685055658834], [-100.87434559610809, 21.331687375547048]], [[-100.87434807213812, 21.33172342528199], [-100.87434559610809, 21.331687375547048]], [[-100.87434559610809, 21.331687375547048], [-100.87430711996049, 21.331689695426554]], [[-100.87430959598125, 21.331725745162732], [-100.87430711996049, 21.331689695426554]], [[-100.87430711996049, 21.331689695426554], [-100.87426864381094, 21.331692015297325]], [[-100.87427111982242, 21.33172806503475], [-100.87426864381094, 21.331692015297325]], [[-100.87426864381094, 21.331692015297325], [-100.87423016765945, 21.331694335159366]], [[-100.87423264366166, 21.33173038489804], [-100.87423016765945, 21.331694335159366]], [[-100.87423016765945, 21.331694335159366], [-100.874191691506, 21.33169665501268]], [[-100.87419416749894, 21.331732704752604], [-100.874191691506, 21.33169665501268]], [[-100.874191691506, 21.33169665501268], [-100.87415321535062, 21.33169897485727]], [[-100.87415569133428, 21.331735024598444], [-100.87415321535062, 21.33169897485727]], [[-100.87415321535062, 21.33169897485727], [-100.87411473919329, 21.33170129469314]], [[-100.87411721516767, 21.331737344435552], [-100.87411473919329, 21.33170129469314]], [[-100.87411473919329, 21.33170129469314], [-100.87407626303401, 21.331703614520286]], [[-100.87407873899912, 21.33173966426394], [-100.87407626303401, 21.331703614520286]], [[-100.87407626303401, 21.331703614520286], [-100.87403778687279, 21.331705934338693]], [[-100.87404026282863, 21.3317419840836], [-100.87403778687279, 21.331705934338693]], [[-100.87403778687279, 21.331705934338693], [-100.87399931070964, 21.331708254148385]], [[-100.87400178665618, 21.33174430389453], [-100.87399931070964, 21.331708254148385]], [[-100.87399931070964, 21.331708254148385], [-100.87396083454452, 21.33171057394934]], [[-100.8739633104818, 21.331746623696738], [-100.87396083454452, 21.33171057394934]], [[-100.87396083454452, 21.33171057394934], [-100.87392235837746, 21.33171289374158]], [[-100.87392483430547, 21.331748943490222], [-100.87392235837746, 21.33171289374158]], [[-100.87392235837746, 21.33171289374158], [-100.87388388220845, 21.331715213525086]], [[-100.8738863581272, 21.33175126327497], [-100.87388388220845, 21.331715213525086]], [[-100.87388388220845, 21.331715213525086], [-100.87384540603749, 21.331717533299866]], [[-100.87384788194697, 21.331753583051004], [-100.87384540603749, 21.331717533299866]], [[-100.87384540603749, 21.331717533299866], [-100.87380692986461, 21.33171985306592]], [[-100.87380940576479, 21.331755902818298], [-100.87380692986461, 21.33171985306592]], [[-100.87380692986461, 21.33171985306592], [-100.87376845368976, 21.331722172823252]], [[-100.87377092958069, 21.33175822257688], [-100.87376845368976, 21.331722172823252]], [[-100.87376845368976, 21.331722172823252], [-100.87372997751298, 21.331724492571848]], [[-100.87373245339462, 21.331760542326727], [-100.87372997751298, 21.331724492571848]], [[-100.87372997751298, 21.331724492571848], [-100.87369150133425, 21.331726812311725]], [[-100.87369397720661, 21.33176286206785], [-100.87369150133425, 21.331726812311725]], [[-100.87369150133425, 21.331726812311725], [-100.87365302515357, 21.331729132042877]], [[-100.87365550101667, 21.331765181800243], [-100.87365302515357, 21.331729132042877]], [[-100.87365302515357, 21.331729132042877], [-100.87361454897095, 21.3317314517653]], [[-100.87361702482478, 21.33176750152391], [-100.87361454897095, 21.3317314517653]], [[-100.87361454897095, 21.3317314517653], [-100.87357607278639, 21.331733771478994]], [[-100.87357854863093, 21.331769821238854], [-100.87357607278639, 21.331733771478994]], [[-100.87357607278639, 21.331733771478994], [-100.87353759659987, 21.331736091183966]], [[-100.87354007243515, 21.33177214094507], [-100.87353759659987, 21.331736091183966]], [[-100.87353759659987, 21.331736091183966], [-100.87349912041141, 21.331738410880213]], [[-100.87350159623742, 21.331774460642563], [-100.87349912041141, 21.331738410880213]], [[-100.87349912041141, 21.331738410880213], [-100.87346064422101, 21.331740730567738]], [[-100.87346312003774, 21.33177678033132], [-100.87346064422101, 21.331740730567738]], [[-100.87626940100715, 21.33157137044631], [-100.87626692451536, 21.331535320773433]], [[-100.87626692451536, 21.331535320773433], [-100.87622844847435, 21.331537641088]], [[-100.87623092495686, 21.33157369076212], [-100.87622844847435, 21.331537641088]], [[-100.87622844847435, 21.331537641088], [-100.87618997243136, 21.33153996139383]], [[-100.8761924489046, 21.331576011069192], [-100.87618997243136, 21.33153996139383]], [[-100.87618997243136, 21.33153996139383], [-100.87615149638646, 21.33154228169093]], [[-100.8761539728504, 21.33157833136755], [-100.87615149638646, 21.33154228169093]], [[-100.87615149638646, 21.33154228169093], [-100.87611302033959, 21.331544601979314]], [[-100.87611549679427, 21.33158065165717], [-100.87611302033959, 21.331544601979314]], [[-100.87611302033959, 21.331544601979314], [-100.87607454429079, 21.331546922258973]], [[-100.87607702073619, 21.331582971938072], [-100.87607454429079, 21.331546922258973]], [[-100.87607454429079, 21.331546922258973], [-100.87603606824003, 21.3315492425299]], [[-100.87603854467616, 21.331585292210253], [-100.87603606824003, 21.3315492425299]], [[-100.87603606824003, 21.3315492425299], [-100.87599759218732, 21.331551562792104]], [[-100.87600006861419, 21.3315876124737], [-100.87599759218732, 21.331551562792104]], [[-100.87599759218732, 21.331551562792104], [-100.87595911613268, 21.331553883045576]], [[-100.87596159255027, 21.331589932728424], [-100.87595911613268, 21.331553883045576]], [[-100.87595911613268, 21.331553883045576], [-100.87592064007607, 21.331556203290326]], [[-100.8759231164844, 21.331592252974417], [-100.87592064007607, 21.331556203290326]], [[-100.87592064007607, 21.331556203290326], [-100.87588216401754, 21.331558523526347]], [[-100.87588464041657, 21.33159457321169], [-100.87588216401754, 21.331558523526347]], [[-100.87588216401754, 21.331558523526347], [-100.87584368795706, 21.331560843753646]], [[-100.87584616434681, 21.33159689344023], [-100.87584368795706, 21.331560843753646]], [[-100.87584368795706, 21.331560843753646], [-100.87580521189462, 21.331563163972216]], [[-100.8758076882751, 21.331599213660056], [-100.87580521189462, 21.331563163972216]], [[-100.87580521189462, 21.331563163972216], [-100.87576673583023, 21.331565484182068]], [[-100.87576921220145, 21.331601533871144], [-100.87576673583023, 21.331565484182068]], [[-100.87576673583023, 21.331565484182068], [-100.8757282597639, 21.33156780438318]], [[-100.87573073612586, 21.331603854073506], [-100.8757282597639, 21.33156780438318]], [[-100.8757282597639, 21.33156780438318], [-100.87568978369563, 21.331570124575574]], [[-100.87569226004831, 21.331606174267158], [-100.87568978369563, 21.331570124575574]], [[-100.87568978369563, 21.331570124575574], [-100.87565130762542, 21.331572444759242]], [[-100.87565378396881, 21.331608494452066], [-100.87565130762542, 21.331572444759242]], [[-100.87565130762542, 21.331572444759242], [-100.87561283155325, 21.331574764934178]], [[-100.87561530788737, 21.331610814628256], [-100.87561283155325, 21.331574764934178]], [[-100.87561283155325, 21.331574764934178], [-100.87557435547913, 21.3315770851004]], [[-100.87557683180398, 21.33161313479571], [-100.87557435547913, 21.3315770851004]], [[-100.87557435547913, 21.3315770851004], [-100.87553587940307, 21.331579405257884]], [[-100.87553835571866, 21.33161545495445], [-100.87553587940307, 21.331579405257884]], [[-100.87553587940307, 21.331579405257884], [-100.87549740332507, 21.331581725406647]], [[-100.87549987963138, 21.331617775104455], [-100.87549740332507, 21.331581725406647]], [[-100.87549740332507, 21.331581725406647], [-100.87545892724512, 21.331584045546684]], [[-100.87546140354215, 21.33162009524574], [-100.87545892724512, 21.331584045546684]], [[-100.87545892724512, 21.331584045546684], [-100.87542045116322, 21.331586365677996]], [[-100.87542292745098, 21.3316224153783], [-100.87542045116322, 21.331586365677996]], [[-100.87542045116322, 21.331586365677996], [-100.87538197507938, 21.33158868580058]], [[-100.87538445135786, 21.331624735502132], [-100.87538197507938, 21.33158868580058]], [[-100.87538197507938, 21.33158868580058], [-100.87534349899359, 21.331591005914436]], [[-100.87534597526279, 21.331627055617233], [-100.87534349899359, 21.331591005914436]], [[-100.87534349899359, 21.331591005914436], [-100.87530502290585, 21.33159332601957]], [[-100.87530749916579, 21.331629375723605], [-100.87530502290585, 21.33159332601957]], [[-100.87530502290585, 21.33159332601957], [-100.87526654681616, 21.331595646115975]], [[-100.87526902306682, 21.331631695821265], [-100.87526654681616, 21.331595646115975]], [[-100.87526654681616, 21.331595646115975], [-100.87522807072455, 21.331597966203653]], [[-100.87523054696592, 21.33163401591019], [-100.87522807072455, 21.331597966203653]], [[-100.87522807072455, 21.331597966203653], [-100.87518959463097, 21.331600286282605]], [[-100.87519207086306, 21.331636335990392], [-100.87518959463097, 21.331600286282605]], [[-100.87518959463097, 21.331600286282605], [-100.87515111853544, 21.33160260635284]], [[-100.87515359475829, 21.331638656061862], [-100.87515111853544, 21.33160260635284]], [[-100.87515111853544, 21.33160260635284], [-100.87511264243797, 21.331604926414336]], [[-100.87511511865154, 21.331640976124614], [-100.87511264243797, 21.331604926414336]], [[-100.87511264243797, 21.331604926414336], [-100.87507416633856, 21.331607246467104]], [[-100.87507664254285, 21.33164329617863], [-100.87507416633856, 21.331607246467104]], [[-100.87507416633856, 21.331607246467104], [-100.8750356902372, 21.33160956651116]], [[-100.87503816643222, 21.33164561622393], [-100.8750356902372, 21.33160956651116]], [[-100.8750356902372, 21.33160956651116], [-100.8749972141339, 21.33161188654648]], [[-100.87499969031964, 21.331647936260495], [-100.8749972141339, 21.33161188654648]], [[-100.8749972141339, 21.33161188654648], [-100.87495873802865, 21.33161420657308]], [[-100.87496121420513, 21.331650256288338], [-100.87495873802865, 21.33161420657308]], [[-100.87495873802865, 21.33161420657308], [-100.87492026192145, 21.331616526590942]], [[-100.87492273808864, 21.33165257630745], [-100.87492026192145, 21.331616526590942]], [[-100.87492026192145, 21.331616526590942], [-100.87488178581232, 21.331618846600094]], [[-100.87488426197024, 21.33165489631785], [-100.87488178581232, 21.331618846600094]], [[-100.87488178581232, 21.331618846600094], [-100.87484330970122, 21.331621166600502]], [[-100.87484578584987, 21.331657216319506], [-100.87484330970122, 21.331621166600502]], [[-100.87484330970122, 21.331621166600502], [-100.87480483358819, 21.3316234865922]], [[-100.87480730972756, 21.331659536312447], [-100.87480483358819, 21.3316234865922]], [[-100.87480483358819, 21.3316234865922], [-100.8747663574732, 21.33162580657516]], [[-100.8747688336033, 21.331661856296655], [-100.8747663574732, 21.33162580657516]], [[-100.8747663574732, 21.33162580657516], [-100.87472788135628, 21.331628126549408]], [[-100.8747303574771, 21.331664176272145], [-100.87472788135628, 21.331628126549408]], [[-100.87472788135628, 21.331628126549408], [-100.87468940523742, 21.331630446514914]], [[-100.87469188134897, 21.331666496238903], [-100.87468940523742, 21.331630446514914]], [[-100.87468940523742, 21.331630446514914], [-100.8746509291166, 21.331632766471706]], [[-100.87465340521888, 21.33166881619694], [-100.8746509291166, 21.331632766471706]], [[-100.8746509291166, 21.331632766471706], [-100.87461245299383, 21.331635086419762]], [[-100.87461492908683, 21.331671136146245], [-100.87461245299383, 21.331635086419762]], [[-100.87461245299383, 21.331635086419762], [-100.87457397686912, 21.3316374063591]], [[-100.87457645295285, 21.331673456086822], [-100.87457397686912, 21.3316374063591]], [[-100.87457397686912, 21.3316374063591], [-100.87453550074247, 21.33163972628971]], [[-100.87453797681692, 21.33167577601868], [-100.87453550074247, 21.33163972628971]], [[-100.87453550074247, 21.33163972628971], [-100.87449702461386, 21.331642046211588]], [[-100.87449950067905, 21.33167809594181], [-100.87449702461386, 21.331642046211588]], [[-100.87449702461386, 21.331642046211588], [-100.87445854848332, 21.331644366124745]], [[-100.87446102453923, 21.33168041585621], [-100.87445854848332, 21.331644366124745]], [[-100.87445854848332, 21.331644366124745], [-100.87442007235083, 21.33164668602917]], [[-100.87442254839746, 21.331682735761888], [-100.87442007235083, 21.33164668602917]], [[-100.87442007235083, 21.33164668602917], [-100.8743815962164, 21.331649005924874]], [[-100.87438407225375, 21.331685055658834], [-100.8743815962164, 21.331649005924874]], [[-100.8743815962164, 21.331649005924874], [-100.87434312008, 21.33165132581185]], [[-100.87434559610809, 21.331687375547048], [-100.87434312008, 21.33165132581185]], [[-100.87434312008, 21.33165132581185], [-100.87430464394167, 21.331653645690096]], [[-100.87430711996049, 21.331689695426554], [-100.87430464394167, 21.331653645690096]], [[-100.87430464394167, 21.331653645690096], [-100.87426616780141, 21.331655965559627]], [[-100.87426864381094, 21.331692015297325], [-100.87426616780141, 21.331655965559627]], [[-100.87426616780141, 21.331655965559627], [-100.87422769165917, 21.33165828542042]], [[-100.87423016765945, 21.331694335159366], [-100.87422769165917, 21.33165828542042]], [[-100.87422769165917, 21.33165828542042], [-100.87418921551502, 21.331660605272493]], [[-100.874191691506, 21.33169665501268], [-100.87418921551502, 21.331660605272493]], [[-100.87418921551502, 21.331660605272493], [-100.8741507393689, 21.331662925115843]], [[-100.87415321535062, 21.33169897485727], [-100.8741507393689, 21.331662925115843]], [[-100.8741507393689, 21.331662925115843], [-100.87411226322085, 21.33166524495046]], [[-100.87411473919329, 21.33170129469314], [-100.87411226322085, 21.33166524495046]], [[-100.87411226322085, 21.33166524495046], [-100.87407378707084, 21.331667564776353]], [[-100.87407626303401, 21.331703614520286], [-100.87407378707084, 21.331667564776353]], [[-100.87407378707084, 21.331667564776353], [-100.8740353109189, 21.33166988459352]], [[-100.87403778687279, 21.331705934338693], [-100.8740353109189, 21.33166988459352]], [[-100.8740353109189, 21.33166988459352], [-100.87399683476501, 21.331672204401965]], [[-100.87399931070964, 21.331708254148385], [-100.87399683476501, 21.331672204401965]], [[-100.87399683476501, 21.331672204401965], [-100.87395835860917, 21.331674524201674]], [[-100.87396083454452, 21.33171057394934], [-100.87395835860917, 21.331674524201674]], [[-100.87395835860917, 21.331674524201674], [-100.87391988245139, 21.331676843992668]], [[-100.87392235837746, 21.33171289374158], [-100.87391988245139, 21.331676843992668]], [[-100.87391988245139, 21.331676843992668], [-100.87388140629164, 21.33167916377493]], [[-100.87388388220845, 21.331715213525086], [-100.87388140629164, 21.33167916377493]], [[-100.87388140629164, 21.33167916377493], [-100.87384293012997, 21.33168148354846]], [[-100.87384540603749, 21.331717533299866], [-100.87384293012997, 21.33168148354846]], [[-100.87384293012997, 21.33168148354846], [-100.87380445396636, 21.331683803313265]], [[-100.87380692986461, 21.33171985306592], [-100.87380445396636, 21.331683803313265]], [[-100.87380445396636, 21.331683803313265], [-100.87376597780079, 21.33168612306935]], [[-100.87376845368976, 21.331722172823252], [-100.87376597780079, 21.33168612306935]], [[-100.87376597780079, 21.33168612306935], [-100.87372750163328, 21.33168844281671]], [[-100.87372997751298, 21.331724492571848], [-100.87372750163328, 21.33168844281671]], [[-100.87372750163328, 21.33168844281671], [-100.87368902546382, 21.331690762555336]], [[-100.87369150133425, 21.331726812311725], [-100.87368902546382, 21.331690762555336]], [[-100.87368902546382, 21.331690762555336], [-100.87365054929242, 21.331693082285238]], [[-100.87365302515357, 21.331729132042877], [-100.87365054929242, 21.331693082285238]], [[-100.87365054929242, 21.331693082285238], [-100.87361207311908, 21.33169540200642]], [[-100.87361454897095, 21.3317314517653], [-100.87361207311908, 21.33169540200642]], [[-100.87361207311908, 21.33169540200642], [-100.87357359694379, 21.331697721718868]], [[-100.87357607278639, 21.331733771478994], [-100.87357359694379, 21.331697721718868]], [[-100.87357359694379, 21.331697721718868], [-100.87353512076655, 21.331700041422597]], [[-100.87353759659987, 21.331736091183966], [-100.87353512076655, 21.331700041422597]], [[-100.87353512076655, 21.331700041422597], [-100.87349664458736, 21.331702361117593]], [[-100.87349912041141, 21.331738410880213], [-100.87349664458736, 21.331702361117593]], [[-100.87349664458736, 21.331702361117593], [-100.87345816840623, 21.33170468080387]], [[-100.87346064422101, 21.331740730567738], [-100.87345816840623, 21.33170468080387]], [[-100.87346064422101, 21.331740730567738], [-100.87342216802867, 21.331743050246523]], [[-100.87345816840623, 21.33170468080387], [-100.87341969222315, 21.331707000481412]], [[-100.87342216802867, 21.331743050246523], [-100.87341969222315, 21.331707000481412]], [[-100.87626692451536, 21.331535320773433], [-100.87626444802554, 21.331499271100295]], [[-100.87626444802554, 21.331499271100295], [-100.87622597199379, 21.33150159141361]], [[-100.87622844847435, 21.331537641088], [-100.87622597199379, 21.33150159141361]], [[-100.87622597199379, 21.33150159141361], [-100.87618749596008, 21.33150391171819]], [[-100.87618997243136, 21.33153996139383], [-100.87618749596008, 21.33150391171819]], [[-100.87618749596008, 21.33150391171819], [-100.87614901992444, 21.33150623201405]], [[-100.87615149638646, 21.33154228169093], [-100.87614901992444, 21.33150623201405]], [[-100.87614901992444, 21.33150623201405], [-100.87611054388685, 21.331508552301187]], [[-100.87611302033959, 21.331544601979314], [-100.87611054388685, 21.331508552301187]], [[-100.87611054388685, 21.331508552301187], [-100.87607206784733, 21.331510872579592]], [[-100.87607454429079, 21.331546922258973], [-100.87607206784733, 21.331510872579592]], [[-100.87607206784733, 21.331510872579592], [-100.87603359180584, 21.331513192849275]], [[-100.87603606824003, 21.3315492425299], [-100.87603359180584, 21.331513192849275]], [[-100.87603359180584, 21.331513192849275], [-100.87599511576241, 21.331515513110233]], [[-100.87599759218732, 21.331551562792104], [-100.87599511576241, 21.331515513110233]], [[-100.87599511576241, 21.331515513110233], [-100.87595663971703, 21.331517833362454]], [[-100.87595911613268, 21.331553883045576], [-100.87595663971703, 21.331517833362454]], [[-100.87595663971703, 21.331517833362454], [-100.87591816366972, 21.33152015360596]], [[-100.87592064007607, 21.331556203290326], [-100.87591816366972, 21.33152015360596]], [[-100.87591816366972, 21.33152015360596], [-100.87587968762044, 21.33152247384073]], [[-100.87588216401754, 21.331558523526347], [-100.87587968762044, 21.33152247384073]], [[-100.87587968762044, 21.33152247384073], [-100.87584121156922, 21.331524794066787]], [[-100.87584368795706, 21.331560843753646], [-100.87584121156922, 21.331524794066787]], [[-100.87584121156922, 21.331524794066787], [-100.87580273551607, 21.33152711428411]], [[-100.87580521189462, 21.331563163972216], [-100.87580273551607, 21.33152711428411]], [[-100.87580273551607, 21.33152711428411], [-100.87576425946096, 21.331529434492708]], [[-100.87576673583023, 21.331565484182068], [-100.87576425946096, 21.331529434492708]], [[-100.87576425946096, 21.331529434492708], [-100.87572578340391, 21.331531754692584]], [[-100.8757282597639, 21.33156780438318], [-100.87572578340391, 21.331531754692584]], [[-100.87572578340391, 21.331531754692584], [-100.8756873073449, 21.331534074883734]], [[-100.87568978369563, 21.331570124575574], [-100.8756873073449, 21.331534074883734]], [[-100.8756873073449, 21.331534074883734], [-100.87564883128395, 21.33153639506615]], [[-100.87565130762542, 21.331572444759242], [-100.87564883128395, 21.33153639506615]], [[-100.87564883128395, 21.33153639506615], [-100.87561035522107, 21.33153871523984]], [[-100.87561283155325, 21.331574764934178], [-100.87561035522107, 21.33153871523984]], [[-100.87561035522107, 21.33153871523984], [-100.87557187915623, 21.33154103540481]], [[-100.87557435547913, 21.3315770851004], [-100.87557187915623, 21.33154103540481]], [[-100.87557187915623, 21.33154103540481], [-100.87553340308945, 21.331543355561053]], [[-100.87553587940307, 21.331579405257884], [-100.87553340308945, 21.331543355561053]], [[-100.87553340308945, 21.331543355561053], [-100.87549492702072, 21.33154567570857]], [[-100.87549740332507, 21.331581725406647], [-100.87549492702072, 21.33154567570857]], [[-100.87549492702072, 21.33154567570857], [-100.87545645095003, 21.33154799584736]], [[-100.87545892724512, 21.331584045546684], [-100.87545645095003, 21.33154799584736]], [[-100.87545645095003, 21.33154799584736], [-100.87541797487741, 21.331550315977424]], [[-100.87542045116322, 21.331586365677996], [-100.87541797487741, 21.331550315977424]], [[-100.87541797487741, 21.331550315977424], [-100.87537949880283, 21.33155263609876]], [[-100.87538197507938, 21.33158868580058], [-100.87537949880283, 21.33155263609876]], [[-100.87537949880283, 21.33155263609876], [-100.87534102272632, 21.331554956211367]], [[-100.87534349899359, 21.331591005914436], [-100.87534102272632, 21.331554956211367]], [[-100.87534102272632, 21.331554956211367], [-100.87530254664786, 21.331557276315255]], [[-100.87530502290585, 21.33159332601957], [-100.87530254664786, 21.331557276315255]], [[-100.87530254664786, 21.331557276315255], [-100.87526407056745, 21.331559596410415]], [[-100.87526654681616, 21.331595646115975], [-100.87526407056745, 21.331559596410415]], [[-100.87526407056745, 21.331559596410415], [-100.87522559448509, 21.33156191649685]], [[-100.87522807072455, 21.331597966203653], [-100.87522559448509, 21.33156191649685]], [[-100.87522559448509, 21.33156191649685], [-100.8751871184008, 21.331564236574554]], [[-100.87518959463097, 21.331600286282605], [-100.8751871184008, 21.331564236574554]], [[-100.8751871184008, 21.331564236574554], [-100.87514864231456, 21.331566556643534]], [[-100.87515111853544, 21.33160260635284], [-100.87514864231456, 21.331566556643534]], [[-100.87514864231456, 21.331566556643534], [-100.87511016622636, 21.331568876703784]], [[-100.87511264243797, 21.331604926414336], [-100.87511016622636, 21.331568876703784]], [[-100.87511016622636, 21.331568876703784], [-100.87507169013622, 21.331571196755313]], [[-100.87507416633856, 21.331607246467104], [-100.87507169013622, 21.331571196755313]], [[-100.87507169013622, 21.331571196755313], [-100.87503321404412, 21.331573516798116]], [[-100.8750356902372, 21.33160956651116], [-100.87503321404412, 21.331573516798116]], [[-100.87503321404412, 21.331573516798116], [-100.8749947379501, 21.331575836832194]], [[-100.8749972141339, 21.33161188654648], [-100.8749947379501, 21.331575836832194]], [[-100.8749947379501, 21.331575836832194], [-100.87495626185412, 21.33157815685754]], [[-100.87495873802865, 21.33161420657308], [-100.87495626185412, 21.33157815685754]], [[-100.87495626185412, 21.33157815685754], [-100.8749177857562, 21.331580476874162]], [[-100.87492026192145, 21.331616526590942], [-100.8749177857562, 21.331580476874162]], [[-100.8749177857562, 21.331580476874162], [-100.87487930965634, 21.33158279688206]], [[-100.87488178581232, 21.331618846600094], [-100.87487930965634, 21.33158279688206]], [[-100.87487930965634, 21.33158279688206], [-100.87484083355452, 21.331585116881236]], [[-100.87484330970122, 21.331621166600502], [-100.87484083355452, 21.331585116881236]], [[-100.87484083355452, 21.331585116881236], [-100.87480235745076, 21.33158743687168]], [[-100.87480483358819, 21.3316234865922], [-100.87480235745076, 21.33158743687168]], [[-100.87480235745076, 21.33158743687168], [-100.87476388134506, 21.331589756853397]], [[-100.8747663574732, 21.33162580657516], [-100.87476388134506, 21.331589756853397]], [[-100.87476388134506, 21.331589756853397], [-100.8747254052374, 21.33159207682639]], [[-100.87472788135628, 21.331628126549408], [-100.8747254052374, 21.33159207682639]], [[-100.8747254052374, 21.33159207682639], [-100.8746869291278, 21.331594396790653]], [[-100.87468940523742, 21.331630446514914], [-100.8746869291278, 21.331594396790653]], [[-100.8746869291278, 21.331594396790653], [-100.87464845301626, 21.331596716746198]], [[-100.8746509291166, 21.331632766471706], [-100.87464845301626, 21.331596716746198]], [[-100.87464845301626, 21.331596716746198], [-100.87460997690278, 21.331599036693014]], [[-100.87461245299383, 21.331635086419762], [-100.87460997690278, 21.331599036693014]], [[-100.87460997690278, 21.331599036693014], [-100.87457150078734, 21.3316013566311]], [[-100.87457397686912, 21.3316374063591], [-100.87457150078734, 21.3316013566311]], [[-100.87457150078734, 21.3316013566311], [-100.87453302466996, 21.331603676560455]], [[-100.87453550074247, 21.33163972628971], [-100.87453302466996, 21.331603676560455]], [[-100.87453302466996, 21.331603676560455], [-100.87449454855063, 21.33160599648109]], [[-100.87449702461386, 21.331642046211588], [-100.87449454855063, 21.33160599648109]], [[-100.87449454855063, 21.33160599648109], [-100.87445607242935, 21.331608316392998]], [[-100.87445854848332, 21.331644366124745], [-100.87445607242935, 21.331608316392998]], [[-100.87445607242935, 21.331608316392998], [-100.87441759630613, 21.33161063629619]], [[-100.87442007235083, 21.33164668602917], [-100.87441759630613, 21.33161063629619]], [[-100.87441759630613, 21.33161063629619], [-100.87437912018098, 21.33161295619064]], [[-100.8743815962164, 21.331649005924874], [-100.87437912018098, 21.33161295619064]], [[-100.87437912018098, 21.33161295619064], [-100.87434064405387, 21.331615276076374]], [[-100.87434312008, 21.33165132581185], [-100.87434064405387, 21.331615276076374]], [[-100.87434064405387, 21.331615276076374], [-100.87430216792481, 21.33161759595338]], [[-100.87430464394167, 21.331653645690096], [-100.87430216792481, 21.33161759595338]], [[-100.87430216792481, 21.33161759595338], [-100.8742636917938, 21.33161991582166]], [[-100.87426616780141, 21.331655965559627], [-100.8742636917938, 21.33161991582166]], [[-100.8742636917938, 21.33161991582166], [-100.87422521566087, 21.331622235681213]], [[-100.87422769165917, 21.33165828542042], [-100.87422521566087, 21.331622235681213]], [[-100.87422521566087, 21.331622235681213], [-100.87418673952597, 21.331624555532034]], [[-100.87418921551502, 21.331660605272493], [-100.87418673952597, 21.331624555532034]], [[-100.87418673952597, 21.331624555532034], [-100.87414826338913, 21.331626875374138]], [[-100.8741507393689, 21.331662925115843], [-100.87414826338913, 21.331626875374138]], [[-100.87414826338913, 21.331626875374138], [-100.87410978725035, 21.33162919520751]], [[-100.87411226322085, 21.33166524495046], [-100.87410978725035, 21.33162919520751]], [[-100.87410978725035, 21.33162919520751], [-100.87407131110962, 21.33163151503215]], [[-100.87407378707084, 21.331667564776353], [-100.87407131110962, 21.33163151503215]], [[-100.87407131110962, 21.33163151503215], [-100.87403283496695, 21.331633834848073]], [[-100.8740353109189, 21.33166988459352], [-100.87403283496695, 21.331633834848073]], [[-100.87403283496695, 21.331633834848073], [-100.87399435882233, 21.331636154655268]], [[-100.87399683476501, 21.331672204401965], [-100.87399435882233, 21.331636154655268]], [[-100.87399435882233, 21.331636154655268], [-100.87395588267577, 21.331638474453733]], [[-100.87395835860917, 21.331674524201674], [-100.87395588267577, 21.331638474453733]], [[-100.87395588267577, 21.331638474453733], [-100.87391740652726, 21.331640794243473]], [[-100.87391988245139, 21.331676843992668], [-100.87391740652726, 21.331640794243473]], [[-100.87391740652726, 21.331640794243473], [-100.8738789303768, 21.331643114024494]], [[-100.87388140629164, 21.33167916377493], [-100.8738789303768, 21.331643114024494]], [[-100.8738789303768, 21.331643114024494], [-100.87384045422439, 21.33164543379678]], [[-100.87384293012997, 21.33168148354846], [-100.87384045422439, 21.33164543379678]], [[-100.87384045422439, 21.33164543379678], [-100.87380197807006, 21.331647753560347]], [[-100.87380445396636, 21.331683803313265], [-100.87380197807006, 21.331647753560347]], [[-100.87380197807006, 21.331647753560347], [-100.87376350191376, 21.33165007331518]], [[-100.87376597780079, 21.33168612306935], [-100.87376350191376, 21.33165007331518]], [[-100.87376350191376, 21.33165007331518], [-100.87372502575553, 21.33165239306129]], [[-100.87372750163328, 21.33168844281671], [-100.87372502575553, 21.33165239306129]], [[-100.87372502575553, 21.33165239306129], [-100.87368654959533, 21.331654712798677]], [[-100.87368902546382, 21.331690762555336], [-100.87368654959533, 21.331654712798677]], [[-100.87368654959533, 21.331654712798677], [-100.87364807343322, 21.331657032527332]], [[-100.87365054929242, 21.331693082285238], [-100.87364807343322, 21.331657032527332]], [[-100.87364807343322, 21.331657032527332], [-100.87360959726914, 21.331659352247268]], [[-100.87361207311908, 21.33169540200642], [-100.87360959726914, 21.331659352247268]], [[-100.87360959726914, 21.331659352247268], [-100.87357112110313, 21.33166167195847]], [[-100.87357359694379, 21.331697721718868], [-100.87357112110313, 21.33166167195847]], [[-100.87357112110313, 21.33166167195847], [-100.87353264493515, 21.331663991660953]], [[-100.87353512076655, 21.331700041422597], [-100.87353264493515, 21.331663991660953]], [[-100.87353264493515, 21.331663991660953], [-100.87349416876525, 21.331666311354706]], [[-100.87349664458736, 21.331702361117593], [-100.87349416876525, 21.331666311354706]], [[-100.87349416876525, 21.331666311354706], [-100.8734556925934, 21.33166863103973]], [[-100.87345816840623, 21.33170468080387], [-100.8734556925934, 21.33166863103973]], [[-100.8734556925934, 21.33166863103973], [-100.8734172164196, 21.33167095071603]], [[-100.87341969222315, 21.331707000481412], [-100.8734172164196, 21.33167095071603]], [[-100.87341969222315, 21.331707000481412], [-100.87338121603814, 21.331709320150235]], [[-100.8734172164196, 21.33167095071603], [-100.87337874024385, 21.331673270383604]], [[-100.87338121603814, 21.331709320150235], [-100.87337874024385, 21.331673270383604]], [[-100.87626444802554, 21.331499271100295], [-100.87626197153764, 21.331463221426883]], [[-100.87626197153764, 21.331463221426883], [-100.87622349551518, 21.33146554173895]], [[-100.87622597199379, 21.33150159141361], [-100.87622349551518, 21.33146554173895]], [[-100.87622349551518, 21.33146554173895], [-100.87618501949075, 21.33146786204228]], [[-100.87618749596008, 21.33150391171819], [-100.87618501949075, 21.33146786204228]], [[-100.87618501949075, 21.33146786204228], [-100.87614654346439, 21.3314701823369]], [[-100.87614901992444, 21.33150623201405], [-100.87614654346439, 21.3314701823369]], [[-100.87614654346439, 21.3314701823369], [-100.87610806743606, 21.33147250262278]], [[-100.87611054388685, 21.331508552301187], [-100.87610806743606, 21.33147250262278]], [[-100.87610806743606, 21.33147250262278], [-100.8760695914058, 21.331474822899946]], [[-100.87607206784733, 21.331510872579592], [-100.8760695914058, 21.331474822899946]], [[-100.8760695914058, 21.331474822899946], [-100.87603111537359, 21.331477143168378]], [[-100.87603359180584, 21.331513192849275], [-100.87603111537359, 21.331477143168378]], [[-100.87603111537359, 21.331477143168378], [-100.87599263933944, 21.33147946342809]], [[-100.87599511576241, 21.331515513110233], [-100.87599263933944, 21.33147946342809]], [[-100.87599263933944, 21.33147946342809], [-100.87595416330333, 21.331481783679067]], [[-100.87595663971703, 21.331517833362454], [-100.87595416330333, 21.331481783679067]], [[-100.87595416330333, 21.331481783679067], [-100.87591568726529, 21.331484103921326]], [[-100.87591816366972, 21.33152015360596], [-100.87591568726529, 21.331484103921326]], [[-100.87591568726529, 21.331484103921326], [-100.8758772112253, 21.331486424154853]], [[-100.87587968762044, 21.33152247384073], [-100.8758772112253, 21.331486424154853]], [[-100.8758772112253, 21.331486424154853], [-100.87583873518336, 21.331488744379655]], [[-100.87584121156922, 21.331524794066787], [-100.87583873518336, 21.331488744379655]], [[-100.87583873518336, 21.331488744379655], [-100.87580025913947, 21.331491064595735]], [[-100.87580273551607, 21.33152711428411], [-100.87580025913947, 21.331491064595735]], [[-100.87580025913947, 21.331491064595735], [-100.87576178309364, 21.331493384803085]], [[-100.87576425946096, 21.331529434492708], [-100.87576178309364, 21.331493384803085]], [[-100.87576178309364, 21.331493384803085], [-100.87572330704586, 21.331495705001707]], [[-100.87572578340391, 21.331531754692584], [-100.87572330704586, 21.331495705001707]], [[-100.87572330704586, 21.331495705001707], [-100.87568483099612, 21.331498025191607]], [[-100.8756873073449, 21.331534074883734], [-100.87568483099612, 21.331498025191607]], [[-100.87568483099612, 21.331498025191607], [-100.87564635494445, 21.331500345372785]], [[-100.87564883128395, 21.33153639506615], [-100.87564635494445, 21.331500345372785]], [[-100.87564635494445, 21.331500345372785], [-100.87560787889083, 21.331502665545234]], [[-100.87561035522107, 21.33153871523984], [-100.87560787889083, 21.331502665545234]], [[-100.87560787889083, 21.331502665545234], [-100.87556940283527, 21.331504985708953]], [[-100.87557187915623, 21.33154103540481], [-100.87556940283527, 21.331504985708953]], [[-100.87556940283527, 21.331504985708953], [-100.87553092677777, 21.331507305863948]], [[-100.87553340308945, 21.331543355561053], [-100.87553092677777, 21.331507305863948]], [[-100.87553092677777, 21.331507305863948], [-100.8754924507183, 21.331509626010217]], [[-100.87549492702072, 21.33154567570857], [-100.8754924507183, 21.331509626010217]], [[-100.8754924507183, 21.331509626010217], [-100.87545397465689, 21.331511946147764]], [[-100.87545645095003, 21.33154799584736], [-100.87545397465689, 21.331511946147764]], [[-100.87545397465689, 21.331511946147764], [-100.87541549859354, 21.33151426627657]], [[-100.87541797487741, 21.331550315977424], [-100.87541549859354, 21.33151426627657]], [[-100.87541549859354, 21.33151426627657], [-100.87537702252826, 21.33151658639667]], [[-100.87537949880283, 21.33155263609876], [-100.87537702252826, 21.33151658639667]], [[-100.87537702252826, 21.33151658639667], [-100.87533854646101, 21.331518906508034]], [[-100.87534102272632, 21.331554956211367], [-100.87533854646101, 21.331518906508034]], [[-100.87533854646101, 21.331518906508034], [-100.87530007039182, 21.331521226610665]], [[-100.87530254664786, 21.331557276315255], [-100.87530007039182, 21.331521226610665]], [[-100.87530007039182, 21.331521226610665], [-100.87526159432069, 21.331523546704577]], [[-100.87526407056745, 21.331559596410415], [-100.87526159432069, 21.331523546704577]], [[-100.87526159432069, 21.331523546704577], [-100.8752231182476, 21.331525866789764]], [[-100.87522559448509, 21.33156191649685], [-100.8752231182476, 21.331525866789764]], [[-100.8752231182476, 21.331525866789764], [-100.87518464217257, 21.331528186866223]], [[-100.8751871184008, 21.331564236574554], [-100.87518464217257, 21.331528186866223]], [[-100.87518464217257, 21.331528186866223], [-100.8751461660956, 21.331530506933955]], [[-100.87514864231456, 21.331566556643534], [-100.8751461660956, 21.331530506933955]], [[-100.8751461660956, 21.331530506933955], [-100.87510769001668, 21.331532826992966]], [[-100.87511016622636, 21.331568876703784], [-100.87510769001668, 21.331532826992966]], [[-100.87510769001668, 21.331532826992966], [-100.87506921393583, 21.331535147043247]], [[-100.87507169013622, 21.331571196755313], [-100.87506921393583, 21.331535147043247]], [[-100.87506921393583, 21.331535147043247], [-100.87503073785301, 21.331537467084804]], [[-100.87503321404412, 21.331573516798116], [-100.87503073785301, 21.331537467084804]], [[-100.87503073785301, 21.331537467084804], [-100.87499226176826, 21.331539787117634]], [[-100.8749947379501, 21.331575836832194], [-100.87499226176826, 21.331539787117634]], [[-100.87499226176826, 21.331539787117634], [-100.87495378568154, 21.331542107141736]], [[-100.87495626185412, 21.33157815685754], [-100.87495378568154, 21.331542107141736]], [[-100.87495378568154, 21.331542107141736], [-100.87491530959291, 21.331544427157112]], [[-100.8749177857562, 21.331580476874162], [-100.87491530959291, 21.331544427157112]], [[-100.87491530959291, 21.331544427157112], [-100.87487683350231, 21.331546747163767]], [[-100.87487930965634, 21.33158279688206], [-100.87487683350231, 21.331546747163767]], [[-100.87487683350231, 21.331546747163767], [-100.87483835740976, 21.33154906716169]], [[-100.87484083355452, 21.331585116881236], [-100.87483835740976, 21.33154906716169]], [[-100.87483835740976, 21.33154906716169], [-100.87479988131528, 21.33155138715089]], [[-100.87480235745076, 21.33158743687168], [-100.87479988131528, 21.33155138715089]], [[-100.87479988131528, 21.33155138715089], [-100.87476140521886, 21.33155370713136]], [[-100.87476388134506, 21.331589756853397], [-100.87476140521886, 21.33155370713136]], [[-100.87476140521886, 21.33155370713136], [-100.87472292912047, 21.33155602710311]], [[-100.8747254052374, 21.33159207682639], [-100.87472292912047, 21.33155602710311]], [[-100.87472292912047, 21.33155602710311], [-100.87468445302015, 21.331558347066128]], [[-100.8746869291278, 21.331594396790653], [-100.87468445302015, 21.331558347066128]], [[-100.87468445302015, 21.331558347066128], [-100.87464597691788, 21.331560667020423]], [[-100.87464845301626, 21.331596716746198], [-100.87464597691788, 21.331560667020423]], [[-100.87464597691788, 21.331560667020423], [-100.87460750081365, 21.331562986965984]], [[-100.87460997690278, 21.331599036693014], [-100.87460750081365, 21.331562986965984]], [[-100.87460750081365, 21.331562986965984], [-100.8745690247075, 21.331565306902828]], [[-100.87457150078734, 21.3316013566311], [-100.8745690247075, 21.331565306902828]], [[-100.8745690247075, 21.331565306902828], [-100.8745305485994, 21.33156762683094]], [[-100.87453302466996, 21.331603676560455], [-100.8745305485994, 21.33156762683094]], [[-100.8745305485994, 21.33156762683094], [-100.87449207248935, 21.33156994675033]], [[-100.87449454855063, 21.33160599648109], [-100.87449207248935, 21.33156994675033]], [[-100.87449207248935, 21.33156994675033], [-100.87445359637735, 21.331572266660995]], [[-100.87445607242935, 21.331608316392998], [-100.87445359637735, 21.331572266660995]], [[-100.87445359637735, 21.331572266660995], [-100.87441512026341, 21.331574586562933]], [[-100.87441759630613, 21.33161063629619], [-100.87441512026341, 21.331574586562933]], [[-100.87441512026341, 21.331574586562933], [-100.8743766441475, 21.331576906456146]], [[-100.87437912018098, 21.33161295619064], [-100.8743766441475, 21.331576906456146]], [[-100.8743766441475, 21.331576906456146], [-100.87433816802967, 21.33157922634063]], [[-100.87434064405387, 21.331615276076374], [-100.87433816802967, 21.33157922634063]], [[-100.87433816802967, 21.33157922634063], [-100.87429969190988, 21.331581546216384]], [[-100.87430216792481, 21.33161759595338], [-100.87429969190988, 21.331581546216384]], [[-100.87429969190988, 21.331581546216384], [-100.87426121578817, 21.331583866083417]], [[-100.8742636917938, 21.33161991582166], [-100.87426121578817, 21.331583866083417]], [[-100.87426121578817, 21.331583866083417], [-100.87422273966449, 21.331586185941724]], [[-100.87422521566087, 21.331622235681213], [-100.87422273966449, 21.331586185941724]], [[-100.87422273966449, 21.331586185941724], [-100.87418426353888, 21.331588505791306]], [[-100.87418673952597, 21.331624555532034], [-100.87418426353888, 21.331588505791306]], [[-100.87418426353888, 21.331588505791306], [-100.87414578741131, 21.33159082563216]], [[-100.87414826338913, 21.331626875374138], [-100.87414578741131, 21.33159082563216]], [[-100.87414578741131, 21.33159082563216], [-100.8741073112818, 21.331593145464286]], [[-100.87410978725035, 21.33162919520751], [-100.8741073112818, 21.331593145464286]], [[-100.8741073112818, 21.331593145464286], [-100.87406883515034, 21.331595465287677]], [[-100.87407131110962, 21.33163151503215], [-100.87406883515034, 21.331595465287677]], [[-100.87406883515034, 21.331595465287677], [-100.87403035901694, 21.331597785102353]], [[-100.87403283496695, 21.331633834848073], [-100.87403035901694, 21.331597785102353]], [[-100.87403035901694, 21.331597785102353], [-100.8739918828816, 21.3316001049083]], [[-100.87399435882233, 21.331636154655268], [-100.8739918828816, 21.3316001049083]], [[-100.8739918828816, 21.3316001049083], [-100.8739534067443, 21.33160242470552]], [[-100.87395588267577, 21.331638474453733], [-100.8739534067443, 21.33160242470552]], [[-100.8739534067443, 21.33160242470552], [-100.87391493060508, 21.33160474449402]], [[-100.87391740652726, 21.331640794243473], [-100.87391493060508, 21.33160474449402]], [[-100.87391493060508, 21.33160474449402], [-100.8738764544639, 21.331607064273786]], [[-100.8738789303768, 21.331643114024494], [-100.8738764544639, 21.331607064273786]], [[-100.8738764544639, 21.331607064273786], [-100.87383797832076, 21.33160938404484]], [[-100.87384045422439, 21.33164543379678], [-100.87383797832076, 21.33160938404484]], [[-100.87383797832076, 21.33160938404484], [-100.8737995021757, 21.331611703807148]], [[-100.87380197807006, 21.331647753560347], [-100.8737995021757, 21.331611703807148]], [[-100.8737995021757, 21.331611703807148], [-100.87376102602867, 21.331614023560746]], [[-100.87376350191376, 21.33165007331518], [-100.87376102602867, 21.331614023560746]], [[-100.87376102602867, 21.331614023560746], [-100.8737225498797, 21.3316163433056]], [[-100.87372502575553, 21.33165239306129], [-100.8737225498797, 21.3316163433056]], [[-100.8737225498797, 21.3316163433056], [-100.87368407372881, 21.331618663041745]], [[-100.87368654959533, 21.331654712798677], [-100.87368407372881, 21.331618663041745]], [[-100.87368407372881, 21.331618663041745], [-100.87364559757596, 21.331620982769156]], [[-100.87364807343322, 21.331657032527332], [-100.87364559757596, 21.331620982769156]], [[-100.87364559757596, 21.331620982769156], [-100.87360712142114, 21.33162330248784]], [[-100.87360959726914, 21.331659352247268], [-100.87360712142114, 21.33162330248784]], [[-100.87360712142114, 21.33162330248784], [-100.8735686452644, 21.331625622197805]], [[-100.87357112110313, 21.33166167195847], [-100.8735686452644, 21.331625622197805]], [[-100.8735686452644, 21.331625622197805], [-100.87353016910572, 21.331627941899036]], [[-100.87353264493515, 21.331663991660953], [-100.87353016910572, 21.331627941899036]], [[-100.87353016910572, 21.331627941899036], [-100.87349169294508, 21.331630261591545]], [[-100.87349416876525, 21.331666311354706], [-100.87349169294508, 21.331630261591545]], [[-100.87349169294508, 21.331630261591545], [-100.8734532167825, 21.331632581275315]], [[-100.8734556925934, 21.33166863103973], [-100.8734532167825, 21.331632581275315]], [[-100.8734532167825, 21.331632581275315], [-100.87341474061799, 21.331634900950377]], [[-100.8734172164196, 21.33167095071603], [-100.87341474061799, 21.331634900950377]], [[-100.87341474061799, 21.331634900950377], [-100.87337626445151, 21.331637220616702]], [[-100.87337874024385, 21.331673270383604], [-100.87337626445151, 21.331637220616702]], [[-100.87337874024385, 21.331673270383604], [-100.87334026406616, 21.331675590042448]], [[-100.87337626445151, 21.331637220616702], [-100.87333778828308, 21.3316395402743]], [[-100.87334026406616, 21.331675590042448], [-100.87333778828308, 21.3316395402743]], [[-100.87630044755818, 21.33146090110609], [-100.87626197153764, 21.331463221426883]], [[-100.87630044755818, 21.33146090110609], [-100.87629797106295, 21.331424851433653]], [[-100.87629797106295, 21.331424851433653], [-100.87625949505171, 21.331427171753198]], [[-100.87626197153764, 21.331463221426883], [-100.87625949505171, 21.331427171753198]], [[-100.87625949505171, 21.331427171753198], [-100.87622101903851, 21.331429492064014]], [[-100.87622349551518, 21.33146554173895], [-100.87622101903851, 21.331429492064014]], [[-100.87622101903851, 21.331429492064014], [-100.87618254302336, 21.33143181236611]], [[-100.87618501949075, 21.33146786204228], [-100.87618254302336, 21.33143181236611]], [[-100.87618254302336, 21.33143181236611], [-100.87614406700627, 21.331434132659474]], [[-100.87614654346439, 21.3314701823369], [-100.87614406700627, 21.331434132659474]], [[-100.87614406700627, 21.331434132659474], [-100.87610559098721, 21.33143645294411]], [[-100.87610806743606, 21.33147250262278], [-100.87610559098721, 21.33143645294411]], [[-100.87610559098721, 21.33143645294411], [-100.87606711496623, 21.33143877322002]], [[-100.8760695914058, 21.331474822899946], [-100.87606711496623, 21.33143877322002]], [[-100.87606711496623, 21.33143877322002], [-100.8760286389433, 21.331441093487214]], [[-100.87603111537359, 21.331477143168378], [-100.8760286389433, 21.331441093487214]], [[-100.8760286389433, 21.331441093487214], [-100.87599016291841, 21.331443413745667]], [[-100.87599263933944, 21.33147946342809], [-100.87599016291841, 21.331443413745667]], [[-100.87599016291841, 21.331443413745667], [-100.87595168689158, 21.331445733995405]], [[-100.87595416330333, 21.331481783679067], [-100.87595168689158, 21.331445733995405]], [[-100.87595168689158, 21.331445733995405], [-100.87591321086282, 21.331448054236414]], [[-100.87591568726529, 21.331484103921326], [-100.87591321086282, 21.331448054236414]], [[-100.87591321086282, 21.331448054236414], [-100.8758747348321, 21.331450374468695]], [[-100.8758772112253, 21.331486424154853], [-100.8758747348321, 21.331450374468695]], [[-100.8758747348321, 21.331450374468695], [-100.87583625879942, 21.331452694692253]], [[-100.87583873518336, 21.331488744379655], [-100.87583625879942, 21.331452694692253]], [[-100.87583625879942, 21.331452694692253], [-100.87579778276482, 21.331455014907082]], [[-100.87580025913947, 21.331491064595735], [-100.87579778276482, 21.331455014907082]], [[-100.87579778276482, 21.331455014907082], [-100.87575930672826, 21.33145733511319]], [[-100.87576178309364, 21.331493384803085], [-100.87575930672826, 21.33145733511319]], [[-100.87575930672826, 21.33145733511319], [-100.87572083068974, 21.331459655310567]], [[-100.87572330704586, 21.331495705001707], [-100.87572083068974, 21.331459655310567]], [[-100.87572083068974, 21.331459655310567], [-100.8756823546493, 21.331461975499224]], [[-100.87568483099612, 21.331498025191607], [-100.8756823546493, 21.331461975499224]], [[-100.8756823546493, 21.331461975499224], [-100.8756438786069, 21.331464295679144]], [[-100.87564635494445, 21.331500345372785], [-100.8756438786069, 21.331464295679144]], [[-100.8756438786069, 21.331464295679144], [-100.87560540256256, 21.33146661585035]], [[-100.87560787889083, 21.331502665545234], [-100.87560540256256, 21.33146661585035]], [[-100.87560540256256, 21.33146661585035], [-100.87556692651626, 21.33146893601282]], [[-100.87556940283527, 21.331504985708953], [-100.87556692651626, 21.33146893601282]], [[-100.87556692651626, 21.33146893601282], [-100.87552845046802, 21.331471256166573]], [[-100.87553092677777, 21.331507305863948], [-100.87552845046802, 21.331471256166573]], [[-100.87552845046802, 21.331471256166573], [-100.87548997441783, 21.331473576311595]], [[-100.8754924507183, 21.331509626010217], [-100.87548997441783, 21.331473576311595]], [[-100.87548997441783, 21.331473576311595], [-100.8754514983657, 21.331475896447888]], [[-100.87545397465689, 21.331511946147764], [-100.8754514983657, 21.331475896447888]], [[-100.8754514983657, 21.331475896447888], [-100.87541302231163, 21.33147821657546]], [[-100.87541549859354, 21.33151426627657], [-100.87541302231163, 21.33147821657546]], [[-100.87541302231163, 21.33147821657546], [-100.87537454625561, 21.3314805366943]], [[-100.87537702252826, 21.33151658639667], [-100.87537454625561, 21.3314805366943]], [[-100.87537454625561, 21.3314805366943], [-100.87533607019765, 21.331482856804413]], [[-100.87533854646101, 21.331518906508034], [-100.87533607019765, 21.331482856804413]], [[-100.87533607019765, 21.331482856804413], [-100.87529759413773, 21.33148517690581]], [[-100.87530007039182, 21.331521226610665], [-100.87529759413773, 21.33148517690581]], [[-100.87529759413773, 21.33148517690581], [-100.87525911807587, 21.331487496998477]], [[-100.87526159432069, 21.331523546704577], [-100.87525911807587, 21.331487496998477]], [[-100.87525911807587, 21.331487496998477], [-100.87522064201207, 21.331489817082414]], [[-100.8752231182476, 21.331525866789764], [-100.87522064201207, 21.331489817082414]], [[-100.87522064201207, 21.331489817082414], [-100.87518216594631, 21.33149213715763]], [[-100.87518464217257, 21.331528186866223], [-100.87518216594631, 21.33149213715763]], [[-100.87518216594631, 21.33149213715763], [-100.87514368987861, 21.331494457224114]], [[-100.8751461660956, 21.331530506933955], [-100.87514368987861, 21.331494457224114]], [[-100.87514368987861, 21.331494457224114], [-100.87510521380896, 21.331496777281874]], [[-100.87510769001668, 21.331532826992966], [-100.87510521380896, 21.331496777281874]], [[-100.87510521380896, 21.331496777281874], [-100.87506673773737, 21.33149909733092]], [[-100.87506921393583, 21.331535147043247], [-100.87506673773737, 21.33149909733092]], [[-100.87506673773737, 21.33149909733092], [-100.87502826166383, 21.331501417371218]], [[-100.87503073785301, 21.331537467084804], [-100.87502826166383, 21.331501417371218]], [[-100.87502826166383, 21.331501417371218], [-100.87498978558834, 21.331503737402805]], [[-100.87499226176826, 21.331539787117634], [-100.87498978558834, 21.331503737402805]], [[-100.87498978558834, 21.331503737402805], [-100.87495130951092, 21.331506057425656]], [[-100.87495378568154, 21.331542107141736], [-100.87495130951092, 21.331506057425656]], [[-100.87495130951092, 21.331506057425656], [-100.87491283343155, 21.33150837743979]], [[-100.87491530959291, 21.331544427157112], [-100.87491283343155, 21.33150837743979]], [[-100.87491283343155, 21.33150837743979], [-100.87487435735022, 21.331510697445196]], [[-100.87487683350231, 21.331546747163767], [-100.87487435735022, 21.331510697445196]], [[-100.87487435735022, 21.331510697445196], [-100.87483588126695, 21.331513017441875]], [[-100.87483835740976, 21.33154906716169], [-100.87483588126695, 21.331513017441875]], [[-100.87483588126695, 21.331513017441875], [-100.87479740518175, 21.33151533742982]], [[-100.87479988131528, 21.33155138715089], [-100.87479740518175, 21.33151533742982]], [[-100.87479740518175, 21.33151533742982], [-100.87475892909458, 21.331517657409044]], [[-100.87476140521886, 21.33155370713136], [-100.87475892909458, 21.331517657409044]], [[-100.87475892909458, 21.331517657409044], [-100.87472045300548, 21.331519977379546]], [[-100.87472292912047, 21.33155602710311], [-100.87472045300548, 21.331519977379546]], [[-100.87472045300548, 21.331519977379546], [-100.87468197691445, 21.331522297341316]], [[-100.87468445302015, 21.331558347066128], [-100.87468197691445, 21.331522297341316]], [[-100.87468197691445, 21.331522297341316], [-100.87464350082143, 21.33152461729437]], [[-100.87464597691788, 21.331560667020423], [-100.87464350082143, 21.33152461729437]], [[-100.87464350082143, 21.33152461729437], [-100.87460502472649, 21.331526937238692]], [[-100.87460750081365, 21.331562986965984], [-100.87460502472649, 21.331526937238692]], [[-100.87460502472649, 21.331526937238692], [-100.87456654862962, 21.331529257174285]], [[-100.8745690247075, 21.331565306902828], [-100.87456654862962, 21.331529257174285]], [[-100.87456654862962, 21.331529257174285], [-100.87452807253077, 21.33153157710116]], [[-100.8745305485994, 21.33156762683094], [-100.87452807253077, 21.33153157710116]], [[-100.87452807253077, 21.33153157710116], [-100.87448959643, 21.3315338970193]], [[-100.87449207248935, 21.33156994675033], [-100.87448959643, 21.3315338970193]], [[-100.87448959643, 21.3315338970193], [-100.87445112032727, 21.331536216928715]], [[-100.87445359637735, 21.331572266660995], [-100.87445112032727, 21.331536216928715]], [[-100.87445112032727, 21.331536216928715], [-100.8744126442226, 21.3315385368294]], [[-100.87441512026341, 21.331574586562933], [-100.8744126442226, 21.3315385368294]], [[-100.8744126442226, 21.3315385368294], [-100.87437416811598, 21.331540856721368]], [[-100.8743766441475, 21.331576906456146], [-100.87437416811598, 21.331540856721368]], [[-100.87437416811598, 21.331540856721368], [-100.87433569200743, 21.331543176604608]], [[-100.87433816802967, 21.33157922634063], [-100.87433569200743, 21.331543176604608]], [[-100.87433569200743, 21.331543176604608], [-100.87429721589692, 21.331545496479116]], [[-100.87429969190988, 21.331581546216384], [-100.87429721589692, 21.331545496479116]], [[-100.87429721589692, 21.331545496479116], [-100.87425873978447, 21.331547816344905]], [[-100.87426121578817, 21.331583866083417], [-100.87425873978447, 21.331547816344905]], [[-100.87425873978447, 21.331547816344905], [-100.87422026367007, 21.331550136201965]], [[-100.87422273966449, 21.331586185941724], [-100.87422026367007, 21.331550136201965]], [[-100.87422026367007, 21.331550136201965], [-100.87418178755372, 21.3315524560503]], [[-100.87418426353888, 21.331588505791306], [-100.87418178755372, 21.3315524560503]], [[-100.87418178755372, 21.3315524560503], [-100.87414331143543, 21.331554775889902]], [[-100.87414578741131, 21.33159082563216], [-100.87414331143543, 21.331554775889902]], [[-100.87414331143543, 21.331554775889902], [-100.8741048353152, 21.331557095720783]], [[-100.8741073112818, 21.331593145464286], [-100.8741048353152, 21.331557095720783]], [[-100.8741048353152, 21.331557095720783], [-100.87406635919302, 21.331559415542937]], [[-100.87406883515034, 21.331595465287677], [-100.87406635919302, 21.331559415542937]], [[-100.87406635919302, 21.331559415542937], [-100.87402788306889, 21.331561735356367]], [[-100.87403035901694, 21.331597785102353], [-100.87402788306889, 21.331561735356367]], [[-100.87402788306889, 21.331561735356367], [-100.87398940694283, 21.33156405516107]], [[-100.8739918828816, 21.3316001049083], [-100.87398940694283, 21.33156405516107]], [[-100.87398940694283, 21.33156405516107], [-100.8739509308148, 21.331566374957045]], [[-100.8739534067443, 21.33160242470552], [-100.8739509308148, 21.331566374957045]], [[-100.8739509308148, 21.331566374957045], [-100.87391245468484, 21.33156869474429]], [[-100.87391493060508, 21.33160474449402], [-100.87391245468484, 21.33156869474429]], [[-100.87391245468484, 21.33156869474429], [-100.87387397855294, 21.33157101452282]], [[-100.8738764544639, 21.331607064273786], [-100.87387397855294, 21.33157101452282]], [[-100.87387397855294, 21.33157101452282], [-100.87383550241908, 21.33157333429261]], [[-100.87383797832076, 21.33160938404484], [-100.87383550241908, 21.33157333429261]], [[-100.87383550241908, 21.33157333429261], [-100.87379702628327, 21.331575654053687]], [[-100.8737995021757, 21.331611703807148], [-100.87379702628327, 21.331575654053687]], [[-100.87379702628327, 21.331575654053687], [-100.87375855014554, 21.33157797380603]], [[-100.87376102602867, 21.331614023560746], [-100.87375855014554, 21.33157797380603]], [[-100.87375855014554, 21.33157797380603], [-100.87372007400585, 21.331580293549653]], [[-100.8737225498797, 21.3316163433056], [-100.87372007400585, 21.331580293549653]], [[-100.87372007400585, 21.331580293549653], [-100.87368159786422, 21.331582613284535]], [[-100.87368407372881, 21.331618663041745], [-100.87368159786422, 21.331582613284535]], [[-100.87368159786422, 21.331582613284535], [-100.87364312172063, 21.331584933010706]], [[-100.87364559757596, 21.331620982769156], [-100.87364312172063, 21.331584933010706]], [[-100.87364312172063, 21.331584933010706], [-100.87360464557511, 21.331587252728145]], [[-100.87360712142114, 21.33162330248784], [-100.87360464557511, 21.331587252728145]], [[-100.87360464557511, 21.331587252728145], [-100.87356616942765, 21.331589572436858]], [[-100.8735686452644, 21.331625622197805], [-100.87356616942765, 21.331589572436858]], [[-100.87356616942765, 21.331589572436858], [-100.87352769327822, 21.331591892136846]], [[-100.87353016910572, 21.331627941899036], [-100.87352769327822, 21.331591892136846]], [[-100.87352769327822, 21.331591892136846], [-100.87348921712686, 21.331594211828104]], [[-100.87349169294508, 21.331630261591545], [-100.87348921712686, 21.331594211828104]], [[-100.87348921712686, 21.331594211828104], [-100.87345074097355, 21.331596531510638]], [[-100.8734532167825, 21.331632581275315], [-100.87345074097355, 21.331596531510638]], [[-100.87345074097355, 21.331596531510638], [-100.8734122648183, 21.33159885118445]], [[-100.87341474061799, 21.331634900950377], [-100.8734122648183, 21.33159885118445]], [[-100.8734122648183, 21.33159885118445], [-100.8733737886611, 21.33160117084953]], [[-100.87337626445151, 21.331637220616702], [-100.8733737886611, 21.33160117084953]], [[-100.8733737886611, 21.33160117084953], [-100.87333531250196, 21.331603490505884]], [[-100.87333778828308, 21.3316395402743], [-100.87333531250196, 21.331603490505884]], [[-100.87333778828308, 21.3316395402743], [-100.87329931211274, 21.33164185992318]], [[-100.87333531250196, 21.331603490505884], [-100.87329683634087, 21.331605810153512]], [[-100.87329931211274, 21.33164185992318], [-100.87329683634087, 21.331605810153512]], [[-100.87629797106295, 21.331424851433653], [-100.87629549456969, 21.331388801760944]], [[-100.87629549456969, 21.331388801760944], [-100.87625701856771, 21.33139112207924]], [[-100.87625949505171, 21.331427171753198], [-100.87625701856771, 21.33139112207924]], [[-100.87625701856771, 21.33139112207924], [-100.87621854256379, 21.331393442388812]], [[-100.87622101903851, 21.331429492064014], [-100.87621854256379, 21.331393442388812]], [[-100.87621854256379, 21.331393442388812], [-100.87618006655791, 21.33139576268966]], [[-100.87618254302336, 21.33143181236611], [-100.87618006655791, 21.33139576268966]], [[-100.87618006655791, 21.33139576268966], [-100.87614159055009, 21.331398082981774]], [[-100.87614406700627, 21.331434132659474], [-100.87614159055009, 21.331398082981774]], [[-100.87614159055009, 21.331398082981774], [-100.87610311454031, 21.33140040326516]], [[-100.87610559098721, 21.33143645294411], [-100.87610311454031, 21.33140040326516]], [[-100.87610311454031, 21.33140040326516], [-100.8760646385286, 21.331402723539828]], [[-100.87606711496623, 21.33143877322002], [-100.8760646385286, 21.331402723539828]], [[-100.8760646385286, 21.331402723539828], [-100.87602616251495, 21.33140504380577]], [[-100.8760286389433, 21.331441093487214], [-100.87602616251495, 21.33140504380577]], [[-100.87602616251495, 21.33140504380577], [-100.87598768649934, 21.331407364062983]], [[-100.87599016291841, 21.331443413745667], [-100.87598768649934, 21.331407364062983]], [[-100.87598768649934, 21.331407364062983], [-100.87594921048179, 21.33140968431147]], [[-100.87595168689158, 21.331445733995405], [-100.87594921048179, 21.33140968431147]], [[-100.87594921048179, 21.33140968431147], [-100.87591073446228, 21.331412004551233]], [[-100.87591321086282, 21.331448054236414], [-100.87591073446228, 21.331412004551233]], [[-100.87591073446228, 21.331412004551233], [-100.87587225844084, 21.331414324782266]], [[-100.8758747348321, 21.331450374468695], [-100.87587225844084, 21.331414324782266]], [[-100.87587225844084, 21.331414324782266], [-100.87583378241744, 21.331416645004584]], [[-100.87583625879942, 21.331452694692253], [-100.87583378241744, 21.331416645004584]], [[-100.87583378241744, 21.331416645004584], [-100.8757953063921, 21.331418965218155]], [[-100.87579778276482, 21.331455014907082], [-100.8757953063921, 21.331418965218155]], [[-100.8757953063921, 21.331418965218155], [-100.87575683036482, 21.331421285423023]], [[-100.87575930672826, 21.33145733511319], [-100.87575683036482, 21.331421285423023]], [[-100.87575683036482, 21.331421285423023], [-100.87571835433559, 21.331423605619154]], [[-100.87572083068974, 21.331459655310567], [-100.87571835433559, 21.331423605619154]], [[-100.87571835433559, 21.331423605619154], [-100.87567987830441, 21.33142592580656]], [[-100.8756823546493, 21.331461975499224], [-100.87567987830441, 21.33142592580656]], [[-100.87567987830441, 21.33142592580656], [-100.87564140227127, 21.331428245985236]], [[-100.8756438786069, 21.331464295679144], [-100.87564140227127, 21.331428245985236]], [[-100.87564140227127, 21.331428245985236], [-100.87560292623621, 21.331430566155195]], [[-100.87560540256256, 21.33146661585035], [-100.87560292623621, 21.331430566155195]], [[-100.87560292623621, 21.331430566155195], [-100.87556445019919, 21.33143288631642]], [[-100.87556692651626, 21.33146893601282], [-100.87556445019919, 21.33143288631642]], [[-100.87556445019919, 21.33143288631642], [-100.87552597416024, 21.33143520646892]], [[-100.87552845046802, 21.331471256166573], [-100.87552597416024, 21.33143520646892]], [[-100.87552597416024, 21.33143520646892], [-100.87548749811931, 21.331437526612692]], [[-100.87548997441783, 21.331473576311595], [-100.87548749811931, 21.331437526612692]], [[-100.87548749811931, 21.331437526612692], [-100.87544902207647, 21.331439846747738]], [[-100.8754514983657, 21.331475896447888], [-100.87544902207647, 21.331439846747738]], [[-100.87544902207647, 21.331439846747738], [-100.87541054603166, 21.331442166874062]], [[-100.87541302231163, 21.33147821657546], [-100.87541054603166, 21.331442166874062]], [[-100.87541054603166, 21.331442166874062], [-100.87537206998492, 21.331444486991664]], [[-100.87537454625561, 21.3314805366943], [-100.87537206998492, 21.331444486991664]], [[-100.87537206998492, 21.331444486991664], [-100.87533359393622, 21.331446807100534]], [[-100.87533607019765, 21.331482856804413], [-100.87533359393622, 21.331446807100534]], [[-100.87533359393622, 21.331446807100534], [-100.87529511788557, 21.33144912720068]], [[-100.87529759413773, 21.33148517690581], [-100.87529511788557, 21.33144912720068]], [[-100.87529511788557, 21.33144912720068], [-100.87525664183299, 21.331451447292096]], [[-100.87525911807587, 21.331487496998477], [-100.87525664183299, 21.331451447292096]], [[-100.87525664183299, 21.331451447292096], [-100.87521816577845, 21.331453767374796]], [[-100.87522064201207, 21.331489817082414], [-100.87521816577845, 21.331453767374796]], [[-100.87521816577845, 21.331453767374796], [-100.87517968972197, 21.331456087448764]], [[-100.87518216594631, 21.33149213715763], [-100.87517968972197, 21.331456087448764]], [[-100.87517968972197, 21.331456087448764], [-100.87514121366355, 21.331458407514006]], [[-100.87514368987861, 21.331494457224114], [-100.87514121366355, 21.331458407514006]], [[-100.87514121366355, 21.331458407514006], [-100.87510273760319, 21.33146072757051]], [[-100.87510521380896, 21.331496777281874], [-100.87510273760319, 21.33146072757051]], [[-100.87510273760319, 21.33146072757051], [-100.87506426154086, 21.331463047618303]], [[-100.87506673773737, 21.33149909733092], [-100.87506426154086, 21.331463047618303]], [[-100.87506426154086, 21.331463047618303], [-100.8750257854766, 21.331465367657366]], [[-100.87502826166383, 21.331501417371218], [-100.8750257854766, 21.331465367657366]], [[-100.8750257854766, 21.331465367657366], [-100.87498730941039, 21.331467687687702]], [[-100.87498978558834, 21.331503737402805], [-100.87498730941039, 21.331467687687702]], [[-100.87498730941039, 21.331467687687702], [-100.87494883334224, 21.331470007709317]], [[-100.87495130951092, 21.331506057425656], [-100.87494883334224, 21.331470007709317]], [[-100.87494883334224, 21.331470007709317], [-100.87491035727214, 21.331472327722196]], [[-100.87491283343155, 21.33150837743979], [-100.87491035727214, 21.331472327722196]], [[-100.87491035727214, 21.331472327722196], [-100.8748718812001, 21.331474647726353]], [[-100.87487435735022, 21.331510697445196], [-100.8748718812001, 21.331474647726353]], [[-100.8748718812001, 21.331474647726353], [-100.8748334051261, 21.331476967721777]], [[-100.87483588126695, 21.331513017441875], [-100.8748334051261, 21.331476967721777]], [[-100.8748334051261, 21.331476967721777], [-100.87479492905015, 21.33147928770849]], [[-100.87479740518175, 21.33151533742982], [-100.87479492905015, 21.33147928770849]], [[-100.87479492905015, 21.33147928770849], [-100.87475645297226, 21.33148160768647]], [[-100.87475892909458, 21.331517657409044], [-100.87475645297226, 21.33148160768647]], [[-100.87475645297226, 21.33148160768647], [-100.87471797689244, 21.331483927655718]], [[-100.87472045300548, 21.331519977379546], [-100.87471797689244, 21.331483927655718]], [[-100.87471797689244, 21.331483927655718], [-100.87467950081066, 21.331486247616247]], [[-100.87468197691445, 21.331522297341316], [-100.87467950081066, 21.331486247616247]], [[-100.87467950081066, 21.331486247616247], [-100.87464102472694, 21.331488567568044]], [[-100.87464350082143, 21.33152461729437], [-100.87464102472694, 21.331488567568044]], [[-100.87464102472694, 21.331488567568044], [-100.87460254864128, 21.331490887511123]], [[-100.87460502472649, 21.331526937238692], [-100.87460254864128, 21.331490887511123]], [[-100.87460254864128, 21.331490887511123], [-100.87456407255365, 21.33149320744547]], [[-100.87456654862962, 21.331529257174285], [-100.87456407255365, 21.33149320744547]], [[-100.87456407255365, 21.33149320744547], [-100.8745255964641, 21.331495527371096]], [[-100.87452807253077, 21.33153157710116], [-100.8745255964641, 21.331495527371096]], [[-100.8745255964641, 21.331495527371096], [-100.8744871203726, 21.33149784728799]], [[-100.87448959643, 21.3315338970193], [-100.8744871203726, 21.33149784728799]], [[-100.8744871203726, 21.33149784728799], [-100.87444864427916, 21.33150016719616]], [[-100.87445112032727, 21.331536216928715], [-100.87444864427916, 21.33150016719616]], [[-100.87444864427916, 21.33150016719616], [-100.87441016818376, 21.331502487095605]], [[-100.8744126442226, 21.3315385368294], [-100.87441016818376, 21.331502487095605]], [[-100.87441016818376, 21.331502487095605], [-100.87437169208641, 21.33150480698632]], [[-100.87437416811598, 21.331540856721368], [-100.87437169208641, 21.33150480698632]], [[-100.87437169208641, 21.33150480698632], [-100.87433321598712, 21.331507126868317]], [[-100.87433569200743, 21.331543176604608], [-100.87433321598712, 21.331507126868317]], [[-100.87433321598712, 21.331507126868317], [-100.87429473988588, 21.331509446741574]], [[-100.87429721589692, 21.331545496479116], [-100.87429473988588, 21.331509446741574]], [[-100.87429473988588, 21.331509446741574], [-100.87425626378271, 21.33151176660612]], [[-100.87425873978447, 21.331547816344905], [-100.87425626378271, 21.33151176660612]], [[-100.87425626378271, 21.33151176660612], [-100.8742177876776, 21.331514086461937]], [[-100.87422026367007, 21.331550136201965], [-100.8742177876776, 21.331514086461937]], [[-100.8742177876776, 21.331514086461937], [-100.87417931157051, 21.331516406309014]], [[-100.87418178755372, 21.3315524560503], [-100.87417931157051, 21.331516406309014]], [[-100.87417931157051, 21.331516406309014], [-100.87414083546149, 21.331518726147383]], [[-100.87414331143543, 21.331554775889902], [-100.87414083546149, 21.331518726147383]], [[-100.87414083546149, 21.331518726147383], [-100.87410235935054, 21.331521045977013]], [[-100.8741048353152, 21.331557095720783], [-100.87410235935054, 21.331521045977013]], [[-100.87410235935054, 21.331521045977013], [-100.87406388323764, 21.331523365797924]], [[-100.87406635919302, 21.331559415542937], [-100.87406388323764, 21.331523365797924]], [[-100.87406388323764, 21.331523365797924], [-100.87402540712277, 21.331525685610107]], [[-100.87402788306889, 21.331561735356367], [-100.87402540712277, 21.331525685610107]], [[-100.87402540712277, 21.331525685610107], [-100.87398693100599, 21.33152800541356]], [[-100.87398940694283, 21.33156405516107], [-100.87398693100599, 21.33152800541356]], [[-100.87398693100599, 21.33152800541356], [-100.87394845488724, 21.331530325208288]], [[-100.8739509308148, 21.331566374957045], [-100.87394845488724, 21.331530325208288]], [[-100.87394845488724, 21.331530325208288], [-100.87390997876655, 21.33153264499429]], [[-100.87391245468484, 21.33156869474429], [-100.87390997876655, 21.33153264499429]], [[-100.87390997876655, 21.33153264499429], [-100.87387150264392, 21.331534964771574]], [[-100.87387397855294, 21.33157101452282], [-100.87387150264392, 21.331534964771574]], [[-100.87387150264392, 21.331534964771574], [-100.87383302651934, 21.331537284540126]], [[-100.87383550241908, 21.33157333429261], [-100.87383302651934, 21.331537284540126]], [[-100.87383302651934, 21.331537284540126], [-100.87379455039282, 21.33153960429995]], [[-100.87379702628327, 21.331575654053687], [-100.87379455039282, 21.33153960429995]], [[-100.87379455039282, 21.33153960429995], [-100.87375607426434, 21.33154192405105]], [[-100.87375855014554, 21.33157797380603], [-100.87375607426434, 21.33154192405105]], [[-100.87375607426434, 21.33154192405105], [-100.87371759813394, 21.331544243793424]], [[-100.87372007400585, 21.331580293549653], [-100.87371759813394, 21.331544243793424]], [[-100.87371759813394, 21.331544243793424], [-100.87367912200156, 21.331546563527063]], [[-100.87368159786422, 21.331582613284535], [-100.87367912200156, 21.331546563527063]], [[-100.87367912200156, 21.331546563527063], [-100.87364064586727, 21.331548883251983]], [[-100.87364312172063, 21.331584933010706], [-100.87364064586727, 21.331548883251983]], [[-100.87364064586727, 21.331548883251983], [-100.87360216973102, 21.331551202968175]], [[-100.87360464557511, 21.331587252728145], [-100.87360216973102, 21.331551202968175]], [[-100.87360216973102, 21.331551202968175], [-100.87356369359281, 21.33155352267564]], [[-100.87356616942765, 21.331589572436858], [-100.87356369359281, 21.33155352267564]], [[-100.87356369359281, 21.33155352267564], [-100.87352521745267, 21.331555842374385]], [[-100.87352769327822, 21.331591892136846], [-100.87352521745267, 21.331555842374385]], [[-100.87352521745267, 21.331555842374385], [-100.87348674131059, 21.331558162064397]], [[-100.87348921712686, 21.331594211828104], [-100.87348674131059, 21.331558162064397]], [[-100.87348674131059, 21.331558162064397], [-100.87344826516656, 21.331560481745694]], [[-100.87345074097355, 21.331596531510638], [-100.87344826516656, 21.331560481745694]], [[-100.87344826516656, 21.331560481745694], [-100.87340978902057, 21.331562801418244]], [[-100.8734122648183, 21.33159885118445], [-100.87340978902057, 21.331562801418244]], [[-100.87340978902057, 21.331562801418244], [-100.87337131287266, 21.33156512108209]], [[-100.8733737886611, 21.33160117084953], [-100.87337131287266, 21.33156512108209]], [[-100.87337131287266, 21.33156512108209], [-100.87333283672278, 21.331567440737196]], [[-100.87333531250196, 21.331603490505884], [-100.87333283672278, 21.331567440737196]], [[-100.87333283672278, 21.331567440737196], [-100.87329436057097, 21.331569760383584]], [[-100.87329683634087, 21.331605810153512], [-100.87329436057097, 21.331569760383584]], [[-100.87629549456969, 21.331388801760944], [-100.87629301807839, 21.331352752087962]], [[-100.87629301807839, 21.331352752087962], [-100.87625454208566, 21.331355072405017]], [[-100.87625701856771, 21.33139112207924], [-100.87625454208566, 21.331355072405017]], [[-100.87625454208566, 21.331355072405017], [-100.87621606609102, 21.33135739271333]], [[-100.87621854256379, 21.331393442388812], [-100.87621606609102, 21.33135739271333]], [[-100.87621606609102, 21.33135739271333], [-100.87617759009441, 21.33135971301293]], [[-100.87618006655791, 21.33139576268966], [-100.87617759009441, 21.33135971301293]], [[-100.87617759009441, 21.33135971301293], [-100.87613911409586, 21.3313620333038]], [[-100.87614159055009, 21.331398082981774], [-100.87613911409586, 21.3313620333038]], [[-100.87613911409586, 21.3313620333038], [-100.87610063809537, 21.33136435358595]], [[-100.87610311454031, 21.33140040326516], [-100.87610063809537, 21.33136435358595]], [[-100.87610063809537, 21.33136435358595], [-100.87606216209294, 21.331366673859367]], [[-100.8760646385286, 21.331402723539828], [-100.87606216209294, 21.331366673859367]], [[-100.87606216209294, 21.331366673859367], [-100.87602368608854, 21.331368994124063]], [[-100.87602616251495, 21.33140504380577], [-100.87602368608854, 21.331368994124063]], [[-100.87602368608854, 21.331368994124063], [-100.87598521008222, 21.33137131438003]], [[-100.87598768649934, 21.331407364062983], [-100.87598521008222, 21.33137131438003]], [[-100.87598521008222, 21.33137131438003], [-100.87594673407392, 21.331373634627266]], [[-100.87594921048179, 21.33140968431147], [-100.87594673407392, 21.331373634627266]], [[-100.87594673407392, 21.331373634627266], [-100.8759082580637, 21.331375954865784]], [[-100.87591073446228, 21.331412004551233], [-100.8759082580637, 21.331375954865784]], [[-100.8759082580637, 21.331375954865784], [-100.87586978205152, 21.33137827509557]], [[-100.87587225844084, 21.331414324782266], [-100.87586978205152, 21.33137827509557]], [[-100.87586978205152, 21.33137827509557], [-100.87583130603741, 21.331380595316634]], [[-100.87583378241744, 21.331416645004584], [-100.87583130603741, 21.331380595316634]], [[-100.87583130603741, 21.331380595316634], [-100.87579283002134, 21.331382915528977]], [[-100.8757953063921, 21.331418965218155], [-100.87579283002134, 21.331382915528977]], [[-100.87579283002134, 21.331382915528977], [-100.87575435400333, 21.331385235732583]], [[-100.87575683036482, 21.331421285423023], [-100.87575435400333, 21.331385235732583]], [[-100.87575435400333, 21.331385235732583], [-100.87571587798337, 21.33138755592747]], [[-100.87571835433559, 21.331423605619154], [-100.87571587798337, 21.33138755592747]], [[-100.87571587798337, 21.33138755592747], [-100.87567740196147, 21.331389876113626]], [[-100.87567987830441, 21.33142592580656], [-100.87567740196147, 21.331389876113626]], [[-100.87567740196147, 21.331389876113626], [-100.87563892593762, 21.33139219629106]], [[-100.87564140227127, 21.331428245985236], [-100.87563892593762, 21.33139219629106]], [[-100.87563892593762, 21.33139219629106], [-100.87560044991181, 21.33139451645976]], [[-100.87560292623621, 21.331430566155195], [-100.87560044991181, 21.33139451645976]], [[-100.87560044991181, 21.33139451645976], [-100.87556197388407, 21.331396836619742]], [[-100.87556445019919, 21.33143288631642], [-100.87556197388407, 21.331396836619742]], [[-100.87556197388407, 21.331396836619742], [-100.87552349785437, 21.331399156771]], [[-100.87552597416024, 21.33143520646892], [-100.87552349785437, 21.331399156771]], [[-100.87552349785437, 21.331399156771], [-100.87548502182274, 21.331401476913527]], [[-100.87548749811931, 21.331437526612692], [-100.87548502182274, 21.331401476913527]], [[-100.87548502182274, 21.331401476913527], [-100.87544654578917, 21.33140379704733]], [[-100.87544902207647, 21.331439846747738], [-100.87544654578917, 21.33140379704733]], [[-100.87544654578917, 21.33140379704733], [-100.87540806975365, 21.331406117172406]], [[-100.87541054603166, 21.331442166874062], [-100.87540806975365, 21.331406117172406]], [[-100.87540806975365, 21.331406117172406], [-100.87536959371616, 21.331408437288758]], [[-100.87537206998492, 21.331444486991664], [-100.87536959371616, 21.331408437288758]], [[-100.87536959371616, 21.331408437288758], [-100.87533111767674, 21.331410757396377]], [[-100.87533359393622, 21.331446807100534], [-100.87533111767674, 21.331410757396377]], [[-100.87533111767674, 21.331410757396377], [-100.87529264163538, 21.331413077495277]], [[-100.87529511788557, 21.33144912720068], [-100.87529264163538, 21.331413077495277]], [[-100.87529264163538, 21.331413077495277], [-100.87525416559207, 21.331415397585452]], [[-100.87525664183299, 21.331451447292096], [-100.87525416559207, 21.331415397585452]], [[-100.87525416559207, 21.331415397585452], [-100.8752156895468, 21.331417717666902]], [[-100.87521816577845, 21.331453767374796], [-100.8752156895468, 21.331417717666902]], [[-100.8752156895468, 21.331417717666902], [-100.8751772134996, 21.33142003773962]], [[-100.87517968972197, 21.331456087448764], [-100.8751772134996, 21.33142003773962]], [[-100.8751772134996, 21.33142003773962], [-100.87513873745044, 21.331422357803614]], [[-100.87514121366355, 21.331458407514006], [-100.87513873745044, 21.331422357803614]], [[-100.87513873745044, 21.331422357803614], [-100.87510026139934, 21.33142467785888]], [[-100.87510273760319, 21.33146072757051], [-100.87510026139934, 21.33142467785888]], [[-100.87510026139934, 21.33142467785888], [-100.8750617853463, 21.33142699790542]], [[-100.87506426154086, 21.331463047618303], [-100.8750617853463, 21.33142699790542]], [[-100.8750617853463, 21.33142699790542], [-100.87502330929131, 21.331429317943236]], [[-100.8750257854766, 21.331465367657366], [-100.87502330929131, 21.331429317943236]], [[-100.87502330929131, 21.331429317943236], [-100.87498483323438, 21.331431637972326]], [[-100.87498730941039, 21.331467687687702], [-100.87498483323438, 21.331431637972326]], [[-100.87498483323438, 21.331431637972326], [-100.8749463571755, 21.33143395799269]], [[-100.87494883334224, 21.331470007709317], [-100.8749463571755, 21.33143395799269]], [[-100.8749463571755, 21.33143395799269], [-100.87490788111467, 21.331436278004325]], [[-100.87491035727214, 21.331472327722196], [-100.87490788111467, 21.331436278004325]], [[-100.87490788111467, 21.331436278004325], [-100.8748694050519, 21.33143859800724]], [[-100.8748718812001, 21.331474647726353], [-100.8748694050519, 21.33143859800724]], [[-100.8748694050519, 21.33143859800724], [-100.87483092898718, 21.331440918001423]], [[-100.8748334051261, 21.331476967721777], [-100.87483092898718, 21.331440918001423]], [[-100.87483092898718, 21.331440918001423], [-100.87479245292052, 21.33144323798688]], [[-100.87479492905015, 21.33147928770849], [-100.87479245292052, 21.33144323798688]], [[-100.87479245292052, 21.33144323798688], [-100.8747539768519, 21.33144555796362]], [[-100.87475645297226, 21.33148160768647], [-100.8747539768519, 21.33144555796362]], [[-100.8747539768519, 21.33144555796362], [-100.87471550078135, 21.331447877931623]], [[-100.87471797689244, 21.331483927655718], [-100.87471550078135, 21.331447877931623]], [[-100.87471550078135, 21.331447877931623], [-100.87467702470884, 21.331450197890906]], [[-100.87467950081066, 21.331486247616247], [-100.87467702470884, 21.331450197890906]], [[-100.87467702470884, 21.331450197890906], [-100.87463854863441, 21.33145251784146]], [[-100.87464102472694, 21.331488567568044], [-100.87463854863441, 21.33145251784146]], [[-100.87463854863441, 21.33145251784146], [-100.874600072558, 21.331454837783287]], [[-100.87460254864128, 21.331490887511123], [-100.874600072558, 21.331454837783287]], [[-100.874600072558, 21.331454837783287], [-100.87456159647967, 21.33145715771639]], [[-100.87456407255365, 21.33149320744547], [-100.87456159647967, 21.33145715771639]], [[-100.87456159647967, 21.33145715771639], [-100.87452312039939, 21.331459477640767]], [[-100.8745255964641, 21.331495527371096], [-100.87452312039939, 21.331459477640767]], [[-100.87452312039939, 21.331459477640767], [-100.87448464431714, 21.33146179755642]], [[-100.8744871203726, 21.33149784728799], [-100.87448464431714, 21.33146179755642]], [[-100.87448464431714, 21.33146179755642], [-100.87444616823296, 21.331464117463337]], [[-100.87444864427916, 21.33150016719616], [-100.87444616823296, 21.331464117463337]], [[-100.87444616823296, 21.331464117463337], [-100.87440769214685, 21.331466437361534]], [[-100.87441016818376, 21.331502487095605], [-100.87440769214685, 21.331466437361534]], [[-100.87440769214685, 21.331466437361534], [-100.87436921605878, 21.331468757251006]], [[-100.87437169208641, 21.33150480698632], [-100.87436921605878, 21.331468757251006]], [[-100.87436921605878, 21.331468757251006], [-100.87433073996877, 21.331471077131756]], [[-100.87433321598712, 21.331507126868317], [-100.87433073996877, 21.331471077131756]], [[-100.87433073996877, 21.331471077131756], [-100.8742922638768, 21.33147339700377]], [[-100.87429473988588, 21.331509446741574], [-100.8742922638768, 21.33147339700377]], [[-100.8742922638768, 21.33147339700377], [-100.87425378778289, 21.331475716867065]], [[-100.87425626378271, 21.33151176660612], [-100.87425378778289, 21.331475716867065]], [[-100.87425378778289, 21.331475716867065], [-100.87421531168705, 21.33147803672163]], [[-100.8742177876776, 21.331514086461937], [-100.87421531168705, 21.33147803672163]], [[-100.87421531168705, 21.33147803672163], [-100.87417683558925, 21.331480356567468]], [[-100.87417931157051, 21.331516406309014], [-100.87417683558925, 21.331480356567468]], [[-100.87417683558925, 21.331480356567468], [-100.8741383594895, 21.331482676404583]], [[-100.87414083546149, 21.331518726147383], [-100.8741383594895, 21.331482676404583]], [[-100.8741383594895, 21.331482676404583], [-100.87409988338783, 21.331484996232973]], [[-100.87410235935054, 21.331521045977013], [-100.87409988338783, 21.331484996232973]], [[-100.87409988338783, 21.331484996232973], [-100.87406140728419, 21.33148731605263]], [[-100.87406388323764, 21.331523365797924], [-100.87406140728419, 21.33148731605263]], [[-100.87406140728419, 21.33148731605263], [-100.87402293117862, 21.331489635863573]], [[-100.87402540712277, 21.331525685610107], [-100.87402293117862, 21.331489635863573]], [[-100.87402293117862, 21.331489635863573], [-100.8739844550711, 21.331491955665783]], [[-100.87398693100599, 21.33152800541356], [-100.8739844550711, 21.331491955665783]], [[-100.8739844550711, 21.331491955665783], [-100.87394597896163, 21.331494275459264]], [[-100.87394845488724, 21.331530325208288], [-100.87394597896163, 21.331494275459264]], [[-100.87394597896163, 21.331494275459264], [-100.87390750285022, 21.33149659524402]], [[-100.87390997876655, 21.33153264499429], [-100.87390750285022, 21.33149659524402]], [[-100.87390750285022, 21.33149659524402], [-100.87386902673686, 21.331498915020056]], [[-100.87387150264392, 21.331534964771574], [-100.87386902673686, 21.331498915020056]], [[-100.87386902673686, 21.331498915020056], [-100.87383055062155, 21.33150123478736]], [[-100.87383302651934, 21.331537284540126], [-100.87383055062155, 21.33150123478736]], [[-100.87383055062155, 21.33150123478736], [-100.8737920745043, 21.331503554545936]], [[-100.87379455039282, 21.33153960429995], [-100.8737920745043, 21.331503554545936]], [[-100.8737920745043, 21.331503554545936], [-100.8737535983851, 21.331505874295786]], [[-100.87375607426434, 21.33154192405105], [-100.8737535983851, 21.331505874295786]], [[-100.8737535983851, 21.331505874295786], [-100.87371512226395, 21.331508194036914]], [[-100.87371759813394, 21.331544243793424], [-100.87371512226395, 21.331508194036914]], [[-100.87371512226395, 21.331508194036914], [-100.87367664614086, 21.331510513769313]], [[-100.87367912200156, 21.331546563527063], [-100.87367664614086, 21.331510513769313]], [[-100.87367664614086, 21.331510513769313], [-100.87363817001584, 21.331512833492987]], [[-100.87364064586727, 21.331548883251983], [-100.87363817001584, 21.331512833492987]], [[-100.87363817001584, 21.331512833492987], [-100.87359969388886, 21.331515153207935]], [[-100.87360216973102, 21.331551202968175], [-100.87359969388886, 21.331515153207935]], [[-100.87359969388886, 21.331515153207935], [-100.87356121775994, 21.331517472914157]], [[-100.87356369359281, 21.33155352267564], [-100.87356121775994, 21.331517472914157]], [[-100.87356121775994, 21.331517472914157], [-100.87352274162906, 21.33151979261165]], [[-100.87352521745267, 21.331555842374385], [-100.87352274162906, 21.33151979261165]], [[-100.87352274162906, 21.33151979261165], [-100.87348426549624, 21.331522112300426]], [[-100.87348674131059, 21.331558162064397], [-100.87348426549624, 21.331522112300426]], [[-100.87348426549624, 21.331522112300426], [-100.8734457893615, 21.331524431980466]], [[-100.87344826516656, 21.331560481745694], [-100.8734457893615, 21.331524431980466]], [[-100.8734457893615, 21.331524431980466], [-100.8734073132248, 21.331526751651783]], [[-100.87340978902057, 21.331562801418244], [-100.8734073132248, 21.331526751651783]], [[-100.8734073132248, 21.331526751651783], [-100.87336883708615, 21.331529071314375]], [[-100.87337131287266, 21.33156512108209], [-100.87336883708615, 21.331529071314375]], [[-100.87336883708615, 21.331529071314375], [-100.87333036094554, 21.33153139096824]], [[-100.87333283672278, 21.331567440737196], [-100.87333036094554, 21.33153139096824]], [[-100.87333036094554, 21.33153139096824], [-100.87329188480302, 21.33153371061337]], [[-100.87329436057097, 21.331569760383584], [-100.87329188480302, 21.33153371061337]], [[-100.87329436057097, 21.331569760383584], [-100.87325588441722, 21.33157208002124]], [[-100.87329188480302, 21.33153371061337], [-100.87325340865853, 21.331536030249787]], [[-100.87325588441722, 21.33157208002124], [-100.87325340865853, 21.331536030249787]], [[-100.87629301807839, 21.331352752087962], [-100.87629054158901, 21.331316702414707]], [[-100.87629054158901, 21.331316702414707], [-100.87625206560557, 21.331319022730508]], [[-100.87625454208566, 21.331355072405017], [-100.87625206560557, 21.331319022730508]], [[-100.87625206560557, 21.331319022730508], [-100.87621358962019, 21.331321343037587]], [[-100.87621606609102, 21.33135739271333], [-100.87621358962019, 21.331321343037587]], [[-100.87621358962019, 21.331321343037587], [-100.87617511363285, 21.33132366333594]], [[-100.87617759009441, 21.33135971301293], [-100.87617511363285, 21.33132366333594]], [[-100.87617511363285, 21.33132366333594], [-100.8761366376436, 21.331325983625558]], [[-100.87613911409586, 21.3313620333038], [-100.8761366376436, 21.331325983625558]], [[-100.8761366376436, 21.331325983625558], [-100.87609816165237, 21.33132830390646]], [[-100.87610063809537, 21.33136435358595], [-100.87609816165237, 21.33132830390646]], [[-100.87609816165237, 21.33132830390646], [-100.8760596856592, 21.33133062417863]], [[-100.87606216209294, 21.331366673859367], [-100.8760596856592, 21.33133062417863]], [[-100.8760596856592, 21.33133062417863], [-100.87602120966409, 21.331332944442078]], [[-100.87602368608854, 21.331368994124063], [-100.87602120966409, 21.331332944442078]], [[-100.87602120966409, 21.331332944442078], [-100.87598273366702, 21.331335264696797]], [[-100.87598521008222, 21.33137131438003], [-100.87598273366702, 21.331335264696797]], [[-100.87598273366702, 21.331335264696797], [-100.87594425766802, 21.331337584942794]], [[-100.87594673407392, 21.331373634627266], [-100.87594425766802, 21.331337584942794]], [[-100.87594425766802, 21.331337584942794], [-100.87590578166706, 21.33133990518006]], [[-100.8759082580637, 21.331375954865784], [-100.87590578166706, 21.33133990518006]], [[-100.87590578166706, 21.33133990518006], [-100.87586730566417, 21.33134222540861]], [[-100.87586978205152, 21.33137827509557], [-100.87586730566417, 21.33134222540861]], [[-100.87586730566417, 21.33134222540861], [-100.87582882965931, 21.331344545628415]], [[-100.87583130603741, 21.331380595316634], [-100.87582882965931, 21.331344545628415]], [[-100.87582882965931, 21.331344545628415], [-100.87579035365253, 21.331346865839503]], [[-100.87579283002134, 21.331382915528977], [-100.87579035365253, 21.331346865839503]], [[-100.87579035365253, 21.331346865839503], [-100.8757518776438, 21.33134918604187]], [[-100.87575435400333, 21.331385235732583], [-100.8757518776438, 21.33134918604187]], [[-100.8757518776438, 21.33134918604187], [-100.8757134016331, 21.331351506235507]], [[-100.87571587798337, 21.33138755592747], [-100.8757134016331, 21.331351506235507]], [[-100.8757134016331, 21.331351506235507], [-100.87567492562047, 21.331353826420425]], [[-100.87567740196147, 21.331389876113626], [-100.87567492562047, 21.331353826420425]], [[-100.87567492562047, 21.331353826420425], [-100.8756364496059, 21.331356146596608]], [[-100.87563892593762, 21.33139219629106], [-100.8756364496059, 21.331356146596608]], [[-100.8756364496059, 21.331356146596608], [-100.87559797358936, 21.331358466764065]], [[-100.87560044991181, 21.33139451645976], [-100.87559797358936, 21.331358466764065]], [[-100.87559797358936, 21.331358466764065], [-100.8755594975709, 21.331360786922797]], [[-100.87556197388407, 21.331396836619742], [-100.8755594975709, 21.331360786922797]], [[-100.8755594975709, 21.331360786922797], [-100.87552102155048, 21.331363107072807]], [[-100.87552349785437, 21.331399156771], [-100.87552102155048, 21.331363107072807]], [[-100.87552102155048, 21.331363107072807], [-100.87548254552813, 21.33136542721408]], [[-100.87548502182274, 21.331401476913527], [-100.87548254552813, 21.33136542721408]], [[-100.87548254552813, 21.33136542721408], [-100.87544406950381, 21.331367747346643]], [[-100.87544654578917, 21.33140379704733], [-100.87544406950381, 21.331367747346643]], [[-100.87544406950381, 21.331367747346643], [-100.87540559347755, 21.33137006747047]], [[-100.87540806975365, 21.331406117172406], [-100.87540559347755, 21.33137006747047]], [[-100.87540559347755, 21.33137006747047], [-100.87536711744936, 21.331372387585578]], [[-100.87536959371616, 21.331408437288758], [-100.87536711744936, 21.331372387585578]], [[-100.87536711744936, 21.331372387585578], [-100.87532864141922, 21.331374707691957]], [[-100.87533111767674, 21.331410757396377], [-100.87532864141922, 21.331374707691957]], [[-100.87532864141922, 21.331374707691957], [-100.87529016538711, 21.33137702778961]], [[-100.87529264163538, 21.331413077495277], [-100.87529016538711, 21.33137702778961]], [[-100.87529016538711, 21.33137702778961], [-100.87525168935308, 21.33137934787853]], [[-100.87525416559207, 21.331415397585452], [-100.87525168935308, 21.33137934787853]], [[-100.87525168935308, 21.33137934787853], [-100.8752132133171, 21.331381667958734]], [[-100.8752156895468, 21.331417717666902], [-100.8752132133171, 21.331381667958734]], [[-100.8752132133171, 21.331381667958734], [-100.87517473727917, 21.331383988030204]], [[-100.8751772134996, 21.33142003773962], [-100.87517473727917, 21.331383988030204]], [[-100.87517473727917, 21.331383988030204], [-100.87513626123929, 21.331386308092956]], [[-100.87513873745044, 21.331422357803614], [-100.87513626123929, 21.331386308092956]], [[-100.87513626123929, 21.331386308092956], [-100.87509778519747, 21.33138862814697]], [[-100.87510026139934, 21.33142467785888], [-100.87509778519747, 21.33138862814697]], [[-100.87509778519747, 21.33138862814697], [-100.8750593091537, 21.331390948192272]], [[-100.8750617853463, 21.33142699790542], [-100.8750593091537, 21.331390948192272]], [[-100.8750593091537, 21.331390948192272], [-100.87502083310798, 21.331393268228837]], [[-100.87502330929131, 21.331429317943236], [-100.87502083310798, 21.331393268228837]], [[-100.87502083310798, 21.331393268228837], [-100.87498235706032, 21.331395588256683]], [[-100.87498483323438, 21.331431637972326], [-100.87498235706032, 21.331395588256683]], [[-100.87498235706032, 21.331395588256683], [-100.87494388101071, 21.331397908275793]], [[-100.8749463571755, 21.33143395799269], [-100.87494388101071, 21.331397908275793]], [[-100.87494388101071, 21.331397908275793], [-100.87490540495915, 21.33140022828619]], [[-100.87490788111467, 21.331436278004325], [-100.87490540495915, 21.33140022828619]], [[-100.87490540495915, 21.33140022828619], [-100.87486692890565, 21.33140254828785]], [[-100.8748694050519, 21.33143859800724], [-100.87486692890565, 21.33140254828785]], [[-100.87486692890565, 21.33140254828785], [-100.87482845285021, 21.331404868280792]], [[-100.87483092898718, 21.331440918001423], [-100.87482845285021, 21.331404868280792]], [[-100.87482845285021, 21.331404868280792], [-100.87478997679283, 21.331407188265004]], [[-100.87479245292052, 21.33144323798688], [-100.87478997679283, 21.331407188265004]], [[-100.87478997679283, 21.331407188265004], [-100.87475150073348, 21.331409508240494]], [[-100.8747539768519, 21.33144555796362], [-100.87475150073348, 21.331409508240494]], [[-100.87475150073348, 21.331409508240494], [-100.87471302467219, 21.331411828207255]], [[-100.87471550078135, 21.331447877931623], [-100.87471302467219, 21.331411828207255]], [[-100.87471302467219, 21.331411828207255], [-100.87467454860898, 21.33141414816529]], [[-100.87467702470884, 21.331450197890906], [-100.87467454860898, 21.33141414816529]], [[-100.87467454860898, 21.33141414816529], [-100.8746360725438, 21.331416468114597]], [[-100.87463854863441, 21.33145251784146], [-100.8746360725438, 21.331416468114597]], [[-100.8746360725438, 21.331416468114597], [-100.87459759647668, 21.331418788055178]], [[-100.874600072558, 21.331454837783287], [-100.87459759647668, 21.331418788055178]], [[-100.87459759647668, 21.331418788055178], [-100.87455912040761, 21.331421107987033]], [[-100.87456159647967, 21.33145715771639], [-100.87455912040761, 21.331421107987033]], [[-100.87455912040761, 21.331421107987033], [-100.8745206443366, 21.331423427910163]], [[-100.87452312039939, 21.331459477640767], [-100.8745206443366, 21.331423427910163]], [[-100.8745206443366, 21.331423427910163], [-100.87448216826364, 21.331425747824557]], [[-100.87448464431714, 21.33146179755642], [-100.87448216826364, 21.331425747824557]], [[-100.87448216826364, 21.331425747824557], [-100.87444369218875, 21.331428067730233]], [[-100.87444616823296, 21.331464117463337], [-100.87444369218875, 21.331428067730233]], [[-100.87444369218875, 21.331428067730233], [-100.87440521611188, 21.33143038762719]], [[-100.87440769214685, 21.331466437361534], [-100.87440521611188, 21.33143038762719]], [[-100.87440521611188, 21.33143038762719], [-100.8743667400331, 21.331432707515415]], [[-100.87436921605878, 21.331468757251006], [-100.8743667400331, 21.331432707515415]], [[-100.8743667400331, 21.331432707515415], [-100.87432826395235, 21.331435027394914]], [[-100.87433073996877, 21.331471077131756], [-100.87432826395235, 21.331435027394914]], [[-100.87432826395235, 21.331435027394914], [-100.87428978786966, 21.331437347265684]], [[-100.8742922638768, 21.33147339700377], [-100.87428978786966, 21.331437347265684]], [[-100.87428978786966, 21.331437347265684], [-100.87425131178505, 21.33143966712773]], [[-100.87425378778289, 21.331475716867065], [-100.87425131178505, 21.33143966712773]], [[-100.87425131178505, 21.33143966712773], [-100.87421283569846, 21.33144198698105]], [[-100.87421531168705, 21.33147803672163], [-100.87421283569846, 21.33144198698105]], [[-100.87421283569846, 21.33144198698105], [-100.87417435960994, 21.331444306825652]], [[-100.87417683558925, 21.331480356567468], [-100.87417435960994, 21.331444306825652]], [[-100.87417435960994, 21.331444306825652], [-100.87413588351947, 21.331446626661517]], [[-100.8741383594895, 21.331482676404583], [-100.87413588351947, 21.331446626661517]], [[-100.87413588351947, 21.331446626661517], [-100.87409740742706, 21.331448946488663]], [[-100.87409988338783, 21.331484996232973], [-100.87409740742706, 21.331448946488663]], [[-100.87409740742706, 21.331448946488663], [-100.8740589313327, 21.331451266307074]], [[-100.87406140728419, 21.33148731605263], [-100.8740589313327, 21.331451266307074]], [[-100.8740589313327, 21.331451266307074], [-100.87402045523639, 21.33145358611677]], [[-100.87402293117862, 21.331489635863573], [-100.87402045523639, 21.33145358611677]], [[-100.87402045523639, 21.33145358611677], [-100.87398197913815, 21.33145590591773]], [[-100.8739844550711, 21.331491955665783], [-100.87398197913815, 21.33145590591773]], [[-100.87398197913815, 21.33145590591773], [-100.87394350303795, 21.331458225709973]], [[-100.87394597896163, 21.331494275459264], [-100.87394350303795, 21.331458225709973]], [[-100.87394350303795, 21.331458225709973], [-100.8739050269358, 21.331460545493474]], [[-100.87390750285022, 21.33149659524402], [-100.8739050269358, 21.331460545493474]], [[-100.8739050269358, 21.331460545493474], [-100.87386655083172, 21.33146286526826]], [[-100.87386902673686, 21.331498915020056], [-100.87386655083172, 21.33146286526826]], [[-100.87386655083172, 21.33146286526826], [-100.8738280747257, 21.331465185034325]], [[-100.87383055062155, 21.33150123478736], [-100.8738280747257, 21.331465185034325]], [[-100.8738280747257, 21.331465185034325], [-100.8737895986177, 21.331467504791654]], [[-100.8737920745043, 21.331503554545936], [-100.8737895986177, 21.331467504791654]], [[-100.8737895986177, 21.331467504791654], [-100.8737511225078, 21.33146982454026]], [[-100.8737535983851, 21.331505874295786], [-100.8737511225078, 21.33146982454026]], [[-100.8737511225078, 21.33146982454026], [-100.87371264639593, 21.33147214428014]], [[-100.87371512226395, 21.331508194036914], [-100.87371264639593, 21.33147214428014]], [[-100.87371264639593, 21.33147214428014], [-100.87367417028211, 21.331474464011293]], [[-100.87367664614086, 21.331510513769313], [-100.87367417028211, 21.331474464011293]], [[-100.87367417028211, 21.331474464011293], [-100.87363569416635, 21.331476783733727]], [[-100.87363817001584, 21.331512833492987], [-100.87363569416635, 21.331476783733727]], [[-100.87363569416635, 21.331476783733727], [-100.87359721804864, 21.331479103447425]], [[-100.87359969388886, 21.331515153207935], [-100.87359721804864, 21.331479103447425]], [[-100.87359721804864, 21.331479103447425], [-100.873558741929, 21.331481423152404]], [[-100.87356121775994, 21.331517472914157], [-100.873558741929, 21.331481423152404]], [[-100.873558741929, 21.331481423152404], [-100.87352026580741, 21.33148374284865]], [[-100.87352274162906, 21.33151979261165], [-100.87352026580741, 21.33148374284865]], [[-100.87352026580741, 21.33148374284865], [-100.87348178968388, 21.331486062536175]], [[-100.87348426549624, 21.331522112300426], [-100.87348178968388, 21.331486062536175]], [[-100.87348178968388, 21.331486062536175], [-100.8734433135584, 21.331488382214967]], [[-100.8734457893615, 21.331524431980466], [-100.8734433135584, 21.331488382214967]], [[-100.8734433135584, 21.331488382214967], [-100.87340483743097, 21.33149070188504]], [[-100.8734073132248, 21.331526751651783], [-100.87340483743097, 21.33149070188504]], [[-100.87340483743097, 21.33149070188504], [-100.87336636130158, 21.331493021546386]], [[-100.87336883708615, 21.331529071314375], [-100.87336636130158, 21.331493021546386]], [[-100.87336636130158, 21.331493021546386], [-100.87332788517026, 21.331495341199005]], [[-100.87333036094554, 21.33153139096824], [-100.87332788517026, 21.331495341199005]], [[-100.87332788517026, 21.331495341199005], [-100.873289409037, 21.331497660842896]], [[-100.87329188480302, 21.33153371061337], [-100.873289409037, 21.331497660842896]], [[-100.873289409037, 21.331497660842896], [-100.87325093290178, 21.33149998047806]], [[-100.87325340865853, 21.331536030249787], [-100.87325093290178, 21.33149998047806]], [[-100.87325340865853, 21.331536030249787], [-100.8732149325121, 21.331538349877473]], [[-100.87325093290178, 21.33149998047806], [-100.87321245676463, 21.331502300104493]], [[-100.8732149325121, 21.331538349877473], [-100.87321245676463, 21.331502300104493]], [[-100.87632901757048, 21.331314382090177], [-100.87629054158901, 21.331316702414707]], [[-100.87632901757048, 21.331314382090177], [-100.8763265410738, 21.331278332417906]], [[-100.8763265410738, 21.331278332417906], [-100.87628806510158, 21.33128065274118]], [[-100.87629054158901, 21.331316702414707], [-100.87628806510158, 21.33128065274118]], [[-100.87628806510158, 21.33128065274118], [-100.87624958912741, 21.331282973055735]], [[-100.87625206560557, 21.331319022730508], [-100.87624958912741, 21.331282973055735]], [[-100.87624958912741, 21.331282973055735], [-100.87621111315131, 21.331285293361564]], [[-100.87621358962019, 21.331321343037587], [-100.87621111315131, 21.331285293361564]], [[-100.87621111315131, 21.331285293361564], [-100.87617263717325, 21.33128761365867]], [[-100.87617511363285, 21.33132366333594], [-100.87617263717325, 21.33128761365867]], [[-100.87617263717325, 21.33128761365867], [-100.87613416119325, 21.331289933947048]], [[-100.8761366376436, 21.331325983625558], [-100.87613416119325, 21.331289933947048]], [[-100.87613416119325, 21.331289933947048], [-100.87609568521131, 21.3312922542267]], [[-100.87609816165237, 21.33132830390646], [-100.87609568521131, 21.3312922542267]], [[-100.87609568521131, 21.3312922542267], [-100.87605720922741, 21.331294574497623]], [[-100.8760596856592, 21.33133062417863], [-100.87605720922741, 21.331294574497623]], [[-100.87605720922741, 21.331294574497623], [-100.87601873324158, 21.331296894759824]], [[-100.87602120966409, 21.331332944442078], [-100.87601873324158, 21.331296894759824]], [[-100.87601873324158, 21.331296894759824], [-100.87598025725379, 21.331299215013292]], [[-100.87598273366702, 21.331335264696797], [-100.87598025725379, 21.331299215013292]], [[-100.87598025725379, 21.331299215013292], [-100.87594178126405, 21.33130153525805]], [[-100.87594425766802, 21.331337584942794], [-100.87594178126405, 21.33130153525805]], [[-100.87594178126405, 21.33130153525805], [-100.87590330527237, 21.33130385549406]], [[-100.87590578166706, 21.33133990518006], [-100.87590330527237, 21.33130385549406]], [[-100.87590330527237, 21.33130385549406], [-100.87586482927875, 21.33130617572136]], [[-100.87586730566417, 21.33134222540861], [-100.87586482927875, 21.33130617572136]], [[-100.87586482927875, 21.33130617572136], [-100.87582635328319, 21.33130849593993]], [[-100.87582882965931, 21.331344545628415], [-100.87582635328319, 21.33130849593993]], [[-100.87582635328319, 21.33130849593993], [-100.87578787728566, 21.331310816149774]], [[-100.87579035365253, 21.331346865839503], [-100.87578787728566, 21.331310816149774]], [[-100.87578787728566, 21.331310816149774], [-100.87574940128619, 21.33131313635089]], [[-100.8757518776438, 21.33134918604187], [-100.87574940128619, 21.33131313635089]], [[-100.87574940128619, 21.33131313635089], [-100.87571092528479, 21.331315456543276]], [[-100.8757134016331, 21.331351506235507], [-100.87571092528479, 21.331315456543276]], [[-100.87571092528479, 21.331315456543276], [-100.87567244928142, 21.33131777672694]], [[-100.87567492562047, 21.331353826420425], [-100.87567244928142, 21.33131777672694]], [[-100.87567244928142, 21.33131777672694], [-100.87563397327612, 21.331320096901884]], [[-100.8756364496059, 21.331356146596608], [-100.87563397327612, 21.331320096901884]], [[-100.87563397327612, 21.331320096901884], [-100.87559549726888, 21.331322417068098]], [[-100.87559797358936, 21.331358466764065], [-100.87559549726888, 21.331322417068098]], [[-100.87559549726888, 21.331322417068098], [-100.87555702125968, 21.331324737225582]], [[-100.8755594975709, 21.331360786922797], [-100.87555702125968, 21.331324737225582]], [[-100.87555702125968, 21.331324737225582], [-100.87551854524853, 21.331327057374338]], [[-100.87552102155048, 21.331363107072807], [-100.87551854524853, 21.331327057374338]], [[-100.87551854524853, 21.331327057374338], [-100.87548006923545, 21.33132937751438]], [[-100.87548254552813, 21.33136542721408], [-100.87548006923545, 21.33132937751438]], [[-100.87548006923545, 21.33132937751438], [-100.8754415932204, 21.331331697645687]], [[-100.87544406950381, 21.331367747346643], [-100.8754415932204, 21.331331697645687]], [[-100.8754415932204, 21.331331697645687], [-100.87540311720343, 21.33133401776827]], [[-100.87540559347755, 21.33137006747047], [-100.87540311720343, 21.33133401776827]], [[-100.87540311720343, 21.33133401776827], [-100.8753646411845, 21.331336337882124]], [[-100.87536711744936, 21.331372387585578], [-100.8753646411845, 21.331336337882124]], [[-100.8753646411845, 21.331336337882124], [-100.87532616516363, 21.331338657987263]], [[-100.87532864141922, 21.331374707691957], [-100.87532616516363, 21.331338657987263]], [[-100.87532616516363, 21.331338657987263], [-100.8752876891408, 21.331340978083663]], [[-100.87529016538711, 21.33137702778961], [-100.8752876891408, 21.331340978083663]], [[-100.8752876891408, 21.331340978083663], [-100.87524921311605, 21.331343298171344]], [[-100.87525168935308, 21.33137934787853], [-100.87524921311605, 21.331343298171344]], [[-100.87524921311605, 21.331343298171344], [-100.87521073708932, 21.331345618250296]], [[-100.8752132133171, 21.331381667958734], [-100.87521073708932, 21.331345618250296]], [[-100.87521073708932, 21.331345618250296], [-100.87517226106067, 21.331347938320516]], [[-100.87517473727917, 21.331383988030204], [-100.87517226106067, 21.331347938320516]], [[-100.87517226106067, 21.331347938320516], [-100.87513378503007, 21.331350258382024]], [[-100.87513626123929, 21.331386308092956], [-100.87513378503007, 21.331350258382024]], [[-100.87513378503007, 21.331350258382024], [-100.87509530899752, 21.331352578434792]], [[-100.87509778519747, 21.33138862814697], [-100.87509530899752, 21.331352578434792]], [[-100.87509530899752, 21.331352578434792], [-100.87505683296303, 21.331354898478846]], [[-100.8750593091537, 21.331390948192272], [-100.87505683296303, 21.331354898478846]], [[-100.87505683296303, 21.331354898478846], [-100.87501835692659, 21.331357218514167]], [[-100.87502083310798, 21.331393268228837], [-100.87501835692659, 21.331357218514167]], [[-100.87501835692659, 21.331357218514167], [-100.87497988088819, 21.331359538540767]], [[-100.87498235706032, 21.331395588256683], [-100.87497988088819, 21.331359538540767]], [[-100.87497988088819, 21.331359538540767], [-100.87494140484786, 21.33136185855863]], [[-100.87494388101071, 21.331397908275793], [-100.87494140484786, 21.33136185855863]], [[-100.87494140484786, 21.33136185855863], [-100.87490292880558, 21.331364178567775]], [[-100.87490540495915, 21.33140022828619], [-100.87490292880558, 21.331364178567775]], [[-100.87490292880558, 21.331364178567775], [-100.87486445276136, 21.331366498568194]], [[-100.87486692890565, 21.33140254828785], [-100.87486445276136, 21.331366498568194]], [[-100.87486445276136, 21.331366498568194], [-100.87482597671519, 21.331368818559888]], [[-100.87482845285021, 21.331404868280792], [-100.87482597671519, 21.331368818559888]], [[-100.87482597671519, 21.331368818559888], [-100.87478750066705, 21.331371138542853]], [[-100.87478997679283, 21.331407188265004], [-100.87478750066705, 21.331371138542853]], [[-100.87478750066705, 21.331371138542853], [-100.874749024617, 21.331373458517092]], [[-100.87475150073348, 21.331409508240494], [-100.874749024617, 21.331373458517092]], [[-100.874749024617, 21.331373458517092], [-100.87471054856499, 21.331375778482606]], [[-100.87471302467219, 21.331411828207255], [-100.87471054856499, 21.331375778482606]], [[-100.87471054856499, 21.331375778482606], [-100.87467207251103, 21.331378098439398]], [[-100.87467454860898, 21.33141414816529], [-100.87467207251103, 21.331378098439398]], [[-100.87467207251103, 21.331378098439398], [-100.87463359645514, 21.331380418387457]], [[-100.8746360725438, 21.331416468114597], [-100.87463359645514, 21.331380418387457]], [[-100.87463359645514, 21.331380418387457], [-100.87459512039729, 21.33138273832679]], [[-100.87459759647668, 21.331418788055178], [-100.87459512039729, 21.33138273832679]], [[-100.87459512039729, 21.33138273832679], [-100.8745566443375, 21.3313850582574]], [[-100.87455912040761, 21.331421107987033], [-100.8745566443375, 21.3313850582574]], [[-100.8745566443375, 21.3313850582574], [-100.87451816827576, 21.331387378179283]], [[-100.8745206443366, 21.331423427910163], [-100.87451816827576, 21.331387378179283]], [[-100.87451816827576, 21.331387378179283], [-100.87447969221208, 21.33138969809244]], [[-100.87448216826364, 21.331425747824557], [-100.87447969221208, 21.33138969809244]], [[-100.87447969221208, 21.33138969809244], [-100.87444121614645, 21.331392017996873]], [[-100.87444369218875, 21.331428067730233], [-100.87444121614645, 21.331392017996873]], [[-100.87444121614645, 21.331392017996873], [-100.87440274007888, 21.33139433789258]], [[-100.87440521611188, 21.33143038762719], [-100.87440274007888, 21.33139433789258]], [[-100.87440274007888, 21.33139433789258], [-100.87436426400936, 21.33139665777956]], [[-100.8743667400331, 21.331432707515415], [-100.87436426400936, 21.33139665777956]], [[-100.87436426400936, 21.33139665777956], [-100.87432578793788, 21.331398977657813]], [[-100.87432826395235, 21.331435027394914], [-100.87432578793788, 21.331398977657813]], [[-100.87432578793788, 21.331398977657813], [-100.87428731186448, 21.331401297527336]], [[-100.87428978786966, 21.331437347265684], [-100.87428731186448, 21.331401297527336]], [[-100.87428731186448, 21.331401297527336], [-100.87424883578912, 21.331403617388137]], [[-100.87425131178505, 21.33143966712773], [-100.87424883578912, 21.331403617388137]], [[-100.87424883578912, 21.331403617388137], [-100.87421035971182, 21.331405937240213]], [[-100.87421283569846, 21.33144198698105], [-100.87421035971182, 21.331405937240213]], [[-100.87421035971182, 21.331405937240213], [-100.87417188363257, 21.331408257083563]], [[-100.87417435960994, 21.331444306825652], [-100.87417188363257, 21.331408257083563]], [[-100.87417188363257, 21.331408257083563], [-100.87413340755137, 21.33141057691818]], [[-100.87413588351947, 21.331446626661517], [-100.87413340755137, 21.33141057691818]], [[-100.87413340755137, 21.33141057691818], [-100.87409493146824, 21.33141289674408]], [[-100.87409740742706, 21.331448946488663], [-100.87409493146824, 21.33141289674408]], [[-100.87409493146824, 21.33141289674408], [-100.87405645538315, 21.33141521656125]], [[-100.8740589313327, 21.331451266307074], [-100.87405645538315, 21.33141521656125]], [[-100.87405645538315, 21.33141521656125], [-100.87401797929613, 21.331417536369695]], [[-100.87402045523639, 21.33145358611677], [-100.87401797929613, 21.331417536369695]], [[-100.87401797929613, 21.331417536369695], [-100.87397950320714, 21.331419856169404]], [[-100.87398197913815, 21.33145590591773], [-100.87397950320714, 21.331419856169404]], [[-100.87397950320714, 21.331419856169404], [-100.87394102711622, 21.331422175960395]], [[-100.87394350303795, 21.331458225709973], [-100.87394102711622, 21.331422175960395]], [[-100.87394102711622, 21.331422175960395], [-100.87390255102336, 21.331424495742663]], [[-100.8739050269358, 21.331460545493474], [-100.87390255102336, 21.331424495742663]], [[-100.87390255102336, 21.331424495742663], [-100.87386407492855, 21.3314268155162]], [[-100.87386655083172, 21.33146286526826], [-100.87386407492855, 21.3314268155162]], [[-100.87386407492855, 21.3314268155162], [-100.87382559883179, 21.331429135281013]], [[-100.8738280747257, 21.331465185034325], [-100.87382559883179, 21.331429135281013]], [[-100.87382559883179, 21.331429135281013], [-100.87378712273309, 21.33143145503711]], [[-100.8737895986177, 21.331467504791654], [-100.87378712273309, 21.33143145503711]], [[-100.87378712273309, 21.33143145503711], [-100.87374864663244, 21.33143377478446]], [[-100.8737511225078, 21.33146982454026], [-100.87374864663244, 21.33143377478446]], [[-100.87374864663244, 21.33143377478446], [-100.87371017052983, 21.331436094523102]], [[-100.87371264639593, 21.33147214428014], [-100.87371017052983, 21.331436094523102]], [[-100.87371017052983, 21.331436094523102], [-100.87367169442531, 21.331438414253007]], [[-100.87367417028211, 21.331474464011293], [-100.87367169442531, 21.331438414253007]], [[-100.87367169442531, 21.331438414253007], [-100.87363321831882, 21.33144073397419]], [[-100.87363569416635, 21.331476783733727], [-100.87363321831882, 21.33144073397419]], [[-100.87363321831882, 21.33144073397419], [-100.87359474221039, 21.33144305368664]], [[-100.87359721804864, 21.331479103447425], [-100.87359474221039, 21.33144305368664]], [[-100.87359474221039, 21.33144305368664], [-100.87355626610001, 21.331445373390373]], [[-100.873558741929, 21.331481423152404], [-100.87355626610001, 21.331445373390373]], [[-100.87355626610001, 21.331445373390373], [-100.8735177899877, 21.33144769308538]], [[-100.87352026580741, 21.33148374284865], [-100.8735177899877, 21.33144769308538]], [[-100.8735177899877, 21.33144769308538], [-100.87347931387343, 21.33145001277165]], [[-100.87348178968388, 21.331486062536175], [-100.87347931387343, 21.33145001277165]], [[-100.87347931387343, 21.33145001277165], [-100.87344083775723, 21.331452332449206]], [[-100.8734433135584, 21.331488382214967], [-100.87344083775723, 21.331452332449206]], [[-100.87344083775723, 21.331452332449206], [-100.87340236163907, 21.331454652118026]], [[-100.87340483743097, 21.33149070188504], [-100.87340236163907, 21.331454652118026]], [[-100.87340236163907, 21.331454652118026], [-100.87336388551897, 21.331456971778124]], [[-100.87336636130158, 21.331493021546386], [-100.87336388551897, 21.331456971778124]], [[-100.87336388551897, 21.331456971778124], [-100.87332540939691, 21.3314592914295]], [[-100.87332788517026, 21.331495341199005], [-100.87332540939691, 21.3314592914295]], [[-100.87332540939691, 21.3314592914295], [-100.87328693327292, 21.331461611072147]], [[-100.873289409037, 21.331497660842896], [-100.87328693327292, 21.331461611072147]], [[-100.87328693327292, 21.331461611072147], [-100.873248457147, 21.331463930706065]], [[-100.87325093290178, 21.33149998047806], [-100.873248457147, 21.331463930706065]], [[-100.873248457147, 21.331463930706065], [-100.87320998101912, 21.33146625033126]], [[-100.87321245676463, 21.331502300104493], [-100.87320998101912, 21.33146625033126]], [[-100.87321245676463, 21.331502300104493], [-100.87317398062552, 21.33150461972221]], [[-100.87320998101912, 21.33146625033126], [-100.87317150488929, 21.331468569947724]], [[-100.87317398062552, 21.33150461972221], [-100.87317150488929, 21.331468569947724]], [[-100.8763265410738, 21.331278332417906], [-100.87632406457904, 21.33124228274535]], [[-100.87632406457904, 21.33124228274535], [-100.8762855886161, 21.33124460306739]], [[-100.87628806510158, 21.33128065274118], [-100.8762855886161, 21.33124460306739]], [[-100.8762855886161, 21.33124460306739], [-100.8762471126512, 21.331246923380697]], [[-100.87624958912741, 21.331282973055735], [-100.8762471126512, 21.331246923380697]], [[-100.8762471126512, 21.331246923380697], [-100.87620863668438, 21.331249243685274]], [[-100.87621111315131, 21.331285293361564], [-100.87620863668438, 21.331249243685274]], [[-100.87620863668438, 21.331249243685274], [-100.8761701607156, 21.33125156398113]], [[-100.87617263717325, 21.33128761365867], [-100.8761701607156, 21.33125156398113]], [[-100.8761701607156, 21.33125156398113], [-100.87613168474486, 21.33125388426826]], [[-100.87613416119325, 21.331289933947048], [-100.87613168474486, 21.33125388426826]], [[-100.87613168474486, 21.33125388426826], [-100.8760932087722, 21.33125620454667]], [[-100.87609568521131, 21.3312922542267], [-100.8760932087722, 21.33125620454667]], [[-100.8760932087722, 21.33125620454667], [-100.87605473279757, 21.33125852481635]], [[-100.87605720922741, 21.331294574497623], [-100.87605473279757, 21.33125852481635]], [[-100.87605473279757, 21.33125852481635], [-100.876016256821, 21.3312608450773]], [[-100.87601873324158, 21.331296894759824], [-100.876016256821, 21.3312608450773]], [[-100.876016256821, 21.3312608450773], [-100.8759777808425, 21.331263165329528]], [[-100.87598025725379, 21.331299215013292], [-100.8759777808425, 21.331263165329528]], [[-100.8759777808425, 21.331263165329528], [-100.87593930486204, 21.33126548557302]], [[-100.87594178126405, 21.33130153525805], [-100.87593930486204, 21.33126548557302]], [[-100.87593930486204, 21.33126548557302], [-100.87590082887962, 21.331267805807794]], [[-100.87590330527237, 21.33130385549406], [-100.87590082887962, 21.331267805807794]], [[-100.87590082887962, 21.331267805807794], [-100.87586235289528, 21.331270126033846]], [[-100.87586482927875, 21.33130617572136], [-100.87586235289528, 21.331270126033846]], [[-100.87586235289528, 21.331270126033846], [-100.87582387690898, 21.33127244625116]], [[-100.87582635328319, 21.33130849593993], [-100.87582387690898, 21.33127244625116]], [[-100.87582387690898, 21.33127244625116], [-100.87578540092073, 21.33127476645976]], [[-100.87578787728566, 21.331310816149774], [-100.87578540092073, 21.33127476645976]], [[-100.87578540092073, 21.33127476645976], [-100.87574692493055, 21.331277086659632]], [[-100.87574940128619, 21.33131313635089], [-100.87574692493055, 21.331277086659632]], [[-100.87574692493055, 21.331277086659632], [-100.87570844893841, 21.331279406850776]], [[-100.87571092528479, 21.331315456543276], [-100.87570844893841, 21.331279406850776]], [[-100.87570844893841, 21.331279406850776], [-100.87566997294432, 21.331281727033197]], [[-100.87567244928142, 21.33131777672694], [-100.87566997294432, 21.331281727033197]], [[-100.87566997294432, 21.331281727033197], [-100.8756314969483, 21.331284047206886]], [[-100.87563397327612, 21.331320096901884], [-100.8756314969483, 21.331284047206886]], [[-100.8756314969483, 21.331284047206886], [-100.87559302095032, 21.331286367371856]], [[-100.87559549726888, 21.331322417068098], [-100.87559302095032, 21.331286367371856]], [[-100.87559302095032, 21.331286367371856], [-100.8755545449504, 21.331288687528097]], [[-100.87555702125968, 21.331324737225582], [-100.8755545449504, 21.331288687528097]], [[-100.8755545449504, 21.331288687528097], [-100.87551606894853, 21.331291007675606]], [[-100.87551854524853, 21.331327057374338], [-100.87551606894853, 21.331291007675606]], [[-100.87551606894853, 21.331291007675606], [-100.87547759294472, 21.331293327814397]], [[-100.87548006923545, 21.33132937751438], [-100.87547759294472, 21.331293327814397]], [[-100.87547759294472, 21.331293327814397], [-100.87543911693895, 21.331295647944458]], [[-100.8754415932204, 21.331331697645687], [-100.87543911693895, 21.331295647944458]], [[-100.87543911693895, 21.331295647944458], [-100.87540064093125, 21.331297968065794]], [[-100.87540311720343, 21.33133401776827], [-100.87540064093125, 21.331297968065794]], [[-100.87540064093125, 21.331297968065794], [-100.87536216492158, 21.331300288178404]], [[-100.8753646411845, 21.331336337882124], [-100.87536216492158, 21.331300288178404]], [[-100.87536216492158, 21.331300288178404], [-100.87532368890999, 21.331302608282282]], [[-100.87532616516363, 21.331338657987263], [-100.87532368890999, 21.331302608282282]], [[-100.87532368890999, 21.331302608282282], [-100.87528521289644, 21.331304928377442]], [[-100.8752876891408, 21.331340978083663], [-100.87528521289644, 21.331304928377442]], [[-100.87528521289644, 21.331304928377442], [-100.87524673688095, 21.331307248463876]], [[-100.87524921311605, 21.331343298171344], [-100.87524673688095, 21.331307248463876]], [[-100.87524673688095, 21.331307248463876], [-100.87520826086352, 21.33130956854158]], [[-100.87521073708932, 21.331345618250296], [-100.87520826086352, 21.33130956854158]], [[-100.87520826086352, 21.33130956854158], [-100.87516978484412, 21.331311888610564]], [[-100.87517226106067, 21.331347938320516], [-100.87516978484412, 21.331311888610564]], [[-100.87516978484412, 21.331311888610564], [-100.8751313088228, 21.33131420867082]], [[-100.87513378503007, 21.331350258382024], [-100.8751313088228, 21.33131420867082]], [[-100.8751313088228, 21.33131420867082], [-100.87509283279952, 21.331316528722347]], [[-100.87509530899752, 21.331352578434792], [-100.87509283279952, 21.331316528722347]], [[-100.87509283279952, 21.331316528722347], [-100.8750543567743, 21.331318848765147]], [[-100.87505683296303, 21.331354898478846], [-100.8750543567743, 21.331318848765147]], [[-100.8750543567743, 21.331318848765147], [-100.87501588074713, 21.33132116879922]], [[-100.87501835692659, 21.331357218514167], [-100.87501588074713, 21.33132116879922]], [[-100.87501588074713, 21.33132116879922], [-100.87497740471802, 21.331323488824573]], [[-100.87497988088819, 21.331359538540767], [-100.87497740471802, 21.331323488824573]], [[-100.87497740471802, 21.331323488824573], [-100.87493892868696, 21.331325808841196]], [[-100.87494140484786, 21.33136185855863], [-100.87493892868696, 21.331325808841196]], [[-100.87493892868696, 21.331325808841196], [-100.87490045265396, 21.331328128849094]], [[-100.87490292880558, 21.331364178567775], [-100.87490045265396, 21.331328128849094]], [[-100.87490045265396, 21.331328128849094], [-100.874861976619, 21.331330448848263]], [[-100.87486445276136, 21.331366498568194], [-100.874861976619, 21.331330448848263]], [[-100.874861976619, 21.331330448848263], [-100.87482350058211, 21.331332768838717]], [[-100.87482597671519, 21.331368818559888], [-100.87482350058211, 21.331332768838717]], [[-100.87482350058211, 21.331332768838717], [-100.87478502454326, 21.331335088820428]], [[-100.87478750066705, 21.331371138542853], [-100.87478502454326, 21.331335088820428]], [[-100.87478502454326, 21.331335088820428], [-100.87474654850247, 21.331337408793434]], [[-100.874749024617, 21.331373458517092], [-100.87474654850247, 21.331337408793434]], [[-100.87474654850247, 21.331337408793434], [-100.87470807245974, 21.33133972875769]], [[-100.87471054856499, 21.331375778482606], [-100.87470807245974, 21.33133972875769]], [[-100.87470807245974, 21.33133972875769], [-100.87466959641506, 21.331342048713232]], [[-100.87467207251103, 21.331378098439398], [-100.87466959641506, 21.331342048713232]], [[-100.87466959641506, 21.331342048713232], [-100.87463112036842, 21.331344368660044]], [[-100.87463359645514, 21.331380418387457], [-100.87463112036842, 21.331344368660044]], [[-100.87463112036842, 21.331344368660044], [-100.87459264431986, 21.33134668859814]], [[-100.87459512039729, 21.33138273832679], [-100.87459264431986, 21.33134668859814]], [[-100.87459264431986, 21.33134668859814], [-100.87455416826933, 21.331349008527503]], [[-100.8745566443375, 21.3313850582574], [-100.87455416826933, 21.331349008527503]], [[-100.87455416826933, 21.331349008527503], [-100.87451569221687, 21.331351328448136]], [[-100.87451816827576, 21.331387378179283], [-100.87451569221687, 21.331351328448136]], [[-100.87451569221687, 21.331351328448136], [-100.87447721616246, 21.331353648360047]], [[-100.87447969221208, 21.33138969809244], [-100.87447721616246, 21.331353648360047]], [[-100.87447721616246, 21.331353648360047], [-100.8744387401061, 21.331355968263235]], [[-100.87444121614645, 21.331392017996873], [-100.8744387401061, 21.331355968263235]], [[-100.8744387401061, 21.331355968263235], [-100.87440026404781, 21.331358288157688]], [[-100.87440274007888, 21.33139433789258], [-100.87440026404781, 21.331358288157688]], [[-100.87440026404781, 21.331358288157688], [-100.87436178798757, 21.331360608043425]], [[-100.87436426400936, 21.33139665777956], [-100.87436178798757, 21.331360608043425]], [[-100.87436178798757, 21.331360608043425], [-100.87432331192538, 21.331362927920434]], [[-100.87432578793788, 21.331398977657813], [-100.87432331192538, 21.331362927920434]], [[-100.87432331192538, 21.331362927920434], [-100.87428483586122, 21.331365247788714]], [[-100.87428731186448, 21.331401297527336], [-100.87428483586122, 21.331365247788714]], [[-100.87428483586122, 21.331365247788714], [-100.87424635979515, 21.331367567648265]], [[-100.87424883578912, 21.331403617388137], [-100.87424635979515, 21.331367567648265]], [[-100.87424635979515, 21.331367567648265], [-100.87420788372712, 21.331369887499093]], [[-100.87421035971182, 21.331405937240213], [-100.87420788372712, 21.331369887499093]], [[-100.87420788372712, 21.331369887499093], [-100.87416940765715, 21.3313722073412]], [[-100.87417188363257, 21.331408257083563], [-100.87416940765715, 21.3313722073412]], [[-100.87416940765715, 21.3313722073412], [-100.87413093158523, 21.331374527174574]], [[-100.87413340755137, 21.33141057691818], [-100.87413093158523, 21.331374527174574]], [[-100.87413093158523, 21.331374527174574], [-100.87409245551135, 21.33137684699922]], [[-100.87409493146824, 21.33141289674408], [-100.87409245551135, 21.33137684699922]], [[-100.87409245551135, 21.33137684699922], [-100.87405397943554, 21.331379166815143]], [[-100.87405645538315, 21.33141521656125], [-100.87405397943554, 21.331379166815143]], [[-100.87405397943554, 21.331379166815143], [-100.87401550335778, 21.331381486622345]], [[-100.87401797929613, 21.331417536369695], [-100.87401550335778, 21.331381486622345]], [[-100.87401550335778, 21.331381486622345], [-100.87397702727809, 21.331383806420806]], [[-100.87397950320714, 21.331419856169404], [-100.87397702727809, 21.331383806420806]], [[-100.87397702727809, 21.331383806420806], [-100.87393855119645, 21.331386126210557]], [[-100.87394102711622, 21.331422175960395], [-100.87393855119645, 21.331386126210557]], [[-100.87393855119645, 21.331386126210557], [-100.87390007511284, 21.331388445991575]], [[-100.87390255102336, 21.331424495742663], [-100.87390007511284, 21.331388445991575]], [[-100.87390007511284, 21.331388445991575], [-100.87386159902731, 21.33139076576387]], [[-100.87386407492855, 21.3314268155162], [-100.87386159902731, 21.33139076576387]], [[-100.87386159902731, 21.33139076576387], [-100.87382312293983, 21.331393085527434]], [[-100.87382559883179, 21.331429135281013], [-100.87382312293983, 21.331393085527434]], [[-100.87382312293983, 21.331393085527434], [-100.8737846468504, 21.33139540528228]], [[-100.87378712273309, 21.33143145503711], [-100.8737846468504, 21.33139540528228]], [[-100.8737846468504, 21.33139540528228], [-100.87374617075902, 21.331397725028392]], [[-100.87374864663244, 21.33143377478446], [-100.87374617075902, 21.331397725028392]], [[-100.87374617075902, 21.331397725028392], [-100.8737076946657, 21.33140004476578]], [[-100.87371017052983, 21.331436094523102], [-100.8737076946657, 21.33140004476578]], [[-100.8737076946657, 21.33140004476578], [-100.87366921857044, 21.33140236449444]], [[-100.87367169442531, 21.331438414253007], [-100.87366921857044, 21.33140236449444]], [[-100.87366921857044, 21.33140236449444], [-100.87363074247322, 21.331404684214377]], [[-100.87363321831882, 21.33144073397419], [-100.87363074247322, 21.331404684214377]], [[-100.87363074247322, 21.331404684214377], [-100.87359226637408, 21.331407003925587]], [[-100.87359474221039, 21.33144305368664], [-100.87359226637408, 21.331407003925587]], [[-100.87359226637408, 21.331407003925587], [-100.87355379027296, 21.331409323628076]], [[-100.87355626610001, 21.331445373390373], [-100.87355379027296, 21.331409323628076]], [[-100.87355379027296, 21.331409323628076], [-100.87351531416992, 21.331411643321825]], [[-100.8735177899877, 21.33144769308538], [-100.87351531416992, 21.331411643321825]], [[-100.87351531416992, 21.331411643321825], [-100.87347683806495, 21.331413963006856]], [[-100.87347931387343, 21.33145001277165], [-100.87347683806495, 21.331413963006856]], [[-100.87347683806495, 21.331413963006856], [-100.87343836195801, 21.331416282683165]], [[-100.87344083775723, 21.331452332449206], [-100.87343836195801, 21.331416282683165]], [[-100.87343836195801, 21.331416282683165], [-100.87339988584912, 21.331418602350745]], [[-100.87340236163907, 21.331454652118026], [-100.87339988584912, 21.331418602350745]], [[-100.87339988584912, 21.331418602350745], [-100.8733614097383, 21.331420922009595]], [[-100.87336388551897, 21.331456971778124], [-100.8733614097383, 21.331420922009595]], [[-100.8733614097383, 21.331420922009595], [-100.87332293362552, 21.331423241659724]], [[-100.87332540939691, 21.3314592914295], [-100.87332293362552, 21.331423241659724]], [[-100.87332293362552, 21.331423241659724], [-100.8732844575108, 21.331425561301117]], [[-100.87328693327292, 21.331461611072147], [-100.8732844575108, 21.331425561301117]], [[-100.8732844575108, 21.331425561301117], [-100.87324598139415, 21.3314278809338]], [[-100.873248457147, 21.331463930706065], [-100.87324598139415, 21.3314278809338]], [[-100.87324598139415, 21.3314278809338], [-100.87320750527553, 21.331430200557744]], [[-100.87320998101912, 21.33146625033126], [-100.87320750527553, 21.331430200557744]], [[-100.87320750527553, 21.331430200557744], [-100.87316902915498, 21.33143252017297]], [[-100.87317150488929, 21.331468569947724], [-100.87316902915498, 21.33143252017297]], [[-100.87632406457904, 21.33124228274535], [-100.87632158808623, 21.331206233072532]], [[-100.87632158808623, 21.331206233072532], [-100.87628311213255, 21.331208553393324]], [[-100.8762855886161, 21.33124460306739], [-100.87628311213255, 21.331208553393324]], [[-100.87628311213255, 21.331208553393324], [-100.87624463617696, 21.33121087370538]], [[-100.8762471126512, 21.331246923380697], [-100.87624463617696, 21.33121087370538]], [[-100.87624463617696, 21.33121087370538], [-100.8762061602194, 21.33121319400872]], [[-100.87620863668438, 21.331249243685274], [-100.8762061602194, 21.33121319400872]], [[-100.8762061602194, 21.33121319400872], [-100.87616768425988, 21.331215514303327]], [[-100.8761701607156, 21.33125156398113], [-100.87616768425988, 21.331215514303327]], [[-100.87616768425988, 21.331215514303327], [-100.87612920829842, 21.331217834589207]], [[-100.87613168474486, 21.33125388426826], [-100.87612920829842, 21.331217834589207]], [[-100.87612920829842, 21.331217834589207], [-100.87609073233503, 21.331220154866365]], [[-100.8760932087722, 21.33125620454667], [-100.87609073233503, 21.331220154866365]], [[-100.87609073233503, 21.331220154866365], [-100.87605225636969, 21.33122247513479]], [[-100.87605473279757, 21.33125852481635], [-100.87605225636969, 21.33122247513479]], [[-100.87605225636969, 21.33122247513479], [-100.87601378040239, 21.331224795394498]], [[-100.876016256821, 21.3312608450773], [-100.87601378040239, 21.331224795394498]], [[-100.87601378040239, 21.331224795394498], [-100.87597530443315, 21.331227115645476]], [[-100.8759777808425, 21.331263165329528], [-100.87597530443315, 21.331227115645476]], [[-100.87597530443315, 21.331227115645476], [-100.87593682846196, 21.331229435887728]], [[-100.87593930486204, 21.33126548557302], [-100.87593682846196, 21.331229435887728]], [[-100.87593682846196, 21.331229435887728], [-100.87589835248883, 21.331231756121255]], [[-100.87590082887962, 21.331267805807794], [-100.87589835248883, 21.331231756121255]], [[-100.87589835248883, 21.331231756121255], [-100.87585987651376, 21.33123407634606]], [[-100.87586235289528, 21.331270126033846], [-100.87585987651376, 21.33123407634606]], [[-100.87585987651376, 21.33123407634606], [-100.87582140053672, 21.33123639656213]], [[-100.87582387690898, 21.33127244625116], [-100.87582140053672, 21.33123639656213]], [[-100.87582140053672, 21.33123639656213], [-100.87578292455777, 21.331238716769484]], [[-100.87578540092073, 21.33127476645976], [-100.87578292455777, 21.331238716769484]], [[-100.87578292455777, 21.331238716769484], [-100.87574444857684, 21.33124103696811]], [[-100.87574692493055, 21.331277086659632], [-100.87574444857684, 21.33124103696811]], [[-100.87574444857684, 21.33124103696811], [-100.87570597259398, 21.331243357158005]], [[-100.87570844893841, 21.331279406850776], [-100.87570597259398, 21.331243357158005]], [[-100.87570597259398, 21.331243357158005], [-100.87566749660917, 21.331245677339172]], [[-100.87566997294432, 21.331281727033197], [-100.87566749660917, 21.331245677339172]], [[-100.87566749660917, 21.331245677339172], [-100.87562902062241, 21.33124799751162]], [[-100.8756314969483, 21.331284047206886], [-100.87562902062241, 21.33124799751162]], [[-100.87562902062241, 21.33124799751162], [-100.87559054463371, 21.331250317675334]], [[-100.87559302095032, 21.331286367371856], [-100.87559054463371, 21.331250317675334]], [[-100.87559054463371, 21.331250317675334], [-100.87555206864306, 21.331252637830335]], [[-100.8755545449504, 21.331288687528097], [-100.87555206864306, 21.331252637830335]], [[-100.87555206864306, 21.331252637830335], [-100.87551359265046, 21.331254957976604]], [[-100.87551606894853, 21.331291007675606], [-100.87551359265046, 21.331254957976604]], [[-100.87551359265046, 21.331254957976604], [-100.87547511665592, 21.33125727811414]], [[-100.87547759294472, 21.331293327814397], [-100.87547511665592, 21.33125727811414]], [[-100.87547511665592, 21.33125727811414], [-100.87543664065944, 21.331259598242955]], [[-100.87543911693895, 21.331295647944458], [-100.87543664065944, 21.331259598242955]], [[-100.87543664065944, 21.331259598242955], [-100.875398164661, 21.331261918363044]], [[-100.87540064093125, 21.331297968065794], [-100.875398164661, 21.331261918363044]], [[-100.875398164661, 21.331261918363044], [-100.87535968866062, 21.331264238474407]], [[-100.87536216492158, 21.331300288178404], [-100.87535968866062, 21.331264238474407]], [[-100.87535968866062, 21.331264238474407], [-100.87532121265829, 21.331266558577045]], [[-100.87532368890999, 21.331302608282282], [-100.87532121265829, 21.331266558577045]], [[-100.87532121265829, 21.331266558577045], [-100.87528273665403, 21.331268878670958]], [[-100.87528521289644, 21.331304928377442], [-100.87528273665403, 21.331268878670958]], [[-100.87528273665403, 21.331268878670958], [-100.8752442606478, 21.33127119875615]], [[-100.87524673688095, 21.331307248463876], [-100.8752442606478, 21.33127119875615]], [[-100.8752442606478, 21.33127119875615], [-100.87520578463965, 21.331273518832603]], [[-100.87520826086352, 21.33130956854158], [-100.87520578463965, 21.331273518832603]], [[-100.87520578463965, 21.331273518832603], [-100.87516730862953, 21.33127583890034]], [[-100.87516978484412, 21.331311888610564], [-100.87516730862953, 21.33127583890034]], [[-100.87516730862953, 21.33127583890034], [-100.87512883261746, 21.331278158959346]], [[-100.8751313088228, 21.33131420867082], [-100.87512883261746, 21.331278158959346]], [[-100.87512883261746, 21.331278158959346], [-100.87509035660347, 21.331280479009628]], [[-100.87509283279952, 21.331316528722347], [-100.87509035660347, 21.331280479009628]], [[-100.87509035660347, 21.331280479009628], [-100.87505188058752, 21.331282799051177]], [[-100.8750543567743, 21.331318848765147], [-100.87505188058752, 21.331282799051177]], [[-100.87505188058752, 21.331282799051177], [-100.87501340456963, 21.33128511908401]], [[-100.87501588074713, 21.33132116879922], [-100.87501340456963, 21.33128511908401]], [[-100.87501340456963, 21.33128511908401], [-100.87497492854979, 21.331287439108113]], [[-100.87497740471802, 21.331323488824573], [-100.87497492854979, 21.331287439108113]], [[-100.87497492854979, 21.331287439108113], [-100.874936452528, 21.331289759123496]], [[-100.87493892868696, 21.331325808841196], [-100.874936452528, 21.331289759123496]], [[-100.874936452528, 21.331289759123496], [-100.87489797650427, 21.331292079130147]], [[-100.87490045265396, 21.331328128849094], [-100.87489797650427, 21.331292079130147]], [[-100.87489797650427, 21.331292079130147], [-100.87485950047859, 21.331294399128065]], [[-100.874861976619, 21.331330448848263], [-100.87485950047859, 21.331294399128065]], [[-100.87485950047859, 21.331294399128065], [-100.87482102445098, 21.33129671911726]], [[-100.87482350058211, 21.331332768838717], [-100.87482102445098, 21.33129671911726]], [[-100.87482102445098, 21.33129671911726], [-100.87478254842141, 21.331299039097733]], [[-100.87478502454326, 21.331335088820428], [-100.87478254842141, 21.331299039097733]], [[-100.87478254842141, 21.331299039097733], [-100.87474407238989, 21.33130135906948]], [[-100.87474654850247, 21.331337408793434], [-100.87474407238989, 21.33130135906948]], [[-100.87474407238989, 21.33130135906948], [-100.87470559635642, 21.33130367903251]], [[-100.87470807245974, 21.33133972875769], [-100.87470559635642, 21.33130367903251]], [[-100.87470559635642, 21.33130367903251], [-100.874667120321, 21.331305998986803]], [[-100.87466959641506, 21.331342048713232], [-100.874667120321, 21.331305998986803]], [[-100.874667120321, 21.331305998986803], [-100.87462864428366, 21.33130831893237]], [[-100.87463112036842, 21.331344368660044], [-100.87462864428366, 21.33130831893237]], [[-100.87462864428366, 21.33130831893237], [-100.87459016824437, 21.33131063886921]], [[-100.87459264431986, 21.33134668859814], [-100.87459016824437, 21.33131063886921]], [[-100.87459016824437, 21.33131063886921], [-100.87455169220313, 21.33131295879733]], [[-100.87455416826933, 21.331349008527503], [-100.87455169220313, 21.33131295879733]], [[-100.87455169220313, 21.33131295879733], [-100.87451321615993, 21.33131527871672]], [[-100.87451569221687, 21.331351328448136], [-100.87451321615993, 21.33131527871672]], [[-100.87451321615993, 21.33131527871672], [-100.87447474011479, 21.331317598627383]], [[-100.87447721616246, 21.331353648360047], [-100.87447474011479, 21.331317598627383]], [[-100.87447474011479, 21.331317598627383], [-100.87443626406771, 21.33131991852932]], [[-100.8744387401061, 21.331355968263235], [-100.87443626406771, 21.33131991852932]], [[-100.87443626406771, 21.33131991852932], [-100.87439778801868, 21.331322238422533]], [[-100.87440026404781, 21.331358288157688], [-100.87439778801868, 21.331322238422533]], [[-100.87439778801868, 21.331322238422533], [-100.87435931196771, 21.331324558307028]], [[-100.87436178798757, 21.331360608043425], [-100.87435931196771, 21.331324558307028]], [[-100.87435931196771, 21.331324558307028], [-100.8743208359148, 21.331326878182786]], [[-100.87432331192538, 21.331362927920434], [-100.8743208359148, 21.331326878182786]], [[-100.8743208359148, 21.331326878182786], [-100.87428235985992, 21.331329198049815]], [[-100.87428483586122, 21.331365247788714], [-100.87428235985992, 21.331329198049815]], [[-100.87428235985992, 21.331329198049815], [-100.87424388380312, 21.331331517908122]], [[-100.87424635979515, 21.331367567648265], [-100.87424388380312, 21.331331517908122]], [[-100.87424388380312, 21.331331517908122], [-100.87420540774436, 21.331333837757704]], [[-100.87420788372712, 21.331369887499093], [-100.87420540774436, 21.331333837757704]], [[-100.87420540774436, 21.331333837757704], [-100.87416693168367, 21.33133615759856]], [[-100.87416940765715, 21.3313722073412], [-100.87416693168367, 21.33133615759856]], [[-100.87416693168367, 21.33133615759856], [-100.87412845562102, 21.33133847743069]], [[-100.87413093158523, 21.331374527174574], [-100.87412845562102, 21.33133847743069]], [[-100.87412845562102, 21.33133847743069], [-100.87408997955643, 21.331340797254096]], [[-100.87409245551135, 21.33137684699922], [-100.87408997955643, 21.331340797254096]], [[-100.87408997955643, 21.331340797254096], [-100.8740515034899, 21.33134311706877]], [[-100.87405397943554, 21.331379166815143], [-100.8740515034899, 21.33134311706877]], [[-100.8740515034899, 21.33134311706877], [-100.87401302742141, 21.33134543687472]], [[-100.87401550335778, 21.331381486622345], [-100.87401302742141, 21.33134543687472]], [[-100.87401302742141, 21.33134543687472], [-100.87397455135097, 21.331347756671946]], [[-100.87397702727809, 21.331383806420806], [-100.87397455135097, 21.331347756671946]], [[-100.87397455135097, 21.331347756671946], [-100.8739360752786, 21.331350076460446]], [[-100.87393855119645, 21.331386126210557], [-100.8739360752786, 21.331350076460446]], [[-100.8739360752786, 21.331350076460446], [-100.87389759920428, 21.33135239624022]], [[-100.87390007511284, 21.331388445991575], [-100.87389759920428, 21.33135239624022]], [[-100.87389759920428, 21.33135239624022], [-100.87385912312803, 21.331354716011262]], [[-100.87386159902731, 21.33139076576387], [-100.87385912312803, 21.331354716011262]], [[-100.87385912312803, 21.331354716011262], [-100.87382064704981, 21.331357035773586]], [[-100.87382312293983, 21.331393085527434], [-100.87382064704981, 21.331357035773586]], [[-100.87382064704981, 21.331357035773586], [-100.87378217096965, 21.331359355527184]], [[-100.8737846468504, 21.33139540528228], [-100.87378217096965, 21.331359355527184]], [[-100.87378217096965, 21.331359355527184], [-100.87374369488755, 21.331361675272053]], [[-100.87374617075902, 21.331397725028392], [-100.87374369488755, 21.331361675272053]], [[-100.87374369488755, 21.331361675272053], [-100.87370521880352, 21.331363995008193]], [[-100.8737076946657, 21.33140004476578], [-100.87370521880352, 21.331363995008193]], [[-100.87370521880352, 21.331363995008193], [-100.87366674271752, 21.33136631473561]], [[-100.87366921857044, 21.33140236449444], [-100.87366674271752, 21.33136631473561]], [[-100.87366674271752, 21.33136631473561], [-100.87362826662958, 21.3313686344543]], [[-100.87363074247322, 21.331404684214377], [-100.87362826662958, 21.3313686344543]], [[-100.87362826662958, 21.3313686344543], [-100.87358979053971, 21.33137095416426]], [[-100.87359226637408, 21.331407003925587], [-100.87358979053971, 21.33137095416426]], [[-100.87358979053971, 21.33137095416426], [-100.87355131444787, 21.3313732738655]], [[-100.87355379027296, 21.331409323628076], [-100.87355131444787, 21.3313732738655]], [[-100.87355131444787, 21.3313732738655], [-100.8735128383541, 21.33137559355801]], [[-100.87351531416992, 21.331411643321825], [-100.8735128383541, 21.33137559355801]], [[-100.8735128383541, 21.33137559355801], [-100.87347436225839, 21.331377913241795]], [[-100.87347683806495, 21.331413963006856], [-100.87347436225839, 21.331377913241795]], [[-100.87347436225839, 21.331377913241795], [-100.87343588616072, 21.331380232916853]], [[-100.87343836195801, 21.331416282683165], [-100.87343588616072, 21.331380232916853]], [[-100.87343588616072, 21.331380232916853], [-100.87339741006112, 21.33138255258319]], [[-100.87339988584912, 21.331418602350745], [-100.87339741006112, 21.33138255258319]], [[-100.87339741006112, 21.33138255258319], [-100.87335893395955, 21.331384872240793]], [[-100.8733614097383, 21.331420922009595], [-100.87335893395955, 21.331384872240793]], [[-100.87335893395955, 21.331384872240793], [-100.87332045785607, 21.331387191889675]], [[-100.87332293362552, 21.331423241659724], [-100.87332045785607, 21.331387191889675]], [[-100.87332045785607, 21.331387191889675], [-100.87328198175062, 21.331389511529828]], [[-100.8732844575108, 21.331425561301117], [-100.87328198175062, 21.331389511529828]], [[-100.87328198175062, 21.331389511529828], [-100.87324350564323, 21.331391831161262]], [[-100.87324598139415, 21.3314278809338], [-100.87324350564323, 21.331391831161262]], [[-100.87324350564323, 21.331391831161262], [-100.8732050295339, 21.33139415078396]], [[-100.87320750527553, 21.331430200557744], [-100.8732050295339, 21.33139415078396]], [[-100.8732050295339, 21.33139415078396], [-100.87316655342262, 21.331396470397934]], [[-100.87316902915498, 21.33143252017297], [-100.87316655342262, 21.331396470397934]], [[-100.87316902915498, 21.33143252017297], [-100.8731305530325, 21.33143483977946]], [[-100.87316655342262, 21.331396470397934], [-100.8731280773094, 21.331398790003185]], [[-100.8731305530325, 21.33143483977946], [-100.8731280773094, 21.331398790003185]], [[-100.87632158808623, 21.331206233072532], [-100.87631911159536, 21.33117018339944]], [[-100.87631911159536, 21.33117018339944], [-100.87628063565097, 21.33117250371898]], [[-100.87628311213255, 21.331208553393324], [-100.87628063565097, 21.33117250371898]], [[-100.87628063565097, 21.33117250371898], [-100.87624215970465, 21.331174824029794]], [[-100.87624463617696, 21.33121087370538], [-100.87624215970465, 21.331174824029794]], [[-100.87624215970465, 21.331174824029794], [-100.87620368375636, 21.331177144331882]], [[-100.8762061602194, 21.33121319400872], [-100.87620368375636, 21.331177144331882]], [[-100.87620368375636, 21.331177144331882], [-100.87616520780612, 21.331179464625244]], [[-100.87616768425988, 21.331215514303327], [-100.87616520780612, 21.331179464625244]], [[-100.87616520780612, 21.331179464625244], [-100.87612673185393, 21.331181784909873]], [[-100.87612920829842, 21.331217834589207], [-100.87612673185393, 21.331181784909873]], [[-100.87612673185393, 21.331181784909873], [-100.8760882558998, 21.331184105185784]], [[-100.87609073233503, 21.331220154866365], [-100.8760882558998, 21.331184105185784]], [[-100.8760882558998, 21.331184105185784], [-100.87604977994373, 21.331186425452966]], [[-100.87605225636969, 21.33122247513479], [-100.87604977994373, 21.331186425452966]], [[-100.87604977994373, 21.331186425452966], [-100.87601130398572, 21.33118874571143]], [[-100.87601378040239, 21.331224795394498], [-100.87601130398572, 21.33118874571143]], [[-100.87601130398572, 21.33118874571143], [-100.87597282802575, 21.33119106596116]], [[-100.87597530443315, 21.331227115645476], [-100.87597282802575, 21.33119106596116]], [[-100.87597282802575, 21.33119106596116], [-100.87593435206384, 21.331193386202163]], [[-100.87593682846196, 21.331229435887728], [-100.87593435206384, 21.331193386202163]], [[-100.87593435206384, 21.331193386202163], [-100.87589587609999, 21.331195706434443]], [[-100.87589835248883, 21.331231756121255], [-100.87589587609999, 21.331195706434443]], [[-100.87589587609999, 21.331195706434443], [-100.87585740013418, 21.331198026658004]], [[-100.87585987651376, 21.33123407634606], [-100.87585740013418, 21.331198026658004]], [[-100.87585740013418, 21.331198026658004], [-100.87581892416644, 21.331200346872826]], [[-100.87582140053672, 21.33123639656213], [-100.87581892416644, 21.331200346872826]], [[-100.87581892416644, 21.331200346872826], [-100.87578044819674, 21.331202667078934]], [[-100.87578292455777, 21.331238716769484], [-100.87578044819674, 21.331202667078934]], [[-100.87578044819674, 21.331202667078934], [-100.87574197222509, 21.331204987276312]], [[-100.87574444857684, 21.33124103696811], [-100.87574197222509, 21.331204987276312]], [[-100.87574197222509, 21.331204987276312], [-100.87570349625149, 21.331207307464958]], [[-100.87570597259398, 21.331243357158005], [-100.87570349625149, 21.331207307464958]], [[-100.87570349625149, 21.331207307464958], [-100.87566502027596, 21.33120962764489]], [[-100.87566749660917, 21.331245677339172], [-100.87566502027596, 21.33120962764489]], [[-100.87566502027596, 21.33120962764489], [-100.87562654429848, 21.331211947816083]], [[-100.87562902062241, 21.33124799751162], [-100.87562654429848, 21.331211947816083]], [[-100.87562654429848, 21.331211947816083], [-100.87558806831905, 21.331214267978556]], [[-100.87559054463371, 21.331250317675334], [-100.87558806831905, 21.331214267978556]], [[-100.87558806831905, 21.331214267978556], [-100.87554959233766, 21.3312165881323]], [[-100.87555206864306, 21.331252637830335], [-100.87554959233766, 21.3312165881323]], [[-100.87554959233766, 21.3312165881323], [-100.87551111635436, 21.331218908277318]], [[-100.87551359265046, 21.331254957976604], [-100.87551111635436, 21.331218908277318]], [[-100.87551111635436, 21.331218908277318], [-100.87547264036908, 21.331221228413614]], [[-100.87547511665592, 21.33125727811414], [-100.87547264036908, 21.331221228413614]], [[-100.87547264036908, 21.331221228413614], [-100.87543416438186, 21.331223548541182]], [[-100.87543664065944, 21.331259598242955], [-100.87543416438186, 21.331223548541182]], [[-100.87543416438186, 21.331223548541182], [-100.87539568839271, 21.331225868660024]], [[-100.875398164661, 21.331261918363044], [-100.87539568839271, 21.331225868660024]], [[-100.87539568839271, 21.331225868660024], [-100.8753572124016, 21.331228188770144]], [[-100.87535968866062, 21.331264238474407], [-100.8753572124016, 21.331228188770144]], [[-100.8753572124016, 21.331228188770144], [-100.87531873640856, 21.331230508871535]], [[-100.87532121265829, 21.331266558577045], [-100.87531873640856, 21.331230508871535]], [[-100.87531873640856, 21.331230508871535], [-100.87528026041355, 21.331232828964197]], [[-100.87528273665403, 21.331268878670958], [-100.87528026041355, 21.331232828964197]], [[-100.87528026041355, 21.331232828964197], [-100.87524178441662, 21.33123514904814]], [[-100.8752442606478, 21.33127119875615], [-100.87524178441662, 21.33123514904814]], [[-100.87524178441662, 21.33123514904814], [-100.87520330841771, 21.331237469123348]], [[-100.87520578463965, 21.331273518832603], [-100.87520330841771, 21.331237469123348]], [[-100.87520330841771, 21.331237469123348], [-100.87516483241689, 21.331239789189837]], [[-100.87516730862953, 21.33127583890034], [-100.87516483241689, 21.331239789189837]], [[-100.87516483241689, 21.331239789189837], [-100.8751263564141, 21.331242109247597]], [[-100.87512883261746, 21.331278158959346], [-100.8751263564141, 21.331242109247597]], [[-100.8751263564141, 21.331242109247597], [-100.87508788040937, 21.331244429296635]], [[-100.87509035660347, 21.331280479009628], [-100.87508788040937, 21.331244429296635]], [[-100.87508788040937, 21.331244429296635], [-100.87504940440269, 21.33124674933694]], [[-100.87505188058752, 21.331282799051177], [-100.87504940440269, 21.33124674933694]], [[-100.87504940440269, 21.33124674933694], [-100.87501092839408, 21.331249069368525]], [[-100.87501340456963, 21.33128511908401], [-100.87501092839408, 21.331249069368525]], [[-100.87501092839408, 21.331249069368525], [-100.87497245238352, 21.331251389391383]], [[-100.87497492854979, 21.331287439108113], [-100.87497245238352, 21.331251389391383]], [[-100.87497245238352, 21.331251389391383], [-100.87493397637098, 21.33125370940551]], [[-100.874936452528, 21.331289759123496], [-100.87493397637098, 21.33125370940551]], [[-100.87493397637098, 21.33125370940551], [-100.87489550035653, 21.331256029410916]], [[-100.87489797650427, 21.331292079130147], [-100.87489550035653, 21.331256029410916]], [[-100.87489550035653, 21.331256029410916], [-100.87485702434013, 21.331258349407594]], [[-100.87485950047859, 21.331294399128065], [-100.87485702434013, 21.331258349407594]], [[-100.87485702434013, 21.331258349407594], [-100.87481854832178, 21.331260669395544]], [[-100.87482102445098, 21.33129671911726], [-100.87481854832178, 21.331260669395544]], [[-100.87481854832178, 21.331260669395544], [-100.87478007230148, 21.331262989374768]], [[-100.87478254842141, 21.331299039097733], [-100.87478007230148, 21.331262989374768]], [[-100.87478007230148, 21.331262989374768], [-100.87474159627924, 21.331265309345273]], [[-100.87474407238989, 21.33130135906948], [-100.87474159627924, 21.331265309345273]], [[-100.87474159627924, 21.331265309345273], [-100.87470312025506, 21.331267629307046]], [[-100.87470559635642, 21.33130367903251], [-100.87470312025506, 21.331267629307046]], [[-100.87470312025506, 21.331267629307046], [-100.87466464422893, 21.331269949260093]], [[-100.874667120321, 21.331305998986803], [-100.87466464422893, 21.331269949260093]], [[-100.87466464422893, 21.331269949260093], [-100.87462616820085, 21.331272269204415]], [[-100.87462864428366, 21.33130831893237], [-100.87462616820085, 21.331272269204415]], [[-100.87462616820085, 21.331272269204415], [-100.87458769217082, 21.331274589140012]], [[-100.87459016824437, 21.33131063886921], [-100.87458769217082, 21.331274589140012]], [[-100.87458769217082, 21.331274589140012], [-100.87454921613885, 21.331276909066887]], [[-100.87455169220313, 21.33131295879733], [-100.87454921613885, 21.331276909066887]], [[-100.87454921613885, 21.331276909066887], [-100.87451074010492, 21.331279228985032]], [[-100.87451321615993, 21.33131527871672], [-100.87451074010492, 21.331279228985032]], [[-100.87451074010492, 21.331279228985032], [-100.87447226406907, 21.33128154889445]], [[-100.87447474011479, 21.331317598627383], [-100.87447226406907, 21.33128154889445]], [[-100.87447226406907, 21.33128154889445], [-100.87443378803125, 21.33128386879514]], [[-100.87443626406771, 21.33131991852932], [-100.87443378803125, 21.33128386879514]], [[-100.87443378803125, 21.33128386879514], [-100.8743953119915, 21.33128618868711]], [[-100.87439778801868, 21.331322238422533], [-100.8743953119915, 21.33128618868711]], [[-100.8743953119915, 21.33128618868711], [-100.87435683594981, 21.331288508570346]], [[-100.87435931196771, 21.331324558307028], [-100.87435683594981, 21.331288508570346]], [[-100.87435683594981, 21.331288508570346], [-100.87431835990616, 21.33129082844486]], [[-100.8743208359148, 21.331326878182786], [-100.87431835990616, 21.33129082844486]], [[-100.87431835990616, 21.33129082844486], [-100.87427988386057, 21.331293148310646]], [[-100.87428235985992, 21.331329198049815], [-100.87427988386057, 21.331293148310646]], [[-100.87427988386057, 21.331293148310646], [-100.87424140781303, 21.33129546816771]], [[-100.87424388380312, 21.331331517908122], [-100.87424140781303, 21.33129546816771]], [[-100.87424140781303, 21.33129546816771], [-100.87420293176355, 21.331297788016045]], [[-100.87420540774436, 21.331333837757704], [-100.87420293176355, 21.331297788016045]], [[-100.87420293176355, 21.331297788016045], [-100.87416445571213, 21.331300107855654]], [[-100.87416693168367, 21.33133615759856], [-100.87416445571213, 21.331300107855654]], [[-100.87416445571213, 21.331300107855654], [-100.87412597965876, 21.331302427686538]], [[-100.87412845562102, 21.33133847743069], [-100.87412597965876, 21.331302427686538]], [[-100.87412597965876, 21.331302427686538], [-100.87408750360345, 21.331304747508693]], [[-100.87408997955643, 21.331340797254096], [-100.87408750360345, 21.331304747508693]], [[-100.87408750360345, 21.331304747508693], [-100.87404902754618, 21.331307067322125]], [[-100.8740515034899, 21.33134311706877], [-100.87404902754618, 21.331307067322125]], [[-100.87404902754618, 21.331307067322125], [-100.87401055148696, 21.33130938712683]], [[-100.87401302742141, 21.33134543687472], [-100.87401055148696, 21.33130938712683]], [[-100.87401055148696, 21.33130938712683], [-100.87397207542581, 21.331311706922815]], [[-100.87397455135097, 21.331347756671946], [-100.87397207542581, 21.331311706922815]], [[-100.87397207542581, 21.331311706922815], [-100.87393359936272, 21.33131402671006]], [[-100.8739360752786, 21.331350076460446], [-100.87393359936272, 21.33131402671006]], [[-100.87393359936272, 21.33131402671006], [-100.87389512329767, 21.331316346488595]], [[-100.87389759920428, 21.33135239624022], [-100.87389512329767, 21.331316346488595]], [[-100.87389512329767, 21.331316346488595], [-100.87385664723068, 21.33131866625839]], [[-100.87385912312803, 21.331354716011262], [-100.87385664723068, 21.33131866625839]], [[-100.87385664723068, 21.33131866625839], [-100.87381817116174, 21.331320986019467]], [[-100.87382064704981, 21.331357035773586], [-100.87381817116174, 21.331320986019467]], [[-100.87381817116174, 21.331320986019467], [-100.87377969509086, 21.331323305771814]], [[-100.87378217096965, 21.331359355527184], [-100.87377969509086, 21.331323305771814]], [[-100.87377969509086, 21.331323305771814], [-100.87374121901804, 21.331325625515436]], [[-100.87374369488755, 21.331361675272053], [-100.87374121901804, 21.331325625515436]], [[-100.87374121901804, 21.331325625515436], [-100.87370274294327, 21.331327945250337]], [[-100.87370521880352, 21.331363995008193], [-100.87370274294327, 21.331327945250337]], [[-100.87370274294327, 21.331327945250337], [-100.87366426686654, 21.3313302649765]], [[-100.87366674271752, 21.33136631473561], [-100.87366426686654, 21.3313302649765]], [[-100.87366426686654, 21.3313302649765], [-100.87362579078788, 21.33133258469395]], [[-100.87362826662958, 21.3313686344543], [-100.87362579078788, 21.33133258469395]], [[-100.87362579078788, 21.33133258469395], [-100.87358731470728, 21.331334904402663]], [[-100.87358979053971, 21.33137095416426], [-100.87358731470728, 21.331334904402663]], [[-100.87358731470728, 21.331334904402663], [-100.87354883862473, 21.331337224102654]], [[-100.87355131444787, 21.3313732738655], [-100.87354883862473, 21.331337224102654]], [[-100.87354883862473, 21.331337224102654], [-100.87351036254023, 21.331339543793913]], [[-100.8735128383541, 21.33137559355801], [-100.87351036254023, 21.331339543793913]], [[-100.87351036254023, 21.331339543793913], [-100.87347188645377, 21.33134186347646]], [[-100.87347436225839, 21.331377913241795], [-100.87347188645377, 21.33134186347646]], [[-100.87347188645377, 21.33134186347646], [-100.8734334103654, 21.331344183150268]], [[-100.87343588616072, 21.331380232916853], [-100.8734334103654, 21.331344183150268]], [[-100.8734334103654, 21.331344183150268], [-100.87339493427505, 21.33134650281536]], [[-100.87339741006112, 21.33138255258319], [-100.87339493427505, 21.33134650281536]], [[-100.87339493427505, 21.33134650281536], [-100.87335645818278, 21.331348822471725]], [[-100.87335893395955, 21.331384872240793], [-100.87335645818278, 21.331348822471725]], [[-100.87335645818278, 21.331348822471725], [-100.87331798208855, 21.331351142119352]], [[-100.87332045785607, 21.331387191889675], [-100.87331798208855, 21.331351142119352]], [[-100.87331798208855, 21.331351142119352], [-100.87327950599239, 21.331353461758265]], [[-100.87328198175062, 21.331389511529828], [-100.87327950599239, 21.331353461758265]], [[-100.87327950599239, 21.331353461758265], [-100.87324102989427, 21.331355781388446]], [[-100.87324350564323, 21.331391831161262], [-100.87324102989427, 21.331355781388446]], [[-100.87324102989427, 21.331355781388446], [-100.87320255379421, 21.3313581010099]], [[-100.8732050295339, 21.33139415078396], [-100.87320255379421, 21.3313581010099]], [[-100.87320255379421, 21.3313581010099], [-100.87316407769221, 21.33136042062263]], [[-100.87316655342262, 21.331396470397934], [-100.87316407769221, 21.33136042062263]], [[-100.87316407769221, 21.33136042062263], [-100.87312560158826, 21.331362740226638]], [[-100.8731280773094, 21.331398790003185], [-100.87312560158826, 21.331362740226638]], [[-100.87635758753781, 21.331167863071173], [-100.87631911159536, 21.33117018339944]], [[-100.87635758753781, 21.331167863071173], [-100.87635511103963, 21.331131813399054]], [[-100.87635511103963, 21.331131813399054], [-100.87631663510646, 21.331134133726074]], [[-100.87631911159536, 21.33117018339944], [-100.87631663510646, 21.331134133726074]], [[-100.87631663510646, 21.331134133726074], [-100.87627815917135, 21.331136454044373]], [[-100.87628063565097, 21.33117250371898], [-100.87627815917135, 21.331136454044373]], [[-100.87627815917135, 21.331136454044373], [-100.87623968323427, 21.331138774353924]], [[-100.87624215970465, 21.331174824029794], [-100.87623968323427, 21.331138774353924]], [[-100.87623968323427, 21.331138774353924], [-100.87620120729527, 21.33114109465477]], [[-100.87620368375636, 21.331177144331882], [-100.87620120729527, 21.33114109465477]], [[-100.87620120729527, 21.33114109465477], [-100.8761627313543, 21.331143414946883]], [[-100.87616520780612, 21.331179464625244], [-100.8761627313543, 21.331143414946883]], [[-100.8761627313543, 21.331143414946883], [-100.8761242554114, 21.331145735230276]], [[-100.87612673185393, 21.331181784909873], [-100.8761242554114, 21.331145735230276]], [[-100.8761242554114, 21.331145735230276], [-100.87608577946654, 21.331148055504936]], [[-100.8760882558998, 21.331184105185784], [-100.87608577946654, 21.331148055504936]], [[-100.87608577946654, 21.331148055504936], [-100.87604730351974, 21.331150375770875]], [[-100.87604977994373, 21.331186425452966], [-100.87604730351974, 21.331150375770875]], [[-100.87604730351974, 21.331150375770875], [-100.87600882757098, 21.331152696028084]], [[-100.87601130398572, 21.33118874571143], [-100.87600882757098, 21.331152696028084]], [[-100.87600882757098, 21.331152696028084], [-100.8759703516203, 21.331155016276572]], [[-100.87597282802575, 21.33119106596116], [-100.8759703516203, 21.331155016276572]], [[-100.8759703516203, 21.331155016276572], [-100.87593187566767, 21.331157336516327]], [[-100.87593435206384, 21.331193386202163], [-100.87593187566767, 21.331157336516327]], [[-100.87593187566767, 21.331157336516327], [-100.87589339971308, 21.331159656747367]], [[-100.87589587609999, 21.331195706434443], [-100.87589339971308, 21.331159656747367]], [[-100.87589339971308, 21.331159656747367], [-100.87585492375655, 21.33116197696967]], [[-100.87585740013418, 21.331198026658004], [-100.87585492375655, 21.33116197696967]], [[-100.87585492375655, 21.33116197696967], [-100.87581644779807, 21.331164297183264]], [[-100.87581892416644, 21.331200346872826], [-100.87581644779807, 21.331164297183264]], [[-100.87581644779807, 21.331164297183264], [-100.87577797183765, 21.33116661738811]], [[-100.87578044819674, 21.331202667078934], [-100.87577797183765, 21.33116661738811]], [[-100.87577797183765, 21.33116661738811], [-100.87573949587528, 21.331168937584238]], [[-100.87574197222509, 21.331204987276312], [-100.87573949587528, 21.331168937584238]], [[-100.87573949587528, 21.331168937584238], [-100.87570101991095, 21.33117125777164]], [[-100.87570349625149, 21.331207307464958], [-100.87570101991095, 21.33117125777164]], [[-100.87570101991095, 21.33117125777164], [-100.8756625439447, 21.331173577950324]], [[-100.87566502027596, 21.33120962764489], [-100.8756625439447, 21.331173577950324]], [[-100.8756625439447, 21.331173577950324], [-100.87562406797649, 21.331175898120264]], [[-100.87562654429848, 21.331211947816083], [-100.87562406797649, 21.331175898120264]], [[-100.87562406797649, 21.331175898120264], [-100.87558559200633, 21.33117821828149]], [[-100.87558806831905, 21.331214267978556], [-100.87558559200633, 21.33117821828149]], [[-100.87558559200633, 21.33117821828149], [-100.87554711603423, 21.331180538433998]], [[-100.87554959233766, 21.3312165881323], [-100.87554711603423, 21.331180538433998]], [[-100.87554711603423, 21.331180538433998], [-100.87550864006019, 21.33118285857777]], [[-100.87551111635436, 21.331218908277318], [-100.87550864006019, 21.33118285857777]], [[-100.87550864006019, 21.33118285857777], [-100.87547016408419, 21.33118517871282]], [[-100.87547264036908, 21.331221228413614], [-100.87547016408419, 21.33118517871282]], [[-100.87547016408419, 21.33118517871282], [-100.87543168810625, 21.33118749883914]], [[-100.87543416438186, 21.331223548541182], [-100.87543168810625, 21.33118749883914]], [[-100.87543168810625, 21.33118749883914], [-100.87539321212635, 21.331189818956737]], [[-100.87539568839271, 21.331225868660024], [-100.87539321212635, 21.331189818956737]], [[-100.87539321212635, 21.331189818956737], [-100.87535473614453, 21.331192139065603]], [[-100.8753572124016, 21.331228188770144], [-100.87535473614453, 21.331192139065603]], [[-100.87535473614453, 21.331192139065603], [-100.87531626016074, 21.331194459165747]], [[-100.87531873640856, 21.331230508871535], [-100.87531626016074, 21.331194459165747]], [[-100.87531626016074, 21.331194459165747], [-100.87527778417503, 21.33119677925717]], [[-100.87528026041355, 21.331232828964197], [-100.87527778417503, 21.33119677925717]], [[-100.87527778417503, 21.33119677925717], [-100.87523930818735, 21.331199099339862]], [[-100.87524178441662, 21.33123514904814], [-100.87523930818735, 21.331199099339862]], [[-100.87523930818735, 21.331199099339862], [-100.87520083219775, 21.331201419413826]], [[-100.87520330841771, 21.331237469123348], [-100.87520083219775, 21.331201419413826]], [[-100.87520083219775, 21.331201419413826], [-100.87516235620618, 21.33120373947907]], [[-100.87516483241689, 21.331239789189837], [-100.87516235620618, 21.33120373947907]], [[-100.87516235620618, 21.33120373947907], [-100.87512388021267, 21.33120605953558]], [[-100.8751263564141, 21.331242109247597], [-100.87512388021267, 21.33120605953558]], [[-100.87512388021267, 21.33120605953558], [-100.8750854042172, 21.331208379583366]], [[-100.87508788040937, 21.331244429296635], [-100.8750854042172, 21.331208379583366]], [[-100.8750854042172, 21.331208379583366], [-100.8750469282198, 21.331210699622428]], [[-100.87504940440269, 21.33124674933694], [-100.8750469282198, 21.331210699622428]], [[-100.8750469282198, 21.331210699622428], [-100.87500845222047, 21.33121301965277]], [[-100.87501092839408, 21.331249069368525], [-100.87500845222047, 21.33121301965277]], [[-100.87500845222047, 21.33121301965277], [-100.87496997621916, 21.331215339674372]], [[-100.87497245238352, 21.331251389391383], [-100.87496997621916, 21.331215339674372]], [[-100.87496997621916, 21.331215339674372], [-100.87493150021592, 21.331217659687262]], [[-100.87493397637098, 21.33125370940551], [-100.87493150021592, 21.331217659687262]], [[-100.87493150021592, 21.331217659687262], [-100.87489302421075, 21.331219979691415]], [[-100.87489550035653, 21.331256029410916], [-100.87489302421075, 21.331219979691415]], [[-100.87489302421075, 21.331219979691415], [-100.87485454820361, 21.331222299686853]], [[-100.87485702434013, 21.331258349407594], [-100.87485454820361, 21.331222299686853]], [[-100.87485454820361, 21.331222299686853], [-100.87481607219453, 21.331224619673556]], [[-100.87481854832178, 21.331260669395544], [-100.87481607219453, 21.331224619673556]], [[-100.87481607219453, 21.331224619673556], [-100.87477759618352, 21.331226939651536]], [[-100.87478007230148, 21.331262989374768], [-100.87477759618352, 21.331226939651536]], [[-100.87477759618352, 21.331226939651536], [-100.87473912017055, 21.331229259620788]], [[-100.87474159627924, 21.331265309345273], [-100.87473912017055, 21.331229259620788]], [[-100.87473912017055, 21.331229259620788], [-100.87470064415564, 21.331231579581324]], [[-100.87470312025506, 21.331267629307046], [-100.87470064415564, 21.331231579581324]], [[-100.87470064415564, 21.331231579581324], [-100.87466216813877, 21.331233899533117]], [[-100.87466464422893, 21.331269949260093], [-100.87466216813877, 21.331233899533117]], [[-100.87466216813877, 21.331233899533117], [-100.87462369211997, 21.331236219476196]], [[-100.87462616820085, 21.331272269204415], [-100.87462369211997, 21.331236219476196]], [[-100.87462369211997, 21.331236219476196], [-100.87458521609922, 21.33123853941055]], [[-100.87458769217082, 21.331274589140012], [-100.87458521609922, 21.33123853941055]], [[-100.87458521609922, 21.33123853941055], [-100.87454674007652, 21.331240859336173]], [[-100.87454921613885, 21.331276909066887], [-100.87454674007652, 21.331240859336173]], [[-100.87454674007652, 21.331240859336173], [-100.87450826405187, 21.331243179253068]], [[-100.87451074010492, 21.331279228985032], [-100.87450826405187, 21.331243179253068]], [[-100.87450826405187, 21.331243179253068], [-100.8744697880253, 21.331245499161245]], [[-100.87447226406907, 21.33128154889445], [-100.8744697880253, 21.331245499161245]], [[-100.8744697880253, 21.331245499161245], [-100.87443131199676, 21.331247819060685]], [[-100.87443378803125, 21.33128386879514], [-100.87443131199676, 21.331247819060685]], [[-100.87443131199676, 21.331247819060685], [-100.87439283596628, 21.3312501389514]], [[-100.8743953119915, 21.33128618868711], [-100.87439283596628, 21.3312501389514]], [[-100.87439283596628, 21.3312501389514], [-100.87435435993386, 21.331252458833397]], [[-100.87435683594981, 21.331288508570346], [-100.87435435993386, 21.331252458833397]], [[-100.87435435993386, 21.331252458833397], [-100.87431588389947, 21.331254778706665]], [[-100.87431835990616, 21.33129082844486], [-100.87431588389947, 21.331254778706665]], [[-100.87431588389947, 21.331254778706665], [-100.87427740786316, 21.33125709857121]], [[-100.87427988386057, 21.331293148310646], [-100.87427740786316, 21.33125709857121]], [[-100.87427740786316, 21.33125709857121], [-100.8742389318249, 21.331259418427027]], [[-100.87424140781303, 21.33129546816771], [-100.8742389318249, 21.331259418427027]], [[-100.8742389318249, 21.331259418427027], [-100.8742004557847, 21.33126173827411]], [[-100.87420293176355, 21.331297788016045], [-100.8742004557847, 21.33126173827411]], [[-100.8742004557847, 21.33126173827411], [-100.87416197974254, 21.331264058112474]], [[-100.87416445571213, 21.331300107855654], [-100.87416197974254, 21.331264058112474]], [[-100.87416197974254, 21.331264058112474], [-100.87412350369844, 21.331266377942118]], [[-100.87412597965876, 21.331302427686538], [-100.87412350369844, 21.331266377942118]], [[-100.87412350369844, 21.331266377942118], [-100.8740850276524, 21.331268697763026]], [[-100.87408750360345, 21.331304747508693], [-100.8740850276524, 21.331268697763026]], [[-100.8740850276524, 21.331268697763026], [-100.87404655160442, 21.33127101757521]], [[-100.87404902754618, 21.331307067322125], [-100.87404655160442, 21.33127101757521]], [[-100.87404655160442, 21.33127101757521], [-100.87400807555447, 21.33127333737867]], [[-100.87401055148696, 21.33130938712683], [-100.87400807555447, 21.33127333737867]], [[-100.87400807555447, 21.33127333737867], [-100.87396959950259, 21.331275657173407]], [[-100.87397207542581, 21.331311706922815], [-100.87396959950259, 21.331275657173407]], [[-100.87396959950259, 21.331275657173407], [-100.87393112344877, 21.33127797695941]], [[-100.87393359936272, 21.33131402671006], [-100.87393112344877, 21.33127797695941]], [[-100.87393112344877, 21.33127797695941], [-100.87389264739299, 21.33128029673669]], [[-100.87389512329767, 21.331316346488595], [-100.87389264739299, 21.33128029673669]], [[-100.87389264739299, 21.33128029673669], [-100.87385417133528, 21.331282616505245]], [[-100.87385664723068, 21.33131866625839], [-100.87385417133528, 21.331282616505245]], [[-100.87385417133528, 21.331282616505245], [-100.87381569527562, 21.33128493626507]], [[-100.87381817116174, 21.331320986019467], [-100.87381569527562, 21.33128493626507]], [[-100.87381569527562, 21.33128493626507], [-100.87377721921402, 21.33128725601617]], [[-100.87377969509086, 21.331323305771814], [-100.87377721921402, 21.33128725601617]], [[-100.87377721921402, 21.33128725601617], [-100.87373874315047, 21.33128957575855]], [[-100.87374121901804, 21.331325625515436], [-100.87373874315047, 21.33128957575855]], [[-100.87373874315047, 21.33128957575855], [-100.87370026708497, 21.3312918954922]], [[-100.87370274294327, 21.331327945250337], [-100.87370026708497, 21.3312918954922]], [[-100.87370026708497, 21.3312918954922], [-100.87366179101753, 21.331294215217124]], [[-100.87366426686654, 21.3313302649765], [-100.87366179101753, 21.331294215217124]], [[-100.87366179101753, 21.331294215217124], [-100.87362331494813, 21.33129653493332]], [[-100.87362579078788, 21.33133258469395], [-100.87362331494813, 21.33129653493332]], [[-100.87362331494813, 21.33129653493332], [-100.8735848388768, 21.331298854640796]], [[-100.87358731470728, 21.331334904402663], [-100.8735848388768, 21.331298854640796]], [[-100.8735848388768, 21.331298854640796], [-100.87354636280352, 21.33130117433954]], [[-100.87354883862473, 21.331337224102654], [-100.87354636280352, 21.33130117433954]], [[-100.87354636280352, 21.33130117433954], [-100.87350788672829, 21.33130349402956]], [[-100.87351036254023, 21.331339543793913], [-100.87350788672829, 21.33130349402956]], [[-100.87350788672829, 21.33130349402956], [-100.87346941065113, 21.33130581371085]], [[-100.87347188645377, 21.33134186347646], [-100.87346941065113, 21.33130581371085]], [[-100.87346941065113, 21.33130581371085], [-100.87343093457201, 21.33130813338342]], [[-100.8734334103654, 21.331344183150268], [-100.87343093457201, 21.33130813338342]], [[-100.87343093457201, 21.33130813338342], [-100.87339245849095, 21.331310453047262]], [[-100.87339493427505, 21.33134650281536], [-100.87339245849095, 21.331310453047262]], [[-100.87339245849095, 21.331310453047262], [-100.87335398240795, 21.331312772702375]], [[-100.87335645818278, 21.331348822471725], [-100.87335398240795, 21.331312772702375]], [[-100.87335398240795, 21.331312772702375], [-100.873315506323, 21.331315092348763]], [[-100.87331798208855, 21.331351142119352], [-100.873315506323, 21.331315092348763]], [[-100.873315506323, 21.331315092348763], [-100.8732770302361, 21.33131741198643]], [[-100.87327950599239, 21.331353461758265], [-100.8732770302361, 21.33131741198643]], [[-100.8732770302361, 21.33131741198643], [-100.87323855414725, 21.331319731615366]], [[-100.87324102989427, 21.331355781388446], [-100.87323855414725, 21.331319731615366]], [[-100.87323855414725, 21.331319731615366], [-100.87320007805648, 21.33132205123557]], [[-100.87320255379421, 21.3313581010099], [-100.87320007805648, 21.33132205123557]], [[-100.87320007805648, 21.33132205123557], [-100.87316160196374, 21.33132437084706]], [[-100.87316407769221, 21.33136042062263], [-100.87316160196374, 21.33132437084706]], [[-100.87316160196374, 21.33132437084706], [-100.87312312586907, 21.33132669044981]], [[-100.87312560158826, 21.331362740226638], [-100.87312312586907, 21.33132669044981]], [[-100.87635511103963, 21.331131813399054], [-100.8763526345434, 21.331095763726662]], [[-100.8763526345434, 21.331095763726662], [-100.8763141586195, 21.331098084052435]], [[-100.87631663510646, 21.331134133726074], [-100.8763141586195, 21.331098084052435]], [[-100.8763141586195, 21.331098084052435], [-100.87627568269365, 21.331100404369483]], [[-100.87627815917135, 21.331136454044373], [-100.87627568269365, 21.331100404369483]], [[-100.87627568269365, 21.331100404369483], [-100.87623720676585, 21.3311027246778]], [[-100.87623968323427, 21.331138774353924], [-100.87623720676585, 21.3311027246778]], [[-100.87623720676585, 21.3311027246778], [-100.87619873083611, 21.33110504497739]], [[-100.87620120729527, 21.33114109465477], [-100.87619873083611, 21.33110504497739]], [[-100.87619873083611, 21.33110504497739], [-100.87616025490442, 21.331107365268263]], [[-100.8761627313543, 21.331143414946883], [-100.87616025490442, 21.331107365268263]], [[-100.87616025490442, 21.331107365268263], [-100.8761217789708, 21.331109685550402]], [[-100.8761242554114, 21.331145735230276], [-100.8761217789708, 21.331109685550402]], [[-100.8761217789708, 21.331109685550402], [-100.87608330303522, 21.33111200582382]], [[-100.87608577946654, 21.331148055504936], [-100.87608330303522, 21.33111200582382]], [[-100.87608330303522, 21.33111200582382], [-100.87604482709769, 21.331114326088507]], [[-100.87604730351974, 21.331150375770875], [-100.87604482709769, 21.331114326088507]], [[-100.87604482709769, 21.331114326088507], [-100.87600635115821, 21.331116646344473]], [[-100.87600882757098, 21.331152696028084], [-100.87600635115821, 21.331116646344473]], [[-100.87600635115821, 21.331116646344473], [-100.8759678752168, 21.331118966591713]], [[-100.8759703516203, 21.331155016276572], [-100.8759678752168, 21.331118966591713]], [[-100.8759678752168, 21.331118966591713], [-100.87592939927343, 21.33112128683022]], [[-100.87593187566767, 21.331157336516327], [-100.87592939927343, 21.33112128683022]], [[-100.87592939927343, 21.33112128683022], [-100.87589092332811, 21.331123607060015]], [[-100.87589339971308, 21.331159656747367], [-100.87589092332811, 21.331123607060015]], [[-100.87589092332811, 21.331123607060015], [-100.87585244738086, 21.331125927281068]], [[-100.87585492375655, 21.33116197696967], [-100.87585244738086, 21.331125927281068]], [[-100.87585244738086, 21.331125927281068], [-100.87581397143165, 21.33112824749341]], [[-100.87581644779807, 21.331164297183264], [-100.87581397143165, 21.33112824749341]], [[-100.87581397143165, 21.33112824749341], [-100.87577549548051, 21.331130567697016]], [[-100.87577797183765, 21.33116661738811], [-100.87577549548051, 21.331130567697016]], [[-100.87577549548051, 21.331130567697016], [-100.8757370195274, 21.331132887891894]], [[-100.87573949587528, 21.331168937584238], [-100.8757370195274, 21.331132887891894]], [[-100.8757370195274, 21.331132887891894], [-100.87569854357237, 21.331135208078052]], [[-100.87570101991095, 21.33117125777164], [-100.87569854357237, 21.331135208078052]], [[-100.87569854357237, 21.331135208078052], [-100.87566006761539, 21.331137528255482]], [[-100.8756625439447, 21.331173577950324], [-100.87566006761539, 21.331137528255482]], [[-100.87566006761539, 21.331137528255482], [-100.87562159165645, 21.33113984842419]], [[-100.87562406797649, 21.331175898120264], [-100.87562159165645, 21.33113984842419]], [[-100.87562159165645, 21.33113984842419], [-100.87558311569556, 21.331142168584165]], [[-100.87558559200633, 21.33117821828149], [-100.87558311569556, 21.331142168584165]], [[-100.87558311569556, 21.331142168584165], [-100.87554463973274, 21.331144488735422]], [[-100.87554711603423, 21.331180538433998], [-100.87554463973274, 21.331144488735422]], [[-100.87554463973274, 21.331144488735422], [-100.87550616376795, 21.331146808877946]], [[-100.87550864006019, 21.33118285857777], [-100.87550616376795, 21.331146808877946]], [[-100.87550616376795, 21.331146808877946], [-100.87546768780123, 21.33114912901174]], [[-100.87547016408419, 21.33118517871282], [-100.87546768780123, 21.33114912901174]], [[-100.87546768780123, 21.33114912901174], [-100.87542921183258, 21.33115144913683]], [[-100.87543168810625, 21.33118749883914], [-100.87542921183258, 21.33115144913683]], [[-100.87542921183258, 21.33115144913683], [-100.87539073586196, 21.33115376925317]], [[-100.87539321212635, 21.331189818956737], [-100.87539073586196, 21.33115376925317]], [[-100.87539073586196, 21.33115376925317], [-100.8753522598894, 21.3311560893608]], [[-100.87535473614453, 21.331192139065603], [-100.8753522598894, 21.3311560893608]], [[-100.8753522598894, 21.3311560893608], [-100.8753137839149, 21.331158409459693]], [[-100.87531626016074, 21.331194459165747], [-100.8753137839149, 21.331158409459693]], [[-100.8753137839149, 21.331158409459693], [-100.87527530793845, 21.331160729549865]], [[-100.87527778417503, 21.33119677925717], [-100.87527530793845, 21.331160729549865]], [[-100.87527530793845, 21.331160729549865], [-100.87523683196004, 21.33116304963131]], [[-100.87523930818735, 21.331199099339862], [-100.87523683196004, 21.33116304963131]], [[-100.87523683196004, 21.33116304963131], [-100.8751983559797, 21.331165369704028]], [[-100.87520083219775, 21.331201419413826], [-100.8751983559797, 21.331165369704028]], [[-100.8751983559797, 21.331165369704028], [-100.87515987999741, 21.331167689768023]], [[-100.87516235620618, 21.33120373947907], [-100.87515987999741, 21.331167689768023]], [[-100.87515987999741, 21.331167689768023], [-100.87512140401319, 21.33117000982329]], [[-100.87512388021267, 21.33120605953558], [-100.87512140401319, 21.33117000982329]], [[-100.87512140401319, 21.33117000982329], [-100.875082928027, 21.331172329869833]], [[-100.8750854042172, 21.331208379583366], [-100.875082928027, 21.331172329869833]], [[-100.875082928027, 21.331172329869833], [-100.87504445203888, 21.33117464990764]], [[-100.8750469282198, 21.331210699622428], [-100.87504445203888, 21.33117464990764]], [[-100.87504445203888, 21.33117464990764], [-100.8750059760488, 21.33117696993673]], [[-100.87500845222047, 21.33121301965277], [-100.8750059760488, 21.33117696993673]], [[-100.8750059760488, 21.33117696993673], [-100.87496750005677, 21.331179289957095]], [[-100.87496997621916, 21.331215339674372], [-100.87496750005677, 21.331179289957095]], [[-100.87496750005677, 21.331179289957095], [-100.87492902406281, 21.331181609968738]], [[-100.87493150021592, 21.331217659687262], [-100.87492902406281, 21.331181609968738]], [[-100.87492902406281, 21.331181609968738], [-100.8748905480669, 21.331183929971647]], [[-100.87489302421075, 21.331219979691415], [-100.8748905480669, 21.331183929971647]], [[-100.8748905480669, 21.331183929971647], [-100.87485207206905, 21.331186249965835]], [[-100.87485454820361, 21.331222299686853], [-100.87485207206905, 21.331186249965835]], [[-100.87485207206905, 21.331186249965835], [-100.87481359606923, 21.331188569951294]], [[-100.87481607219453, 21.331224619673556], [-100.87481359606923, 21.331188569951294]], [[-100.87481359606923, 21.331188569951294], [-100.87477512006748, 21.331190889928028]], [[-100.87477759618352, 21.331226939651536], [-100.87477512006748, 21.331190889928028]], [[-100.87477512006748, 21.331190889928028], [-100.8747366440638, 21.33119320989604]], [[-100.87473912017055, 21.331229259620788], [-100.8747366440638, 21.33119320989604]], [[-100.8747366440638, 21.33119320989604], [-100.87469816805816, 21.33119552985532]], [[-100.87470064415564, 21.331231579581324], [-100.87469816805816, 21.33119552985532]], [[-100.87469816805816, 21.33119552985532], [-100.87465969205059, 21.33119784980588]], [[-100.87466216813877, 21.331233899533117], [-100.87465969205059, 21.33119784980588]], [[-100.87465969205059, 21.33119784980588], [-100.87462121604105, 21.331200169747703]], [[-100.87462369211997, 21.331236219476196], [-100.87462121604105, 21.331200169747703]], [[-100.87462121604105, 21.331200169747703], [-100.87458274002957, 21.33120248968081]], [[-100.87458521609922, 21.33123853941055], [-100.87458274002957, 21.33120248968081]], [[-100.87458274002957, 21.33120248968081], [-100.87454426401614, 21.331204809605186]], [[-100.87454674007652, 21.331240859336173], [-100.87454426401614, 21.331204809605186]], [[-100.87454426401614, 21.331204809605186], [-100.87450578800076, 21.331207129520834]], [[-100.87450826405187, 21.331243179253068], [-100.87450578800076, 21.331207129520834]], [[-100.87450578800076, 21.331207129520834], [-100.87446731198347, 21.33120944942776]], [[-100.8744697880253, 21.331245499161245], [-100.87446731198347, 21.33120944942776]], [[-100.87446731198347, 21.33120944942776], [-100.8744288359642, 21.331211769325957]], [[-100.87443131199676, 21.331247819060685], [-100.8744288359642, 21.331211769325957]], [[-100.8744288359642, 21.331211769325957], [-100.87439035994299, 21.331214089215432]], [[-100.87439283596628, 21.3312501389514], [-100.87439035994299, 21.331214089215432]], [[-100.87439035994299, 21.331214089215432], [-100.87435188391983, 21.33121640909618]], [[-100.87435435993386, 21.331252458833397], [-100.87435188391983, 21.33121640909618]], [[-100.87435188391983, 21.33121640909618], [-100.87431340789475, 21.3312187289682]], [[-100.87431588389947, 21.331254778706665], [-100.87431340789475, 21.3312187289682]], [[-100.87431340789475, 21.3312187289682], [-100.8742749318677, 21.3312210488315]], [[-100.87427740786316, 21.33125709857121], [-100.8742749318677, 21.3312210488315]], [[-100.8742749318677, 21.3312210488315], [-100.87423645583871, 21.331223368686068]], [[-100.8742389318249, 21.331259418427027], [-100.87423645583871, 21.331223368686068]], [[-100.87423645583871, 21.331223368686068], [-100.87419797980779, 21.331225688531912]], [[-100.8742004557847, 21.33126173827411], [-100.87419797980779, 21.331225688531912]], [[-100.87419797980779, 21.331225688531912], [-100.87415950377489, 21.331228008369024]], [[-100.87416197974254, 21.331264058112474], [-100.87415950377489, 21.331228008369024]], [[-100.87415950377489, 21.331228008369024], [-100.87412102774007, 21.33123032819742]], [[-100.87412350369844, 21.331266377942118], [-100.87412102774007, 21.33123032819742]], [[-100.87412102774007, 21.33123032819742], [-100.87408255170331, 21.33123264801708]], [[-100.8740850276524, 21.331268697763026], [-100.87408255170331, 21.33123264801708]], [[-100.87408255170331, 21.33123264801708], [-100.87404407566459, 21.33123496782802]], [[-100.87404655160442, 21.33127101757521], [-100.87404407566459, 21.33123496782802]], [[-100.87404407566459, 21.33123496782802], [-100.87400559962393, 21.33123728763024]], [[-100.87400807555447, 21.33127333737867], [-100.87400559962393, 21.33123728763024]], [[-100.87400559962393, 21.33123728763024], [-100.87396712358131, 21.33123960742373]], [[-100.87396959950259, 21.331275657173407], [-100.87396712358131, 21.33123960742373]], [[-100.87396712358131, 21.33123960742373], [-100.87392864753677, 21.33124192720848]], [[-100.87393112344877, 21.33127797695941], [-100.87392864753677, 21.33124192720848]], [[-100.87392864753677, 21.33124192720848], [-100.87389017149026, 21.331244246984518]], [[-100.87389264739299, 21.33128029673669], [-100.87389017149026, 21.331244246984518]], [[-100.87389017149026, 21.331244246984518], [-100.87385169544183, 21.331246566751826]], [[-100.87385417133528, 21.331282616505245], [-100.87385169544183, 21.331246566751826]], [[-100.87385169544183, 21.331246566751826], [-100.87381321939144, 21.331248886510405]], [[-100.87381569527562, 21.33128493626507], [-100.87381321939144, 21.331248886510405]], [[-100.87381321939144, 21.331248886510405], [-100.87377474333911, 21.33125120626026]], [[-100.87377721921402, 21.33128725601617], [-100.87377474333911, 21.33125120626026]], [[-100.87377474333911, 21.33125120626026], [-100.87373626728483, 21.331253526001394]], [[-100.87373874315047, 21.33128957575855], [-100.87373626728483, 21.331253526001394]], [[-100.87373626728483, 21.331253526001394], [-100.87369779122861, 21.331255845733793]], [[-100.87370026708497, 21.3312918954922], [-100.87369779122861, 21.331255845733793]], [[-100.87369779122861, 21.331255845733793], [-100.87365931517044, 21.331258165457477]], [[-100.87366179101753, 21.331294215217124], [-100.87365931517044, 21.331258165457477]], [[-100.87365931517044, 21.331258165457477], [-100.87362083911032, 21.331260485172425]], [[-100.87362331494813, 21.33129653493332], [-100.87362083911032, 21.331260485172425]], [[-100.87362083911032, 21.331260485172425], [-100.87358236304826, 21.33126280487866]], [[-100.8735848388768, 21.331298854640796], [-100.87358236304826, 21.33126280487866]], [[-100.87358236304826, 21.33126280487866], [-100.87354388698425, 21.331265124576152]], [[-100.87354636280352, 21.33130117433954], [-100.87354388698425, 21.331265124576152]], [[-100.87354388698425, 21.331265124576152], [-100.8735054109183, 21.331267444264927]], [[-100.87350788672829, 21.33130349402956], [-100.8735054109183, 21.331267444264927]], [[-100.8735054109183, 21.331267444264927], [-100.87346693485041, 21.331269763944977]], [[-100.87346941065113, 21.33130581371085], [-100.87346693485041, 21.331269763944977]], [[-100.87346693485041, 21.331269763944977], [-100.87342845878057, 21.331272083616298]], [[-100.87343093457201, 21.33130813338342], [-100.87342845878057, 21.331272083616298]], [[-100.87342845878057, 21.331272083616298], [-100.87338998270879, 21.331274403278893]], [[-100.87339245849095, 21.331310453047262], [-100.87338998270879, 21.331274403278893]], [[-100.87338998270879, 21.331274403278893], [-100.87335150663505, 21.33127672293276]], [[-100.87335398240795, 21.331312772702375], [-100.87335150663505, 21.33127672293276]], [[-100.87335150663505, 21.33127672293276], [-100.87331303055937, 21.3312790425779]], [[-100.873315506323, 21.331315092348763], [-100.87331303055937, 21.3312790425779]], [[-100.87331303055937, 21.3312790425779], [-100.87327455448175, 21.33128136221432]], [[-100.8732770302361, 21.33131741198643], [-100.87327455448175, 21.33128136221432]], [[-100.87327455448175, 21.33128136221432], [-100.87323607840219, 21.33128368184201]], [[-100.87323855414725, 21.331319731615366], [-100.87323607840219, 21.33128368184201]], [[-100.87323607840219, 21.33128368184201], [-100.87319760232067, 21.331286001460974]], [[-100.87320007805648, 21.33132205123557], [-100.87319760232067, 21.331286001460974]], [[-100.87319760232067, 21.331286001460974], [-100.87315912623721, 21.33128832107121]], [[-100.87316160196374, 21.33132437084706], [-100.87315912623721, 21.33128832107121]], [[-100.87315912623721, 21.33128832107121], [-100.87312065015182, 21.331290640672723]], [[-100.87312312586907, 21.33132669044981], [-100.87312065015182, 21.331290640672723]], [[-100.8763526345434, 21.331095763726662], [-100.87635015804909, 21.331059714054003]], [[-100.87635015804909, 21.331059714054003], [-100.87631168213447, 21.331062034378526]], [[-100.8763141586195, 21.331098084052435], [-100.87631168213447, 21.331062034378526]], [[-100.87631168213447, 21.331062034378526], [-100.8762732062179, 21.33106435469432]], [[-100.87627568269365, 21.331100404369483], [-100.8762732062179, 21.33106435469432]], [[-100.8762732062179, 21.33106435469432], [-100.87623473029937, 21.3310666750014]], [[-100.87623720676585, 21.3311027246778], [-100.87623473029937, 21.3310666750014]], [[-100.87623473029937, 21.3310666750014], [-100.87619625437891, 21.33106899529975]], [[-100.87619873083611, 21.33110504497739], [-100.87619625437891, 21.33106899529975]], [[-100.87619625437891, 21.33106899529975], [-100.8761577784565, 21.331071315589362]], [[-100.87616025490442, 21.331107365268263], [-100.8761577784565, 21.331071315589362]], [[-100.8761577784565, 21.331071315589362], [-100.87611930253215, 21.33107363587026]], [[-100.8761217789708, 21.331109685550402], [-100.87611930253215, 21.33107363587026]], [[-100.87611930253215, 21.33107363587026], [-100.87608082660584, 21.33107595614243]], [[-100.87608330303522, 21.33111200582382], [-100.87608082660584, 21.33107595614243]], [[-100.87608082660584, 21.33107595614243], [-100.87604235067758, 21.331078276405872]], [[-100.87604482709769, 21.331114326088507], [-100.87604235067758, 21.331078276405872]], [[-100.87604235067758, 21.331078276405872], [-100.87600387474738, 21.331080596660584]], [[-100.87600635115821, 21.331116646344473], [-100.87600387474738, 21.331080596660584]], [[-100.87600387474738, 21.331080596660584], [-100.87596539881524, 21.331082916906585]], [[-100.8759678752168, 21.331118966591713], [-100.87596539881524, 21.331082916906585]], [[-100.87596539881524, 21.331082916906585], [-100.87592692288115, 21.33108523714385]], [[-100.87592939927343, 21.33112128683022], [-100.87592692288115, 21.33108523714385]], [[-100.87592692288115, 21.33108523714385], [-100.87588844694511, 21.33108755737239]], [[-100.87589092332811, 21.331123607060015], [-100.87588844694511, 21.33108755737239]], [[-100.87588844694511, 21.33108755737239], [-100.87584997100713, 21.3310898775922]], [[-100.87585244738086, 21.331125927281068], [-100.87584997100713, 21.3310898775922]], [[-100.87584997100713, 21.3310898775922], [-100.87581149506718, 21.331092197803283]], [[-100.87581397143165, 21.33112824749341], [-100.87581149506718, 21.331092197803283]], [[-100.87581149506718, 21.331092197803283], [-100.87577301912532, 21.331094518005642]], [[-100.87577549548051, 21.331130567697016], [-100.87577301912532, 21.331094518005642]], [[-100.87577301912532, 21.331094518005642], [-100.87573454318151, 21.331096838199283]], [[-100.8757370195274, 21.331132887891894], [-100.87573454318151, 21.331096838199283]], [[-100.87573454318151, 21.331096838199283], [-100.87569606723574, 21.33109915838419]], [[-100.87569854357237, 21.331135208078052], [-100.87569606723574, 21.33109915838419]], [[-100.87569606723574, 21.33109915838419], [-100.87565759128802, 21.33110147856037]], [[-100.87566006761539, 21.331137528255482], [-100.87565759128802, 21.33110147856037]], [[-100.87565759128802, 21.33110147856037], [-100.87561911533835, 21.33110379872783]], [[-100.87562159165645, 21.33113984842419], [-100.87561911533835, 21.33110379872783]], [[-100.87561911533835, 21.33110379872783], [-100.87558063938674, 21.33110611888657]], [[-100.87558311569556, 21.331142168584165], [-100.87558063938674, 21.33110611888657]], [[-100.87558063938674, 21.33110611888657], [-100.87554216343318, 21.33110843903657]], [[-100.87554463973274, 21.331144488735422], [-100.87554216343318, 21.33110843903657]], [[-100.87554216343318, 21.33110843903657], [-100.87550368747769, 21.331110759177854]], [[-100.87550616376795, 21.331146808877946], [-100.87550368747769, 21.331110759177854]], [[-100.87550368747769, 21.331110759177854], [-100.87546521152024, 21.33111307931041]], [[-100.87546768780123, 21.33114912901174], [-100.87546521152024, 21.33111307931041]], [[-100.87546521152024, 21.33111307931041], [-100.87542673556084, 21.331115399434236]], [[-100.87542921183258, 21.33115144913683], [-100.87542673556084, 21.331115399434236]], [[-100.87542673556084, 21.331115399434236], [-100.87538825959952, 21.331117719549336]], [[-100.87539073586196, 21.33115376925317], [-100.87538825959952, 21.331117719549336]], [[-100.87538825959952, 21.331117719549336], [-100.87534978363622, 21.331120039655712]], [[-100.8753522598894, 21.3311560893608], [-100.87534978363622, 21.331120039655712]], [[-100.87534978363622, 21.331120039655712], [-100.87531130767098, 21.33112235975337]], [[-100.8753137839149, 21.331158409459693], [-100.87531130767098, 21.33112235975337]], [[-100.87531130767098, 21.33112235975337], [-100.87527283170381, 21.331124679842294]], [[-100.87527530793845, 21.331160729549865], [-100.87527283170381, 21.331124679842294]], [[-100.87527283170381, 21.331124679842294], [-100.87523435573469, 21.331126999922493]], [[-100.87523683196004, 21.33116304963131], [-100.87523435573469, 21.331126999922493]], [[-100.87523435573469, 21.331126999922493], [-100.87519587976362, 21.33112931999396]], [[-100.8751983559797, 21.331165369704028], [-100.87519587976362, 21.33112931999396]], [[-100.87519587976362, 21.33112931999396], [-100.8751574037906, 21.33113164005671]], [[-100.87515987999741, 21.331167689768023], [-100.8751574037906, 21.33113164005671]], [[-100.8751574037906, 21.33113164005671], [-100.87511892781565, 21.331133960110726]], [[-100.87512140401319, 21.33117000982329], [-100.87511892781565, 21.331133960110726]], [[-100.87511892781565, 21.331133960110726], [-100.87508045183873, 21.331136280156027]], [[-100.875082928027, 21.331172329869833], [-100.87508045183873, 21.331136280156027]], [[-100.87508045183873, 21.331136280156027], [-100.87504197585989, 21.33113860019259]], [[-100.87504445203888, 21.33117464990764], [-100.87504197585989, 21.33113860019259]], [[-100.87504197585989, 21.33113860019259], [-100.87500349987907, 21.331140920220438]], [[-100.8750059760488, 21.33117696993673], [-100.87500349987907, 21.331140920220438]], [[-100.87500349987907, 21.331140920220438], [-100.87496502389634, 21.33114324023955]], [[-100.87496750005677, 21.331179289957095], [-100.87496502389634, 21.33114324023955]], [[-100.87496502389634, 21.33114324023955], [-100.87492654791164, 21.331145560249944]], [[-100.87492902406281, 21.331181609968738], [-100.87492654791164, 21.331145560249944]], [[-100.87492654791164, 21.331145560249944], [-100.874888071925, 21.33114788025161]], [[-100.8748905480669, 21.331183929971647], [-100.874888071925, 21.33114788025161]], [[-100.874888071925, 21.33114788025161], [-100.87484959593642, 21.331150200244554]], [[-100.87485207206905, 21.331186249965835], [-100.87484959593642, 21.331150200244554]], [[-100.87484959593642, 21.331150200244554], [-100.87481111994589, 21.33115252022876]], [[-100.87481359606923, 21.331188569951294], [-100.87481111994589, 21.33115252022876]], [[-100.87481111994589, 21.33115252022876], [-100.87477264395342, 21.331154840204245]], [[-100.87477512006748, 21.331190889928028], [-100.87477264395342, 21.331154840204245]], [[-100.87477264395342, 21.331154840204245], [-100.874734167959, 21.331157160171006]], [[-100.8747366440638, 21.33119320989604], [-100.874734167959, 21.331157160171006]], [[-100.874734167959, 21.331157160171006], [-100.87469569196263, 21.331159480129045]], [[-100.87469816805816, 21.33119552985532], [-100.87469569196263, 21.331159480129045]], [[-100.87469569196263, 21.331159480129045], [-100.87465721596432, 21.33116180007835]], [[-100.87465969205059, 21.33119784980588], [-100.87465721596432, 21.33116180007835]], [[-100.87465721596432, 21.33116180007835], [-100.87461873996406, 21.33116412001894]], [[-100.87462121604105, 21.331200169747703], [-100.87461873996406, 21.33116412001894]], [[-100.87461873996406, 21.33116412001894], [-100.87458026396186, 21.331166439950792]], [[-100.87458274002957, 21.33120248968081], [-100.87458026396186, 21.331166439950792]], [[-100.87458026396186, 21.331166439950792], [-100.87454178795771, 21.331168759873925]], [[-100.87454426401614, 21.331204809605186], [-100.87454178795771, 21.331168759873925]], [[-100.87454178795771, 21.331168759873925], [-100.8745033119516, 21.33117107978833]], [[-100.87450578800076, 21.331207129520834], [-100.8745033119516, 21.33117107978833]], [[-100.8745033119516, 21.33117107978833], [-100.87446483594357, 21.33117339969401]], [[-100.87446731198347, 21.33120944942776], [-100.87446483594357, 21.33117339969401]], [[-100.87446483594357, 21.33117339969401], [-100.87442635993358, 21.33117571959096]], [[-100.8744288359642, 21.331211769325957], [-100.87442635993358, 21.33117571959096]], [[-100.87442635993358, 21.33117571959096], [-100.87438788392166, 21.33117803947919]], [[-100.87439035994299, 21.331214089215432], [-100.87438788392166, 21.33117803947919]], [[-100.87438788392166, 21.33117803947919], [-100.87434940790777, 21.33118035935869]], [[-100.87435188391983, 21.33121640909618], [-100.87434940790777, 21.33118035935869]], [[-100.87434940790777, 21.33118035935869], [-100.87431093189196, 21.331182679229464]], [[-100.87431340789475, 21.3312187289682], [-100.87431093189196, 21.331182679229464]], [[-100.87431093189196, 21.331182679229464], [-100.87427245587418, 21.33118499909152]], [[-100.8742749318677, 21.3312210488315], [-100.87427245587418, 21.33118499909152]], [[-100.87427245587418, 21.33118499909152], [-100.87423397985447, 21.331187318944835]], [[-100.87423645583871, 21.331223368686068], [-100.87423397985447, 21.331187318944835]], [[-100.87423397985447, 21.331187318944835], [-100.87419550383281, 21.331189638789436]], [[-100.87419797980779, 21.331225688531912], [-100.87419550383281, 21.331189638789436]], [[-100.87419550383281, 21.331189638789436], [-100.8741570278092, 21.33119195862531]], [[-100.87415950377489, 21.331228008369024], [-100.8741570278092, 21.33119195862531]], [[-100.8741570278092, 21.33119195862531], [-100.87411855178365, 21.331194278452454]], [[-100.87412102774007, 21.33123032819742], [-100.87411855178365, 21.331194278452454]], [[-100.87411855178365, 21.331194278452454], [-100.87408007575615, 21.33119659827087]], [[-100.87408255170331, 21.33123264801708], [-100.87408007575615, 21.33119659827087]], [[-100.87408007575615, 21.33119659827087], [-100.87404159972671, 21.33119891808056]], [[-100.87404407566459, 21.33123496782802], [-100.87404159972671, 21.33119891808056]], [[-100.87404159972671, 21.33119891808056], [-100.87400312369532, 21.331201237881526]], [[-100.87400559962393, 21.33123728763024], [-100.87400312369532, 21.331201237881526]], [[-100.87400312369532, 21.331201237881526], [-100.87396464766199, 21.331203557673764]], [[-100.87396712358131, 21.33123960742373], [-100.87396464766199, 21.331203557673764]], [[-100.87396464766199, 21.331203557673764], [-100.8739261716267, 21.33120587745728]], [[-100.87392864753677, 21.33124192720848], [-100.8739261716267, 21.33120587745728]], [[-100.8739261716267, 21.33120587745728], [-100.8738876955895, 21.331208197232073]], [[-100.87389017149026, 21.331244246984518], [-100.8738876955895, 21.331208197232073]], [[-100.8738876955895, 21.331208197232073], [-100.87384921955032, 21.331210516998134]], [[-100.87385169544183, 21.331246566751826], [-100.87384921955032, 21.331210516998134]], [[-100.87384921955032, 21.331210516998134], [-100.87381074350921, 21.331212836755473]], [[-100.87381321939144, 21.331248886510405], [-100.87381074350921, 21.331212836755473]], [[-100.87381074350921, 21.331212836755473], [-100.87377226746615, 21.331215156504083]], [[-100.87377474333911, 21.33125120626026], [-100.87377226746615, 21.331215156504083]], [[-100.87377226746615, 21.331215156504083], [-100.87373379142113, 21.331217476243964]], [[-100.87373626728483, 21.331253526001394], [-100.87373379142113, 21.331217476243964]], [[-100.87373379142113, 21.331217476243964], [-100.87369531537419, 21.331219795975123]], [[-100.87369779122861, 21.331255845733793], [-100.87369531537419, 21.331219795975123]], [[-100.87369531537419, 21.331219795975123], [-100.87365683932529, 21.331222115697557]], [[-100.87365931517044, 21.331258165457477], [-100.87365683932529, 21.331222115697557]], [[-100.87365683932529, 21.331222115697557], [-100.87361836327445, 21.33122443541126]], [[-100.87362083911032, 21.331260485172425], [-100.87361836327445, 21.33122443541126]], [[-100.87361836327445, 21.33122443541126], [-100.87357988722167, 21.33122675511624]], [[-100.87358236304826, 21.33126280487866], [-100.87357988722167, 21.33122675511624]], [[-100.87357988722167, 21.33122675511624], [-100.87354141116694, 21.331229074812494]], [[-100.87354388698425, 21.331265124576152], [-100.87354141116694, 21.331229074812494]], [[-100.87354141116694, 21.331229074812494], [-100.87350293511027, 21.331231394500023]], [[-100.8735054109183, 21.331267444264927], [-100.87350293511027, 21.331231394500023]], [[-100.87350293511027, 21.331231394500023], [-100.87346445905163, 21.331233714178822]], [[-100.87346693485041, 21.331269763944977], [-100.87346445905163, 21.331233714178822]], [[-100.87346445905163, 21.331233714178822], [-100.87342598299108, 21.3312360338489]], [[-100.87342845878057, 21.331272083616298], [-100.87342598299108, 21.3312360338489]], [[-100.87342598299108, 21.3312360338489], [-100.87338750692855, 21.331238353510248]], [[-100.87338998270879, 21.331274403278893], [-100.87338750692855, 21.331238353510248]], [[-100.87338750692855, 21.331238353510248], [-100.8733490308641, 21.331240673162874]], [[-100.87335150663505, 21.33127672293276], [-100.8733490308641, 21.331240673162874]], [[-100.8733490308641, 21.331240673162874], [-100.8733105547977, 21.33124299280677]], [[-100.87331303055937, 21.3312790425779], [-100.8733105547977, 21.33124299280677]], [[-100.8733105547977, 21.33124299280677], [-100.87327207872934, 21.33124531244194]], [[-100.87327455448175, 21.33128136221432], [-100.87327207872934, 21.33124531244194]], [[-100.87327207872934, 21.33124531244194], [-100.87323360265907, 21.331247632068386]], [[-100.87323607840219, 21.33128368184201], [-100.87323360265907, 21.331247632068386]], [[-100.87323360265907, 21.331247632068386], [-100.87319512658682, 21.33124995168611]], [[-100.87319760232067, 21.331286001460974], [-100.87319512658682, 21.33124995168611]], [[-100.87319512658682, 21.33124995168611], [-100.87315665051264, 21.331252271295096]], [[-100.87315912623721, 21.33128832107121], [-100.87315665051264, 21.331252271295096]], [[-100.87315665051264, 21.331252271295096], [-100.87311817443651, 21.331254590895366]], [[-100.87312065015182, 21.331290640672723], [-100.87311817443651, 21.331254590895366]], [[-100.87635015804909, 21.331059714054003], [-100.87634768155675, 21.331023664381068]], [[-100.87634768155675, 21.331023664381068], [-100.8763092056514, 21.331025984704347]], [[-100.87631168213447, 21.331062034378526], [-100.8763092056514, 21.331025984704347]], [[-100.8763092056514, 21.331025984704347], [-100.87627072974409, 21.331028305018897]], [[-100.8762732062179, 21.33106435469432], [-100.87627072974409, 21.331028305018897]], [[-100.87627072974409, 21.331028305018897], [-100.87623225383484, 21.331030625324725]], [[-100.87623473029937, 21.3310666750014], [-100.87623225383484, 21.331030625324725]], [[-100.87623225383484, 21.331030625324725], [-100.87619377792366, 21.33103294562183]], [[-100.87619625437891, 21.33106899529975], [-100.87619377792366, 21.33103294562183]], [[-100.87619377792366, 21.33103294562183], [-100.87615530201052, 21.331035265910195]], [[-100.8761577784565, 21.331071315589362], [-100.87615530201052, 21.331035265910195]], [[-100.87615530201052, 21.331035265910195], [-100.87611682609544, 21.331037586189844]], [[-100.87611930253215, 21.33107363587026], [-100.87611682609544, 21.331037586189844]], [[-100.87611682609544, 21.331037586189844], [-100.8760783501784, 21.331039906460767]], [[-100.87608082660584, 21.33107595614243], [-100.8760783501784, 21.331039906460767]], [[-100.8760783501784, 21.331039906460767], [-100.87603987425942, 21.331042226722964]], [[-100.87604235067758, 21.331078276405872], [-100.87603987425942, 21.331042226722964]], [[-100.87603987425942, 21.331042226722964], [-100.87600139833849, 21.331044546976436]], [[-100.87600387474738, 21.331080596660584], [-100.87600139833849, 21.331044546976436]], [[-100.87600139833849, 21.331044546976436], [-100.87596292241562, 21.331046867221172]], [[-100.87596539881524, 21.331082916906585], [-100.87596292241562, 21.331046867221172]], [[-100.87596292241562, 21.331046867221172], [-100.87592444649081, 21.331049187457193]], [[-100.87592692288115, 21.33108523714385], [-100.87592444649081, 21.331049187457193]], [[-100.87592444649081, 21.331049187457193], [-100.87588597056404, 21.331051507684485]], [[-100.87588844694511, 21.33108755737239], [-100.87588597056404, 21.331051507684485]], [[-100.87588597056404, 21.331051507684485], [-100.87584749463534, 21.33105382790305]], [[-100.87584997100713, 21.3310898775922], [-100.87584749463534, 21.33105382790305]], [[-100.87584749463534, 21.33105382790305], [-100.87580901870469, 21.33105614811289]], [[-100.87581149506718, 21.331092197803283], [-100.87580901870469, 21.33105614811289]], [[-100.87580901870469, 21.33105614811289], [-100.87577054277207, 21.33105846831401]], [[-100.87577301912532, 21.331094518005642], [-100.87577054277207, 21.33105846831401]], [[-100.87577054277207, 21.33105846831401], [-100.87573206683753, 21.3310607885064]], [[-100.87573454318151, 21.331096838199283], [-100.87573206683753, 21.3310607885064]], [[-100.87573206683753, 21.3310607885064], [-100.87569359090104, 21.33106310869006]], [[-100.87569606723574, 21.33109915838419], [-100.87569359090104, 21.33106310869006]], [[-100.87569359090104, 21.33106310869006], [-100.8756551149626, 21.331065428864996]], [[-100.87565759128802, 21.33110147856037], [-100.8756551149626, 21.331065428864996]], [[-100.8756551149626, 21.331065428864996], [-100.8756166390222, 21.331067749031206]], [[-100.87561911533835, 21.33110379872783], [-100.8756166390222, 21.331067749031206]], [[-100.8756166390222, 21.331067749031206], [-100.87557816307987, 21.331070069188694]], [[-100.87558063938674, 21.33110611888657], [-100.87557816307987, 21.331070069188694]], [[-100.87557816307987, 21.331070069188694], [-100.87553968713559, 21.331072389337454]], [[-100.87554216343318, 21.33110843903657], [-100.87553968713559, 21.331072389337454]], [[-100.87553968713559, 21.331072389337454], [-100.87550121118936, 21.331074709477488]], [[-100.87550368747769, 21.331110759177854], [-100.87550121118936, 21.331074709477488]], [[-100.87550121118936, 21.331074709477488], [-100.87546273524119, 21.331077029608796]], [[-100.87546521152024, 21.33111307931041], [-100.87546273524119, 21.331077029608796]], [[-100.87546273524119, 21.331077029608796], [-100.87542425929107, 21.33107934973138]], [[-100.87542673556084, 21.331115399434236], [-100.87542425929107, 21.33107934973138]], [[-100.87542425929107, 21.33107934973138], [-100.875385783339, 21.331081669845236]], [[-100.87538825959952, 21.331117719549336], [-100.875385783339, 21.331081669845236]], [[-100.875385783339, 21.331081669845236], [-100.87534730738498, 21.33108398995036]], [[-100.87534978363622, 21.331120039655712], [-100.87534730738498, 21.33108398995036]], [[-100.87534730738498, 21.33108398995036], [-100.87530883142902, 21.331086310046768]], [[-100.87531130767098, 21.33112235975337], [-100.87530883142902, 21.331086310046768]], [[-100.87530883142902, 21.331086310046768], [-100.87527035547113, 21.331088630134445]], [[-100.87527283170381, 21.331124679842294], [-100.87527035547113, 21.331088630134445]], [[-100.87527035547113, 21.331088630134445], [-100.87523187951128, 21.331090950213394]], [[-100.87523435573469, 21.331126999922493], [-100.87523187951128, 21.331090950213394]], [[-100.87523187951128, 21.331090950213394], [-100.87519340354947, 21.331093270283617]], [[-100.87519587976362, 21.33112931999396], [-100.87519340354947, 21.331093270283617]], [[-100.87519340354947, 21.331093270283617], [-100.87515492758574, 21.331095590345118]], [[-100.8751574037906, 21.33113164005671], [-100.87515492758574, 21.331095590345118]], [[-100.87515492758574, 21.331095590345118], [-100.87511645162004, 21.3310979103979]], [[-100.87511892781565, 21.331133960110726], [-100.87511645162004, 21.3310979103979]], [[-100.87511645162004, 21.3310979103979], [-100.8750779756524, 21.33110023044194]], [[-100.87508045183873, 21.331136280156027], [-100.8750779756524, 21.33110023044194]], [[-100.8750779756524, 21.33110023044194], [-100.87503949968284, 21.331102550477272]], [[-100.87504197585989, 21.33113860019259], [-100.87503949968284, 21.331102550477272]], [[-100.87503949968284, 21.331102550477272], [-100.8750010237113, 21.331104870503864]], [[-100.87500349987907, 21.331140920220438], [-100.8750010237113, 21.331104870503864]], [[-100.8750010237113, 21.331104870503864], [-100.87496254773784, 21.331107190521738]], [[-100.87496502389634, 21.33114324023955], [-100.87496254773784, 21.331107190521738]], [[-100.87496254773784, 21.331107190521738], [-100.87492407176241, 21.331109510530876]], [[-100.87492654791164, 21.331145560249944], [-100.87492407176241, 21.331109510530876]], [[-100.87492407176241, 21.331109510530876], [-100.87488559578506, 21.331111830531302]], [[-100.874888071925, 21.33114788025161], [-100.87488559578506, 21.331111830531302]], [[-100.87488559578506, 21.331111830531302], [-100.87484711980575, 21.33111415052299]], [[-100.87484959593642, 21.331150200244554], [-100.87484711980575, 21.33111415052299]], [[-100.87484711980575, 21.33111415052299], [-100.87480864382448, 21.33111647050596]], [[-100.87481111994589, 21.33115252022876], [-100.87480864382448, 21.33111647050596]], [[-100.87480864382448, 21.33111647050596], [-100.87477016784129, 21.331118790480197]], [[-100.87477264395342, 21.331154840204245], [-100.87477016784129, 21.331118790480197]], [[-100.87477016784129, 21.331118790480197], [-100.87473169185614, 21.331121110445707]], [[-100.874734167959, 21.331157160171006], [-100.87473169185614, 21.331121110445707]], [[-100.87473169185614, 21.331121110445707], [-100.87469321586904, 21.331123430402503]], [[-100.87469569196263, 21.331159480129045], [-100.87469321586904, 21.331123430402503]], [[-100.87469321586904, 21.331123430402503], [-100.87465473988001, 21.331125750350562]], [[-100.87465721596432, 21.33116180007835], [-100.87465473988001, 21.331125750350562]], [[-100.87465473988001, 21.331125750350562], [-100.87461626388902, 21.3311280702899]], [[-100.87461873996406, 21.33116412001894], [-100.87461626388902, 21.3311280702899]], [[-100.87461626388902, 21.3311280702899], [-100.87457778789609, 21.331130390220512]], [[-100.87458026396186, 21.331166439950792], [-100.87457778789609, 21.331130390220512]], [[-100.87457778789609, 21.331130390220512], [-100.87453931190122, 21.331132710142395]], [[-100.87454178795771, 21.331168759873925], [-100.87453931190122, 21.331132710142395]], [[-100.87453931190122, 21.331132710142395], [-100.87450083590439, 21.331135030055556]], [[-100.8745033119516, 21.33117107978833], [-100.87450083590439, 21.331135030055556]], [[-100.87450083590439, 21.331135030055556], [-100.87446235990564, 21.331137349959985]], [[-100.87446483594357, 21.33117339969401], [-100.87446235990564, 21.331137349959985]], [[-100.87446235990564, 21.331137349959985], [-100.87442388390491, 21.33113966985569]], [[-100.87442635993358, 21.33117571959096], [-100.87442388390491, 21.33113966985569]], [[-100.87442388390491, 21.33113966985569], [-100.87438540790225, 21.331141989742676]], [[-100.87438788392166, 21.33117803947919], [-100.87438540790225, 21.331141989742676]], [[-100.87438540790225, 21.331141989742676], [-100.87434693189766, 21.33114430962093]], [[-100.87434940790777, 21.33118035935869], [-100.87434693189766, 21.33114430962093]], [[-100.87434693189766, 21.33114430962093], [-100.8743084558911, 21.331146629490465]], [[-100.87431093189196, 21.331182679229464], [-100.8743084558911, 21.331146629490465]], [[-100.8743084558911, 21.331146629490465], [-100.87426997988261, 21.33114894935126]], [[-100.87427245587418, 21.33118499909152], [-100.87426997988261, 21.33114894935126]], [[-100.87426997988261, 21.33114894935126], [-100.87423150387217, 21.33115126920334]], [[-100.87423397985447, 21.331187318944835], [-100.87423150387217, 21.33115126920334]], [[-100.87423150387217, 21.33115126920334], [-100.87419302785979, 21.33115358904669]], [[-100.87419550383281, 21.331189638789436], [-100.87419302785979, 21.33115358904669]], [[-100.87419302785979, 21.33115358904669], [-100.87415455184545, 21.331155908881307]], [[-100.8741570278092, 21.33119195862531], [-100.87415455184545, 21.331155908881307]], [[-100.87415455184545, 21.331155908881307], [-100.87411607582916, 21.331158228707206]], [[-100.87411855178365, 21.331194278452454], [-100.87411607582916, 21.331158228707206]], [[-100.87411607582916, 21.331158228707206], [-100.87407759981095, 21.33116054852438]], [[-100.87408007575615, 21.33119659827087], [-100.87407759981095, 21.33116054852438]], [[-100.87407759981095, 21.33116054852438], [-100.87403912379078, 21.331162868332832]], [[-100.87404159972671, 21.33119891808056], [-100.87403912379078, 21.331162868332832]], [[-100.87403912379078, 21.331162868332832], [-100.87400064776867, 21.331165188132548]], [[-100.87400312369532, 21.331201237881526], [-100.87400064776867, 21.331165188132548]], [[-100.87400064776867, 21.331165188132548], [-100.87396217174461, 21.331167507923546]], [[-100.87396464766199, 21.331203557673764], [-100.87396217174461, 21.331167507923546]], [[-100.87396217174461, 21.331167507923546], [-100.8739236957186, 21.33116982770581]], [[-100.8739261716267, 21.33120587745728], [-100.8739236957186, 21.33116982770581]], [[-100.8739236957186, 21.33116982770581], [-100.87388521969066, 21.33117214747936]], [[-100.8738876955895, 21.331208197232073], [-100.87388521969066, 21.33117214747936]], [[-100.87388521969066, 21.33117214747936], [-100.87384674366076, 21.33117446724417]], [[-100.87384921955032, 21.331210516998134], [-100.87384674366076, 21.33117446724417]], [[-100.87384674366076, 21.33117446724417], [-100.87380826762892, 21.331176787000263]], [[-100.87381074350921, 21.331212836755473], [-100.87380826762892, 21.331176787000263]], [[-100.87380826762892, 21.331176787000263], [-100.87376979159512, 21.33117910674763]], [[-100.87377226746615, 21.331215156504083], [-100.87376979159512, 21.33117910674763]], [[-100.87376979159512, 21.33117910674763], [-100.8737313155594, 21.331181426486268]], [[-100.87373379142113, 21.331217476243964], [-100.8737313155594, 21.331181426486268]], [[-100.8737313155594, 21.331181426486268], [-100.87369283952172, 21.33118374621618]], [[-100.87369531537419, 21.331219795975123], [-100.87369283952172, 21.33118374621618]], [[-100.87369283952172, 21.33118374621618], [-100.8736543634821, 21.331186065937366]], [[-100.87365683932529, 21.331222115697557], [-100.8736543634821, 21.331186065937366]], [[-100.8736543634821, 21.331186065937366], [-100.87361588744054, 21.33118838564983]], [[-100.87361836327445, 21.33122443541126], [-100.87361588744054, 21.33118838564983]], [[-100.87361588744054, 21.33118838564983], [-100.87357741139702, 21.331190705353556]], [[-100.87357988722167, 21.33122675511624], [-100.87357741139702, 21.331190705353556]], [[-100.87357741139702, 21.331190705353556], [-100.87353893535158, 21.33119302504856]], [[-100.87354141116694, 21.331229074812494], [-100.87353893535158, 21.33119302504856]], [[-100.87353893535158, 21.33119302504856], [-100.87350045930417, 21.331195344734844]], [[-100.87350293511027, 21.331231394500023], [-100.87350045930417, 21.331195344734844]], [[-100.87350045930417, 21.331195344734844], [-100.87346198325481, 21.3311976644124]], [[-100.87346445905163, 21.331233714178822], [-100.87346198325481, 21.3311976644124]], [[-100.87346198325481, 21.3311976644124], [-100.87342350720353, 21.33119998408123]], [[-100.87342598299108, 21.3312360338489], [-100.87342350720353, 21.33119998408123]], [[-100.87342350720353, 21.33119998408123], [-100.87338503115029, 21.33120230374134]], [[-100.87338750692855, 21.331238353510248], [-100.87338503115029, 21.33120230374134]], [[-100.87338503115029, 21.33120230374134], [-100.8733465550951, 21.331204623392715]], [[-100.8733490308641, 21.331240673162874], [-100.8733465550951, 21.331204623392715]], [[-100.8733465550951, 21.331204623392715], [-100.87330807903797, 21.33120694303536]], [[-100.8733105547977, 21.33124299280677], [-100.87330807903797, 21.33120694303536]], [[-100.87330807903797, 21.33120694303536], [-100.8732696029789, 21.33120926266929]], [[-100.87327207872934, 21.33124531244194], [-100.8732696029789, 21.33120926266929]], [[-100.8732696029789, 21.33120926266929], [-100.87323112691789, 21.331211582294486]], [[-100.87323360265907, 21.331247632068386], [-100.87323112691789, 21.331211582294486]], [[-100.87323112691789, 21.331211582294486], [-100.87319265085492, 21.331213901910964]], [[-100.87319512658682, 21.33124995168611], [-100.87319265085492, 21.331213901910964]], [[-100.87319265085492, 21.331213901910964], [-100.87315417479, 21.331216221518712]], [[-100.87315665051264, 21.331252271295096], [-100.87315417479, 21.331216221518712]], [[-100.87315417479, 21.331216221518712], [-100.87311569872315, 21.331218541117728]], [[-100.87311817443651, 21.331254590895366], [-100.87311569872315, 21.331218541117728]], [[-100.87634768155675, 21.331023664381068], [-100.87634520506634, 21.330987614707865]], [[-100.87634520506634, 21.330987614707865], [-100.87630672917027, 21.330989935029898]], [[-100.8763092056514, 21.331025984704347], [-100.87630672917027, 21.330989935029898]], [[-100.87630672917027, 21.330989935029898], [-100.87626825327224, 21.3309922553432]], [[-100.87627072974409, 21.331028305018897], [-100.87626825327224, 21.3309922553432]], [[-100.87626825327224, 21.3309922553432], [-100.87622977737227, 21.33099457564778]], [[-100.87623225383484, 21.331030625324725], [-100.87622977737227, 21.33099457564778]], [[-100.87622977737227, 21.33099457564778], [-100.87619130147036, 21.330996895943628]], [[-100.87619377792366, 21.33103294562183], [-100.87619130147036, 21.330996895943628]], [[-100.87619130147036, 21.330996895943628], [-100.87615282556649, 21.330999216230758]], [[-100.87615530201052, 21.331035265910195], [-100.87615282556649, 21.330999216230758]], [[-100.87615282556649, 21.330999216230758], [-100.87611434966068, 21.331001536509156]], [[-100.87611682609544, 21.331037586189844], [-100.87611434966068, 21.331001536509156]], [[-100.87611434966068, 21.331001536509156], [-100.87607587375291, 21.33100385677883]], [[-100.8760783501784, 21.331039906460767], [-100.87607587375291, 21.33100385677883]], [[-100.87607587375291, 21.33100385677883], [-100.8760373978432, 21.331006177039775]], [[-100.87603987425942, 21.331042226722964], [-100.8760373978432, 21.331006177039775]], [[-100.8760373978432, 21.331006177039775], [-100.87599892193155, 21.331008497292]], [[-100.87600139833849, 21.331044546976436], [-100.87599892193155, 21.331008497292]], [[-100.87599892193155, 21.331008497292], [-100.87596044601797, 21.331010817535496]], [[-100.87596292241562, 21.331046867221172], [-100.87596044601797, 21.331010817535496]], [[-100.87596044601797, 21.331010817535496], [-100.87592197010243, 21.331013137770267]], [[-100.87592444649081, 21.331049187457193], [-100.87592197010243, 21.331013137770267]], [[-100.87592197010243, 21.331013137770267], [-100.87588349418492, 21.331015457996322]], [[-100.87588597056404, 21.331051507684485], [-100.87588349418492, 21.331015457996322]], [[-100.87588349418492, 21.331015457996322], [-100.87584501826548, 21.33101777821363]], [[-100.87584749463534, 21.33105382790305], [-100.87584501826548, 21.33101777821363]], [[-100.87584501826548, 21.33101777821363], [-100.87580654234411, 21.33102009842223]], [[-100.87580901870469, 21.33105614811289], [-100.87580654234411, 21.33102009842223]], [[-100.87580654234411, 21.33102009842223], [-100.87576806642078, 21.331022418622098]], [[-100.87577054277207, 21.33105846831401], [-100.87576806642078, 21.331022418622098]], [[-100.87576806642078, 21.331022418622098], [-100.8757295904955, 21.33102473881324]], [[-100.87573206683753, 21.3310607885064], [-100.8757295904955, 21.33102473881324]], [[-100.8757295904955, 21.33102473881324], [-100.87569111456828, 21.331027058995655]], [[-100.87569359090104, 21.33106310869006], [-100.87569111456828, 21.331027058995655]], [[-100.87569111456828, 21.331027058995655], [-100.87565263863911, 21.331029379169347]], [[-100.8756551149626, 21.331065428864996], [-100.87565263863911, 21.331029379169347]], [[-100.87565263863911, 21.331029379169347], [-100.87561416270799, 21.33103169933431]], [[-100.8756166390222, 21.331067749031206], [-100.87561416270799, 21.33103169933431]], [[-100.87561416270799, 21.33103169933431], [-100.87557568677492, 21.331034019490552]], [[-100.87557816307987, 21.331070069188694], [-100.87557568677492, 21.331034019490552]], [[-100.87557568677492, 21.331034019490552], [-100.87553721083992, 21.331036339638064]], [[-100.87553968713559, 21.331072389337454], [-100.87553721083992, 21.331036339638064]], [[-100.87553721083992, 21.331036339638064], [-100.87549873490296, 21.33103865977685]], [[-100.87550121118936, 21.331074709477488], [-100.87549873490296, 21.33103865977685]], [[-100.87549873490296, 21.33103865977685], [-100.87546025896407, 21.331040979906902]], [[-100.87546273524119, 21.331077029608796], [-100.87546025896407, 21.331040979906902]], [[-100.87546025896407, 21.331040979906902], [-100.87542178302321, 21.33104330002824]], [[-100.87542425929107, 21.33107934973138], [-100.87542178302321, 21.33104330002824]], [[-100.87542178302321, 21.33104330002824], [-100.87538330708044, 21.331045620140852]], [[-100.875385783339, 21.331081669845236], [-100.87538330708044, 21.331045620140852]], [[-100.87538330708044, 21.331045620140852], [-100.8753448311357, 21.331047940244737]], [[-100.87534730738498, 21.33108398995036], [-100.8753448311357, 21.331047940244737]], [[-100.8753448311357, 21.331047940244737], [-100.87530635518901, 21.331050260339893]], [[-100.87530883142902, 21.331086310046768], [-100.87530635518901, 21.331050260339893]], [[-100.87530635518901, 21.331050260339893], [-100.87526787924038, 21.331052580426327]], [[-100.87527035547113, 21.331088630134445], [-100.87526787924038, 21.331052580426327]], [[-100.87526787924038, 21.331052580426327], [-100.87522940328981, 21.33105490050403]], [[-100.87523187951128, 21.331090950213394], [-100.87522940328981, 21.33105490050403]], [[-100.87522940328981, 21.33105490050403], [-100.87519092733727, 21.331057220573012]], [[-100.87519340354947, 21.331093270283617], [-100.87519092733727, 21.331057220573012]], [[-100.87519092733727, 21.331057220573012], [-100.87515245138282, 21.331059540633262]], [[-100.87515492758574, 21.331095590345118], [-100.87515245138282, 21.331059540633262]], [[-100.87515245138282, 21.331059540633262], [-100.8751139754264, 21.331061860684795]], [[-100.87511645162004, 21.3310979103979], [-100.8751139754264, 21.331061860684795]], [[-100.8751139754264, 21.331061860684795], [-100.87507549946804, 21.33106418072759]], [[-100.8750779756524, 21.33110023044194], [-100.87507549946804, 21.33106418072759]], [[-100.87507549946804, 21.33106418072759], [-100.87503702350774, 21.33106650076167]], [[-100.87503949968284, 21.331102550477272], [-100.87503702350774, 21.33106650076167]], [[-100.87503702350774, 21.33106650076167], [-100.87499854754547, 21.331068820787017]], [[-100.8750010237113, 21.331104870503864], [-100.87499854754547, 21.331068820787017]], [[-100.87499854754547, 21.331068820787017], [-100.87496007158128, 21.331071140803648]], [[-100.87496254773784, 21.331107190521738], [-100.87496007158128, 21.331071140803648]], [[-100.87496007158128, 21.331071140803648], [-100.87492159561513, 21.331073460811545]], [[-100.87492407176241, 21.331109510530876], [-100.87492159561513, 21.331073460811545]], [[-100.87492159561513, 21.331073460811545], [-100.87488311964705, 21.331075780810718]], [[-100.87488559578506, 21.331111830531302], [-100.87488311964705, 21.331075780810718]], [[-100.87488311964705, 21.331075780810718], [-100.87484464367701, 21.33107810080116]], [[-100.87484711980575, 21.33111415052299], [-100.87484464367701, 21.33107810080116]], [[-100.87484464367701, 21.33107810080116], [-100.87480616770503, 21.33108042078288]], [[-100.87480864382448, 21.33111647050596], [-100.87480616770503, 21.33108042078288]], [[-100.87480616770503, 21.33108042078288], [-100.87476769173111, 21.331082740755875]], [[-100.87477016784129, 21.331118790480197], [-100.87476769173111, 21.331082740755875]], [[-100.87476769173111, 21.331082740755875], [-100.87472921575522, 21.33108506072014]], [[-100.87473169185614, 21.331121110445707], [-100.87472921575522, 21.33108506072014]], [[-100.87472921575522, 21.33108506072014], [-100.8746907397774, 21.331087380675683]], [[-100.87469321586904, 21.331123430402503], [-100.8746907397774, 21.331087380675683]], [[-100.8746907397774, 21.331087380675683], [-100.87465226379764, 21.3310897006225]], [[-100.87465473988001, 21.331125750350562], [-100.87465226379764, 21.3310897006225]], [[-100.87465226379764, 21.3310897006225], [-100.87461378781593, 21.331092020560593]], [[-100.87461626388902, 21.3311280702899], [-100.87461378781593, 21.331092020560593]], [[-100.87461378781593, 21.331092020560593], [-100.87457531183227, 21.33109434048996]], [[-100.87457778789609, 21.331130390220512], [-100.87457531183227, 21.33109434048996]], [[-100.87457531183227, 21.33109434048996], [-100.87453683584667, 21.331096660410594]], [[-100.87453931190122, 21.331132710142395], [-100.87453683584667, 21.331096660410594]], [[-100.87453683584667, 21.331096660410594], [-100.87449835985912, 21.331098980322505]], [[-100.87450083590439, 21.331135030055556], [-100.87449835985912, 21.331098980322505]], [[-100.87449835985912, 21.331098980322505], [-100.87445988386965, 21.331101300225697]], [[-100.87446235990564, 21.331137349959985], [-100.87445988386965, 21.331101300225697]], [[-100.87445988386965, 21.331101300225697], [-100.8744214078782, 21.331103620120157]], [[-100.87442388390491, 21.33113966985569], [-100.8744214078782, 21.331103620120157]], [[-100.8744214078782, 21.331103620120157], [-100.87438293188481, 21.33110594000589]], [[-100.87438540790225, 21.331141989742676], [-100.87438293188481, 21.33110594000589]], [[-100.87438293188481, 21.33110594000589], [-100.87434445588949, 21.3311082598829]], [[-100.87434693189766, 21.33114430962093], [-100.87434445588949, 21.3311082598829]], [[-100.87434445588949, 21.3311082598829], [-100.8743059798922, 21.331110579751183]], [[-100.8743084558911, 21.331146629490465], [-100.8743059798922, 21.331110579751183]], [[-100.8743059798922, 21.331110579751183], [-100.874267503893, 21.33111289961073]], [[-100.87426997988261, 21.33114894935126], [-100.874267503893, 21.33111289961073]], [[-100.874267503893, 21.33111289961073], [-100.87422902789181, 21.331115219461566]], [[-100.87423150387217, 21.33115126920334], [-100.87422902789181, 21.331115219461566]], [[-100.87422902789181, 21.331115219461566], [-100.8741905518887, 21.331117539303666]], [[-100.87419302785979, 21.33115358904669], [-100.8741905518887, 21.331117539303666]], [[-100.8741905518887, 21.331117539303666], [-100.87415207588364, 21.331119859137047]], [[-100.87415455184545, 21.331155908881307], [-100.87415207588364, 21.331119859137047]], [[-100.87415207588364, 21.331119859137047], [-100.87411359987665, 21.3311221789617]], [[-100.87411607582916, 21.331158228707206], [-100.87411359987665, 21.3311221789617]], [[-100.87411359987665, 21.3311221789617], [-100.87407512386768, 21.331124498777626]], [[-100.87407759981095, 21.33116054852438], [-100.87407512386768, 21.331124498777626]], [[-100.87407512386768, 21.331124498777626], [-100.8740366478568, 21.33112681858483]], [[-100.87403912379078, 21.331162868332832], [-100.8740366478568, 21.33112681858483]], [[-100.8740366478568, 21.33112681858483], [-100.87399817184397, 21.331129138383304]], [[-100.87400064776867, 21.331165188132548], [-100.87399817184397, 21.331129138383304]], [[-100.87399817184397, 21.331129138383304], [-100.87395969582917, 21.331131458173047]], [[-100.87396217174461, 21.331167507923546], [-100.87395969582917, 21.331131458173047]], [[-100.87395969582917, 21.331131458173047], [-100.87392121981244, 21.331133777954076]], [[-100.8739236957186, 21.33116982770581], [-100.87392121981244, 21.331133777954076]], [[-100.87392121981244, 21.331133777954076], [-100.87388274379376, 21.331136097726368]], [[-100.87388521969066, 21.33117214747936], [-100.87388274379376, 21.331136097726368]], [[-100.87388274379376, 21.331136097726368], [-100.87384426777315, 21.331138417489942]], [[-100.87384674366076, 21.33117446724417], [-100.87384426777315, 21.331138417489942]], [[-100.87384426777315, 21.331138417489942], [-100.87380579175057, 21.331140737244784]], [[-100.87380826762892, 21.331176787000263], [-100.87380579175057, 21.331140737244784]], [[-100.87380579175057, 21.331140737244784], [-100.87376731572606, 21.331143056990904]], [[-100.87376979159512, 21.33117910674763], [-100.87376731572606, 21.331143056990904]], [[-100.87376731572606, 21.331143056990904], [-100.87372883969961, 21.331145376728294]], [[-100.8737313155594, 21.331181426486268], [-100.87372883969961, 21.331145376728294]], [[-100.87372883969961, 21.331145376728294], [-100.8736903636712, 21.331147696456963]], [[-100.87369283952172, 21.33118374621618], [-100.8736903636712, 21.331147696456963]], [[-100.8736903636712, 21.331147696456963], [-100.87365188764086, 21.3311500161769]], [[-100.8736543634821, 21.331186065937366], [-100.87365188764086, 21.3311500161769]], [[-100.87365188764086, 21.3311500161769], [-100.87361341160857, 21.331152335888113]], [[-100.87361588744054, 21.33118838564983], [-100.87361341160857, 21.331152335888113]], [[-100.87361341160857, 21.331152335888113], [-100.87357493557433, 21.331154655590606]], [[-100.87357741139702, 21.331190705353556], [-100.87357493557433, 21.331154655590606]], [[-100.87357493557433, 21.331154655590606], [-100.87353645953814, 21.331156975284358]], [[-100.87353893535158, 21.33119302504856], [-100.87353645953814, 21.331156975284358]], [[-100.87353645953814, 21.331156975284358], [-100.8734979835, 21.331159294969403]], [[-100.87350045930417, 21.331195344734844], [-100.8734979835, 21.331159294969403]], [[-100.8734979835, 21.331159294969403], [-100.87345950745994, 21.33116161464571]], [[-100.87346198325481, 21.3311976644124], [-100.87345950745994, 21.33116161464571]], [[-100.87345950745994, 21.33116161464571], [-100.87342103141792, 21.33116393431329]], [[-100.87342350720353, 21.33119998408123], [-100.87342103141792, 21.33116393431329]], [[-100.87342103141792, 21.33116393431329], [-100.87338255537395, 21.331166253972146]], [[-100.87338503115029, 21.33120230374134], [-100.87338255537395, 21.331166253972146]], [[-100.87338255537395, 21.331166253972146], [-100.87334407932805, 21.33116857362228]], [[-100.8733465550951, 21.331204623392715], [-100.87334407932805, 21.33116857362228]], [[-100.87334407932805, 21.33116857362228], [-100.87330560328019, 21.331170893263685]], [[-100.87330807903797, 21.33120694303536], [-100.87330560328019, 21.331170893263685]], [[-100.87330560328019, 21.331170893263685], [-100.87326712723038, 21.331173212896367]], [[-100.8732696029789, 21.33120926266929], [-100.87326712723038, 21.331173212896367]], [[-100.87326712723038, 21.331173212896367], [-100.87322865117865, 21.33117553252032]], [[-100.87323112691789, 21.331211582294486], [-100.87322865117865, 21.33117553252032]], [[-100.87322865117865, 21.33117553252032], [-100.87319017512496, 21.331177852135546]], [[-100.87319265085492, 21.331213901910964], [-100.87319017512496, 21.331177852135546]], [[-100.87319017512496, 21.331177852135546], [-100.87315169906933, 21.33118017174205]], [[-100.87315417479, 21.331216221518712], [-100.87315169906933, 21.33118017174205]], [[-100.87315169906933, 21.33118017174205], [-100.87311322301174, 21.33118249133982]], [[-100.87311569872315, 21.331218541117728], [-100.87311322301174, 21.33118249133982]], [[-100.87638368096049, 21.33098529437711], [-100.87634520506634, 21.330987614707865]], [[-100.87638368096049, 21.33098529437711], [-100.87638120446276, 21.330949244704883]], [[-100.87638120446276, 21.330949244704883], [-100.8763427285779, 21.33095156503439]], [[-100.87634520506634, 21.330987614707865], [-100.8763427285779, 21.33095156503439]], [[-100.8763427285779, 21.33095156503439], [-100.87630425269109, 21.330953885355175]], [[-100.87630672917027, 21.330989935029898], [-100.87630425269109, 21.330953885355175]], [[-100.87630425269109, 21.330953885355175], [-100.87626577680234, 21.330956205667228]], [[-100.87626825327224, 21.3309922553432], [-100.87626577680234, 21.330956205667228]], [[-100.87626577680234, 21.330956205667228], [-100.87622730091164, 21.330958525970562]], [[-100.87622977737227, 21.33099457564778], [-100.87622730091164, 21.330958525970562]], [[-100.87622730091164, 21.330958525970562], [-100.87618882501899, 21.330960846265164]], [[-100.87619130147036, 21.330996895943628], [-100.87618882501899, 21.330960846265164]], [[-100.87618882501899, 21.330960846265164], [-100.8761503491244, 21.330963166551044]], [[-100.87615282556649, 21.330999216230758], [-100.8761503491244, 21.330963166551044]], [[-100.8761503491244, 21.330963166551044], [-100.87611187322787, 21.330965486828195]], [[-100.87611434966068, 21.331001536509156], [-100.87611187322787, 21.330965486828195]], [[-100.87611187322787, 21.330965486828195], [-100.87607339732938, 21.330967807096624]], [[-100.87607587375291, 21.33100385677883], [-100.87607339732938, 21.330967807096624]], [[-100.87607339732938, 21.330967807096624], [-100.87603492142894, 21.330970127356334]], [[-100.8760373978432, 21.331006177039775], [-100.87603492142894, 21.330970127356334]], [[-100.87603492142894, 21.330970127356334], [-100.87599644552657, 21.33097244760731]], [[-100.87599892193155, 21.331008497292], [-100.87599644552657, 21.33097244760731]], [[-100.87599644552657, 21.33097244760731], [-100.87595796962223, 21.33097476784955]], [[-100.87596044601797, 21.331010817535496], [-100.87595796962223, 21.33097476784955]], [[-100.87595796962223, 21.33097476784955], [-100.87591949371597, 21.330977088083078]], [[-100.87592197010243, 21.331013137770267], [-100.87591949371597, 21.330977088083078]], [[-100.87591949371597, 21.330977088083078], [-100.87588101780776, 21.330979408307876]], [[-100.87588349418492, 21.331015457996322], [-100.87588101780776, 21.330979408307876]], [[-100.87588101780776, 21.330979408307876], [-100.8758425418976, 21.330981728523952]], [[-100.87584501826548, 21.33101777821363], [-100.8758425418976, 21.330981728523952]], [[-100.8758425418976, 21.330981728523952], [-100.87580406598548, 21.330984048731295]], [[-100.87580654234411, 21.33102009842223], [-100.87580406598548, 21.330984048731295]], [[-100.87580406598548, 21.330984048731295], [-100.87576559007142, 21.330986368929917]], [[-100.87576806642078, 21.331022418622098], [-100.87576559007142, 21.330986368929917]], [[-100.87576559007142, 21.330986368929917], [-100.87572711415542, 21.330988689119813]], [[-100.8757295904955, 21.33102473881324], [-100.87572711415542, 21.330988689119813]], [[-100.87572711415542, 21.330988689119813], [-100.87568863823748, 21.330991009300988]], [[-100.87569111456828, 21.331027058995655], [-100.87568863823748, 21.330991009300988]], [[-100.87568863823748, 21.330991009300988], [-100.87565016231758, 21.330993329473426]], [[-100.87565263863911, 21.331029379169347], [-100.87565016231758, 21.330993329473426]], [[-100.87565016231758, 21.330993329473426], [-100.87561168639573, 21.330995649637146]], [[-100.87561416270799, 21.33103169933431], [-100.87561168639573, 21.330995649637146]], [[-100.87561168639573, 21.330995649637146], [-100.87557321047194, 21.33099796979213]], [[-100.87557568677492, 21.331034019490552], [-100.87557321047194, 21.33099796979213]], [[-100.87557321047194, 21.33099796979213], [-100.8755347345462, 21.331000289938398]], [[-100.87553721083992, 21.331036339638064], [-100.8755347345462, 21.331000289938398]], [[-100.8755347345462, 21.331000289938398], [-100.87549625861854, 21.33100261007594]], [[-100.87549873490296, 21.33103865977685], [-100.87549625861854, 21.33100261007594]], [[-100.87549625861854, 21.33100261007594], [-100.87545778268891, 21.331004930204752]], [[-100.87546025896407, 21.331040979906902], [-100.87545778268891, 21.331004930204752]], [[-100.87545778268891, 21.331004930204752], [-100.87541930675734, 21.33100725032484]], [[-100.87542178302321, 21.33104330002824], [-100.87541930675734, 21.33100725032484]], [[-100.87541930675734, 21.33100725032484], [-100.87538083082381, 21.3310095704362]], [[-100.87538330708044, 21.331045620140852], [-100.87538083082381, 21.3310095704362]], [[-100.87538083082381, 21.3310095704362], [-100.87534235488836, 21.331011890538843]], [[-100.8753448311357, 21.331047940244737], [-100.87534235488836, 21.331011890538843]], [[-100.87534235488836, 21.331011890538843], [-100.87530387895094, 21.33101421063275]], [[-100.87530635518901, 21.331050260339893], [-100.87530387895094, 21.33101421063275]], [[-100.87530387895094, 21.33101421063275], [-100.87526540301158, 21.331016530717935]], [[-100.87526787924038, 21.331052580426327], [-100.87526540301158, 21.331016530717935]], [[-100.87526540301158, 21.331016530717935], [-100.87522692707029, 21.33101885079439]], [[-100.87522940328981, 21.33105490050403], [-100.87522692707029, 21.33101885079439]], [[-100.87522692707029, 21.33101885079439], [-100.87518845112703, 21.33102117086213]], [[-100.87519092733727, 21.331057220573012], [-100.87518845112703, 21.33102117086213]], [[-100.87518845112703, 21.33102117086213], [-100.87514997518184, 21.331023490921133]], [[-100.87515245138282, 21.331059540633262], [-100.87514997518184, 21.331023490921133]], [[-100.87514997518184, 21.331023490921133], [-100.8751114992347, 21.331025810971415]], [[-100.8751139754264, 21.331061860684795], [-100.8751114992347, 21.331025810971415]], [[-100.8751114992347, 21.331025810971415], [-100.87507302328561, 21.33102813101297]], [[-100.87507549946804, 21.33106418072759], [-100.87507302328561, 21.33102813101297]], [[-100.87507302328561, 21.33102813101297], [-100.87503454733458, 21.3310304510458]], [[-100.87503702350774, 21.33106650076167], [-100.87503454733458, 21.3310304510458]], [[-100.87503454733458, 21.3310304510458], [-100.8749960713816, 21.331032771069903]], [[-100.87499854754547, 21.331068820787017], [-100.8749960713816, 21.331032771069903]], [[-100.8749960713816, 21.331032771069903], [-100.87495759542668, 21.33103509108528]], [[-100.87496007158128, 21.331071140803648], [-100.87495759542668, 21.33103509108528]], [[-100.87495759542668, 21.33103509108528], [-100.87491911946981, 21.33103741109193]], [[-100.87492159561513, 21.331073460811545], [-100.87491911946981, 21.33103741109193]], [[-100.87491911946981, 21.33103741109193], [-100.87488064351099, 21.33103973108986]], [[-100.87488311964705, 21.331075780810718], [-100.87488064351099, 21.33103973108986]], [[-100.87488064351099, 21.33103973108986], [-100.87484216755023, 21.331042051079056]], [[-100.87484464367701, 21.33107810080116], [-100.87484216755023, 21.331042051079056]], [[-100.87484216755023, 21.331042051079056], [-100.87480369158752, 21.331044371059534]], [[-100.87480616770503, 21.33108042078288], [-100.87480369158752, 21.331044371059534]], [[-100.87480369158752, 21.331044371059534], [-100.87476521562286, 21.33104669103128]], [[-100.87476769173111, 21.331082740755875], [-100.87476521562286, 21.33104669103128]], [[-100.87476521562286, 21.33104669103128], [-100.87472673965627, 21.331049010994306]], [[-100.87472921575522, 21.33108506072014], [-100.87472673965627, 21.331049010994306]], [[-100.87472673965627, 21.331049010994306], [-100.87468826368772, 21.331051330948593]], [[-100.8746907397774, 21.331087380675683], [-100.87468826368772, 21.331051330948593]], [[-100.87468826368772, 21.331051330948593], [-100.87464978771722, 21.331053650894166]], [[-100.87465226379764, 21.3310897006225], [-100.87464978771722, 21.331053650894166]], [[-100.87464978771722, 21.331053650894166], [-100.87461131174479, 21.33105597083101]], [[-100.87461378781593, 21.331092020560593], [-100.87461131174479, 21.33105597083101]], [[-100.87461131174479, 21.33105597083101], [-100.87457283577041, 21.331058290759128]], [[-100.87457531183227, 21.33109434048996], [-100.87457283577041, 21.331058290759128]], [[-100.87457283577041, 21.331058290759128], [-100.87453435979408, 21.331060610678524]], [[-100.87453683584667, 21.331096660410594], [-100.87453435979408, 21.331060610678524]], [[-100.87453435979408, 21.331060610678524], [-100.8744958838158, 21.33106293058919]], [[-100.87449835985912, 21.331098980322505], [-100.8744958838158, 21.33106293058919]], [[-100.8744958838158, 21.33106293058919], [-100.87445740783558, 21.33106525049113]], [[-100.87445988386965, 21.331101300225697], [-100.87445740783558, 21.33106525049113]], [[-100.87445740783558, 21.33106525049113], [-100.87441893185343, 21.33106757038434]], [[-100.8744214078782, 21.331103620120157], [-100.87441893185343, 21.33106757038434]], [[-100.87441893185343, 21.33106757038434], [-100.87438045586931, 21.331069890268832]], [[-100.87438293188481, 21.33110594000589], [-100.87438045586931, 21.331069890268832]], [[-100.87438045586931, 21.331069890268832], [-100.87434197988325, 21.33107221014459]], [[-100.87434445588949, 21.3311082598829], [-100.87434197988325, 21.33107221014459]], [[-100.87434197988325, 21.33107221014459], [-100.87430350389525, 21.331074530011623]], [[-100.8743059798922, 21.331110579751183], [-100.87430350389525, 21.331074530011623]], [[-100.87430350389525, 21.331074530011623], [-100.8742650279053, 21.331076849869937]], [[-100.874267503893, 21.33111289961073], [-100.8742650279053, 21.331076849869937]], [[-100.8742650279053, 21.331076849869937], [-100.87422655191341, 21.331079169719523]], [[-100.87422902789181, 21.331115219461566], [-100.87422655191341, 21.331079169719523]], [[-100.87422655191341, 21.331079169719523], [-100.87418807591956, 21.33108148956038]], [[-100.8741905518887, 21.331117539303666], [-100.87418807591956, 21.33108148956038]], [[-100.87418807591956, 21.33108148956038], [-100.87414959992378, 21.33108380939251]], [[-100.87415207588364, 21.331119859137047], [-100.87414959992378, 21.33108380939251]], [[-100.87414959992378, 21.33108380939251], [-100.87411112392606, 21.33108612921592]], [[-100.87411359987665, 21.3311221789617], [-100.87411112392606, 21.33108612921592]], [[-100.87411112392606, 21.33108612921592], [-100.87407264792638, 21.331088449030602]], [[-100.87407512386768, 21.331124498777626], [-100.87407264792638, 21.331088449030602]], [[-100.87407264792638, 21.331088449030602], [-100.87403417192476, 21.331090768836553]], [[-100.8740366478568, 21.33112681858483], [-100.87403417192476, 21.331090768836553]], [[-100.87403417192476, 21.331090768836553], [-100.8739956959212, 21.331093088633786]], [[-100.87399817184397, 21.331129138383304], [-100.8739956959212, 21.331093088633786]], [[-100.8739956959212, 21.331093088633786], [-100.87395721991568, 21.331095408422286]], [[-100.87395969582917, 21.331131458173047], [-100.87395721991568, 21.331095408422286]], [[-100.87395721991568, 21.331095408422286], [-100.87391874390822, 21.33109772820206]], [[-100.87392121981244, 21.331133777954076], [-100.87391874390822, 21.33109772820206]], [[-100.87391874390822, 21.33109772820206], [-100.87388026789881, 21.331100047973106]], [[-100.87388274379376, 21.331136097726368], [-100.87388026789881, 21.331100047973106]], [[-100.87388026789881, 21.331100047973106], [-100.87384179188747, 21.33110236773543]], [[-100.87384426777315, 21.331138417489942], [-100.87384179188747, 21.33110236773543]], [[-100.87384179188747, 21.33110236773543], [-100.87380331587418, 21.33110468748903]], [[-100.87380579175057, 21.331140737244784], [-100.87380331587418, 21.33110468748903]], [[-100.87380331587418, 21.33110468748903], [-100.87376483985895, 21.3311070072339]], [[-100.87376731572606, 21.331143056990904], [-100.87376483985895, 21.3311070072339]], [[-100.87376483985895, 21.3311070072339], [-100.87372636384175, 21.331109326970054]], [[-100.87372883969961, 21.331145376728294], [-100.87372636384175, 21.331109326970054]], [[-100.87372636384175, 21.331109326970054], [-100.87368788782263, 21.33111164669747]], [[-100.8736903636712, 21.331147696456963], [-100.87368788782263, 21.33111164669747]], [[-100.87368788782263, 21.33111164669747], [-100.87364941180155, 21.33111396641616]], [[-100.87365188764086, 21.3311500161769], [-100.87364941180155, 21.33111396641616]], [[-100.87364941180155, 21.33111396641616], [-100.87361093577853, 21.33111628612613]], [[-100.87361341160857, 21.331152335888113], [-100.87361093577853, 21.33111628612613]], [[-100.87361093577853, 21.33111628612613], [-100.87357245975358, 21.331118605827374]], [[-100.87357493557433, 21.331154655590606], [-100.87357245975358, 21.331118605827374]], [[-100.87357245975358, 21.331118605827374], [-100.87353398372666, 21.331120925519887]], [[-100.87353645953814, 21.331156975284358], [-100.87353398372666, 21.331120925519887]], [[-100.87353398372666, 21.331120925519887], [-100.8734955076978, 21.331123245203678]], [[-100.8734979835, 21.331159294969403], [-100.8734955076978, 21.331123245203678]], [[-100.8734955076978, 21.331123245203678], [-100.873457031667, 21.331125564878747]], [[-100.87345950745994, 21.33116161464571], [-100.873457031667, 21.331125564878747]], [[-100.873457031667, 21.331125564878747], [-100.87341855563426, 21.33112788454508]], [[-100.87342103141792, 21.33116393431329], [-100.87341855563426, 21.33112788454508]], [[-100.87341855563426, 21.33112788454508], [-100.87338007959957, 21.3311302042027]], [[-100.87338255537395, 21.331166253972146], [-100.87338007959957, 21.3311302042027]], [[-100.87338007959957, 21.3311302042027], [-100.87334160356293, 21.33113252385158]], [[-100.87334407932805, 21.33116857362228], [-100.87334160356293, 21.33113252385158]], [[-100.87334160356293, 21.33113252385158], [-100.87330312752434, 21.331134843491743]], [[-100.87330560328019, 21.331170893263685], [-100.87330312752434, 21.331134843491743]], [[-100.87330312752434, 21.331134843491743], [-100.87326465148382, 21.331137163123167]], [[-100.87326712723038, 21.331173212896367], [-100.87326465148382, 21.331137163123167]], [[-100.87326465148382, 21.331137163123167], [-100.87322617544135, 21.331139482745883]], [[-100.87322865117865, 21.33117553252032], [-100.87322617544135, 21.331139482745883]], [[-100.87322617544135, 21.331139482745883], [-100.87318769939694, 21.331141802359863]], [[-100.87319017512496, 21.331177852135546], [-100.87318769939694, 21.331141802359863]], [[-100.87318769939694, 21.331141802359863], [-100.87314922335058, 21.331144121965114]], [[-100.87315169906933, 21.33118017174205], [-100.87314922335058, 21.331144121965114]], [[-100.87638120446276, 21.330949244704883], [-100.87637872796697, 21.330913195032384]], [[-100.87637872796697, 21.330913195032384], [-100.8763402520914, 21.33091551536064]], [[-100.8763427285779, 21.33095156503439], [-100.8763402520914, 21.33091551536064]], [[-100.8763402520914, 21.33091551536064], [-100.87630177621385, 21.330917835680175]], [[-100.87630425269109, 21.330953885355175], [-100.87630177621385, 21.330917835680175]], [[-100.87630177621385, 21.330917835680175], [-100.87626330033437, 21.33092015599098]], [[-100.87626577680234, 21.330956205667228], [-100.87626330033437, 21.33092015599098]], [[-100.87626330033437, 21.33092015599098], [-100.87622482445296, 21.33092247629307]], [[-100.87622730091164, 21.330958525970562], [-100.87622482445296, 21.33092247629307]], [[-100.87622482445296, 21.33092247629307], [-100.87618634856958, 21.33092479658643]], [[-100.87618882501899, 21.330960846265164], [-100.87618634856958, 21.33092479658643]], [[-100.87618634856958, 21.33092479658643], [-100.87614787268426, 21.33092711687106]], [[-100.8761503491244, 21.330963166551044], [-100.87614787268426, 21.33092711687106]], [[-100.87614787268426, 21.33092711687106], [-100.87610939679699, 21.330929437146963]], [[-100.87611187322787, 21.330965486828195], [-100.87610939679699, 21.330929437146963]], [[-100.87610939679699, 21.330929437146963], [-100.87607092090778, 21.33093175741415]], [[-100.87607339732938, 21.330967807096624], [-100.87607092090778, 21.33093175741415]], [[-100.87607092090778, 21.33093175741415], [-100.87603244501663, 21.330934077672595]], [[-100.87603492142894, 21.330970127356334], [-100.87603244501663, 21.330934077672595]], [[-100.87603244501663, 21.330934077672595], [-100.87599396912351, 21.33093639792233]], [[-100.87599644552657, 21.33097244760731], [-100.87599396912351, 21.33093639792233]], [[-100.87599396912351, 21.33093639792233], [-100.87595549322847, 21.33093871816333]], [[-100.87595796962223, 21.33097476784955], [-100.87595549322847, 21.33093871816333]], [[-100.87595549322847, 21.33093871816333], [-100.87591701733147, 21.33094103839562]], [[-100.87591949371597, 21.330977088083078], [-100.87591701733147, 21.33094103839562]], [[-100.87591701733147, 21.33094103839562], [-100.87587854143253, 21.330943358619166]], [[-100.87588101780776, 21.330979408307876], [-100.87587854143253, 21.330943358619166]], [[-100.87587854143253, 21.330943358619166], [-100.87584006553163, 21.330945678833995]], [[-100.8758425418976, 21.330981728523952], [-100.87584006553163, 21.330945678833995]], [[-100.87584006553163, 21.330945678833995], [-100.87580158962881, 21.330947999040088]], [[-100.87580406598548, 21.330984048731295], [-100.87580158962881, 21.330947999040088]], [[-100.87580158962881, 21.330947999040088], [-100.87576311372402, 21.330950319237466]], [[-100.87576559007142, 21.330986368929917], [-100.87576311372402, 21.330950319237466]], [[-100.87576311372402, 21.330950319237466], [-100.87572463781729, 21.33095263942611]], [[-100.87572711415542, 21.330988689119813], [-100.87572463781729, 21.33095263942611]], [[-100.87572463781729, 21.33095263942611], [-100.87568616190862, 21.33095495960603]], [[-100.87568863823748, 21.330991009300988], [-100.87568616190862, 21.33095495960603]], [[-100.87568616190862, 21.33095495960603], [-100.87564768599799, 21.330957279777227]], [[-100.87565016231758, 21.330993329473426], [-100.87564768599799, 21.330957279777227]], [[-100.87564768599799, 21.330957279777227], [-100.87560921008541, 21.3309595999397]], [[-100.87561168639573, 21.330995649637146], [-100.87560921008541, 21.3309595999397]], [[-100.87560921008541, 21.3309595999397], [-100.8755707341709, 21.330961920093443]], [[-100.87557321047194, 21.33099796979213], [-100.8755707341709, 21.330961920093443]], [[-100.8755707341709, 21.330961920093443], [-100.87553225825445, 21.330964240238462]], [[-100.8755347345462, 21.331000289938398], [-100.87553225825445, 21.330964240238462]], [[-100.87553225825445, 21.330964240238462], [-100.87549378233605, 21.33096656037476]], [[-100.87549625861854, 21.33100261007594], [-100.87549378233605, 21.33096656037476]], [[-100.87549378233605, 21.33096656037476], [-100.8754553064157, 21.330968880502322]], [[-100.87545778268891, 21.331004930204752], [-100.8754553064157, 21.330968880502322]], [[-100.8754553064157, 21.330968880502322], [-100.87541683049339, 21.330971200621168]], [[-100.87541930675734, 21.33100725032484], [-100.87541683049339, 21.330971200621168]], [[-100.87541683049339, 21.330971200621168], [-100.87537835456914, 21.33097352073128]], [[-100.87538083082381, 21.3310095704362], [-100.87537835456914, 21.33097352073128]], [[-100.87537835456914, 21.33097352073128], [-100.87533987864295, 21.330975840832675]], [[-100.87534235488836, 21.331011890538843], [-100.87533987864295, 21.330975840832675]], [[-100.87533987864295, 21.330975840832675], [-100.87530140271481, 21.330978160925337]], [[-100.87530387895094, 21.33101421063275], [-100.87530140271481, 21.330978160925337]], [[-100.87530140271481, 21.330978160925337], [-100.87526292678473, 21.330980481009274]], [[-100.87526540301158, 21.331016530717935], [-100.87526292678473, 21.330980481009274]], [[-100.87526292678473, 21.330980481009274], [-100.8752244508527, 21.330982801084488]], [[-100.87522692707029, 21.33101885079439], [-100.8752244508527, 21.330982801084488]], [[-100.8752244508527, 21.330982801084488], [-100.87518597491872, 21.330985121150974]], [[-100.87518845112703, 21.33102117086213], [-100.87518597491872, 21.330985121150974]], [[-100.87518597491872, 21.330985121150974], [-100.87514749898281, 21.330987441208737]], [[-100.87514997518184, 21.331023490921133], [-100.87514749898281, 21.330987441208737]], [[-100.87514749898281, 21.330987441208737], [-100.87510902304494, 21.330989761257772]], [[-100.8751114992347, 21.331025810971415], [-100.87510902304494, 21.330989761257772]], [[-100.87510902304494, 21.330989761257772], [-100.87507054710512, 21.330992081298074]], [[-100.87507302328561, 21.33102813101297], [-100.87507054710512, 21.330992081298074]], [[-100.87507054710512, 21.330992081298074], [-100.87503207116337, 21.330994401329658]], [[-100.87503454733458, 21.3310304510458], [-100.87503207116337, 21.330994401329658]], [[-100.87503207116337, 21.330994401329658], [-100.87499359521966, 21.330996721352516]], [[-100.8749960713816, 21.331032771069903], [-100.87499359521966, 21.330996721352516]], [[-100.87499359521966, 21.330996721352516], [-100.87495511927402, 21.33099904136665]], [[-100.87495759542668, 21.33103509108528], [-100.87495511927402, 21.33099904136665]], [[-100.87495511927402, 21.33099904136665], [-100.87491664332642, 21.33100136137205]], [[-100.87491911946981, 21.33103741109193], [-100.87491664332642, 21.33100136137205]], [[-100.87491664332642, 21.33100136137205], [-100.87487816737688, 21.331003681368728]], [[-100.87488064351099, 21.33103973108986], [-100.87487816737688, 21.331003681368728]], [[-100.87487816737688, 21.331003681368728], [-100.87483969142538, 21.33100600135668]], [[-100.87484216755023, 21.331042051079056], [-100.87483969142538, 21.33100600135668]], [[-100.87483969142538, 21.33100600135668], [-100.87480121547196, 21.33100832133591]], [[-100.87480369158752, 21.331044371059534], [-100.87480121547196, 21.33100832133591]], [[-100.87480121547196, 21.33100832133591], [-100.87476273951657, 21.331010641306417]], [[-100.87476521562286, 21.33104669103128], [-100.87476273951657, 21.331010641306417]], [[-100.87476273951657, 21.331010641306417], [-100.87472426355924, 21.33101296126819]], [[-100.87472673965627, 21.331049010994306], [-100.87472426355924, 21.33101296126819]], [[-100.87472426355924, 21.33101296126819], [-100.87468578759997, 21.33101528122124]], [[-100.87468826368772, 21.331051330948593], [-100.87468578759997, 21.33101528122124]], [[-100.87468578759997, 21.33101528122124], [-100.87464731163875, 21.331017601165563]], [[-100.87464978771722, 21.331053650894166], [-100.87464731163875, 21.331017601165563]], [[-100.87464731163875, 21.331017601165563], [-100.87460883567559, 21.331019921101152]], [[-100.87461131174479, 21.33105597083101], [-100.87460883567559, 21.331019921101152]], [[-100.87460883567559, 21.331019921101152], [-100.87457035971049, 21.331022241028034]], [[-100.87457283577041, 21.331058290759128], [-100.87457035971049, 21.331022241028034]], [[-100.87457035971049, 21.331022241028034], [-100.87453188374343, 21.331024560946176]], [[-100.87453435979408, 21.331060610678524], [-100.87453188374343, 21.331024560946176]], [[-100.87453188374343, 21.331024560946176], [-100.87449340777442, 21.3310268808556]], [[-100.8744958838158, 21.33106293058919], [-100.87449340777442, 21.3310268808556]], [[-100.87449340777442, 21.3310268808556], [-100.87445493180348, 21.33102920075629]], [[-100.87445740783558, 21.33106525049113], [-100.87445493180348, 21.33102920075629]], [[-100.87445493180348, 21.33102920075629], [-100.87441645583058, 21.331031520648253]], [[-100.87441893185343, 21.33106757038434], [-100.87441645583058, 21.331031520648253]], [[-100.87441645583058, 21.331031520648253], [-100.87437797985575, 21.331033840531497]], [[-100.87438045586931, 21.331069890268832], [-100.87437797985575, 21.331033840531497]], [[-100.87437797985575, 21.331033840531497], [-100.87433950387897, 21.331036160406015]], [[-100.87434197988325, 21.33107221014459], [-100.87433950387897, 21.331036160406015]], [[-100.87433950387897, 21.331036160406015], [-100.87430102790024, 21.331038480271804]], [[-100.87430350389525, 21.331074530011623], [-100.87430102790024, 21.331038480271804]], [[-100.87430102790024, 21.331038480271804], [-100.87426255191956, 21.331040800128868]], [[-100.8742650279053, 21.331076849869937], [-100.87426255191956, 21.331040800128868]], [[-100.87426255191956, 21.331040800128868], [-100.87422407593695, 21.3310431199772]], [[-100.87422655191341, 21.331079169719523], [-100.87422407593695, 21.3310431199772]], [[-100.87422407593695, 21.3310431199772], [-100.87418559995237, 21.33104543981682]], [[-100.87418807591956, 21.33108148956038], [-100.87418559995237, 21.33104543981682]], [[-100.87418559995237, 21.33104543981682], [-100.87414712396587, 21.331047759647706]], [[-100.87414959992378, 21.33108380939251], [-100.87414712396587, 21.331047759647706]], [[-100.87414712396587, 21.331047759647706], [-100.87410864797741, 21.33105007946986]], [[-100.87411112392606, 21.33108612921592], [-100.87410864797741, 21.33105007946986]], [[-100.87410864797741, 21.33105007946986], [-100.87407017198701, 21.331052399283298]], [[-100.87407264792638, 21.331088449030602], [-100.87407017198701, 21.331052399283298]], [[-100.87407017198701, 21.331052399283298], [-100.87403169599467, 21.331054719088005]], [[-100.87403417192476, 21.331090768836553], [-100.87403169599467, 21.331054719088005]], [[-100.87403169599467, 21.331054719088005], [-100.87399322000036, 21.33105703888399]], [[-100.8739956959212, 21.331093088633786], [-100.87399322000036, 21.33105703888399]], [[-100.87399322000036, 21.33105703888399], [-100.87395474400414, 21.33105935867124]], [[-100.87395721991568, 21.331095408422286], [-100.87395474400414, 21.33105935867124]], [[-100.87395474400414, 21.33105935867124], [-100.87391626800596, 21.331061678449778]], [[-100.87391874390822, 21.33109772820206], [-100.87391626800596, 21.331061678449778]], [[-100.87391626800596, 21.331061678449778], [-100.87387779200581, 21.331063998219577]], [[-100.87388026789881, 21.331100047973106], [-100.87387779200581, 21.331063998219577]], [[-100.87387779200581, 21.331063998219577], [-100.87383931600374, 21.331066317980657]], [[-100.87384179188747, 21.33110236773543], [-100.87383931600374, 21.331066317980657]], [[-100.87383931600374, 21.331066317980657], [-100.87380083999973, 21.331068637733004]], [[-100.87380331587418, 21.33110468748903], [-100.87380083999973, 21.331068637733004]], [[-100.87380083999973, 21.331068637733004], [-100.87376236399376, 21.331070957476637]], [[-100.87376483985895, 21.3311070072339], [-100.87376236399376, 21.331070957476637]], [[-100.87376236399376, 21.331070957476637], [-100.87372388798586, 21.331073277211534]], [[-100.87372636384175, 21.331109326970054], [-100.87372388798586, 21.331073277211534]], [[-100.87372388798586, 21.331073277211534], [-100.873685411976, 21.33107559693771]], [[-100.87368788782263, 21.33111164669747], [-100.873685411976, 21.33107559693771]], [[-100.873685411976, 21.33107559693771], [-100.87364693596419, 21.331077916655154]], [[-100.87364941180155, 21.33111396641616], [-100.87364693596419, 21.331077916655154]], [[-100.87364693596419, 21.331077916655154], [-100.87360845995045, 21.331080236363885]], [[-100.87361093577853, 21.33111628612613], [-100.87360845995045, 21.331080236363885]], [[-100.87360845995045, 21.331080236363885], [-100.87356998393476, 21.331082556063876]], [[-100.87357245975358, 21.331118605827374], [-100.87356998393476, 21.331082556063876]], [[-100.87356998393476, 21.331082556063876], [-100.87353150791712, 21.331084875755142]], [[-100.87353398372666, 21.331120925519887], [-100.87353150791712, 21.331084875755142]], [[-100.87353150791712, 21.331084875755142], [-100.87349303189755, 21.331087195437686]], [[-100.8734955076978, 21.331123245203678], [-100.87349303189755, 21.331087195437686]], [[-100.87349303189755, 21.331087195437686], [-100.87345455587601, 21.33108951511151]], [[-100.873457031667, 21.331125564878747], [-100.87345455587601, 21.33108951511151]], [[-100.87345455587601, 21.33108951511151], [-100.87341607985253, 21.331091834776597]], [[-100.87341855563426, 21.33112788454508], [-100.87341607985253, 21.331091834776597]], [[-100.87341607985253, 21.331091834776597], [-100.87337760382712, 21.331094154432968]], [[-100.87338007959957, 21.3311302042027], [-100.87337760382712, 21.331094154432968]], [[-100.87337760382712, 21.331094154432968], [-100.87333912779975, 21.33109647408061]], [[-100.87334160356293, 21.33113252385158], [-100.87333912779975, 21.33109647408061]], [[-100.87333912779975, 21.33109647408061], [-100.87330065177045, 21.331098793719526]], [[-100.87330312752434, 21.331134843491743], [-100.87330065177045, 21.331098793719526]], [[-100.87330065177045, 21.331098793719526], [-100.8732621757392, 21.3311011133497]], [[-100.87326465148382, 21.331137163123167], [-100.8732621757392, 21.3311011133497]], [[-100.8732621757392, 21.3311011133497], [-100.873223699706, 21.33110343297116]], [[-100.87322617544135, 21.331139482745883], [-100.873223699706, 21.33110343297116]], [[-100.873223699706, 21.33110343297116], [-100.87318522367086, 21.331105752583902]], [[-100.87318769939694, 21.331141802359863], [-100.87318522367086, 21.331105752583902]], [[-100.87318522367086, 21.331105752583902], [-100.87314674763377, 21.33110807218791]], [[-100.87314922335058, 21.331144121965114], [-100.87314674763377, 21.33110807218791]], [[-100.87637872796697, 21.330913195032384], [-100.87637625147315, 21.330877145359604]], [[-100.87637625147315, 21.330877145359604], [-100.87633777560683, 21.330879465686618]], [[-100.8763402520914, 21.33091551536064], [-100.87633777560683, 21.330879465686618]], [[-100.87633777560683, 21.330879465686618], [-100.87629929973858, 21.330881786004912]], [[-100.87630177621385, 21.330917835680175], [-100.87629929973858, 21.330881786004912]], [[-100.87629929973858, 21.330881786004912], [-100.87626082386836, 21.33088410631447]], [[-100.87626330033437, 21.33092015599098], [-100.87626082386836, 21.33088410631447]], [[-100.87626082386836, 21.33088410631447], [-100.87622234799622, 21.33088642661531]], [[-100.87622482445296, 21.33092247629307], [-100.87622234799622, 21.33088642661531]], [[-100.87622234799622, 21.33088642661531], [-100.87618387212211, 21.33088874690742]], [[-100.87618634856958, 21.33092479658643], [-100.87618387212211, 21.33088874690742]], [[-100.87618387212211, 21.33088874690742], [-100.87614539624607, 21.3308910671908]], [[-100.87614787268426, 21.33092711687106], [-100.87614539624607, 21.3308910671908]], [[-100.87614539624607, 21.3308910671908], [-100.87610692036807, 21.330893387465462]], [[-100.87610939679699, 21.330929437146963], [-100.87610692036807, 21.330893387465462]], [[-100.87610692036807, 21.330893387465462], [-100.87606844448814, 21.3308957077314]], [[-100.87607092090778, 21.33093175741415], [-100.87606844448814, 21.3308957077314]], [[-100.87606844448814, 21.3308957077314], [-100.87602996860625, 21.33089802798861]], [[-100.87603244501663, 21.330934077672595], [-100.87602996860625, 21.33089802798861]], [[-100.87602996860625, 21.33089802798861], [-100.87599149272242, 21.33090034823709]], [[-100.87599396912351, 21.33093639792233], [-100.87599149272242, 21.33090034823709]], [[-100.87599149272242, 21.33090034823709], [-100.87595301683665, 21.330902668476842]], [[-100.87595549322847, 21.33093871816333], [-100.87595301683665, 21.330902668476842]], [[-100.87595301683665, 21.330902668476842], [-100.87591454094891, 21.330904988707875]], [[-100.87591701733147, 21.33094103839562], [-100.87591454094891, 21.330904988707875]], [[-100.87591454094891, 21.330904988707875], [-100.87587606505924, 21.330907308930183]], [[-100.87587854143253, 21.330943358619166], [-100.87587606505924, 21.330907308930183]], [[-100.87587606505924, 21.330907308930183], [-100.87583758916763, 21.33090962914376]], [[-100.87584006553163, 21.330945678833995], [-100.87583758916763, 21.33090962914376]], [[-100.87583758916763, 21.33090962914376], [-100.87579911327407, 21.33091194934861]], [[-100.87580158962881, 21.330947999040088], [-100.87579911327407, 21.33091194934861]], [[-100.87579911327407, 21.33091194934861], [-100.87576063737856, 21.330914269544742]], [[-100.87576311372402, 21.330950319237466], [-100.87576063737856, 21.330914269544742]], [[-100.87576063737856, 21.330914269544742], [-100.87572216148111, 21.33091658973214]], [[-100.87572463781729, 21.33095263942611], [-100.87572216148111, 21.33091658973214]], [[-100.87572216148111, 21.33091658973214], [-100.8756836855817, 21.330918909910814]], [[-100.87568616190862, 21.33095495960603], [-100.8756836855817, 21.330918909910814]], [[-100.8756836855817, 21.330918909910814], [-100.87564520968034, 21.330921230080765]], [[-100.87564768599799, 21.330957279777227], [-100.87564520968034, 21.330921230080765]], [[-100.87564520968034, 21.330921230080765], [-100.87560673377706, 21.330923550241987]], [[-100.87560921008541, 21.3309595999397], [-100.87560673377706, 21.330923550241987]], [[-100.87560673377706, 21.330923550241987], [-100.87556825787182, 21.330925870394488]], [[-100.8755707341709, 21.330961920093443], [-100.87556825787182, 21.330925870394488]], [[-100.87556825787182, 21.330925870394488], [-100.87552978196464, 21.33092819053826]], [[-100.87553225825445, 21.330964240238462], [-100.87552978196464, 21.33092819053826]], [[-100.87552978196464, 21.33092819053826], [-100.8754913060555, 21.330930510673305]], [[-100.87549378233605, 21.33096656037476], [-100.8754913060555, 21.330930510673305]], [[-100.8754913060555, 21.330930510673305], [-100.87545283014443, 21.33093283079963]], [[-100.8754553064157, 21.330968880502322], [-100.87545283014443, 21.33093283079963]], [[-100.87545283014443, 21.33093283079963], [-100.8754143542314, 21.33093515091722]], [[-100.87541683049339, 21.330971200621168], [-100.8754143542314, 21.33093515091722]], [[-100.8754143542314, 21.33093515091722], [-100.87537587831643, 21.330937471026097]], [[-100.87537835456914, 21.33097352073128], [-100.87537587831643, 21.330937471026097]], [[-100.87537587831643, 21.330937471026097], [-100.87533740239951, 21.330939791126234]], [[-100.87533987864295, 21.330975840832675], [-100.87533740239951, 21.330939791126234]], [[-100.87533740239951, 21.330939791126234], [-100.87529892648064, 21.330942111217652]], [[-100.87530140271481, 21.330978160925337], [-100.87529892648064, 21.330942111217652]], [[-100.87529892648064, 21.330942111217652], [-100.87526045055982, 21.330944431300342]], [[-100.87526292678473, 21.330980481009274], [-100.87526045055982, 21.330944431300342]], [[-100.87526045055982, 21.330944431300342], [-100.87522197463707, 21.33094675137431]], [[-100.8752244508527, 21.330982801084488], [-100.87522197463707, 21.33094675137431]], [[-100.87522197463707, 21.33094675137431], [-100.87518349871237, 21.330949071439544]], [[-100.87518597491872, 21.330985121150974], [-100.87518349871237, 21.330949071439544]], [[-100.87518349871237, 21.330949071439544], [-100.87514502278572, 21.330951391496058]], [[-100.87514749898281, 21.330987441208737], [-100.87514502278572, 21.330951391496058]], [[-100.87514502278572, 21.330951391496058], [-100.87510654685714, 21.33095371154385]], [[-100.87510902304494, 21.330989761257772], [-100.87510654685714, 21.33095371154385]], [[-100.87510654685714, 21.33095371154385], [-100.8750680709266, 21.330956031582907]], [[-100.87507054710512, 21.330992081298074], [-100.8750680709266, 21.330956031582907]], [[-100.8750680709266, 21.330956031582907], [-100.8750295949941, 21.330958351613244]], [[-100.87503207116337, 21.330994401329658], [-100.8750295949941, 21.330958351613244]], [[-100.8750295949941, 21.330958351613244], [-100.87499111905967, 21.330960671634855]], [[-100.87499359521966, 21.330996721352516], [-100.87499111905967, 21.330960671634855]], [[-100.87499111905967, 21.330960671634855], [-100.8749526431233, 21.33096299164774]], [[-100.87495511927402, 21.33099904136665], [-100.8749526431233, 21.33096299164774]], [[-100.8749526431233, 21.33096299164774], [-100.87491416718498, 21.3309653116519]], [[-100.87491664332642, 21.33100136137205], [-100.87491416718498, 21.3309653116519]], [[-100.87491416718498, 21.3309653116519], [-100.87487569124471, 21.33096763164733]], [[-100.87487816737688, 21.331003681368728], [-100.87487569124471, 21.33096763164733]], [[-100.87487569124471, 21.33096763164733], [-100.87483721530249, 21.330969951634042]], [[-100.87483969142538, 21.33100600135668], [-100.87483721530249, 21.330969951634042]], [[-100.87483721530249, 21.330969951634042], [-100.87479873935833, 21.330972271612016]], [[-100.87480121547196, 21.33100832133591], [-100.87479873935833, 21.330972271612016]], [[-100.87479873935833, 21.330972271612016], [-100.87476026341221, 21.330974591581274]], [[-100.87476273951657, 21.331010641306417], [-100.87476026341221, 21.330974591581274]], [[-100.87476026341221, 21.330974591581274], [-100.87472178746417, 21.3309769115418]], [[-100.87472426355924, 21.33101296126819], [-100.87472178746417, 21.3309769115418]], [[-100.87472178746417, 21.3309769115418], [-100.87468331151418, 21.33097923149361]], [[-100.87468578759997, 21.33101528122124], [-100.87468331151418, 21.33097923149361]], [[-100.87468331151418, 21.33097923149361], [-100.87464483556222, 21.330981551436686]], [[-100.87464731163875, 21.331017601165563], [-100.87464483556222, 21.330981551436686]], [[-100.87464483556222, 21.330981551436686], [-100.87460635960834, 21.330983871371036]], [[-100.87460883567559, 21.331019921101152], [-100.87460635960834, 21.330983871371036]], [[-100.87460635960834, 21.330983871371036], [-100.8745678836525, 21.33098619129666]], [[-100.87457035971049, 21.331022241028034], [-100.8745678836525, 21.33098619129666]], [[-100.8745678836525, 21.33098619129666], [-100.87452940769472, 21.330988511213555]], [[-100.87453188374343, 21.331024560946176], [-100.87452940769472, 21.330988511213555]], [[-100.87452940769472, 21.330988511213555], [-100.874490931735, 21.33099083112173]], [[-100.87449340777442, 21.3310268808556], [-100.874490931735, 21.33099083112173]], [[-100.874490931735, 21.33099083112173], [-100.87445245577332, 21.33099315102118]], [[-100.87445493180348, 21.33102920075629], [-100.87445245577332, 21.33099315102118]], [[-100.87445245577332, 21.33099315102118], [-100.8744139798097, 21.3309954709119]], [[-100.87441645583058, 21.331031520648253], [-100.8744139798097, 21.3309954709119]], [[-100.8744139798097, 21.3309954709119], [-100.87437550384413, 21.330997790793894]], [[-100.87437797985575, 21.331033840531497], [-100.87437550384413, 21.330997790793894]], [[-100.87437550384413, 21.330997790793894], [-100.87433702787663, 21.331000110667173]], [[-100.87433950387897, 21.331036160406015], [-100.87433702787663, 21.331000110667173]], [[-100.87433702787663, 21.331000110667173], [-100.87429855190717, 21.33100243053171]], [[-100.87430102790024, 21.331038480271804], [-100.87429855190717, 21.33100243053171]], [[-100.87429855190717, 21.33100243053171], [-100.87426007593578, 21.331004750387528]], [[-100.87426255191956, 21.331040800128868], [-100.87426007593578, 21.331004750387528]], [[-100.87426007593578, 21.331004750387528], [-100.87422159996242, 21.33100707023462]], [[-100.87422407593695, 21.3310431199772], [-100.87422159996242, 21.33100707023462]], [[-100.87422159996242, 21.33100707023462], [-100.87418312398714, 21.331009390072985]], [[-100.87418559995237, 21.33104543981682], [-100.87418312398714, 21.331009390072985]], [[-100.87418312398714, 21.331009390072985], [-100.8741446480099, 21.33101170990263]], [[-100.87414712396587, 21.331047759647706], [-100.8741446480099, 21.33101170990263]], [[-100.8741446480099, 21.33101170990263], [-100.87410617203072, 21.33101402972354]], [[-100.87410864797741, 21.33105007946986], [-100.87410617203072, 21.33101402972354]], [[-100.87410617203072, 21.33101402972354], [-100.8740676960496, 21.331016349535727]], [[-100.87407017198701, 21.331052399283298], [-100.8740676960496, 21.331016349535727]], [[-100.8740676960496, 21.331016349535727], [-100.8740292200665, 21.33101866933919]], [[-100.87403169599467, 21.331054719088005], [-100.8740292200665, 21.33101866933919]], [[-100.8740292200665, 21.33101866933919], [-100.8739907440815, 21.331020989133922]], [[-100.87399322000036, 21.33105703888399], [-100.8739907440815, 21.331020989133922]], [[-100.8739907440815, 21.331020989133922], [-100.87395226809453, 21.33102330891993]], [[-100.87395474400414, 21.33105935867124], [-100.87395226809453, 21.33102330891993]], [[-100.87395226809453, 21.33102330891993], [-100.87391379210561, 21.33102562869722]], [[-100.87391626800596, 21.331061678449778], [-100.87391379210561, 21.33102562869722]], [[-100.87391379210561, 21.33102562869722], [-100.87387531611478, 21.331027948465778]], [[-100.87387779200581, 21.331063998219577], [-100.87387531611478, 21.331027948465778]], [[-100.87387531611478, 21.331027948465778], [-100.87383684012197, 21.331030268225607]], [[-100.87383931600374, 21.331066317980657], [-100.87383684012197, 21.331030268225607]], [[-100.87383684012197, 21.331030268225607], [-100.87379836412721, 21.33103258797671]], [[-100.87380083999973, 21.331068637733004], [-100.87379836412721, 21.33103258797671]], [[-100.87379836412721, 21.33103258797671], [-100.87375988813054, 21.331034907719093]], [[-100.87376236399376, 21.331070957476637], [-100.87375988813054, 21.331034907719093]], [[-100.87375988813054, 21.331034907719093], [-100.87372141213189, 21.331037227452747]], [[-100.87372388798586, 21.331073277211534], [-100.87372141213189, 21.331037227452747]], [[-100.87372141213189, 21.331037227452747], [-100.87368293613132, 21.33103954717768]], [[-100.873685411976, 21.33107559693771], [-100.87368293613132, 21.33103954717768]], [[-100.87368293613132, 21.33103954717768], [-100.87364446012879, 21.331041866893877]], [[-100.87364693596419, 21.331077916655154], [-100.87364446012879, 21.331041866893877]], [[-100.87364446012879, 21.331041866893877], [-100.87360598412431, 21.331044186601353]], [[-100.87360845995045, 21.331080236363885], [-100.87360598412431, 21.331044186601353]], [[-100.87360598412431, 21.331044186601353], [-100.87356750811789, 21.3310465063001]], [[-100.87356998393476, 21.331082556063876], [-100.87356750811789, 21.3310465063001]], [[-100.87356750811789, 21.3310465063001], [-100.87352903210953, 21.33104882599013]], [[-100.87353150791712, 21.331084875755142], [-100.87352903210953, 21.33104882599013]], [[-100.87352903210953, 21.33104882599013], [-100.87349055609923, 21.331051145671427]], [[-100.87349303189755, 21.331087195437686], [-100.87349055609923, 21.331051145671427]], [[-100.87349055609923, 21.331051145671427], [-100.87345208008698, 21.331053465344]], [[-100.87345455587601, 21.33108951511151], [-100.87345208008698, 21.331053465344]], [[-100.87345208008698, 21.331053465344], [-100.87341360407277, 21.331055785007845]], [[-100.87341607985253, 21.331091834776597], [-100.87341360407277, 21.331055785007845]], [[-100.87341360407277, 21.331055785007845], [-100.87337512805664, 21.331058104662958]], [[-100.87337760382712, 21.331094154432968], [-100.87337512805664, 21.331058104662958]], [[-100.87337512805664, 21.331058104662958], [-100.87333665203855, 21.331060424309353]], [[-100.87333912779975, 21.33109647408061], [-100.87333665203855, 21.331060424309353]], [[-100.87333665203855, 21.331060424309353], [-100.87329817601851, 21.331062743947015]], [[-100.87330065177045, 21.331098793719526], [-100.87329817601851, 21.331062743947015]], [[-100.87329817601851, 21.331062743947015], [-100.87325969999654, 21.33106506357597]], [[-100.8732621757392, 21.3311011133497], [-100.87325969999654, 21.33106506357597]], [[-100.87325969999654, 21.33106506357597], [-100.8732212239726, 21.33106738319618]], [[-100.873223699706, 21.33110343297116], [-100.8732212239726, 21.33106738319618]], [[-100.8732212239726, 21.33106738319618], [-100.87318274794674, 21.33106970280767]], [[-100.87318522367086, 21.331105752583902], [-100.87318274794674, 21.33106970280767]], [[-100.87318274794674, 21.33106970280767], [-100.87314427191893, 21.331072022410435]], [[-100.87314674763377, 21.33110807218791], [-100.87314427191893, 21.331072022410435]], [[-100.87637625147315, 21.330877145359604], [-100.87637377498125, 21.330841095686555]], [[-100.87637377498125, 21.330841095686555], [-100.87633529912422, 21.330843416012325]], [[-100.87633777560683, 21.330879465686618], [-100.87633529912422, 21.330843416012325]], [[-100.87633529912422, 21.330843416012325], [-100.87629682326522, 21.330845736329362]], [[-100.87629929973858, 21.330881786004912], [-100.87629682326522, 21.330845736329362]], [[-100.87629682326522, 21.330845736329362], [-100.87625834740429, 21.330848056637684]], [[-100.87626082386836, 21.33088410631447], [-100.87625834740429, 21.330848056637684]], [[-100.87625834740429, 21.330848056637684], [-100.87621987154142, 21.330850376937278]], [[-100.87622234799622, 21.33088642661531], [-100.87621987154142, 21.330850376937278]], [[-100.87621987154142, 21.330850376937278], [-100.87618139567658, 21.330852697228135]], [[-100.87618387212211, 21.33088874690742], [-100.87618139567658, 21.330852697228135]], [[-100.87618139567658, 21.330852697228135], [-100.87614291980982, 21.330855017510277]], [[-100.87614539624607, 21.3308910671908], [-100.87614291980982, 21.330855017510277]], [[-100.87614291980982, 21.330855017510277], [-100.8761044439411, 21.33085733778369]], [[-100.87610692036807, 21.330893387465462], [-100.8761044439411, 21.33085733778369]], [[-100.8761044439411, 21.33085733778369], [-100.87606596807044, 21.330859658048375]], [[-100.87606844448814, 21.3308957077314], [-100.87606596807044, 21.330859658048375]], [[-100.87606596807044, 21.330859658048375], [-100.87602749219782, 21.330861978304338]], [[-100.87602996860625, 21.33089802798861], [-100.87602749219782, 21.330861978304338]], [[-100.87602749219782, 21.330861978304338], [-100.87598901632327, 21.330864298551578]], [[-100.87599149272242, 21.33090034823709], [-100.87598901632327, 21.330864298551578]], [[-100.87598901632327, 21.330864298551578], [-100.87595054044677, 21.330866618790083]], [[-100.87595301683665, 21.330902668476842], [-100.87595054044677, 21.330866618790083]], [[-100.87595054044677, 21.330866618790083], [-100.87591206456831, 21.33086893901986]], [[-100.87591454094891, 21.330904988707875], [-100.87591206456831, 21.33086893901986]], [[-100.87591206456831, 21.33086893901986], [-100.87587358868791, 21.33087125924092]], [[-100.87587606505924, 21.330907308930183], [-100.87587358868791, 21.33087125924092]], [[-100.87587358868791, 21.33087125924092], [-100.87583511280558, 21.330873579453254]], [[-100.87583758916763, 21.33090962914376], [-100.87583511280558, 21.330873579453254]], [[-100.87583511280558, 21.330873579453254], [-100.87579663692128, 21.330875899656856]], [[-100.87579911327407, 21.33091194934861], [-100.87579663692128, 21.330875899656856]], [[-100.87579663692128, 21.330875899656856], [-100.87575816103505, 21.330878219851737]], [[-100.87576063737856, 21.330914269544742], [-100.87575816103505, 21.330878219851737]], [[-100.87575816103505, 21.330878219851737], [-100.87571968514686, 21.330880540037892]], [[-100.87572216148111, 21.33091658973214], [-100.87571968514686, 21.330880540037892]], [[-100.87571968514686, 21.330880540037892], [-100.87568120925674, 21.330882860215326]], [[-100.8756836855817, 21.330918909910814], [-100.87568120925674, 21.330882860215326]], [[-100.87568120925674, 21.330882860215326], [-100.87564273336466, 21.330885180384023]], [[-100.87564520968034, 21.330921230080765], [-100.87564273336466, 21.330885180384023]], [[-100.87564273336466, 21.330885180384023], [-100.87560425747064, 21.33088750054401]], [[-100.87560673377706, 21.330923550241987], [-100.87560425747064, 21.33088750054401]], [[-100.87560425747064, 21.33088750054401], [-100.87556578157468, 21.330889820695255]], [[-100.87556825787182, 21.330925870394488], [-100.87556578157468, 21.330889820695255]], [[-100.87556578157468, 21.330889820695255], [-100.87552730567675, 21.330892140837783]], [[-100.87552978196464, 21.33092819053826], [-100.87552730567675, 21.330892140837783]], [[-100.87552730567675, 21.330892140837783], [-100.8754888297769, 21.330894460971578]], [[-100.8754913060555, 21.330930510673305], [-100.8754888297769, 21.330894460971578]], [[-100.8754888297769, 21.330894460971578], [-100.8754503538751, 21.33089678109666]], [[-100.87545283014443, 21.33093283079963], [-100.8754503538751, 21.33089678109666]], [[-100.8754503538751, 21.33089678109666], [-100.87541187797135, 21.330899101213]], [[-100.8754143542314, 21.33093515091722], [-100.87541187797135, 21.330899101213]], [[-100.87541187797135, 21.330899101213], [-100.87537340206565, 21.33090142132063]], [[-100.87537587831643, 21.330937471026097], [-100.87537340206565, 21.33090142132063]], [[-100.87537340206565, 21.33090142132063], [-100.875334926158, 21.330903741419522]], [[-100.87533740239951, 21.330939791126234], [-100.875334926158, 21.330903741419522]], [[-100.875334926158, 21.330903741419522], [-100.87529645024841, 21.33090606150969]], [[-100.87529892648064, 21.330942111217652], [-100.87529645024841, 21.33090606150969]], [[-100.87529645024841, 21.33090606150969], [-100.87525797433688, 21.330908381591136]], [[-100.87526045055982, 21.330944431300342], [-100.87525797433688, 21.330908381591136]], [[-100.87525797433688, 21.330908381591136], [-100.87521949842339, 21.330910701663854]], [[-100.87522197463707, 21.33094675137431], [-100.87521949842339, 21.330910701663854]], [[-100.87521949842339, 21.330910701663854], [-100.87518102250796, 21.330913021727852]], [[-100.87518349871237, 21.330949071439544], [-100.87518102250796, 21.330913021727852]], [[-100.87518102250796, 21.330913021727852], [-100.87514254659058, 21.330915341783115]], [[-100.87514502278572, 21.330951391496058], [-100.87514254659058, 21.330915341783115]], [[-100.87514254659058, 21.330915341783115], [-100.87510407067127, 21.330917661829655]], [[-100.87510654685714, 21.33095371154385], [-100.87510407067127, 21.330917661829655]], [[-100.87510407067127, 21.330917661829655], [-100.87506559475, 21.330919981867474]], [[-100.8750680709266, 21.330956031582907], [-100.87506559475, 21.330919981867474]], [[-100.87506559475, 21.330919981867474], [-100.87502711882678, 21.330922301896564]], [[-100.8750295949941, 21.330958351613244], [-100.87502711882678, 21.330922301896564]], [[-100.87502711882678, 21.330922301896564], [-100.87498864290164, 21.330924621916928]], [[-100.87499111905967, 21.330960671634855], [-100.87498864290164, 21.330924621916928]], [[-100.87498864290164, 21.330924621916928], [-100.87495016697453, 21.330926941928567]], [[-100.8749526431233, 21.33096299164774], [-100.87495016697453, 21.330926941928567]], [[-100.87495016697453, 21.330926941928567], [-100.87491169104548, 21.330929261931477]], [[-100.87491416718498, 21.3309653116519], [-100.87491169104548, 21.330929261931477]], [[-100.87491169104548, 21.330929261931477], [-100.87487321511448, 21.330931581925658]], [[-100.87487569124471, 21.33096763164733], [-100.87487321511448, 21.330931581925658]], [[-100.87487321511448, 21.330931581925658], [-100.87483473918155, 21.33093390191112]], [[-100.87483721530249, 21.330969951634042], [-100.87483473918155, 21.33093390191112]], [[-100.87483473918155, 21.33093390191112], [-100.87479626324665, 21.33093622188786]], [[-100.87479873935833, 21.330972271612016], [-100.87479626324665, 21.33093622188786]], [[-100.87479626324665, 21.33093622188786], [-100.87475778730982, 21.330938541855865]], [[-100.87476026341221, 21.330974591581274], [-100.87475778730982, 21.330938541855865]], [[-100.87475778730982, 21.330938541855865], [-100.87471931137104, 21.330940861815147]], [[-100.87472178746417, 21.3309769115418], [-100.87471931137104, 21.330940861815147]], [[-100.87471931137104, 21.330940861815147], [-100.87468083543033, 21.3309431817657]], [[-100.87468331151418, 21.33097923149361], [-100.87468083543033, 21.3309431817657]], [[-100.87468083543033, 21.3309431817657], [-100.87464235948765, 21.330945501707536]], [[-100.87464483556222, 21.330981551436686], [-100.87464235948765, 21.330945501707536]], [[-100.87464235948765, 21.330945501707536], [-100.87460388354303, 21.33094782164063]], [[-100.87460635960834, 21.330983871371036], [-100.87460388354303, 21.33094782164063]], [[-100.87460388354303, 21.33094782164063], [-100.87456540759648, 21.330950141565015]], [[-100.8745678836525, 21.33098619129666], [-100.87456540759648, 21.330950141565015]], [[-100.87456540759648, 21.330950141565015], [-100.87452693164795, 21.33095246148067]], [[-100.87452940769472, 21.330988511213555], [-100.87452693164795, 21.33095246148067]], [[-100.87452693164795, 21.33095246148067], [-100.8744884556975, 21.330954781387604]], [[-100.874490931735, 21.33099083112173], [-100.8744884556975, 21.330954781387604]], [[-100.8744884556975, 21.330954781387604], [-100.87444997974511, 21.3309571012858]], [[-100.87445245577332, 21.33099315102118], [-100.87444997974511, 21.3309571012858]], [[-100.87444997974511, 21.3309571012858], [-100.87441150379077, 21.330959421175276]], [[-100.8744139798097, 21.3309954709119], [-100.87441150379077, 21.330959421175276]], [[-100.87441150379077, 21.330959421175276], [-100.87437302783447, 21.330961741056026]], [[-100.87437550384413, 21.330997790793894], [-100.87437302783447, 21.330961741056026]], [[-100.87437302783447, 21.330961741056026], [-100.87433455187623, 21.330964060928046]], [[-100.87433702787663, 21.331000110667173], [-100.87433455187623, 21.330964060928046]], [[-100.87433455187623, 21.330964060928046], [-100.87429607591606, 21.33096638079134]], [[-100.87429855190717, 21.33100243053171], [-100.87429607591606, 21.33096638079134]], [[-100.87429607591606, 21.33096638079134], [-100.87425759995394, 21.330968700645915]], [[-100.87426007593578, 21.331004750387528], [-100.87425759995394, 21.330968700645915]], [[-100.87425759995394, 21.330968700645915], [-100.87421912398986, 21.33097102049176]], [[-100.87422159996242, 21.33100707023462], [-100.87421912398986, 21.33097102049176]], [[-100.87421912398986, 21.33097102049176], [-100.87418064802384, 21.330973340328885]], [[-100.87418312398714, 21.331009390072985], [-100.87418064802384, 21.330973340328885]], [[-100.87418064802384, 21.330973340328885], [-100.87414217205587, 21.330975660157275]], [[-100.8741446480099, 21.33101170990263], [-100.87414217205587, 21.330975660157275]], [[-100.87414217205587, 21.330975660157275], [-100.87410369608597, 21.330977979976943]], [[-100.87410617203072, 21.33101402972354], [-100.87410369608597, 21.330977979976943]], [[-100.87410369608597, 21.330977979976943], [-100.8740652201141, 21.33098029978788]], [[-100.8740676960496, 21.331016349535727], [-100.8740652201141, 21.33098029978788]], [[-100.8740652201141, 21.33098029978788], [-100.87402674414031, 21.3309826195901]], [[-100.8740292200665, 21.33101866933919], [-100.87402674414031, 21.3309826195901]], [[-100.87402674414031, 21.3309826195901], [-100.87398826816457, 21.33098493938359]], [[-100.8739907440815, 21.331020989133922], [-100.87398826816457, 21.33098493938359]], [[-100.87398826816457, 21.33098493938359], [-100.87394979218688, 21.33098725916835]], [[-100.87395226809453, 21.33102330891993], [-100.87394979218688, 21.33098725916835]], [[-100.87394979218688, 21.33098725916835], [-100.87391131620724, 21.330989578944394]], [[-100.87391379210561, 21.33102562869722], [-100.87391131620724, 21.330989578944394]], [[-100.87391131620724, 21.330989578944394], [-100.87387284022566, 21.3309918987117]], [[-100.87387531611478, 21.331027948465778], [-100.87387284022566, 21.3309918987117]], [[-100.87387284022566, 21.3309918987117], [-100.87383436424213, 21.330994218470288]], [[-100.87383684012197, 21.331030268225607], [-100.87383436424213, 21.330994218470288]], [[-100.87383436424213, 21.330994218470288], [-100.87379588825667, 21.330996538220145]], [[-100.87379836412721, 21.33103258797671], [-100.87379588825667, 21.330996538220145]], [[-100.87379588825667, 21.330996538220145], [-100.87375741226924, 21.330998857961283]], [[-100.87375988813054, 21.331034907719093], [-100.87375741226924, 21.330998857961283]], [[-100.87375741226924, 21.330998857961283], [-100.87371893627987, 21.33100117769369]], [[-100.87372141213189, 21.331037227452747], [-100.87371893627987, 21.33100117769369]], [[-100.87371893627987, 21.33100117769369], [-100.87368046028857, 21.33100349741737]], [[-100.87368293613132, 21.33103954717768], [-100.87368046028857, 21.33100349741737]], [[-100.87368046028857, 21.33100349741737], [-100.87364198429532, 21.33100581713233]], [[-100.87364446012879, 21.331041866893877], [-100.87364198429532, 21.33100581713233]], [[-100.87364198429532, 21.33100581713233], [-100.87360350830012, 21.33100813683856]], [[-100.87360598412431, 21.331044186601353], [-100.87360350830012, 21.33100813683856]], [[-100.87360350830012, 21.33100813683856], [-100.87356503230298, 21.33101045653606]], [[-100.87356750811789, 21.3310465063001], [-100.87356503230298, 21.33101045653606]], [[-100.87356503230298, 21.33101045653606], [-100.87352655630389, 21.33101277622484]], [[-100.87352903210953, 21.33104882599013], [-100.87352655630389, 21.33101277622484]], [[-100.87352655630389, 21.33101277622484], [-100.87348808030285, 21.331015095904892]], [[-100.87349055609923, 21.331051145671427], [-100.87348808030285, 21.331015095904892]], [[-100.87348808030285, 21.331015095904892], [-100.87344960429988, 21.331017415576213]], [[-100.87345208008698, 21.331053465344], [-100.87344960429988, 21.331017415576213]], [[-100.87344960429988, 21.331017415576213], [-100.87341112829495, 21.33101973523881]], [[-100.87341360407277, 21.331055785007845], [-100.87341112829495, 21.33101973523881]], [[-100.87341112829495, 21.33101973523881], [-100.87337265228807, 21.331022054892692]], [[-100.87337512805664, 21.331058104662958], [-100.87337265228807, 21.331022054892692]], [[-100.87337265228807, 21.331022054892692], [-100.87333417627927, 21.331024374537837]], [[-100.87333665203855, 21.331060424309353], [-100.87333417627927, 21.331024374537837]], [[-100.87333417627927, 21.331024374537837], [-100.8732957002685, 21.33102669417426]], [[-100.87329817601851, 21.331062743947015], [-100.8732957002685, 21.33102669417426]], [[-100.8732957002685, 21.33102669417426], [-100.8732572242558, 21.33102901380196]], [[-100.87325969999654, 21.33106506357597], [-100.8732572242558, 21.33102901380196]], [[-100.8732572242558, 21.33102901380196], [-100.87321874824114, 21.33103133342093]], [[-100.8732212239726, 21.33106738319618], [-100.87321874824114, 21.33103133342093]], [[-100.87321874824114, 21.33103133342093], [-100.87318027222456, 21.33103365303117]], [[-100.87318274794674, 21.33106970280767], [-100.87318027222456, 21.33103365303117]], [[-100.87318027222456, 21.33103365303117], [-100.87314179620601, 21.33103597263269]], [[-100.87314427191893, 21.331072022410435], [-100.87314179620601, 21.33103597263269]], [[-100.87641225083635, 21.330838775352067], [-100.87637377498125, 21.330841095686555]], [[-100.87641225083635, 21.330838775352067], [-100.87640977433712, 21.330802725679998]], [[-100.87640977433712, 21.330802725679998], [-100.87637129849132, 21.330805046013246]], [[-100.87637377498125, 21.330841095686555], [-100.87637129849132, 21.330805046013246]], [[-100.87637129849132, 21.330805046013246], [-100.87633282264355, 21.330807366337766]], [[-100.87633529912422, 21.330843416012325], [-100.87633282264355, 21.330807366337766]], [[-100.87633282264355, 21.330807366337766], [-100.87629434679383, 21.330809686653563]], [[-100.87629682326522, 21.330845736329362], [-100.87629434679383, 21.330809686653563]], [[-100.87629434679383, 21.330809686653563], [-100.87625587094217, 21.330812006960628]], [[-100.87625834740429, 21.330848056637684], [-100.87625587094217, 21.330812006960628]], [[-100.87625587094217, 21.330812006960628], [-100.87621739508856, 21.33081432725897]], [[-100.87621987154142, 21.330850376937278], [-100.87621739508856, 21.33081432725897]], [[-100.87621739508856, 21.33081432725897], [-100.87617891923301, 21.330816647548588]], [[-100.87618139567658, 21.330852697228135], [-100.87617891923301, 21.330816647548588]], [[-100.87617891923301, 21.330816647548588], [-100.87614044337552, 21.33081896782948]], [[-100.87614291980982, 21.330855017510277], [-100.87614044337552, 21.33081896782948]], [[-100.87614044337552, 21.33081896782948], [-100.87610196751606, 21.33082128810165]], [[-100.8761044439411, 21.33085733778369], [-100.87610196751606, 21.33082128810165]], [[-100.87610196751606, 21.33082128810165], [-100.87606349165469, 21.33082360836508]], [[-100.87606596807044, 21.330859658048375], [-100.87606349165469, 21.33082360836508]], [[-100.87606349165469, 21.33082360836508], [-100.87602501579134, 21.3308259286198]], [[-100.87602749219782, 21.330861978304338], [-100.87602501579134, 21.3308259286198]], [[-100.87602501579134, 21.3308259286198], [-100.87598653992606, 21.330828248865785]], [[-100.87598901632327, 21.330864298551578], [-100.87598653992606, 21.330828248865785]], [[-100.87598653992606, 21.330828248865785], [-100.87594806405883, 21.330830569103043]], [[-100.87595054044677, 21.330866618790083], [-100.87594806405883, 21.330830569103043]], [[-100.87594806405883, 21.330830569103043], [-100.87590958818966, 21.330832889331578]], [[-100.87591206456831, 21.33086893901986], [-100.87590958818966, 21.330832889331578]], [[-100.87590958818966, 21.330832889331578], [-100.87587111231853, 21.330835209551395]], [[-100.87587358868791, 21.33087125924092], [-100.87587111231853, 21.330835209551395]], [[-100.87587111231853, 21.330835209551395], [-100.87583263644547, 21.33083752976248]], [[-100.87583511280558, 21.330873579453254], [-100.87583263644547, 21.33083752976248]], [[-100.87583263644547, 21.33083752976248], [-100.87579416057044, 21.33083984996484]], [[-100.87579663692128, 21.330875899656856], [-100.87579416057044, 21.33083984996484]], [[-100.87579416057044, 21.33083984996484], [-100.87575568469349, 21.330842170158476]], [[-100.87575816103505, 21.330878219851737], [-100.87575568469349, 21.330842170158476]], [[-100.87575568469349, 21.330842170158476], [-100.87571720881456, 21.330844490343377]], [[-100.87571968514686, 21.330880540037892], [-100.87571720881456, 21.330844490343377]], [[-100.87571720881456, 21.330844490343377], [-100.87567873293372, 21.330846810519564]], [[-100.87568120925674, 21.330882860215326], [-100.87567873293372, 21.330846810519564]], [[-100.87567873293372, 21.330846810519564], [-100.87564025705092, 21.330849130687017]], [[-100.87564273336466, 21.330885180384023], [-100.87564025705092, 21.330849130687017]], [[-100.87564025705092, 21.330849130687017], [-100.87560178116617, 21.330851450845753]], [[-100.87560425747064, 21.33088750054401], [-100.87560178116617, 21.330851450845753]], [[-100.87560178116617, 21.330851450845753], [-100.87556330527947, 21.330853770995752]], [[-100.87556578157468, 21.330889820695255], [-100.87556330527947, 21.330853770995752]], [[-100.87556330527947, 21.330853770995752], [-100.87552482939084, 21.330856091137036]], [[-100.87552730567675, 21.330892140837783], [-100.87552482939084, 21.330856091137036]], [[-100.87552482939084, 21.330856091137036], [-100.87548635350024, 21.33085841126959]], [[-100.8754888297769, 21.330894460971578], [-100.87548635350024, 21.33085841126959]], [[-100.87548635350024, 21.33085841126959], [-100.87544787760771, 21.330860731393418]], [[-100.8754503538751, 21.33089678109666], [-100.87544787760771, 21.330860731393418]], [[-100.87544787760771, 21.330860731393418], [-100.87540940171324, 21.330863051508512]], [[-100.87541187797135, 21.330899101213], [-100.87540940171324, 21.330863051508512]], [[-100.87540940171324, 21.330863051508512], [-100.87537092581681, 21.33086537161489]], [[-100.87537340206565, 21.33090142132063], [-100.87537092581681, 21.33086537161489]], [[-100.87537092581681, 21.33086537161489], [-100.87533244991845, 21.330867691712534]], [[-100.875334926158, 21.330903741419522], [-100.87533244991845, 21.330867691712534]], [[-100.87533244991845, 21.330867691712534], [-100.87529397401812, 21.330870011801462]], [[-100.87529645024841, 21.33090606150969], [-100.87529397401812, 21.330870011801462]], [[-100.87529397401812, 21.330870011801462], [-100.87525549811586, 21.330872331881665]], [[-100.87525797433688, 21.330908381591136], [-100.87525549811586, 21.330872331881665]], [[-100.87525549811586, 21.330872331881665], [-100.87521702221164, 21.330874651953135]], [[-100.87521949842339, 21.330910701663854], [-100.87521702221164, 21.330874651953135]], [[-100.87521702221164, 21.330874651953135], [-100.87517854630549, 21.330876972015876]], [[-100.87518102250796, 21.330913021727852], [-100.87517854630549, 21.330876972015876]], [[-100.87517854630549, 21.330876972015876], [-100.87514007039739, 21.330879292069902]], [[-100.87514254659058, 21.330915341783115], [-100.87514007039739, 21.330879292069902]], [[-100.87514007039739, 21.330879292069902], [-100.87510159448735, 21.330881612115196]], [[-100.87510407067127, 21.330917661829655], [-100.87510159448735, 21.330881612115196]], [[-100.87510159448735, 21.330881612115196], [-100.87506311857535, 21.330883932151764]], [[-100.87506559475, 21.330919981867474], [-100.87506311857535, 21.330883932151764]], [[-100.87506311857535, 21.330883932151764], [-100.87502464266142, 21.330886252179607]], [[-100.87502711882678, 21.330922301896564], [-100.87502464266142, 21.330886252179607]], [[-100.87502464266142, 21.330886252179607], [-100.87498616674553, 21.330888572198724]], [[-100.87498864290164, 21.330924621916928], [-100.87498616674553, 21.330888572198724]], [[-100.87498616674553, 21.330888572198724], [-100.8749476908277, 21.33089089220912]], [[-100.87495016697453, 21.330926941928567], [-100.8749476908277, 21.33089089220912]], [[-100.8749476908277, 21.33089089220912], [-100.87490921490793, 21.330893212210785]], [[-100.87491169104548, 21.330929261931477], [-100.87490921490793, 21.330893212210785]], [[-100.87490921490793, 21.330893212210785], [-100.87487073898622, 21.330895532203723]], [[-100.87487321511448, 21.330931581925658], [-100.87487073898622, 21.330895532203723]], [[-100.87487073898622, 21.330895532203723], [-100.87483226306254, 21.330897852187935]], [[-100.87483473918155, 21.33093390191112], [-100.87483226306254, 21.330897852187935]], [[-100.87483226306254, 21.330897852187935], [-100.87479378713692, 21.33090017216342]], [[-100.87479626324665, 21.33093622188786], [-100.87479378713692, 21.33090017216342]], [[-100.87479378713692, 21.33090017216342], [-100.87475531120937, 21.33090249213018]], [[-100.87475778730982, 21.330938541855865], [-100.87475531120937, 21.33090249213018]], [[-100.87475531120937, 21.33090249213018], [-100.87471683527986, 21.33090481208822]], [[-100.87471931137104, 21.330940861815147], [-100.87471683527986, 21.33090481208822]], [[-100.87471683527986, 21.33090481208822], [-100.87467835934841, 21.330907132037524]], [[-100.87468083543033, 21.3309431817657], [-100.87467835934841, 21.330907132037524]], [[-100.87467835934841, 21.330907132037524], [-100.87463988341501, 21.330909451978112]], [[-100.87464235948765, 21.330945501707536], [-100.87463988341501, 21.330909451978112]], [[-100.87463988341501, 21.330909451978112], [-100.87460140747967, 21.33091177190997]], [[-100.87460388354303, 21.33094782164063], [-100.87460140747967, 21.33091177190997]], [[-100.87460140747967, 21.33091177190997], [-100.87456293154237, 21.330914091833105]], [[-100.87456540759648, 21.330950141565015], [-100.87456293154237, 21.330914091833105]], [[-100.87456293154237, 21.330914091833105], [-100.87452445560315, 21.330916411747513]], [[-100.87452693164795, 21.33095246148067], [-100.87452445560315, 21.330916411747513]], [[-100.87452445560315, 21.330916411747513], [-100.87448597966197, 21.330918731653192]], [[-100.8744884556975, 21.330954781387604], [-100.87448597966197, 21.330918731653192]], [[-100.87448597966197, 21.330918731653192], [-100.87444750371884, 21.33092105155015]], [[-100.87444997974511, 21.3309571012858], [-100.87444750371884, 21.33092105155015]], [[-100.87444750371884, 21.33092105155015], [-100.87440902777378, 21.330923371438377]], [[-100.87441150379077, 21.330959421175276], [-100.87440902777378, 21.330923371438377]], [[-100.87440902777378, 21.330923371438377], [-100.87437055182676, 21.330925691317876]], [[-100.87437302783447, 21.330961741056026], [-100.87437055182676, 21.330925691317876]], [[-100.87437055182676, 21.330925691317876], [-100.8743320758778, 21.330928011188657]], [[-100.87433455187623, 21.330964060928046], [-100.8743320758778, 21.330928011188657]], [[-100.8743320758778, 21.330928011188657], [-100.87429359992689, 21.330930331050705]], [[-100.87429607591606, 21.33096638079134], [-100.87429359992689, 21.330930331050705]], [[-100.87429359992689, 21.330930331050705], [-100.87425512397402, 21.330932650904035]], [[-100.87425759995394, 21.330968700645915], [-100.87425512397402, 21.330932650904035]], [[-100.87425512397402, 21.330932650904035], [-100.87421664801923, 21.33093497074863]], [[-100.87421912398986, 21.33097102049176], [-100.87421664801923, 21.33093497074863]], [[-100.87421664801923, 21.33093497074863], [-100.87417817206249, 21.3309372905845]], [[-100.87418064802384, 21.330973340328885], [-100.87417817206249, 21.3309372905845]], [[-100.87417817206249, 21.3309372905845], [-100.8741396961038, 21.330939610411644]], [[-100.87414217205587, 21.330975660157275], [-100.8741396961038, 21.330939610411644]], [[-100.8741396961038, 21.330939610411644], [-100.87410122014316, 21.330941930230075]], [[-100.87410369608597, 21.330977979976943], [-100.87410122014316, 21.330941930230075]], [[-100.87410122014316, 21.330941930230075], [-100.87406274418058, 21.330944250039767]], [[-100.8740652201141, 21.33098029978788], [-100.87406274418058, 21.330944250039767]], [[-100.87406274418058, 21.330944250039767], [-100.87402426821606, 21.33094656984074]], [[-100.87402674414031, 21.3309826195901], [-100.87402426821606, 21.33094656984074]], [[-100.87402426821606, 21.33094656984074], [-100.87398579224958, 21.33094888963298]], [[-100.87398826816457, 21.33098493938359], [-100.87398579224958, 21.33094888963298]], [[-100.87398579224958, 21.33094888963298], [-100.87394731628117, 21.330951209416497]], [[-100.87394979218688, 21.33098725916835], [-100.87394731628117, 21.330951209416497]], [[-100.87394731628117, 21.330951209416497], [-100.8739088403108, 21.33095352919129]], [[-100.87391131620724, 21.330989578944394], [-100.8739088403108, 21.33095352919129]], [[-100.8739088403108, 21.33095352919129], [-100.8738703643385, 21.33095584895736]], [[-100.87387284022566, 21.3309918987117], [-100.8738703643385, 21.33095584895736]], [[-100.8738703643385, 21.33095584895736], [-100.87383188836425, 21.330958168714695]], [[-100.87383436424213, 21.330994218470288], [-100.87383188836425, 21.330958168714695]], [[-100.87383188836425, 21.330958168714695], [-100.87379341238804, 21.33096048846331]], [[-100.87379588825667, 21.330996538220145], [-100.87379341238804, 21.33096048846331]], [[-100.87379341238804, 21.33096048846331], [-100.8737549364099, 21.3309628082032]], [[-100.87375741226924, 21.330998857961283], [-100.8737549364099, 21.3309628082032]], [[-100.8737549364099, 21.3309628082032], [-100.87371646042982, 21.330965127934363]], [[-100.87371893627987, 21.33100117769369], [-100.87371646042982, 21.330965127934363]], [[-100.87371646042982, 21.330965127934363], [-100.87367798444777, 21.330967447656796]], [[-100.87368046028857, 21.33100349741737], [-100.87367798444777, 21.330967447656796]], [[-100.87367798444777, 21.330967447656796], [-100.8736395084638, 21.330969767370508]], [[-100.87364198429532, 21.33100581713233], [-100.8736395084638, 21.330969767370508]], [[-100.8736395084638, 21.330969767370508], [-100.87360103247786, 21.33097208707549]], [[-100.87360350830012, 21.33100813683856], [-100.87360103247786, 21.33097208707549]], [[-100.87360103247786, 21.33097208707549], [-100.87356255649, 21.330974406771745]], [[-100.87356503230298, 21.33101045653606], [-100.87356255649, 21.330974406771745]], [[-100.87356255649, 21.330974406771745], [-100.87352408050019, 21.330976726459276]], [[-100.87352655630389, 21.33101277622484], [-100.87352408050019, 21.330976726459276]], [[-100.87352408050019, 21.330976726459276], [-100.87348560450842, 21.330979046138086]], [[-100.87348808030285, 21.331015095904892], [-100.87348560450842, 21.330979046138086]], [[-100.87348560450842, 21.330979046138086], [-100.87344712851471, 21.330981365808167]], [[-100.87344960429988, 21.331017415576213], [-100.87344712851471, 21.330981365808167]], [[-100.87344712851471, 21.330981365808167], [-100.87340865251907, 21.33098368546952]], [[-100.87341112829495, 21.33101973523881], [-100.87340865251907, 21.33098368546952]], [[-100.87340865251907, 21.33098368546952], [-100.87337017652148, 21.330986005122153]], [[-100.87337265228807, 21.331022054892692], [-100.87337017652148, 21.330986005122153]], [[-100.87337017652148, 21.330986005122153], [-100.87333170052193, 21.330988324766043]], [[-100.87333417627927, 21.331024374537837], [-100.87333170052193, 21.330988324766043]], [[-100.87333170052193, 21.330988324766043], [-100.87329322452045, 21.33099064440123]], [[-100.8732957002685, 21.33102669417426], [-100.87329322452045, 21.33099064440123]], [[-100.87329322452045, 21.33099064440123], [-100.87325474851703, 21.330992964027672]], [[-100.8732572242558, 21.33102901380196], [-100.87325474851703, 21.330992964027672]], [[-100.87325474851703, 21.330992964027672], [-100.87321627251164, 21.330995283645404]], [[-100.87321874824114, 21.33103133342093], [-100.87321627251164, 21.330995283645404]], [[-100.87321627251164, 21.330995283645404], [-100.87317779650431, 21.330997603254403]], [[-100.87318027222456, 21.33103365303117], [-100.87317779650431, 21.330997603254403]], [[-100.87640977433712, 21.330802725679998], [-100.87640729783986, 21.330766676007663]], [[-100.87640729783986, 21.330766676007663], [-100.87636882200331, 21.330768996339657]], [[-100.87637129849132, 21.330805046013246], [-100.87636882200331, 21.330768996339657]], [[-100.87636882200331, 21.330768996339657], [-100.87633034616482, 21.330771316662926]], [[-100.87633282264355, 21.330807366337766], [-100.87633034616482, 21.330771316662926]], [[-100.87633034616482, 21.330771316662926], [-100.8762918703244, 21.33077363697748]], [[-100.87629434679383, 21.330809686653563], [-100.8762918703244, 21.33077363697748]], [[-100.8762918703244, 21.33077363697748], [-100.87625339448199, 21.3307759572833]], [[-100.87625587094217, 21.330812006960628], [-100.87625339448199, 21.3307759572833]], [[-100.87625339448199, 21.3307759572833], [-100.87621491863766, 21.33077827758039]], [[-100.87621739508856, 21.33081432725897], [-100.87621491863766, 21.33077827758039]], [[-100.87621491863766, 21.33077827758039], [-100.87617644279139, 21.33078059786877]], [[-100.87617891923301, 21.330816647548588], [-100.87617644279139, 21.33078059786877]], [[-100.87617644279139, 21.33078059786877], [-100.87613796694316, 21.33078291814841]], [[-100.87614044337552, 21.33081896782948], [-100.87613796694316, 21.33078291814841]], [[-100.87613796694316, 21.33078291814841], [-100.87609949109299, 21.330785238419324]], [[-100.87610196751606, 21.33082128810165], [-100.87609949109299, 21.330785238419324]], [[-100.87609949109299, 21.330785238419324], [-100.87606101524086, 21.330787558681518]], [[-100.87606349165469, 21.33082360836508], [-100.87606101524086, 21.330787558681518]], [[-100.87606101524086, 21.330787558681518], [-100.87602253938681, 21.330789878934986]], [[-100.87602501579134, 21.3308259286198], [-100.87602253938681, 21.330789878934986]], [[-100.87602253938681, 21.330789878934986], [-100.8759840635308, 21.330792199179722]], [[-100.87598653992606, 21.330828248865785], [-100.8759840635308, 21.330792199179722]], [[-100.8759840635308, 21.330792199179722], [-100.87594558767283, 21.33079451941574]], [[-100.87594806405883, 21.330830569103043], [-100.87594558767283, 21.33079451941574]], [[-100.87594558767283, 21.33079451941574], [-100.87590711181295, 21.330796839643032]], [[-100.87590958818966, 21.330832889331578], [-100.87590711181295, 21.330796839643032]], [[-100.87590711181295, 21.330796839643032], [-100.8758686359511, 21.330799159861595]], [[-100.87587111231853, 21.330835209551395], [-100.8758686359511, 21.330799159861595]], [[-100.8758686359511, 21.330799159861595], [-100.87583016008729, 21.330801480071433]], [[-100.87583263644547, 21.33083752976248], [-100.87583016008729, 21.330801480071433]], [[-100.87583016008729, 21.330801480071433], [-100.87579168422154, 21.330803800272545]], [[-100.87579416057044, 21.33083984996484], [-100.87579168422154, 21.330803800272545]], [[-100.87579168422154, 21.330803800272545], [-100.87575320835386, 21.330806120464935]], [[-100.87575568469349, 21.330842170158476], [-100.87575320835386, 21.330806120464935]], [[-100.87575320835386, 21.330806120464935], [-100.87571473248423, 21.330808440648592]], [[-100.87571720881456, 21.330844490343377], [-100.87571473248423, 21.330808440648592]], [[-100.87571473248423, 21.330808440648592], [-100.87567625661265, 21.330810760823532]], [[-100.87567873293372, 21.330846810519564], [-100.87567625661265, 21.330810760823532]], [[-100.87567625661265, 21.330810760823532], [-100.87563778073911, 21.330813080989742]], [[-100.87564025705092, 21.330849130687017], [-100.87563778073911, 21.330813080989742]], [[-100.87563778073911, 21.330813080989742], [-100.87559930486363, 21.330815401147223]], [[-100.87560178116617, 21.330851450845753], [-100.87559930486363, 21.330815401147223]], [[-100.87559930486363, 21.330815401147223], [-100.87556082898622, 21.330817721295983]], [[-100.87556330527947, 21.330853770995752], [-100.87556082898622, 21.330817721295983]], [[-100.87556082898622, 21.330817721295983], [-100.87552235310685, 21.33082004143601]], [[-100.87552482939084, 21.330856091137036], [-100.87552235310685, 21.33082004143601]], [[-100.87552235310685, 21.33082004143601], [-100.87548387722555, 21.330822361567314]], [[-100.87548635350024, 21.33085841126959], [-100.87548387722555, 21.330822361567314]], [[-100.87548387722555, 21.330822361567314], [-100.87544540134228, 21.330824681689894]], [[-100.87544787760771, 21.330860731393418], [-100.87544540134228, 21.330824681689894]], [[-100.87544540134228, 21.330824681689894], [-100.87540692545707, 21.330827001803755]], [[-100.87540940171324, 21.330863051508512], [-100.87540692545707, 21.330827001803755]], [[-100.87540692545707, 21.330827001803755], [-100.87536844956993, 21.330829321908883]], [[-100.87537092581681, 21.33086537161489], [-100.87536844956993, 21.330829321908883]], [[-100.87536844956993, 21.330829321908883], [-100.87532997368082, 21.330831642005286]], [[-100.87533244991845, 21.330867691712534], [-100.87532997368082, 21.330831642005286]], [[-100.87532997368082, 21.330831642005286], [-100.87529149778979, 21.33083396209296]], [[-100.87529397401812, 21.330870011801462], [-100.87529149778979, 21.33083396209296]], [[-100.87529149778979, 21.33083396209296], [-100.8752530218968, 21.33083628217191]], [[-100.87525549811586, 21.330872331881665], [-100.8752530218968, 21.33083628217191]], [[-100.8752530218968, 21.33083628217191], [-100.87521454600186, 21.33083860224214]], [[-100.87521702221164, 21.330874651953135], [-100.87521454600186, 21.33083860224214]], [[-100.87521454600186, 21.33083860224214], [-100.87517607010498, 21.330840922303636]], [[-100.87517854630549, 21.330876972015876], [-100.87517607010498, 21.330840922303636]], [[-100.87517607010498, 21.330840922303636], [-100.87513759420615, 21.33084324235641]], [[-100.87514007039739, 21.330879292069902], [-100.87513759420615, 21.33084324235641]], [[-100.87513759420615, 21.33084324235641], [-100.87509911830539, 21.33084556240046]], [[-100.87510159448735, 21.330881612115196], [-100.87509911830539, 21.33084556240046]], [[-100.87509911830539, 21.33084556240046], [-100.87506064240266, 21.330847882435783]], [[-100.87506311857535, 21.330883932151764], [-100.87506064240266, 21.330847882435783]], [[-100.87506064240266, 21.330847882435783], [-100.875022166498, 21.33085020246238]], [[-100.87502464266142, 21.330886252179607], [-100.875022166498, 21.33085020246238]], [[-100.875022166498, 21.33085020246238], [-100.87498369059139, 21.330852522480253]], [[-100.87498616674553, 21.330888572198724], [-100.87498369059139, 21.330852522480253]], [[-100.87498369059139, 21.330852522480253], [-100.87494521468282, 21.330854842489398]], [[-100.8749476908277, 21.33089089220912], [-100.87494521468282, 21.330854842489398]], [[-100.87494521468282, 21.330854842489398], [-100.87490673877232, 21.330857162489806]], [[-100.87490921490793, 21.330893212210785], [-100.87490673877232, 21.330857162489806]], [[-100.87490673877232, 21.330857162489806], [-100.87486826285988, 21.330859482481507]], [[-100.87487073898622, 21.330895532203723], [-100.87486826285988, 21.330859482481507]], [[-100.87486826285988, 21.330859482481507], [-100.87482978694548, 21.330861802464472]], [[-100.87483226306254, 21.330897852187935], [-100.87482978694548, 21.330861802464472]], [[-100.87482978694548, 21.330861802464472], [-100.87479131102914, 21.33086412243871]], [[-100.87479378713692, 21.33090017216342], [-100.87479131102914, 21.33086412243871]], [[-100.87479131102914, 21.33086412243871], [-100.87475283511085, 21.33086644240423]], [[-100.87475531120937, 21.33090249213018], [-100.87475283511085, 21.33086644240423]], [[-100.87475283511085, 21.33086644240423], [-100.87471435919062, 21.33086876236101]], [[-100.87471683527986, 21.33090481208822], [-100.87471435919062, 21.33086876236101]], [[-100.87471435919062, 21.33086876236101], [-100.87467588326844, 21.330871082309084]], [[-100.87467835934841, 21.330907132037524], [-100.87467588326844, 21.330871082309084]], [[-100.87467588326844, 21.330871082309084], [-100.87463740734432, 21.330873402248418]], [[-100.87463988341501, 21.330909451978112], [-100.87463740734432, 21.330873402248418]], [[-100.87463740734432, 21.330873402248418], [-100.87459893141825, 21.33087572217903]], [[-100.87460140747967, 21.33091177190997], [-100.87459893141825, 21.33087572217903]], [[-100.87459893141825, 21.33087572217903], [-100.87456045549024, 21.330878042100913]], [[-100.87456293154237, 21.330914091833105], [-100.87456045549024, 21.330878042100913]], [[-100.87456045549024, 21.330878042100913], [-100.87452197956028, 21.330880362014078]], [[-100.87452445560315, 21.330916411747513], [-100.87452197956028, 21.330880362014078]], [[-100.87452197956028, 21.330880362014078], [-100.87448350362837, 21.330882681918514]], [[-100.87448597966197, 21.330918731653192], [-100.87448350362837, 21.330882681918514]], [[-100.87448350362837, 21.330882681918514], [-100.87444502769452, 21.330885001814217]], [[-100.87444750371884, 21.33092105155015], [-100.87444502769452, 21.330885001814217]], [[-100.87444502769452, 21.330885001814217], [-100.87440655175872, 21.33088732170121]], [[-100.87440902777378, 21.330923371438377], [-100.87440655175872, 21.33088732170121]], [[-100.87440655175872, 21.33088732170121], [-100.87436807582098, 21.330889641579457]], [[-100.87437055182676, 21.330925691317876], [-100.87436807582098, 21.330889641579457]], [[-100.87436807582098, 21.330889641579457], [-100.87432959988129, 21.330891961448994]], [[-100.8743320758778, 21.330928011188657], [-100.87432959988129, 21.330891961448994]], [[-100.87432959988129, 21.330891961448994], [-100.87429112393966, 21.330894281309792]], [[-100.87429359992689, 21.330930331050705], [-100.87429112393966, 21.330894281309792]], [[-100.87429112393966, 21.330894281309792], [-100.87425264799607, 21.33089660116187]], [[-100.87425512397402, 21.330932650904035], [-100.87425264799607, 21.33089660116187]], [[-100.87425264799607, 21.33089660116187], [-100.87421417205054, 21.33089892100523]], [[-100.87421664801923, 21.33093497074863], [-100.87421417205054, 21.33089892100523]], [[-100.87421417205054, 21.33089892100523], [-100.87417569610308, 21.330901240839854]], [[-100.87417817206249, 21.3309372905845], [-100.87417569610308, 21.330901240839854]], [[-100.87417569610308, 21.330901240839854], [-100.87413722015367, 21.33090356066576]], [[-100.8741396961038, 21.330939610411644], [-100.87413722015367, 21.33090356066576]], [[-100.87413722015367, 21.33090356066576], [-100.8740987442023, 21.33090588048293]], [[-100.87410122014316, 21.330941930230075], [-100.8740987442023, 21.33090588048293]], [[-100.8740987442023, 21.33090588048293], [-100.874060268249, 21.330908200291383]], [[-100.87406274418058, 21.330944250039767], [-100.874060268249, 21.330908200291383]], [[-100.874060268249, 21.330908200291383], [-100.87402179229375, 21.330910520091102]], [[-100.87402426821606, 21.33094656984074], [-100.87402179229375, 21.330910520091102]], [[-100.87402179229375, 21.330910520091102], [-100.87398331633653, 21.330912839882103]], [[-100.87398579224958, 21.33094888963298], [-100.87398331633653, 21.330912839882103]], [[-100.87398331633653, 21.330912839882103], [-100.8739448403774, 21.33091515966438]], [[-100.87394731628117, 21.330951209416497], [-100.8739448403774, 21.33091515966438]], [[-100.8739448403774, 21.33091515966438], [-100.87390636441631, 21.330917479437918]], [[-100.8739088403108, 21.33095352919129], [-100.87390636441631, 21.330917479437918]], [[-100.87390636441631, 21.330917479437918], [-100.87386788845328, 21.330919799202746]], [[-100.8738703643385, 21.33095584895736], [-100.87386788845328, 21.330919799202746]], [[-100.87386788845328, 21.330919799202746], [-100.87382941248829, 21.330922118958835]], [[-100.87383188836425, 21.330958168714695], [-100.87382941248829, 21.330922118958835]], [[-100.87382941248829, 21.330922118958835], [-100.87379093652137, 21.330924438706205]], [[-100.87379341238804, 21.33096048846331], [-100.87379093652137, 21.330924438706205]], [[-100.87379093652137, 21.330924438706205], [-100.8737524605525, 21.330926758444843]], [[-100.8737549364099, 21.3309628082032], [-100.8737524605525, 21.330926758444843]], [[-100.8737524605525, 21.330926758444843], [-100.87371398458168, 21.330929078174762]], [[-100.87371646042982, 21.330965127934363], [-100.87371398458168, 21.330929078174762]], [[-100.87371398458168, 21.330929078174762], [-100.87367550860893, 21.33093139789595]], [[-100.87367798444777, 21.330967447656796], [-100.87367550860893, 21.33093139789595]], [[-100.87367550860893, 21.33093139789595], [-100.87363703263422, 21.33093371760841]], [[-100.8736395084638, 21.330969767370508], [-100.87363703263422, 21.33093371760841]], [[-100.87363703263422, 21.33093371760841], [-100.87359855665757, 21.330936037312153]], [[-100.87360103247786, 21.33097208707549], [-100.87359855665757, 21.330936037312153]], [[-100.87359855665757, 21.330936037312153], [-100.87356008067897, 21.33093835700716]], [[-100.87356255649, 21.330974406771745], [-100.87356008067897, 21.33093835700716]], [[-100.87356008067897, 21.33093835700716], [-100.87352160469842, 21.330940676693448]], [[-100.87352408050019, 21.330976726459276], [-100.87352160469842, 21.330940676693448]], [[-100.87352160469842, 21.330940676693448], [-100.87348312871595, 21.330942996371007]], [[-100.87348560450842, 21.330979046138086], [-100.87348312871595, 21.330942996371007]], [[-100.87348312871595, 21.330942996371007], [-100.87344465273151, 21.330945316039845]], [[-100.87344712851471, 21.330981365808167], [-100.87344465273151, 21.330945316039845]], [[-100.87344465273151, 21.330945316039845], [-100.87340617674514, 21.33094763569995]], [[-100.87340865251907, 21.33098368546952], [-100.87340617674514, 21.33094763569995]], [[-100.87340617674514, 21.33094763569995], [-100.8733677007568, 21.330949955351336]], [[-100.87337017652148, 21.330986005122153], [-100.8733677007568, 21.330949955351336]], [[-100.8733677007568, 21.330949955351336], [-100.87332922476655, 21.330952274993994]], [[-100.87333170052193, 21.330988324766043], [-100.87332922476655, 21.330952274993994]], [[-100.87332922476655, 21.330952274993994], [-100.87329074877432, 21.330954594627922]], [[-100.87329322452045, 21.33099064440123], [-100.87329074877432, 21.330954594627922]], [[-100.87329074877432, 21.330954594627922], [-100.87325227278018, 21.33095691425312]], [[-100.87325474851703, 21.330992964027672], [-100.87325227278018, 21.33095691425312]], [[-100.87325227278018, 21.33095691425312], [-100.87321379678407, 21.330959233869603]], [[-100.87321627251164, 21.330995283645404], [-100.87321379678407, 21.330959233869603]], [[-100.87321379678407, 21.330959233869603], [-100.87317532078603, 21.330961553477355]], [[-100.87317779650431, 21.330997603254403], [-100.87317532078603, 21.330961553477355]], [[-100.87640729783986, 21.330766676007663], [-100.87640482134454, 21.330730626335047]], [[-100.87640482134454, 21.330730626335047], [-100.87636634551727, 21.330732946665798]], [[-100.87636882200331, 21.330768996339657], [-100.87636634551727, 21.330732946665798]], [[-100.87636634551727, 21.330732946665798], [-100.87632786968805, 21.33073526698783]], [[-100.87633034616482, 21.330771316662926], [-100.87632786968805, 21.33073526698783]], [[-100.87632786968805, 21.33073526698783], [-100.87628939385688, 21.33073758730112]], [[-100.8762918703244, 21.33077363697748], [-100.87628939385688, 21.33073758730112]], [[-100.87628939385688, 21.33073758730112], [-100.87625091802377, 21.330739907605704]], [[-100.87625339448199, 21.3307759572833], [-100.87625091802377, 21.330739907605704]], [[-100.87625091802377, 21.330739907605704], [-100.8762124421887, 21.33074222790154]], [[-100.87621491863766, 21.33077827758039], [-100.8762124421887, 21.33074222790154]], [[-100.8762124421887, 21.33074222790154], [-100.87617396635171, 21.33074454818866]], [[-100.87617644279139, 21.33078059786877], [-100.87617396635171, 21.33074454818866]], [[-100.87617396635171, 21.33074454818866], [-100.87613549051275, 21.330746868467063]], [[-100.87613796694316, 21.33078291814841], [-100.87613549051275, 21.330746868467063]], [[-100.87613549051275, 21.330746868467063], [-100.87609701467186, 21.33074918873674]], [[-100.87609949109299, 21.330785238419324], [-100.87609701467186, 21.33074918873674]], [[-100.87609701467186, 21.33074918873674], [-100.87605853882901, 21.33075150899768]], [[-100.87606101524086, 21.330787558681518], [-100.87605853882901, 21.33075150899768]], [[-100.87605853882901, 21.33075150899768], [-100.87602006298421, 21.330753829249897]], [[-100.87602253938681, 21.330789878934986], [-100.87602006298421, 21.330753829249897]], [[-100.87602006298421, 21.330753829249897], [-100.87598158713749, 21.330756149493396]], [[-100.8759840635308, 21.330792199179722], [-100.87598158713749, 21.330756149493396]], [[-100.87598158713749, 21.330756149493396], [-100.8759431112888, 21.330758469728167]], [[-100.87594558767283, 21.33079451941574], [-100.8759431112888, 21.330758469728167]], [[-100.8759431112888, 21.330758469728167], [-100.87590463543818, 21.330760789954205]], [[-100.87590711181295, 21.330796839643032], [-100.87590463543818, 21.330760789954205]], [[-100.87590463543818, 21.330760789954205], [-100.87586615958558, 21.330763110171524]], [[-100.8758686359511, 21.330799159861595], [-100.87586615958558, 21.330763110171524]], [[-100.87586615958558, 21.330763110171524], [-100.87582768373106, 21.330765430380115]], [[-100.87583016008729, 21.330801480071433], [-100.87582768373106, 21.330765430380115]], [[-100.87582768373106, 21.330765430380115], [-100.8757892078746, 21.330767750579987]], [[-100.87579168422154, 21.330803800272545], [-100.8757892078746, 21.330767750579987]], [[-100.8757892078746, 21.330767750579987], [-100.87575073201619, 21.330770070771123]], [[-100.87575320835386, 21.330806120464935], [-100.87575073201619, 21.330770070771123]], [[-100.87575073201619, 21.330770070771123], [-100.87571225615582, 21.330772390953538]], [[-100.87571473248423, 21.330808440648592], [-100.87571225615582, 21.330772390953538]], [[-100.87571225615582, 21.330772390953538], [-100.87567378029352, 21.330774711127226]], [[-100.87567625661265, 21.330810760823532], [-100.87567378029352, 21.330774711127226]], [[-100.87567378029352, 21.330774711127226], [-100.87563530442927, 21.33077703129219]], [[-100.87563778073911, 21.330813080989742], [-100.87563530442927, 21.33077703129219]], [[-100.87563530442927, 21.33077703129219], [-100.87559682856306, 21.330779351448417]], [[-100.87559930486363, 21.330815401147223], [-100.87559682856306, 21.330779351448417]], [[-100.87559682856306, 21.330779351448417], [-100.87555835269492, 21.33078167159593]], [[-100.87556082898622, 21.330817721295983], [-100.87555835269492, 21.33078167159593]], [[-100.87555835269492, 21.33078167159593], [-100.87551987682482, 21.33078399173472]], [[-100.87552235310685, 21.33082004143601], [-100.87551987682482, 21.33078399173472]], [[-100.87551987682482, 21.33078399173472], [-100.87548140095278, 21.330786311864774]], [[-100.87548387722555, 21.330822361567314], [-100.87548140095278, 21.330786311864774]], [[-100.87548140095278, 21.330786311864774], [-100.8754429250788, 21.33078863198611]], [[-100.87544540134228, 21.330824681689894], [-100.8754429250788, 21.33078863198611]], [[-100.8754429250788, 21.33078863198611], [-100.87540444920286, 21.330790952098717]], [[-100.87540692545707, 21.330827001803755], [-100.87540444920286, 21.330790952098717]], [[-100.87540444920286, 21.330790952098717], [-100.87536597332499, 21.330793272202598]], [[-100.87536844956993, 21.330829321908883], [-100.87536597332499, 21.330793272202598]], [[-100.87536597332499, 21.330793272202598], [-100.87532749744516, 21.330795592297758]], [[-100.87532997368082, 21.330831642005286], [-100.87532749744516, 21.330795592297758]], [[-100.87532749744516, 21.330795592297758], [-100.87528902156339, 21.330797912384185]], [[-100.87529149778979, 21.33083396209296], [-100.87528902156339, 21.330797912384185]], [[-100.87528902156339, 21.330797912384185], [-100.87525054567968, 21.330800232461893]], [[-100.8752530218968, 21.33083628217191], [-100.87525054567968, 21.330800232461893]], [[-100.87525054567968, 21.330800232461893], [-100.87521206979402, 21.330802552530873]], [[-100.87521454600186, 21.33083860224214], [-100.87521206979402, 21.330802552530873]], [[-100.87521206979402, 21.330802552530873], [-100.87517359390641, 21.330804872591127]], [[-100.87517607010498, 21.330840922303636], [-100.87517359390641, 21.330804872591127]], [[-100.87517359390641, 21.330804872591127], [-100.87513511801686, 21.330807192642652]], [[-100.87513759420615, 21.33084324235641], [-100.87513511801686, 21.330807192642652]], [[-100.87513511801686, 21.330807192642652], [-100.87509664212534, 21.330809512685452]], [[-100.87509911830539, 21.33084556240046], [-100.87509664212534, 21.330809512685452]], [[-100.87509664212534, 21.330809512685452], [-100.87505816623191, 21.330811832719533]], [[-100.87506064240266, 21.330847882435783], [-100.87505816623191, 21.330811832719533]], [[-100.87505816623191, 21.330811832719533], [-100.87501969033652, 21.33081415274488]], [[-100.875022166498, 21.33085020246238], [-100.87501969033652, 21.33081415274488]], [[-100.87501969033652, 21.33081415274488], [-100.87498121443917, 21.330816472761505]], [[-100.87498369059139, 21.330852522480253], [-100.87498121443917, 21.330816472761505]], [[-100.87498121443917, 21.330816472761505], [-100.8749427385399, 21.330818792769403]], [[-100.87494521468282, 21.330854842489398], [-100.8749427385399, 21.330818792769403]], [[-100.8749427385399, 21.330818792769403], [-100.87490426263867, 21.330821112768575]], [[-100.87490673877232, 21.330857162489806], [-100.87490426263867, 21.330821112768575]], [[-100.87490426263867, 21.330821112768575], [-100.87486578673548, 21.330823432759022]], [[-100.87486826285988, 21.330859482481507], [-100.87486578673548, 21.330823432759022]], [[-100.87486578673548, 21.330823432759022], [-100.87482731083037, 21.330825752740743]], [[-100.87482978694548, 21.330861802464472], [-100.87482731083037, 21.330825752740743]], [[-100.87482731083037, 21.330825752740743], [-100.8747888349233, 21.33082807271373]], [[-100.87479131102914, 21.33086412243871], [-100.8747888349233, 21.33082807271373]], [[-100.8747888349233, 21.33082807271373], [-100.8747503590143, 21.330830392678003]], [[-100.87475283511085, 21.33086644240423], [-100.8747503590143, 21.330830392678003]], [[-100.8747503590143, 21.330830392678003], [-100.87471188310333, 21.330832712633548]], [[-100.87471435919062, 21.33086876236101], [-100.87471188310333, 21.330832712633548]], [[-100.87471188310333, 21.330832712633548], [-100.87467340719043, 21.330835032580364]], [[-100.87467588326844, 21.330871082309084], [-100.87467340719043, 21.330835032580364]], [[-100.87467340719043, 21.330835032580364], [-100.87463493127558, 21.330837352518454]], [[-100.87463740734432, 21.330873402248418], [-100.87463493127558, 21.330837352518454]], [[-100.87463493127558, 21.330837352518454], [-100.87459645535878, 21.330839672447823]], [[-100.87459893141825, 21.33087572217903], [-100.87459645535878, 21.330839672447823]], [[-100.87459645535878, 21.330839672447823], [-100.87455797944004, 21.330841992368466]], [[-100.87456045549024, 21.330878042100913], [-100.87455797944004, 21.330841992368466]], [[-100.87455797944004, 21.330841992368466], [-100.87451950351935, 21.330844312280377]], [[-100.87452197956028, 21.330880362014078], [-100.87451950351935, 21.330844312280377]], [[-100.87451950351935, 21.330844312280377], [-100.87448102759673, 21.33084663218356]], [[-100.87448350362837, 21.330882681918514], [-100.87448102759673, 21.33084663218356]], [[-100.87448102759673, 21.33084663218356], [-100.87444255167213, 21.33084895207803]], [[-100.87444502769452, 21.330885001814217], [-100.87444255167213, 21.33084895207803]], [[-100.87444255167213, 21.33084895207803], [-100.87440407574562, 21.33085127196376]], [[-100.87440655175872, 21.33088732170121], [-100.87440407574562, 21.33085127196376]], [[-100.87440407574562, 21.33085127196376], [-100.87436559981715, 21.330853591840775]], [[-100.87436807582098, 21.330889641579457], [-100.87436559981715, 21.330853591840775]], [[-100.87436559981715, 21.330853591840775], [-100.87432712388673, 21.330855911709058]], [[-100.87432959988129, 21.330891961448994], [-100.87432712388673, 21.330855911709058]], [[-100.87432712388673, 21.330855911709058], [-100.87428864795437, 21.330858231568616]], [[-100.87429112393966, 21.330894281309792], [-100.87428864795437, 21.330858231568616]], [[-100.87428864795437, 21.330858231568616], [-100.87425017202007, 21.33086055141945]], [[-100.87425264799607, 21.33089660116187], [-100.87425017202007, 21.33086055141945]], [[-100.87425017202007, 21.33086055141945], [-100.87421169608382, 21.330862871261548]], [[-100.87421417205054, 21.33089892100523], [-100.87421169608382, 21.330862871261548]], [[-100.87421169608382, 21.330862871261548], [-100.87417322014561, 21.330865191094933]], [[-100.87417569610308, 21.330901240839854], [-100.87417322014561, 21.330865191094933]], [[-100.87417322014561, 21.330865191094933], [-100.87413474420548, 21.33086751091959]], [[-100.87413722015367, 21.33090356066576], [-100.87413474420548, 21.33086751091959]], [[-100.87413474420548, 21.33086751091959], [-100.87409626826339, 21.330869830735523]], [[-100.8740987442023, 21.33090588048293], [-100.87409626826339, 21.330869830735523]], [[-100.87409626826339, 21.330869830735523], [-100.87405779231936, 21.33087215054272]], [[-100.874060268249, 21.330908200291383], [-100.87405779231936, 21.33087215054272]], [[-100.87405779231936, 21.33087215054272], [-100.87401931637338, 21.3308744703412]], [[-100.87402179229375, 21.330910520091102], [-100.87401931637338, 21.3308744703412]], [[-100.87401931637338, 21.3308744703412], [-100.87398084042546, 21.33087679013095]], [[-100.87398331633653, 21.330912839882103], [-100.87398084042546, 21.33087679013095]], [[-100.87398084042546, 21.33087679013095], [-100.87394236447557, 21.330879109911983]], [[-100.8739448403774, 21.33091515966438], [-100.87394236447557, 21.330879109911983]], [[-100.87394236447557, 21.330879109911983], [-100.87390388852376, 21.330881429684275]], [[-100.87390636441631, 21.330917479437918], [-100.87390388852376, 21.330881429684275]], [[-100.87390388852376, 21.330881429684275], [-100.87386541257, 21.330883749447853]], [[-100.87386788845328, 21.330919799202746], [-100.87386541257, 21.330883749447853]], [[-100.87386541257, 21.330883749447853], [-100.8738269366143, 21.330886069202702]], [[-100.87382941248829, 21.330922118958835], [-100.8738269366143, 21.330886069202702]], [[-100.8738269366143, 21.330886069202702], [-100.87378846065664, 21.330888388948818]], [[-100.87379093652137, 21.330924438706205], [-100.87378846065664, 21.330888388948818]], [[-100.87378846065664, 21.330888388948818], [-100.87374998469704, 21.330890708686216]], [[-100.8737524605525, 21.330926758444843], [-100.87374998469704, 21.330890708686216]], [[-100.87374998469704, 21.330890708686216], [-100.87371150873551, 21.330893028414884]], [[-100.87371398458168, 21.330929078174762], [-100.87371150873551, 21.330893028414884]], [[-100.87371150873551, 21.330893028414884], [-100.87367303277202, 21.33089534813483]], [[-100.87367550860893, 21.33093139789595], [-100.87367303277202, 21.33089534813483]], [[-100.87367303277202, 21.33089534813483], [-100.87363455680659, 21.330897667846045]], [[-100.87363703263422, 21.33093371760841], [-100.87363455680659, 21.330897667846045]], [[-100.87363455680659, 21.330897667846045], [-100.8735960808392, 21.330899987548538]], [[-100.87359855665757, 21.330936037312153], [-100.8735960808392, 21.330899987548538]], [[-100.8735960808392, 21.330899987548538], [-100.87355760486989, 21.330902307242308]], [[-100.87356008067897, 21.33093835700716], [-100.87355760486989, 21.330902307242308]], [[-100.87355760486989, 21.330902307242308], [-100.87351912889862, 21.330904626927346]], [[-100.87352160469842, 21.330940676693448], [-100.87351912889862, 21.330904626927346]], [[-100.87351912889862, 21.330904626927346], [-100.87348065292541, 21.33090694660366]], [[-100.87348312871595, 21.330942996371007], [-100.87348065292541, 21.33090694660366]], [[-100.87348065292541, 21.33090694660366], [-100.87344217695025, 21.330909266271252]], [[-100.87344465273151, 21.330945316039845], [-100.87344217695025, 21.330909266271252]], [[-100.87344217695025, 21.330909266271252], [-100.87340370097316, 21.330911585930114]], [[-100.87340617674514, 21.33094763569995], [-100.87340370097316, 21.330911585930114]], [[-100.87340370097316, 21.330911585930114], [-100.8733652249941, 21.330913905580246]], [[-100.8733677007568, 21.330949955351336], [-100.8733652249941, 21.330913905580246]], [[-100.8733652249941, 21.330913905580246], [-100.8733267490131, 21.330916225221667]], [[-100.87332922476655, 21.330952274993994], [-100.8733267490131, 21.330916225221667]], [[-100.8733267490131, 21.330916225221667], [-100.87328827303017, 21.33091854485434]], [[-100.87329074877432, 21.330954594627922], [-100.87328827303017, 21.33091854485434]], [[-100.87328827303017, 21.33091854485434], [-100.87324979704528, 21.330920864478305]], [[-100.87325227278018, 21.33095691425312], [-100.87324979704528, 21.330920864478305]], [[-100.87324979704528, 21.330920864478305], [-100.87321132105846, 21.330923184093535]], [[-100.87321379678407, 21.330959233869603], [-100.87321132105846, 21.330923184093535]], [[-100.87321132105846, 21.330923184093535], [-100.87317284506967, 21.330925503700037]], [[-100.87317532078603, 21.330961553477355], [-100.87317284506967, 21.330925503700037]], [[-100.87636634551727, 21.330732946665798], [-100.87636386903317, 21.330696896991665]], [[-100.87636386903317, 21.330696896991665], [-100.87632539321322, 21.330699217312443]], [[-100.87632786968805, 21.33073526698783], [-100.87632539321322, 21.330699217312443]], [[-100.87632539321322, 21.330699217312443], [-100.87628691739133, 21.330701537624492]], [[-100.87628939385688, 21.33073758730112], [-100.87628691739133, 21.330701537624492]], [[-100.87628691739133, 21.330701537624492], [-100.87624844156748, 21.33070385792782]], [[-100.87625091802377, 21.330739907605704], [-100.87624844156748, 21.33070385792782]], [[-100.87624844156748, 21.33070385792782], [-100.87620996574171, 21.330706178222425]], [[-100.8762124421887, 21.33074222790154], [-100.87620996574171, 21.330706178222425]], [[-100.87620996574171, 21.330706178222425], [-100.87617148991397, 21.330708498508304]], [[-100.87617396635171, 21.33074454818866], [-100.87617148991397, 21.330708498508304]], [[-100.87617148991397, 21.330708498508304], [-100.8761330140843, 21.330710818785448]], [[-100.87613549051275, 21.330746868467063], [-100.8761330140843, 21.330710818785448]], [[-100.8761330140843, 21.330710818785448], [-100.87609453825267, 21.330713139053877]], [[-100.87609701467186, 21.33074918873674], [-100.87609453825267, 21.330713139053877]], [[-100.87609453825267, 21.330713139053877], [-100.8760560624191, 21.330715459313573]], [[-100.87605853882901, 21.33075150899768], [-100.8760560624191, 21.330715459313573]], [[-100.8760560624191, 21.330715459313573], [-100.87601758658357, 21.330717779564544]], [[-100.87602006298421, 21.330753829249897], [-100.87601758658357, 21.330717779564544]], [[-100.87601758658357, 21.330717779564544], [-100.87597911074612, 21.330720099806793]], [[-100.87598158713749, 21.330756149493396], [-100.87597911074612, 21.330720099806793]], [[-100.87597911074612, 21.330720099806793], [-100.8759406349067, 21.33072242004032]], [[-100.8759431112888, 21.330758469728167], [-100.8759406349067, 21.33072242004032]], [[-100.8759406349067, 21.33072242004032], [-100.87590215906535, 21.330724740265115]], [[-100.87590463543818, 21.330760789954205], [-100.87590215906535, 21.330724740265115]], [[-100.87590215906535, 21.330724740265115], [-100.87586368322205, 21.330727060481184]], [[-100.87586615958558, 21.330763110171524], [-100.87586368322205, 21.330727060481184]], [[-100.87586368322205, 21.330727060481184], [-100.87582520737679, 21.330729380688528]], [[-100.87582768373106, 21.330765430380115], [-100.87582520737679, 21.330729380688528]], [[-100.87582520737679, 21.330729380688528], [-100.8757867315296, 21.330731700887146]], [[-100.8757892078746, 21.330767750579987], [-100.8757867315296, 21.330731700887146]], [[-100.8757867315296, 21.330731700887146], [-100.87574825568045, 21.33073402107704]], [[-100.87575073201619, 21.330770070771123], [-100.87574825568045, 21.33073402107704]], [[-100.87574825568045, 21.33073402107704], [-100.87570977982936, 21.3307363412582]], [[-100.87571225615582, 21.330772390953538], [-100.87570977982936, 21.3307363412582]], [[-100.87570977982936, 21.3307363412582], [-100.87567130397635, 21.330738661430644]], [[-100.87567378029352, 21.330774711127226], [-100.87567130397635, 21.330738661430644]], [[-100.87567130397635, 21.330738661430644], [-100.87563282812135, 21.33074098159436]], [[-100.87563530442927, 21.33077703129219], [-100.87563282812135, 21.33074098159436]], [[-100.87563282812135, 21.33074098159436], [-100.87559435226443, 21.33074330174935]], [[-100.87559682856306, 21.330779351448417], [-100.87559435226443, 21.33074330174935]], [[-100.87559435226443, 21.33074330174935], [-100.87555587640554, 21.33074562189561]], [[-100.87555835269492, 21.33078167159593], [-100.87555587640554, 21.33074562189561]], [[-100.87555587640554, 21.33074562189561], [-100.87551740054474, 21.330747942033156]], [[-100.87551987682482, 21.33078399173472], [-100.87551740054474, 21.330747942033156]], [[-100.87551740054474, 21.330747942033156], [-100.87547892468197, 21.330750262161967]], [[-100.87548140095278, 21.330786311864774], [-100.87547892468197, 21.330750262161967]], [[-100.87547892468197, 21.330750262161967], [-100.87544044881724, 21.330752582282056]], [[-100.8754429250788, 21.33078863198611], [-100.87544044881724, 21.330752582282056]], [[-100.87544044881724, 21.330752582282056], [-100.8754019729506, 21.330754902393416]], [[-100.87540444920286, 21.330790952098717], [-100.8754019729506, 21.330754902393416]], [[-100.8754019729506, 21.330754902393416], [-100.87536349708199, 21.330757222496054]], [[-100.87536597332499, 21.330793272202598], [-100.87536349708199, 21.330757222496054]], [[-100.87536349708199, 21.330757222496054], [-100.87532502121145, 21.330759542589963]], [[-100.87532749744516, 21.330795592297758], [-100.87532502121145, 21.330759542589963]], [[-100.87532502121145, 21.330759542589963], [-100.87528654533895, 21.33076186267514]], [[-100.87528902156339, 21.330797912384185], [-100.87528654533895, 21.33076186267514]], [[-100.87528654533895, 21.33076186267514], [-100.8752480694645, 21.3307641827516]], [[-100.87525054567968, 21.330800232461893], [-100.8752480694645, 21.3307641827516]], [[-100.8752480694645, 21.3307641827516], [-100.87520959358811, 21.330766502819333]], [[-100.87521206979402, 21.330802552530873], [-100.87520959358811, 21.330766502819333]], [[-100.87520959358811, 21.330766502819333], [-100.87517111770978, 21.33076882287834]], [[-100.87517359390641, 21.330804872591127], [-100.87517111770978, 21.33076882287834]], [[-100.87517111770978, 21.33076882287834], [-100.8751326418295, 21.330771142928622]], [[-100.87513511801686, 21.330807192642652], [-100.8751326418295, 21.330771142928622]], [[-100.8751326418295, 21.330771142928622], [-100.87509416594727, 21.33077346297017]], [[-100.87509664212534, 21.330809512685452], [-100.87509416594727, 21.33077346297017]], [[-100.87509416594727, 21.33077346297017], [-100.8750556900631, 21.330775783003006]], [[-100.87505816623191, 21.330811832719533], [-100.8750556900631, 21.330775783003006]], [[-100.8750556900631, 21.330775783003006], [-100.87501721417699, 21.330778103027104]], [[-100.87501969033652, 21.33081415274488], [-100.87501721417699, 21.330778103027104]], [[-100.87501721417699, 21.330778103027104], [-100.87497873828892, 21.330780423042484]], [[-100.87498121443917, 21.330816472761505], [-100.87497873828892, 21.330780423042484]], [[-100.87497873828892, 21.330780423042484], [-100.87494026239891, 21.330782743049134]], [[-100.8749427385399, 21.330818792769403], [-100.87494026239891, 21.330782743049134]], [[-100.87494026239891, 21.330782743049134], [-100.87490178650695, 21.33078506304706]], [[-100.87490426263867, 21.330821112768575], [-100.87490178650695, 21.33078506304706]], [[-100.87490178650695, 21.33078506304706], [-100.87486331061305, 21.33078738303626]], [[-100.87486578673548, 21.330823432759022], [-100.87486331061305, 21.33078738303626]], [[-100.87486331061305, 21.33078738303626], [-100.8748248347172, 21.330789703016734]], [[-100.87482731083037, 21.330825752740743], [-100.8748248347172, 21.330789703016734]], [[-100.8748248347172, 21.330789703016734], [-100.8747863588194, 21.330792022988486]], [[-100.8747888349233, 21.33082807271373], [-100.8747863588194, 21.330792022988486]], [[-100.8747863588194, 21.330792022988486], [-100.87474788291966, 21.330794342951506]], [[-100.8747503590143, 21.330830392678003], [-100.87474788291966, 21.330794342951506]], [[-100.87474788291966, 21.330794342951506], [-100.87470940701799, 21.330796662905804]], [[-100.87471188310333, 21.330832712633548], [-100.87470940701799, 21.330796662905804]], [[-100.87470940701799, 21.330796662905804], [-100.87467093111435, 21.330798982851377]], [[-100.87467340719043, 21.330835032580364], [-100.87467093111435, 21.330798982851377]], [[-100.87467093111435, 21.330798982851377], [-100.87463245520878, 21.330801302788224]], [[-100.87463493127558, 21.330837352518454], [-100.87463245520878, 21.330801302788224]], [[-100.87463245520878, 21.330801302788224], [-100.87459397930127, 21.33080362271634]], [[-100.87459645535878, 21.330839672447823], [-100.87459397930127, 21.33080362271634]], [[-100.87459397930127, 21.33080362271634], [-100.87455550339179, 21.33080594263573]], [[-100.87455797944004, 21.330841992368466], [-100.87455550339179, 21.33080594263573]], [[-100.87455550339179, 21.33080594263573], [-100.87451702748038, 21.330808262546398]], [[-100.87451950351935, 21.330844312280377], [-100.87451702748038, 21.330808262546398]], [[-100.87451702748038, 21.330808262546398], [-100.87447855156702, 21.33081058244834]], [[-100.87448102759673, 21.33084663218356], [-100.87447855156702, 21.33081058244834]], [[-100.87447855156702, 21.33081058244834], [-100.87444007565172, 21.330812902341556]], [[-100.87444255167213, 21.33084895207803], [-100.87444007565172, 21.330812902341556]], [[-100.87444007565172, 21.330812902341556], [-100.87440159973445, 21.330815222226047]], [[-100.87440407574562, 21.33085127196376], [-100.87440159973445, 21.330815222226047]], [[-100.87440159973445, 21.330815222226047], [-100.87436312381526, 21.330817542101812]], [[-100.87436559981715, 21.330853591840775], [-100.87436312381526, 21.330817542101812]], [[-100.87436312381526, 21.330817542101812], [-100.87432464789413, 21.330819861968852]], [[-100.87432712388673, 21.330855911709058], [-100.87432464789413, 21.330819861968852]], [[-100.87432464789413, 21.330819861968852], [-100.87428617197104, 21.330822181827163]], [[-100.87428864795437, 21.330858231568616], [-100.87428617197104, 21.330822181827163]], [[-100.87428617197104, 21.330822181827163], [-100.87424769604601, 21.33082450167675]], [[-100.87425017202007, 21.33086055141945], [-100.87424769604601, 21.33082450167675]], [[-100.87424769604601, 21.33082450167675], [-100.87420922011903, 21.330826821517608]], [[-100.87421169608382, 21.330862871261548], [-100.87420922011903, 21.330826821517608]], [[-100.87420922011903, 21.330826821517608], [-100.8741707441901, 21.330829141349746]], [[-100.87417322014561, 21.330865191094933], [-100.8741707441901, 21.330829141349746]], [[-100.8741707441901, 21.330829141349746], [-100.87413226825923, 21.33083146117315]], [[-100.87413474420548, 21.33086751091959], [-100.87413226825923, 21.33083146117315]], [[-100.87413226825923, 21.33083146117315], [-100.87409379232642, 21.33083378098784]], [[-100.87409626826339, 21.330869830735523], [-100.87409379232642, 21.33083378098784]], [[-100.87409379232642, 21.33083378098784], [-100.87405531639166, 21.330836100793793]], [[-100.87405779231936, 21.33087215054272], [-100.87405531639166, 21.330836100793793]], [[-100.87405531639166, 21.330836100793793], [-100.87401684045496, 21.330838420591025]], [[-100.87401931637338, 21.3308744703412], [-100.87401684045496, 21.330838420591025]], [[-100.87401684045496, 21.330838420591025], [-100.8739783645163, 21.330840740379532]], [[-100.87398084042546, 21.33087679013095], [-100.8739783645163, 21.330840740379532]], [[-100.8739783645163, 21.330840740379532], [-100.8739398885757, 21.330843060159314]], [[-100.87394236447557, 21.330879109911983], [-100.8739398885757, 21.330843060159314]], [[-100.8739398885757, 21.330843060159314], [-100.87390141263316, 21.33084537993036]], [[-100.87390388852376, 21.330881429684275], [-100.87390141263316, 21.33084537993036]], [[-100.87390141263316, 21.33084537993036], [-100.87386293668867, 21.330847699692686]], [[-100.87386541257, 21.330883749447853], [-100.87386293668867, 21.330847699692686]], [[-100.87386293668867, 21.330847699692686], [-100.87382446074224, 21.330850019446288]], [[-100.8738269366143, 21.330886069202702], [-100.87382446074224, 21.330850019446288]], [[-100.87382446074224, 21.330850019446288], [-100.87378598479387, 21.330852339191164]], [[-100.87378846065664, 21.330888388948818], [-100.87378598479387, 21.330852339191164]], [[-100.87378598479387, 21.330852339191164], [-100.87374750884354, 21.330854658927315]], [[-100.87374998469704, 21.330890708686216], [-100.87374750884354, 21.330854658927315]], [[-100.87374750884354, 21.330854658927315], [-100.87370903289128, 21.33085697865474]], [[-100.87371150873551, 21.330893028414884], [-100.87370903289128, 21.33085697865474]], [[-100.87370903289128, 21.33085697865474], [-100.87367055693706, 21.330859298373436]], [[-100.87367303277202, 21.33089534813483], [-100.87367055693706, 21.330859298373436]], [[-100.87367055693706, 21.330859298373436], [-100.8736320809809, 21.330861618083414]], [[-100.87363455680659, 21.330897667846045], [-100.8736320809809, 21.330861618083414]], [[-100.8736320809809, 21.330861618083414], [-100.8735936050228, 21.330863937784656]], [[-100.8735960808392, 21.330899987548538], [-100.8735936050228, 21.330863937784656]], [[-100.8735936050228, 21.330863937784656], [-100.87355512906275, 21.33086625747718]], [[-100.87355760486989, 21.330902307242308], [-100.87355512906275, 21.33086625747718]], [[-100.87355512906275, 21.33086625747718], [-100.87351665310075, 21.330868577160974]], [[-100.87351912889862, 21.330904626927346], [-100.87351665310075, 21.330868577160974]], [[-100.87351665310075, 21.330868577160974], [-100.87347817713682, 21.330870896836043]], [[-100.87348065292541, 21.33090694660366], [-100.87347817713682, 21.330870896836043]], [[-100.87347817713682, 21.330870896836043], [-100.87343970117094, 21.33087321650238]], [[-100.87344217695025, 21.330909266271252], [-100.87343970117094, 21.33087321650238]], [[-100.87343970117094, 21.33087321650238], [-100.8734012252031, 21.33087553616]], [[-100.87340370097316, 21.330911585930114], [-100.8734012252031, 21.33087553616]], [[-100.8734012252031, 21.33087553616], [-100.87336274923332, 21.33087785580889]], [[-100.8733652249941, 21.330913905580246], [-100.87336274923332, 21.33087785580889]], [[-100.87336274923332, 21.33087785580889], [-100.8733242732616, 21.330880175449057]], [[-100.8733267490131, 21.330916225221667], [-100.8733242732616, 21.330880175449057]], [[-100.8733242732616, 21.330880175449057], [-100.87328579728795, 21.33088249508049]], [[-100.87328827303017, 21.33091854485434], [-100.87328579728795, 21.33088249508049]], [[-100.87328579728795, 21.33088249508049], [-100.87324732131233, 21.3308848147032]], [[-100.87324979704528, 21.330920864478305], [-100.87324732131233, 21.3308848147032]], [[-100.87324732131233, 21.3308848147032], [-100.87320884533479, 21.33088713431719]], [[-100.87321132105846, 21.330923184093535], [-100.87320884533479, 21.33088713431719]], [[-100.87320884533479, 21.33088713431719], [-100.87317036935526, 21.33088945392245]], [[-100.87317284506967, 21.330925503700037], [-100.87317036935526, 21.33088945392245]], [[-100.87563282812135, 21.33074098159436], [-100.8756303518154, 21.330704931896268]], [[-100.8756303518154, 21.330704931896268], [-100.87559187596774, 21.330707252050004]], [[-100.87559435226443, 21.33074330174935], [-100.87559187596774, 21.330707252050004]], [[-100.87559187596774, 21.330707252050004], [-100.87555340011814, 21.330709572195026]], [[-100.87555587640554, 21.33074562189561], [-100.87555340011814, 21.330709572195026]], [[-100.87555340011814, 21.330709572195026], [-100.87551492426658, 21.33071189233132]], [[-100.87551740054474, 21.330747942033156], [-100.87551492426658, 21.33071189233132]], [[-100.87551492426658, 21.33071189233132], [-100.8754764484131, 21.33071421245889]], [[-100.87547892468197, 21.330750262161967], [-100.8754764484131, 21.33071421245889]], [[-100.8754764484131, 21.33071421245889], [-100.87543797255766, 21.33071653257772]], [[-100.87544044881724, 21.330752582282056], [-100.87543797255766, 21.33071653257772]], [[-100.87543797255766, 21.33071653257772], [-100.87539949670028, 21.33071885268784]], [[-100.8754019729506, 21.330754902393416], [-100.87539949670028, 21.33071885268784]], [[-100.87539949670028, 21.33071885268784], [-100.87536102084094, 21.330721172789225]], [[-100.87536349708199, 21.330757222496054], [-100.87536102084094, 21.330721172789225]], [[-100.87536102084094, 21.330721172789225], [-100.87532254497967, 21.330723492881894]], [[-100.87532502121145, 21.330759542589963], [-100.87532254497967, 21.330723492881894]], [[-100.87532254497967, 21.330723492881894], [-100.87528406911645, 21.33072581296583]], [[-100.87528654533895, 21.33076186267514], [-100.87528406911645, 21.33072581296583]], [[-100.87528406911645, 21.33072581296583], [-100.87524559325128, 21.330728133041042]], [[-100.8752480694645, 21.3307641827516], [-100.87524559325128, 21.330728133041042]], [[-100.87524559325128, 21.330728133041042], [-100.87520711738416, 21.330730453107524]], [[-100.87520959358811, 21.330766502819333], [-100.87520711738416, 21.330730453107524]], [[-100.87520711738416, 21.330730453107524], [-100.8751686415151, 21.33073277316528]], [[-100.87517111770978, 21.33076882287834], [-100.8751686415151, 21.33073277316528]], [[-100.8751686415151, 21.33073277316528], [-100.8751301656441, 21.330735093214315]], [[-100.8751326418295, 21.330771142928622], [-100.8751301656441, 21.330735093214315]], [[-100.8751301656441, 21.330735093214315], [-100.87509168977114, 21.33073741325462]], [[-100.87509416594727, 21.33077346297017], [-100.87509168977114, 21.33073741325462]], [[-100.87509168977114, 21.33073741325462], [-100.87505321389624, 21.330739733286205]], [[-100.8750556900631, 21.330775783003006], [-100.87505321389624, 21.330739733286205]], [[-100.87505321389624, 21.330739733286205], [-100.8750147380194, 21.330742053309063]], [[-100.87501721417699, 21.330778103027104], [-100.8750147380194, 21.330742053309063]], [[-100.8750147380194, 21.330742053309063], [-100.8749762621406, 21.3307443733232]], [[-100.87497873828892, 21.330780423042484], [-100.8749762621406, 21.3307443733232]], [[-100.8749762621406, 21.3307443733232], [-100.87493778625988, 21.330746693328603]], [[-100.87494026239891, 21.330782743049134], [-100.87493778625988, 21.330746693328603]], [[-100.87493778625988, 21.330746693328603], [-100.87489931037719, 21.330749013325285]], [[-100.87490178650695, 21.33078506304706], [-100.87489931037719, 21.330749013325285]], [[-100.87489931037719, 21.330749013325285], [-100.87486083449255, 21.330751333313234]], [[-100.87486331061305, 21.33078738303626], [-100.87486083449255, 21.330751333313234]], [[-100.87486083449255, 21.330751333313234], [-100.87482235860598, 21.33075365329246]], [[-100.8748248347172, 21.330789703016734], [-100.87482235860598, 21.33075365329246]], [[-100.87482235860598, 21.33075365329246], [-100.87478388271747, 21.330755973262963]], [[-100.8747863588194, 21.330792022988486], [-100.87478388271747, 21.330755973262963]], [[-100.87478388271747, 21.330755973262963], [-100.87474540682699, 21.33075829322474]], [[-100.87474788291966, 21.330794342951506], [-100.87474540682699, 21.33075829322474]], [[-100.87474540682699, 21.33075829322474], [-100.87470693093458, 21.330760613177787]], [[-100.87470940701799, 21.330796662905804], [-100.87470693093458, 21.330760613177787]], [[-100.87470693093458, 21.330760613177787], [-100.87466845504024, 21.33076293312212]], [[-100.87467093111435, 21.330798982851377], [-100.87466845504024, 21.33076293312212]], [[-100.87466845504024, 21.33076293312212], [-100.87462997914393, 21.330765253057706]], [[-100.87463245520878, 21.330801302788224], [-100.87462997914393, 21.330765253057706]], [[-100.87462997914393, 21.330765253057706], [-100.87459150324568, 21.330767572984588]], [[-100.87459397930127, 21.33080362271634], [-100.87459150324568, 21.330767572984588]], [[-100.87459150324568, 21.330767572984588], [-100.87455302734548, 21.33076989290273]], [[-100.87455550339179, 21.33080594263573], [-100.87455302734548, 21.33076989290273]], [[-100.87455302734548, 21.33076989290273], [-100.87451455144334, 21.33077221281216]], [[-100.87451702748038, 21.330808262546398], [-100.87451455144334, 21.33077221281216]], [[-100.87451455144334, 21.33077221281216], [-100.87447607553925, 21.330774532712844]], [[-100.87447855156702, 21.33081058244834], [-100.87447607553925, 21.330774532712844]], [[-100.87447607553925, 21.330774532712844], [-100.87443759963323, 21.330776852604817]], [[-100.87444007565172, 21.330812902341556], [-100.87443759963323, 21.330776852604817]], [[-100.87443759963323, 21.330776852604817], [-100.87439912372525, 21.33077917248806]], [[-100.87440159973445, 21.330815222226047], [-100.87439912372525, 21.33077917248806]], [[-100.87439912372525, 21.33077917248806], [-100.87436064781532, 21.330781492362583]], [[-100.87436312381526, 21.330817542101812], [-100.87436064781532, 21.330781492362583]], [[-100.87436064781532, 21.330781492362583], [-100.87432217190346, 21.330783812228372]], [[-100.87432464789413, 21.330819861968852], [-100.87432217190346, 21.330783812228372]], [[-100.87432217190346, 21.330783812228372], [-100.87428369598965, 21.330786132085443]], [[-100.87428617197104, 21.330822181827163], [-100.87428369598965, 21.330786132085443]], [[-100.87428369598965, 21.330786132085443], [-100.87424522007389, 21.33078845193378]], [[-100.87424769604601, 21.33082450167675], [-100.87424522007389, 21.33078845193378]], [[-100.87424522007389, 21.33078845193378], [-100.87420674415618, 21.330790771773394]], [[-100.87420922011903, 21.330826821517608], [-100.87420674415618, 21.330790771773394]], [[-100.87420674415618, 21.330790771773394], [-100.87416826823653, 21.330793091604285]], [[-100.8741707441901, 21.330829141349746], [-100.87416826823653, 21.330793091604285]], [[-100.87416826823653, 21.330793091604285], [-100.87412979231493, 21.330795411426447]], [[-100.87413226825923, 21.33083146117315], [-100.87412979231493, 21.330795411426447]], [[-100.87412979231493, 21.330795411426447], [-100.87409131639139, 21.330797731239883]], [[-100.87409379232642, 21.33083378098784], [-100.87409131639139, 21.330797731239883]], [[-100.87409131639139, 21.330797731239883], [-100.87405284046592, 21.330800051044598]], [[-100.87405531639166, 21.330836100793793], [-100.87405284046592, 21.330800051044598]], [[-100.87405284046592, 21.330800051044598], [-100.87401436453848, 21.33080237084057]], [[-100.87401684045496, 21.330838420591025], [-100.87401436453848, 21.33080237084057]], [[-100.87401436453848, 21.33080237084057], [-100.8739758886091, 21.330804690627833]], [[-100.8739783645163, 21.330840740379532], [-100.8739758886091, 21.330804690627833]], [[-100.8739758886091, 21.330804690627833], [-100.87393741267778, 21.330807010406364]], [[-100.8739398885757, 21.330843060159314], [-100.87393741267778, 21.330807010406364]], [[-100.87393741267778, 21.330807010406364], [-100.87389893674451, 21.33080933017618]], [[-100.87390141263316, 21.33084537993036], [-100.87389893674451, 21.33080933017618]], [[-100.87389893674451, 21.33080933017618], [-100.87386046080928, 21.330811649937253]], [[-100.87386293668867, 21.330847699692686], [-100.87386046080928, 21.330811649937253]], [[-100.87386046080928, 21.330811649937253], [-100.87382198487214, 21.33081396968961]], [[-100.87382446074224, 21.330850019446288], [-100.87382198487214, 21.33081396968961]], [[-100.87382198487214, 21.33081396968961], [-100.87378350893303, 21.330816289433248]], [[-100.87378598479387, 21.330852339191164], [-100.87378350893303, 21.330816289433248]], [[-100.87378350893303, 21.330816289433248], [-100.87374503299198, 21.33081860916814]], [[-100.87374750884354, 21.330854658927315], [-100.87374503299198, 21.33081860916814]], [[-100.87374503299198, 21.33081860916814], [-100.87370655704898, 21.330820928894326]], [[-100.87370903289128, 21.33085697865474], [-100.87370655704898, 21.330820928894326]], [[-100.87370655704898, 21.330820928894326], [-100.87366808110406, 21.33082324861177]], [[-100.87367055693706, 21.330859298373436], [-100.87366808110406, 21.33082324861177]], [[-100.87366808110406, 21.33082324861177], [-100.87362960515716, 21.330825568320503]], [[-100.8736320809809, 21.330861618083414], [-100.87362960515716, 21.330825568320503]], [[-100.87362960515716, 21.330825568320503], [-100.87359112920832, 21.3308278880205]], [[-100.8735936050228, 21.330863937784656], [-100.87359112920832, 21.3308278880205]], [[-100.87359112920832, 21.3308278880205], [-100.87355265325756, 21.33083020771178]], [[-100.87355512906275, 21.33086625747718], [-100.87355265325756, 21.33083020771178]], [[-100.87355265325756, 21.33083020771178], [-100.87351417730484, 21.33083252739433]], [[-100.87351665310075, 21.330868577160974], [-100.87351417730484, 21.33083252739433]], [[-100.87351417730484, 21.33083252739433], [-100.87347570135017, 21.33083484706815]], [[-100.87347817713682, 21.330870896836043], [-100.87347570135017, 21.33083484706815]], [[-100.87347570135017, 21.33083484706815], [-100.87343722539356, 21.330837166733247]], [[-100.87343970117094, 21.33087321650238], [-100.87343722539356, 21.330837166733247]], [[-100.87343722539356, 21.330837166733247], [-100.873398749435, 21.330839486389614]], [[-100.8734012252031, 21.33087553616], [-100.873398749435, 21.330839486389614]], [[-100.873398749435, 21.330839486389614], [-100.8733602734745, 21.330841806037256]], [[-100.87336274923332, 21.33087785580889], [-100.8733602734745, 21.330841806037256]], [[-100.8733602734745, 21.330841806037256], [-100.87332179751205, 21.330844125676176]], [[-100.8733242732616, 21.330880175449057], [-100.87332179751205, 21.330844125676176]], [[-100.87332179751205, 21.330844125676176], [-100.87328332154767, 21.330846445306367]], [[-100.87328579728795, 21.33088249508049], [-100.87328332154767, 21.330846445306367]], [[-100.87328332154767, 21.330846445306367], [-100.87324484558133, 21.330848764927843]], [[-100.87324732131233, 21.3308848147032], [-100.87324484558133, 21.330848764927843]], [[-100.87324484558133, 21.330848764927843], [-100.87320636961306, 21.330851084540576]], [[-100.87320884533479, 21.33088713431719], [-100.87320636961306, 21.330851084540576]], [[-100.87320636961306, 21.330851084540576], [-100.87316789364282, 21.330853404144595]], [[-100.87317036935526, 21.33088945392245], [-100.87316789364282, 21.330853404144595]], [[-100.87332179751205, 21.330844125676176], [-100.87331932176444, 21.330808075903033]], [[-100.87331932176444, 21.330808075903033], [-100.87328084580933, 21.330810395531977]], [[-100.87328332154767, 21.330846445306367], [-100.87328084580933, 21.330810395531977]], [[-100.87328084580933, 21.330810395531977], [-100.87324236985226, 21.330812715152195]], [[-100.87324484558133, 21.330848764927843], [-100.87324236985226, 21.330812715152195]], [[-100.87324236985226, 21.330812715152195], [-100.87320389389326, 21.330815034763692]], [[-100.87320636961306, 21.330851084540576], [-100.87320389389326, 21.330815034763692]]]}}]}