{"type": "FeatureCollection", "features": [{"type": "Feature", "properties": {"artifact_id": "fe39c5d145e647ee815627ddc3577679"}, "geometry": {"type": "MultiLineString", "coordinates": [[[-101.465705934951, 20.653293380513], [-101.46566757077785, 20.65329392896754]], [[-101.465705934951, 20.653293380513], [-101.46570535226196, 20.65325727009432]], [[-101.46570535226196, 20.65325727009432], [-101.46566698809785, 20.65325781854781]], [[-101.46566757077785, 20.65329392896754], [-101.46566698809785, 20.65325781854781]], [[-101.46566757077785, 20.65329392896754], [-101.46562920660345, 20.65329447741356]], [[-101.46566698809785, 20.65325781854781], [-101.4656286239325, 20.653258366992794]], [[-101.46562920660345, 20.65329447741356], [-101.4656286239325, 20.653258366992794]], [[-101.46562920660345, 20.65329447741356], [-101.46559084242782, 20.653295025851072]], [[-101.4656286239325, 20.653258366992794], [-101.46559025976589, 20.653258915429262]], [[-101.46559084242782, 20.653295025851072], [-101.46559025976589, 20.653258915429262]], [[-101.46559084242782, 20.653295025851072], [-101.4655524782509, 20.65329557428007]], [[-101.46559025976589, 20.653258915429262], [-101.46555189559803, 20.65325946385721]], [[-101.4655524782509, 20.65329557428007], [-101.46555189559803, 20.65325946385721]], [[-101.4655524782509, 20.65329557428007], [-101.46551411407275, 20.65329612270055]], [[-101.46555189559803, 20.65325946385721], [-101.46551353142893, 20.653260012276654]], [[-101.46551411407275, 20.65329612270055], [-101.46551353142893, 20.653260012276654]], [[-101.46551411407275, 20.65329612270055], [-101.46547574989337, 20.65329667111252]], [[-101.46551353142893, 20.653260012276654], [-101.46547516725857, 20.653260560687578]], [[-101.46547574989337, 20.65329667111252], [-101.46547516725857, 20.653260560687578]], [[-101.46547574989337, 20.65329667111252], [-101.4654373857127, 20.65329721951597]], [[-101.46547516725857, 20.653260560687578], [-101.46543680308697, 20.653261109089986]], [[-101.4654373857127, 20.65329721951597], [-101.46543680308697, 20.653261109089986]], [[-101.4654373857127, 20.65329721951597], [-101.46539902153081, 20.65329776791091]], [[-101.46543680308697, 20.653261109089986], [-101.46539843891411, 20.653261657483878]], [[-101.46539902153081, 20.65329776791091], [-101.46539843891411, 20.653261657483878]], [[-101.46539902153081, 20.65329776791091], [-101.46536065734766, 20.65329831629733]], [[-101.46539843891411, 20.653261657483878], [-101.46536007474002, 20.653262205869265]], [[-101.46536065734766, 20.65329831629733], [-101.46536007474002, 20.653262205869265]], [[-101.46536065734766, 20.65329831629733], [-101.46532229316327, 20.65329886467524]], [[-101.46536007474002, 20.653262205869265], [-101.46532171056467, 20.653262754246125]], [[-101.46532229316327, 20.65329886467524], [-101.46532171056467, 20.653262754246125]], [[-101.46532229316327, 20.65329886467524], [-101.46528392897761, 20.65329941304464]], [[-101.46532171056467, 20.653262754246125], [-101.46528334638806, 20.653263302614477]], [[-101.46528392897761, 20.65329941304464], [-101.46528334638806, 20.653263302614477]], [[-101.46528392897761, 20.65329941304464], [-101.46524556479072, 20.65329996140552]], [[-101.46528334638806, 20.653263302614477], [-101.46524498221021, 20.653263850974312]], [[-101.46524556479072, 20.65329996140552], [-101.46524498221021, 20.653263850974312]], [[-101.46524556479072, 20.65329996140552], [-101.46520720060259, 20.653300509757887]], [[-101.46524498221021, 20.653263850974312], [-101.4652066180311, 20.653264399325632]], [[-101.46520720060259, 20.653300509757887], [-101.4652066180311, 20.653264399325632]], [[-101.46520720060259, 20.653300509757887], [-101.46516883641318, 20.65330105810174]], [[-101.4652066180311, 20.653264399325632], [-101.46516825385076, 20.653264947668443]], [[-101.46516883641318, 20.65330105810174], [-101.46516825385076, 20.653264947668443]], [[-101.46516883641318, 20.65330105810174], [-101.46513047222254, 20.653301606437076]], [[-101.46516825385076, 20.653264947668443], [-101.46512988966916, 20.653265496002735]], [[-101.46513047222254, 20.653301606437076], [-101.46512988966916, 20.653265496002735]], [[-101.46513047222254, 20.653301606437076], [-101.46509210803065, 20.6533021547639]], [[-101.46512988966916, 20.653265496002735], [-101.46509152548632, 20.653266044328515]], [[-101.46509210803065, 20.6533021547639], [-101.46509152548632, 20.653266044328515]], [[-101.46509210803065, 20.6533021547639], [-101.46505374383752, 20.653302703082204]], [[-101.46509152548632, 20.653266044328515], [-101.46505316130222, 20.65326659264578]], [[-101.46505374383752, 20.653302703082204], [-101.46505316130222, 20.65326659264578]], [[-101.46505374383752, 20.653302703082204], [-101.46501537964312, 20.653303251391996]], [[-101.46505316130222, 20.65326659264578], [-101.46501479711686, 20.65326714095453]], [[-101.46501537964312, 20.653303251391996], [-101.46501479711686, 20.65326714095453]], [[-101.46501537964312, 20.653303251391996], [-101.46497701544747, 20.65330379969328]], [[-101.46501479711686, 20.65326714095453], [-101.46497643293027, 20.65326768925476]], [[-101.46497701544747, 20.65330379969328], [-101.46497643293027, 20.65326768925476]], [[-101.46497701544747, 20.65330379969328], [-101.4649386512506, 20.653304347986047]], [[-101.46497643293027, 20.65326768925476], [-101.46493806874243, 20.65326823754648]], [[-101.4649386512506, 20.653304347986047], [-101.46493806874243, 20.65326823754648]], [[-101.4664726352817, 20.65324629923638], [-101.4664342711426, 20.653246847860167]], [[-101.4664726352817, 20.65324629923638], [-101.46647205241304, 20.653210188838425]], [[-101.46647205241304, 20.653210188838425], [-101.46643368828296, 20.65321073746117]], [[-101.4664342711426, 20.653246847860167], [-101.46643368828296, 20.65321073746117]], [[-101.4664342711426, 20.653246847860167], [-101.46639590700224, 20.65324739647543]], [[-101.46643368828296, 20.65321073746117], [-101.46639532415165, 20.653211286075393]], [[-101.46639590700224, 20.65324739647543], [-101.46639532415165, 20.653211286075393]], [[-101.46639590700224, 20.65324739647543], [-101.46635754286062, 20.65324794508219]], [[-101.46639532415165, 20.653211286075393], [-101.46635696001907, 20.653211834681105]], [[-101.46635754286062, 20.65324794508219], [-101.46635696001907, 20.653211834681105]], [[-101.46635754286062, 20.65324794508219], [-101.46631917871775, 20.653248493680426]], [[-101.46635696001907, 20.653211834681105], [-101.46631859588526, 20.653212383278298]], [[-101.46631917871775, 20.653248493680426], [-101.46631859588526, 20.653212383278298]], [[-101.46631917871775, 20.653248493680426], [-101.46628081457364, 20.653249042270154]], [[-101.46631859588526, 20.653212383278298], [-101.46628023175019, 20.65321293186698]], [[-101.46628081457364, 20.653249042270154], [-101.46628023175019, 20.65321293186698]], [[-101.46628081457364, 20.653249042270154], [-101.46624245042827, 20.65324959085137]], [[-101.46628023175019, 20.65321293186698], [-101.46624186761386, 20.653213480447146]], [[-101.46624245042827, 20.65324959085137], [-101.46624186761386, 20.653213480447146]], [[-101.46624245042827, 20.65324959085137], [-101.46620408628165, 20.653250139424067]], [[-101.46624186761386, 20.653213480447146], [-101.4662035034763, 20.6532140290188]], [[-101.46620408628165, 20.653250139424067], [-101.4662035034763, 20.6532140290188]], [[-101.46620408628165, 20.653250139424067], [-101.4661657221338, 20.65325068798825]], [[-101.4662035034763, 20.6532140290188], [-101.46616513933748, 20.653214577581934]], [[-101.4661657221338, 20.65325068798825], [-101.46616513933748, 20.653214577581934]], [[-101.4661657221338, 20.65325068798825], [-101.46612735798469, 20.653251236543916]], [[-101.46616513933748, 20.653214577581934], [-101.46612677519741, 20.653215126136566]], [[-101.46612735798469, 20.653251236543916], [-101.46612677519741, 20.653215126136566]], [[-101.46612735798469, 20.653251236543916], [-101.46608899383432, 20.653251785091072]], [[-101.46612677519741, 20.653215126136566], [-101.46608841105608, 20.653215674682674]], [[-101.46608899383432, 20.653251785091072], [-101.46608841105608, 20.653215674682674]], [[-101.46608899383432, 20.653251785091072], [-101.46605062968271, 20.653252333629712]], [[-101.46608841105608, 20.653215674682674], [-101.46605004691351, 20.653216223220273]], [[-101.46605062968271, 20.653252333629712], [-101.46605004691351, 20.653216223220273]], [[-101.46605062968271, 20.653252333629712], [-101.46601226552984, 20.653252882159833]], [[-101.46605004691351, 20.653216223220273], [-101.4660116827697, 20.653216771749353]], [[-101.46601226552984, 20.653252882159833], [-101.4660116827697, 20.653216771749353]], [[-101.46601226552984, 20.653252882159833], [-101.46597390137573, 20.65325343068145]], [[-101.4660116827697, 20.653216771749353], [-101.46597331862463, 20.653217320269917]], [[-101.46597390137573, 20.65325343068145], [-101.46597331862463, 20.653217320269917]], [[-101.46597390137573, 20.65325343068145], [-101.46593553722037, 20.65325397919454]], [[-101.46597331862463, 20.653217320269917], [-101.46593495447831, 20.653217868781965]], [[-101.46593553722037, 20.65325397919454], [-101.46593495447831, 20.653217868781965]], [[-101.46593553722037, 20.65325397919454], [-101.46589717306377, 20.653254527699126]], [[-101.46593495447831, 20.653217868781965], [-101.46589659033074, 20.653218417285512]], [[-101.46589717306377, 20.653254527699126], [-101.46589659033074, 20.653218417285512]], [[-101.46589717306377, 20.653254527699126], [-101.46585880890589, 20.65325507619519]], [[-101.46589659033074, 20.653218417285512], [-101.46585822618194, 20.65321896578053]], [[-101.46585880890589, 20.65325507619519], [-101.46585822618194, 20.65321896578053]], [[-101.46585880890589, 20.65325507619519], [-101.4658204447468, 20.653255624682746]], [[-101.46585822618194, 20.65321896578053], [-101.46581986203186, 20.65321951426704]], [[-101.4658204447468, 20.653255624682746], [-101.46581986203186, 20.65321951426704]], [[-101.4658204447468, 20.653255624682746], [-101.46578208058644, 20.65325617316179]], [[-101.46581986203186, 20.65321951426704], [-101.46578149788056, 20.65322006274503]], [[-101.46578208058644, 20.65325617316179], [-101.46578149788056, 20.65322006274503]], [[-101.46578208058644, 20.65325617316179], [-101.46574371642483, 20.653256721632307]], [[-101.46578149788056, 20.65322006274503], [-101.46574313372798, 20.65322061121451]], [[-101.46574371642483, 20.653256721632307], [-101.46574313372798, 20.65322061121451]], [[-101.46574371642483, 20.653256721632307], [-101.46570535226196, 20.65325727009432]], [[-101.46574313372798, 20.65322061121451], [-101.46570476957417, 20.653221159675482]], [[-101.46570535226196, 20.65325727009432], [-101.46570476957417, 20.653221159675482]], [[-101.46570476957417, 20.653221159675482], [-101.46566640541911, 20.65322170812793]], [[-101.46566698809785, 20.65325781854781], [-101.46566640541911, 20.65322170812793]], [[-101.46566640541911, 20.65322170812793], [-101.46562804126279, 20.653222256571866]], [[-101.4656286239325, 20.653258366992794], [-101.46562804126279, 20.653222256571866]], [[-101.46562804126279, 20.653222256571866], [-101.46558967710523, 20.65322280500729]], [[-101.46559025976589, 20.653258915429262], [-101.46558967710523, 20.65322280500729]], [[-101.46558967710523, 20.65322280500729], [-101.46555131294642, 20.653223353434196]], [[-101.46555189559803, 20.65325946385721], [-101.46555131294642, 20.653223353434196]], [[-101.46555131294642, 20.653223353434196], [-101.46551294878635, 20.65322390185259]], [[-101.46551353142893, 20.653260012276654], [-101.46551294878635, 20.65322390185259]], [[-101.46551294878635, 20.65322390185259], [-101.46547458462504, 20.65322445026247]], [[-101.46547516725857, 20.653260560687578], [-101.46547458462504, 20.65322445026247]], [[-101.46547458462504, 20.65322445026247], [-101.46543622046248, 20.653224998663834]], [[-101.46543680308697, 20.653261109089986], [-101.46543622046248, 20.653224998663834]], [[-101.46543622046248, 20.653224998663834], [-101.46539785629867, 20.653225547056685]], [[-101.46539843891411, 20.653261657483878], [-101.46539785629867, 20.653225547056685]], [[-101.46539785629867, 20.653225547056685], [-101.4653594921336, 20.65322609544102]], [[-101.46536007474002, 20.653262205869265], [-101.4653594921336, 20.65322609544102]], [[-101.4653594921336, 20.65322609544102], [-101.4653211279673, 20.65322664381684]], [[-101.46532171056467, 20.653262754246125], [-101.4653211279673, 20.65322664381684]], [[-101.4653211279673, 20.65322664381684], [-101.46528276379975, 20.653227192184143]], [[-101.46528334638806, 20.653263302614477], [-101.46528276379975, 20.653227192184143]], [[-101.46528276379975, 20.653227192184143], [-101.46524439963093, 20.65322774054294]], [[-101.46524498221021, 20.653263850974312], [-101.46524439963093, 20.65322774054294]], [[-101.46524439963093, 20.65322774054294], [-101.46520603546088, 20.653228288893214]], [[-101.4652066180311, 20.653264399325632], [-101.46520603546088, 20.653228288893214]], [[-101.46520603546088, 20.653228288893214], [-101.46516767128958, 20.653228837234984]], [[-101.46516825385076, 20.653264947668443], [-101.46516767128958, 20.653228837234984]], [[-101.46516767128958, 20.653228837234984], [-101.46512930711702, 20.65322938556823]], [[-101.46512988966916, 20.653265496002735], [-101.46512930711702, 20.65322938556823]], [[-101.46512930711702, 20.65322938556823], [-101.46509094294322, 20.653229933892966]], [[-101.46509152548632, 20.653266044328515], [-101.46509094294322, 20.653229933892966]], [[-101.46509094294322, 20.653229933892966], [-101.46505257876815, 20.65323048220918]], [[-101.46505316130222, 20.65326659264578], [-101.46505257876815, 20.65323048220918]], [[-101.46505257876815, 20.65323048220918], [-101.46501421459186, 20.653231030516892]], [[-101.46501479711686, 20.65326714095453], [-101.46501421459186, 20.653231030516892]], [[-101.46501421459186, 20.653231030516892], [-101.4649758504143, 20.653231578816083]], [[-101.46497643293027, 20.65326768925476], [-101.4649758504143, 20.653231578816083]], [[-101.4649758504143, 20.653231578816083], [-101.46493748623551, 20.65323212710676]], [[-101.46493806874243, 20.65326823754648], [-101.46493748623551, 20.65323212710676]], [[-101.46720097064689, 20.65319976338865], [-101.46716260654057, 20.653200312173162]], [[-101.46720097064689, 20.65319976338865], [-101.46720038760765, 20.653163653010377]], [[-101.46720038760765, 20.653163653010377], [-101.46716202351037, 20.65316420179385]], [[-101.46716260654057, 20.653200312173162], [-101.46716202351037, 20.65316420179385]], [[-101.46716260654057, 20.653200312173162], [-101.467124242433, 20.65320086094916]], [[-101.46716202351037, 20.65316420179385], [-101.46712365941184, 20.653164750568802]], [[-101.467124242433, 20.65320086094916], [-101.46712365941184, 20.653164750568802]], [[-101.467124242433, 20.65320086094916], [-101.46708587832418, 20.653201409716644]], [[-101.46712365941184, 20.653164750568802], [-101.46708529531206, 20.653165299335242]], [[-101.46708587832418, 20.653201409716644], [-101.46708529531206, 20.653165299335242]], [[-101.46708587832418, 20.653201409716644], [-101.4670475142141, 20.653201958475616]], [[-101.46708529531206, 20.653165299335242], [-101.46704693121103, 20.653165848093167]], [[-101.4670475142141, 20.653201958475616], [-101.46704693121103, 20.653165848093167]], [[-101.4670475142141, 20.653201958475616], [-101.46700915010278, 20.65320250722607]], [[-101.46704693121103, 20.653165848093167], [-101.46700856710875, 20.653166396842575]], [[-101.46700915010278, 20.65320250722607], [-101.46700856710875, 20.653166396842575]], [[-101.46700915010278, 20.65320250722607], [-101.46697078599021, 20.65320305596801]], [[-101.46700856710875, 20.653166396842575], [-101.46697020300523, 20.653166945583468]], [[-101.46697078599021, 20.65320305596801], [-101.46697020300523, 20.653166945583468]], [[-101.46697078599021, 20.65320305596801], [-101.4669324218764, 20.65320360470143]], [[-101.46697020300523, 20.653166945583468], [-101.46693183890046, 20.653167494315852]], [[-101.4669324218764, 20.65320360470143], [-101.46693183890046, 20.653167494315852]], [[-101.4669324218764, 20.65320360470143], [-101.46689405776132, 20.653204153426344]], [[-101.46693183890046, 20.653167494315852], [-101.46689347479443, 20.65316804303972]], [[-101.46689405776132, 20.653204153426344], [-101.46689347479443, 20.65316804303972]], [[-101.46689405776132, 20.653204153426344], [-101.466855693645, 20.653204702142745]], [[-101.46689347479443, 20.65316804303972], [-101.46685511068715, 20.65316859175507]], [[-101.466855693645, 20.653204702142745], [-101.46685511068715, 20.65316859175507]], [[-101.466855693645, 20.653204702142745], [-101.46681732952743, 20.65320525085063]], [[-101.46685511068715, 20.65316859175507], [-101.46681674657862, 20.653169140461912]], [[-101.46681732952743, 20.65320525085063], [-101.46681674657862, 20.653169140461912]], [[-101.46681732952743, 20.65320525085063], [-101.46677896540862, 20.65320579955]], [[-101.46681674657862, 20.653169140461912], [-101.46677838246885, 20.653169689160237]], [[-101.46677896540862, 20.65320579955], [-101.46677838246885, 20.653169689160237]], [[-101.46677896540862, 20.65320579955], [-101.46674060128854, 20.653206348240854]], [[-101.46677838246885, 20.653169689160237], [-101.46674001835781, 20.653170237850045]], [[-101.46674060128854, 20.653206348240854], [-101.46674001835781, 20.653170237850045]], [[-101.46674060128854, 20.653206348240854], [-101.46670223716721, 20.653206896923194]], [[-101.46674001835781, 20.653170237850045], [-101.46670165424554, 20.653170786531337]], [[-101.46670223716721, 20.653206896923194], [-101.46670165424554, 20.653170786531337]], [[-101.46670223716721, 20.653206896923194], [-101.46666387304465, 20.653207445597012]], [[-101.46670165424554, 20.653170786531337], [-101.46666329013202, 20.65317133520412]], [[-101.46666387304465, 20.653207445597012], [-101.46666329013202, 20.65317133520412]], [[-101.46666387304465, 20.653207445597012], [-101.46662550892083, 20.653207994262328]], [[-101.46666329013202, 20.65317133520412], [-101.46662492601723, 20.653171883868392]], [[-101.46662550892083, 20.653207994262328], [-101.46662492601723, 20.653171883868392]], [[-101.46662550892083, 20.653207994262328], [-101.46658714479575, 20.653208542919124]], [[-101.46662492601723, 20.653171883868392], [-101.4665865619012, 20.653172432524137]], [[-101.46658714479575, 20.653208542919124], [-101.4665865619012, 20.653172432524137]], [[-101.46658714479575, 20.653208542919124], [-101.46654878066944, 20.65320909156741]], [[-101.4665865619012, 20.653172432524137], [-101.46654819778392, 20.653172981171377]], [[-101.46654878066944, 20.65320909156741], [-101.46654819778392, 20.653172981171377]], [[-101.46654878066944, 20.65320909156741], [-101.46651041654187, 20.653209640207177]], [[-101.46654819778392, 20.653172981171377], [-101.4665098336654, 20.653173529810104]], [[-101.46651041654187, 20.653209640207177], [-101.4665098336654, 20.653173529810104]], [[-101.46651041654187, 20.653209640207177], [-101.46647205241304, 20.653210188838425]], [[-101.4665098336654, 20.653173529810104], [-101.46647146954562, 20.65317407844031]], [[-101.46647205241304, 20.653210188838425], [-101.46647146954562, 20.65317407844031]], [[-101.46647146954562, 20.65317407844031], [-101.46643310542458, 20.653174627062008]], [[-101.46643368828296, 20.65321073746117], [-101.46643310542458, 20.653174627062008]], [[-101.46643310542458, 20.653174627062008], [-101.46639474130231, 20.653175175675184]], [[-101.46639532415165, 20.653211286075393], [-101.46639474130231, 20.653175175675184]], [[-101.46639474130231, 20.653175175675184], [-101.4663563771788, 20.65317572427986]], [[-101.46635696001907, 20.653211834681105], [-101.4663563771788, 20.65317572427986]], [[-101.4663563771788, 20.65317572427986], [-101.466318013054, 20.653176272876006]], [[-101.46631859588526, 20.653212383278298], [-101.466318013054, 20.653176272876006]], [[-101.466318013054, 20.653176272876006], [-101.466279648928, 20.65317682146364]], [[-101.46628023175019, 20.65321293186698], [-101.466279648928, 20.65317682146364]], [[-101.466279648928, 20.65317682146364], [-101.46624128480072, 20.65317737004276]], [[-101.46624186761386, 20.653213480447146], [-101.46624128480072, 20.65317737004276]], [[-101.46624128480072, 20.65317737004276], [-101.46620292067217, 20.65317791861337]], [[-101.4662035034763, 20.6532140290188], [-101.46620292067217, 20.65317791861337]], [[-101.46620292067217, 20.65317791861337], [-101.46616455654241, 20.65317846717546]], [[-101.46616513933748, 20.653214577581934], [-101.46616455654241, 20.65317846717546]], [[-101.46616455654241, 20.65317846717546], [-101.46612619241138, 20.653179015729044]], [[-101.46612677519741, 20.653215126136566], [-101.46612619241138, 20.653179015729044]], [[-101.46612619241138, 20.653179015729044], [-101.4660878282791, 20.65317956427411]], [[-101.46608841105608, 20.653215674682674], [-101.4660878282791, 20.65317956427411]], [[-101.4660878282791, 20.65317956427411], [-101.46604946414558, 20.65318011281066]], [[-101.46605004691351, 20.653216223220273], [-101.46604946414558, 20.65318011281066]], [[-101.46604946414558, 20.65318011281066], [-101.4660111000108, 20.6531806613387]], [[-101.4660116827697, 20.653216771749353], [-101.4660111000108, 20.6531806613387]], [[-101.4660111000108, 20.6531806613387], [-101.46597273587479, 20.653181209858218]], [[-101.46597331862463, 20.653217320269917], [-101.46597273587479, 20.653181209858218]], [[-101.46597273587479, 20.653181209858218], [-101.4659343717375, 20.65318175836923]], [[-101.46593495447831, 20.653217868781965], [-101.4659343717375, 20.65318175836923]], [[-101.4659343717375, 20.65318175836923], [-101.46589600759899, 20.65318230687172]], [[-101.46589659033074, 20.653218417285512], [-101.46589600759899, 20.65318230687172]], [[-101.46589600759899, 20.65318230687172], [-101.46585764345922, 20.653182855365696]], [[-101.46585822618194, 20.65321896578053], [-101.46585764345922, 20.653182855365696]], [[-101.46585764345922, 20.653182855365696], [-101.46581927931818, 20.653183403851166]], [[-101.46581986203186, 20.65321951426704], [-101.46581927931818, 20.653183403851166]], [[-101.46581927931818, 20.653183403851166], [-101.46578091517591, 20.653183952328114]], [[-101.46578149788056, 20.65322006274503], [-101.46578091517591, 20.653183952328114]], [[-101.46578091517591, 20.653183952328114], [-101.46574255103239, 20.653184500796552]], [[-101.46574313372798, 20.65322061121451], [-101.46574255103239, 20.653184500796552]], [[-101.46574255103239, 20.653184500796552], [-101.46570418688762, 20.65318504925647]], [[-101.46570476957417, 20.653221159675482], [-101.46570418688762, 20.65318504925647]], [[-101.46570418688762, 20.65318504925647], [-101.4656658227416, 20.65318559770788]], [[-101.46566640541911, 20.65322170812793], [-101.4656658227416, 20.65318559770788]], [[-101.4656658227416, 20.65318559770788], [-101.46562745859433, 20.65318614615077]], [[-101.46562804126279, 20.653222256571866], [-101.46562745859433, 20.65318614615077]], [[-101.46562745859433, 20.65318614615077], [-101.4655890944458, 20.653186694585145]], [[-101.46558967710523, 20.65322280500729], [-101.4655890944458, 20.653186694585145]], [[-101.4655890944458, 20.653186694585145], [-101.46555073029604, 20.653187243011015]], [[-101.46555131294642, 20.653223353434196], [-101.46555073029604, 20.653187243011015]], [[-101.46555073029604, 20.653187243011015], [-101.46551236614502, 20.65318779142836]], [[-101.46551294878635, 20.65322390185259], [-101.46551236614502, 20.65318779142836]], [[-101.46551236614502, 20.65318779142836], [-101.46547400199276, 20.653188339837197]], [[-101.46547458462504, 20.65322445026247], [-101.46547400199276, 20.653188339837197]], [[-101.46547400199276, 20.653188339837197], [-101.46543563783924, 20.653188888237516]], [[-101.46543622046248, 20.653224998663834], [-101.46543563783924, 20.653188888237516]], [[-101.46543563783924, 20.653188888237516], [-101.46539727368447, 20.653189436629322]], [[-101.46539785629867, 20.653225547056685], [-101.46539727368447, 20.653189436629322]], [[-101.46539727368447, 20.653189436629322], [-101.46535890952845, 20.653189985012613]], [[-101.4653594921336, 20.65322609544102], [-101.46535890952845, 20.653189985012613]], [[-101.46535890952845, 20.653189985012613], [-101.46532054537118, 20.65319053338739]], [[-101.4653211279673, 20.65322664381684], [-101.46532054537118, 20.65319053338739]], [[-101.46532054537118, 20.65319053338739], [-101.46528218121269, 20.65319108175365]], [[-101.46528276379975, 20.653227192184143], [-101.46528218121269, 20.65319108175365]], [[-101.46528218121269, 20.65319108175365], [-101.46524381705291, 20.6531916301114]], [[-101.46524439963093, 20.65322774054294], [-101.46524381705291, 20.6531916301114]], [[-101.46524381705291, 20.6531916301114], [-101.4652054528919, 20.65319217846064]], [[-101.46520603546088, 20.653228288893214], [-101.4652054528919, 20.65319217846064]], [[-101.4652054528919, 20.65319217846064], [-101.46516708872964, 20.653192726801358]], [[-101.46516767128958, 20.653228837234984], [-101.46516708872964, 20.653192726801358]], [[-101.46516708872964, 20.653192726801358], [-101.46512872456613, 20.65319327513356]], [[-101.46512930711702, 20.65322938556823], [-101.46512872456613, 20.65319327513356]], [[-101.46512872456613, 20.65319327513356], [-101.46509036040136, 20.653193823457254]], [[-101.46509094294322, 20.653229933892966], [-101.46509036040136, 20.653193823457254]], [[-101.46509036040136, 20.653193823457254], [-101.46505199623536, 20.65319437177243]], [[-101.46505257876815, 20.65323048220918], [-101.46505199623536, 20.65319437177243]], [[-101.46505199623536, 20.65319437177243], [-101.46501363206809, 20.65319492007909]], [[-101.46501421459186, 20.653231030516892], [-101.46501363206809, 20.65319492007909]], [[-101.46501363206809, 20.65319492007909], [-101.46497526789959, 20.65319546837724]], [[-101.4649758504143, 20.653231578816083], [-101.46497526789959, 20.65319546837724]], [[-101.46497526789959, 20.65319546837724], [-101.46493690372984, 20.653196016666875]], [[-101.46493748623551, 20.65323212710676], [-101.46493690372984, 20.653196016666875]], [[-101.46792930521832, 20.653153224506767], [-101.4678909411448, 20.653153773452008]], [[-101.46792930521832, 20.653153224506767], [-101.4679287220085, 20.653117114148195]], [[-101.4679287220085, 20.653117114148195], [-101.46789035794401, 20.653117663092385]], [[-101.4678909411448, 20.653153773452008], [-101.46789035794401, 20.653117663092385]], [[-101.4678909411448, 20.653153773452008], [-101.46785257707003, 20.653154322388733]], [[-101.46789035794401, 20.653117663092385], [-101.46785199387828, 20.65311821202807]], [[-101.46785257707003, 20.653154322388733], [-101.46785199387828, 20.65311821202807]], [[-101.46785257707003, 20.653154322388733], [-101.46781421299401, 20.65315487131695]], [[-101.46785199387828, 20.65311821202807], [-101.46781362981132, 20.653118760955234]], [[-101.46781421299401, 20.65315487131695], [-101.46781362981132, 20.653118760955234]], [[-101.46781421299401, 20.65315487131695], [-101.46777584891674, 20.65315542023664]], [[-101.46781362981132, 20.653118760955234], [-101.4677752657431, 20.65311930987388]], [[-101.46777584891674, 20.65315542023664], [-101.4677752657431, 20.65311930987388]], [[-101.46777584891674, 20.65315542023664], [-101.46773748483822, 20.653155969147825]], [[-101.4677752657431, 20.65311930987388], [-101.46773690167362, 20.653119858784024]], [[-101.46773748483822, 20.653155969147825], [-101.46773690167362, 20.653119858784024]], [[-101.46773748483822, 20.653155969147825], [-101.46769912075845, 20.653156518050494]], [[-101.46773690167362, 20.653119858784024], [-101.46769853760289, 20.653120407685645]], [[-101.46769912075845, 20.653156518050494], [-101.46769853760289, 20.653120407685645]], [[-101.46769912075845, 20.653156518050494], [-101.46766075667743, 20.65315706694465]], [[-101.46769853760289, 20.653120407685645], [-101.4676601735309, 20.653120956578753]], [[-101.46766075667743, 20.65315706694465], [-101.4676601735309, 20.653120956578753]], [[-101.46766075667743, 20.65315706694465], [-101.46762239259516, 20.65315761583029]], [[-101.4676601735309, 20.653120956578753], [-101.46762180945768, 20.65312150546335]], [[-101.46762239259516, 20.65315761583029], [-101.46762180945768, 20.65312150546335]], [[-101.46762239259516, 20.65315761583029], [-101.46758402851164, 20.653158164707413]], [[-101.46762180945768, 20.65312150546335], [-101.46758344538321, 20.653122054339427]], [[-101.46758402851164, 20.653158164707413], [-101.46758344538321, 20.653122054339427]], [[-101.46758402851164, 20.653158164707413], [-101.46754566442686, 20.65315871357603]], [[-101.46758344538321, 20.653122054339427], [-101.46754508130746, 20.653122603207]], [[-101.46754566442686, 20.65315871357603], [-101.46754508130746, 20.653122603207]], [[-101.46754566442686, 20.65315871357603], [-101.46750730034084, 20.653159262436127]], [[-101.46754508130746, 20.653122603207], [-101.46750671723049, 20.653123152066048]], [[-101.46750730034084, 20.653159262436127], [-101.46750671723049, 20.653123152066048]], [[-101.46750730034084, 20.653159262436127], [-101.46746893625357, 20.653159811287704]], [[-101.46750671723049, 20.653123152066048], [-101.46746835315227, 20.65312370091658]], [[-101.46746893625357, 20.653159811287704], [-101.46746835315227, 20.65312370091658]], [[-101.46746893625357, 20.653159811287704], [-101.46743057216504, 20.653160360130776]], [[-101.46746835315227, 20.65312370091658], [-101.46742998907278, 20.6531242497586]], [[-101.46743057216504, 20.653160360130776], [-101.46742998907278, 20.6531242497586]], [[-101.46743057216504, 20.653160360130776], [-101.46739220807527, 20.653160908965326]], [[-101.46742998907278, 20.6531242497586], [-101.46739162499205, 20.65312479859212]], [[-101.46739220807527, 20.653160908965326], [-101.46739162499205, 20.65312479859212]], [[-101.46739220807527, 20.653160908965326], [-101.46735384398424, 20.65316145779137]], [[-101.46739162499205, 20.65312479859212], [-101.46735326091007, 20.65312534741711]], [[-101.46735384398424, 20.65316145779137], [-101.46735326091007, 20.65312534741711]], [[-101.46735384398424, 20.65316145779137], [-101.46731547989197, 20.65316200660889]], [[-101.46735326091007, 20.65312534741711], [-101.46731489682685, 20.653125896233586]], [[-101.46731547989197, 20.65316200660889], [-101.46731489682685, 20.653125896233586]], [[-101.46731547989197, 20.65316200660889], [-101.46727711579844, 20.6531625554179]], [[-101.46731489682685, 20.653125896233586], [-101.46727653274235, 20.653126445041554]], [[-101.46727711579844, 20.6531625554179], [-101.46727653274235, 20.653126445041554]], [[-101.46727711579844, 20.6531625554179], [-101.46723875170366, 20.6531631042184]], [[-101.46727653274235, 20.653126445041554], [-101.46723816865662, 20.65312699384101]], [[-101.46723875170366, 20.6531631042184], [-101.46723816865662, 20.65312699384101]], [[-101.46723875170366, 20.6531631042184], [-101.46720038760765, 20.653163653010377]], [[-101.46723816865662, 20.65312699384101], [-101.46719980456965, 20.653127542631943]], [[-101.46720038760765, 20.653163653010377], [-101.46719980456965, 20.653127542631943]], [[-101.46719980456965, 20.653127542631943], [-101.4671614404814, 20.653128091414366]], [[-101.46716202351037, 20.65316420179385], [-101.4671614404814, 20.653128091414366]], [[-101.4671614404814, 20.653128091414366], [-101.46712307639191, 20.653128640188275]], [[-101.46712365941184, 20.653164750568802], [-101.46712307639191, 20.653128640188275]], [[-101.46712307639191, 20.653128640188275], [-101.4670847123012, 20.653129188953667]], [[-101.46708529531206, 20.653165299335242], [-101.4670847123012, 20.653129188953667]], [[-101.4670847123012, 20.653129188953667], [-101.46704634820921, 20.65312973771055]], [[-101.46704693121103, 20.653165848093167], [-101.46704634820921, 20.65312973771055]], [[-101.46704634820921, 20.65312973771055], [-101.46700798411598, 20.653130286458918]], [[-101.46700856710875, 20.653166396842575], [-101.46700798411598, 20.653130286458918]], [[-101.46700798411598, 20.653130286458918], [-101.46696962002149, 20.65313083519877]], [[-101.46697020300523, 20.653166945583468], [-101.46696962002149, 20.65313083519877]], [[-101.46696962002149, 20.65313083519877], [-101.46693125592576, 20.653131383930106]], [[-101.46693183890046, 20.653167494315852], [-101.46693125592576, 20.653131383930106]], [[-101.46693125592576, 20.653131383930106], [-101.46689289182878, 20.65313193265293]], [[-101.46689347479443, 20.65316804303972], [-101.46689289182878, 20.65313193265293]], [[-101.46689289182878, 20.65313193265293], [-101.46685452773053, 20.653132481367233]], [[-101.46685511068715, 20.65316859175507], [-101.46685452773053, 20.653132481367233]], [[-101.46685452773053, 20.653132481367233], [-101.46681616363105, 20.65313303007303]], [[-101.46681674657862, 20.653169140461912], [-101.46681616363105, 20.65313303007303]], [[-101.46681616363105, 20.65313303007303], [-101.46677779953032, 20.653133578770305]], [[-101.46677838246885, 20.653169689160237], [-101.46677779953032, 20.653133578770305]], [[-101.46677779953032, 20.653133578770305], [-101.46673943542834, 20.653134127459065]], [[-101.46674001835781, 20.653170237850045], [-101.46673943542834, 20.653134127459065]], [[-101.46673943542834, 20.653134127459065], [-101.4667010713251, 20.65313467613932]], [[-101.46670165424554, 20.653170786531337], [-101.4667010713251, 20.65313467613932]], [[-101.4667010713251, 20.65313467613932], [-101.4666627072206, 20.653135224811056]], [[-101.46666329013202, 20.65317133520412], [-101.4666627072206, 20.653135224811056]], [[-101.4666627072206, 20.653135224811056], [-101.46662434311489, 20.65313577347428]], [[-101.46662492601723, 20.653171883868392], [-101.46662434311489, 20.65313577347428]], [[-101.46662434311489, 20.65313577347428], [-101.4665859790079, 20.653136322128987]], [[-101.4665865619012, 20.653172432524137], [-101.4665859790079, 20.653136322128987]], [[-101.4665859790079, 20.653136322128987], [-101.46654761489967, 20.653136870775178]], [[-101.46654819778392, 20.653172981171377], [-101.46654761489967, 20.653136870775178]], [[-101.46654761489967, 20.653136870775178], [-101.46650925079018, 20.653137419412857]], [[-101.4665098336654, 20.653173529810104], [-101.46650925079018, 20.653137419412857]], [[-101.46650925079018, 20.653137419412857], [-101.46647088667945, 20.653137968042024]], [[-101.46647146954562, 20.65317407844031], [-101.46647088667945, 20.653137968042024]], [[-101.46647088667945, 20.653137968042024], [-101.46643252256746, 20.65313851666268]], [[-101.46643310542458, 20.653174627062008], [-101.46643252256746, 20.65313851666268]], [[-101.46643252256746, 20.65313851666268], [-101.46639415845424, 20.65313906527481]], [[-101.46639474130231, 20.653175175675184], [-101.46639415845424, 20.65313906527481]], [[-101.46639415845424, 20.65313906527481], [-101.46635579433975, 20.653139613878434]], [[-101.4663563771788, 20.65317572427986], [-101.46635579433975, 20.653139613878434]], [[-101.46635579433975, 20.653139613878434], [-101.46631743022402, 20.65314016247354]], [[-101.466318013054, 20.653176272876006], [-101.46631743022402, 20.65314016247354]], [[-101.46631743022402, 20.65314016247354], [-101.46627906610703, 20.653140711060136]], [[-101.466279648928, 20.65317682146364], [-101.46627906610703, 20.653140711060136]], [[-101.46627906610703, 20.653140711060136], [-101.46624070198881, 20.653141259638208]], [[-101.46624128480072, 20.65317737004276], [-101.46624070198881, 20.653141259638208]], [[-101.46624070198881, 20.653141259638208], [-101.46620233786932, 20.653141808207778]], [[-101.46620292067217, 20.65317791861337], [-101.46620233786932, 20.653141808207778]], [[-101.46620233786932, 20.653141808207778], [-101.46616397374859, 20.65314235676882]], [[-101.46616455654241, 20.65317846717546], [-101.46616397374859, 20.65314235676882]], [[-101.46616397374859, 20.65314235676882], [-101.4661256096266, 20.653142905321356]], [[-101.46612619241138, 20.653179015729044], [-101.4661256096266, 20.653142905321356]], [[-101.4661256096266, 20.653142905321356], [-101.46608724550337, 20.65314345386538]], [[-101.4660878282791, 20.65317956427411], [-101.46608724550337, 20.65314345386538]], [[-101.46608724550337, 20.65314345386538], [-101.4660488813789, 20.653144002400886]], [[-101.46604946414558, 20.65318011281066], [-101.4660488813789, 20.653144002400886]], [[-101.4660488813789, 20.653144002400886], [-101.46601051725317, 20.653144550927877]], [[-101.4660111000108, 20.6531806613387], [-101.46601051725317, 20.653144550927877]], [[-101.46601051725317, 20.653144550927877], [-101.46597215312617, 20.653145099446355]], [[-101.46597273587479, 20.653181209858218], [-101.46597215312617, 20.653145099446355]], [[-101.46597215312617, 20.653145099446355], [-101.46593378899794, 20.65314564795632]], [[-101.4659343717375, 20.65318175836923], [-101.46593378899794, 20.65314564795632]], [[-101.46593378899794, 20.65314564795632], [-101.46589542486846, 20.65314619645777]], [[-101.46589600759899, 20.65318230687172], [-101.46589542486846, 20.65314619645777]], [[-101.46589542486846, 20.65314619645777], [-101.46585706073775, 20.6531467449507]], [[-101.46585764345922, 20.653182855365696], [-101.46585706073775, 20.6531467449507]], [[-101.46585706073775, 20.6531467449507], [-101.46581869660577, 20.653147293435122]], [[-101.46581927931818, 20.653183403851166], [-101.46581869660577, 20.653147293435122]], [[-101.46581869660577, 20.653147293435122], [-101.46578033247253, 20.653147841911025]], [[-101.46578091517591, 20.653183952328114], [-101.46578033247253, 20.653147841911025]], [[-101.46578033247253, 20.653147841911025], [-101.46574196833805, 20.653148390378423]], [[-101.46574255103239, 20.653184500796552], [-101.46574196833805, 20.653148390378423]], [[-101.46574196833805, 20.653148390378423], [-101.46570360420233, 20.653148938837294]], [[-101.46570418688762, 20.65318504925647], [-101.46570360420233, 20.653148938837294]], [[-101.46570360420233, 20.653148938837294], [-101.46566524006535, 20.653149487287656]], [[-101.4656658227416, 20.65318559770788], [-101.46566524006535, 20.653149487287656]], [[-101.46566524006535, 20.653149487287656], [-101.46562687592711, 20.65315003572951]], [[-101.46562745859433, 20.65318614615077], [-101.46562687592711, 20.65315003572951]], [[-101.46562687592711, 20.65315003572951], [-101.46558851178764, 20.65315058416284]], [[-101.4655890944458, 20.653186694585145], [-101.46558851178764, 20.65315058416284]], [[-101.46558851178764, 20.65315058416284], [-101.46555014764692, 20.65315113258766]], [[-101.46555073029604, 20.653187243011015], [-101.46555014764692, 20.65315113258766]], [[-101.46555014764692, 20.65315113258766], [-101.46551178350495, 20.65315168100397]], [[-101.46551236614502, 20.65318779142836], [-101.46551178350495, 20.65315168100397]], [[-101.46551178350495, 20.65315168100397], [-101.46547341936171, 20.653152229411756]], [[-101.46547400199276, 20.653188339837197], [-101.46547341936171, 20.653152229411756]], [[-101.46547341936171, 20.653152229411756], [-101.46543505521724, 20.653152777811037]], [[-101.46543563783924, 20.653188888237516], [-101.46543505521724, 20.653152777811037]], [[-101.46543505521724, 20.653152777811037], [-101.46539669107152, 20.653153326201796]], [[-101.46539727368447, 20.653189436629322], [-101.46539669107152, 20.653153326201796]], [[-101.46539669107152, 20.653153326201796], [-101.46535832692454, 20.653153874584042]], [[-101.46535890952845, 20.653189985012613], [-101.46535832692454, 20.653153874584042]], [[-101.46535832692454, 20.653153874584042], [-101.46531996277633, 20.653154422957776]], [[-101.46532054537118, 20.65319053338739], [-101.46531996277633, 20.653154422957776]], [[-101.46531996277633, 20.653154422957776], [-101.46528159862686, 20.653154971322994]], [[-101.46528218121269, 20.65319108175365], [-101.46528159862686, 20.653154971322994]], [[-101.46528159862686, 20.653154971322994], [-101.46524323447615, 20.6531555196797]], [[-101.46524381705291, 20.6531916301114], [-101.46524323447615, 20.6531555196797]], [[-101.46524323447615, 20.6531555196797], [-101.46520487032417, 20.65315606802789]], [[-101.4652054528919, 20.65319217846064], [-101.46520487032417, 20.65315606802789]], [[-101.46520487032417, 20.65315606802789], [-101.46516650617095, 20.653156616367564]], [[-101.46516708872964, 20.653192726801358], [-101.46516650617095, 20.653156616367564]], [[-101.46516650617095, 20.653156616367564], [-101.46512814201648, 20.653157164698722]], [[-101.46512872456613, 20.65319327513356], [-101.46512814201648, 20.653157164698722]], [[-101.46512814201648, 20.653157164698722], [-101.46508977786077, 20.65315771302137]], [[-101.46509036040136, 20.653193823457254], [-101.46508977786077, 20.65315771302137]], [[-101.46508977786077, 20.65315771302137], [-101.4650514137038, 20.653158261335502]], [[-101.46505199623536, 20.65319437177243], [-101.4650514137038, 20.653158261335502]], [[-101.4650514137038, 20.653158261335502], [-101.46501304954559, 20.653158809641123]], [[-101.46501363206809, 20.65319492007909], [-101.46501304954559, 20.653158809641123]], [[-101.46501304954559, 20.653158809641123], [-101.46497468538612, 20.653159357938232]], [[-101.46497526789959, 20.65319546837724], [-101.46497468538612, 20.653159357938232]], [[-101.46497468538612, 20.653159357938232], [-101.46493632122541, 20.65315990622682]], [[-101.46493690372984, 20.653196016666875], [-101.46493632122541, 20.65315990622682]], [[-101.4679287220085, 20.653117114148195], [-101.46792813879992, 20.65308100378944]], [[-101.46792813879992, 20.65308100378944], [-101.46788977474448, 20.653081552732584]], [[-101.46789035794401, 20.653117663092385], [-101.46788977474448, 20.653081552732584]], [[-101.46788977474448, 20.653081552732584], [-101.4678514106878, 20.653082101667223]], [[-101.46785199387828, 20.65311821202807], [-101.4678514106878, 20.653082101667223]], [[-101.4678514106878, 20.653082101667223], [-101.46781304662987, 20.653082650593344]], [[-101.46781362981132, 20.653118760955234], [-101.46781304662987, 20.653082650593344]], [[-101.46781304662987, 20.653082650593344], [-101.46777468257069, 20.65308319951095]], [[-101.4677752657431, 20.65311930987388], [-101.46777468257069, 20.65308319951095]], [[-101.46777468257069, 20.65308319951095], [-101.46773631851025, 20.653083748420045]], [[-101.46773690167362, 20.653119858784024], [-101.46773631851025, 20.653083748420045]], [[-101.46773631851025, 20.653083748420045], [-101.46769795444857, 20.653084297320618]], [[-101.46769853760289, 20.653120407685645], [-101.46769795444857, 20.653084297320618]], [[-101.46769795444857, 20.653084297320618], [-101.46765959038564, 20.653084846212682]], [[-101.4676601735309, 20.653120956578753], [-101.46765959038564, 20.653084846212682]], [[-101.46765959038564, 20.653084846212682], [-101.46762122632146, 20.653085395096234]], [[-101.46762180945768, 20.65312150546335], [-101.46762122632146, 20.653085395096234]], [[-101.46762122632146, 20.653085395096234], [-101.46758286225601, 20.653085943971266]], [[-101.46758344538321, 20.653122054339427], [-101.46758286225601, 20.653085943971266]], [[-101.46758286225601, 20.653085943971266], [-101.46754449818933, 20.65308649283779]], [[-101.46754508130746, 20.653122603207], [-101.46754449818933, 20.65308649283779]], [[-101.46754449818933, 20.65308649283779], [-101.4675061341214, 20.653087041695798]], [[-101.46750671723049, 20.653123152066048], [-101.4675061341214, 20.653087041695798]], [[-101.4675061341214, 20.653087041695798], [-101.46746777005221, 20.65308759054529]], [[-101.46746835315227, 20.65312370091658], [-101.46746777005221, 20.65308759054529]], [[-101.46746777005221, 20.65308759054529], [-101.46742940598178, 20.65308813938627]], [[-101.46742998907278, 20.6531242497586], [-101.46742940598178, 20.65308813938627]], [[-101.46742940598178, 20.65308813938627], [-101.46739104191008, 20.65308868821873]], [[-101.46739162499205, 20.65312479859212], [-101.46739104191008, 20.65308868821873]], [[-101.46739104191008, 20.65308868821873], [-101.46735267783714, 20.653089237042682]], [[-101.46735326091007, 20.65312534741711], [-101.46735267783714, 20.653089237042682]], [[-101.46735267783714, 20.653089237042682], [-101.46731431376296, 20.653089785858118]], [[-101.46731489682685, 20.653125896233586], [-101.46731431376296, 20.653089785858118]], [[-101.46731431376296, 20.653089785858118], [-101.46727594968752, 20.653090334665038]], [[-101.46727653274235, 20.653126445041554], [-101.46727594968752, 20.653090334665038]], [[-101.46727594968752, 20.653090334665038], [-101.46723758561083, 20.65309088346344]], [[-101.46723816865662, 20.65312699384101], [-101.46723758561083, 20.65309088346344]], [[-101.46723758561083, 20.65309088346344], [-101.4671992215329, 20.65309143225334]], [[-101.46719980456965, 20.653127542631943], [-101.4671992215329, 20.65309143225334]], [[-101.4671992215329, 20.65309143225334], [-101.4671608574537, 20.653091981034713]], [[-101.4671614404814, 20.653128091414366], [-101.4671608574537, 20.653091981034713]], [[-101.4671608574537, 20.653091981034713], [-101.46712249337325, 20.65309252980758]], [[-101.46712307639191, 20.653128640188275], [-101.46712249337325, 20.65309252980758]], [[-101.46712249337325, 20.65309252980758], [-101.46708412929158, 20.653093078571928]], [[-101.4670847123012, 20.653129188953667], [-101.46708412929158, 20.653093078571928]], [[-101.46708412929158, 20.653093078571928], [-101.46704576520864, 20.653093627327763]], [[-101.46704634820921, 20.65312973771055], [-101.46704576520864, 20.653093627327763]], [[-101.46704576520864, 20.653093627327763], [-101.46700740112443, 20.653094176075083]], [[-101.46700798411598, 20.653130286458918], [-101.46700740112443, 20.653094176075083]], [[-101.46700740112443, 20.653094176075083], [-101.46696903703901, 20.653094724813887]], [[-101.46696962002149, 20.65313083519877], [-101.46696903703901, 20.653094724813887]], [[-101.46696903703901, 20.653094724813887], [-101.46693067295232, 20.653095273544178]], [[-101.46693125592576, 20.653131383930106], [-101.46693067295232, 20.653095273544178]], [[-101.46693067295232, 20.653095273544178], [-101.46689230886437, 20.653095822265957]], [[-101.46689289182878, 20.65313193265293], [-101.46689230886437, 20.653095822265957]], [[-101.46689230886437, 20.653095822265957], [-101.46685394477518, 20.65309637097922]], [[-101.46685452773053, 20.653132481367233], [-101.46685394477518, 20.65309637097922]], [[-101.46685394477518, 20.65309637097922], [-101.46681558068475, 20.653096919683968]], [[-101.46681616363105, 20.65313303007303], [-101.46681558068475, 20.653096919683968]], [[-101.46681558068475, 20.653096919683968], [-101.46677721659306, 20.653097468380203]], [[-101.46677779953032, 20.653133578770305], [-101.46677721659306, 20.653097468380203]], [[-101.46677721659306, 20.653097468380203], [-101.46673885250011, 20.653098017067922]], [[-101.46673943542834, 20.653134127459065], [-101.46673885250011, 20.653098017067922]], [[-101.46673885250011, 20.653098017067922], [-101.46670048840592, 20.653098565747133]], [[-101.4667010713251, 20.65313467613932], [-101.46670048840592, 20.653098565747133]], [[-101.46670048840592, 20.653098565747133], [-101.46666212431049, 20.653099114417824]], [[-101.4666627072206, 20.653135224811056], [-101.46666212431049, 20.653099114417824]], [[-101.46666212431049, 20.653099114417824], [-101.46662376021379, 20.653099663079995]], [[-101.46662434311489, 20.65313577347428], [-101.46662376021379, 20.653099663079995]], [[-101.46662376021379, 20.653099663079995], [-101.46658539611586, 20.653100211733662]], [[-101.4665859790079, 20.653136322128987], [-101.46658539611586, 20.653100211733662]], [[-101.46658539611586, 20.653100211733662], [-101.46654703201665, 20.653100760378813]], [[-101.46654761489967, 20.653136870775178], [-101.46654703201665, 20.653100760378813]], [[-101.46654703201665, 20.653100760378813], [-101.46650866791623, 20.653101309015444]], [[-101.46650925079018, 20.653137419412857], [-101.46650866791623, 20.653101309015444]], [[-101.46650866791623, 20.653101309015444], [-101.46647030381453, 20.653101857643566]], [[-101.46647088667945, 20.653137968042024], [-101.46647030381453, 20.653101857643566]], [[-101.46647030381453, 20.653101857643566], [-101.4664319397116, 20.65310240626317]], [[-101.46643252256746, 20.65313851666268], [-101.4664319397116, 20.65310240626317]], [[-101.4664319397116, 20.65310240626317], [-101.4663935756074, 20.653102954874264]], [[-101.46639415845424, 20.65313906527481], [-101.4663935756074, 20.653102954874264]], [[-101.4663935756074, 20.653102954874264], [-101.46635521150196, 20.65310350347684]], [[-101.46635579433975, 20.653139613878434], [-101.46635521150196, 20.65310350347684]], [[-101.46635521150196, 20.65310350347684], [-101.46631684739528, 20.6531040520709]], [[-101.46631743022402, 20.65314016247354], [-101.46631684739528, 20.6531040520709]], [[-101.46631684739528, 20.6531040520709], [-101.46627848328734, 20.65310460065645]], [[-101.46627906610703, 20.653140711060136], [-101.46627848328734, 20.65310460065645]], [[-101.46627848328734, 20.65310460065645], [-101.46624011917815, 20.65310514923348]], [[-101.46624070198881, 20.653141259638208], [-101.46624011917815, 20.65310514923348]], [[-101.46624011917815, 20.65310514923348], [-101.4662017550677, 20.653105697802005]], [[-101.46620233786932, 20.653141808207778], [-101.4662017550677, 20.653105697802005]], [[-101.4662017550677, 20.653105697802005], [-101.46616339095601, 20.653106246362007]], [[-101.46616397374859, 20.65314235676882], [-101.46616339095601, 20.653106246362007]], [[-101.46616339095601, 20.653106246362007], [-101.46612502684307, 20.653106794913498]], [[-101.4661256096266, 20.653142905321356], [-101.46612502684307, 20.653106794913498]], [[-101.46612502684307, 20.653106794913498], [-101.46608666272888, 20.653107343456476]], [[-101.46608724550337, 20.65314345386538], [-101.46608666272888, 20.653107343456476]], [[-101.46608666272888, 20.653107343456476], [-101.46604829861344, 20.653107891990935]], [[-101.4660488813789, 20.653144002400886], [-101.46604829861344, 20.653107891990935]], [[-101.46604829861344, 20.653107891990935], [-101.46600993449677, 20.653108440516885]], [[-101.46601051725317, 20.653144550927877], [-101.46600993449677, 20.653108440516885]], [[-101.46600993449677, 20.653108440516885], [-101.46597157037883, 20.653108989034315]], [[-101.46597215312617, 20.653145099446355], [-101.46597157037883, 20.653108989034315]], [[-101.46597157037883, 20.653108989034315], [-101.46593320625965, 20.65310953754324]], [[-101.46593378899794, 20.65314564795632], [-101.46593320625965, 20.65310953754324]], [[-101.46593320625965, 20.65310953754324], [-101.46589484213919, 20.653110086043643]], [[-101.46589542486846, 20.65314619645777], [-101.46589484213919, 20.653110086043643]], [[-101.46589484213919, 20.653110086043643], [-101.46585647801753, 20.653110634535533]], [[-101.46585706073775, 20.6531467449507], [-101.46585647801753, 20.653110634535533]], [[-101.46585647801753, 20.653110634535533], [-101.46581811389458, 20.653111183018904]], [[-101.46581869660577, 20.653147293435122], [-101.46581811389458, 20.653111183018904]], [[-101.46581811389458, 20.653111183018904], [-101.4657797497704, 20.653111731493766]], [[-101.46578033247253, 20.653147841911025], [-101.4657797497704, 20.653111731493766]], [[-101.4657797497704, 20.653111731493766], [-101.46574138564496, 20.653112279960112]], [[-101.46574196833805, 20.653148390378423], [-101.46574138564496, 20.653112279960112]], [[-101.46574138564496, 20.653112279960112], [-101.46570302151828, 20.65311282841795]], [[-101.46570360420233, 20.653148938837294], [-101.46570302151828, 20.65311282841795]], [[-101.46570302151828, 20.65311282841795], [-101.46566465739033, 20.65311337686727]], [[-101.46566524006535, 20.653149487287656], [-101.46566465739033, 20.65311337686727]], [[-101.46566465739033, 20.65311337686727], [-101.46562629326117, 20.65311392530807]], [[-101.46562687592711, 20.65315003572951], [-101.46562629326117, 20.65311392530807]], [[-101.46562629326117, 20.65311392530807], [-101.46558792913072, 20.65311447374036]], [[-101.46558851178764, 20.65315058416284], [-101.46558792913072, 20.65311447374036]], [[-101.46558792913072, 20.65311447374036], [-101.46554956499905, 20.653115022164137]], [[-101.46555014764692, 20.65315113258766], [-101.46554956499905, 20.653115022164137]], [[-101.46554956499905, 20.653115022164137], [-101.46551120086612, 20.6531155705794]], [[-101.46551178350495, 20.65315168100397], [-101.46551120086612, 20.6531155705794]], [[-101.46551120086612, 20.6531155705794], [-101.46547283673193, 20.653116118986148]], [[-101.46547341936171, 20.653152229411756], [-101.46547283673193, 20.653116118986148]], [[-101.46547283673193, 20.653116118986148], [-101.4654344725965, 20.653116667384374]], [[-101.46543505521724, 20.653152777811037], [-101.4654344725965, 20.653116667384374]], [[-101.4654344725965, 20.653116667384374], [-101.46539610845983, 20.653117215774095]], [[-101.46539669107152, 20.653153326201796], [-101.46539610845983, 20.653117215774095]], [[-101.46539610845983, 20.653117215774095], [-101.4653577443219, 20.653117764155297]], [[-101.46535832692454, 20.653153874584042], [-101.4653577443219, 20.653117764155297]], [[-101.4653577443219, 20.653117764155297], [-101.46531938018272, 20.653118312527983]], [[-101.46531996277633, 20.653154422957776], [-101.46531938018272, 20.653118312527983]], [[-101.46531938018272, 20.653118312527983], [-101.46528101604228, 20.65311886089216]], [[-101.46528159862686, 20.653154971322994], [-101.46528101604228, 20.65311886089216]], [[-101.46528101604228, 20.65311886089216], [-101.46524265190061, 20.653119409247818]], [[-101.46524323447615, 20.6531555196797], [-101.46524265190061, 20.653119409247818]], [[-101.46524265190061, 20.653119409247818], [-101.46520428775769, 20.653119957594967]], [[-101.46520487032417, 20.65315606802789], [-101.46520428775769, 20.653119957594967]], [[-101.46520428775769, 20.653119957594967], [-101.46516592361351, 20.6531205059336]], [[-101.46516650617095, 20.653156616367564], [-101.46516592361351, 20.6531205059336]], [[-101.46516592361351, 20.6531205059336], [-101.46512755946809, 20.653121054263718]], [[-101.46512814201648, 20.653157164698722], [-101.46512755946809, 20.653121054263718]], [[-101.46512755946809, 20.653121054263718], [-101.46508919532143, 20.65312160258532]], [[-101.46508977786077, 20.65315771302137], [-101.46508919532143, 20.65312160258532]], [[-101.46508919532143, 20.65312160258532], [-101.4650508311735, 20.653122150898405]], [[-101.4650514137038, 20.653158261335502], [-101.4650508311735, 20.653122150898405]], [[-101.4650508311735, 20.653122150898405], [-101.46501246702432, 20.65312269920298]], [[-101.46501304954559, 20.653158809641123], [-101.46501246702432, 20.65312269920298]], [[-101.46501246702432, 20.65312269920298], [-101.46497410287391, 20.65312324749904]], [[-101.46497468538612, 20.653159357938232], [-101.46497410287391, 20.65312324749904]], [[-101.46792813879992, 20.65308100378944], [-101.4679275555926, 20.653044893430526]], [[-101.4679275555926, 20.653044893430526], [-101.4678891915462, 20.65304544237263]], [[-101.46788977474448, 20.653081552732584], [-101.4678891915462, 20.65304544237263]], [[-101.4678891915462, 20.65304544237263], [-101.46785082749857, 20.653045991306218]], [[-101.4678514106878, 20.653082101667223], [-101.46785082749857, 20.653045991306218]], [[-101.46785082749857, 20.653045991306218], [-101.46781246344968, 20.653046540231294]], [[-101.46781304662987, 20.653082650593344], [-101.46781246344968, 20.653046540231294]], [[-101.46781246344968, 20.653046540231294], [-101.46777409939953, 20.653047089147854]], [[-101.46777468257069, 20.65308319951095], [-101.46777409939953, 20.653047089147854]], [[-101.46777409939953, 20.653047089147854], [-101.46773573534814, 20.653047638055902]], [[-101.46773631851025, 20.653083748420045], [-101.46773573534814, 20.653047638055902]], [[-101.46773573534814, 20.653047638055902], [-101.46769737129551, 20.653048186955434]], [[-101.46769795444857, 20.653084297320618], [-101.46769737129551, 20.653048186955434]], [[-101.46769737129551, 20.653048186955434], [-101.46765900724162, 20.65304873584646]], [[-101.46765959038564, 20.653084846212682], [-101.46765900724162, 20.65304873584646]], [[-101.46765900724162, 20.65304873584646], [-101.46762064318648, 20.65304928472896]], [[-101.46762122632146, 20.653085395096234], [-101.46762064318648, 20.65304928472896]], [[-101.46762064318648, 20.65304928472896], [-101.46758227913008, 20.653049833602957]], [[-101.46758286225601, 20.653085943971266], [-101.46758227913008, 20.653049833602957]], [[-101.46758227913008, 20.653049833602957], [-101.46754391507244, 20.653050382468425]], [[-101.46754449818933, 20.65308649283779], [-101.46754391507244, 20.653050382468425]], [[-101.46754391507244, 20.653050382468425], [-101.46750555101355, 20.65305093132539]], [[-101.4675061341214, 20.653087041695798], [-101.46750555101355, 20.65305093132539]], [[-101.46750555101355, 20.65305093132539], [-101.46746718695341, 20.653051480173833]], [[-101.46746777005221, 20.65308759054529], [-101.46746718695341, 20.653051480173833]], [[-101.46746718695341, 20.653051480173833], [-101.467428822892, 20.653052029013768]], [[-101.46742940598178, 20.65308813938627], [-101.467428822892, 20.653052029013768]], [[-101.467428822892, 20.653052029013768], [-101.46739045882937, 20.653052577845184]], [[-101.46739104191008, 20.65308868821873], [-101.46739045882937, 20.653052577845184]], [[-101.46739045882937, 20.653052577845184], [-101.46735209476547, 20.653053126668095]], [[-101.46735267783714, 20.653089237042682], [-101.46735209476547, 20.653053126668095]], [[-101.46735209476547, 20.653053126668095], [-101.46731373070033, 20.653053675482486]], [[-101.46731431376296, 20.653089785858118], [-101.46731373070033, 20.653053675482486]], [[-101.46731373070033, 20.653053675482486], [-101.46727536663394, 20.653054224288354]], [[-101.46727594968752, 20.653090334665038], [-101.46727536663394, 20.653054224288354]], [[-101.46727536663394, 20.653054224288354], [-101.46723700256629, 20.65305477308572]], [[-101.46723758561083, 20.65309088346344], [-101.46723700256629, 20.65305477308572]], [[-101.46723700256629, 20.65305477308572], [-101.4671986384974, 20.65305532187457]], [[-101.4671992215329, 20.65309143225334], [-101.4671986384974, 20.65305532187457]], [[-101.4671986384974, 20.65305532187457], [-101.46716027442724, 20.653055870654903]], [[-101.4671608574537, 20.653091981034713], [-101.46716027442724, 20.653055870654903]], [[-101.46716027442724, 20.653055870654903], [-101.46712191035586, 20.653056419426715]], [[-101.46712249337325, 20.65309252980758], [-101.46712191035586, 20.653056419426715]], [[-101.46712191035586, 20.653056419426715], [-101.4670835462832, 20.653056968190025]], [[-101.46708412929158, 20.653093078571928], [-101.4670835462832, 20.653056968190025]], [[-101.4670835462832, 20.653056968190025], [-101.46704518220932, 20.653057516944813]], [[-101.46704576520864, 20.653093627327763], [-101.46704518220932, 20.653057516944813]], [[-101.46704518220932, 20.653057516944813], [-101.46700681813417, 20.65305806569109]], [[-101.46700740112443, 20.653094176075083], [-101.46700681813417, 20.65305806569109]], [[-101.46700681813417, 20.65305806569109], [-101.46696845405776, 20.65305861442885]], [[-101.46696903703901, 20.653094724813887], [-101.46696845405776, 20.65305861442885]], [[-101.46696845405776, 20.65305861442885], [-101.46693008998011, 20.653059163158098]], [[-101.46693067295232, 20.653095273544178], [-101.46693008998011, 20.653059163158098]], [[-101.46693008998011, 20.653059163158098], [-101.46689172590122, 20.65305971187883]], [[-101.46689230886437, 20.653095822265957], [-101.46689172590122, 20.65305971187883]], [[-101.46689172590122, 20.65305971187883], [-101.46685336182108, 20.65306026059105]], [[-101.46685394477518, 20.65309637097922], [-101.46685336182108, 20.65306026059105]], [[-101.46685336182108, 20.65306026059105], [-101.46681499773968, 20.65306080929475]], [[-101.46681558068475, 20.653096919683968], [-101.46681499773968, 20.65306080929475]], [[-101.46681499773968, 20.65306080929475], [-101.46677663365703, 20.653061357989937]], [[-101.46677721659306, 20.653097468380203], [-101.46677663365703, 20.653061357989937]], [[-101.46677663365703, 20.653061357989937], [-101.46673826957314, 20.65306190667662]], [[-101.46673885250011, 20.653098017067922], [-101.46673826957314, 20.65306190667662]], [[-101.46673826957314, 20.65306190667662], [-101.46669990548799, 20.65306245535478]], [[-101.46670048840592, 20.653098565747133], [-101.46669990548799, 20.65306245535478]], [[-101.46669990548799, 20.65306245535478], [-101.46666154140159, 20.65306300402442]], [[-101.46666212431049, 20.653099114417824], [-101.46666154140159, 20.65306300402442]], [[-101.46666154140159, 20.65306300402442], [-101.46662317731395, 20.653063552685555]], [[-101.46662376021379, 20.653099663079995], [-101.46662317731395, 20.653063552685555]], [[-101.46662317731395, 20.653063552685555], [-101.46658481322505, 20.653064101338174]], [[-101.46658539611586, 20.653100211733662], [-101.46658481322505, 20.653064101338174]], [[-101.46658481322505, 20.653064101338174], [-101.4665464491349, 20.65306464998228]], [[-101.46654703201665, 20.653100760378813], [-101.4665464491349, 20.65306464998228]], [[-101.4665464491349, 20.65306464998228], [-101.46650808504351, 20.653065198617867]], [[-101.46650866791623, 20.653101309015444], [-101.46650808504351, 20.653065198617867]], [[-101.46650808504351, 20.653065198617867], [-101.46646972095087, 20.653065747244945]], [[-101.46647030381453, 20.653101857643566], [-101.46646972095087, 20.653065747244945]], [[-101.46646972095087, 20.653065747244945], [-101.46643135685696, 20.653066295863507]], [[-101.4664319397116, 20.65310240626317], [-101.46643135685696, 20.653066295863507]], [[-101.46643135685696, 20.653066295863507], [-101.46639299276183, 20.653066844473553]], [[-101.4663935756074, 20.653102954874264], [-101.46639299276183, 20.653066844473553]], [[-101.46639299276183, 20.653066844473553], [-101.46635462866541, 20.65306739307509]], [[-101.46635521150196, 20.65310350347684], [-101.46635462866541, 20.65306739307509]], [[-101.46635462866541, 20.65306739307509], [-101.46631626456778, 20.653067941668102]], [[-101.46631684739528, 20.6531040520709], [-101.46631626456778, 20.653067941668102]], [[-101.46631626456778, 20.653067941668102], [-101.46627790046888, 20.653068490252608]], [[-101.46627848328734, 20.65310460065645], [-101.46627790046888, 20.653068490252608]], [[-101.46627790046888, 20.653068490252608], [-101.46623953636873, 20.653069038828598]], [[-101.46624011917815, 20.65310514923348], [-101.46623953636873, 20.653069038828598]], [[-101.46623953636873, 20.653069038828598], [-101.46620117226735, 20.65306958739607]], [[-101.4662017550677, 20.653105697802005], [-101.46620117226735, 20.65306958739607]], [[-101.46620117226735, 20.65306958739607], [-101.4661628081647, 20.653070135955033]], [[-101.46616339095601, 20.653106246362007], [-101.4661628081647, 20.653070135955033]], [[-101.4661628081647, 20.653070135955033], [-101.46612444406081, 20.65307068450548]], [[-101.46612502684307, 20.653106794913498], [-101.46612444406081, 20.65307068450548]], [[-101.46612444406081, 20.65307068450548], [-101.46608607995566, 20.65307123304741]], [[-101.46608666272888, 20.653107343456476], [-101.46608607995566, 20.65307123304741]], [[-101.46608607995566, 20.65307123304741], [-101.46604771584927, 20.65307178158083]], [[-101.46604829861344, 20.653107891990935], [-101.46604771584927, 20.65307178158083]], [[-101.46604771584927, 20.65307178158083], [-101.46600935174162, 20.653072330105733]], [[-101.46600993449677, 20.653108440516885], [-101.46600935174162, 20.653072330105733]], [[-101.46600935174162, 20.653072330105733], [-101.46597098763273, 20.65307287862212]], [[-101.46597157037883, 20.653108989034315], [-101.46597098763273, 20.65307287862212]], [[-101.46597098763273, 20.65307287862212], [-101.46593262352258, 20.653073427129996]], [[-101.46593320625965, 20.65310953754324], [-101.46593262352258, 20.653073427129996]], [[-101.46593262352258, 20.653073427129996], [-101.46589425941119, 20.653073975629354]], [[-101.46589484213919, 20.653110086043643], [-101.46589425941119, 20.653073975629354]], [[-101.46589425941119, 20.653073975629354], [-101.46585589529855, 20.653074524120203]], [[-101.46585647801753, 20.653110634535533], [-101.46585589529855, 20.653074524120203]], [[-101.46585589529855, 20.653074524120203], [-101.46581753118465, 20.653075072602533]], [[-101.46581811389458, 20.653111183018904], [-101.46581753118465, 20.653075072602533]], [[-101.46581753118465, 20.653075072602533], [-101.46577916706951, 20.65307562107635]], [[-101.4657797497704, 20.653111731493766], [-101.46577916706951, 20.65307562107635]], [[-101.46577916706951, 20.65307562107635], [-101.46574080295312, 20.653076169541652]], [[-101.46574138564496, 20.653112279960112], [-101.46574080295312, 20.653076169541652]], [[-101.46574080295312, 20.653076169541652], [-101.46570243883548, 20.653076717998438]], [[-101.46570302151828, 20.65311282841795], [-101.46570243883548, 20.653076717998438]], [[-101.46570243883548, 20.653076717998438], [-101.46566407471659, 20.653077266446715]], [[-101.46566465739033, 20.65311337686727], [-101.46566407471659, 20.653077266446715]], [[-101.46566407471659, 20.653077266446715], [-101.46562571059646, 20.65307781488648]], [[-101.46562629326117, 20.65311392530807], [-101.46562571059646, 20.65307781488648]], [[-101.46562571059646, 20.65307781488648], [-101.46558734647506, 20.653078363317725]], [[-101.46558792913072, 20.65311447374036], [-101.46558734647506, 20.653078363317725]], [[-101.46558734647506, 20.653078363317725], [-101.46554898235242, 20.65307891174045]], [[-101.46554956499905, 20.653115022164137], [-101.46554898235242, 20.65307891174045]], [[-101.46554898235242, 20.65307891174045], [-101.46551061822854, 20.65307946015467]], [[-101.46551120086612, 20.6531155705794], [-101.46551061822854, 20.65307946015467]], [[-101.46551061822854, 20.65307946015467], [-101.4654722541034, 20.65308000856037]], [[-101.46547283673193, 20.653116118986148], [-101.4654722541034, 20.65308000856037]], [[-101.4654722541034, 20.65308000856037], [-101.46543388997702, 20.65308055695756]], [[-101.4654344725965, 20.653116667384374], [-101.46543388997702, 20.65308055695756]], [[-101.46543388997702, 20.65308055695756], [-101.46539552584939, 20.65308110534623]], [[-101.46539610845983, 20.653117215774095], [-101.46539552584939, 20.65308110534623]], [[-101.46539552584939, 20.65308110534623], [-101.46535716172049, 20.653081653726392]], [[-101.4653577443219, 20.653117764155297], [-101.46535716172049, 20.653081653726392]], [[-101.46535716172049, 20.653081653726392], [-101.46531879759036, 20.653082202098037]], [[-101.46531938018272, 20.653118312527983], [-101.46531879759036, 20.653082202098037]], [[-101.46531879759036, 20.653082202098037], [-101.46528043345899, 20.65308275046117]], [[-101.46528101604228, 20.65311886089216], [-101.46528043345899, 20.65308275046117]], [[-101.46528043345899, 20.65308275046117], [-101.46524206932634, 20.653083298815783]], [[-101.46524265190061, 20.653119409247818], [-101.46524206932634, 20.653083298815783]], [[-101.46524206932634, 20.653083298815783], [-101.46520370519245, 20.653083847161888]], [[-101.46520428775769, 20.653119957594967], [-101.46520370519245, 20.653083847161888]], [[-101.46520370519245, 20.653083847161888], [-101.46516534105733, 20.653084395499473]], [[-101.46516592361351, 20.6531205059336], [-101.46516534105733, 20.653084395499473]], [[-101.46516534105733, 20.653084395499473], [-101.46512697692094, 20.65308494382855]], [[-101.46512755946809, 20.653121054263718], [-101.46512697692094, 20.65308494382855]], [[-101.46512697692094, 20.65308494382855], [-101.46508861278332, 20.653085492149103]], [[-101.46508919532143, 20.65312160258532], [-101.46508861278332, 20.653085492149103]], [[-101.46508861278332, 20.653085492149103], [-101.46505024864443, 20.653086040461144]], [[-101.4650508311735, 20.653122150898405], [-101.46505024864443, 20.653086040461144]], [[-101.46505024864443, 20.653086040461144], [-101.4650118845043, 20.65308658876468]], [[-101.46501246702432, 20.65312269920298], [-101.4650118845043, 20.65308658876468]], [[-101.4650118845043, 20.65308658876468], [-101.46497352036293, 20.6530871370597]], [[-101.46497410287391, 20.65312324749904], [-101.46497352036293, 20.6530871370597]], [[-101.4679275555926, 20.653044893430526], [-101.46792697238652, 20.653008783071446]], [[-101.46792697238652, 20.653008783071446], [-101.46788860834917, 20.653009332012505]], [[-101.4678891915462, 20.65304544237263], [-101.46788860834917, 20.653009332012505]], [[-101.46788860834917, 20.653009332012505], [-101.46785024431058, 20.65300988094505]], [[-101.46785082749857, 20.653045991306218], [-101.46785024431058, 20.65300988094505]], [[-101.46785024431058, 20.65300988094505], [-101.46781188027073, 20.653010429869077]], [[-101.46781246344968, 20.653046540231294], [-101.46781188027073, 20.653010429869077]], [[-101.46781188027073, 20.653010429869077], [-101.46777351622963, 20.653010978784593]], [[-101.46777409939953, 20.653047089147854], [-101.46777351622963, 20.653010978784593]], [[-101.46777351622963, 20.653010978784593], [-101.46773515218729, 20.6530115276916]], [[-101.46773573534814, 20.653047638055902], [-101.46773515218729, 20.6530115276916]], [[-101.46773515218729, 20.6530115276916], [-101.46769678814368, 20.653012076590084]], [[-101.46769737129551, 20.653048186955434], [-101.46769678814368, 20.653012076590084]], [[-101.46769678814368, 20.653012076590084], [-101.46765842409886, 20.653012625480063]], [[-101.46765900724162, 20.65304873584646], [-101.46765842409886, 20.653012625480063]], [[-101.46765842409886, 20.653012625480063], [-101.46762006005274, 20.653013174361522]], [[-101.46762064318648, 20.65304928472896], [-101.46762006005274, 20.653013174361522]], [[-101.46762006005274, 20.653013174361522], [-101.4675816960054, 20.653013723234462]], [[-101.46758227913008, 20.653049833602957], [-101.4675816960054, 20.653013723234462]], [[-101.4675816960054, 20.653013723234462], [-101.4675433319568, 20.653014272098897]], [[-101.46754391507244, 20.653050382468425], [-101.4675433319568, 20.653014272098897]], [[-101.4675433319568, 20.653014272098897], [-101.46750496790695, 20.653014820954816]], [[-101.46750555101355, 20.65305093132539], [-101.46750496790695, 20.653014820954816]], [[-101.46750496790695, 20.653014820954816], [-101.46746660385585, 20.653015369802212]], [[-101.46746718695341, 20.653051480173833], [-101.46746660385585, 20.653015369802212]], [[-101.46746660385585, 20.653015369802212], [-101.4674282398035, 20.653015918641103]], [[-101.467428822892, 20.653052029013768], [-101.4674282398035, 20.653015918641103]], [[-101.4674282398035, 20.653015918641103], [-101.4673898757499, 20.653016467471474]], [[-101.46739045882937, 20.653052577845184], [-101.4673898757499, 20.653016467471474]], [[-101.4673898757499, 20.653016467471474], [-101.46735151169504, 20.653017016293337]], [[-101.46735209476547, 20.653053126668095], [-101.46735151169504, 20.653017016293337]], [[-101.46735151169504, 20.653017016293337], [-101.46731314763895, 20.65301756510668]], [[-101.46731373070033, 20.653053675482486], [-101.46731314763895, 20.65301756510668]], [[-101.46731314763895, 20.65301756510668], [-101.4672747835816, 20.65301811391151]], [[-101.46727536663394, 20.653054224288354], [-101.4672747835816, 20.65301811391151]], [[-101.4672747835816, 20.65301811391151], [-101.467236419523, 20.65301866270783]], [[-101.46723700256629, 20.65305477308572], [-101.467236419523, 20.65301866270783]], [[-101.467236419523, 20.65301866270783], [-101.46719805546314, 20.653019211495636]], [[-101.4671986384974, 20.65305532187457], [-101.46719805546314, 20.653019211495636]], [[-101.46719805546314, 20.653019211495636], [-101.46715969140205, 20.65301976027492]], [[-101.46716027442724, 20.653055870654903], [-101.46715969140205, 20.65301976027492]], [[-101.46715969140205, 20.65301976027492], [-101.46712132733968, 20.65302030904569]], [[-101.46712191035586, 20.653056419426715], [-101.46712132733968, 20.65302030904569]], [[-101.46712132733968, 20.65302030904569], [-101.46708296327608, 20.653020857807952]], [[-101.4670835462832, 20.653056968190025], [-101.46708296327608, 20.653020857807952]], [[-101.46708296327608, 20.653020857807952], [-101.46704459921123, 20.6530214065617]], [[-101.46704518220932, 20.653057516944813], [-101.46704459921123, 20.6530214065617]], [[-101.46704459921123, 20.6530214065617], [-101.46700623514513, 20.65302195530693]], [[-101.46700681813417, 20.65305806569109], [-101.46700623514513, 20.65302195530693]], [[-101.46700623514513, 20.65302195530693], [-101.46696787107777, 20.653022504043644]], [[-101.46696845405776, 20.65305861442885], [-101.46696787107777, 20.653022504043644]], [[-101.46696787107777, 20.653022504043644], [-101.46692950700917, 20.653023052771843]], [[-101.46693008998011, 20.653059163158098], [-101.46692950700917, 20.653023052771843]], [[-101.46692950700917, 20.653023052771843], [-101.46689114293933, 20.653023601491533]], [[-101.46689172590122, 20.65305971187883], [-101.46689114293933, 20.653023601491533]], [[-101.46689114293933, 20.653023601491533], [-101.46685277886822, 20.653024150202707]], [[-101.46685336182108, 20.65306026059105], [-101.46685277886822, 20.653024150202707]], [[-101.46685277886822, 20.653024150202707], [-101.46681441479586, 20.653024698905366]], [[-101.46681499773968, 20.65306080929475], [-101.46681441479586, 20.653024698905366]], [[-101.46681441479586, 20.653024698905366], [-101.46677605072226, 20.653025247599512]], [[-101.46677663365703, 20.653061357989937], [-101.46677605072226, 20.653025247599512]], [[-101.46677605072226, 20.653025247599512], [-101.46673768664742, 20.653025796285142]], [[-101.46673826957314, 20.65306190667662], [-101.46673768664742, 20.653025796285142]], [[-101.46673768664742, 20.653025796285142], [-101.4666993225713, 20.653026344962257]], [[-101.46669990548799, 20.65306245535478], [-101.4666993225713, 20.653026344962257]], [[-101.4666993225713, 20.653026344962257], [-101.46666095849396, 20.653026893630862]], [[-101.46666154140159, 20.65306300402442], [-101.46666095849396, 20.653026893630862]], [[-101.46666095849396, 20.653026893630862], [-101.46662259441536, 20.65302744229095]], [[-101.46662317731395, 20.653063552685555], [-101.46662259441536, 20.65302744229095]], [[-101.46662259441536, 20.65302744229095], [-101.4665842303355, 20.653027990942523]], [[-101.46658481322505, 20.653064101338174], [-101.4665842303355, 20.653027990942523]], [[-101.4665842303355, 20.653027990942523], [-101.46654586625439, 20.65302853958558]], [[-101.4665464491349, 20.65306464998228], [-101.46654586625439, 20.65302853958558]], [[-101.46654586625439, 20.65302853958558], [-101.46650750217205, 20.653029088220134]], [[-101.46650808504351, 20.653065198617867], [-101.46650750217205, 20.653029088220134]], [[-101.46650750217205, 20.653029088220134], [-101.46646913808844, 20.65302963684616]], [[-101.46646972095087, 20.653065747244945], [-101.46646913808844, 20.65302963684616]], [[-101.46646913808844, 20.65302963684616], [-101.46643077400358, 20.653030185463678]], [[-101.46643135685696, 20.653066295863507], [-101.46643077400358, 20.653030185463678]], [[-101.46643077400358, 20.653030185463678], [-101.46639240991749, 20.65303073407268]], [[-101.46639299276183, 20.653066844473553], [-101.46639240991749, 20.65303073407268]], [[-101.46639240991749, 20.65303073407268], [-101.46635404583013, 20.653031282673165]], [[-101.46635462866541, 20.65306739307509], [-101.46635404583013, 20.653031282673165]], [[-101.46635404583013, 20.653031282673165], [-101.46631568174152, 20.653031831265142]], [[-101.46631626456778, 20.653067941668102], [-101.46631568174152, 20.653031831265142]], [[-101.46631568174152, 20.653031831265142], [-101.46627731765167, 20.653032379848597]], [[-101.46627790046888, 20.653068490252608], [-101.46627731765167, 20.653032379848597]], [[-101.46627731765167, 20.653032379848597], [-101.46623895356056, 20.65303292842354]], [[-101.46623953636873, 20.653069038828598], [-101.46623895356056, 20.65303292842354]], [[-101.46623895356056, 20.65303292842354], [-101.46620058946823, 20.65303347698997]], [[-101.46620117226735, 20.65306958739607], [-101.46620058946823, 20.65303347698997]], [[-101.46620058946823, 20.65303347698997], [-101.46616222537463, 20.653034025547893]], [[-101.4661628081647, 20.653070135955033], [-101.46616222537463, 20.653034025547893]], [[-101.46616222537463, 20.653034025547893], [-101.46612386127977, 20.653034574097294]], [[-101.46612444406081, 20.65307068450548], [-101.46612386127977, 20.653034574097294]], [[-101.46612386127977, 20.653034574097294], [-101.46608549718367, 20.653035122638183]], [[-101.46608607995566, 20.65307123304741], [-101.46608549718367, 20.653035122638183]], [[-101.46608549718367, 20.653035122638183], [-101.46604713308632, 20.653035671170553]], [[-101.46604771584927, 20.65307178158083], [-101.46604713308632, 20.653035671170553]], [[-101.46604713308632, 20.653035671170553], [-101.46600876898772, 20.65303621969441]], [[-101.46600935174162, 20.653072330105733], [-101.46600876898772, 20.65303621969441]], [[-101.46600876898772, 20.65303621969441], [-101.46597040488787, 20.653036768209756]], [[-101.46597098763273, 20.65307287862212], [-101.46597040488787, 20.653036768209756]], [[-101.46597040488787, 20.653036768209756], [-101.46593204078677, 20.653037316716585]], [[-101.46593262352258, 20.653073427129996], [-101.46593204078677, 20.653037316716585]], [[-101.46593204078677, 20.653037316716585], [-101.46589367668443, 20.653037865214902]], [[-101.46589425941119, 20.653073975629354], [-101.46589367668443, 20.653037865214902]], [[-101.46589367668443, 20.653037865214902], [-101.46585531258083, 20.653038413704706]], [[-101.46585589529855, 20.653074524120203], [-101.46585531258083, 20.653038413704706]], [[-101.46585531258083, 20.653038413704706], [-101.46581694847598, 20.65303896218599]], [[-101.46581753118465, 20.653075072602533], [-101.46581694847598, 20.65303896218599]], [[-101.46581694847598, 20.65303896218599], [-101.46577858436987, 20.653039510658765]], [[-101.46577916706951, 20.65307562107635], [-101.46577858436987, 20.653039510658765]], [[-101.46577858436987, 20.653039510658765], [-101.46574022026253, 20.653040059123025]], [[-101.46574080295312, 20.653076169541652], [-101.46574022026253, 20.653040059123025]], [[-101.46574022026253, 20.653040059123025], [-101.46570185615393, 20.653040607578767]], [[-101.46570243883548, 20.653076717998438], [-101.46570185615393, 20.653040607578767]], [[-101.46570185615393, 20.653040607578767], [-101.46566349204409, 20.653041156025996]], [[-101.46566407471659, 20.653077266446715], [-101.46566349204409, 20.653041156025996]], [[-101.46566349204409, 20.653041156025996], [-101.465625127933, 20.653041704464712]], [[-101.46562571059646, 20.65307781488648], [-101.465625127933, 20.653041704464712]], [[-101.465625127933, 20.653041704464712], [-101.46558676382064, 20.653042252894913]], [[-101.46558734647506, 20.653078363317725], [-101.46558676382064, 20.653042252894913]], [[-101.46558676382064, 20.653042252894913], [-101.46554839970705, 20.653042801316598]], [[-101.46554898235242, 20.65307891174045], [-101.46554839970705, 20.653042801316598]], [[-101.46554839970705, 20.653042801316598], [-101.4655100355922, 20.653043349729774]], [[-101.46551061822854, 20.65307946015467], [-101.4655100355922, 20.653043349729774]], [[-101.4655100355922, 20.653043349729774], [-101.46547167147611, 20.65304389813443]], [[-101.4654722541034, 20.65308000856037], [-101.46547167147611, 20.65304389813443]], [[-101.46547167147611, 20.65304389813443], [-101.46543330735878, 20.65304444653058]], [[-101.46543388997702, 20.65308055695756], [-101.46543330735878, 20.65304444653058]], [[-101.46543330735878, 20.65304444653058], [-101.46539494324017, 20.653044994918204]], [[-101.46539552584939, 20.65308110534623], [-101.46539494324017, 20.653044994918204]], [[-101.46539494324017, 20.653044994918204], [-101.46535657912034, 20.65304554329732]], [[-101.46535716172049, 20.653081653726392], [-101.46535657912034, 20.65304554329732]], [[-101.46535657912034, 20.65304554329732], [-101.46531821499924, 20.653046091667925]], [[-101.46531879759036, 20.653082202098037], [-101.46531821499924, 20.653046091667925]], [[-101.46531821499924, 20.653046091667925], [-101.46527985087691, 20.653046640030006]], [[-101.46528043345899, 20.65308275046117], [-101.46527985087691, 20.653046640030006]], [[-101.46527985087691, 20.653046640030006], [-101.46524148675331, 20.65304718838358]], [[-101.46524206932634, 20.653083298815783], [-101.46524148675331, 20.65304718838358]], [[-101.46524148675331, 20.65304718838358], [-101.46520312262848, 20.653047736728638]], [[-101.46520370519245, 20.653083847161888], [-101.46520312262848, 20.653047736728638]], [[-101.46520312262848, 20.653047736728638], [-101.4651647585024, 20.653048285065182]], [[-101.46516534105733, 20.653084395499473], [-101.4651647585024, 20.653048285065182]], [[-101.4651647585024, 20.653048285065182], [-101.46512639437505, 20.65304883339321]], [[-101.46512697692094, 20.65308494382855], [-101.46512639437505, 20.65304883339321]], [[-101.46512639437505, 20.65304883339321], [-101.46508803024646, 20.653049381712727]], [[-101.46508861278332, 20.653085492149103], [-101.46508803024646, 20.653049381712727]], [[-101.46508803024646, 20.653049381712727], [-101.46504966611664, 20.653049930023727]], [[-101.46505024864443, 20.653086040461144], [-101.46504966611664, 20.653049930023727]], [[-101.46504966611664, 20.653049930023727], [-101.46501130198554, 20.653050478326215]], [[-101.4650118845043, 20.65308658876468], [-101.46501130198554, 20.653050478326215]], [[-101.46501130198554, 20.653050478326215], [-101.46497293785322, 20.65305102662018]], [[-101.46497352036293, 20.6530871370597], [-101.46497293785322, 20.65305102662018]], [[-101.46792697238652, 20.653008783071446], [-101.4679263891817, 20.6529726727122]], [[-101.4679263891817, 20.6529726727122], [-101.46788802515339, 20.652973221652207]], [[-101.46788860834917, 20.653009332012505], [-101.46788802515339, 20.652973221652207]], [[-101.46788802515339, 20.652973221652207], [-101.46784966112384, 20.65297377058371]], [[-101.46785024431058, 20.65300988094505], [-101.46784966112384, 20.65297377058371]], [[-101.46784966112384, 20.65297377058371], [-101.46781129709304, 20.6529743195067]], [[-101.46781188027073, 20.653010429869077], [-101.46781129709304, 20.6529743195067]], [[-101.46781129709304, 20.6529743195067], [-101.46777293306098, 20.652974868421172]], [[-101.46777351622963, 20.653010978784593], [-101.46777293306098, 20.652974868421172]], [[-101.46777293306098, 20.652974868421172], [-101.46773456902768, 20.652975417327124]], [[-101.46773515218729, 20.6530115276916], [-101.46773456902768, 20.652975417327124]], [[-101.46773456902768, 20.652975417327124], [-101.46769620499313, 20.652975966224567]], [[-101.46769678814368, 20.653012076590084], [-101.46769620499313, 20.652975966224567]], [[-101.46769620499313, 20.652975966224567], [-101.46765784095733, 20.652976515113494]], [[-101.46765842409886, 20.653012625480063], [-101.46765784095733, 20.652976515113494]], [[-101.46765784095733, 20.652976515113494], [-101.46761947692026, 20.652977063993912]], [[-101.46762006005274, 20.653013174361522], [-101.46761947692026, 20.652977063993912]], [[-101.46761947692026, 20.652977063993912], [-101.46758111288197, 20.652977612865808]], [[-101.4675816960054, 20.653013723234462], [-101.46758111288197, 20.652977612865808]], [[-101.46758111288197, 20.652977612865808], [-101.46754274884242, 20.652978161729198]], [[-101.4675433319568, 20.653014272098897], [-101.46754274884242, 20.652978161729198]], [[-101.46754274884242, 20.652978161729198], [-101.46750438480161, 20.65297871058407]], [[-101.46750496790695, 20.653014820954816], [-101.46750438480161, 20.65297871058407]], [[-101.46750438480161, 20.65297871058407], [-101.46746602075955, 20.652979259430428]], [[-101.46746660385585, 20.653015369802212], [-101.46746602075955, 20.652979259430428]], [[-101.46746602075955, 20.652979259430428], [-101.46742765671624, 20.65297980826827]], [[-101.4674282398035, 20.653015918641103], [-101.46742765671624, 20.65297980826827]], [[-101.46742765671624, 20.65297980826827], [-101.46738929267168, 20.652980357097597]], [[-101.4673898757499, 20.653016467471474], [-101.46738929267168, 20.652980357097597]], [[-101.46738929267168, 20.652980357097597], [-101.46735092862588, 20.652980905918415]], [[-101.46735151169504, 20.653017016293337], [-101.46735092862588, 20.652980905918415]], [[-101.46735092862588, 20.652980905918415], [-101.46731256457882, 20.65298145473071]], [[-101.46731314763895, 20.65301756510668], [-101.46731256457882, 20.65298145473071]], [[-101.46731256457882, 20.65298145473071], [-101.46727420053051, 20.652982003534504]], [[-101.4672747835816, 20.65301811391151], [-101.46727420053051, 20.652982003534504]], [[-101.46727420053051, 20.652982003534504], [-101.46723583648095, 20.65298255232977]], [[-101.467236419523, 20.65301866270783], [-101.46723583648095, 20.65298255232977]], [[-101.46723583648095, 20.65298255232977], [-101.46719747243014, 20.652983101116526]], [[-101.46719805546314, 20.653019211495636], [-101.46719747243014, 20.652983101116526]], [[-101.46719747243014, 20.652983101116526], [-101.46715910837808, 20.652983649894775]], [[-101.46715969140205, 20.65301976027492], [-101.46715910837808, 20.652983649894775]], [[-101.46715910837808, 20.652983649894775], [-101.46712074432477, 20.652984198664498]], [[-101.46712132733968, 20.65302030904569], [-101.46712074432477, 20.652984198664498]], [[-101.46712074432477, 20.652984198664498], [-101.46708238027023, 20.652984747425716]], [[-101.46708296327608, 20.653020857807952], [-101.46708238027023, 20.652984747425716]], [[-101.46708238027023, 20.652984747425716], [-101.4670440162144, 20.652985296178418]], [[-101.46704459921123, 20.6530214065617], [-101.4670440162144, 20.652985296178418]], [[-101.4670440162144, 20.652985296178418], [-101.46700565215735, 20.6529858449226]], [[-101.46700623514513, 20.65302195530693], [-101.46700565215735, 20.6529858449226]], [[-101.46700565215735, 20.6529858449226], [-101.46696728809904, 20.652986393658274]], [[-101.46696787107777, 20.653022504043644], [-101.46696728809904, 20.652986393658274]], [[-101.46696728809904, 20.652986393658274], [-101.46692892403948, 20.652986942385432]], [[-101.46692950700917, 20.653023052771843], [-101.46692892403948, 20.652986942385432]], [[-101.46692892403948, 20.652986942385432], [-101.46689055997868, 20.65298749110407]], [[-101.46689114293933, 20.653023601491533], [-101.46689055997868, 20.65298749110407]], [[-101.46689055997868, 20.65298749110407], [-101.46685219591662, 20.652988039814204]], [[-101.46685277886822, 20.653024150202707], [-101.46685219591662, 20.652988039814204]], [[-101.46685219591662, 20.652988039814204], [-101.4668138318533, 20.65298858851582]], [[-101.46681441479586, 20.653024698905366], [-101.4668138318533, 20.65298858851582]], [[-101.4668138318533, 20.65298858851582], [-101.46677546778875, 20.65298913720892]], [[-101.46677605072226, 20.653025247599512], [-101.46677546778875, 20.65298913720892]], [[-101.46677546778875, 20.65298913720892], [-101.46673710372293, 20.652989685893502]], [[-101.46673768664742, 20.653025796285142], [-101.46673710372293, 20.652989685893502]], [[-101.46673710372293, 20.652989685893502], [-101.46669873965587, 20.65299023456957]], [[-101.4666993225713, 20.653026344962257], [-101.46669873965587, 20.65299023456957]], [[-101.46669873965587, 20.65299023456957], [-101.46666037558757, 20.652990783237133]], [[-101.46666095849396, 20.653026893630862], [-101.46666037558757, 20.652990783237133]], [[-101.46666037558757, 20.652990783237133], [-101.46662201151801, 20.652991331896175]], [[-101.46662259441536, 20.65302744229095], [-101.46662201151801, 20.652991331896175]], [[-101.46662201151801, 20.652991331896175], [-101.4665836474472, 20.652991880546704]], [[-101.4665842303355, 20.653027990942523], [-101.4665836474472, 20.652991880546704]], [[-101.4665836474472, 20.652991880546704], [-101.46654528337514, 20.652992429188725]], [[-101.46654586625439, 20.65302853958558], [-101.46654528337514, 20.652992429188725]], [[-101.46654528337514, 20.652992429188725], [-101.46650691930182, 20.652992977822223]], [[-101.46650750217205, 20.653029088220134], [-101.46650691930182, 20.652992977822223]], [[-101.46650691930182, 20.652992977822223], [-101.46646855522727, 20.65299352644721]], [[-101.46646913808844, 20.65302963684616], [-101.46646855522727, 20.65299352644721]], [[-101.46646855522727, 20.65299352644721], [-101.46643019115146, 20.652994075063678]], [[-101.46643077400358, 20.653030185463678], [-101.46643019115146, 20.652994075063678]], [[-101.46643019115146, 20.652994075063678], [-101.46639182707439, 20.652994623671635]], [[-101.46639240991749, 20.65303073407268], [-101.46639182707439, 20.652994623671635]], [[-101.46639182707439, 20.652994623671635], [-101.46635346299608, 20.652995172271083]], [[-101.46635404583013, 20.653031282673165], [-101.46635346299608, 20.652995172271083]], [[-101.46635346299608, 20.652995172271083], [-101.46631509891652, 20.65299572086201]], [[-101.46631568174152, 20.653031831265142], [-101.46631509891652, 20.65299572086201]], [[-101.46631509891652, 20.65299572086201], [-101.46627673483573, 20.652996269444422]], [[-101.46627731765167, 20.653032379848597], [-101.46627673483573, 20.652996269444422]], [[-101.46627673483573, 20.652996269444422], [-101.46623837075367, 20.652996818018327]], [[-101.46623895356056, 20.65303292842354], [-101.46623837075367, 20.652996818018327]], [[-101.46623837075367, 20.652996818018327], [-101.46620000667036, 20.652997366583712]], [[-101.46620058946823, 20.65303347698997], [-101.46620000667036, 20.652997366583712]], [[-101.46620000667036, 20.652997366583712], [-101.4661616425858, 20.65299791514058]], [[-101.46616222537463, 20.653034025547893], [-101.4661616425858, 20.65299791514058]], [[-101.4661616425858, 20.65299791514058], [-101.46612327849999, 20.652998463688938]], [[-101.46612386127977, 20.653034574097294], [-101.46612327849999, 20.652998463688938]], [[-101.46612327849999, 20.652998463688938], [-101.46608491441293, 20.652999012228783]], [[-101.46608549718367, 20.653035122638183], [-101.46608491441293, 20.652999012228783]], [[-101.46608491441293, 20.652999012228783], [-101.46604655032462, 20.652999560760108]], [[-101.46604713308632, 20.653035671170553], [-101.46604655032462, 20.652999560760108]], [[-101.46604655032462, 20.652999560760108], [-101.46600818623507, 20.653000109282928]], [[-101.46600876898772, 20.65303621969441], [-101.46600818623507, 20.653000109282928]], [[-101.46600818623507, 20.653000109282928], [-101.46596982214426, 20.653000657797225]], [[-101.46597040488787, 20.653036768209756], [-101.46596982214426, 20.653000657797225]], [[-101.46596982214426, 20.653000657797225], [-101.46593145805221, 20.65300120630301]], [[-101.46593204078677, 20.653037316716585], [-101.46593145805221, 20.65300120630301]], [[-101.46593145805221, 20.65300120630301], [-101.4658930939589, 20.653001754800282]], [[-101.46589367668443, 20.653037865214902], [-101.4658930939589, 20.653001754800282]], [[-101.4658930939589, 20.653001754800282], [-101.46585472986435, 20.65300230328904]], [[-101.46585531258083, 20.653038413704706], [-101.46585472986435, 20.65300230328904]], [[-101.46585472986435, 20.65300230328904], [-101.46581636576855, 20.653002851769283]], [[-101.46581694847598, 20.65303896218599], [-101.46581636576855, 20.653002851769283]], [[-101.46581636576855, 20.653002851769283], [-101.4657780016715, 20.653003400241012]], [[-101.46577858436987, 20.653039510658765], [-101.4657780016715, 20.653003400241012]], [[-101.4657780016715, 20.653003400241012], [-101.46573963757318, 20.653003948704225]], [[-101.46574022026253, 20.653040059123025], [-101.46573963757318, 20.653003948704225]], [[-101.46573963757318, 20.653003948704225], [-101.46570127347363, 20.653004497158925]], [[-101.46570185615393, 20.653040607578767], [-101.46570127347363, 20.653004497158925]], [[-101.46570127347363, 20.653004497158925], [-101.46566290937282, 20.65300504560511]], [[-101.46566349204409, 20.653041156025996], [-101.46566290937282, 20.65300504560511]], [[-101.46566290937282, 20.65300504560511], [-101.46562454527079, 20.65300559404278]], [[-101.465625127933, 20.653041704464712], [-101.46562454527079, 20.65300559404278]], [[-101.46562454527079, 20.65300559404278], [-101.46558618116747, 20.65300614247194]], [[-101.46558676382064, 20.653042252894913], [-101.46558618116747, 20.65300614247194]], [[-101.46558618116747, 20.65300614247194], [-101.46554781706293, 20.653006690892582]], [[-101.46554839970705, 20.653042801316598], [-101.46554781706293, 20.653006690892582]], [[-101.46554781706293, 20.653006690892582], [-101.46550945295712, 20.65300723930471]], [[-101.4655100355922, 20.653043349729774], [-101.46550945295712, 20.65300723930471]], [[-101.46550945295712, 20.65300723930471], [-101.46547108885007, 20.653007787708326]], [[-101.46547167147611, 20.65304389813443], [-101.46547108885007, 20.653007787708326]], [[-101.46547108885007, 20.653007787708326], [-101.46543272474177, 20.653008336103426]], [[-101.46543330735878, 20.65304444653058], [-101.46543272474177, 20.653008336103426]], [[-101.46543272474177, 20.653008336103426], [-101.46539436063222, 20.65300888449001]], [[-101.46539494324017, 20.653044994918204], [-101.46539436063222, 20.65300888449001]], [[-101.46539436063222, 20.65300888449001], [-101.46535599652144, 20.65300943286808]], [[-101.46535657912034, 20.65304554329732], [-101.46535599652144, 20.65300943286808]], [[-101.46535599652144, 20.65300943286808], [-101.46531763240938, 20.653009981237634]], [[-101.46531821499924, 20.653046091667925], [-101.46531763240938, 20.653009981237634]], [[-101.46531763240938, 20.653009981237634], [-101.46527926829609, 20.65301052959868]], [[-101.46527985087691, 20.653046640030006], [-101.46527926829609, 20.65301052959868]], [[-101.46527926829609, 20.65301052959868], [-101.46524090418154, 20.65301107795121]], [[-101.46524148675331, 20.65304718838358], [-101.46524090418154, 20.65301107795121]], [[-101.46524090418154, 20.65301107795121], [-101.46520254006575, 20.65301162629522]], [[-101.46520312262848, 20.653047736728638], [-101.46520254006575, 20.65301162629522]], [[-101.46520254006575, 20.65301162629522], [-101.4651641759487, 20.653012174630724]], [[-101.4651647585024, 20.653048285065182], [-101.4651641759487, 20.653012174630724]], [[-101.4651641759487, 20.653012174630724], [-101.4651258118304, 20.65301272295771]], [[-101.46512639437505, 20.65304883339321], [-101.4651258118304, 20.65301272295771]], [[-101.4651258118304, 20.65301272295771], [-101.46508744771087, 20.653013271276176]], [[-101.46508803024646, 20.653049381712727], [-101.46508744771087, 20.653013271276176]], [[-101.46508744771087, 20.653013271276176], [-101.46504908359007, 20.653013819586135]], [[-101.46504966611664, 20.653049930023727], [-101.46504908359007, 20.653013819586135]], [[-101.46504908359007, 20.653013819586135], [-101.46501071946804, 20.653014367887575]], [[-101.46501130198554, 20.653050478326215], [-101.46501071946804, 20.653014367887575]], [[-101.46501071946804, 20.653014367887575], [-101.46497235534474, 20.653014916180503]], [[-101.46497293785322, 20.65305102662018], [-101.46497235534474, 20.653014916180503]], [[-101.4679263891817, 20.6529726727122], [-101.46792580597811, 20.65293656235278]], [[-101.46792580597811, 20.65293656235278], [-101.46788744195887, 20.65293711129175]], [[-101.46788802515339, 20.652973221652207], [-101.46788744195887, 20.65293711129175]], [[-101.46788744195887, 20.65293711129175], [-101.46784907793835, 20.652937660222207]], [[-101.46784966112384, 20.65297377058371], [-101.46784907793835, 20.652937660222207]], [[-101.46784907793835, 20.652937660222207], [-101.46781071391659, 20.652938209144143]], [[-101.46781129709304, 20.6529743195067], [-101.46781071391659, 20.652938209144143]], [[-101.46781071391659, 20.652938209144143], [-101.4677723498936, 20.652938758057573]], [[-101.46777293306098, 20.652974868421172], [-101.4677723498936, 20.652938758057573]], [[-101.4677723498936, 20.652938758057573], [-101.46773398586933, 20.652939306962484]], [[-101.46773456902768, 20.652975417327124], [-101.46773398586933, 20.652939306962484]], [[-101.46773398586933, 20.652939306962484], [-101.46769562184382, 20.652939855858886]], [[-101.46769620499313, 20.652975966224567], [-101.46769562184382, 20.652939855858886]], [[-101.46769562184382, 20.652939855858886], [-101.46765725781705, 20.652940404746765]], [[-101.46765784095733, 20.652976515113494], [-101.46765725781705, 20.652940404746765]], [[-101.46765725781705, 20.652940404746765], [-101.46761889378904, 20.652940953626132]], [[-101.46761947692026, 20.652977063993912], [-101.46761889378904, 20.652940953626132]], [[-101.46761889378904, 20.652940953626132], [-101.46758052975979, 20.65294150249699]], [[-101.46758111288197, 20.652977612865808], [-101.46758052975979, 20.65294150249699]], [[-101.46758052975979, 20.65294150249699], [-101.46754216572927, 20.652942051359332]], [[-101.46754274884242, 20.652978161729198], [-101.46754216572927, 20.652942051359332]], [[-101.46754216572927, 20.652942051359332], [-101.4675038016975, 20.652942600213155]], [[-101.46750438480161, 20.65297871058407], [-101.4675038016975, 20.652942600213155]], [[-101.4675038016975, 20.652942600213155], [-101.4674654376645, 20.65294314905847]], [[-101.46746602075955, 20.652979259430428], [-101.4674654376645, 20.65294314905847]], [[-101.4674654376645, 20.65294314905847], [-101.46742707363023, 20.652943697895267]], [[-101.46742765671624, 20.65297980826827], [-101.46742707363023, 20.652943697895267]], [[-101.46742707363023, 20.652943697895267], [-101.46738870959472, 20.652944246723553]], [[-101.46738929267168, 20.652980357097597], [-101.46738870959472, 20.652944246723553]], [[-101.46738870959472, 20.652944246723553], [-101.46735034555796, 20.65294479554332]], [[-101.46735092862588, 20.652980905918415], [-101.46735034555796, 20.65294479554332]], [[-101.46735034555796, 20.65294479554332], [-101.46731198151994, 20.652945344354574]], [[-101.46731256457882, 20.65298145473071], [-101.46731198151994, 20.652945344354574]], [[-101.46731198151994, 20.652945344354574], [-101.46727361748067, 20.652945893157312]], [[-101.46727420053051, 20.652982003534504], [-101.46727361748067, 20.652945893157312]], [[-101.46727361748067, 20.652945893157312], [-101.46723525344017, 20.652946441951546]], [[-101.46723583648095, 20.65298255232977], [-101.46723525344017, 20.652946441951546]], [[-101.46723525344017, 20.652946441951546], [-101.4671968893984, 20.652946990737256]], [[-101.46719747243014, 20.652983101116526], [-101.4671968893984, 20.652946990737256]], [[-101.4671968893984, 20.652946990737256], [-101.46715852535537, 20.652947539514457]], [[-101.46715910837808, 20.652983649894775], [-101.46715852535537, 20.652947539514457]], [[-101.46715852535537, 20.652947539514457], [-101.46712016131112, 20.652948088283136]], [[-101.46712074432477, 20.652984198664498], [-101.46712016131112, 20.652948088283136]], [[-101.46712016131112, 20.652948088283136], [-101.4670817972656, 20.652948637043302]], [[-101.46708238027023, 20.652984747425716], [-101.4670817972656, 20.652948637043302]], [[-101.4670817972656, 20.652948637043302], [-101.46704343321883, 20.652949185794967]], [[-101.4670440162144, 20.652985296178418], [-101.46704343321883, 20.652949185794967]], [[-101.46704343321883, 20.652949185794967], [-101.46700506917082, 20.652949734538105]], [[-101.46700565215735, 20.6529858449226], [-101.46700506917082, 20.652949734538105]], [[-101.46700506917082, 20.652949734538105], [-101.46696670512155, 20.65295028327273]], [[-101.46696728809904, 20.652986393658274], [-101.46696670512155, 20.65295028327273]], [[-101.46696670512155, 20.65295028327273], [-101.46692834107104, 20.652950831998847]], [[-101.46692892403948, 20.652986942385432], [-101.46692834107104, 20.652950831998847]], [[-101.46692834107104, 20.652950831998847], [-101.46688997701928, 20.652951380716445]], [[-101.46689055997868, 20.65298749110407], [-101.46688997701928, 20.652951380716445]], [[-101.46688997701928, 20.652951380716445], [-101.46685161296625, 20.652951929425527]], [[-101.46685219591662, 20.652988039814204], [-101.46685161296625, 20.652951929425527]], [[-101.46685161296625, 20.652951929425527], [-101.46681324891199, 20.652952478126096]], [[-101.4668138318533, 20.65298858851582], [-101.46681324891199, 20.652952478126096]], [[-101.46681324891199, 20.652952478126096], [-101.46677488485648, 20.652953026818153]], [[-101.46677546778875, 20.65298913720892], [-101.46677488485648, 20.652953026818153]], [[-101.46677488485648, 20.652953026818153], [-101.46673652079971, 20.652953575501694]], [[-101.46673710372293, 20.652989685893502], [-101.46673652079971, 20.652953575501694]], [[-101.46673652079971, 20.652953575501694], [-101.4666981567417, 20.65295412417672]], [[-101.46669873965587, 20.65299023456957], [-101.4666981567417, 20.65295412417672]], [[-101.4666981567417, 20.65295412417672], [-101.46665979268242, 20.652954672843233]], [[-101.46666037558757, 20.652990783237133], [-101.46665979268242, 20.652954672843233]], [[-101.46665979268242, 20.652954672843233], [-101.46662142862192, 20.65295522150123]], [[-101.46662201151801, 20.652991331896175], [-101.46662142862192, 20.65295522150123]], [[-101.46662142862192, 20.65295522150123], [-101.46658306456014, 20.652955770150715]], [[-101.4665836474472, 20.652991880546704], [-101.46658306456014, 20.652955770150715]], [[-101.46658306456014, 20.652955770150715], [-101.46654470049712, 20.65295631879169]], [[-101.46654528337514, 20.652992429188725], [-101.46654470049712, 20.65295631879169]], [[-101.46654470049712, 20.65295631879169], [-101.46650633643287, 20.652956867424145]], [[-101.46650691930182, 20.652992977822223], [-101.46650633643287, 20.652956867424145]], [[-101.46650633643287, 20.652956867424145], [-101.46646797236734, 20.652957416048086]], [[-101.46646855522727, 20.65299352644721], [-101.46646797236734, 20.652957416048086]], [[-101.46646797236734, 20.652957416048086], [-101.46642960830059, 20.652957964663514]], [[-101.46643019115146, 20.652994075063678], [-101.46642960830059, 20.652957964663514]], [[-101.46642960830059, 20.652957964663514], [-101.46639124423257, 20.65295851327043]], [[-101.46639182707439, 20.652994623671635], [-101.46639124423257, 20.65295851327043]], [[-101.46639124423257, 20.65295851327043], [-101.4663528801633, 20.652959061868824]], [[-101.46635346299608, 20.652995172271083], [-101.4663528801633, 20.652959061868824]], [[-101.4663528801633, 20.652959061868824], [-101.46631451609278, 20.652959610458705]], [[-101.46631509891652, 20.65299572086201], [-101.46631451609278, 20.652959610458705]], [[-101.46631451609278, 20.652959610458705], [-101.46627615202101, 20.65296015904008]], [[-101.46627673483573, 20.652996269444422], [-101.46627615202101, 20.65296015904008]], [[-101.46627615202101, 20.65296015904008], [-101.466237787948, 20.652960707612934]], [[-101.46623837075367, 20.652996818018327], [-101.466237787948, 20.652960707612934]], [[-101.466237787948, 20.652960707612934], [-101.46619942387373, 20.652961256177274]], [[-101.46620000667036, 20.652997366583712], [-101.46619942387373, 20.652961256177274]], [[-101.46619942387373, 20.652961256177274], [-101.46616105979822, 20.652961804733106]], [[-101.4661616425858, 20.65299791514058], [-101.46616105979822, 20.652961804733106]], [[-101.46616105979822, 20.652961804733106], [-101.46612269572147, 20.652962353280415]], [[-101.46612327849999, 20.652998463688938], [-101.46612269572147, 20.652962353280415]], [[-101.46612269572147, 20.652962353280415], [-101.46608433164344, 20.652962901819215]], [[-101.46608491441293, 20.652999012228783], [-101.46608433164344, 20.652962901819215]], [[-101.46608433164344, 20.652962901819215], [-101.46604596756418, 20.6529634503495]], [[-101.46604655032462, 20.652999560760108], [-101.46604596756418, 20.6529634503495]], [[-101.46604596756418, 20.6529634503495], [-101.46600760348367, 20.652963998871268]], [[-101.46600818623507, 20.653000109282928], [-101.46600760348367, 20.652963998871268]], [[-101.46600760348367, 20.652963998871268], [-101.4659692394019, 20.652964547384524]], [[-101.46596982214426, 20.653000657797225], [-101.4659692394019, 20.652964547384524]], [[-101.4659692394019, 20.652964547384524], [-101.4659308753189, 20.652965095889265]], [[-101.46593145805221, 20.65300120630301], [-101.4659308753189, 20.652965095889265]], [[-101.4659308753189, 20.652965095889265], [-101.46589251123464, 20.652965644385493]], [[-101.4658930939589, 20.653001754800282], [-101.46589251123464, 20.652965644385493]], [[-101.46589251123464, 20.652965644385493], [-101.46585414714912, 20.652966192873205]], [[-101.46585472986435, 20.65300230328904], [-101.46585414714912, 20.652966192873205]], [[-101.46585414714912, 20.652966192873205], [-101.46581578306237, 20.6529667413524]], [[-101.46581636576855, 20.653002851769283], [-101.46581578306237, 20.6529667413524]], [[-101.46581578306237, 20.6529667413524], [-101.46577741897434, 20.652967289823085]], [[-101.4657780016715, 20.653003400241012], [-101.46577741897434, 20.652967289823085]], [[-101.46577741897434, 20.652967289823085], [-101.46573905488509, 20.65296783828526]], [[-101.46573963757318, 20.653003948704225], [-101.46573905488509, 20.65296783828526]], [[-101.46573905488509, 20.65296783828526], [-101.46570069079459, 20.65296838673892]], [[-101.46570127347363, 20.653004497158925], [-101.46570069079459, 20.65296838673892]], [[-101.46570069079459, 20.65296838673892], [-101.46566232670283, 20.652968935184052]], [[-101.46566290937282, 20.65300504560511], [-101.46566232670283, 20.652968935184052]], [[-101.46566232670283, 20.652968935184052], [-101.46562396260981, 20.652969483620687]], [[-101.46562454527079, 20.65300559404278], [-101.46562396260981, 20.652969483620687]], [[-101.46562396260981, 20.652969483620687], [-101.46558559851556, 20.652970032048795]], [[-101.46558618116747, 20.65300614247194], [-101.46558559851556, 20.652970032048795]], [[-101.46558559851556, 20.652970032048795], [-101.46554723442004, 20.65297058046839]], [[-101.46554781706293, 20.653006690892582], [-101.46554723442004, 20.65297058046839]], [[-101.46554723442004, 20.65297058046839], [-101.46550887032329, 20.65297112887948]], [[-101.46550945295712, 20.65300723930471], [-101.46550887032329, 20.65297112887948]], [[-101.46550887032329, 20.65297112887948], [-101.46547050622529, 20.65297167728205]], [[-101.46547108885007, 20.653007787708326], [-101.46547050622529, 20.65297167728205]], [[-101.46547050622529, 20.65297167728205], [-101.46543214212603, 20.652972225676102]], [[-101.46543272474177, 20.653008336103426], [-101.46543214212603, 20.652972225676102]], [[-101.46543214212603, 20.652972225676102], [-101.46539377802553, 20.652972774061645]], [[-101.46539436063222, 20.65300888449001], [-101.46539377802553, 20.652972774061645]], [[-101.46539377802553, 20.652972774061645], [-101.46535541392377, 20.652973322438672]], [[-101.46535599652144, 20.65300943286808], [-101.46535541392377, 20.652973322438672]], [[-101.46535541392377, 20.652973322438672], [-101.46531704982077, 20.652973870807184]], [[-101.46531763240938, 20.653009981237634], [-101.46531704982077, 20.652973870807184]], [[-101.46531704982077, 20.652973870807184], [-101.46527868571651, 20.65297441916718]], [[-101.46527926829609, 20.65301052959868], [-101.46527868571651, 20.65297441916718]], [[-101.46527868571651, 20.65297441916718], [-101.46524032161102, 20.65297496751867]], [[-101.46524090418154, 20.65301107795121], [-101.46524032161102, 20.65297496751867]], [[-101.46524032161102, 20.65297496751867], [-101.46520195750426, 20.652975515861637]], [[-101.46520254006575, 20.65301162629522], [-101.46520195750426, 20.652975515861637]], [[-101.46520195750426, 20.652975515861637], [-101.46516359339626, 20.65297606419609]], [[-101.4651641759487, 20.653012174630724], [-101.46516359339626, 20.65297606419609]], [[-101.46516359339626, 20.65297606419609], [-101.46512522928701, 20.652976612522036]], [[-101.4651258118304, 20.65301272295771], [-101.46512522928701, 20.652976612522036]], [[-101.46512522928701, 20.652976612522036], [-101.46508686517652, 20.65297716083946]], [[-101.46508744771087, 20.653013271276176], [-101.46508686517652, 20.65297716083946]], [[-101.46508686517652, 20.65297716083946], [-101.46504850106476, 20.65297770914837]], [[-101.46504908359007, 20.653013819586135], [-101.46504850106476, 20.65297770914837]], [[-101.46504850106476, 20.65297770914837], [-101.46501013695178, 20.652978257448765]], [[-101.46501071946804, 20.653014367887575], [-101.46501013695178, 20.652978257448765]], [[-101.46501013695178, 20.652978257448765], [-101.46497177283753, 20.652978805740656]], [[-101.46497235534474, 20.653014916180503], [-101.46497177283753, 20.652978805740656]], [[-101.46792580597811, 20.65293656235278], [-101.46792522277579, 20.6529004519932]], [[-101.46792522277579, 20.6529004519932], [-101.46788685876558, 20.652901000931127]], [[-101.46788744195887, 20.65293711129175], [-101.46788685876558, 20.652901000931127]], [[-101.46788685876558, 20.652901000931127], [-101.46784849475411, 20.652901549860534]], [[-101.46784907793835, 20.652937660222207], [-101.46784849475411, 20.652901549860534]], [[-101.46784849475411, 20.652901549860534], [-101.4678101307414, 20.652902098781432]], [[-101.46781071391659, 20.652938209144143], [-101.4678101307414, 20.652902098781432]], [[-101.4678101307414, 20.652902098781432], [-101.46777176672744, 20.65290264769381]], [[-101.4677723498936, 20.652938758057573], [-101.46777176672744, 20.65290264769381]], [[-101.46777176672744, 20.65290264769381], [-101.46773340271221, 20.652903196597677]], [[-101.46773398586933, 20.652939306962484], [-101.46773340271221, 20.652903196597677]], [[-101.46773340271221, 20.652903196597677], [-101.46769503869575, 20.652903745493028]], [[-101.46769562184382, 20.652939855858886], [-101.46769503869575, 20.652903745493028]], [[-101.46769503869575, 20.652903745493028], [-101.46765667467804, 20.652904294379873]], [[-101.46765725781705, 20.652940404746765], [-101.46765667467804, 20.652904294379873]], [[-101.46765667467804, 20.652904294379873], [-101.46761831065908, 20.65290484325819]], [[-101.46761889378904, 20.652940953626132], [-101.46761831065908, 20.65290484325819]], [[-101.46761831065908, 20.65290484325819], [-101.46757994663885, 20.652905392128]], [[-101.46758052975979, 20.65294150249699], [-101.46757994663885, 20.652905392128]], [[-101.46757994663885, 20.652905392128], [-101.46754158261739, 20.6529059409893]], [[-101.46754216572927, 20.652942051359332], [-101.46754158261739, 20.6529059409893]], [[-101.46754158261739, 20.6529059409893], [-101.46750321859466, 20.652906489842078]], [[-101.4675038016975, 20.652942600213155], [-101.46750321859466, 20.652906489842078]], [[-101.46750321859466, 20.652906489842078], [-101.4674648545707, 20.65290703868635]], [[-101.4674654376645, 20.65294314905847], [-101.4674648545707, 20.65290703868635]], [[-101.4674648545707, 20.65290703868635], [-101.46742649054548, 20.652907587522094]], [[-101.46742707363023, 20.652943697895267], [-101.46742649054548, 20.652907587522094]], [[-101.46742649054548, 20.652907587522094], [-101.46738812651901, 20.652908136349335]], [[-101.46738870959472, 20.652944246723553], [-101.46738812651901, 20.652908136349335]], [[-101.46738812651901, 20.652908136349335], [-101.46734976249128, 20.652908685168068]], [[-101.46735034555796, 20.65294479554332], [-101.46734976249128, 20.652908685168068]], [[-101.46734976249128, 20.652908685168068], [-101.46731139846231, 20.652909233978278]], [[-101.46731198151994, 20.652945344354574], [-101.46731139846231, 20.652909233978278]], [[-101.46731139846231, 20.652909233978278], [-101.4672730344321, 20.652909782779975]], [[-101.46727361748067, 20.652945893157312], [-101.4672730344321, 20.652909782779975]], [[-101.4672730344321, 20.652909782779975], [-101.46723467040063, 20.652910331573157]], [[-101.46723525344017, 20.652946441951546], [-101.46723467040063, 20.652910331573157]], [[-101.46723467040063, 20.652910331573157], [-101.4671963063679, 20.65291088035782]], [[-101.4671968893984, 20.652946990737256], [-101.4671963063679, 20.65291088035782]], [[-101.4671963063679, 20.65291088035782], [-101.46715794233393, 20.652911429133976]], [[-101.46715852535537, 20.652947539514457], [-101.46715794233393, 20.652911429133976]], [[-101.46715794233393, 20.652911429133976], [-101.4671195782987, 20.652911977901613]], [[-101.46712016131112, 20.652948088283136], [-101.4671195782987, 20.652911977901613]], [[-101.4671195782987, 20.652911977901613], [-101.46708121426224, 20.65291252666074]], [[-101.4670817972656, 20.652948637043302], [-101.46708121426224, 20.65291252666074]], [[-101.46708121426224, 20.65291252666074], [-101.46704285022452, 20.652913075411345]], [[-101.46704343321883, 20.652949185794967], [-101.46704285022452, 20.652913075411345]], [[-101.46704285022452, 20.652913075411345], [-101.46700448618554, 20.65291362415345]], [[-101.46700506917082, 20.652949734538105], [-101.46700448618554, 20.65291362415345]], [[-101.46700448618554, 20.65291362415345], [-101.46696612214532, 20.652914172887026]], [[-101.46696670512155, 20.65295028327273], [-101.46696612214532, 20.652914172887026]], [[-101.46696612214532, 20.652914172887026], [-101.46692775810385, 20.6529147216121]], [[-101.46692834107104, 20.652950831998847], [-101.46692775810385, 20.6529147216121]], [[-101.46692775810385, 20.6529147216121], [-101.46688939406111, 20.65291527032865]], [[-101.46688997701928, 20.652951380716445], [-101.46688939406111, 20.65291527032865]], [[-101.46688939406111, 20.65291527032865], [-101.46685103001715, 20.652915819036686]], [[-101.46685161296625, 20.652951929425527], [-101.46685103001715, 20.652915819036686]], [[-101.46685103001715, 20.652915819036686], [-101.46681266597193, 20.652916367736214]], [[-101.46681324891199, 20.652952478126096], [-101.46681266597193, 20.652916367736214]], [[-101.46681266597193, 20.652916367736214], [-101.46677430192545, 20.652916916427223]], [[-101.46677488485648, 20.652953026818153], [-101.46677430192545, 20.652916916427223]], [[-101.46677430192545, 20.652916916427223], [-101.46673593787773, 20.652917465109727]], [[-101.46673652079971, 20.652953575501694], [-101.46673593787773, 20.652917465109727]], [[-101.46673593787773, 20.652917465109727], [-101.46669757382875, 20.6529180137837]], [[-101.4666981567417, 20.65295412417672], [-101.46669757382875, 20.6529180137837]], [[-101.46669757382875, 20.6529180137837], [-101.46665920977854, 20.652918562449173]], [[-101.46665979268242, 20.652954672843233], [-101.46665920977854, 20.652918562449173]], [[-101.46665920977854, 20.652918562449173], [-101.46662084572706, 20.652919111106126]], [[-101.46662142862192, 20.65295522150123], [-101.46662084572706, 20.652919111106126]], [[-101.46662084572706, 20.652919111106126], [-101.46658248167434, 20.652919659754566]], [[-101.46658306456014, 20.652955770150715], [-101.46658248167434, 20.652919659754566]], [[-101.46658248167434, 20.652919659754566], [-101.46654411762037, 20.65292020839449]], [[-101.46654470049712, 20.65295631879169], [-101.46654411762037, 20.65292020839449]], [[-101.46654411762037, 20.65292020839449], [-101.46650575356516, 20.652920757025903]], [[-101.46650633643287, 20.652956867424145], [-101.46650575356516, 20.652920757025903]], [[-101.46650575356516, 20.652920757025903], [-101.46646738950868, 20.6529213056488]], [[-101.46646797236734, 20.652957416048086], [-101.46646738950868, 20.6529213056488]], [[-101.46646738950868, 20.6529213056488], [-101.46642902545095, 20.652921854263184]], [[-101.46642960830059, 20.652957964663514], [-101.46642902545095, 20.652921854263184]], [[-101.46642902545095, 20.652921854263184], [-101.46639066139198, 20.652922402869056]], [[-101.46639124423257, 20.65295851327043], [-101.46639066139198, 20.652922402869056]], [[-101.46639066139198, 20.652922402869056], [-101.46635229733177, 20.6529229514664]], [[-101.4663528801633, 20.652959061868824], [-101.46635229733177, 20.6529229514664]], [[-101.46635229733177, 20.6529229514664], [-101.46631393327029, 20.652923500055245]], [[-101.46631451609278, 20.652959610458705], [-101.46631393327029, 20.652923500055245]], [[-101.46631393327029, 20.652923500055245], [-101.46627556920757, 20.652924048635573]], [[-101.46627615202101, 20.65296015904008], [-101.46627556920757, 20.652924048635573]], [[-101.46627556920757, 20.652924048635573], [-101.4662372051436, 20.652924597207384]], [[-101.466237787948, 20.652960707612934], [-101.4662372051436, 20.652924597207384]], [[-101.4662372051436, 20.652924597207384], [-101.46619884107838, 20.652925145770674]], [[-101.46619942387373, 20.652961256177274], [-101.46619884107838, 20.652925145770674]], [[-101.46619884107838, 20.652925145770674], [-101.4661604770119, 20.652925694325457]], [[-101.46616105979822, 20.652961804733106], [-101.4661604770119, 20.652925694325457]], [[-101.4661604770119, 20.652925694325457], [-101.46612211294418, 20.65292624287173]], [[-101.46612269572147, 20.652962353280415], [-101.46612211294418, 20.65292624287173]], [[-101.46612211294418, 20.65292624287173], [-101.46608374887522, 20.65292679140948]], [[-101.46608433164344, 20.652962901819215], [-101.46608374887522, 20.65292679140948]], [[-101.46608374887522, 20.65292679140948], [-101.46604538480499, 20.65292733993872]], [[-101.46604596756418, 20.6529634503495], [-101.46604538480499, 20.65292733993872]], [[-101.46604538480499, 20.65292733993872], [-101.46600702073353, 20.652927888459445]], [[-101.46600760348367, 20.652963998871268], [-101.46600702073353, 20.652927888459445]], [[-101.46600702073353, 20.652927888459445], [-101.4659686566608, 20.65292843697166]], [[-101.4659692394019, 20.652964547384524], [-101.4659686566608, 20.65292843697166]], [[-101.4659686566608, 20.65292843697166], [-101.46593029258683, 20.652928985475352]], [[-101.4659308753189, 20.652965095889265], [-101.46593029258683, 20.652928985475352]], [[-101.46593029258683, 20.652928985475352], [-101.46589192851161, 20.652929533970536]], [[-101.46589251123464, 20.652965644385493], [-101.46589192851161, 20.652929533970536]], [[-101.46589192851161, 20.652929533970536], [-101.46585356443515, 20.652930082457207]], [[-101.46585414714912, 20.652966192873205], [-101.46585356443515, 20.652930082457207]], [[-101.46585356443515, 20.652930082457207], [-101.46581520035743, 20.652930630935366]], [[-101.46581578306237, 20.6529667413524], [-101.46581520035743, 20.652930630935366]], [[-101.46581520035743, 20.652930630935366], [-101.46577683627847, 20.652931179405005]], [[-101.46577741897434, 20.652967289823085], [-101.46577683627847, 20.652931179405005]], [[-101.46577683627847, 20.652931179405005], [-101.46573847219824, 20.65293172786613]], [[-101.46573905488509, 20.65296783828526], [-101.46573847219824, 20.65293172786613]], [[-101.46573847219824, 20.65293172786613], [-101.46570010811678, 20.65293227631874]], [[-101.46570069079459, 20.65296838673892], [-101.46570010811678, 20.65293227631874]], [[-101.46570010811678, 20.65293227631874], [-101.46566174403407, 20.652932824762836]], [[-101.46566232670283, 20.652968935184052], [-101.46566174403407, 20.652932824762836]], [[-101.46566174403407, 20.652932824762836], [-101.4656233799501, 20.65293337319842]], [[-101.46562396260981, 20.652969483620687], [-101.4656233799501, 20.65293337319842]], [[-101.4656233799501, 20.65293337319842], [-101.46558501586489, 20.652933921625486]], [[-101.46558559851556, 20.652970032048795], [-101.46558501586489, 20.652933921625486]], [[-101.46558501586489, 20.652933921625486], [-101.46554665177842, 20.652934470044045]], [[-101.46554723442004, 20.65297058046839], [-101.46554665177842, 20.652934470044045]], [[-101.46554665177842, 20.652934470044045], [-101.46550828769071, 20.65293501845408]], [[-101.46550887032329, 20.65297112887948], [-101.46550828769071, 20.65293501845408]], [[-101.46550828769071, 20.65293501845408], [-101.46546992360176, 20.652935566855607]], [[-101.46547050622529, 20.65297167728205], [-101.46546992360176, 20.652935566855607]], [[-101.46546992360176, 20.652935566855607], [-101.46543155951154, 20.652936115248618]], [[-101.46543214212603, 20.652972225676102], [-101.46543155951154, 20.652936115248618]], [[-101.46543155951154, 20.652936115248618], [-101.46539319542008, 20.652936663633113]], [[-101.46539377802553, 20.652972774061645], [-101.46539319542008, 20.652936663633113]], [[-101.46539319542008, 20.652936663633113], [-101.46535483132736, 20.6529372120091]], [[-101.46535541392377, 20.652973322438672], [-101.46535483132736, 20.6529372120091]], [[-101.46535483132736, 20.6529372120091], [-101.46531646723341, 20.652937760376567]], [[-101.46531704982077, 20.652973870807184], [-101.46531646723341, 20.652937760376567]], [[-101.46531646723341, 20.652937760376567], [-101.46527810313819, 20.65293830873552]], [[-101.46527868571651, 20.65297441916718], [-101.46527810313819, 20.65293830873552]], [[-101.46527810313819, 20.65293830873552], [-101.46523973904173, 20.652938857085964]], [[-101.46524032161102, 20.65297496751867], [-101.46523973904173, 20.652938857085964]], [[-101.46523973904173, 20.652938857085964], [-101.46520137494403, 20.652939405427887]], [[-101.46520195750426, 20.652975515861637], [-101.46520137494403, 20.652939405427887]], [[-101.46520137494403, 20.652939405427887], [-101.46516301084507, 20.6529399537613]], [[-101.46516359339626, 20.65297606419609], [-101.46516301084507, 20.6529399537613]], [[-101.46516301084507, 20.6529399537613], [-101.46512464674485, 20.652940502086196]], [[-101.46512522928701, 20.652976612522036], [-101.46512464674485, 20.652940502086196]], [[-101.46512464674485, 20.652940502086196], [-101.46508628264341, 20.65294105040258]], [[-101.46508686517652, 20.65297716083946], [-101.46508628264341, 20.65294105040258]], [[-101.46508628264341, 20.65294105040258], [-101.4650479185407, 20.65294159871045]], [[-101.46504850106476, 20.65297770914837], [-101.4650479185407, 20.65294159871045]], [[-101.4650479185407, 20.65294159871045], [-101.46500955443675, 20.6529421470098]], [[-101.46501013695178, 20.652978257448765], [-101.46500955443675, 20.6529421470098]], [[-101.46500955443675, 20.6529421470098], [-101.46497119033155, 20.652942695300638]], [[-101.46497177283753, 20.652978805740656], [-101.46497119033155, 20.652942695300638]], [[-101.46792522277579, 20.6529004519932], [-101.46792463957472, 20.65286434163345]], [[-101.46792463957472, 20.65286434163345], [-101.46788627557355, 20.652864890570335]], [[-101.46788685876558, 20.652901000931127], [-101.46788627557355, 20.652864890570335]], [[-101.46788627557355, 20.652864890570335], [-101.46784791157113, 20.652865439498694]], [[-101.46784849475411, 20.652901549860534], [-101.46784791157113, 20.652865439498694]], [[-101.46784791157113, 20.652865439498694], [-101.46780954756746, 20.652865988418544]], [[-101.4678101307414, 20.652902098781432], [-101.46780954756746, 20.652865988418544]], [[-101.46780954756746, 20.652865988418544], [-101.46777118356253, 20.65286653732988]], [[-101.46777176672744, 20.65290264769381], [-101.46777118356253, 20.65286653732988]], [[-101.46777118356253, 20.65286653732988], [-101.46773281955636, 20.6528670862327]], [[-101.46773340271221, 20.652903196597677], [-101.46773281955636, 20.6528670862327]], [[-101.46773281955636, 20.6528670862327], [-101.46769445554894, 20.65286763512701]], [[-101.46769503869575, 20.652903745493028], [-101.46769445554894, 20.65286763512701]], [[-101.46769445554894, 20.65286763512701], [-101.46765609154026, 20.652868184012807]], [[-101.46765667467804, 20.652904294379873], [-101.46765609154026, 20.652868184012807]], [[-101.46765609154026, 20.652868184012807], [-101.46761772753035, 20.652868732890084]], [[-101.46761831065908, 20.65290484325819], [-101.46761772753035, 20.652868732890084]], [[-101.46761772753035, 20.652868732890084], [-101.46757936351916, 20.652869281758846]], [[-101.46757994663885, 20.652905392128], [-101.46757936351916, 20.652869281758846]], [[-101.46757936351916, 20.652869281758846], [-101.46754099950674, 20.652869830619093]], [[-101.46754158261739, 20.6529059409893], [-101.46754099950674, 20.652869830619093]], [[-101.46754099950674, 20.652869830619093], [-101.46750263549306, 20.65287037947083]], [[-101.46750321859466, 20.652906489842078], [-101.46750263549306, 20.65287037947083]], [[-101.46750263549306, 20.65287037947083], [-101.46746427147814, 20.652870928314055]], [[-101.4674648545707, 20.65290703868635], [-101.46746427147814, 20.652870928314055]], [[-101.46746427147814, 20.652870928314055], [-101.46742590746196, 20.652871477148768]], [[-101.46742649054548, 20.652907587522094], [-101.46742590746196, 20.652871477148768]], [[-101.46742590746196, 20.652871477148768], [-101.46738754344454, 20.652872025974958]], [[-101.46738812651901, 20.652908136349335], [-101.46738754344454, 20.652872025974958]], [[-101.46738754344454, 20.652872025974958], [-101.46734917942587, 20.65287257479264]], [[-101.46734976249128, 20.652908685168068], [-101.46734917942587, 20.65287257479264]], [[-101.46734917942587, 20.65287257479264], [-101.46731081540594, 20.652873123601804]], [[-101.46731139846231, 20.652909233978278], [-101.46731081540594, 20.652873123601804]], [[-101.46731081540594, 20.652873123601804], [-101.46727245138476, 20.652873672402453]], [[-101.4672730344321, 20.652909782779975], [-101.46727245138476, 20.652873672402453]], [[-101.46727245138476, 20.652873672402453], [-101.46723408736233, 20.65287422119459]], [[-101.46723467040063, 20.652910331573157], [-101.46723408736233, 20.65287422119459]], [[-101.46723408736233, 20.65287422119459], [-101.46719572333865, 20.65287476997822]], [[-101.4671963063679, 20.65291088035782], [-101.46719572333865, 20.65287476997822]], [[-101.46719572333865, 20.65287476997822], [-101.46715735931373, 20.652875318753324]], [[-101.46715794233393, 20.652911429133976], [-101.46715735931373, 20.652875318753324]], [[-101.46715735931373, 20.652875318753324], [-101.46711899528755, 20.652875867519917]], [[-101.4671195782987, 20.652911977901613], [-101.46711899528755, 20.652875867519917]], [[-101.46711899528755, 20.652875867519917], [-101.46708063126013, 20.652876416277998]], [[-101.46708121426224, 20.65291252666074], [-101.46708063126013, 20.652876416277998]], [[-101.46708063126013, 20.652876416277998], [-101.46704226723145, 20.652876965027566]], [[-101.46704285022452, 20.652913075411345], [-101.46704226723145, 20.652876965027566]], [[-101.46704226723145, 20.652876965027566], [-101.4670039032015, 20.652877513768612]], [[-101.46700448618554, 20.65291362415345], [-101.4670039032015, 20.652877513768612]], [[-101.4670039032015, 20.652877513768612], [-101.46696553917033, 20.65287806250115]], [[-101.46696612214532, 20.652914172887026], [-101.46696553917033, 20.65287806250115]], [[-101.46696553917033, 20.65287806250115], [-101.4669271751379, 20.652878611225177]], [[-101.46692775810385, 20.6529147216121], [-101.4669271751379, 20.652878611225177]], [[-101.4669271751379, 20.652878611225177], [-101.46688881110423, 20.65287915994069]], [[-101.46688939406111, 20.65291527032865], [-101.46688881110423, 20.65287915994069]], [[-101.46688881110423, 20.65287915994069], [-101.4668504470693, 20.65287970864768]], [[-101.46685103001715, 20.652915819036686], [-101.4668504470693, 20.65287970864768]], [[-101.4668504470693, 20.65287970864768], [-101.46681208303312, 20.65288025734616]], [[-101.46681266597193, 20.652916367736214], [-101.46681208303312, 20.65288025734616]], [[-101.46681208303312, 20.65288025734616], [-101.4667737189957, 20.652880806036123]], [[-101.46677430192545, 20.652916916427223], [-101.4667737189957, 20.652880806036123]], [[-101.4667737189957, 20.652880806036123], [-101.46673535495701, 20.652881354717582]], [[-101.46673593787773, 20.652917465109727], [-101.46673535495701, 20.652881354717582]], [[-101.46673535495701, 20.652881354717582], [-101.46669699091707, 20.65288190339052]], [[-101.46669757382875, 20.6529180137837], [-101.46669699091707, 20.65288190339052]], [[-101.46669699091707, 20.65288190339052], [-101.46665862687591, 20.652882452054936]], [[-101.46665920977854, 20.652918562449173], [-101.46665862687591, 20.652882452054936]], [[-101.46665862687591, 20.652882452054936], [-101.46662026283347, 20.65288300071085]], [[-101.46662084572706, 20.652919111106126], [-101.46662026283347, 20.65288300071085]], [[-101.46662026283347, 20.65288300071085], [-101.4665818987898, 20.652883549358243]], [[-101.46658248167434, 20.652919659754566], [-101.4665818987898, 20.652883549358243]], [[-101.4665818987898, 20.652883549358243], [-101.46654353474486, 20.652884097997127]], [[-101.46654411762037, 20.65292020839449], [-101.46654353474486, 20.652884097997127]], [[-101.46654353474486, 20.652884097997127], [-101.46650517069868, 20.65288464662749]], [[-101.46650575356516, 20.652920757025903], [-101.46650517069868, 20.65288464662749]], [[-101.46650517069868, 20.65288464662749], [-101.46646680665125, 20.652885195249343]], [[-101.46646738950868, 20.6529213056488], [-101.46646680665125, 20.652885195249343]], [[-101.46646680665125, 20.652885195249343], [-101.46642844260258, 20.652885743862683]], [[-101.46642902545095, 20.652921854263184], [-101.46642844260258, 20.652885743862683]], [[-101.46642844260258, 20.652885743862683], [-101.46639007855265, 20.652886292467503]], [[-101.46639066139198, 20.652922402869056], [-101.46639007855265, 20.652886292467503]], [[-101.46639007855265, 20.652886292467503], [-101.46635171450147, 20.652886841063815]], [[-101.46635229733177, 20.6529229514664], [-101.46635171450147, 20.652886841063815]], [[-101.46635171450147, 20.652886841063815], [-101.46631335044904, 20.652887389651614]], [[-101.46631393327029, 20.652923500055245], [-101.46631335044904, 20.652887389651614]], [[-101.46631335044904, 20.652887389651614], [-101.46627498639536, 20.652887938230887]], [[-101.46627556920757, 20.652924048635573], [-101.46627498639536, 20.652887938230887]], [[-101.46627498639536, 20.652887938230887], [-101.46623662234043, 20.652888486801658]], [[-101.4662372051436, 20.652924597207384], [-101.46623662234043, 20.652888486801658]], [[-101.46623662234043, 20.652888486801658], [-101.46619825828427, 20.65288903536391]], [[-101.46619884107838, 20.652925145770674], [-101.46619825828427, 20.65288903536391]], [[-101.46619825828427, 20.65288903536391], [-101.46615989422683, 20.65288958391765]], [[-101.4661604770119, 20.652925694325457], [-101.46615989422683, 20.65288958391765]], [[-101.46615989422683, 20.65288958391765], [-101.46612153016815, 20.652890132462872]], [[-101.46612211294418, 20.65292624287173], [-101.46612153016815, 20.652890132462872]], [[-101.46612153016815, 20.652890132462872], [-101.46608316610823, 20.65289068099958]], [[-101.46608374887522, 20.65292679140948], [-101.46608316610823, 20.65289068099958]], [[-101.46608316610823, 20.65289068099958], [-101.46604480204704, 20.65289122952778]], [[-101.46604538480499, 20.65292733993872], [-101.46604480204704, 20.65289122952778]], [[-101.46604480204704, 20.65289122952778], [-101.46600643798463, 20.652891778047458]], [[-101.46600702073353, 20.652927888459445], [-101.46600643798463, 20.652891778047458]], [[-101.46600643798463, 20.652891778047458], [-101.46596807392095, 20.65289232655863]], [[-101.4659686566608, 20.65292843697166], [-101.46596807392095, 20.65289232655863]], [[-101.46596807392095, 20.65289232655863], [-101.46592970985603, 20.65289287506128]], [[-101.46593029258683, 20.652928985475352], [-101.46592970985603, 20.65289287506128]], [[-101.46592970985603, 20.65289287506128], [-101.46589134578986, 20.652893423555415]], [[-101.46589192851161, 20.652929533970536], [-101.46589134578986, 20.652893423555415]], [[-101.46589134578986, 20.652893423555415], [-101.46585298172242, 20.65289397204104]], [[-101.46585356443515, 20.652930082457207], [-101.46585298172242, 20.65289397204104]], [[-101.46585298172242, 20.65289397204104], [-101.46581461765376, 20.652894520518153]], [[-101.46581520035743, 20.652930630935366], [-101.46581461765376, 20.652894520518153]], [[-101.46581461765376, 20.652894520518153], [-101.46577625358383, 20.652895068986748]], [[-101.46577683627847, 20.652931179405005], [-101.46577625358383, 20.652895068986748]], [[-101.46577625358383, 20.652895068986748], [-101.46573788951265, 20.65289561744683]], [[-101.46573847219824, 20.65293172786613], [-101.46573788951265, 20.65289561744683]], [[-101.46573788951265, 20.65289561744683], [-101.46569952544023, 20.652896165898394]], [[-101.46570010811678, 20.65293227631874], [-101.46569952544023, 20.652896165898394]], [[-101.46569952544023, 20.652896165898394], [-101.46566116136655, 20.652896714341452]], [[-101.46566174403407, 20.652932824762836], [-101.46566116136655, 20.652896714341452]], [[-101.46566116136655, 20.652896714341452], [-101.46562279729164, 20.652897262775987]], [[-101.4656233799501, 20.65293337319842], [-101.46562279729164, 20.652897262775987]], [[-101.46562279729164, 20.652897262775987], [-101.46558443321547, 20.652897811202013]], [[-101.46558501586489, 20.652933921625486], [-101.46558443321547, 20.652897811202013]], [[-101.46558443321547, 20.652897811202013], [-101.46554606913804, 20.652898359619524]], [[-101.46554665177842, 20.652934470044045], [-101.46554606913804, 20.652898359619524]], [[-101.46554606913804, 20.652898359619524], [-101.46550770505938, 20.65289890802852]], [[-101.46550828769071, 20.65293501845408], [-101.46550770505938, 20.65289890802852]], [[-101.46550770505938, 20.65289890802852], [-101.46546934097945, 20.652899456428997]], [[-101.46546992360176, 20.652935566855607], [-101.46546934097945, 20.652899456428997]], [[-101.46546934097945, 20.652899456428997], [-101.46543097689829, 20.652900004820967]], [[-101.46543155951154, 20.652936115248618], [-101.46543097689829, 20.652900004820967]], [[-101.46543097689829, 20.652900004820967], [-101.46539261281588, 20.652900553204418]], [[-101.46539319542008, 20.652936663633113], [-101.46539261281588, 20.652900553204418]], [[-101.46539261281588, 20.652900553204418], [-101.4653542487322, 20.652901101579356]], [[-101.46535483132736, 20.6529372120091], [-101.4653542487322, 20.652901101579356]], [[-101.4653542487322, 20.652901101579356], [-101.46531588464728, 20.652901649945782]], [[-101.46531646723341, 20.652937760376567], [-101.46531588464728, 20.652901649945782]], [[-101.46531588464728, 20.652901649945782], [-101.46527752056112, 20.652902198303693]], [[-101.46527810313819, 20.65293830873552], [-101.46527752056112, 20.652902198303693]], [[-101.46527752056112, 20.652902198303693], [-101.4652391564737, 20.65290274665309]], [[-101.46523973904173, 20.652938857085964], [-101.4652391564737, 20.65290274665309]], [[-101.4652391564737, 20.65290274665309], [-101.46520079238503, 20.652903294993973]], [[-101.46520137494403, 20.652939405427887], [-101.46520079238503, 20.652903294993973]], [[-101.46520079238503, 20.652903294993973], [-101.46516242829513, 20.652903843326335]], [[-101.46516301084507, 20.6529399537613], [-101.46516242829513, 20.652903843326335]], [[-101.46516242829513, 20.652903843326335], [-101.46512406420396, 20.65290439165019]], [[-101.46512464674485, 20.652940502086196], [-101.46512406420396, 20.65290439165019]], [[-101.46512406420396, 20.65290439165019], [-101.46508570011154, 20.652904939965534]], [[-101.46508628264341, 20.65294105040258], [-101.46508570011154, 20.652904939965534]], [[-101.46508570011154, 20.652904939965534], [-101.4650473360179, 20.652905488272353]], [[-101.4650479185407, 20.65294159871045], [-101.4650473360179, 20.652905488272353]], [[-101.4650473360179, 20.652905488272353], [-101.46500897192298, 20.652906036570663]], [[-101.46500955443675, 20.6529421470098], [-101.46500897192298, 20.652906036570663]], [[-101.46500897192298, 20.652906036570663], [-101.46497060782681, 20.65290658486046]], [[-101.46497119033155, 20.652942695300638], [-101.46497060782681, 20.65290658486046]], [[-101.46792463957472, 20.65286434163345], [-101.4679240563749, 20.65282823127354]], [[-101.4679240563749, 20.65282823127354], [-101.46788569238277, 20.65282878020937]], [[-101.46788627557355, 20.652864890570335], [-101.46788569238277, 20.65282878020937]], [[-101.46788569238277, 20.65282878020937], [-101.4678473283894, 20.65282932913669]], [[-101.46784791157113, 20.652865439498694], [-101.4678473283894, 20.65282932913669]], [[-101.4678473283894, 20.65282932913669], [-101.46780896439478, 20.652829878055496]], [[-101.46780954756746, 20.652865988418544], [-101.46780896439478, 20.652829878055496]], [[-101.46780896439478, 20.652829878055496], [-101.4677706003989, 20.65283042696579]], [[-101.46777118356253, 20.65286653732988], [-101.4677706003989, 20.65283042696579]], [[-101.4677706003989, 20.65283042696579], [-101.46773223640176, 20.652830975867563]], [[-101.46773281955636, 20.6528670862327], [-101.46773223640176, 20.652830975867563]], [[-101.46773223640176, 20.652830975867563], [-101.46769387240337, 20.652831524760824]], [[-101.46769445554894, 20.65286763512701], [-101.46769387240337, 20.652831524760824]], [[-101.46769387240337, 20.652831524760824], [-101.46765550840375, 20.65283207364557]], [[-101.46765609154026, 20.652868184012807], [-101.46765550840375, 20.65283207364557]], [[-101.46765550840375, 20.65283207364557], [-101.46761714440288, 20.65283262252181]], [[-101.46761772753035, 20.652868732890084], [-101.46761714440288, 20.65283262252181]], [[-101.46761714440288, 20.65283262252181], [-101.46757878040073, 20.652833171389528]], [[-101.46757936351916, 20.652869281758846], [-101.46757878040073, 20.652833171389528]], [[-101.46757878040073, 20.652833171389528], [-101.46754041639736, 20.652833720248736]], [[-101.46754099950674, 20.652869830619093], [-101.46754041639736, 20.652833720248736]], [[-101.46754041639736, 20.652833720248736], [-101.46750205239272, 20.652834269099426]], [[-101.46750263549306, 20.65287037947083], [-101.46750205239272, 20.652834269099426]], [[-101.46750205239272, 20.652834269099426], [-101.46746368838684, 20.6528348179416]], [[-101.46746427147814, 20.652870928314055], [-101.46746368838684, 20.6528348179416]], [[-101.46746368838684, 20.6528348179416], [-101.4674253243797, 20.652835366775264]], [[-101.46742590746196, 20.652871477148768], [-101.4674253243797, 20.652835366775264]], [[-101.4674253243797, 20.652835366775264], [-101.46738696037133, 20.652835915600413]], [[-101.46738754344454, 20.652872025974958], [-101.46738696037133, 20.652835915600413]], [[-101.46738696037133, 20.652835915600413], [-101.46734859636169, 20.65283646441705]], [[-101.46734917942587, 20.65287257479264], [-101.46734859636169, 20.65283646441705]], [[-101.46734859636169, 20.65283646441705], [-101.46731023235081, 20.65283701322517]], [[-101.46731081540594, 20.652873123601804], [-101.46731023235081, 20.65283701322517]], [[-101.46731023235081, 20.65283701322517], [-101.46727186833867, 20.65283756202478]], [[-101.46727245138476, 20.652873672402453], [-101.46727186833867, 20.65283756202478]], [[-101.46727186833867, 20.65283756202478], [-101.46723350432529, 20.65283811081587]], [[-101.46723408736233, 20.65287422119459], [-101.46723350432529, 20.65283811081587]], [[-101.46723350432529, 20.65283811081587], [-101.46719514031065, 20.652838659598448]], [[-101.46719572333865, 20.65287476997822], [-101.46719514031065, 20.652838659598448]], [[-101.46719514031065, 20.652838659598448], [-101.46715677629477, 20.652839208372512]], [[-101.46715735931373, 20.652875318753324], [-101.46715677629477, 20.652839208372512]], [[-101.46715677629477, 20.652839208372512], [-101.46711841227763, 20.652839757138057]], [[-101.46711899528755, 20.652875867519917], [-101.46711841227763, 20.652839757138057]], [[-101.46711841227763, 20.652839757138057], [-101.46708004825925, 20.652840305895097]], [[-101.46708063126013, 20.652876416277998], [-101.46708004825925, 20.652840305895097]], [[-101.46708004825925, 20.652840305895097], [-101.46704168423962, 20.65284085464361]], [[-101.46704226723145, 20.652876965027566], [-101.46704168423962, 20.65284085464361]], [[-101.46704168423962, 20.65284085464361], [-101.46700332021874, 20.652841403383622]], [[-101.4670039032015, 20.652877513768612], [-101.46700332021874, 20.652841403383622]], [[-101.46700332021874, 20.652841403383622], [-101.46696495619659, 20.652841952115114]], [[-101.46696553917033, 20.65287806250115], [-101.46696495619659, 20.652841952115114]], [[-101.46696495619659, 20.652841952115114], [-101.46692659217321, 20.65284250083809]], [[-101.4669271751379, 20.652878611225177], [-101.46692659217321, 20.65284250083809]], [[-101.46692659217321, 20.65284250083809], [-101.46688822814858, 20.65284304955256]], [[-101.46688881110423, 20.65287915994069], [-101.46688822814858, 20.65284304955256]], [[-101.46688822814858, 20.65284304955256], [-101.4668498641227, 20.652843598258503]], [[-101.4668504470693, 20.65287970864768], [-101.4668498641227, 20.652843598258503]], [[-101.4668498641227, 20.652843598258503], [-101.46681150009556, 20.652844146955943]], [[-101.46681208303312, 20.65288025734616], [-101.46681150009556, 20.652844146955943]], [[-101.46681150009556, 20.652844146955943], [-101.46677313606718, 20.652844695644863]], [[-101.4667737189957, 20.652880806036123], [-101.46677313606718, 20.652844695644863]], [[-101.46677313606718, 20.652844695644863], [-101.46673477203754, 20.652845244325267]], [[-101.46673535495701, 20.652881354717582], [-101.46673477203754, 20.652845244325267]], [[-101.46673477203754, 20.652845244325267], [-101.46669640800664, 20.652845792997166]], [[-101.46669699091707, 20.65288190339052], [-101.46669640800664, 20.652845792997166]], [[-101.46669640800664, 20.652845792997166], [-101.46665804397452, 20.652846341660542]], [[-101.46665862687591, 20.652882452054936], [-101.46665804397452, 20.652846341660542]], [[-101.46665804397452, 20.652846341660542], [-101.46661967994113, 20.65284689031541]], [[-101.46662026283347, 20.65288300071085], [-101.46661967994113, 20.65284689031541]], [[-101.46661967994113, 20.65284689031541], [-101.46658131590648, 20.652847438961757]], [[-101.4665818987898, 20.652883549358243], [-101.46658131590648, 20.652847438961757]], [[-101.46658131590648, 20.652847438961757], [-101.46654295187061, 20.652847987599593]], [[-101.46654353474486, 20.652884097997127], [-101.46654295187061, 20.652847987599593]], [[-101.46654295187061, 20.652847987599593], [-101.46650458783347, 20.652848536228916]], [[-101.46650517069868, 20.65288464662749], [-101.46650458783347, 20.652848536228916]], [[-101.46650458783347, 20.652848536228916], [-101.46646622379508, 20.65284908484972]], [[-101.46646680665125, 20.652885195249343], [-101.46646622379508, 20.65284908484972]], [[-101.46646622379508, 20.65284908484972], [-101.46642785975544, 20.65284963346202]], [[-101.46642844260258, 20.652885743862683], [-101.46642785975544, 20.65284963346202]], [[-101.46642785975544, 20.65284963346202], [-101.46638949571457, 20.652850182065798]], [[-101.46639007855265, 20.652886292467503], [-101.46638949571457, 20.652850182065798]], [[-101.46638949571457, 20.652850182065798], [-101.46635113167243, 20.652850730661065]], [[-101.46635171450147, 20.652886841063815], [-101.46635113167243, 20.652850730661065]], [[-101.46635113167243, 20.652850730661065], [-101.46631276762905, 20.652851279247812]], [[-101.46631335044904, 20.652887389651614], [-101.46631276762905, 20.652851279247812]], [[-101.46631276762905, 20.652851279247812], [-101.4662744035844, 20.652851827826048]], [[-101.46627498639536, 20.652887938230887], [-101.4662744035844, 20.652851827826048]], [[-101.4662744035844, 20.652851827826048], [-101.46623603953852, 20.65285237639577]], [[-101.46623662234043, 20.652888486801658], [-101.46623603953852, 20.65285237639577]], [[-101.46623603953852, 20.65285237639577], [-101.46619767549139, 20.652852924956974]], [[-101.46619825828427, 20.65288903536391], [-101.46619767549139, 20.652852924956974]], [[-101.46619767549139, 20.652852924956974], [-101.46615931144301, 20.652853473509673]], [[-101.46615989422683, 20.65288958391765], [-101.46615931144301, 20.652853473509673]], [[-101.46615931144301, 20.652853473509673], [-101.46612094739338, 20.65285402205385]], [[-101.46612153016815, 20.652890132462872], [-101.46612094739338, 20.65285402205385]], [[-101.46612094739338, 20.65285402205385], [-101.4660825833425, 20.652854570589515]], [[-101.46608316610823, 20.65289068099958], [-101.4660825833425, 20.652854570589515]], [[-101.4660825833425, 20.652854570589515], [-101.46604421929035, 20.652855119116673]], [[-101.46604480204704, 20.65289122952778], [-101.46604421929035, 20.652855119116673]], [[-101.46604421929035, 20.652855119116673], [-101.46600585523697, 20.652855667635304]], [[-101.46600643798463, 20.652891778047458], [-101.46600585523697, 20.652855667635304]], [[-101.46600585523697, 20.652855667635304], [-101.46596749118234, 20.652856216145427]], [[-101.46596807392095, 20.65289232655863], [-101.46596749118234, 20.652856216145427]], [[-101.46596749118234, 20.652856216145427], [-101.46592912712646, 20.652856764647037]], [[-101.46592970985603, 20.65289287506128], [-101.46592912712646, 20.652856764647037]], [[-101.46592912712646, 20.652856764647037], [-101.46589076306934, 20.65285731314013]], [[-101.46589134578986, 20.652893423555415], [-101.46589076306934, 20.65285731314013]], [[-101.46589076306934, 20.65285731314013], [-101.46585239901096, 20.65285786162471]], [[-101.46585298172242, 20.65289397204104], [-101.46585239901096, 20.65285786162471]], [[-101.46585239901096, 20.65285786162471], [-101.46581403495132, 20.652858410100777]], [[-101.46581461765376, 20.652894520518153], [-101.46581403495132, 20.652858410100777]], [[-101.46581403495132, 20.652858410100777], [-101.46577567089044, 20.652858958568327]], [[-101.46577625358383, 20.652895068986748], [-101.46577567089044, 20.652858958568327]], [[-101.46577567089044, 20.652858958568327], [-101.46573730682832, 20.652859507027365]], [[-101.46573788951265, 20.65289561744683], [-101.46573730682832, 20.652859507027365]], [[-101.46573730682832, 20.652859507027365], [-101.46569894276493, 20.652860055477888]], [[-101.46569952544023, 20.652896165898394], [-101.46569894276493, 20.652860055477888]], [[-101.46569894276493, 20.652860055477888], [-101.4656605787003, 20.652860603919894]], [[-101.46566116136655, 20.652896714341452], [-101.4656605787003, 20.652860603919894]], [[-101.4656605787003, 20.652860603919894], [-101.46562221463442, 20.65286115235339]], [[-101.46562279729164, 20.652897262775987], [-101.46562221463442, 20.65286115235339]], [[-101.46562221463442, 20.65286115235339], [-101.4655838505673, 20.652861700778367]], [[-101.46558443321547, 20.652897811202013], [-101.4655838505673, 20.652861700778367]], [[-101.4655838505673, 20.652861700778367], [-101.46554548649893, 20.652862249194836]], [[-101.46554606913804, 20.652898359619524], [-101.46554548649893, 20.652862249194836]], [[-101.46554548649893, 20.652862249194836], [-101.46550712242929, 20.652862797602786]], [[-101.46550770505938, 20.65289890802852], [-101.46550712242929, 20.652862797602786]], [[-101.46550712242929, 20.652862797602786], [-101.46546875835843, 20.652863346002224]], [[-101.46546934097945, 20.652899456428997], [-101.46546875835843, 20.652863346002224]], [[-101.46546875835843, 20.652863346002224], [-101.4654303942863, 20.652863894393146]], [[-101.46543097689829, 20.652900004820967], [-101.4654303942863, 20.652863894393146]], [[-101.4654303942863, 20.652863894393146], [-101.46539203021291, 20.652864442775556]], [[-101.46539261281588, 20.652900553204418], [-101.46539203021291, 20.652864442775556]], [[-101.46539203021291, 20.652864442775556], [-101.4653536661383, 20.65286499114945]], [[-101.4653542487322, 20.652901101579356], [-101.4653536661383, 20.65286499114945]], [[-101.4653536661383, 20.65286499114945], [-101.46531530206242, 20.652865539514835]], [[-101.46531588464728, 20.652901649945782], [-101.46531530206242, 20.652865539514835]], [[-101.46531530206242, 20.652865539514835], [-101.46527693798531, 20.652866087871697]], [[-101.46527752056112, 20.652902198303693], [-101.46527693798531, 20.652866087871697]], [[-101.46527693798531, 20.652866087871697], [-101.46523857390693, 20.65286663622005]], [[-101.4652391564737, 20.65290274665309], [-101.46523857390693, 20.65286663622005]], [[-101.46523857390693, 20.65286663622005], [-101.46520020982732, 20.65286718455989]], [[-101.46520079238503, 20.652903294993973], [-101.46520020982732, 20.65286718455989]], [[-101.46520020982732, 20.65286718455989], [-101.46516184574644, 20.652867732891213]], [[-101.46516242829513, 20.652903843326335], [-101.46516184574644, 20.652867732891213]], [[-101.46516184574644, 20.652867732891213], [-101.46512348166432, 20.65286828121402]], [[-101.46512406420396, 20.65290439165019], [-101.46512348166432, 20.65286828121402]], [[-101.46512348166432, 20.65286828121402], [-101.46508511758095, 20.652868829528316]], [[-101.46508570011154, 20.652904939965534], [-101.46508511758095, 20.652868829528316]], [[-101.46508511758095, 20.652868829528316], [-101.46504675349634, 20.652869377834094]], [[-101.4650473360179, 20.652905488272353], [-101.46504675349634, 20.652869377834094]], [[-101.46504675349634, 20.652869377834094], [-101.46500838941047, 20.65286992613136]], [[-101.46500897192298, 20.652906036570663], [-101.46500838941047, 20.65286992613136]], [[-101.46500838941047, 20.65286992613136], [-101.46497002532335, 20.65287047442012]], [[-101.46497060782681, 20.65290658486046], [-101.46497002532335, 20.65287047442012]], [[-101.4679240563749, 20.65282823127354], [-101.46792347317633, 20.652792120913453]], [[-101.46792347317633, 20.652792120913453], [-101.46788510919325, 20.652792669848242]], [[-101.46788569238277, 20.65282878020937], [-101.46788510919325, 20.652792669848242]], [[-101.46788510919325, 20.652792669848242], [-101.4678467452089, 20.652793218774516]], [[-101.4678473283894, 20.65282932913669], [-101.4678467452089, 20.652793218774516]], [[-101.4678467452089, 20.652793218774516], [-101.46780838122332, 20.652793767692277]], [[-101.46780896439478, 20.652829878055496], [-101.46780838122332, 20.652793767692277]], [[-101.46780838122332, 20.652793767692277], [-101.46777001723649, 20.65279431660152]], [[-101.4677706003989, 20.65283042696579], [-101.46777001723649, 20.65279431660152]], [[-101.46777001723649, 20.65279431660152], [-101.46773165324839, 20.65279486550225]], [[-101.46773223640176, 20.652830975867563], [-101.46773165324839, 20.65279486550225]], [[-101.46773165324839, 20.65279486550225], [-101.46769328925907, 20.652795414394472]], [[-101.46769387240337, 20.652831524760824], [-101.46769328925907, 20.652795414394472]], [[-101.46769328925907, 20.652795414394472], [-101.46765492526848, 20.652795963278173]], [[-101.46765550840375, 20.65283207364557], [-101.46765492526848, 20.652795963278173]], [[-101.46765492526848, 20.652795963278173], [-101.46761656127664, 20.652796512153365]], [[-101.46761714440288, 20.65283262252181], [-101.46761656127664, 20.652796512153365]], [[-101.46761656127664, 20.652796512153365], [-101.46757819728354, 20.65279706102004]], [[-101.46757878040073, 20.652833171389528], [-101.46757819728354, 20.65279706102004]], [[-101.46757819728354, 20.65279706102004], [-101.46753983328922, 20.6527976098782]], [[-101.46754041639736, 20.652833720248736], [-101.46753983328922, 20.6527976098782]], [[-101.46753983328922, 20.6527976098782], [-101.46750146929364, 20.652798158727844]], [[-101.46750205239272, 20.652834269099426], [-101.46750146929364, 20.652798158727844]], [[-101.46750146929364, 20.652798158727844], [-101.46746310529679, 20.652798707568977]], [[-101.46746368838684, 20.6528348179416], [-101.46746310529679, 20.652798707568977]], [[-101.46746310529679, 20.652798707568977], [-101.4674247412987, 20.652799256401597]], [[-101.4674253243797, 20.652835366775264], [-101.4674247412987, 20.652799256401597]], [[-101.4674247412987, 20.652799256401597], [-101.46738637729936, 20.6527998052257]], [[-101.46738696037133, 20.652835915600413], [-101.46738637729936, 20.6527998052257]], [[-101.46738637729936, 20.6527998052257], [-101.46734801329877, 20.65280035404129]], [[-101.46734859636169, 20.65283646441705], [-101.46734801329877, 20.65280035404129]], [[-101.46734801329877, 20.65280035404129], [-101.46730964929694, 20.652800902848366]], [[-101.46731023235081, 20.65283701322517], [-101.46730964929694, 20.652800902848366]], [[-101.46730964929694, 20.652800902848366], [-101.46727128529385, 20.652801451646923]], [[-101.46727186833867, 20.65283756202478], [-101.46727128529385, 20.652801451646923]], [[-101.46727128529385, 20.652801451646923], [-101.46723292128951, 20.652802000436974]], [[-101.46723350432529, 20.65283811081587], [-101.46723292128951, 20.652802000436974]], [[-101.46723292128951, 20.652802000436974], [-101.46719455728392, 20.652802549218507]], [[-101.46719514031065, 20.652838659598448], [-101.46719455728392, 20.652802549218507]], [[-101.46719455728392, 20.652802549218507], [-101.46715619327706, 20.652803097991523]], [[-101.46715677629477, 20.652839208372512], [-101.46715619327706, 20.652803097991523]], [[-101.46715619327706, 20.652803097991523], [-101.46711782926897, 20.652803646756027]], [[-101.46711841227763, 20.652839757138057], [-101.46711782926897, 20.652803646756027]], [[-101.46711782926897, 20.652803646756027], [-101.46707946525963, 20.65280419551202]], [[-101.46708004825925, 20.652840305895097], [-101.46707946525963, 20.65280419551202]], [[-101.46707946525963, 20.65280419551202], [-101.46704110124904, 20.652804744259495]], [[-101.46704168423962, 20.65284085464361], [-101.46704110124904, 20.652804744259495]], [[-101.46704110124904, 20.652804744259495], [-101.46700273723721, 20.65280529299846]], [[-101.46700332021874, 20.652841403383622], [-101.46700273723721, 20.65280529299846]], [[-101.46700273723721, 20.65280529299846], [-101.46696437322412, 20.652805841728906]], [[-101.46696495619659, 20.652841952115114], [-101.46696437322412, 20.652805841728906]], [[-101.46696437322412, 20.652805841728906], [-101.46692600920977, 20.652806390450834]], [[-101.46692659217321, 20.65284250083809], [-101.46692600920977, 20.652806390450834]], [[-101.46692600920977, 20.652806390450834], [-101.46688764519418, 20.65280693916426]], [[-101.46688822814858, 20.65284304955256], [-101.46688764519418, 20.65280693916426]], [[-101.46688764519418, 20.65280693916426], [-101.46684928117733, 20.652807487869165]], [[-101.4668498641227, 20.652843598258503], [-101.46684928117733, 20.652807487869165]], [[-101.46684928117733, 20.652807487869165], [-101.46681091715925, 20.652808036565553]], [[-101.46681150009556, 20.652844146955943], [-101.46681091715925, 20.652808036565553]], [[-101.46681091715925, 20.652808036565553], [-101.4667725531399, 20.65280858525343]], [[-101.46677313606718, 20.652844695644863], [-101.4667725531399, 20.65280858525343]], [[-101.4667725531399, 20.65280858525343], [-101.46673418911931, 20.65280913393279]], [[-101.46673477203754, 20.652845244325267], [-101.46673418911931, 20.65280913393279]], [[-101.46673418911931, 20.65280913393279], [-101.46669582509747, 20.652809682603642]], [[-101.46669640800664, 20.652845792997166], [-101.46669582509747, 20.652809682603642]], [[-101.46669582509747, 20.652809682603642], [-101.46665746107438, 20.652810231265974]], [[-101.46665804397452, 20.652846341660542], [-101.46665746107438, 20.652810231265974]], [[-101.46665746107438, 20.652810231265974], [-101.46661909705003, 20.652810779919797]], [[-101.46661967994113, 20.65284689031541], [-101.46661909705003, 20.652810779919797]], [[-101.46661909705003, 20.652810779919797], [-101.46658073302443, 20.6528113285651]], [[-101.46658131590648, 20.652847438961757], [-101.46658073302443, 20.6528113285651]], [[-101.46658073302443, 20.6528113285651], [-101.4665423689976, 20.6528118772019]], [[-101.46654295187061, 20.652847987599593], [-101.4665423689976, 20.6528118772019]], [[-101.4665423689976, 20.6528118772019], [-101.46650400496951, 20.652812425830174]], [[-101.46650458783347, 20.652848536228916], [-101.46650400496951, 20.652812425830174]], [[-101.46650400496951, 20.652812425830174], [-101.46646564094017, 20.652812974449933]], [[-101.46646622379508, 20.65284908484972], [-101.46646564094017, 20.652812974449933]], [[-101.46646564094017, 20.652812974449933], [-101.46642727690957, 20.652813523061184]], [[-101.46642785975544, 20.65284963346202], [-101.46642727690957, 20.652813523061184]], [[-101.46642727690957, 20.652813523061184], [-101.46638891287773, 20.652814071663915]], [[-101.46638949571457, 20.652850182065798], [-101.46638891287773, 20.652814071663915]], [[-101.46638891287773, 20.652814071663915], [-101.46635054884464, 20.652814620258138]], [[-101.46635113167243, 20.652850730661065], [-101.46635054884464, 20.652814620258138]], [[-101.46635054884464, 20.652814620258138], [-101.46631218481029, 20.65281516884384]], [[-101.46631276762905, 20.652851279247812], [-101.46631218481029, 20.65281516884384]], [[-101.46631218481029, 20.65281516884384], [-101.4662738207747, 20.652815717421035]], [[-101.4662744035844, 20.652851827826048], [-101.4662738207747, 20.652815717421035]], [[-101.4662738207747, 20.652815717421035], [-101.46623545673786, 20.652816265989717]], [[-101.46623603953852, 20.65285237639577], [-101.46623545673786, 20.652816265989717]], [[-101.46623545673786, 20.652816265989717], [-101.46619709269977, 20.65281681454988]], [[-101.46619767549139, 20.652852924956974], [-101.46619709269977, 20.65281681454988]], [[-101.46619709269977, 20.65281681454988], [-101.46615872866043, 20.652817363101526]], [[-101.46615931144301, 20.652853473509673], [-101.46615872866043, 20.652817363101526]], [[-101.46615872866043, 20.652817363101526], [-101.46612036461984, 20.652817911644664]], [[-101.46612094739338, 20.65285402205385], [-101.46612036461984, 20.652817911644664]], [[-101.46612036461984, 20.652817911644664], [-101.466082000578, 20.65281846017928]], [[-101.4660825833425, 20.652854570589515], [-101.466082000578, 20.65281846017928]], [[-101.466082000578, 20.65281846017928], [-101.46604363653492, 20.652819008705393]], [[-101.46604421929035, 20.652855119116673], [-101.46604363653492, 20.652819008705393]], [[-101.46604363653492, 20.652819008705393], [-101.46600527249058, 20.652819557222987]], [[-101.46600585523697, 20.652855667635304], [-101.46600527249058, 20.652819557222987]], [[-101.46600527249058, 20.652819557222987], [-101.465966908445, 20.65282010573206]], [[-101.46596749118234, 20.652856216145427], [-101.465966908445, 20.65282010573206]], [[-101.465966908445, 20.65282010573206], [-101.46592854439814, 20.652820654232624]], [[-101.46592912712646, 20.652856764647037], [-101.46592854439814, 20.652820654232624]], [[-101.46592854439814, 20.652820654232624], [-101.46589018035006, 20.652821202724674]], [[-101.46589076306934, 20.65285731314013], [-101.46589018035006, 20.652821202724674]], [[-101.46589018035006, 20.652821202724674], [-101.46585181630073, 20.652821751208208]], [[-101.46585239901096, 20.65285786162471], [-101.46585181630073, 20.652821751208208]], [[-101.46585181630073, 20.652821751208208], [-101.46581345225015, 20.65282229968323]], [[-101.46581403495132, 20.652858410100777], [-101.46581345225015, 20.65282229968323]], [[-101.46581345225015, 20.65282229968323], [-101.4657750881983, 20.65282284814974]], [[-101.46577567089044, 20.652858958568327], [-101.4657750881983, 20.65282284814974]], [[-101.4657750881983, 20.65282284814974], [-101.46573672414522, 20.652823396607733]], [[-101.46573730682832, 20.652859507027365], [-101.46573672414522, 20.652823396607733]], [[-101.46573672414522, 20.652823396607733], [-101.46569836009087, 20.652823945057207]], [[-101.46569894276493, 20.652860055477888], [-101.46569836009087, 20.652823945057207]], [[-101.46569836009087, 20.652823945057207], [-101.4656599960353, 20.652824493498173]], [[-101.4656605787003, 20.652860603919894], [-101.4656599960353, 20.652824493498173]], [[-101.4656599960353, 20.652824493498173], [-101.46562163197845, 20.652825041930626]], [[-101.46562221463442, 20.65286115235339], [-101.46562163197845, 20.652825041930626]], [[-101.46562163197845, 20.652825041930626], [-101.46558326792038, 20.65282559035456]], [[-101.4655838505673, 20.652861700778367], [-101.46558326792038, 20.65282559035456]], [[-101.46558326792038, 20.65282559035456], [-101.46554490386104, 20.65282613876998]], [[-101.46554548649893, 20.652862249194836], [-101.46554490386104, 20.65282613876998]], [[-101.46554490386104, 20.65282613876998], [-101.46550653980046, 20.65282668717689]], [[-101.46550712242929, 20.652862797602786], [-101.46550653980046, 20.65282668717689]], [[-101.46550653980046, 20.65282668717689], [-101.46546817573862, 20.652827235575284]], [[-101.46546875835843, 20.652863346002224], [-101.46546817573862, 20.652827235575284]], [[-101.46546817573862, 20.652827235575284], [-101.46542981167555, 20.65282778396516]], [[-101.4654303942863, 20.652863894393146], [-101.46542981167555, 20.65282778396516]], [[-101.46542981167555, 20.65282778396516], [-101.46539144761121, 20.652828332346527]], [[-101.46539203021291, 20.652864442775556], [-101.46539144761121, 20.652828332346527]], [[-101.46539144761121, 20.652828332346527], [-101.46535308354564, 20.652828880719376]], [[-101.4653536661383, 20.65286499114945], [-101.46535308354564, 20.652828880719376]], [[-101.46535308354564, 20.652828880719376], [-101.4653147194788, 20.65282942908371]], [[-101.46531530206242, 20.652865539514835], [-101.4653147194788, 20.65282942908371]], [[-101.4653147194788, 20.65282942908371], [-101.46527635541072, 20.65282997743953]], [[-101.46527693798531, 20.652866087871697], [-101.46527635541072, 20.65282997743953]], [[-101.46527635541072, 20.65282997743953], [-101.4652379913414, 20.65283052578684]], [[-101.46523857390693, 20.65286663622005], [-101.4652379913414, 20.65283052578684]], [[-101.4652379913414, 20.65283052578684], [-101.46519962727082, 20.652831074125633]], [[-101.46520020982732, 20.65286718455989], [-101.46519962727082, 20.652831074125633]], [[-101.46519962727082, 20.652831074125633], [-101.465161263199, 20.652831622455917]], [[-101.46516184574644, 20.652867732891213], [-101.465161263199, 20.652831622455917]], [[-101.465161263199, 20.652831622455917], [-101.46512289912592, 20.652832170777675]], [[-101.46512348166432, 20.65286828121402], [-101.46512289912592, 20.652832170777675]], [[-101.46512289912592, 20.652832170777675], [-101.4650845350516, 20.652832719090934]], [[-101.46508511758095, 20.652868829528316], [-101.4650845350516, 20.652832719090934]], [[-101.4650845350516, 20.652832719090934], [-101.46504617097602, 20.652833267395668]], [[-101.46504675349634, 20.652869377834094], [-101.46504617097602, 20.652833267395668]], [[-101.46504617097602, 20.652833267395668], [-101.4650078068992, 20.65283381569189]], [[-101.46500838941047, 20.65286992613136], [-101.4650078068992, 20.65283381569189]], [[-101.4650078068992, 20.65283381569189], [-101.46496944282113, 20.652834363979597]], [[-101.46497002532335, 20.65287047442012], [-101.46496944282113, 20.652834363979597]], [[-101.46792347317633, 20.652792120913453], [-101.46792288997901, 20.652756010553208]], [[-101.46792288997901, 20.652756010553208], [-101.46788452600495, 20.65275655948695]], [[-101.46788510919325, 20.652792669848242], [-101.46788452600495, 20.65275655948695]], [[-101.46788452600495, 20.65275655948695], [-101.46784616202967, 20.65275710841218]], [[-101.4678467452089, 20.652793218774516], [-101.46784616202967, 20.65275710841218]], [[-101.46784616202967, 20.65275710841218], [-101.46780779805313, 20.65275765732889]], [[-101.46780838122332, 20.652793767692277], [-101.46780779805313, 20.65275765732889]], [[-101.46780779805313, 20.65275765732889], [-101.46776943407534, 20.652758206237095]], [[-101.46777001723649, 20.65279431660152], [-101.46776943407534, 20.652758206237095]], [[-101.46776943407534, 20.652758206237095], [-101.46773107009629, 20.652758755136784]], [[-101.46773165324839, 20.65279486550225], [-101.46773107009629, 20.652758755136784]], [[-101.46773107009629, 20.652758755136784], [-101.46769270611601, 20.652759304027953]], [[-101.46769328925907, 20.652795414394472], [-101.46769270611601, 20.652759304027953]], [[-101.46769270611601, 20.652759304027953], [-101.46765434213447, 20.65275985291061]], [[-101.46765492526848, 20.652795963278173], [-101.46765434213447, 20.65275985291061]], [[-101.46765434213447, 20.65275985291061], [-101.46761597815166, 20.652760401784754]], [[-101.46761656127664, 20.652796512153365], [-101.46761597815166, 20.652760401784754]], [[-101.46761597815166, 20.652760401784754], [-101.46757761416762, 20.652760950650386]], [[-101.46757819728354, 20.65279706102004], [-101.46757761416762, 20.652760950650386]], [[-101.46757761416762, 20.652760950650386], [-101.46753925018233, 20.652761499507502]], [[-101.46753983328922, 20.6527976098782], [-101.46753925018233, 20.652761499507502]], [[-101.46753925018233, 20.652761499507502], [-101.4675008861958, 20.652762048356102]], [[-101.46750146929364, 20.652798158727844], [-101.4675008861958, 20.652762048356102]], [[-101.4675008861958, 20.652762048356102], [-101.46746252220798, 20.652762597196187]], [[-101.46746310529679, 20.652798707568977], [-101.46746252220798, 20.652762597196187]], [[-101.46746252220798, 20.652762597196187], [-101.46742415821895, 20.652763146027763]], [[-101.4674247412987, 20.652799256401597], [-101.46742415821895, 20.652763146027763]], [[-101.46742415821895, 20.652763146027763], [-101.46738579422865, 20.652763694850822]], [[-101.46738637729936, 20.6527998052257], [-101.46738579422865, 20.652763694850822]], [[-101.46738579422865, 20.652763694850822], [-101.4673474302371, 20.652764243665363]], [[-101.46734801329877, 20.65280035404129], [-101.4673474302371, 20.652764243665363]], [[-101.4673474302371, 20.652764243665363], [-101.46730906624431, 20.652764792471398]], [[-101.46730964929694, 20.652800902848366], [-101.46730906624431, 20.652764792471398]], [[-101.46730906624431, 20.652764792471398], [-101.46727070225026, 20.652765341268914]], [[-101.46727128529385, 20.652801451646923], [-101.46727070225026, 20.652765341268914]], [[-101.46727070225026, 20.652765341268914], [-101.46723233825496, 20.652765890057914]], [[-101.46723292128951, 20.652802000436974], [-101.46723233825496, 20.652765890057914]], [[-101.46723233825496, 20.652765890057914], [-101.46719397425842, 20.6527664388384]], [[-101.46719455728392, 20.652802549218507], [-101.46719397425842, 20.6527664388384]], [[-101.46719397425842, 20.6527664388384], [-101.46715561026062, 20.652766987610374]], [[-101.46715619327706, 20.652803097991523], [-101.46715561026062, 20.652766987610374]], [[-101.46715561026062, 20.652766987610374], [-101.46711724626157, 20.652767536373837]], [[-101.46711782926897, 20.652803646756027], [-101.46711724626157, 20.652767536373837]], [[-101.46711724626157, 20.652767536373837], [-101.46707888226128, 20.652768085128784]], [[-101.46707946525963, 20.65280419551202], [-101.46707888226128, 20.652768085128784]], [[-101.46707888226128, 20.652768085128784], [-101.46704051825972, 20.652768633875215]], [[-101.46704110124904, 20.652804744259495], [-101.46704051825972, 20.652768633875215]], [[-101.46704051825972, 20.652768633875215], [-101.46700215425693, 20.65276918261313]], [[-101.46700273723721, 20.65280529299846], [-101.46700215425693, 20.65276918261313]], [[-101.46700215425693, 20.65276918261313], [-101.46696379025288, 20.652769731342534]], [[-101.46696437322412, 20.652805841728906], [-101.46696379025288, 20.652769731342534]], [[-101.46696379025288, 20.652769731342534], [-101.46692542624757, 20.652770280063425]], [[-101.46692600920977, 20.652806390450834], [-101.46692542624757, 20.652770280063425]], [[-101.46692542624757, 20.652770280063425], [-101.46688706224103, 20.6527708287758]], [[-101.46688764519418, 20.65280693916426], [-101.46688706224103, 20.6527708287758]], [[-101.46688706224103, 20.6527708287758], [-101.46684869823324, 20.652771377479656]], [[-101.46684928117733, 20.652807487869165], [-101.46684869823324, 20.652771377479656]], [[-101.46684869823324, 20.652771377479656], [-101.46681033422418, 20.652771926175]], [[-101.46681091715925, 20.652808036565553], [-101.46681033422418, 20.652771926175]], [[-101.46681033422418, 20.652771926175], [-101.46677197021388, 20.65277247486184]], [[-101.4667725531399, 20.65280858525343], [-101.46677197021388, 20.65277247486184]], [[-101.46677197021388, 20.65277247486184], [-101.46673360620233, 20.652773023540156]], [[-101.46673418911931, 20.65280913393279], [-101.46673360620233, 20.652773023540156]], [[-101.46673360620233, 20.652773023540156], [-101.46669524218953, 20.652773572209963]], [[-101.46669582509747, 20.652809682603642], [-101.46669524218953, 20.652773572209963]], [[-101.46669524218953, 20.652773572209963], [-101.46665687817548, 20.652774120871246]], [[-101.46665746107438, 20.652810231265974], [-101.46665687817548, 20.652774120871246]], [[-101.46665687817548, 20.652774120871246], [-101.46661851416019, 20.652774669524018]], [[-101.46661909705003, 20.652810779919797], [-101.46661851416019, 20.652774669524018]], [[-101.46661851416019, 20.652774669524018], [-101.46658015014364, 20.652775218168284]], [[-101.46658073302443, 20.6528113285651], [-101.46658015014364, 20.652775218168284]], [[-101.46658015014364, 20.652775218168284], [-101.46654178612584, 20.652775766804027]], [[-101.4665423689976, 20.6528118772019], [-101.46654178612584, 20.652775766804027]], [[-101.46654178612584, 20.652775766804027], [-101.4665034221068, 20.652776315431268]], [[-101.46650400496951, 20.652812425830174], [-101.4665034221068, 20.652776315431268]], [[-101.4665034221068, 20.652776315431268], [-101.46646505808648, 20.65277686404998]], [[-101.46646564094017, 20.652812974449933], [-101.46646505808648, 20.65277686404998]], [[-101.46646505808648, 20.65277686404998], [-101.46642669406495, 20.65277741266019]], [[-101.46642727690957, 20.652813523061184], [-101.46642669406495, 20.65277741266019]], [[-101.46642669406495, 20.65277741266019], [-101.46638833004214, 20.652777961261876]], [[-101.46638891287773, 20.652814071663915], [-101.46638833004214, 20.652777961261876]], [[-101.46638833004214, 20.652777961261876], [-101.4663499660181, 20.65277850985505]], [[-101.46635054884464, 20.652814620258138], [-101.4663499660181, 20.65277850985505]], [[-101.4663499660181, 20.65277850985505], [-101.4663116019928, 20.652779058439712]], [[-101.46631218481029, 20.65281516884384], [-101.4663116019928, 20.652779058439712]], [[-101.4663116019928, 20.652779058439712], [-101.46627323796625, 20.65277960701586]], [[-101.4662738207747, 20.652815717421035], [-101.46627323796625, 20.65277960701586]], [[-101.46627323796625, 20.65277960701586], [-101.46623487393846, 20.652780155583496]], [[-101.46623545673786, 20.652816265989717], [-101.46623487393846, 20.652780155583496]], [[-101.46623487393846, 20.652780155583496], [-101.46619650990941, 20.652780704142614]], [[-101.46619709269977, 20.65281681454988], [-101.46619650990941, 20.652780704142614]], [[-101.46619650990941, 20.652780704142614], [-101.46615814587912, 20.652781252693217]], [[-101.46615872866043, 20.652817363101526], [-101.46615814587912, 20.652781252693217]], [[-101.46615814587912, 20.652781252693217], [-101.46611978184757, 20.65278180123531]], [[-101.46612036461984, 20.652817911644664], [-101.46611978184757, 20.65278180123531]], [[-101.46611978184757, 20.65278180123531], [-101.46608141781478, 20.652782349768884]], [[-101.466082000578, 20.65281846017928], [-101.46608141781478, 20.652782349768884]], [[-101.46608141781478, 20.652782349768884], [-101.46604305378072, 20.65278289829395]], [[-101.46604363653492, 20.652819008705393], [-101.46604305378072, 20.65278289829395]], [[-101.46604305378072, 20.65278289829395], [-101.46600468974543, 20.652783446810496]], [[-101.46600527249058, 20.652819557222987], [-101.46600468974543, 20.652783446810496]], [[-101.46600468974543, 20.652783446810496], [-101.46596632570888, 20.65278399531853]], [[-101.465966908445, 20.65282010573206], [-101.46596632570888, 20.65278399531853]], [[-101.46596632570888, 20.65278399531853], [-101.46592796167108, 20.652784543818054]], [[-101.46592854439814, 20.652820654232624], [-101.46592796167108, 20.652784543818054]], [[-101.46592796167108, 20.652784543818054], [-101.46588959763204, 20.652785092309056]], [[-101.46589018035006, 20.652821202724674], [-101.46588959763204, 20.652785092309056]], [[-101.46588959763204, 20.652785092309056], [-101.46585123359175, 20.652785640791542]], [[-101.46585181630073, 20.652821751208208], [-101.46585123359175, 20.652785640791542]], [[-101.46585123359175, 20.652785640791542], [-101.4658128695502, 20.65278618926552]], [[-101.46581345225015, 20.65282229968323], [-101.4658128695502, 20.65278618926552]], [[-101.4658128695502, 20.65278618926552], [-101.46577450550741, 20.652786737730988]], [[-101.4657750881983, 20.65282284814974], [-101.46577450550741, 20.652786737730988]], [[-101.46577450550741, 20.652786737730988], [-101.46573614146337, 20.65278728618793]], [[-101.46573672414522, 20.652823396607733], [-101.46573614146337, 20.65278728618793]], [[-101.46573614146337, 20.65278728618793], [-101.46569777741807, 20.65278783463637]], [[-101.46569836009087, 20.652823945057207], [-101.46569777741807, 20.65278783463637]], [[-101.46569777741807, 20.65278783463637], [-101.46565941337154, 20.652788383076288]], [[-101.4656599960353, 20.652824493498173], [-101.46565941337154, 20.652788383076288]], [[-101.46565941337154, 20.652788383076288], [-101.46562104932374, 20.652788931507697]], [[-101.46562163197845, 20.652825041930626], [-101.46562104932374, 20.652788931507697]], [[-101.46562104932374, 20.652788931507697], [-101.4655826852747, 20.65278947993059]], [[-101.46558326792038, 20.65282559035456], [-101.4655826852747, 20.65278947993059]], [[-101.4655826852747, 20.65278947993059], [-101.46554432122441, 20.652790028344963]], [[-101.46554490386104, 20.65282613876998], [-101.46554432122441, 20.652790028344963]], [[-101.46554432122441, 20.652790028344963], [-101.46550595717288, 20.652790576750824]], [[-101.46550653980046, 20.65282668717689], [-101.46550595717288, 20.652790576750824]], [[-101.46550595717288, 20.652790576750824], [-101.46546759312008, 20.652791125148177]], [[-101.46546817573862, 20.652827235575284], [-101.46546759312008, 20.652791125148177]], [[-101.46546759312008, 20.652791125148177], [-101.46542922906605, 20.652791673537013]], [[-101.46542981167555, 20.65282778396516], [-101.46542922906605, 20.652791673537013]], [[-101.46542922906605, 20.652791673537013], [-101.46539086501076, 20.652792221917327]], [[-101.46539144761121, 20.652828332346527], [-101.46539086501076, 20.652792221917327]], [[-101.46539086501076, 20.652792221917327], [-101.46535250095422, 20.652792770289135]], [[-101.46535308354564, 20.652828880719376], [-101.46535250095422, 20.652792770289135]], [[-101.46535250095422, 20.652792770289135], [-101.46531413689644, 20.65279331865243]], [[-101.4653147194788, 20.65282942908371], [-101.46531413689644, 20.65279331865243]], [[-101.46531413689644, 20.65279331865243], [-101.4652757728374, 20.652793867007208]], [[-101.46527635541072, 20.65282997743953], [-101.4652757728374, 20.652793867007208]], [[-101.4652757728374, 20.652793867007208], [-101.46523740877713, 20.65279441535347]], [[-101.4652379913414, 20.65283052578684], [-101.46523740877713, 20.65279441535347]], [[-101.46523740877713, 20.65279441535347], [-101.46519904471558, 20.652794963691225]], [[-101.46519962727082, 20.652831074125633], [-101.46519904471558, 20.652794963691225]], [[-101.46519904471558, 20.652794963691225], [-101.46516068065279, 20.652795512020457]], [[-101.465161263199, 20.652831622455917], [-101.46516068065279, 20.652795512020457]], [[-101.46516068065279, 20.652795512020457], [-101.46512231658878, 20.652796060341174]], [[-101.46512289912592, 20.652832170777675], [-101.46512231658878, 20.652796060341174]], [[-101.46512231658878, 20.652796060341174], [-101.46508395252349, 20.652796608653382]], [[-101.4650845350516, 20.652832719090934], [-101.46508395252349, 20.652796608653382]], [[-101.46508395252349, 20.652796608653382], [-101.46504558845695, 20.652797156957078]], [[-101.46504617097602, 20.652833267395668], [-101.46504558845695, 20.652797156957078]], [[-101.46504558845695, 20.652797156957078], [-101.46500722438918, 20.652797705252254]], [[-101.4650078068992, 20.65283381569189], [-101.46500722438918, 20.652797705252254]], [[-101.46500722438918, 20.652797705252254], [-101.46496886032014, 20.65279825353892]], [[-101.46496944282113, 20.652834363979597], [-101.46496886032014, 20.65279825353892]], [[-101.46792288997901, 20.652756010553208], [-101.46792230678294, 20.652719900192793]], [[-101.46792230678294, 20.652719900192793], [-101.46788394281793, 20.652720449125493]], [[-101.46788452600495, 20.65275655948695], [-101.46788394281793, 20.652720449125493]], [[-101.46788394281793, 20.652720449125493], [-101.4678455788517, 20.652720998049677]], [[-101.46784616202967, 20.65275710841218], [-101.4678455788517, 20.652720998049677]], [[-101.4678455788517, 20.652720998049677], [-101.46780721488419, 20.652721546965346]], [[-101.46780779805313, 20.65275765732889], [-101.46780721488419, 20.652721546965346]], [[-101.46780721488419, 20.652721546965346], [-101.46776885091543, 20.6527220958725]], [[-101.46776943407534, 20.652758206237095], [-101.46776885091543, 20.6527220958725]], [[-101.46776885091543, 20.6527220958725], [-101.46773048694544, 20.652722644771146]], [[-101.46773107009629, 20.652758755136784], [-101.46773048694544, 20.652722644771146]], [[-101.46773048694544, 20.652722644771146], [-101.4676921229742, 20.65272319366127]], [[-101.46769270611601, 20.652759304027953], [-101.4676921229742, 20.65272319366127]], [[-101.4676921229742, 20.65272319366127], [-101.46765375900169, 20.65272374254288]], [[-101.46765434213447, 20.65275985291061], [-101.46765375900169, 20.65272374254288]], [[-101.46765375900169, 20.65272374254288], [-101.46761539502793, 20.65272429141598]], [[-101.46761597815166, 20.652760401784754], [-101.46761539502793, 20.65272429141598]], [[-101.46761539502793, 20.65272429141598], [-101.46757703105295, 20.652724840280566]], [[-101.46757761416762, 20.652760950650386], [-101.46757703105295, 20.652724840280566]], [[-101.46757703105295, 20.652724840280566], [-101.4675386670767, 20.652725389136638]], [[-101.46753925018233, 20.652761499507502], [-101.4675386670767, 20.652725389136638]], [[-101.4675386670767, 20.652725389136638], [-101.46750030309919, 20.652725937984197]], [[-101.4675008861958, 20.652762048356102], [-101.46750030309919, 20.652725937984197]], [[-101.46750030309919, 20.652725937984197], [-101.46746193912044, 20.65272648682323]], [[-101.46746252220798, 20.652762597196187], [-101.46746193912044, 20.65272648682323]], [[-101.46746193912044, 20.65272648682323], [-101.46742357514044, 20.652727035653765]], [[-101.46742415821895, 20.652763146027763], [-101.46742357514044, 20.652727035653765]], [[-101.46742357514044, 20.652727035653765], [-101.4673852111592, 20.652727584475773]], [[-101.46738579422865, 20.652763694850822], [-101.4673852111592, 20.652727584475773]], [[-101.4673852111592, 20.652727584475773], [-101.46734684717669, 20.652728133289276]], [[-101.4673474302371, 20.652764243665363], [-101.46734684717669, 20.652728133289276]], [[-101.46734684717669, 20.652728133289276], [-101.46730848319292, 20.652728682094263]], [[-101.46730906624431, 20.652764792471398], [-101.46730848319292, 20.652728682094263]], [[-101.46730848319292, 20.652728682094263], [-101.46727011920792, 20.652729230890735]], [[-101.46727070225026, 20.652765341268914], [-101.46727011920792, 20.652729230890735]], [[-101.46727011920792, 20.652729230890735], [-101.46723175522168, 20.65272977967869]], [[-101.46723233825496, 20.652765890057914], [-101.46723175522168, 20.65272977967869]], [[-101.46723175522168, 20.65272977967869], [-101.46719339123418, 20.652730328458137]], [[-101.46719397425842, 20.6527664388384], [-101.46719339123418, 20.652730328458137]], [[-101.46719339123418, 20.652730328458137], [-101.46715502724541, 20.65273087722906]], [[-101.46715561026062, 20.652766987610374], [-101.46715502724541, 20.65273087722906]], [[-101.46715502724541, 20.65273087722906], [-101.46711666325541, 20.65273142599148]], [[-101.46711724626157, 20.652767536373837], [-101.46711666325541, 20.65273142599148]], [[-101.46711666325541, 20.65273142599148], [-101.46707829926414, 20.65273197474537]], [[-101.46707888226128, 20.652768085128784], [-101.46707829926414, 20.65273197474537]], [[-101.46707829926414, 20.65273197474537], [-101.46703993527166, 20.652732523490766]], [[-101.46704051825972, 20.652768633875215], [-101.46703993527166, 20.652732523490766]], [[-101.46703993527166, 20.652732523490766], [-101.46700157127789, 20.652733072227637]], [[-101.46700215425693, 20.65276918261313], [-101.46700157127789, 20.652733072227637]], [[-101.46700157127789, 20.652733072227637], [-101.46696320728289, 20.652733620955992]], [[-101.46696379025288, 20.652769731342534], [-101.46696320728289, 20.652733620955992]], [[-101.46696320728289, 20.652733620955992], [-101.46692484328663, 20.65273416967584]], [[-101.46692542624757, 20.652770280063425], [-101.46692484328663, 20.65273416967584]], [[-101.46692484328663, 20.65273416967584], [-101.46688647928913, 20.65273471838717]], [[-101.46688706224103, 20.6527708287758], [-101.46688647928913, 20.65273471838717]], [[-101.46688647928913, 20.65273471838717], [-101.46684811529038, 20.652735267089984]], [[-101.46684869823324, 20.652771377479656], [-101.46684811529038, 20.652735267089984]], [[-101.46684811529038, 20.652735267089984], [-101.46680975129036, 20.652735815784286]], [[-101.46681033422418, 20.652771926175], [-101.46680975129036, 20.652735815784286]], [[-101.46680975129036, 20.652735815784286], [-101.46677138728911, 20.652736364470073]], [[-101.46677197021388, 20.65277247486184], [-101.46677138728911, 20.652736364470073]], [[-101.46677138728911, 20.652736364470073], [-101.46673302328661, 20.652736913147347]], [[-101.46673360620233, 20.652773023540156], [-101.46673302328661, 20.652736913147347]], [[-101.46673302328661, 20.652736913147347], [-101.46669465928285, 20.652737461816102]], [[-101.46669524218953, 20.652773572209963], [-101.46669465928285, 20.652737461816102]], [[-101.46669465928285, 20.652737461816102], [-101.46665629527784, 20.65273801047635]], [[-101.46665687817548, 20.652774120871246], [-101.46665629527784, 20.65273801047635]], [[-101.46665629527784, 20.65273801047635], [-101.4666179312716, 20.652738559128082]], [[-101.46661851416019, 20.652774669524018], [-101.4666179312716, 20.652738559128082]], [[-101.4666179312716, 20.652738559128082], [-101.46657956726409, 20.652739107771296]], [[-101.46658015014364, 20.652775218168284], [-101.46657956726409, 20.652739107771296]], [[-101.46657956726409, 20.652739107771296], [-101.46654120325533, 20.652739656406]], [[-101.46654178612584, 20.652775766804027], [-101.46654120325533, 20.652739656406]], [[-101.46654120325533, 20.652739656406], [-101.46650283924532, 20.652740205032188]], [[-101.4665034221068, 20.652776315431268], [-101.46650283924532, 20.652740205032188]], [[-101.46650283924532, 20.652740205032188], [-101.46646447523406, 20.652740753649866]], [[-101.46646505808648, 20.65277686404998], [-101.46646447523406, 20.652740753649866]], [[-101.46646447523406, 20.652740753649866], [-101.46642611122157, 20.652741302259024]], [[-101.46642669406495, 20.65277741266019], [-101.46642611122157, 20.652741302259024]], [[-101.46642611122157, 20.652741302259024], [-101.46638774720782, 20.65274185085967]], [[-101.46638833004214, 20.652777961261876], [-101.46638774720782, 20.65274185085967]], [[-101.46638774720782, 20.65274185085967], [-101.4663493831928, 20.652742399451796]], [[-101.4663499660181, 20.65277850985505], [-101.4663493831928, 20.652742399451796]], [[-101.4663493831928, 20.652742399451796], [-101.46631101917654, 20.652742948035417]], [[-101.4663116019928, 20.652779058439712], [-101.46631101917654, 20.652742948035417]], [[-101.46631101917654, 20.652742948035417], [-101.46627265515906, 20.65274349661052]], [[-101.46627323796625, 20.65277960701586], [-101.46627265515906, 20.65274349661052]], [[-101.46627265515906, 20.65274349661052], [-101.4662342911403, 20.652744045177105]], [[-101.46623487393846, 20.652780155583496], [-101.4662342911403, 20.652744045177105]], [[-101.4662342911403, 20.652744045177105], [-101.46619592712028, 20.652744593735182]], [[-101.46619650990941, 20.652780704142614], [-101.46619592712028, 20.652744593735182]], [[-101.46619592712028, 20.652744593735182], [-101.46615756309903, 20.652745142284743]], [[-101.46615814587912, 20.652781252693217], [-101.46615756309903, 20.652745142284743]], [[-101.46615756309903, 20.652745142284743], [-101.46611919907653, 20.65274569082579]], [[-101.46611978184757, 20.65278180123531], [-101.46611919907653, 20.65274569082579]], [[-101.46611919907653, 20.65274569082579], [-101.46608083505278, 20.652746239358315]], [[-101.46608141781478, 20.652782349768884], [-101.46608083505278, 20.652746239358315]], [[-101.46608083505278, 20.652746239358315], [-101.46604247102778, 20.65274678788234]], [[-101.46604305378072, 20.65278289829395], [-101.46604247102778, 20.65274678788234]], [[-101.46604247102778, 20.65274678788234], [-101.46600410700152, 20.65274733639784]], [[-101.46600468974543, 20.652783446810496], [-101.46600410700152, 20.65274733639784]], [[-101.46600410700152, 20.65274733639784], [-101.46596574297402, 20.652747884904834]], [[-101.46596632570888, 20.65278399531853], [-101.46596574297402, 20.652747884904834]], [[-101.46596574297402, 20.652747884904834], [-101.46592737894527, 20.652748433403303]], [[-101.46592796167108, 20.652784543818054], [-101.46592737894527, 20.652748433403303]], [[-101.46592737894527, 20.652748433403303], [-101.46588901491526, 20.652748981893268]], [[-101.46588959763204, 20.652785092309056], [-101.46588901491526, 20.652748981893268]], [[-101.46588901491526, 20.652748981893268], [-101.46585065088402, 20.652749530374717]], [[-101.46585123359175, 20.652785640791542], [-101.46585065088402, 20.652749530374717]], [[-101.46585065088402, 20.652749530374717], [-101.46581228685152, 20.652750078847646]], [[-101.4658128695502, 20.65278618926552], [-101.46581228685152, 20.652750078847646]], [[-101.46581228685152, 20.652750078847646], [-101.46577392281776, 20.652750627312066]], [[-101.46577450550741, 20.652786737730988], [-101.46577392281776, 20.652750627312066]], [[-101.46577392281776, 20.652750627312066], [-101.46573555878278, 20.652751175767968]], [[-101.46573614146337, 20.65278728618793], [-101.46573555878278, 20.652751175767968]], [[-101.46573555878278, 20.652751175767968], [-101.46569719474653, 20.65275172421536]], [[-101.46569777741807, 20.65278783463637], [-101.46569719474653, 20.65275172421536]], [[-101.46569719474653, 20.65275172421536], [-101.46565883070902, 20.652752272654233]], [[-101.46565941337154, 20.652788383076288], [-101.46565883070902, 20.652752272654233]], [[-101.46565883070902, 20.652752272654233], [-101.46562046667027, 20.6527528210846]], [[-101.46562104932374, 20.652788931507697], [-101.46562046667027, 20.6527528210846]], [[-101.46562046667027, 20.6527528210846], [-101.46558210263028, 20.652753369506446]], [[-101.4655826852747, 20.65278947993059], [-101.46558210263028, 20.652753369506446]], [[-101.46558210263028, 20.652753369506446], [-101.46554373858903, 20.652753917919775]], [[-101.46554432122441, 20.652790028344963], [-101.46554373858903, 20.652753917919775]], [[-101.46554373858903, 20.652753917919775], [-101.46550537454654, 20.652754466324595]], [[-101.46550595717288, 20.652790576750824], [-101.46550537454654, 20.652754466324595]], [[-101.46550537454654, 20.652754466324595], [-101.46546701050279, 20.652755014720906]], [[-101.46546759312008, 20.652791125148177], [-101.46546701050279, 20.652755014720906]], [[-101.46546701050279, 20.652755014720906], [-101.4654286464578, 20.65275556310869]], [[-101.46542922906605, 20.652791673537013], [-101.4654286464578, 20.65275556310869]], [[-101.4654286464578, 20.65275556310869], [-101.46539028241155, 20.65275611148797]], [[-101.46539086501076, 20.652792221917327], [-101.46539028241155, 20.65275611148797]], [[-101.46539028241155, 20.65275611148797], [-101.46535191836406, 20.652756659858735]], [[-101.46535250095422, 20.652792770289135], [-101.46535191836406, 20.652756659858735]], [[-101.46535191836406, 20.652756659858735], [-101.46531355431532, 20.65275720822098]], [[-101.46531413689644, 20.65279331865243], [-101.46531355431532, 20.65275720822098]], [[-101.46531355431532, 20.65275720822098], [-101.46527519026533, 20.652757756574715]], [[-101.4652757728374, 20.652793867007208], [-101.46527519026533, 20.652757756574715]], [[-101.46527519026533, 20.652757756574715], [-101.46523682621408, 20.65275830491993]], [[-101.46523740877713, 20.65279441535347], [-101.46523682621408, 20.65275830491993]], [[-101.46523682621408, 20.65275830491993], [-101.4651984621616, 20.652758853256636]], [[-101.46519904471558, 20.652794963691225], [-101.4651984621616, 20.652758853256636]], [[-101.4651984621616, 20.652758853256636], [-101.46516009810786, 20.65275940158483]], [[-101.46516068065279, 20.652795512020457], [-101.46516009810786, 20.65275940158483]], [[-101.46516009810786, 20.65275940158483], [-101.46512173405287, 20.652759949904507]], [[-101.46512231658878, 20.652796060341174], [-101.46512173405287, 20.652759949904507]], [[-101.46512173405287, 20.652759949904507], [-101.46508336999663, 20.65276049821567]], [[-101.46508395252349, 20.652796608653382], [-101.46508336999663, 20.65276049821567]], [[-101.46508336999663, 20.65276049821567], [-101.46504500593913, 20.65276104651832]], [[-101.46504558845695, 20.652797156957078], [-101.46504500593913, 20.65276104651832]], [[-101.46504500593913, 20.65276104651832], [-101.46500664188041, 20.65276159481245]], [[-101.46500722438918, 20.652797705252254], [-101.46500664188041, 20.65276159481245]], [[-101.46796067074668, 20.652719351251584], [-101.46792230678294, 20.652719900192793]], [[-101.46796067074668, 20.652719351251584], [-101.46796008754282, 20.65268324089205]], [[-101.46796008754282, 20.65268324089205], [-101.4679217235881, 20.652683789832214]], [[-101.46792230678294, 20.652719900192793], [-101.4679217235881, 20.652683789832214]], [[-101.4679217235881, 20.652683789832214], [-101.46788335963217, 20.652684338763866]], [[-101.46788394281793, 20.652720449125493], [-101.46788335963217, 20.652684338763866]], [[-101.46788335963217, 20.652684338763866], [-101.46784499567495, 20.652684887687005]], [[-101.4678455788517, 20.652720998049677], [-101.46784499567495, 20.652684887687005]], [[-101.46784499567495, 20.652684887687005], [-101.4678066317165, 20.652685436601626]], [[-101.46780721488419, 20.652721546965346], [-101.4678066317165, 20.652685436601626]], [[-101.4678066317165, 20.652685436601626], [-101.4677682677568, 20.65268598550774]], [[-101.46776885091543, 20.6527220958725], [-101.4677682677568, 20.65268598550774]], [[-101.4677682677568, 20.65268598550774], [-101.46772990379584, 20.652686534405337]], [[-101.46773048694544, 20.652722644771146], [-101.46772990379584, 20.652686534405337]], [[-101.46772990379584, 20.652686534405337], [-101.46769153983364, 20.652687083294417]], [[-101.4676921229742, 20.65272319366127], [-101.46769153983364, 20.652687083294417]], [[-101.46769153983364, 20.652687083294417], [-101.46765317587018, 20.652687632174985]], [[-101.46765375900169, 20.65272374254288], [-101.46765317587018, 20.652687632174985]], [[-101.46765317587018, 20.652687632174985], [-101.46761481190546, 20.652688181047036]], [[-101.46761539502793, 20.65272429141598], [-101.46761481190546, 20.652688181047036]], [[-101.46761481190546, 20.652688181047036], [-101.46757644793952, 20.652688729910583]], [[-101.46757703105295, 20.652724840280566], [-101.46757644793952, 20.652688729910583]], [[-101.46757644793952, 20.652688729910583], [-101.4675380839723, 20.652689278765603]], [[-101.4675386670767, 20.652725389136638], [-101.4675380839723, 20.652689278765603]], [[-101.4675380839723, 20.652689278765603], [-101.46749972000384, 20.65268982761211]], [[-101.46750030309919, 20.652725937984197], [-101.46749972000384, 20.65268982761211]], [[-101.46749972000384, 20.65268982761211], [-101.46746135603414, 20.652690376450114]], [[-101.46746193912044, 20.65272648682323], [-101.46746135603414, 20.652690376450114]], [[-101.46746135603414, 20.652690376450114], [-101.46742299206318, 20.652690925279593]], [[-101.46742357514044, 20.652727035653765], [-101.46742299206318, 20.652690925279593]], [[-101.46742299206318, 20.652690925279593], [-101.46738462809097, 20.652691474100564]], [[-101.4673852111592, 20.652727584475773], [-101.46738462809097, 20.652691474100564]], [[-101.46738462809097, 20.652691474100564], [-101.46734626411751, 20.65269202291302]], [[-101.46734684717669, 20.652728133289276], [-101.46734626411751, 20.65269202291302]], [[-101.46734626411751, 20.65269202291302], [-101.4673079001428, 20.65269257171696]], [[-101.46730848319292, 20.652728682094263], [-101.4673079001428, 20.65269257171696]], [[-101.4673079001428, 20.65269257171696], [-101.46726953616684, 20.652693120512385]], [[-101.46727011920792, 20.652729230890735], [-101.46726953616684, 20.652693120512385]], [[-101.46726953616684, 20.652693120512385], [-101.46723117218964, 20.6526936692993]], [[-101.46723175522168, 20.65272977967869], [-101.46723117218964, 20.6526936692993]], [[-101.46723117218964, 20.6526936692993], [-101.46719280821117, 20.6526942180777]], [[-101.46719339123418, 20.652730328458137], [-101.46719280821117, 20.6526942180777]], [[-101.46719280821117, 20.6526942180777], [-101.46715444423145, 20.652694766847585]], [[-101.46715502724541, 20.65273087722906], [-101.46715444423145, 20.652694766847585]], [[-101.46715444423145, 20.652694766847585], [-101.4671160802505, 20.652695315608955]], [[-101.46711666325541, 20.65273142599148], [-101.4671160802505, 20.652695315608955]], [[-101.4671160802505, 20.652695315608955], [-101.46707771626829, 20.652695864361807]], [[-101.46707829926414, 20.65273197474537], [-101.46707771626829, 20.652695864361807]], [[-101.46707771626829, 20.652695864361807], [-101.46703935228483, 20.65269641310615]], [[-101.46703993527166, 20.652732523490766], [-101.46703935228483, 20.65269641310615]], [[-101.46703935228483, 20.65269641310615], [-101.46700098830011, 20.652696961841976]], [[-101.46700157127789, 20.652733072227637], [-101.46700098830011, 20.652696961841976]], [[-101.46700098830011, 20.652696961841976], [-101.46696262431415, 20.652697510569293]], [[-101.46696320728289, 20.652733620955992], [-101.46696262431415, 20.652697510569293]], [[-101.46696262431415, 20.652697510569293], [-101.46692426032693, 20.65269805928809]], [[-101.46692484328663, 20.65273416967584], [-101.46692426032693, 20.65269805928809]], [[-101.46692426032693, 20.65269805928809], [-101.46688589633848, 20.652698607998374]], [[-101.46688647928913, 20.65273471838717], [-101.46688589633848, 20.652698607998374]], [[-101.46688589633848, 20.652698607998374], [-101.46684753234877, 20.652699156700145]], [[-101.46684811529038, 20.652735267089984], [-101.46684753234877, 20.652699156700145]], [[-101.46684753234877, 20.652699156700145], [-101.4668091683578, 20.652699705393406]], [[-101.46680975129036, 20.652735815784286], [-101.4668091683578, 20.652699705393406]], [[-101.4668091683578, 20.652699705393406], [-101.46677080436558, 20.65270025407814]], [[-101.46677138728911, 20.652736364470073], [-101.46677080436558, 20.65270025407814]], [[-101.46677080436558, 20.65270025407814], [-101.46673244037214, 20.652700802754374]], [[-101.46673302328661, 20.652736913147347], [-101.46673244037214, 20.652700802754374]], [[-101.46673244037214, 20.652700802754374], [-101.46669407637741, 20.65270135142209]], [[-101.46669465928285, 20.652737461816102], [-101.46669407637741, 20.65270135142209]], [[-101.46669407637741, 20.65270135142209], [-101.46665571238145, 20.65270190008129]], [[-101.46665629527784, 20.65273801047635], [-101.46665571238145, 20.65270190008129]], [[-101.46665571238145, 20.65270190008129], [-101.46661734838423, 20.652702448731972]], [[-101.4666179312716, 20.652738559128082], [-101.46661734838423, 20.652702448731972]], [[-101.46661734838423, 20.652702448731972], [-101.46657898438579, 20.652702997374146]], [[-101.46657956726409, 20.652739107771296], [-101.46657898438579, 20.652702997374146]], [[-101.46657898438579, 20.652702997374146], [-101.46654062038608, 20.652703546007807]], [[-101.46654120325533, 20.652739656406], [-101.46654062038608, 20.652703546007807]], [[-101.46654062038608, 20.652703546007807], [-101.46650225638511, 20.652704094632945]], [[-101.46650283924532, 20.652740205032188], [-101.46650225638511, 20.652704094632945]], [[-101.46650225638511, 20.652704094632945], [-101.4664638923829, 20.652704643249574]], [[-101.46646447523406, 20.652740753649866], [-101.4664638923829, 20.652704643249574]], [[-101.4664638923829, 20.652704643249574], [-101.46642552837945, 20.652705191857688]], [[-101.46642611122157, 20.652741302259024], [-101.46642552837945, 20.652705191857688]], [[-101.46642552837945, 20.652705191857688], [-101.46638716437472, 20.652705740457296]], [[-101.46638774720782, 20.65274185085967], [-101.46638716437472, 20.652705740457296]], [[-101.46638716437472, 20.652705740457296], [-101.46634880036876, 20.652706289048375]], [[-101.4663493831928, 20.652742399451796], [-101.46634880036876, 20.652706289048375]], [[-101.46634880036876, 20.652706289048375], [-101.46631043636155, 20.652706837630948]], [[-101.46631101917654, 20.652742948035417], [-101.46631043636155, 20.652706837630948]], [[-101.46631043636155, 20.652706837630948], [-101.46627207235309, 20.652707386205012]], [[-101.46627265515906, 20.65274349661052], [-101.46627207235309, 20.652707386205012]], [[-101.46627207235309, 20.652707386205012], [-101.46623370834338, 20.652707934770554]], [[-101.4662342911403, 20.652744045177105], [-101.46623370834338, 20.652707934770554]], [[-101.46623370834338, 20.652707934770554], [-101.46619534433242, 20.652708483327586]], [[-101.46619592712028, 20.652744593735182], [-101.46619534433242, 20.652708483327586]], [[-101.46619534433242, 20.652708483327586], [-101.4661569803202, 20.652709031876103]], [[-101.46615756309903, 20.652745142284743], [-101.4661569803202, 20.652709031876103]], [[-101.4661569803202, 20.652709031876103], [-101.46611861630674, 20.652709580416104]], [[-101.46611919907653, 20.65274569082579], [-101.46611861630674, 20.652709580416104]], [[-101.46611861630674, 20.652709580416104], [-101.46608025229203, 20.65271012894759]], [[-101.46608083505278, 20.652746239358315], [-101.46608025229203, 20.65271012894759]], [[-101.46608025229203, 20.65271012894759], [-101.46604188827608, 20.65271067747056]], [[-101.46604247102778, 20.65274678788234], [-101.46604188827608, 20.65271067747056]], [[-101.46604188827608, 20.65271067747056], [-101.46600352425888, 20.652711225985023]], [[-101.46600410700152, 20.65274733639784], [-101.46600352425888, 20.652711225985023]], [[-101.46600352425888, 20.652711225985023], [-101.46596516024042, 20.652711774490964]], [[-101.46596574297402, 20.652747884904834], [-101.46596516024042, 20.652711774490964]], [[-101.46596516024042, 20.652711774490964], [-101.4659267962207, 20.652712322988396]], [[-101.46592737894527, 20.652748433403303], [-101.4659267962207, 20.652712322988396]], [[-101.4659267962207, 20.652712322988396], [-101.46588843219975, 20.652712871477316]], [[-101.46588901491526, 20.652748981893268], [-101.46588843219975, 20.652712871477316]], [[-101.46588843219975, 20.652712871477316], [-101.46585006817755, 20.652713419957717]], [[-101.46585065088402, 20.652749530374717], [-101.46585006817755, 20.652713419957717]], [[-101.46585006817755, 20.652713419957717], [-101.46581170415408, 20.652713968429605]], [[-101.46581228685152, 20.652750078847646], [-101.46581170415408, 20.652713968429605]], [[-101.46581170415408, 20.652713968429605], [-101.46577334012939, 20.652714516892978]], [[-101.46577392281776, 20.652750627312066], [-101.46577334012939, 20.652714516892978]], [[-101.46577334012939, 20.652714516892978], [-101.46573497610343, 20.652715065347838]], [[-101.46573555878278, 20.652751175767968], [-101.46573497610343, 20.652715065347838]], [[-101.46573497610343, 20.652715065347838], [-101.46569661207621, 20.652715613794186]], [[-101.46569719474653, 20.65275172421536], [-101.46569661207621, 20.652715613794186]], [[-101.46569661207621, 20.652715613794186], [-101.46565824804776, 20.652716162232014]], [[-101.46565883070902, 20.652752272654233], [-101.46565824804776, 20.652716162232014]], [[-101.46565824804776, 20.652716162232014], [-101.46561988401807, 20.652716710661334]], [[-101.46562046667027, 20.6527528210846], [-101.46561988401807, 20.652716710661334]], [[-101.46561988401807, 20.652716710661334], [-101.46558151998711, 20.652717259082138]], [[-101.46558210263028, 20.652753369506446], [-101.46558151998711, 20.652717259082138]], [[-101.46558151998711, 20.652717259082138], [-101.4655431559549, 20.65271780749443]], [[-101.46554373858903, 20.652753917919775], [-101.4655431559549, 20.65271780749443]], [[-101.4655431559549, 20.65271780749443], [-101.46550479192146, 20.6527183558982]], [[-101.46550537454654, 20.652754466324595], [-101.46550479192146, 20.6527183558982]], [[-101.46550479192146, 20.6527183558982], [-101.46546642788675, 20.652718904293465]], [[-101.46546701050279, 20.652755014720906], [-101.46546642788675, 20.652718904293465]], [[-101.46546642788675, 20.652718904293465], [-101.4654280638508, 20.65271945268021]], [[-101.4654286464578, 20.65275556310869], [-101.4654280638508, 20.65271945268021]], [[-101.4654280638508, 20.65271945268021], [-101.4653896998136, 20.652720001058444]], [[-101.46539028241155, 20.65275611148797], [-101.4653896998136, 20.652720001058444]], [[-101.4653896998136, 20.652720001058444], [-101.46535133577515, 20.652720549428157]], [[-101.46535191836406, 20.652756659858735], [-101.46535133577515, 20.652720549428157]], [[-101.46535133577515, 20.652720549428157], [-101.46531297173544, 20.65272109778936]], [[-101.46531355431532, 20.65275720822098], [-101.46531297173544, 20.65272109778936]], [[-101.46531297173544, 20.65272109778936], [-101.4652746076945, 20.652721646142055]], [[-101.46527519026533, 20.652757756574715], [-101.4652746076945, 20.652721646142055]], [[-101.4652746076945, 20.652721646142055], [-101.4652362436523, 20.652722194486227]], [[-101.46523682621408, 20.65275830491993], [-101.4652362436523, 20.652722194486227]], [[-101.4652362436523, 20.652722194486227], [-101.46519787960887, 20.65272274282189]], [[-101.4651984621616, 20.652758853256636], [-101.46519787960887, 20.65272274282189]], [[-101.46519787960887, 20.65272274282189], [-101.46515951556417, 20.652723291149037]], [[-101.46516009810786, 20.65275940158483], [-101.46515951556417, 20.652723291149037]], [[-101.46515951556417, 20.652723291149037], [-101.4651211515182, 20.652723839467672]], [[-101.46512173405287, 20.652759949904507], [-101.4651211515182, 20.652723839467672]], [[-101.4651211515182, 20.652723839467672], [-101.46508278747102, 20.652724387777788]], [[-101.46508336999663, 20.65276049821567], [-101.46508278747102, 20.652724387777788]], [[-101.46508278747102, 20.652724387777788], [-101.46504442342258, 20.652724936079398]], [[-101.46504500593913, 20.65276104651832], [-101.46504442342258, 20.652724936079398]], [[-101.46504442342258, 20.652724936079398], [-101.46500605937288, 20.652725484372482]], [[-101.46500664188041, 20.65276159481245], [-101.46500605937288, 20.652725484372482]], [[-101.46796008754282, 20.65268324089205], [-101.4679595043402, 20.652647130532348]], [[-101.4679595043402, 20.652647130532348], [-101.46792114039454, 20.652647679471464]], [[-101.4679217235881, 20.652683789832214], [-101.46792114039454, 20.652647679471464]], [[-101.46792114039454, 20.652647679471464], [-101.46788277644762, 20.652648228402068]], [[-101.46788335963217, 20.652684338763866], [-101.46788277644762, 20.652648228402068]], [[-101.46788277644762, 20.652648228402068], [-101.46784441249947, 20.652648777324163]], [[-101.46784499567495, 20.652684887687005], [-101.46784441249947, 20.652648777324163]], [[-101.46784441249947, 20.652648777324163], [-101.46780604855006, 20.652649326237743]], [[-101.4678066317165, 20.652685436601626], [-101.46780604855006, 20.652649326237743]], [[-101.46780604855006, 20.652649326237743], [-101.4677676845994, 20.65264987514281]], [[-101.4677682677568, 20.65268598550774], [-101.4677676845994, 20.65264987514281]], [[-101.4677676845994, 20.65264987514281], [-101.46772932064748, 20.65265042403936]], [[-101.46772990379584, 20.652686534405337], [-101.46772932064748, 20.65265042403936]], [[-101.46772932064748, 20.65265042403936], [-101.46769095669433, 20.652650972927393]], [[-101.46769153983364, 20.652687083294417], [-101.46769095669433, 20.652650972927393]], [[-101.46769095669433, 20.652650972927393], [-101.46765259273991, 20.652651521806916]], [[-101.46765317587018, 20.652687632174985], [-101.46765259273991, 20.652651521806916]], [[-101.46765259273991, 20.652651521806916], [-101.46761422878424, 20.652652070677927]], [[-101.46761481190546, 20.652688181047036], [-101.46761422878424, 20.652652070677927]], [[-101.46761422878424, 20.652652070677927], [-101.46757586482734, 20.65265261954042]], [[-101.46757644793952, 20.652688729910583], [-101.46757586482734, 20.65265261954042]], [[-101.46757586482734, 20.65265261954042], [-101.46753750086917, 20.6526531683944]], [[-101.4675380839723, 20.652689278765603], [-101.46753750086917, 20.6526531683944]], [[-101.46753750086917, 20.6526531683944], [-101.46749913690975, 20.652653717239872]], [[-101.46749972000384, 20.65268982761211], [-101.46749913690975, 20.652653717239872]], [[-101.46749913690975, 20.652653717239872], [-101.4674607729491, 20.65265426607682]], [[-101.46746135603414, 20.652690376450114], [-101.4674607729491, 20.65265426607682]], [[-101.4674607729491, 20.65265426607682], [-101.46742240898718, 20.652654814905258]], [[-101.46742299206318, 20.652690925279593], [-101.46742240898718, 20.652654814905258]], [[-101.46742240898718, 20.652654814905258], [-101.467384045024, 20.65265536372518]], [[-101.46738462809097, 20.652691474100564], [-101.467384045024, 20.65265536372518]], [[-101.467384045024, 20.65265536372518], [-101.46734568105958, 20.652655912536595]], [[-101.46734626411751, 20.65269202291302], [-101.46734568105958, 20.652655912536595]], [[-101.46734568105958, 20.652655912536595], [-101.46730731709393, 20.65265646133949]], [[-101.4673079001428, 20.65269257171696], [-101.46730731709393, 20.65265646133949]], [[-101.46730731709393, 20.65265646133949], [-101.467268953127, 20.65265701013387]], [[-101.46726953616684, 20.652693120512385], [-101.467268953127, 20.65265701013387]], [[-101.467268953127, 20.65265701013387], [-101.46723058915883, 20.65265755891974]], [[-101.46723117218964, 20.6526936692993], [-101.46723058915883, 20.65265755891974]], [[-101.46723058915883, 20.65265755891974], [-101.46719222518944, 20.652658107697093]], [[-101.46719280821117, 20.6526942180777], [-101.46719222518944, 20.652658107697093]], [[-101.46719222518944, 20.652658107697093], [-101.46715386121875, 20.65265865646593]], [[-101.46715444423145, 20.652694766847585], [-101.46715386121875, 20.65265865646593]], [[-101.46715386121875, 20.65265865646593], [-101.46711549724684, 20.652659205226254]], [[-101.4671160802505, 20.652695315608955], [-101.46711549724684, 20.652659205226254]], [[-101.46711549724684, 20.652659205226254], [-101.46707713327366, 20.652659753978067]], [[-101.46707771626829, 20.652695864361807], [-101.46707713327366, 20.652659753978067]], [[-101.46707713327366, 20.652659753978067], [-101.46703876929925, 20.652660302721365]], [[-101.46703935228483, 20.65269641310615], [-101.46703876929925, 20.652660302721365]], [[-101.46703876929925, 20.652660302721365], [-101.46700040532359, 20.65266085145614]], [[-101.46700098830011, 20.652696961841976], [-101.46700040532359, 20.65266085145614]], [[-101.46700040532359, 20.65266085145614], [-101.46696204134668, 20.652661400182417]], [[-101.46696262431415, 20.652697510569293], [-101.46696204134668, 20.652661400182417]], [[-101.46696204134668, 20.652661400182417], [-101.4669236773685, 20.65266194890017]], [[-101.46692426032693, 20.65269805928809], [-101.4669236773685, 20.65266194890017]], [[-101.4669236773685, 20.65266194890017], [-101.46688531338908, 20.65266249760941]], [[-101.46688589633848, 20.652698607998374], [-101.46688531338908, 20.65266249760941]], [[-101.46688531338908, 20.65266249760941], [-101.46684694940842, 20.652663046310135]], [[-101.46684753234877, 20.652699156700145], [-101.46684694940842, 20.652663046310135]], [[-101.46684694940842, 20.652663046310135], [-101.46680858542649, 20.652663595002345]], [[-101.4668091683578, 20.652699705393406], [-101.46680858542649, 20.652663595002345]], [[-101.46680858542649, 20.652663595002345], [-101.46677022144333, 20.652664143686046]], [[-101.46677080436558, 20.65270025407814], [-101.46677022144333, 20.652664143686046]], [[-101.46677022144333, 20.652664143686046], [-101.4667318574589, 20.65266469236123]], [[-101.46673244037214, 20.652700802754374], [-101.4667318574589, 20.65266469236123]], [[-101.4667318574589, 20.65266469236123], [-101.46669349347324, 20.652665241027897]], [[-101.46669407637741, 20.65270135142209], [-101.46669349347324, 20.652665241027897]], [[-101.46669349347324, 20.652665241027897], [-101.46665512948631, 20.65266578968605]], [[-101.46665571238145, 20.65270190008129], [-101.46665512948631, 20.65266578968605]], [[-101.46665512948631, 20.65266578968605], [-101.46661676549816, 20.652666338335695]], [[-101.46661734838423, 20.652702448731972], [-101.46661676549816, 20.652666338335695]], [[-101.46661676549816, 20.652666338335695], [-101.46657840150874, 20.65266688697682]], [[-101.46657898438579, 20.652702997374146], [-101.46657840150874, 20.65266688697682]], [[-101.46657840150874, 20.65266688697682], [-101.46654003751806, 20.652667435609438]], [[-101.46654062038608, 20.652703546007807], [-101.46654003751806, 20.652667435609438]], [[-101.46654003751806, 20.652667435609438], [-101.46650167352615, 20.65266798423354]], [[-101.46650225638511, 20.652704094632945], [-101.46650167352615, 20.65266798423354]], [[-101.46650167352615, 20.65266798423354], [-101.46646330953297, 20.652668532849123]], [[-101.4664638923829, 20.652704643249574], [-101.46646330953297, 20.652668532849123]], [[-101.46646330953297, 20.652668532849123], [-101.46642494553856, 20.652669081456192]], [[-101.46642552837945, 20.652705191857688], [-101.46642494553856, 20.652669081456192]], [[-101.46642494553856, 20.652669081456192], [-101.46638658154289, 20.652669630054746]], [[-101.46638716437472, 20.652705740457296], [-101.46638658154289, 20.652669630054746]], [[-101.46638658154289, 20.652669630054746], [-101.46634821754597, 20.652670178644787]], [[-101.46634880036876, 20.652706289048375], [-101.46634821754597, 20.652670178644787]], [[-101.46634821754597, 20.652670178644787], [-101.4663098535478, 20.652670727226315]], [[-101.46631043636155, 20.652706837630948], [-101.4663098535478, 20.652670727226315]], [[-101.4663098535478, 20.652670727226315], [-101.46627148954838, 20.65267127579933]], [[-101.46627207235309, 20.652707386205012], [-101.46627148954838, 20.65267127579933]], [[-101.46627148954838, 20.65267127579933], [-101.46623312554772, 20.65267182436383]], [[-101.46623370834338, 20.652707934770554], [-101.46623312554772, 20.65267182436383]], [[-101.46623312554772, 20.65267182436383], [-101.46619476154581, 20.652672372919817]], [[-101.46619534433242, 20.652708483327586], [-101.46619476154581, 20.652672372919817]], [[-101.46619476154581, 20.652672372919817], [-101.46615639754263, 20.652672921467286]], [[-101.4661569803202, 20.652709031876103], [-101.46615639754263, 20.652672921467286]], [[-101.46615639754263, 20.652672921467286], [-101.46611803353822, 20.652673470006242]], [[-101.46611861630674, 20.652709580416104], [-101.46611803353822, 20.652673470006242]], [[-101.46611803353822, 20.652673470006242], [-101.46607966953255, 20.652674018536686]], [[-101.46608025229203, 20.65271012894759], [-101.46607966953255, 20.652674018536686]], [[-101.46607966953255, 20.652674018536686], [-101.46604130552564, 20.652674567058618]], [[-101.46604188827608, 20.65271067747056], [-101.46604130552564, 20.652674567058618]], [[-101.46604130552564, 20.652674567058618], [-101.46600294151747, 20.652675115572034]], [[-101.46600352425888, 20.652711225985023], [-101.46600294151747, 20.652675115572034]], [[-101.46600294151747, 20.652675115572034], [-101.46596457750805, 20.65267566407693]], [[-101.46596516024042, 20.652711774490964], [-101.46596457750805, 20.65267566407693]], [[-101.46596457750805, 20.65267566407693], [-101.46592621349738, 20.652676212573315]], [[-101.4659267962207, 20.652712322988396], [-101.46592621349738, 20.652676212573315]], [[-101.46592621349738, 20.652676212573315], [-101.46588784948548, 20.65267676106119]], [[-101.46588843219975, 20.652712871477316], [-101.46588784948548, 20.65267676106119]], [[-101.46588784948548, 20.65267676106119], [-101.46584948547232, 20.65267730954055]], [[-101.46585006817755, 20.652713419957717], [-101.46584948547232, 20.65267730954055]], [[-101.46584948547232, 20.65267730954055], [-101.4658111214579, 20.652677858011394]], [[-101.46581170415408, 20.652713968429605], [-101.4658111214579, 20.652677858011394]], [[-101.4658111214579, 20.652677858011394], [-101.46577275744224, 20.652678406473722]], [[-101.46577334012939, 20.652714516892978], [-101.46577275744224, 20.652678406473722]], [[-101.46577275744224, 20.652678406473722], [-101.46573439342532, 20.65267895492754]], [[-101.46573497610343, 20.652715065347838], [-101.46573439342532, 20.65267895492754]], [[-101.46573439342532, 20.65267895492754], [-101.46569602940717, 20.652679503372838]], [[-101.46569661207621, 20.652715613794186], [-101.46569602940717, 20.652679503372838]], [[-101.46569602940717, 20.652679503372838], [-101.46565766538775, 20.652680051809632]], [[-101.46565824804776, 20.652716162232014], [-101.46565766538775, 20.652680051809632]], [[-101.46565766538775, 20.652680051809632], [-101.46561930136708, 20.652680600237904]], [[-101.46561988401807, 20.652716710661334], [-101.46561930136708, 20.652680600237904]], [[-101.46561930136708, 20.652680600237904], [-101.46558093734518, 20.65268114865766]], [[-101.46558151998711, 20.652717259082138], [-101.46558093734518, 20.65268114865766]], [[-101.46558093734518, 20.65268114865766], [-101.46554257332203, 20.652681697068907]], [[-101.4655431559549, 20.65271780749443], [-101.46554257332203, 20.652681697068907]], [[-101.46554257332203, 20.652681697068907], [-101.46550420929762, 20.652682245471638]], [[-101.46550479192146, 20.6527183558982], [-101.46550420929762, 20.652682245471638]], [[-101.46550420929762, 20.652682245471638], [-101.46546584527195, 20.65268279386585]], [[-101.46546642788675, 20.652718904293465], [-101.46546584527195, 20.65268279386585]], [[-101.46546584527195, 20.65268279386585], [-101.46542748124504, 20.652683342251557]], [[-101.4654280638508, 20.65271945268021], [-101.46542748124504, 20.652683342251557]], [[-101.46542748124504, 20.652683342251557], [-101.46538911721689, 20.652683890628744]], [[-101.4653896998136, 20.652720001058444], [-101.46538911721689, 20.652683890628744]], [[-101.46538911721689, 20.652683890628744], [-101.46535075318748, 20.652684438997422]], [[-101.46535133577515, 20.652720549428157], [-101.46535075318748, 20.652684438997422]], [[-101.46535075318748, 20.652684438997422], [-101.46531238915684, 20.65268498735757]], [[-101.46531297173544, 20.65272109778936], [-101.46531238915684, 20.65268498735757]], [[-101.46531238915684, 20.65268498735757], [-101.46527402512491, 20.65268553570922]], [[-101.4652746076945, 20.652721646142055], [-101.46527402512491, 20.65268553570922]], [[-101.46527402512491, 20.65268553570922], [-101.46523566109178, 20.652686084052355]], [[-101.4652362436523, 20.652722194486227], [-101.46523566109178, 20.652686084052355]], [[-101.46523566109178, 20.652686084052355], [-101.46519729705737, 20.65268663238697]], [[-101.46519787960887, 20.65272274282189], [-101.46519729705737, 20.65268663238697]], [[-101.46519729705737, 20.65268663238697], [-101.46515893302171, 20.652687180713073]], [[-101.46515951556417, 20.652723291149037], [-101.46515893302171, 20.652687180713073]], [[-101.46515893302171, 20.652687180713073], [-101.46512056898482, 20.652687729030664]], [[-101.4651211515182, 20.652723839467672], [-101.46512056898482, 20.652687729030664]], [[-101.46512056898482, 20.652687729030664], [-101.46508220494667, 20.652688277339738]], [[-101.46508278747102, 20.652724387777788], [-101.46508220494667, 20.652688277339738]], [[-101.46508220494667, 20.652688277339738], [-101.46504384090726, 20.6526888256403]], [[-101.46504442342258, 20.652724936079398], [-101.46504384090726, 20.6526888256403]], [[-101.46504384090726, 20.6526888256403], [-101.46500547686661, 20.652689373932343]], [[-101.46500605937288, 20.652725484372482], [-101.46500547686661, 20.652689373932343]], [[-101.4679595043402, 20.652647130532348], [-101.46795892113884, 20.65261102017247]], [[-101.46795892113884, 20.65261102017247], [-101.46792055720222, 20.652611569110547]], [[-101.46792114039454, 20.652647679471464], [-101.46792055720222, 20.652611569110547]], [[-101.46792055720222, 20.652611569110547], [-101.46788219326436, 20.652612118040107]], [[-101.46788277644762, 20.652648228402068], [-101.46788219326436, 20.652612118040107]], [[-101.46788219326436, 20.652612118040107], [-101.46784382932523, 20.65261266696116]], [[-101.46784441249947, 20.652648777324163], [-101.46784382932523, 20.65261266696116]], [[-101.46784382932523, 20.65261266696116], [-101.46780546538487, 20.652613215873693]], [[-101.46780604855006, 20.652649326237743], [-101.46780546538487, 20.652613215873693]], [[-101.46780546538487, 20.652613215873693], [-101.46776710144326, 20.652613764777712]], [[-101.4677676845994, 20.65264987514281], [-101.46776710144326, 20.652613764777712]], [[-101.46776710144326, 20.652613764777712], [-101.4677287375004, 20.652614313673215]], [[-101.46772932064748, 20.65265042403936], [-101.4677287375004, 20.652614313673215]], [[-101.4677287375004, 20.652614313673215], [-101.46769037355627, 20.65261486256021]], [[-101.46769095669433, 20.652650972927393], [-101.46769037355627, 20.65261486256021]], [[-101.46769037355627, 20.65261486256021], [-101.4676520096109, 20.65261541143869]], [[-101.46765259273991, 20.652651521806916], [-101.4676520096109, 20.65261541143869]], [[-101.4676520096109, 20.65261541143869], [-101.46761364566429, 20.65261596030865]], [[-101.46761422878424, 20.652652070677927], [-101.46761364566429, 20.65261596030865]], [[-101.46761364566429, 20.65261596030865], [-101.46757528171639, 20.652616509170098]], [[-101.46757586482734, 20.65265261954042], [-101.46757528171639, 20.652616509170098]], [[-101.46757528171639, 20.652616509170098], [-101.46753691776729, 20.652617058023036]], [[-101.46753750086917, 20.6526531683944], [-101.46753691776729, 20.652617058023036]], [[-101.46753691776729, 20.652617058023036], [-101.46749855381691, 20.65261760686746]], [[-101.46749913690975, 20.652653717239872], [-101.46749855381691, 20.65261760686746]], [[-101.46749855381691, 20.65261760686746], [-101.46746018986529, 20.65261815570336]], [[-101.4674607729491, 20.65265426607682], [-101.46746018986529, 20.65261815570336]], [[-101.46746018986529, 20.65261815570336], [-101.46742182591242, 20.652618704530756]], [[-101.46742240898718, 20.652654814905258], [-101.46742182591242, 20.652618704530756]], [[-101.46742182591242, 20.652618704530756], [-101.46738346195829, 20.652619253349638]], [[-101.467384045024, 20.65265536372518], [-101.46738346195829, 20.652619253349638]], [[-101.46738346195829, 20.652619253349638], [-101.46734509800292, 20.65261980216]], [[-101.46734568105958, 20.652655912536595], [-101.46734509800292, 20.65261980216]], [[-101.46734509800292, 20.65261980216], [-101.4673067340463, 20.65262035096185]], [[-101.46730731709393, 20.65265646133949], [-101.4673067340463, 20.65262035096185]], [[-101.4673067340463, 20.65262035096185], [-101.46726837008842, 20.652620899755185]], [[-101.467268953127, 20.65265701013387], [-101.46726837008842, 20.652620899755185]], [[-101.46726837008842, 20.652620899755185], [-101.4672300061293, 20.652621448540014]], [[-101.46723058915883, 20.65265755891974], [-101.4672300061293, 20.652621448540014]], [[-101.4672300061293, 20.652621448540014], [-101.46719164216893, 20.652621997316317]], [[-101.46719222518944, 20.652658107697093], [-101.46719164216893, 20.652621997316317]], [[-101.46719164216893, 20.652621997316317], [-101.4671532782073, 20.652622546084114]], [[-101.46715386121875, 20.65265865646593], [-101.4671532782073, 20.652622546084114]], [[-101.4671532782073, 20.652622546084114], [-101.46711491424442, 20.652623094843392]], [[-101.46711549724684, 20.652659205226254], [-101.46711491424442, 20.652623094843392]], [[-101.46711491424442, 20.652623094843392], [-101.46707655028031, 20.652623643594158]], [[-101.46707713327366, 20.652659753978067], [-101.46707655028031, 20.652623643594158]], [[-101.46707655028031, 20.652623643594158], [-101.46703818631492, 20.65262419233641]], [[-101.46703876929925, 20.652660302721365], [-101.46703818631492, 20.65262419233641]], [[-101.46703818631492, 20.65262419233641], [-101.4669998223483, 20.65262474107015]], [[-101.46700040532359, 20.65266085145614], [-101.4669998223483, 20.65262474107015]], [[-101.4669998223483, 20.65262474107015], [-101.46696145838042, 20.652625289795374]], [[-101.46696204134668, 20.652661400182417], [-101.46696145838042, 20.652625289795374]], [[-101.46696145838042, 20.652625289795374], [-101.4669230944113, 20.65262583851208]], [[-101.4669236773685, 20.65266194890017], [-101.4669230944113, 20.65262583851208]], [[-101.4669230944113, 20.65262583851208], [-101.46688473044092, 20.652626387220277]], [[-101.46688531338908, 20.65266249760941], [-101.46688473044092, 20.652626387220277]], [[-101.46688473044092, 20.652626387220277], [-101.46684636646931, 20.652626935919955]], [[-101.46684694940842, 20.652663046310135], [-101.46684636646931, 20.652626935919955]], [[-101.46684636646931, 20.652626935919955], [-101.46680800249642, 20.652627484611127]], [[-101.46680858542649, 20.652663595002345], [-101.46680800249642, 20.652627484611127]], [[-101.46680800249642, 20.652627484611127], [-101.46676963852231, 20.65262803329378]], [[-101.46677022144333, 20.652664143686046], [-101.46676963852231, 20.65262803329378]], [[-101.46676963852231, 20.65262803329378], [-101.46673127454693, 20.652628581967917]], [[-101.4667318574589, 20.65266469236123], [-101.46673127454693, 20.652628581967917]], [[-101.46673127454693, 20.652628581967917], [-101.46669291057032, 20.65262913063354]], [[-101.46669349347324, 20.652665241027897], [-101.46669291057032, 20.65262913063354]], [[-101.46669291057032, 20.65262913063354], [-101.46665454659244, 20.652629679290655]], [[-101.46665512948631, 20.65266578968605], [-101.46665454659244, 20.652629679290655]], [[-101.46665454659244, 20.652629679290655], [-101.46661618261331, 20.652630227939248]], [[-101.46661676549816, 20.652666338335695], [-101.46661618261331, 20.652630227939248]], [[-101.46661618261331, 20.652630227939248], [-101.46657781863293, 20.652630776579336]], [[-101.46657840150874, 20.65266688697682], [-101.46657781863293, 20.652630776579336]], [[-101.46657781863293, 20.652630776579336], [-101.4665394546513, 20.652631325210898]], [[-101.46654003751806, 20.652667435609438], [-101.4665394546513, 20.652631325210898]], [[-101.4665394546513, 20.652631325210898], [-101.46650109066843, 20.652631873833954]], [[-101.46650167352615, 20.65266798423354], [-101.46650109066843, 20.652631873833954]], [[-101.46650109066843, 20.652631873833954], [-101.46646272668431, 20.652632422448498]], [[-101.46646330953297, 20.652668532849123], [-101.46646272668431, 20.652632422448498]], [[-101.46646272668431, 20.652632422448498], [-101.46642436269892, 20.652632971054523]], [[-101.46642494553856, 20.652669081456192], [-101.46642436269892, 20.652632971054523]], [[-101.46642436269892, 20.652632971054523], [-101.4663859987123, 20.65263351965203]], [[-101.46638658154289, 20.652669630054746], [-101.4663859987123, 20.65263351965203]], [[-101.4663859987123, 20.65263351965203], [-101.46634763472443, 20.652634068241035]], [[-101.46634821754597, 20.652670178644787], [-101.46634763472443, 20.652634068241035]], [[-101.46634763472443, 20.652634068241035], [-101.4663092707353, 20.652634616821512]], [[-101.4663098535478, 20.652670727226315], [-101.4663092707353, 20.652634616821512]], [[-101.4663092707353, 20.652634616821512], [-101.46627090674492, 20.652635165393487]], [[-101.46627148954838, 20.65267127579933], [-101.46627090674492, 20.652635165393487]], [[-101.46627090674492, 20.652635165393487], [-101.4662325427533, 20.65263571395694]], [[-101.46623312554772, 20.65267182436383], [-101.4662325427533, 20.65263571395694]], [[-101.4662325427533, 20.65263571395694], [-101.46619417876043, 20.65263626251188]], [[-101.46619476154581, 20.652672372919817], [-101.46619417876043, 20.65263626251188]], [[-101.46619417876043, 20.65263626251188], [-101.46615581476631, 20.65263681105831]], [[-101.46615639754263, 20.652672921467286], [-101.46615581476631, 20.65263681105831]], [[-101.46615581476631, 20.65263681105831], [-101.46611745077094, 20.65263735959622]], [[-101.46611803353822, 20.652673470006242], [-101.46611745077094, 20.65263735959622]], [[-101.46611745077094, 20.65263735959622], [-101.46607908677431, 20.652637908125623]], [[-101.46607966953255, 20.652674018536686], [-101.46607908677431, 20.652637908125623]], [[-101.46607908677431, 20.652637908125623], [-101.46604072277644, 20.652638456646503]], [[-101.46604130552564, 20.652674567058618], [-101.46604072277644, 20.652638456646503]], [[-101.46604072277644, 20.652638456646503], [-101.46600235877732, 20.65263900515887]], [[-101.46600294151747, 20.652675115572034], [-101.46600235877732, 20.65263900515887]], [[-101.46600235877732, 20.65263900515887], [-101.46596399477696, 20.652639553662734]], [[-101.46596457750805, 20.65267566407693], [-101.46596399477696, 20.652639553662734]], [[-101.46596399477696, 20.652639553662734], [-101.46592563077533, 20.652640102158067]], [[-101.46592621349738, 20.652676212573315], [-101.46592563077533, 20.652640102158067]], [[-101.46592563077533, 20.652640102158067], [-101.46588726677246, 20.6526406506449]], [[-101.46588784948548, 20.65267676106119], [-101.46588726677246, 20.6526406506449]], [[-101.46588726677246, 20.6526406506449], [-101.46584890276834, 20.652641199123213]], [[-101.46584948547232, 20.65267730954055], [-101.46584890276834, 20.652641199123213]], [[-101.46584890276834, 20.652641199123213], [-101.46581053876297, 20.652641747593016]], [[-101.4658111214579, 20.652677858011394], [-101.46581053876297, 20.652641747593016]], [[-101.46581053876297, 20.652641747593016], [-101.46577217475635, 20.6526422960543]], [[-101.46577275744224, 20.652678406473722], [-101.46577217475635, 20.6526422960543]], [[-101.46577217475635, 20.6526422960543], [-101.46573381074847, 20.65264284450707]], [[-101.46573439342532, 20.65267895492754], [-101.46573381074847, 20.65264284450707]], [[-101.46573381074847, 20.65264284450707], [-101.46569544673936, 20.65264339295133]], [[-101.46569602940717, 20.652679503372838], [-101.46569544673936, 20.65264339295133]], [[-101.46569544673936, 20.65264339295133], [-101.465657082729, 20.652643941387076]], [[-101.46565766538775, 20.652680051809632], [-101.465657082729, 20.652643941387076]], [[-101.465657082729, 20.652643941387076], [-101.46561871871737, 20.6526444898143]], [[-101.46561930136708, 20.652680600237904], [-101.46561871871737, 20.6526444898143]], [[-101.46561871871737, 20.6526444898143], [-101.4655803547045, 20.65264503823302]], [[-101.46558093734518, 20.65268114865766], [-101.4655803547045, 20.65264503823302]], [[-101.4655803547045, 20.65264503823302], [-101.4655419906904, 20.65264558664322]], [[-101.46554257332203, 20.652681697068907], [-101.4655419906904, 20.65264558664322]], [[-101.4655419906904, 20.65264558664322], [-101.46550362667502, 20.652646135044908]], [[-101.46550420929762, 20.652682245471638], [-101.46550362667502, 20.652646135044908]], [[-101.46550362667502, 20.652646135044908], [-101.46546526265841, 20.652646683438075]], [[-101.46546584527195, 20.65268279386585], [-101.46546526265841, 20.652646683438075]], [[-101.46546526265841, 20.652646683438075], [-101.46542689864056, 20.652647231822733]], [[-101.46542748124504, 20.652683342251557], [-101.46542689864056, 20.652647231822733]], [[-101.46542689864056, 20.652647231822733], [-101.46538853462144, 20.652647780198876]], [[-101.46538911721689, 20.652683890628744], [-101.46538853462144, 20.652647780198876]], [[-101.46538853462144, 20.652647780198876], [-101.46535017060107, 20.65264832856651]], [[-101.46535075318748, 20.652684438997422], [-101.46535017060107, 20.65264832856651]], [[-101.46535017060107, 20.65264832856651], [-101.46531180657946, 20.65264887692562]], [[-101.46531238915684, 20.65268498735757], [-101.46531180657946, 20.65264887692562]], [[-101.46531180657946, 20.65264887692562], [-101.4652734425566, 20.652649425276223]], [[-101.46527402512491, 20.65268553570922], [-101.4652734425566, 20.652649425276223]], [[-101.4652734425566, 20.652649425276223], [-101.46523507853249, 20.65264997361831]], [[-101.46523566109178, 20.652686084052355], [-101.46523507853249, 20.65264997361831]], [[-101.46523507853249, 20.65264997361831], [-101.46519671450713, 20.652650521951884]], [[-101.46519729705737, 20.65268663238697], [-101.46519671450713, 20.652650521951884]], [[-101.46519671450713, 20.652650521951884], [-101.46515835048051, 20.652651070276946]], [[-101.46515893302171, 20.652687180713073], [-101.46515835048051, 20.652651070276946]], [[-101.46515835048051, 20.652651070276946], [-101.46511998645266, 20.65265161859349]], [[-101.46512056898482, 20.652687729030664], [-101.46511998645266, 20.65265161859349]], [[-101.46511998645266, 20.65265161859349], [-101.46508162242355, 20.652652166901518]], [[-101.46508220494667, 20.652688277339738], [-101.46508162242355, 20.652652166901518]], [[-101.46508162242355, 20.652652166901518], [-101.4650432583932, 20.65265271520104]], [[-101.46504384090726, 20.6526888256403], [-101.4650432583932, 20.65265271520104]], [[-101.4650432583932, 20.65265271520104], [-101.46500489436158, 20.652653263492034]], [[-101.46500547686661, 20.652689373932343], [-101.46500489436158, 20.652653263492034]], [[-101.46795892113884, 20.65261102017247], [-101.46795833793874, 20.652574909812436]], [[-101.46795833793874, 20.652574909812436], [-101.46791997401115, 20.652575458749464]], [[-101.46792055720222, 20.652611569110547], [-101.46791997401115, 20.652575458749464]], [[-101.46791997401115, 20.652575458749464], [-101.46788161008233, 20.652576007677983]], [[-101.46788219326436, 20.652612118040107], [-101.46788161008233, 20.652576007677983]], [[-101.46788161008233, 20.652576007677983], [-101.46784324615226, 20.65257655659799]], [[-101.46784382932523, 20.65261266696116], [-101.46784324615226, 20.65257655659799]], [[-101.46784324615226, 20.65257655659799], [-101.46780488222095, 20.652577105509476]], [[-101.46780546538487, 20.652613215873693], [-101.46780488222095, 20.652577105509476]], [[-101.46780488222095, 20.652577105509476], [-101.46776651828836, 20.652577654412447]], [[-101.46776710144326, 20.652613764777712], [-101.46776651828836, 20.652577654412447]], [[-101.46776651828836, 20.652577654412447], [-101.46772815435453, 20.65257820330691]], [[-101.4677287375004, 20.652614313673215], [-101.46772815435453, 20.65257820330691]], [[-101.46772815435453, 20.65257820330691], [-101.46768979041946, 20.65257875219286]], [[-101.46769037355627, 20.65261486256021], [-101.46768979041946, 20.65257875219286]], [[-101.46768979041946, 20.65257875219286], [-101.46765142648313, 20.65257930107029]], [[-101.4676520096109, 20.65261541143869], [-101.46765142648313, 20.65257930107029]], [[-101.46765142648313, 20.65257930107029], [-101.46761306254555, 20.652579849939205]], [[-101.46761364566429, 20.65261596030865], [-101.46761306254555, 20.652579849939205]], [[-101.46761306254555, 20.652579849939205], [-101.46757469860673, 20.652580398799614]], [[-101.46757528171639, 20.652616509170098], [-101.46757469860673, 20.652580398799614]], [[-101.46757469860673, 20.652580398799614], [-101.46753633466665, 20.652580947651504]], [[-101.46753691776729, 20.652617058023036], [-101.46753633466665, 20.652580947651504]], [[-101.46753633466665, 20.652580947651504], [-101.46749797072533, 20.65258149649488]], [[-101.46749855381691, 20.65261760686746], [-101.46749797072533, 20.65258149649488]], [[-101.46749797072533, 20.65258149649488], [-101.46745960678274, 20.652582045329744]], [[-101.46746018986529, 20.65261815570336], [-101.46745960678274, 20.652582045329744]], [[-101.46745960678274, 20.652582045329744], [-101.46742124283891, 20.652582594156087]], [[-101.46742182591242, 20.652618704530756], [-101.46742124283891, 20.652582594156087]], [[-101.46742124283891, 20.652582594156087], [-101.46738287889383, 20.652583142973924]], [[-101.46738346195829, 20.652619253349638], [-101.46738287889383, 20.652583142973924]], [[-101.46738287889383, 20.652583142973924], [-101.46734451494751, 20.65258369178324]], [[-101.46734509800292, 20.65261980216], [-101.46734451494751, 20.65258369178324]], [[-101.46734451494751, 20.65258369178324], [-101.46730615099992, 20.652584240584048]], [[-101.4673067340463, 20.65262035096185], [-101.46730615099992, 20.652584240584048]], [[-101.46730615099992, 20.652584240584048], [-101.4672677870511, 20.652584789376345]], [[-101.46726837008842, 20.652620899755185], [-101.4672677870511, 20.652584789376345]], [[-101.4672677870511, 20.652584789376345], [-101.46722942310102, 20.65258533816012]], [[-101.4672300061293, 20.652621448540014], [-101.46722942310102, 20.65258533816012]], [[-101.46722942310102, 20.65258533816012], [-101.46719105914968, 20.65258588693538]], [[-101.46719164216893, 20.652621997316317], [-101.46719105914968, 20.65258588693538]], [[-101.46719105914968, 20.65258588693538], [-101.4671526951971, 20.652586435702126]], [[-101.4671532782073, 20.652622546084114], [-101.4671526951971, 20.652586435702126]], [[-101.4671526951971, 20.652586435702126], [-101.46711433124327, 20.652586984460363]], [[-101.46711491424442, 20.652623094843392], [-101.46711433124327, 20.652586984460363]], [[-101.46711433124327, 20.652586984460363], [-101.46707596728818, 20.652587533210088]], [[-101.46707655028031, 20.652623643594158], [-101.46707596728818, 20.652587533210088]], [[-101.46707596728818, 20.652587533210088], [-101.46703760333186, 20.652588081951293]], [[-101.46703818631492, 20.65262419233641], [-101.46703760333186, 20.652588081951293]], [[-101.46703760333186, 20.652588081951293], [-101.46699923937427, 20.652588630683994]], [[-101.4669998223483, 20.65262474107015], [-101.46699923937427, 20.652588630683994]], [[-101.46699923937427, 20.652588630683994], [-101.46696087541545, 20.652589179408167]], [[-101.46696145838042, 20.652625289795374], [-101.46696087541545, 20.652589179408167]], [[-101.46696087541545, 20.652589179408167], [-101.46692251145535, 20.652589728123836]], [[-101.4669230944113, 20.65262583851208], [-101.46692251145535, 20.652589728123836]], [[-101.46692251145535, 20.652589728123836], [-101.46688414749403, 20.65259027683098]], [[-101.46688473044092, 20.652626387220277], [-101.46688414749403, 20.65259027683098]], [[-101.46688414749403, 20.65259027683098], [-101.46684578353144, 20.652590825529618]], [[-101.46684636646931, 20.652626935919955], [-101.46684578353144, 20.652590825529618]], [[-101.46684578353144, 20.652590825529618], [-101.46680741956763, 20.65259137421974]], [[-101.46680800249642, 20.652627484611127], [-101.46680741956763, 20.65259137421974]], [[-101.46680741956763, 20.65259137421974], [-101.46676905560253, 20.65259192290135]], [[-101.46676963852231, 20.65262803329378], [-101.46676905560253, 20.65259192290135]], [[-101.46676905560253, 20.65259192290135], [-101.4667306916362, 20.652592471574444]], [[-101.46673127454693, 20.652628581967917], [-101.4667306916362, 20.652592471574444]], [[-101.4667306916362, 20.652592471574444], [-101.46669232766862, 20.652593020239024]], [[-101.46669291057032, 20.65262913063354], [-101.46669232766862, 20.652593020239024]], [[-101.46669232766862, 20.652593020239024], [-101.4666539636998, 20.652593568895092]], [[-101.46665454659244, 20.652629679290655], [-101.4666539636998, 20.652593568895092]], [[-101.4666539636998, 20.652593568895092], [-101.4666155997297, 20.652594117542645]], [[-101.46661618261331, 20.652630227939248], [-101.4666155997297, 20.652594117542645]], [[-101.4666155997297, 20.652594117542645], [-101.46657723575838, 20.65259466618168]], [[-101.46657781863293, 20.652630776579336], [-101.46657723575838, 20.65259466618168]], [[-101.46657723575838, 20.65259466618168], [-101.46653887178579, 20.652595214812205]], [[-101.4665394546513, 20.652631325210898], [-101.46653887178579, 20.652595214812205]], [[-101.46653887178579, 20.652595214812205], [-101.46650050781197, 20.652595763434213]], [[-101.46650109066843, 20.652631873833954], [-101.46650050781197, 20.652595763434213]], [[-101.46650050781197, 20.652595763434213], [-101.46646214383688, 20.652596312047706]], [[-101.46646272668431, 20.652632422448498], [-101.46646214383688, 20.652596312047706]], [[-101.46646214383688, 20.652596312047706], [-101.46642377986055, 20.65259686065269]], [[-101.46642436269892, 20.652632971054523], [-101.46642377986055, 20.65259686065269]], [[-101.46642377986055, 20.65259686065269], [-101.46638541588297, 20.65259740924916]], [[-101.4663859987123, 20.65263351965203], [-101.46638541588297, 20.65259740924916]], [[-101.46638541588297, 20.65259740924916], [-101.46634705190414, 20.652597957837113]], [[-101.46634763472443, 20.652634068241035], [-101.46634705190414, 20.652597957837113]], [[-101.46634705190414, 20.652597957837113], [-101.46630868792406, 20.652598506416552]], [[-101.4663092707353, 20.652634616821512], [-101.46630868792406, 20.652598506416552]], [[-101.46630868792406, 20.652598506416552], [-101.46627032394272, 20.652599054987476]], [[-101.46627090674492, 20.652635165393487], [-101.46627032394272, 20.652599054987476]], [[-101.46627032394272, 20.652599054987476], [-101.46623195996014, 20.652599603549888]], [[-101.4662325427533, 20.65263571395694], [-101.46623195996014, 20.652599603549888]], [[-101.46623195996014, 20.652599603549888], [-101.46619359597632, 20.652600152103787]], [[-101.46619417876043, 20.65263626251188], [-101.46619359597632, 20.652600152103787]], [[-101.46619359597632, 20.652600152103787], [-101.46615523199124, 20.65260070064917]], [[-101.46615581476631, 20.65263681105831], [-101.46615523199124, 20.65260070064917]], [[-101.46615523199124, 20.65260070064917], [-101.4661168680049, 20.652601249186034]], [[-101.46611745077094, 20.65263735959622], [-101.4661168680049, 20.652601249186034]], [[-101.4661168680049, 20.652601249186034], [-101.46607850401732, 20.65260179771439]], [[-101.46607908677431, 20.652637908125623], [-101.46607850401732, 20.65260179771439]], [[-101.46607850401732, 20.65260179771439], [-101.4660401400285, 20.65260234623423]], [[-101.46604072277644, 20.652638456646503], [-101.4660401400285, 20.65260234623423]], [[-101.4660401400285, 20.65260234623423], [-101.46600177603842, 20.65260289474556]], [[-101.46600235877732, 20.65263900515887], [-101.46600177603842, 20.65260289474556]], [[-101.46600177603842, 20.65260289474556], [-101.4659634120471, 20.65260344324837]], [[-101.46596399477696, 20.652639553662734], [-101.4659634120471, 20.65260344324837]], [[-101.4659634120471, 20.65260344324837], [-101.46592504805452, 20.652603991742666]], [[-101.46592563077533, 20.652640102158067], [-101.46592504805452, 20.652603991742666]], [[-101.46592504805452, 20.652603991742666], [-101.46588668406069, 20.652604540228452]], [[-101.46588726677246, 20.6526406506449], [-101.46588668406069, 20.652604540228452]], [[-101.46588668406069, 20.652604540228452], [-101.4658483200656, 20.652605088705716]], [[-101.46584890276834, 20.652641199123213], [-101.4658483200656, 20.652605088705716]], [[-101.4658483200656, 20.652605088705716], [-101.46580995606928, 20.65260563717447]], [[-101.46581053876297, 20.652641747593016], [-101.46580995606928, 20.65260563717447]], [[-101.46580995606928, 20.65260563717447], [-101.4657715920717, 20.652606185634713]], [[-101.46577217475635, 20.6526422960543], [-101.4657715920717, 20.652606185634713]], [[-101.4657715920717, 20.652606185634713], [-101.46573322807288, 20.65260673408644]], [[-101.46573381074847, 20.65264284450707], [-101.46573322807288, 20.65260673408644]], [[-101.46573322807288, 20.65260673408644], [-101.46569486407282, 20.652607282529654]], [[-101.46569544673936, 20.65264339295133], [-101.46569486407282, 20.652607282529654]], [[-101.46569486407282, 20.652607282529654], [-101.46565650007149, 20.652607830964357]], [[-101.465657082729, 20.652643941387076], [-101.46565650007149, 20.652607830964357]], [[-101.46565650007149, 20.652607830964357], [-101.46561813606891, 20.652608379390543]], [[-101.46561871871737, 20.6526444898143], [-101.46561813606891, 20.652608379390543]], [[-101.46561813606891, 20.652608379390543], [-101.46557977206508, 20.652608927808213]], [[-101.4655803547045, 20.65264503823302], [-101.46557977206508, 20.652608927808213]], [[-101.46557977206508, 20.652608927808213], [-101.46554140806002, 20.652609476217364]], [[-101.4655419906904, 20.65264558664322], [-101.46554140806002, 20.652609476217364]], [[-101.46554140806002, 20.652609476217364], [-101.46550304405369, 20.652610024618006]], [[-101.46550362667502, 20.652646135044908], [-101.46550304405369, 20.652610024618006]], [[-101.46550304405369, 20.652610024618006], [-101.46546468004611, 20.652610573010136]], [[-101.46546526265841, 20.652646683438075], [-101.46546468004611, 20.652610573010136]], [[-101.46546468004611, 20.652610573010136], [-101.4654263160373, 20.65261112139375]], [[-101.46542689864056, 20.652647231822733], [-101.4654263160373, 20.65261112139375]], [[-101.4654263160373, 20.65261112139375], [-101.46538795202723, 20.652611669768852]], [[-101.46538853462144, 20.652647780198876], [-101.46538795202723, 20.652611669768852]], [[-101.46538795202723, 20.652611669768852], [-101.4653495880159, 20.652612218135438]], [[-101.46535017060107, 20.65264832856651], [-101.4653495880159, 20.652612218135438]], [[-101.4653495880159, 20.652612218135438], [-101.46531122400334, 20.652612766493508]], [[-101.46531180657946, 20.65264887692562], [-101.46531122400334, 20.652612766493508]], [[-101.46531122400334, 20.652612766493508], [-101.46527285998953, 20.652613314843066]], [[-101.4652734425566, 20.652649425276223], [-101.46527285998953, 20.652613314843066]], [[-101.46527285998953, 20.652613314843066], [-101.46523449597444, 20.652613863184104]], [[-101.46523507853249, 20.65264997361831], [-101.46523449597444, 20.652613863184104]], [[-101.46523449597444, 20.652613863184104], [-101.46519613195814, 20.652614411516637]], [[-101.46519671450713, 20.652650521951884], [-101.46519613195814, 20.652614411516637]], [[-101.46519613195814, 20.652614411516637], [-101.46515776794057, 20.65261495984065]], [[-101.46515835048051, 20.652651070276946], [-101.46515776794057, 20.65261495984065]], [[-101.46515776794057, 20.65261495984065], [-101.46511940392175, 20.652615508156153]], [[-101.46511998645266, 20.65265161859349], [-101.46511940392175, 20.652615508156153]], [[-101.46511940392175, 20.652615508156153], [-101.46508103990169, 20.652616056463142]], [[-101.46508162242355, 20.652652166901518], [-101.46508103990169, 20.652616056463142]], [[-101.46508103990169, 20.652616056463142], [-101.46504267588037, 20.65261660476161]], [[-101.4650432583932, 20.65265271520104], [-101.46504267588037, 20.65261660476161]], [[-101.46504267588037, 20.65261660476161], [-101.46500431185781, 20.652617153051565]], [[-101.46500489436158, 20.652653263492034], [-101.46500431185781, 20.652617153051565]], [[-101.46795833793874, 20.652574909812436], [-101.46795775473986, 20.65253879945223]], [[-101.46795775473986, 20.65253879945223], [-101.46791939082134, 20.652539348388217]], [[-101.46791997401115, 20.652575458749464], [-101.46791939082134, 20.652539348388217]], [[-101.46791939082134, 20.652539348388217], [-101.46788102690155, 20.65253989731569]], [[-101.46788161008233, 20.652576007677983], [-101.46788102690155, 20.65253989731569]], [[-101.46788102690155, 20.65253989731569], [-101.46784266298053, 20.652540446234653]], [[-101.46784324615226, 20.65257655659799], [-101.46784266298053, 20.652540446234653]], [[-101.46784266298053, 20.652540446234653], [-101.46780429905824, 20.652540995145092]], [[-101.46780488222095, 20.652577105509476], [-101.46780429905824, 20.652540995145092]], [[-101.46780429905824, 20.652540995145092], [-101.46776593513472, 20.652541544047025]], [[-101.46776651828836, 20.652577654412447], [-101.46776593513472, 20.652541544047025]], [[-101.46776593513472, 20.652541544047025], [-101.46772757120993, 20.652542092940436]], [[-101.46772815435453, 20.65257820330691], [-101.46772757120993, 20.652542092940436]], [[-101.46772757120993, 20.652542092940436], [-101.4676892072839, 20.65254264182534]], [[-101.46768979041946, 20.65257875219286], [-101.4676892072839, 20.65254264182534]], [[-101.4676892072839, 20.65254264182534], [-101.46765084335661, 20.652543190701724]], [[-101.46765142648313, 20.65257930107029], [-101.46765084335661, 20.652543190701724]], [[-101.46765084335661, 20.652543190701724], [-101.46761247942808, 20.652543739569595]], [[-101.46761306254555, 20.652579849939205], [-101.46761247942808, 20.652543739569595]], [[-101.46761247942808, 20.652543739569595], [-101.4675741154983, 20.65254428842896]], [[-101.46757469860673, 20.652580398799614], [-101.4675741154983, 20.65254428842896]], [[-101.4675741154983, 20.65254428842896], [-101.46753575156727, 20.6525448372798]], [[-101.46753633466665, 20.652580947651504], [-101.46753575156727, 20.6525448372798]], [[-101.46753575156727, 20.6525448372798], [-101.46749738763498, 20.65254538612214]], [[-101.46749797072533, 20.65258149649488], [-101.46749738763498, 20.65254538612214]], [[-101.46749738763498, 20.65254538612214], [-101.46745902370145, 20.65254593495595]], [[-101.46745960678274, 20.652582045329744], [-101.46745902370145, 20.65254593495595]], [[-101.46745902370145, 20.65254593495595], [-101.46742065976666, 20.652546483781254]], [[-101.46742124283891, 20.652582594156087], [-101.46742065976666, 20.652546483781254]], [[-101.46742065976666, 20.652546483781254], [-101.46738229583062, 20.652547032598044]], [[-101.46738287889383, 20.652583142973924], [-101.46738229583062, 20.652547032598044]], [[-101.46738229583062, 20.652547032598044], [-101.46734393189334, 20.65254758140632]], [[-101.46734451494751, 20.65258369178324], [-101.46734393189334, 20.65254758140632]], [[-101.46734393189334, 20.65254758140632], [-101.4673055679548, 20.65254813020608]], [[-101.46730615099992, 20.652584240584048], [-101.4673055679548, 20.65254813020608]], [[-101.4673055679548, 20.65254813020608], [-101.467267204015, 20.652548678997327]], [[-101.4672677870511, 20.652584789376345], [-101.467267204015, 20.652548678997327]], [[-101.467267204015, 20.652548678997327], [-101.46722884007397, 20.652549227780057]], [[-101.46722942310102, 20.65258533816012], [-101.46722884007397, 20.652549227780057]], [[-101.46722884007397, 20.652549227780057], [-101.46719047613169, 20.652549776554277]], [[-101.46719105914968, 20.65258588693538], [-101.46719047613169, 20.652549776554277]], [[-101.46719047613169, 20.652549776554277], [-101.46715211218815, 20.652550325319982]], [[-101.4671526951971, 20.652586435702126], [-101.46715211218815, 20.652550325319982]], [[-101.46715211218815, 20.652550325319982], [-101.46711374824336, 20.65255087407717]], [[-101.46711433124327, 20.652586984460363], [-101.46711374824336, 20.65255087407717]], [[-101.46711374824336, 20.65255087407717], [-101.46707538429732, 20.652551422825848]], [[-101.46707596728818, 20.652587533210088], [-101.46707538429732, 20.652551422825848]], [[-101.46707538429732, 20.652551422825848], [-101.46703702035005, 20.652551971566012]], [[-101.46703760333186, 20.652588081951293], [-101.46703702035005, 20.652551971566012]], [[-101.46703702035005, 20.652551971566012], [-101.4669986564015, 20.65255252029766]], [[-101.46699923937427, 20.652588630683994], [-101.4669986564015, 20.65255252029766]], [[-101.4669986564015, 20.65255252029766], [-101.46696029245172, 20.652553069020794]], [[-101.46696087541545, 20.652589179408167], [-101.46696029245172, 20.652553069020794]], [[-101.46696029245172, 20.652553069020794], [-101.46692192850068, 20.65255361773541]], [[-101.46692251145535, 20.652589728123836], [-101.46692192850068, 20.65255361773541]], [[-101.46692192850068, 20.65255361773541], [-101.46688356454838, 20.652554166441522]], [[-101.46688414749403, 20.65259027683098], [-101.46688356454838, 20.652554166441522]], [[-101.46688356454838, 20.652554166441522], [-101.46684520059485, 20.652554715139114]], [[-101.46684578353144, 20.652590825529618], [-101.46684520059485, 20.652554715139114]], [[-101.46684520059485, 20.652554715139114], [-101.46680683664005, 20.65255526382819]], [[-101.46680741956763, 20.65259137421974], [-101.46680683664005, 20.65255526382819]], [[-101.46680683664005, 20.65255526382819], [-101.46676847268402, 20.65255581250875]], [[-101.46676905560253, 20.65259192290135], [-101.46676847268402, 20.65255581250875]], [[-101.46676847268402, 20.65255581250875], [-101.46673010872672, 20.652556361180803]], [[-101.4667306916362, 20.652592471574444], [-101.46673010872672, 20.652556361180803]], [[-101.46673010872672, 20.652556361180803], [-101.4666917447682, 20.652556909844336]], [[-101.46669232766862, 20.652593020239024], [-101.4666917447682, 20.652556909844336]], [[-101.4666917447682, 20.652556909844336], [-101.46665338080841, 20.652557458499363]], [[-101.4666539636998, 20.652593568895092], [-101.46665338080841, 20.652557458499363]], [[-101.46665338080841, 20.652557458499363], [-101.46661501684736, 20.652558007145863]], [[-101.4666155997297, 20.652594117542645], [-101.46661501684736, 20.652558007145863]], [[-101.46661501684736, 20.652558007145863], [-101.46657665288508, 20.652558555783862]], [[-101.46657723575838, 20.65259466618168], [-101.46657665288508, 20.652558555783862]], [[-101.46657665288508, 20.652558555783862], [-101.46653828892154, 20.652559104413342]], [[-101.46653887178579, 20.652595214812205], [-101.46653828892154, 20.652559104413342]], [[-101.46653828892154, 20.652559104413342], [-101.46649992495675, 20.652559653034306]], [[-101.46650050781197, 20.652595763434213], [-101.46649992495675, 20.652559653034306]], [[-101.46649992495675, 20.652559653034306], [-101.46646156099071, 20.652560201646757]], [[-101.46646214383688, 20.652596312047706], [-101.46646156099071, 20.652560201646757]], [[-101.46646156099071, 20.652560201646757], [-101.46642319702342, 20.652560750250693]], [[-101.46642377986055, 20.65259686065269], [-101.46642319702342, 20.652560750250693]], [[-101.46642319702342, 20.652560750250693], [-101.46638483305487, 20.652561298846116]], [[-101.46638541588297, 20.65259740924916], [-101.46638483305487, 20.652561298846116]], [[-101.46638483305487, 20.652561298846116], [-101.4663464690851, 20.652561847433027]], [[-101.46634705190414, 20.652597957837113], [-101.4663464690851, 20.652561847433027]], [[-101.4663464690851, 20.652561847433027], [-101.46630810511405, 20.65256239601142]], [[-101.46630868792406, 20.652598506416552], [-101.46630810511405, 20.65256239601142]], [[-101.46630810511405, 20.65256239601142], [-101.46626974114177, 20.652562944581298]], [[-101.46627032394272, 20.652599054987476], [-101.46626974114177, 20.652562944581298]], [[-101.46626974114177, 20.652562944581298], [-101.46623137716823, 20.652563493142665]], [[-101.46623195996014, 20.652599603549888], [-101.46623137716823, 20.652563493142665]], [[-101.46623137716823, 20.652563493142665], [-101.46619301319345, 20.65256404169552]], [[-101.46619359597632, 20.652600152103787], [-101.46619301319345, 20.65256404169552]], [[-101.46619301319345, 20.65256404169552], [-101.46615464921742, 20.65256459023986]], [[-101.46615523199124, 20.65260070064917], [-101.46615464921742, 20.65256459023986]], [[-101.46615464921742, 20.65256459023986], [-101.46611628524012, 20.65256513877568]], [[-101.4661168680049, 20.652601249186034], [-101.46611628524012, 20.65256513877568]], [[-101.46611628524012, 20.65256513877568], [-101.46607792126159, 20.652565687302992]], [[-101.46607850401732, 20.65260179771439], [-101.46607792126159, 20.652565687302992]], [[-101.46607792126159, 20.652565687302992], [-101.4660395572818, 20.652566235821784]], [[-101.4660401400285, 20.65260234623423], [-101.4660395572818, 20.652566235821784]], [[-101.4660395572818, 20.652566235821784], [-101.46600119330077, 20.652566784332066]], [[-101.46600177603842, 20.65260289474556], [-101.46600119330077, 20.652566784332066]], [[-101.46600119330077, 20.652566784332066], [-101.46596282931849, 20.652567332833833]], [[-101.4659634120471, 20.65260344324837], [-101.46596282931849, 20.652567332833833]], [[-101.46596282931849, 20.652567332833833], [-101.46592446533495, 20.652567881327087]], [[-101.46592504805452, 20.652603991742666], [-101.46592446533495, 20.652567881327087]], [[-101.46592446533495, 20.652567881327087], [-101.46588610135016, 20.65256842981183]], [[-101.46588668406069, 20.652604540228452], [-101.46588610135016, 20.65256842981183]], [[-101.46588610135016, 20.65256842981183], [-101.46584773736413, 20.652568978288055]], [[-101.4658483200656, 20.652605088705716], [-101.46584773736413, 20.652568978288055]], [[-101.46584773736413, 20.652568978288055], [-101.46580937337684, 20.652569526755766]], [[-101.46580995606928, 20.65260563717447], [-101.46580937337684, 20.652569526755766]], [[-101.46580937337684, 20.652569526755766], [-101.46577100938832, 20.65257007521496]], [[-101.4657715920717, 20.652606185634713], [-101.46577100938832, 20.65257007521496]], [[-101.46577100938832, 20.65257007521496], [-101.46573264539853, 20.652570623665643]], [[-101.46573322807288, 20.65260673408644], [-101.46573264539853, 20.652570623665643]], [[-101.46573264539853, 20.652570623665643], [-101.4656942814075, 20.652571172107812]], [[-101.46569486407282, 20.652607282529654], [-101.4656942814075, 20.652571172107812]], [[-101.4656942814075, 20.652571172107812], [-101.46565591741522, 20.652571720541467]], [[-101.46565650007149, 20.652607830964357], [-101.46565591741522, 20.652571720541467]], [[-101.46565591741522, 20.652571720541467], [-101.4656175534217, 20.652572268966612]], [[-101.46561813606891, 20.652608379390543], [-101.4656175534217, 20.652572268966612]], [[-101.4656175534217, 20.652572268966612], [-101.46557918942692, 20.652572817383234]], [[-101.46557977206508, 20.652608927808213], [-101.46557918942692, 20.652572817383234]], [[-101.46557918942692, 20.652572817383234], [-101.46554082543088, 20.652573365791344]], [[-101.46554140806002, 20.652609476217364], [-101.46554082543088, 20.652573365791344]], [[-101.46554082543088, 20.652573365791344], [-101.4655024614336, 20.652573914190945]], [[-101.46550304405369, 20.652610024618006], [-101.4655024614336, 20.652573914190945]], [[-101.4655024614336, 20.652573914190945], [-101.46546409743507, 20.65257446258203]], [[-101.46546468004611, 20.652610573010136], [-101.46546409743507, 20.65257446258203]], [[-101.46546409743507, 20.65257446258203], [-101.4654257334353, 20.652575010964597]], [[-101.4654263160373, 20.65261112139375], [-101.4654257334353, 20.652575010964597]], [[-101.4654257334353, 20.652575010964597], [-101.46538736943427, 20.652575559338654]], [[-101.46538795202723, 20.652611669768852], [-101.46538736943427, 20.652575559338654]], [[-101.46538736943427, 20.652575559338654], [-101.46534900543199, 20.652576107704196]], [[-101.4653495880159, 20.652612218135438], [-101.46534900543199, 20.652576107704196]], [[-101.46534900543199, 20.652576107704196], [-101.46531064142847, 20.652576656061225]], [[-101.46531122400334, 20.652612766493508], [-101.46531064142847, 20.652576656061225]], [[-101.46531064142847, 20.652576656061225], [-101.4652722774237, 20.652577204409734]], [[-101.46527285998953, 20.652613314843066], [-101.4652722774237, 20.652577204409734]], [[-101.4652722774237, 20.652577204409734], [-101.46523391341766, 20.652577752749735]], [[-101.46523449597444, 20.652613863184104], [-101.46523391341766, 20.652577752749735]], [[-101.46523391341766, 20.652577752749735], [-101.4651955494104, 20.652578301081224]], [[-101.46519613195814, 20.652614411516637], [-101.4651955494104, 20.652578301081224]], [[-101.4651955494104, 20.652578301081224], [-101.46515718540186, 20.652578849404186]], [[-101.46515776794057, 20.65261495984065], [-101.46515718540186, 20.652578849404186]], [[-101.46515718540186, 20.652578849404186], [-101.4651188213921, 20.652579397718654]], [[-101.46511940392175, 20.652615508156153], [-101.4651188213921, 20.652579397718654]], [[-101.4651188213921, 20.652579397718654], [-101.46508045738108, 20.65257994602459]], [[-101.46508103990169, 20.652616056463142], [-101.46508045738108, 20.65257994602459]], [[-101.46508045738108, 20.65257994602459], [-101.46504209336881, 20.652580494322024]], [[-101.46504267588037, 20.65261660476161], [-101.46504209336881, 20.652580494322024]], [[-101.46504209336881, 20.652580494322024], [-101.46500372935529, 20.652581042610933]], [[-101.46500431185781, 20.652617153051565], [-101.46500372935529, 20.652581042610933]], [[-101.46795775473986, 20.65253879945223], [-101.46795717154227, 20.65250268909186]], [[-101.46795717154227, 20.65250268909186], [-101.46791880763277, 20.652503238026803]], [[-101.46791939082134, 20.652539348388217], [-101.46791880763277, 20.652503238026803]], [[-101.46791880763277, 20.652503238026803], [-101.46788044372204, 20.65250378695323]], [[-101.46788102690155, 20.65253989731569], [-101.46788044372204, 20.65250378695323]], [[-101.46788044372204, 20.65250378695323], [-101.46784207981004, 20.65250433587114]], [[-101.46784266298053, 20.652540446234653], [-101.46784207981004, 20.65250433587114]], [[-101.46784207981004, 20.65250433587114], [-101.4678037158968, 20.65250488478054]], [[-101.46780429905824, 20.652540995145092], [-101.4678037158968, 20.65250488478054]], [[-101.4678037158968, 20.65250488478054], [-101.46776535198232, 20.652505433681423]], [[-101.46776593513472, 20.652541544047025], [-101.46776535198232, 20.652505433681423]], [[-101.46776535198232, 20.652505433681423], [-101.46772698806657, 20.652505982573793]], [[-101.46772757120993, 20.652542092940436], [-101.46772698806657, 20.652505982573793]], [[-101.46772698806657, 20.652505982573793], [-101.46768862414959, 20.652506531457654]], [[-101.4676892072839, 20.65254264182534], [-101.46768862414959, 20.652506531457654]], [[-101.46768862414959, 20.652506531457654], [-101.46765026023135, 20.65250708033299]], [[-101.46765084335661, 20.652543190701724], [-101.46765026023135, 20.65250708033299]], [[-101.46765026023135, 20.65250708033299], [-101.46761189631187, 20.65250762919982]], [[-101.46761247942808, 20.652543739569595], [-101.46761189631187, 20.65250762919982]], [[-101.46761189631187, 20.65250762919982], [-101.46757353239113, 20.652508178058135]], [[-101.4675741154983, 20.65254428842896], [-101.46757353239113, 20.652508178058135]], [[-101.46757353239113, 20.652508178058135], [-101.46753516846913, 20.652508726907936]], [[-101.46753575156727, 20.6525448372798], [-101.46753516846913, 20.652508726907936]], [[-101.46753516846913, 20.652508726907936], [-101.46749680454589, 20.652509275749217]], [[-101.46749738763498, 20.65254538612214], [-101.46749680454589, 20.652509275749217]], [[-101.46749680454589, 20.652509275749217], [-101.4674584406214, 20.652509824581998]], [[-101.46745902370145, 20.65254593495595], [-101.4674584406214, 20.652509824581998]], [[-101.4674584406214, 20.652509824581998], [-101.46742007669566, 20.65251037340625]], [[-101.46742065976666, 20.652546483781254], [-101.46742007669566, 20.65251037340625]], [[-101.46742007669566, 20.65251037340625], [-101.46738171276867, 20.652510922221996]], [[-101.46738229583062, 20.652547032598044], [-101.46738171276867, 20.652510922221996]], [[-101.46738171276867, 20.652510922221996], [-101.46734334884042, 20.65251147102923]], [[-101.46734393189334, 20.65254758140632], [-101.46734334884042, 20.65251147102923]], [[-101.46734334884042, 20.65251147102923], [-101.46730498491092, 20.652512019827945]], [[-101.4673055679548, 20.65254813020608], [-101.46730498491092, 20.652512019827945]], [[-101.46730498491092, 20.652512019827945], [-101.46726662098017, 20.652512568618143]], [[-101.467267204015, 20.652548678997327], [-101.46726662098017, 20.652512568618143]], [[-101.46726662098017, 20.652512568618143], [-101.46722825704819, 20.652513117399835]], [[-101.46722884007397, 20.652549227780057], [-101.46722825704819, 20.652513117399835]], [[-101.46722825704819, 20.652513117399835], [-101.46718989311495, 20.652513666173007]], [[-101.46719047613169, 20.652549776554277], [-101.46718989311495, 20.652513666173007]], [[-101.46718989311495, 20.652513666173007], [-101.46715152918046, 20.652514214937664]], [[-101.46715211218815, 20.652550325319982], [-101.46715152918046, 20.652514214937664]], [[-101.46715152918046, 20.652514214937664], [-101.46711316524471, 20.65251476369381]], [[-101.46711374824336, 20.65255087407717], [-101.46711316524471, 20.65251476369381]], [[-101.46711316524471, 20.65251476369381], [-101.4670748013077, 20.65251531244144]], [[-101.46707538429732, 20.652551422825848], [-101.4670748013077, 20.65251531244144]], [[-101.4670748013077, 20.65251531244144], [-101.46703643736947, 20.65251586118056]], [[-101.46703702035005, 20.652551971566012], [-101.46703643736947, 20.65251586118056]], [[-101.46703643736947, 20.65251586118056], [-101.46699807342998, 20.652516409911158]], [[-101.4669986564015, 20.65255252029766], [-101.46699807342998, 20.652516409911158]], [[-101.46699807342998, 20.652516409911158], [-101.46695970948923, 20.652516958633253]], [[-101.46696029245172, 20.652553069020794], [-101.46695970948923, 20.652516958633253]], [[-101.46695970948923, 20.652516958633253], [-101.46692134554723, 20.652517507346825]], [[-101.46692192850068, 20.65255361773541], [-101.46692134554723, 20.652517507346825]], [[-101.46692134554723, 20.652517507346825], [-101.46688298160397, 20.652518056051896]], [[-101.46688356454838, 20.652554166441522], [-101.46688298160397, 20.652518056051896]], [[-101.46688298160397, 20.652518056051896], [-101.46684461765949, 20.652518604748437]], [[-101.46684520059485, 20.652554715139114], [-101.46684461765949, 20.652518604748437]], [[-101.46684461765949, 20.652518604748437], [-101.46680625371374, 20.65251915343647]], [[-101.46680683664005, 20.65255526382819], [-101.46680625371374, 20.65251915343647]], [[-101.46680625371374, 20.65251915343647], [-101.46676788976676, 20.652519702115992]], [[-101.46676847268402, 20.65255581250875], [-101.46676788976676, 20.652519702115992]], [[-101.46676788976676, 20.652519702115992], [-101.46672952581851, 20.652520250786996]], [[-101.46673010872672, 20.652556361180803], [-101.46672952581851, 20.652520250786996]], [[-101.46672952581851, 20.652520250786996], [-101.46669116186901, 20.652520799449487]], [[-101.4666917447682, 20.652556909844336], [-101.46669116186901, 20.652520799449487]], [[-101.46669116186901, 20.652520799449487], [-101.46665279791826, 20.65252134810346]], [[-101.46665338080841, 20.652557458499363], [-101.46665279791826, 20.65252134810346]], [[-101.46665279791826, 20.65252134810346], [-101.46661443396626, 20.652521896748922]], [[-101.46661501684736, 20.652558007145863], [-101.46661443396626, 20.652521896748922]], [[-101.46661443396626, 20.652521896748922], [-101.46657607001302, 20.65252244538587]], [[-101.46657665288508, 20.652558555783862], [-101.46657607001302, 20.65252244538587]], [[-101.46657607001302, 20.65252244538587], [-101.46653770605853, 20.652522994014305]], [[-101.46653828892154, 20.652559104413342], [-101.46653770605853, 20.652522994014305]], [[-101.46653770605853, 20.652522994014305], [-101.4664993421028, 20.65252354263423]], [[-101.46649992495675, 20.652559653034306], [-101.4664993421028, 20.65252354263423]], [[-101.4664993421028, 20.65252354263423], [-101.46646097814579, 20.65252409124563]], [[-101.46646156099071, 20.652560201646757], [-101.46646097814579, 20.65252409124563]], [[-101.46646097814579, 20.65252409124563], [-101.46642261418754, 20.65252463984853]], [[-101.46642319702342, 20.652560750250693], [-101.46642261418754, 20.65252463984853]], [[-101.46642261418754, 20.65252463984853], [-101.46638425022805, 20.6525251884429]], [[-101.46638483305487, 20.652561298846116], [-101.46638425022805, 20.6525251884429]], [[-101.46638425022805, 20.6525251884429], [-101.4663458862673, 20.65252573702877]], [[-101.4663464690851, 20.652561847433027], [-101.4663458862673, 20.65252573702877]], [[-101.4663458862673, 20.65252573702877], [-101.46630752230531, 20.65252628560612]], [[-101.46630810511405, 20.65256239601142], [-101.46630752230531, 20.65252628560612]], [[-101.46630752230531, 20.65252628560612], [-101.46626915834206, 20.652526834174953]], [[-101.46626974114177, 20.652562944581298], [-101.46626915834206, 20.652526834174953]], [[-101.46626915834206, 20.652526834174953], [-101.46623079437757, 20.652527382735276]], [[-101.46623137716823, 20.652563493142665], [-101.46623079437757, 20.652527382735276]], [[-101.46623079437757, 20.652527382735276], [-101.46619243041182, 20.65252793128708]], [[-101.46619301319345, 20.65256404169552], [-101.46619243041182, 20.65252793128708]], [[-101.46619243041182, 20.65252793128708], [-101.46615406644483, 20.652528479830377]], [[-101.46615464921742, 20.65256459023986], [-101.46615406644483, 20.652528479830377]], [[-101.46615406644483, 20.652528479830377], [-101.46611570247659, 20.65252902836516]], [[-101.46611628524012, 20.65256513877568], [-101.46611570247659, 20.65252902836516]], [[-101.46611570247659, 20.65252902836516], [-101.4660773385071, 20.652529576891425]], [[-101.46607792126159, 20.652565687302992], [-101.4660773385071, 20.652529576891425]], [[-101.4660773385071, 20.652529576891425], [-101.46603897453635, 20.652530125409175]], [[-101.4660395572818, 20.652566235821784], [-101.46603897453635, 20.652530125409175]], [[-101.46603897453635, 20.652530125409175], [-101.46600061056436, 20.65253067391841]], [[-101.46600119330077, 20.652566784332066], [-101.46600061056436, 20.65253067391841]], [[-101.46600061056436, 20.65253067391841], [-101.46596224659113, 20.652531222419135]], [[-101.46596282931849, 20.652567332833833], [-101.46596224659113, 20.652531222419135]], [[-101.46596224659113, 20.652531222419135], [-101.46592388261664, 20.652531770911345]], [[-101.46592446533495, 20.652567881327087], [-101.46592388261664, 20.652531770911345]], [[-101.46592388261664, 20.652531770911345], [-101.46588551864089, 20.652532319395043]], [[-101.46588610135016, 20.65256842981183], [-101.46588551864089, 20.652532319395043]], [[-101.46588551864089, 20.652532319395043], [-101.4658471546639, 20.652532867870217]], [[-101.46584773736413, 20.652568978288055], [-101.4658471546639, 20.652532867870217]], [[-101.4658471546639, 20.652532867870217], [-101.46580879068567, 20.65253341633689]], [[-101.46580937337684, 20.652569526755766], [-101.46580879068567, 20.65253341633689]], [[-101.46580879068567, 20.65253341633689], [-101.46577042670617, 20.652533964795037]], [[-101.46577100938832, 20.65257007521496], [-101.46577042670617, 20.652533964795037]], [[-101.46577042670617, 20.652533964795037], [-101.46573206272542, 20.652534513244674]], [[-101.46573264539853, 20.652570623665643], [-101.46573206272542, 20.652534513244674]], [[-101.46573206272542, 20.652534513244674], [-101.46569369874344, 20.6525350616858]], [[-101.4656942814075, 20.652571172107812], [-101.46569369874344, 20.6525350616858]], [[-101.46569369874344, 20.6525350616858], [-101.4656553347602, 20.65253561011841]], [[-101.46565591741522, 20.652571720541467], [-101.4656553347602, 20.65253561011841]], [[-101.4656553347602, 20.65253561011841], [-101.46561697077573, 20.652536158542507]], [[-101.4656175534217, 20.652572268966612], [-101.46561697077573, 20.652536158542507]], [[-101.46561697077573, 20.652536158542507], [-101.46557860678998, 20.652536706958095]], [[-101.46557918942692, 20.652572817383234], [-101.46557860678998, 20.652536706958095]], [[-101.46557860678998, 20.652536706958095], [-101.46554024280299, 20.65253725536516]], [[-101.46554082543088, 20.652573365791344], [-101.46554024280299, 20.65253725536516]], [[-101.46554024280299, 20.65253725536516], [-101.46550187881476, 20.65253780376371]], [[-101.4655024614336, 20.652573914190945], [-101.46550187881476, 20.65253780376371]], [[-101.46550187881476, 20.65253780376371], [-101.46546351482527, 20.652538352153755]], [[-101.46546409743507, 20.65257446258203], [-101.46546351482527, 20.652538352153755]], [[-101.46546351482527, 20.652538352153755], [-101.46542515083453, 20.65253890053528]], [[-101.4654257334353, 20.652575010964597], [-101.46542515083453, 20.65253890053528]], [[-101.46542515083453, 20.65253890053528], [-101.46538678684256, 20.65253944890829]], [[-101.46538736943427, 20.652575559338654], [-101.46538678684256, 20.65253944890829]], [[-101.46538678684256, 20.65253944890829], [-101.46534842284933, 20.652539997272786]], [[-101.46534900543199, 20.652576107704196], [-101.46534842284933, 20.652539997272786]], [[-101.46534842284933, 20.652539997272786], [-101.46531005885484, 20.652540545628778]], [[-101.46531064142847, 20.652576656061225], [-101.46531005885484, 20.652540545628778]], [[-101.46531005885484, 20.652540545628778], [-101.46527169485911, 20.65254109397624]], [[-101.4652722774237, 20.652577204409734], [-101.46527169485911, 20.65254109397624]], [[-101.46527169485911, 20.65254109397624], [-101.46523333086213, 20.652541642315196]], [[-101.46523391341766, 20.652577752749735], [-101.46523333086213, 20.652541642315196]], [[-101.46523333086213, 20.652541642315196], [-101.46519496686389, 20.652542190645633]], [[-101.4651955494104, 20.652578301081224], [-101.46519496686389, 20.652542190645633]], [[-101.46519496686389, 20.652542190645633], [-101.46515660286443, 20.65254273896756]], [[-101.46515718540186, 20.652578849404186], [-101.46515660286443, 20.65254273896756]], [[-101.46515660286443, 20.65254273896756], [-101.4651182388637, 20.652543287280977]], [[-101.4651188213921, 20.652579397718654], [-101.4651182388637, 20.652543287280977]], [[-101.4651182388637, 20.652543287280977], [-101.46507987486173, 20.652543835585874]], [[-101.46508045738108, 20.65257994602459], [-101.46507987486173, 20.652543835585874]], [[-101.46507987486173, 20.652543835585874], [-101.46504151085848, 20.652544383882255]], [[-101.46504209336881, 20.652580494322024], [-101.46504151085848, 20.652544383882255]], [[-101.46504151085848, 20.652544383882255], [-101.46500314685402, 20.65254493217013]], [[-101.46500372935529, 20.652581042610933], [-101.46500314685402, 20.65254493217013]], [[-101.46795717154227, 20.65250268909186], [-101.4679565883459, 20.652466578731325]], [[-101.4679565883459, 20.652466578731325], [-101.46791822444546, 20.65246712766522]], [[-101.46791880763277, 20.652503238026803], [-101.46791822444546, 20.65246712766522]], [[-101.46791822444546, 20.65246712766522], [-101.46787986054376, 20.652467676590604]], [[-101.46788044372204, 20.65250378695323], [-101.46787986054376, 20.652467676590604]], [[-101.46787986054376, 20.652467676590604], [-101.46784149664082, 20.652468225507466]], [[-101.46784207981004, 20.65250433587114], [-101.46784149664082, 20.652468225507466]], [[-101.46784149664082, 20.652468225507466], [-101.46780313273662, 20.652468774415823]], [[-101.4678037158968, 20.65250488478054], [-101.46780313273662, 20.652468774415823]], [[-101.46780313273662, 20.652468774415823], [-101.46776476883117, 20.65246932331566]], [[-101.46776535198232, 20.652505433681423], [-101.46776476883117, 20.65246932331566]], [[-101.46776476883117, 20.65246932331566], [-101.46772640492449, 20.652469872206986]], [[-101.46772698806657, 20.652505982573793], [-101.46772640492449, 20.652469872206986]], [[-101.46772640492449, 20.652469872206986], [-101.46768804101654, 20.6524704210898]], [[-101.46768862414959, 20.652506531457654], [-101.46768804101654, 20.6524704210898]], [[-101.46768804101654, 20.6524704210898], [-101.46764967710733, 20.6524709699641]], [[-101.46765026023135, 20.65250708033299], [-101.46764967710733, 20.6524709699641]], [[-101.46764967710733, 20.6524709699641], [-101.4676113131969, 20.652471518829877]], [[-101.46761189631187, 20.65250762919982], [-101.4676113131969, 20.652471518829877]], [[-101.4676113131969, 20.652471518829877], [-101.4675729492852, 20.652472067687146]], [[-101.46757353239113, 20.652508178058135], [-101.4675729492852, 20.652472067687146]], [[-101.4675729492852, 20.652472067687146], [-101.46753458537223, 20.652472616535906]], [[-101.46753516846913, 20.652508726907936], [-101.46753458537223, 20.652472616535906]], [[-101.46753458537223, 20.652472616535906], [-101.46749622145805, 20.652473165376147]], [[-101.46749680454589, 20.652509275749217], [-101.46749622145805, 20.652473165376147]], [[-101.46749622145805, 20.652473165376147], [-101.4674578575426, 20.652473714207876]], [[-101.4674584406214, 20.652509824581998], [-101.4674578575426, 20.652473714207876]], [[-101.4674578575426, 20.652473714207876], [-101.4674194936259, 20.652474263031085]], [[-101.46742007669566, 20.65251037340625], [-101.4674194936259, 20.652474263031085]], [[-101.4674194936259, 20.652474263031085], [-101.46738112970796, 20.652474811845785]], [[-101.46738171276867, 20.652510922221996], [-101.46738112970796, 20.652474811845785]], [[-101.46738112970796, 20.652474811845785], [-101.46734276578876, 20.65247536065197]], [[-101.46734334884042, 20.65251147102923], [-101.46734276578876, 20.65247536065197]], [[-101.46734276578876, 20.65247536065197], [-101.4673044018683, 20.65247590944964]], [[-101.46730498491092, 20.652512019827945], [-101.4673044018683, 20.65247590944964]], [[-101.4673044018683, 20.65247590944964], [-101.4672660379466, 20.652476458238798]], [[-101.46726662098017, 20.652512568618143], [-101.4672660379466, 20.652476458238798]], [[-101.4672660379466, 20.652476458238798], [-101.46722767402365, 20.652477007019442]], [[-101.46722825704819, 20.652513117399835], [-101.46722767402365, 20.652477007019442]], [[-101.46722767402365, 20.652477007019442], [-101.46718931009946, 20.652477555791567]], [[-101.46718989311495, 20.652513666173007], [-101.46718931009946, 20.652477555791567]], [[-101.46718931009946, 20.652477555791567], [-101.467150946174, 20.652478104555183]], [[-101.46715152918046, 20.652514214937664], [-101.467150946174, 20.652478104555183]], [[-101.467150946174, 20.652478104555183], [-101.4671125822473, 20.652478653310286]], [[-101.46711316524471, 20.65251476369381], [-101.4671125822473, 20.652478653310286]], [[-101.4671125822473, 20.652478653310286], [-101.46707421831935, 20.652479202056874]], [[-101.4670748013077, 20.65251531244144], [-101.46707421831935, 20.652479202056874]], [[-101.46707421831935, 20.652479202056874], [-101.46703585439015, 20.652479750794942]], [[-101.46703643736947, 20.65251586118056], [-101.46703585439015, 20.652479750794942]], [[-101.46703585439015, 20.652479750794942], [-101.46699749045969, 20.652480299524505]], [[-101.46699807342998, 20.652516409911158], [-101.46699749045969, 20.652480299524505]], [[-101.46699749045969, 20.652480299524505], [-101.46695912652798, 20.652480848245546]], [[-101.46695970948923, 20.652516958633253], [-101.46695912652798, 20.652480848245546]], [[-101.46695912652798, 20.652480848245546], [-101.46692076259504, 20.652481396958077]], [[-101.46692134554723, 20.652517507346825], [-101.46692076259504, 20.652481396958077]], [[-101.46692076259504, 20.652481396958077], [-101.46688239866083, 20.652481945662096]], [[-101.46688298160397, 20.652518056051896], [-101.46688239866083, 20.652481945662096]], [[-101.46688239866083, 20.652481945662096], [-101.46684403472538, 20.652482494357603]], [[-101.46684461765949, 20.652518604748437], [-101.46684403472538, 20.652482494357603]], [[-101.46684403472538, 20.652482494357603], [-101.46680567078867, 20.652483043044583]], [[-101.46680625371374, 20.65251915343647], [-101.46680567078867, 20.652483043044583]], [[-101.46680567078867, 20.652483043044583], [-101.46676730685073, 20.652483591723062]], [[-101.46676788976676, 20.652519702115992], [-101.46676730685073, 20.652483591723062]], [[-101.46676730685073, 20.652483591723062], [-101.46672894291153, 20.65248414039302]], [[-101.46672952581851, 20.652520250786996], [-101.46672894291153, 20.65248414039302]], [[-101.46672894291153, 20.65248414039302], [-101.46669057897108, 20.652484689054464]], [[-101.46669116186901, 20.652520799449487], [-101.46669057897108, 20.652484689054464]], [[-101.46669057897108, 20.652484689054464], [-101.46665221502937, 20.6524852377074]], [[-101.46665279791826, 20.65252134810346], [-101.46665221502937, 20.6524852377074]], [[-101.46665221502937, 20.6524852377074], [-101.46661385108642, 20.652485786351818]], [[-101.46661443396626, 20.652521896748922], [-101.46661385108642, 20.652485786351818]], [[-101.46661385108642, 20.652485786351818], [-101.46657548714222, 20.65248633498772]], [[-101.46657607001302, 20.65252244538587], [-101.46657548714222, 20.65248633498772]], [[-101.46657548714222, 20.65248633498772], [-101.46653712319677, 20.652486883615108]], [[-101.46653770605853, 20.652522994014305], [-101.46653712319677, 20.652486883615108]], [[-101.46653712319677, 20.652486883615108], [-101.46649875925006, 20.652487432233986]], [[-101.4664993421028, 20.65252354263423], [-101.46649875925006, 20.652487432233986]], [[-101.46649875925006, 20.652487432233986], [-101.46646039530212, 20.652487980844345]], [[-101.46646097814579, 20.65252409124563], [-101.46646039530212, 20.652487980844345]], [[-101.46646039530212, 20.652487980844345], [-101.46642203135292, 20.652488529446195]], [[-101.46642261418754, 20.65252463984853], [-101.46642203135292, 20.652488529446195]], [[-101.46642203135292, 20.652488529446195], [-101.46638366740247, 20.652489078039526]], [[-101.46638425022805, 20.6525251884429], [-101.46638366740247, 20.652489078039526]], [[-101.46638366740247, 20.652489078039526], [-101.46634530345075, 20.652489626624345]], [[-101.4663458862673, 20.65252573702877], [-101.46634530345075, 20.652489626624345]], [[-101.46634530345075, 20.652489626624345], [-101.46630693949781, 20.652490175200654]], [[-101.46630752230531, 20.65252628560612], [-101.46630693949781, 20.652490175200654]], [[-101.46630693949781, 20.652490175200654], [-101.46626857554361, 20.652490723768445]], [[-101.46626915834206, 20.652526834174953], [-101.46626857554361, 20.652490723768445]], [[-101.46626857554361, 20.652490723768445], [-101.46623021158815, 20.652491272327726]], [[-101.46623079437757, 20.652527382735276], [-101.46623021158815, 20.652491272327726]], [[-101.46623021158815, 20.652491272327726], [-101.46619184763146, 20.65249182087848]], [[-101.46619243041182, 20.65252793128708], [-101.46619184763146, 20.65249182087848]], [[-101.46619184763146, 20.65249182087848], [-101.46615348367351, 20.652492369420738]], [[-101.46615406644483, 20.652528479830377], [-101.46615348367351, 20.652492369420738]], [[-101.46615348367351, 20.652492369420738], [-101.4661151197143, 20.65249291795447]], [[-101.46611570247659, 20.65252902836516], [-101.4661151197143, 20.65249291795447]], [[-101.4661151197143, 20.65249291795447], [-101.46607675575385, 20.65249346647969]], [[-101.4660773385071, 20.652529576891425], [-101.46607675575385, 20.65249346647969]], [[-101.46607675575385, 20.65249346647969], [-101.46603839179215, 20.652494014996392]], [[-101.46603897453635, 20.652530125409175], [-101.46603839179215, 20.652494014996392]], [[-101.46603839179215, 20.652494014996392], [-101.46600002782921, 20.65249456350459]], [[-101.46600061056436, 20.65253067391841], [-101.46600002782921, 20.65249456350459]], [[-101.46600002782921, 20.65249456350459], [-101.46596166386502, 20.652495112004267]], [[-101.46596224659113, 20.652531222419135], [-101.46596166386502, 20.652495112004267]], [[-101.46596166386502, 20.652495112004267], [-101.46592329989956, 20.652495660495436]], [[-101.46592388261664, 20.652531770911345], [-101.46592329989956, 20.652495660495436]], [[-101.46592329989956, 20.652495660495436], [-101.46588493593286, 20.652496208978086]], [[-101.46588551864089, 20.652532319395043], [-101.46588493593286, 20.652496208978086]], [[-101.46588493593286, 20.652496208978086], [-101.46584657196492, 20.65249675745222]], [[-101.4658471546639, 20.652532867870217], [-101.46584657196492, 20.65249675745222]], [[-101.46584657196492, 20.65249675745222], [-101.46580820799572, 20.652497305917844]], [[-101.46580879068567, 20.65253341633689], [-101.46580820799572, 20.652497305917844]], [[-101.46580820799572, 20.652497305917844], [-101.46576984402529, 20.652497854374953]], [[-101.46577042670617, 20.652533964795037], [-101.46576984402529, 20.652497854374953]], [[-101.46576984402529, 20.652497854374953], [-101.46573148005359, 20.65249840282355]], [[-101.46573206272542, 20.652534513244674], [-101.46573148005359, 20.65249840282355]], [[-101.46573148005359, 20.65249840282355], [-101.46569311608063, 20.652498951263624]], [[-101.46569369874344, 20.6525350616858], [-101.46569311608063, 20.652498951263624]], [[-101.46569311608063, 20.652498951263624], [-101.46565475210645, 20.652499499695192]], [[-101.4656553347602, 20.65253561011841], [-101.46565475210645, 20.652499499695192]], [[-101.46565475210645, 20.652499499695192], [-101.465616388131, 20.652500048118245]], [[-101.46561697077573, 20.652536158542507], [-101.465616388131, 20.652500048118245]], [[-101.465616388131, 20.652500048118245], [-101.46557802415431, 20.652500596532786]], [[-101.46557860678998, 20.652536706958095], [-101.46557802415431, 20.652500596532786]], [[-101.46557802415431, 20.652500596532786], [-101.46553966017636, 20.652501144938807]], [[-101.46554024280299, 20.65253725536516], [-101.46553966017636, 20.652501144938807]], [[-101.46553966017636, 20.652501144938807], [-101.46550129619716, 20.652501693336315]], [[-101.46550187881476, 20.65253780376371], [-101.46550129619716, 20.652501693336315]], [[-101.46550129619716, 20.652501693336315], [-101.46546293221672, 20.65250224172531]], [[-101.46546351482527, 20.652538352153755], [-101.46546293221672, 20.65250224172531]], [[-101.46546293221672, 20.65250224172531], [-101.46542456823504, 20.652502790105796]], [[-101.46542515083453, 20.65253890053528], [-101.46542456823504, 20.652502790105796]], [[-101.46542456823504, 20.652502790105796], [-101.4653862042521, 20.65250333847776]], [[-101.46538678684256, 20.65253944890829], [-101.4653862042521, 20.65250333847776]], [[-101.4653862042521, 20.65250333847776], [-101.46534784026791, 20.652503886841217]], [[-101.46534842284933, 20.652539997272786], [-101.46534784026791, 20.652503886841217]], [[-101.46534784026791, 20.652503886841217], [-101.46530947628247, 20.652504435196153]], [[-101.46531005885484, 20.652540545628778], [-101.46530947628247, 20.652504435196153]], [[-101.46530947628247, 20.652504435196153], [-101.46527111229578, 20.65250498354258]], [[-101.46527169485911, 20.65254109397624], [-101.46527111229578, 20.65250498354258]], [[-101.46527111229578, 20.65250498354258], [-101.46523274830784, 20.65250553188049]], [[-101.46523333086213, 20.652541642315196], [-101.46523274830784, 20.65250553188049]], [[-101.46523274830784, 20.65250553188049], [-101.46519438431866, 20.65250608020989]], [[-101.46519496686389, 20.652542190645633], [-101.46519438431866, 20.65250608020989]], [[-101.46519438431866, 20.65250608020989], [-101.46515602032822, 20.65250662853077]], [[-101.46515660286443, 20.65254273896756], [-101.46515602032822, 20.65250662853077]], [[-101.46515602032822, 20.65250662853077], [-101.46511765633653, 20.652507176843145]], [[-101.4651182388637, 20.652543287280977], [-101.46511765633653, 20.652507176843145]], [[-101.46511765633653, 20.652507176843145], [-101.4650792923436, 20.65250772514699]], [[-101.46507987486173, 20.652543835585874], [-101.4650792923436, 20.65250772514699]], [[-101.4650792923436, 20.65250772514699], [-101.46504092834941, 20.652508273442333]], [[-101.46504151085848, 20.652544383882255], [-101.46504092834941, 20.652508273442333]], [[-101.46504092834941, 20.652508273442333], [-101.465002564354, 20.65250882172916]], [[-101.46500314685402, 20.65254493217013], [-101.465002564354, 20.65250882172916]], [[-101.4679565883459, 20.652466578731325], [-101.46795600515078, 20.652430468370625]], [[-101.46795600515078, 20.652430468370625], [-101.46791764125938, 20.65243101730347]], [[-101.46791822444546, 20.65246712766522], [-101.46791764125938, 20.65243101730347]], [[-101.46791764125938, 20.65243101730347], [-101.46787927736675, 20.652431566227808]], [[-101.46787986054376, 20.652467676590604], [-101.46787927736675, 20.652431566227808]], [[-101.46787927736675, 20.652431566227808], [-101.46784091347283, 20.65243211514363]], [[-101.46784149664082, 20.652468225507466], [-101.46784091347283, 20.65243211514363]], [[-101.46784091347283, 20.65243211514363], [-101.46780254957768, 20.65243266405094]], [[-101.46780313273662, 20.652468774415823], [-101.46780254957768, 20.65243266405094]], [[-101.46780254957768, 20.65243266405094], [-101.46776418568128, 20.652433212949735]], [[-101.46776476883117, 20.65246932331566], [-101.46776418568128, 20.652433212949735]], [[-101.46776418568128, 20.652433212949735], [-101.46772582178363, 20.652433761840015]], [[-101.46772640492449, 20.652469872206986], [-101.46772582178363, 20.652433761840015]], [[-101.46772582178363, 20.652433761840015], [-101.46768745788472, 20.65243431072178]], [[-101.46768804101654, 20.6524704210898], [-101.46768745788472, 20.65243431072178]], [[-101.46768745788472, 20.65243431072178], [-101.46764909398458, 20.652434859595036]], [[-101.46764967710733, 20.6524709699641], [-101.46764909398458, 20.652434859595036]], [[-101.46764909398458, 20.652434859595036], [-101.46761073008318, 20.652435408459773]], [[-101.4676113131969, 20.652471518829877], [-101.46761073008318, 20.652435408459773]], [[-101.46761073008318, 20.652435408459773], [-101.46757236618052, 20.652435957315994]], [[-101.4675729492852, 20.652472067687146], [-101.46757236618052, 20.652435957315994]], [[-101.46757236618052, 20.652435957315994], [-101.46753400227661, 20.652436506163706]], [[-101.46753458537223, 20.652472616535906], [-101.46753400227661, 20.652436506163706]], [[-101.46753400227661, 20.652436506163706], [-101.46749563837146, 20.652437055002906]], [[-101.46749622145805, 20.652473165376147], [-101.46749563837146, 20.652437055002906]], [[-101.46749563837146, 20.652437055002906], [-101.46745727446505, 20.652437603833587]], [[-101.4674578575426, 20.652473714207876], [-101.46745727446505, 20.652437603833587]], [[-101.46745727446505, 20.652437603833587], [-101.4674189105574, 20.65243815265575]], [[-101.4674194936259, 20.652474263031085], [-101.4674189105574, 20.65243815265575]], [[-101.4674189105574, 20.65243815265575], [-101.4673805466485, 20.652438701469404]], [[-101.46738112970796, 20.652474811845785], [-101.4673805466485, 20.652438701469404]], [[-101.4673805466485, 20.652438701469404], [-101.46734218273834, 20.652439250274547]], [[-101.46734276578876, 20.65247536065197], [-101.46734218273834, 20.652439250274547]], [[-101.46734218273834, 20.652439250274547], [-101.46730381882693, 20.65243979907117]], [[-101.4673044018683, 20.65247590944964], [-101.46730381882693, 20.65243979907117]], [[-101.46730381882693, 20.65243979907117], [-101.46726545491427, 20.65244034785928]], [[-101.4672660379466, 20.652476458238798], [-101.46726545491427, 20.65244034785928]], [[-101.46726545491427, 20.65244034785928], [-101.46722709100037, 20.652440896638876]], [[-101.46722767402365, 20.652477007019442], [-101.46722709100037, 20.652440896638876]], [[-101.46722709100037, 20.652440896638876], [-101.4671887270852, 20.652441445409966]], [[-101.46718931009946, 20.652477555791567], [-101.4671887270852, 20.652441445409966]], [[-101.4671887270852, 20.652441445409966], [-101.4671503631688, 20.652441994172534]], [[-101.467150946174, 20.652478104555183], [-101.4671503631688, 20.652441994172534]], [[-101.4671503631688, 20.652441994172534], [-101.46711199925113, 20.65244254292659]], [[-101.4671125822473, 20.652478653310286], [-101.46711199925113, 20.65244254292659]], [[-101.46711199925113, 20.65244254292659], [-101.46707363533223, 20.652443091672133]], [[-101.46707421831935, 20.652479202056874], [-101.46707363533223, 20.652443091672133]], [[-101.46707363533223, 20.652443091672133], [-101.46703527141207, 20.65244364040916]], [[-101.46703585439015, 20.652479750794942], [-101.46703527141207, 20.65244364040916]], [[-101.46703527141207, 20.65244364040916], [-101.46699690749067, 20.65244418913768]], [[-101.46699749045969, 20.652480299524505], [-101.46699690749067, 20.65244418913768]], [[-101.46699690749067, 20.65244418913768], [-101.46695854356801, 20.652444737857675]], [[-101.46695912652798, 20.652480848245546], [-101.46695854356801, 20.652444737857675]], [[-101.46695854356801, 20.652444737857675], [-101.46692017964409, 20.652445286569158]], [[-101.46692076259504, 20.652481396958077], [-101.46692017964409, 20.652445286569158]], [[-101.46692017964409, 20.652445286569158], [-101.46688181571893, 20.65244583527213]], [[-101.46688239866083, 20.652481945662096], [-101.46688181571893, 20.65244583527213]], [[-101.46688181571893, 20.65244583527213], [-101.46684345179253, 20.652446383966588]], [[-101.46684403472538, 20.652482494357603], [-101.46684345179253, 20.652446383966588]], [[-101.46684345179253, 20.652446383966588], [-101.46680508786487, 20.65244693265253]], [[-101.46680567078867, 20.652483043044583], [-101.46680508786487, 20.65244693265253]], [[-101.46680508786487, 20.65244693265253], [-101.46676672393596, 20.65244748132996]], [[-101.46676730685073, 20.652483591723062], [-101.46676672393596, 20.65244748132996]], [[-101.46676672393596, 20.65244748132996], [-101.4667283600058, 20.65244802999888]], [[-101.46672894291153, 20.65248414039302], [-101.4667283600058, 20.65244802999888]], [[-101.4667283600058, 20.65244802999888], [-101.4666899960744, 20.652448578659282]], [[-101.46669057897108, 20.652484689054464], [-101.4666899960744, 20.652448578659282]], [[-101.4666899960744, 20.652448578659282], [-101.46665163214173, 20.65244912731117]], [[-101.46665221502937, 20.6524852377074], [-101.46665163214173, 20.65244912731117]], [[-101.46665163214173, 20.65244912731117], [-101.46661326820782, 20.652449675954546]], [[-101.46661385108642, 20.652485786351818], [-101.46661326820782, 20.652449675954546]], [[-101.46661326820782, 20.652449675954546], [-101.46657490427266, 20.6524502245894]], [[-101.46657548714222, 20.65248633498772], [-101.46657490427266, 20.6524502245894]], [[-101.46657490427266, 20.6524502245894], [-101.46653654033626, 20.652450773215747]], [[-101.46653712319677, 20.652486883615108], [-101.46653654033626, 20.652450773215747]], [[-101.46653654033626, 20.652450773215747], [-101.46649817639859, 20.65245132183358]], [[-101.46649875925006, 20.652487432233986], [-101.46649817639859, 20.65245132183358]], [[-101.46649817639859, 20.65245132183358], [-101.46645981245969, 20.652451870442896]], [[-101.46646039530212, 20.652487980844345], [-101.46645981245969, 20.652451870442896]], [[-101.46645981245969, 20.652451870442896], [-101.46642144851954, 20.652452419043694]], [[-101.46642203135292, 20.652488529446195], [-101.46642144851954, 20.652452419043694]], [[-101.46642144851954, 20.652452419043694], [-101.46638308457813, 20.652452967635984]], [[-101.46638366740247, 20.652489078039526], [-101.46638308457813, 20.652452967635984]], [[-101.46638308457813, 20.652452967635984], [-101.46634472063548, 20.65245351621976]], [[-101.46634530345075, 20.652489626624345], [-101.46634472063548, 20.65245351621976]], [[-101.46634472063548, 20.65245351621976], [-101.46630635669156, 20.65245406479502]], [[-101.46630693949781, 20.652490175200654], [-101.46630635669156, 20.65245406479502]], [[-101.46630635669156, 20.65245406479502], [-101.4662679927464, 20.65245461336177]], [[-101.46626857554361, 20.652490723768445], [-101.4662679927464, 20.65245461336177]], [[-101.4662679927464, 20.65245461336177], [-101.4662296288, 20.652455161920003]], [[-101.46623021158815, 20.652491272327726], [-101.4662296288, 20.652455161920003]], [[-101.4662296288, 20.652455161920003], [-101.46619126485233, 20.65245571046972]], [[-101.46619184763146, 20.65249182087848], [-101.46619126485233, 20.65245571046972]], [[-101.46619126485233, 20.65245571046972], [-101.46615290090344, 20.652456259010922]], [[-101.46615348367351, 20.652492369420738], [-101.46615290090344, 20.652456259010922]], [[-101.46615290090344, 20.652456259010922], [-101.46611453695328, 20.65245680754362]], [[-101.4661151197143, 20.65249291795447], [-101.46611453695328, 20.65245680754362]], [[-101.46611453695328, 20.65245680754362], [-101.46607617300188, 20.652457356067792]], [[-101.46607675575385, 20.65249346647969], [-101.46607617300188, 20.652457356067792]], [[-101.46607617300188, 20.652457356067792], [-101.46603780904921, 20.652457904583454]], [[-101.46603839179215, 20.652494014996392], [-101.46603780904921, 20.652457904583454]], [[-101.46603780904921, 20.652457904583454], [-101.4659994450953, 20.652458453090606]], [[-101.46600002782921, 20.65249456350459], [-101.4659994450953, 20.652458453090606]], [[-101.4659994450953, 20.652458453090606], [-101.46596108114015, 20.65245900158924]], [[-101.46596166386502, 20.652495112004267], [-101.46596108114015, 20.65245900158924]], [[-101.46596108114015, 20.65245900158924], [-101.46592271718376, 20.65245955007936]], [[-101.46592329989956, 20.652495660495436], [-101.46592271718376, 20.65245955007936]], [[-101.46592271718376, 20.65245955007936], [-101.46588435322609, 20.652460098560965]], [[-101.46588493593286, 20.652496208978086], [-101.46588435322609, 20.652460098560965]], [[-101.46588435322609, 20.652460098560965], [-101.4658459892672, 20.652460647034054]], [[-101.46584657196492, 20.65249675745222], [-101.4658459892672, 20.652460647034054]], [[-101.4658459892672, 20.652460647034054], [-101.46580762530704, 20.652461195498635]], [[-101.46580820799572, 20.652497305917844], [-101.46580762530704, 20.652461195498635]], [[-101.46580762530704, 20.652461195498635], [-101.46576926134563, 20.652461743954703]], [[-101.46576984402529, 20.652497854374953], [-101.46576926134563, 20.652461743954703]], [[-101.46576926134563, 20.652461743954703], [-101.46573089738298, 20.652462292402245]], [[-101.46573148005359, 20.65249840282355], [-101.46573089738298, 20.652462292402245]], [[-101.46573089738298, 20.652462292402245], [-101.46569253341909, 20.652462840841284]], [[-101.46569311608063, 20.652498951263624], [-101.46569253341909, 20.652462840841284]], [[-101.46569253341909, 20.652462840841284], [-101.46565416945393, 20.652463389271805]], [[-101.46565475210645, 20.652499499695192], [-101.46565416945393, 20.652463389271805]], [[-101.46565416945393, 20.652463389271805], [-101.46561580548752, 20.652463937693817]], [[-101.465616388131, 20.652500048118245], [-101.46561580548752, 20.652463937693817]], [[-101.46561580548752, 20.652463937693817], [-101.46557744151988, 20.65246448610731]], [[-101.46557802415431, 20.652500596532786], [-101.46557744151988, 20.65246448610731]], [[-101.46557744151988, 20.65246448610731], [-101.46553907755097, 20.65246503451229]], [[-101.46553966017636, 20.652501144938807], [-101.46553907755097, 20.65246503451229]], [[-101.46553907755097, 20.65246503451229], [-101.46550071358082, 20.652465582908757]], [[-101.46550129619716, 20.652501693336315], [-101.46550071358082, 20.652465582908757]], [[-101.46550071358082, 20.652465582908757], [-101.46546234960942, 20.652466131296702]], [[-101.46546293221672, 20.65250224172531], [-101.46546234960942, 20.652466131296702]], [[-101.46546234960942, 20.652466131296702], [-101.46542398563679, 20.65246667967614]], [[-101.46542456823504, 20.652502790105796], [-101.46542398563679, 20.65246667967614]], [[-101.46542398563679, 20.65246667967614], [-101.46538562166289, 20.65246722804707]], [[-101.4653862042521, 20.65250333847776], [-101.46538562166289, 20.65246722804707]], [[-101.46538562166289, 20.65246722804707], [-101.46534725768774, 20.652467776409473]], [[-101.46534784026791, 20.652503886841217], [-101.46534725768774, 20.652467776409473]], [[-101.46534725768774, 20.652467776409473], [-101.46530889371134, 20.652468324763365]], [[-101.46530947628247, 20.652504435196153], [-101.46530889371134, 20.652468324763365]], [[-101.46530889371134, 20.652468324763365], [-101.4652705297337, 20.65246887310875]], [[-101.46527111229578, 20.65250498354258], [-101.4652705297337, 20.65246887310875]], [[-101.4652705297337, 20.65246887310875], [-101.46523216575481, 20.652469421445616]], [[-101.46523274830784, 20.65250553188049], [-101.46523216575481, 20.652469421445616]], [[-101.46523216575481, 20.652469421445616], [-101.46519380177467, 20.65246996977397]], [[-101.46519438431866, 20.65250608020989], [-101.46519380177467, 20.65246996977397]], [[-101.46519380177467, 20.65246996977397], [-101.46515543779327, 20.652470518093807]], [[-101.46515602032822, 20.65250662853077], [-101.46515543779327, 20.652470518093807]], [[-101.46515543779327, 20.652470518093807], [-101.46511707381063, 20.652471066405138]], [[-101.46511765633653, 20.652507176843145], [-101.46511707381063, 20.652471066405138]], [[-101.46511707381063, 20.652471066405138], [-101.46507870982674, 20.652471614707945]], [[-101.4650792923436, 20.65250772514699], [-101.46507870982674, 20.652471614707945]], [[-101.46507870982674, 20.652471614707945], [-101.4650403458416, 20.65247216300224]], [[-101.46504092834941, 20.652508273442333], [-101.4650403458416, 20.65247216300224]], [[-101.4650403458416, 20.65247216300224], [-101.46500198185521, 20.652472711288024]], [[-101.465002564354, 20.65250882172916], [-101.46500198185521, 20.652472711288024]], [[-101.46795600515078, 20.652430468370625], [-101.46795542195693, 20.652394358009754]], [[-101.46795542195693, 20.652394358009754], [-101.46791705807456, 20.652394906941556]], [[-101.46791764125938, 20.65243101730347], [-101.46791705807456, 20.652394906941556]], [[-101.46791705807456, 20.652394906941556], [-101.46787869419096, 20.65239545586484]], [[-101.46787927736675, 20.652431566227808], [-101.46787869419096, 20.65239545586484]], [[-101.46787869419096, 20.65239545586484], [-101.4678403303061, 20.652396004779625]], [[-101.46784091347283, 20.65243211514363], [-101.4678403303061, 20.652396004779625]], [[-101.4678403303061, 20.652396004779625], [-101.46780196642, 20.65239655368589]], [[-101.46780254957768, 20.65243266405094], [-101.46780196642, 20.65239655368589]], [[-101.46780196642, 20.65239655368589], [-101.46776360253264, 20.65239710258363]], [[-101.46776418568128, 20.652433212949735], [-101.46776360253264, 20.65239710258363]], [[-101.46776360253264, 20.65239710258363], [-101.46772523864402, 20.652397651472874]], [[-101.46772582178363, 20.652433761840015], [-101.46772523864402, 20.652397651472874]], [[-101.46772523864402, 20.652397651472874], [-101.46768687475416, 20.65239820035359]], [[-101.46768745788472, 20.65243431072178], [-101.46768687475416, 20.65239820035359]], [[-101.46768687475416, 20.65239820035359], [-101.46764851086306, 20.652398749225796]], [[-101.46764909398458, 20.652434859595036], [-101.46764851086306, 20.652398749225796]], [[-101.46764851086306, 20.652398749225796], [-101.4676101469707, 20.65239929808949]], [[-101.46761073008318, 20.652435408459773], [-101.4676101469707, 20.65239929808949]], [[-101.4676101469707, 20.65239929808949], [-101.46757178307709, 20.65239984694467]], [[-101.46757236618052, 20.652435957315994], [-101.46757178307709, 20.65239984694467]], [[-101.46757178307709, 20.65239984694467], [-101.46753341918222, 20.652400395791336]], [[-101.46753400227661, 20.652436506163706], [-101.46753341918222, 20.652400395791336]], [[-101.46753341918222, 20.652400395791336], [-101.46749505528611, 20.652400944629488]], [[-101.46749563837146, 20.652437055002906], [-101.46749505528611, 20.652400944629488]], [[-101.46749505528611, 20.652400944629488], [-101.46745669138875, 20.65240149345912]], [[-101.46745727446505, 20.652437603833587], [-101.46745669138875, 20.65240149345912]], [[-101.46745669138875, 20.65240149345912], [-101.46741832749014, 20.652402042280247]], [[-101.4674189105574, 20.65243815265575], [-101.46741832749014, 20.652402042280247]], [[-101.46741832749014, 20.652402042280247], [-101.46737996359028, 20.652402591092862]], [[-101.4673805466485, 20.652438701469404], [-101.46737996359028, 20.652402591092862]], [[-101.46737996359028, 20.652402591092862], [-101.46734159968916, 20.652403139896954]], [[-101.46734218273834, 20.652439250274547], [-101.46734159968916, 20.652403139896954]], [[-101.46734159968916, 20.652403139896954], [-101.4673032357868, 20.652403688692534]], [[-101.46730381882693, 20.65243979907117], [-101.4673032357868, 20.652403688692534]], [[-101.4673032357868, 20.652403688692534], [-101.46726487188319, 20.652404237479605]], [[-101.46726545491427, 20.65244034785928], [-101.46726487188319, 20.652404237479605]], [[-101.46726487188319, 20.652404237479605], [-101.46722650797832, 20.652404786258153]], [[-101.46722709100037, 20.652440896638876], [-101.46722650797832, 20.652404786258153]], [[-101.46722650797832, 20.652404786258153], [-101.46718814407221, 20.65240533502819]], [[-101.4671887270852, 20.652441445409966], [-101.46718814407221, 20.65240533502819]], [[-101.46718814407221, 20.65240533502819], [-101.46714978016485, 20.65240588378972]], [[-101.4671503631688, 20.652441994172534], [-101.46714978016485, 20.65240588378972]], [[-101.46714978016485, 20.65240588378972], [-101.46711141625623, 20.65240643254273]], [[-101.46711199925113, 20.65244254292659], [-101.46711141625623, 20.65240643254273]], [[-101.46711141625623, 20.65240643254273], [-101.46707305234636, 20.652406981287225]], [[-101.46707363533223, 20.652443091672133], [-101.46707305234636, 20.652406981287225]], [[-101.46707305234636, 20.652406981287225], [-101.46703468843525, 20.652407530023208]], [[-101.46703527141207, 20.65244364040916], [-101.46703468843525, 20.652407530023208]], [[-101.46703468843525, 20.652407530023208], [-101.46699632452288, 20.65240807875068]], [[-101.46699690749067, 20.65244418913768], [-101.46699632452288, 20.65240807875068]], [[-101.46699632452288, 20.65240807875068], [-101.46695796060926, 20.652408627469633]], [[-101.46695854356801, 20.652444737857675], [-101.46695796060926, 20.652408627469633]], [[-101.46695796060926, 20.652408627469633], [-101.4669195966944, 20.652409176180075]], [[-101.46692017964409, 20.652445286569158], [-101.4669195966944, 20.652409176180075]], [[-101.4669195966944, 20.652409176180075], [-101.46688123277829, 20.652409724882002]], [[-101.46688181571893, 20.65244583527213], [-101.46688123277829, 20.652409724882002]], [[-101.46688123277829, 20.652409724882002], [-101.46684286886092, 20.652410273575413]], [[-101.46684345179253, 20.652446383966588], [-101.46684286886092, 20.652410273575413]], [[-101.46684286886092, 20.652410273575413], [-101.46680450494232, 20.652410822260315]], [[-101.46680508786487, 20.65244693265253], [-101.46680450494232, 20.652410822260315]], [[-101.46680450494232, 20.652410822260315], [-101.46676614102245, 20.652411370936694]], [[-101.46676672393596, 20.65244748132996], [-101.46676614102245, 20.652411370936694]], [[-101.46676614102245, 20.652411370936694], [-101.46672777710133, 20.652411919604567]], [[-101.4667283600058, 20.65244802999888], [-101.46672777710133, 20.652411919604567]], [[-101.46672777710133, 20.652411919604567], [-101.46668941317895, 20.652412468263925]], [[-101.4666899960744, 20.652448578659282], [-101.46668941317895, 20.652412468263925]], [[-101.46668941317895, 20.652412468263925], [-101.46665104925535, 20.65241301691476]], [[-101.46665163214173, 20.65244912731117], [-101.46665104925535, 20.65241301691476]], [[-101.46665104925535, 20.65241301691476], [-101.46661268533047, 20.652413565557097]], [[-101.46661326820782, 20.652449675954546], [-101.46661268533047, 20.652413565557097]], [[-101.46661268533047, 20.652413565557097], [-101.46657432140437, 20.652414114190908]], [[-101.46657490427266, 20.6524502245894], [-101.46657432140437, 20.652414114190908]], [[-101.46657432140437, 20.652414114190908], [-101.46653595747699, 20.652414662816213]], [[-101.46653654033626, 20.652450773215747], [-101.46653595747699, 20.652414662816213]], [[-101.46653595747699, 20.652414662816213], [-101.46649759354838, 20.652415211433]], [[-101.46649817639859, 20.65245132183358], [-101.46649759354838, 20.652415211433]], [[-101.46649759354838, 20.652415211433], [-101.46645922961852, 20.652415760041272]], [[-101.46645981245969, 20.652451870442896], [-101.46645922961852, 20.652415760041272]], [[-101.46645922961852, 20.652415760041272], [-101.46642086568741, 20.652416308641033]], [[-101.46642144851954, 20.652452419043694], [-101.46642086568741, 20.652416308641033]], [[-101.46642086568741, 20.652416308641033], [-101.46638250175504, 20.652416857232275]], [[-101.46638308457813, 20.652452967635984], [-101.46638250175504, 20.652416857232275]], [[-101.46638250175504, 20.652416857232275], [-101.46634413782142, 20.652417405815]], [[-101.46634472063548, 20.65245351621976], [-101.46634413782142, 20.652417405815]], [[-101.46634413782142, 20.652417405815], [-101.46630577388656, 20.65241795438922]], [[-101.46630635669156, 20.65245406479502], [-101.46630577388656, 20.65241795438922]], [[-101.46630577388656, 20.65241795438922], [-101.46626740995045, 20.652418502954923]], [[-101.4662679927464, 20.65245461336177], [-101.46626740995045, 20.652418502954923]], [[-101.46626740995045, 20.652418502954923], [-101.46622904601308, 20.65241905151211]], [[-101.4662296288, 20.652455161920003], [-101.46622904601308, 20.65241905151211]], [[-101.46622904601308, 20.65241905151211], [-101.46619068207447, 20.65241960006079]], [[-101.46619126485233, 20.65245571046972], [-101.46619068207447, 20.65241960006079]], [[-101.46619068207447, 20.65241960006079], [-101.4661523181346, 20.652420148600946]], [[-101.46615290090344, 20.652456259010922], [-101.4661523181346, 20.652420148600946]], [[-101.4661523181346, 20.652420148600946], [-101.46611395419349, 20.652420697132595]], [[-101.46611453695328, 20.65245680754362], [-101.46611395419349, 20.652420697132595]], [[-101.46611395419349, 20.652420697132595], [-101.46607559025112, 20.652421245655727]], [[-101.46607617300188, 20.652457356067792], [-101.46607559025112, 20.652421245655727]], [[-101.46607559025112, 20.652421245655727], [-101.4660372263075, 20.65242179417034]], [[-101.46603780904921, 20.652457904583454], [-101.4660372263075, 20.65242179417034]], [[-101.4660372263075, 20.65242179417034], [-101.46599886236265, 20.65242234267645]], [[-101.4659994450953, 20.652458453090606], [-101.46599886236265, 20.65242234267645]], [[-101.46599886236265, 20.65242234267645], [-101.46596049841655, 20.652422891174037]], [[-101.46596108114015, 20.65245900158924], [-101.46596049841655, 20.652422891174037]], [[-101.46596049841655, 20.652422891174037], [-101.46592213446918, 20.65242343966311]], [[-101.46592271718376, 20.65245955007936], [-101.46592213446918, 20.65242343966311]], [[-101.46592213446918, 20.65242343966311], [-101.46588377052058, 20.652423988143678]], [[-101.46588435322609, 20.652460098560965], [-101.46588377052058, 20.652423988143678]], [[-101.46588377052058, 20.652423988143678], [-101.46584540657071, 20.65242453661572]], [[-101.4658459892672, 20.652460647034054], [-101.46584540657071, 20.65242453661572]], [[-101.46584540657071, 20.65242453661572], [-101.46580704261959, 20.652425085079255]], [[-101.46580762530704, 20.652461195498635], [-101.46580704261959, 20.652425085079255]], [[-101.46580704261959, 20.652425085079255], [-101.46576867866723, 20.652425633534275]], [[-101.46576926134563, 20.652461743954703], [-101.46576867866723, 20.652425633534275]], [[-101.46576867866723, 20.652425633534275], [-101.46573031471362, 20.652426181980786]], [[-101.46573089738298, 20.652462292402245], [-101.46573031471362, 20.652426181980786]], [[-101.46573031471362, 20.652426181980786], [-101.46569195075877, 20.652426730418775]], [[-101.46569253341909, 20.652462840841284], [-101.46569195075877, 20.652426730418775]], [[-101.46569195075877, 20.652426730418775], [-101.46565358680267, 20.65242727884825]], [[-101.46565416945393, 20.652463389271805], [-101.46565358680267, 20.65242727884825]], [[-101.46565358680267, 20.65242727884825], [-101.46561522284532, 20.652427827269218]], [[-101.46561580548752, 20.652463937693817], [-101.46561522284532, 20.652427827269218]], [[-101.46561522284532, 20.652427827269218], [-101.4655768588867, 20.652428375681662]], [[-101.46557744151988, 20.65246448610731], [-101.4655768588867, 20.652428375681662]], [[-101.4655768588867, 20.652428375681662], [-101.46553849492685, 20.6524289240856]], [[-101.46553907755097, 20.65246503451229], [-101.46553849492685, 20.6524289240856]], [[-101.46553849492685, 20.6524289240856], [-101.46550013096574, 20.65242947248102]], [[-101.46550071358082, 20.652465582908757], [-101.46550013096574, 20.65242947248102]], [[-101.46550013096574, 20.65242947248102], [-101.46546176700339, 20.65243002086793]], [[-101.46546234960942, 20.652466131296702], [-101.46546176700339, 20.65243002086793]], [[-101.46546176700339, 20.65243002086793], [-101.46542340303978, 20.652430569246324]], [[-101.46542398563679, 20.65246667967614], [-101.46542340303978, 20.652430569246324]], [[-101.46542340303978, 20.652430569246324], [-101.46538503907493, 20.6524311176162]], [[-101.46538562166289, 20.65246722804707], [-101.46538503907493, 20.6524311176162]], [[-101.46538503907493, 20.6524311176162], [-101.46534667510882, 20.652431665977566]], [[-101.46534725768774, 20.652467776409473], [-101.46534667510882, 20.652431665977566]], [[-101.46534667510882, 20.652431665977566], [-101.46530831114147, 20.652432214330418]], [[-101.46530889371134, 20.652468324763365], [-101.46530831114147, 20.652432214330418]], [[-101.46530831114147, 20.652432214330418], [-101.46526994717287, 20.65243276267475]], [[-101.4652705297337, 20.65246887310875], [-101.46526994717287, 20.65243276267475]], [[-101.46526994717287, 20.65243276267475], [-101.46523158320302, 20.652433311010576]], [[-101.46523216575481, 20.652469421445616], [-101.46523158320302, 20.652433311010576]], [[-101.46523158320302, 20.652433311010576], [-101.46519321923192, 20.652433859337883]], [[-101.46519380177467, 20.65246996977397], [-101.46519321923192, 20.652433859337883]], [[-101.46519321923192, 20.652433859337883], [-101.46515485525957, 20.652434407656685]], [[-101.46515543779327, 20.652470518093807], [-101.46515485525957, 20.652434407656685]], [[-101.46515485525957, 20.652434407656685], [-101.46511649128597, 20.652434955966957]], [[-101.46511707381063, 20.652471066405138], [-101.46511649128597, 20.652434955966957]], [[-101.46511649128597, 20.652434955966957], [-101.46507812731112, 20.65243550426873]], [[-101.46507870982674, 20.652471614707945], [-101.46507812731112, 20.65243550426873]], [[-101.46507812731112, 20.65243550426873], [-101.46503976333501, 20.652436052561978]], [[-101.4650403458416, 20.65247216300224], [-101.46503976333501, 20.652436052561978]], [[-101.46795542195693, 20.652394358009754], [-101.46795483876431, 20.652358247648714]], [[-101.46795483876431, 20.652358247648714], [-101.467916474891, 20.65235879657947]], [[-101.46791705807456, 20.652394906941556], [-101.467916474891, 20.65235879657947]], [[-101.467916474891, 20.65235879657947], [-101.46787811101643, 20.652359345501715]], [[-101.46787869419096, 20.65239545586484], [-101.46787811101643, 20.652359345501715]], [[-101.46787811101643, 20.652359345501715], [-101.46783974714063, 20.65235989441545]], [[-101.4678403303061, 20.652396004779625], [-101.46783974714063, 20.65235989441545]], [[-101.46783974714063, 20.65235989441545], [-101.46780138326356, 20.652360443320664]], [[-101.46780196642, 20.65239655368589], [-101.46780138326356, 20.652360443320664]], [[-101.46780138326356, 20.652360443320664], [-101.46776301938525, 20.65236099221737]], [[-101.46776360253264, 20.65239710258363], [-101.46776301938525, 20.65236099221737]], [[-101.46776301938525, 20.65236099221737], [-101.46772465550569, 20.65236154110556]], [[-101.46772523864402, 20.652397651472874], [-101.46772465550569, 20.65236154110556]], [[-101.46772465550569, 20.65236154110556], [-101.46768629162486, 20.65236208998524]], [[-101.46768687475416, 20.65239820035359], [-101.46768629162486, 20.65236208998524]], [[-101.46768629162486, 20.65236208998524], [-101.4676479277428, 20.6523626388564]], [[-101.46764851086306, 20.652398749225796], [-101.4676479277428, 20.6523626388564]], [[-101.4676479277428, 20.6523626388564], [-101.46760956385948, 20.652363187719043]], [[-101.4676101469707, 20.65239929808949], [-101.46760956385948, 20.652363187719043]], [[-101.46760956385948, 20.652363187719043], [-101.46757119997491, 20.652363736573182]], [[-101.46757178307709, 20.65239984694467], [-101.46757119997491, 20.652363736573182]], [[-101.46757119997491, 20.652363736573182], [-101.4675328360891, 20.652364285418802]], [[-101.46753341918222, 20.652400395791336], [-101.4675328360891, 20.652364285418802]], [[-101.4675328360891, 20.652364285418802], [-101.46749447220203, 20.65236483425591]], [[-101.46749505528611, 20.652400944629488], [-101.46749447220203, 20.65236483425591]], [[-101.46749447220203, 20.65236483425591], [-101.4674561083137, 20.6523653830845]], [[-101.46745669138875, 20.65240149345912], [-101.4674561083137, 20.6523653830845]], [[-101.4674561083137, 20.6523653830845], [-101.46741774442414, 20.65236593190458]], [[-101.46741832749014, 20.652402042280247], [-101.46741774442414, 20.65236593190458]], [[-101.46741774442414, 20.65236593190458], [-101.46737938053332, 20.652366480716143]], [[-101.46737996359028, 20.652402591092862], [-101.46737938053332, 20.652366480716143]], [[-101.46737938053332, 20.652366480716143], [-101.46734101664126, 20.65236702951919]], [[-101.46734159968916, 20.652403139896954], [-101.46734101664126, 20.65236702951919]], [[-101.46734101664126, 20.65236702951919], [-101.46730265274793, 20.65236757831373]], [[-101.4673032357868, 20.652403688692534], [-101.46730265274793, 20.65236757831373]], [[-101.46730265274793, 20.65236757831373], [-101.46726428885336, 20.652368127099752]], [[-101.46726487188319, 20.652404237479605], [-101.46726428885336, 20.652368127099752]], [[-101.46726428885336, 20.652368127099752], [-101.46722592495753, 20.65236867587726]], [[-101.46722650797832, 20.652404786258153], [-101.46722592495753, 20.65236867587726]], [[-101.46722592495753, 20.65236867587726], [-101.46718756106047, 20.652369224646254]], [[-101.46718814407221, 20.65240533502819], [-101.46718756106047, 20.652369224646254]], [[-101.46718756106047, 20.652369224646254], [-101.46714919716214, 20.65236977340674]], [[-101.46714978016485, 20.65240588378972], [-101.46714919716214, 20.65236977340674]], [[-101.46714919716214, 20.65236977340674], [-101.46711083326258, 20.652370322158703]], [[-101.46711141625623, 20.65240643254273], [-101.46711083326258, 20.652370322158703]], [[-101.46711083326258, 20.652370322158703], [-101.46707246936175, 20.652370870902153]], [[-101.46707305234636, 20.652406981287225], [-101.46707246936175, 20.652370870902153]], [[-101.46707246936175, 20.652370870902153], [-101.46703410545967, 20.652371419637088]], [[-101.46703468843525, 20.652407530023208], [-101.46703410545967, 20.652371419637088]], [[-101.46703410545967, 20.652371419637088], [-101.46699574155636, 20.65237196836351]], [[-101.46699632452288, 20.65240807875068], [-101.46699574155636, 20.65237196836351]], [[-101.46699574155636, 20.65237196836351], [-101.46695737765178, 20.65237251708142]], [[-101.46695796060926, 20.652408627469633], [-101.46695737765178, 20.65237251708142]], [[-101.46695737765178, 20.65237251708142], [-101.46691901374597, 20.65237306579082]], [[-101.4669195966944, 20.652409176180075], [-101.46691901374597, 20.65237306579082]], [[-101.46691901374597, 20.65237306579082], [-101.46688064983888, 20.6523736144917]], [[-101.46688123277829, 20.652409724882002], [-101.46688064983888, 20.6523736144917]], [[-101.46688064983888, 20.6523736144917], [-101.46684228593057, 20.65237416318407]], [[-101.46684286886092, 20.652410273575413], [-101.46684228593057, 20.65237416318407]], [[-101.46684228593057, 20.65237416318407], [-101.466803922021, 20.652374711867925]], [[-101.46680450494232, 20.652410822260315], [-101.466803922021, 20.652374711867925]], [[-101.466803922021, 20.652374711867925], [-101.46676555811017, 20.652375260543266]], [[-101.46676614102245, 20.652411370936694], [-101.46676555811017, 20.652375260543266]], [[-101.46676555811017, 20.652375260543266], [-101.4667271941981, 20.652375809210092]], [[-101.46672777710133, 20.652411919604567], [-101.4667271941981, 20.652375809210092]], [[-101.4667271941981, 20.652375809210092], [-101.46668883028477, 20.652376357868405]], [[-101.46668941317895, 20.652412468263925], [-101.46668883028477, 20.652376357868405]], [[-101.46668883028477, 20.652376357868405], [-101.4666504663702, 20.652376906518203]], [[-101.46665104925535, 20.65241301691476], [-101.4666504663702, 20.652376906518203]], [[-101.4666504663702, 20.652376906518203], [-101.46661210245438, 20.65237745515949]], [[-101.46661268533047, 20.652413565557097], [-101.46661210245438, 20.65237745515949]], [[-101.46661210245438, 20.65237745515949], [-101.4665737385373, 20.652378003792254]], [[-101.46657432140437, 20.652414114190908], [-101.4665737385373, 20.652378003792254]], [[-101.4665737385373, 20.652378003792254], [-101.46653537461899, 20.652378552416508]], [[-101.46653595747699, 20.652414662816213], [-101.46653537461899, 20.652378552416508]], [[-101.46653537461899, 20.652378552416508], [-101.46649701069941, 20.652379101032253]], [[-101.46649759354838, 20.652415211433], [-101.46649701069941, 20.652379101032253]], [[-101.46649701069941, 20.652379101032253], [-101.46645864677859, 20.65237964963948]], [[-101.46645922961852, 20.652415760041272], [-101.46645864677859, 20.65237964963948]], [[-101.46645864677859, 20.65237964963948], [-101.46642028285653, 20.65238019823819]], [[-101.46642086568741, 20.652416308641033], [-101.46642028285653, 20.65238019823819]], [[-101.46642028285653, 20.65238019823819], [-101.4663819189332, 20.652380746828392]], [[-101.46638250175504, 20.652416857232275], [-101.4663819189332, 20.652380746828392]], [[-101.4663819189332, 20.652380746828392], [-101.46634355500863, 20.652381295410077]], [[-101.46634413782142, 20.652417405815], [-101.46634355500863, 20.652381295410077]], [[-101.46634355500863, 20.652381295410077], [-101.46630519108281, 20.652381843983253]], [[-101.46630577388656, 20.65241795438922], [-101.46630519108281, 20.652381843983253]], [[-101.46630519108281, 20.652381843983253], [-101.46626682715574, 20.65238239254791]], [[-101.46626740995045, 20.652418502954923], [-101.46626682715574, 20.65238239254791]], [[-101.46626682715574, 20.65238239254791], [-101.46622846322741, 20.652382941104054]], [[-101.46622904601308, 20.65241905151211], [-101.46622846322741, 20.652382941104054]], [[-101.46622846322741, 20.652382941104054], [-101.46619009929785, 20.652383489651683]], [[-101.46619068207447, 20.65241960006079], [-101.46619009929785, 20.652383489651683]], [[-101.46619009929785, 20.652383489651683], [-101.46615173536702, 20.652384038190803]], [[-101.4661523181346, 20.652420148600946], [-101.46615173536702, 20.652384038190803]], [[-101.46615173536702, 20.652384038190803], [-101.46611337143496, 20.652384586721404]], [[-101.46611395419349, 20.652420697132595], [-101.46611337143496, 20.652384586721404]], [[-101.46611337143496, 20.652384586721404], [-101.46607500750163, 20.652385135243488]], [[-101.46607559025112, 20.652421245655727], [-101.46607500750163, 20.652385135243488]], [[-101.46607500750163, 20.652385135243488], [-101.46603664356707, 20.652385683757064]], [[-101.4660372263075, 20.65242179417034], [-101.46603664356707, 20.652385683757064]], [[-101.46603664356707, 20.652385683757064], [-101.46599827963125, 20.652386232262124]], [[-101.46599886236265, 20.65242234267645], [-101.46599827963125, 20.652386232262124]], [[-101.46599827963125, 20.652386232262124], [-101.46595991569419, 20.65238678075867]], [[-101.46596049841655, 20.652422891174037], [-101.46595991569419, 20.65238678075867]], [[-101.46595991569419, 20.65238678075867], [-101.46592155175586, 20.6523873292467]], [[-101.46592213446918, 20.65242343966311], [-101.46592155175586, 20.6523873292467]], [[-101.46592155175586, 20.6523873292467], [-101.4658831878163, 20.65238787772622]], [[-101.46588377052058, 20.652423988143678], [-101.4658831878163, 20.65238787772622]], [[-101.4658831878163, 20.65238787772622], [-101.46584482387549, 20.65238842619722]], [[-101.46584540657071, 20.65242453661572], [-101.46584482387549, 20.65238842619722]], [[-101.46584482387549, 20.65238842619722], [-101.46580645993342, 20.65238897465971]], [[-101.46580704261959, 20.652425085079255], [-101.46580645993342, 20.65238897465971]], [[-101.46580645993342, 20.65238897465971], [-101.46576809599009, 20.652389523113683]], [[-101.46576867866723, 20.652425633534275], [-101.46576809599009, 20.652389523113683]], [[-101.46576809599009, 20.652389523113683], [-101.46572973204553, 20.652390071559147]], [[-101.46573031471362, 20.652426181980786], [-101.46572973204553, 20.652390071559147]], [[-101.46572973204553, 20.652390071559147], [-101.46569136809971, 20.652390619996094]], [[-101.46569195075877, 20.652426730418775], [-101.46569136809971, 20.652390619996094]], [[-101.46569136809971, 20.652390619996094], [-101.46565300415264, 20.652391168424533]], [[-101.46565358680267, 20.65242727884825], [-101.46565300415264, 20.652391168424533]], [[-101.46565300415264, 20.652391168424533], [-101.46561464020434, 20.65239171684445]], [[-101.46561522284532, 20.652427827269218], [-101.46561464020434, 20.65239171684445]], [[-101.46561464020434, 20.65239171684445], [-101.46557627625478, 20.652392265255852]], [[-101.4655768588867, 20.652428375681662], [-101.46557627625478, 20.652392265255852]], [[-101.46557627625478, 20.652392265255852], [-101.46553791230396, 20.65239281365874]], [[-101.46553849492685, 20.6524289240856], [-101.46553791230396, 20.65239281365874]], [[-101.46553791230396, 20.65239281365874], [-101.4654995483519, 20.65239336205312]], [[-101.46550013096574, 20.65242947248102], [-101.4654995483519, 20.65239336205312]], [[-101.4654995483519, 20.65239336205312], [-101.46546118439859, 20.652393910438988]], [[-101.46546176700339, 20.65243002086793], [-101.46546118439859, 20.652393910438988]], [[-101.46546118439859, 20.652393910438988], [-101.46542282044403, 20.65239445881633]], [[-101.46542340303978, 20.652430569246324], [-101.46542282044403, 20.65239445881633]], [[-101.46542282044403, 20.65239445881633], [-101.46538445648821, 20.652395007185163]], [[-101.46538503907493, 20.6524311176162], [-101.46538445648821, 20.652395007185163]], [[-101.46538445648821, 20.652395007185163], [-101.46534609253116, 20.65239555554549]], [[-101.46534667510882, 20.652431665977566], [-101.46534609253116, 20.65239555554549]], [[-101.46534609253116, 20.65239555554549], [-101.46530772857284, 20.652396103897292]], [[-101.46530831114147, 20.652432214330418], [-101.46530772857284, 20.652396103897292]], [[-101.46530772857284, 20.652396103897292], [-101.46526936461329, 20.652396652240586]], [[-101.46526994717287, 20.65243276267475], [-101.46526936461329, 20.652396652240586]], [[-101.46526936461329, 20.652396652240586], [-101.46523100065248, 20.65239720057537]], [[-101.46523158320302, 20.652433311010576], [-101.46523100065248, 20.65239720057537]], [[-101.46523100065248, 20.65239720057537], [-101.46519263669043, 20.652397748901635]], [[-101.46519321923192, 20.652433859337883], [-101.46519263669043, 20.652397748901635]], [[-101.46519263669043, 20.652397748901635], [-101.46515427272712, 20.65239829721939]], [[-101.46515485525957, 20.652434407656685], [-101.46515427272712, 20.65239829721939]], [[-101.46515427272712, 20.65239829721939], [-101.46511590876256, 20.65239884552862]], [[-101.46511649128597, 20.652434955966957], [-101.46511590876256, 20.65239884552862]], [[-101.46511590876256, 20.65239884552862], [-101.46507754479676, 20.65239939382934]], [[-101.46507812731112, 20.65243550426873], [-101.46507754479676, 20.65239939382934]], [[-101.46507754479676, 20.65239939382934], [-101.4650391808297, 20.652399942121555]], [[-101.46503976333501, 20.652436052561978], [-101.4650391808297, 20.652399942121555]], [[-101.46795483876431, 20.652358247648714], [-101.46795425557296, 20.65232213728751]], [[-101.46795425557296, 20.65232213728751], [-101.4679158917087, 20.652322686217225]], [[-101.467916474891, 20.65235879657947], [-101.4679158917087, 20.652322686217225]], [[-101.4679158917087, 20.652322686217225], [-101.46787752784317, 20.652323235138425]], [[-101.46787811101643, 20.652359345501715], [-101.46787752784317, 20.652323235138425]], [[-101.46787752784317, 20.652323235138425], [-101.46783916397641, 20.65232378405111]], [[-101.46783974714063, 20.65235989441545], [-101.46783916397641, 20.65232378405111]], [[-101.46783916397641, 20.65232378405111], [-101.46780080010838, 20.652324332955285]], [[-101.46780138326356, 20.652360443320664], [-101.46780080010838, 20.652324332955285]], [[-101.46780080010838, 20.652324332955285], [-101.46776243623911, 20.65232488185094]], [[-101.46776301938525, 20.65236099221737], [-101.46776243623911, 20.65232488185094]], [[-101.46776243623911, 20.65232488185094], [-101.46772407236858, 20.652325430738088]], [[-101.46772465550569, 20.65236154110556], [-101.46772407236858, 20.652325430738088]], [[-101.46772407236858, 20.652325430738088], [-101.4676857084968, 20.65232597961672]], [[-101.46768629162486, 20.65236208998524], [-101.4676857084968, 20.65232597961672]], [[-101.4676857084968, 20.65232597961672], [-101.46764734462378, 20.652326528486835]], [[-101.4676479277428, 20.6523626388564], [-101.46764734462378, 20.652326528486835]], [[-101.46764734462378, 20.652326528486835], [-101.46760898074952, 20.652327077348442]], [[-101.46760956385948, 20.652363187719043], [-101.46760898074952, 20.652327077348442]], [[-101.46760898074952, 20.652327077348442], [-101.46757061687399, 20.65232762620153]], [[-101.46757119997491, 20.652363736573182], [-101.46757061687399, 20.65232762620153]], [[-101.46757061687399, 20.65232762620153], [-101.4675322529972, 20.6523281750461]], [[-101.4675328360891, 20.652364285418802], [-101.4675322529972, 20.6523281750461]], [[-101.4675322529972, 20.6523281750461], [-101.46749388911918, 20.65232872388216]], [[-101.46749447220203, 20.65236483425591], [-101.46749388911918, 20.65232872388216]], [[-101.46749388911918, 20.65232872388216], [-101.46745552523991, 20.65232927270971]], [[-101.4674561083137, 20.6523653830845], [-101.46745552523991, 20.65232927270971]], [[-101.46745552523991, 20.65232927270971], [-101.46741716135939, 20.652329821528742]], [[-101.46741774442414, 20.65236593190458], [-101.46741716135939, 20.652329821528742]], [[-101.46741716135939, 20.652329821528742], [-101.46737879747761, 20.652330370339264]], [[-101.46737938053332, 20.652366480716143], [-101.46737879747761, 20.652330370339264]], [[-101.46737879747761, 20.652330370339264], [-101.46734043359457, 20.65233091914127]], [[-101.46734101664126, 20.65236702951919], [-101.46734043359457, 20.65233091914127]], [[-101.46734043359457, 20.65233091914127], [-101.46730206971031, 20.65233146793476]], [[-101.46730265274793, 20.65236757831373], [-101.46730206971031, 20.65233146793476]], [[-101.46730206971031, 20.65233146793476], [-101.46726370582478, 20.652332016719733]], [[-101.46726428885336, 20.652368127099752], [-101.46726370582478, 20.652332016719733]], [[-101.46726370582478, 20.652332016719733], [-101.467225341938, 20.6523325654962]], [[-101.46722592495753, 20.65236867587726], [-101.467225341938, 20.6523325654962]], [[-101.467225341938, 20.6523325654962], [-101.46718697804997, 20.65233311426415]], [[-101.46718756106047, 20.652369224646254], [-101.46718697804997, 20.65233311426415]], [[-101.46718697804997, 20.65233311426415], [-101.46714861416069, 20.652333663023587]], [[-101.46714919716214, 20.65236977340674], [-101.46714861416069, 20.652333663023587]], [[-101.46714861416069, 20.652333663023587], [-101.46711025027015, 20.652334211774505]], [[-101.46711083326258, 20.652370322158703], [-101.46711025027015, 20.652334211774505]], [[-101.46711025027015, 20.652334211774505], [-101.46707188637838, 20.65233476051691]], [[-101.46707246936175, 20.652370870902153], [-101.46707188637838, 20.65233476051691]], [[-101.46707188637838, 20.65233476051691], [-101.46703352248537, 20.65233530925081]], [[-101.46703410545967, 20.652371419637088], [-101.46703352248537, 20.65233530925081]], [[-101.46703352248537, 20.65233530925081], [-101.46699515859108, 20.652335857976183]], [[-101.46699574155636, 20.65237196836351], [-101.46699515859108, 20.652335857976183]], [[-101.46699515859108, 20.652335857976183], [-101.46695679469555, 20.65233640669305]], [[-101.46695737765178, 20.65237251708142], [-101.46695679469555, 20.65233640669305]], [[-101.46695679469555, 20.65233640669305], [-101.46691843079877, 20.652336955401402]], [[-101.46691901374597, 20.65237306579082], [-101.46691843079877, 20.652336955401402]], [[-101.46691843079877, 20.652336955401402], [-101.46688006690074, 20.65233750410124]], [[-101.46688064983888, 20.6523736144917], [-101.46688006690074, 20.65233750410124]], [[-101.46688006690074, 20.65233750410124], [-101.46684170300146, 20.65233805279256]], [[-101.46684228593057, 20.65237416318407], [-101.46684170300146, 20.65233805279256]], [[-101.46684170300146, 20.65233805279256], [-101.46680333910093, 20.65233860147537]], [[-101.466803922021, 20.652374711867925], [-101.46680333910093, 20.65233860147537]], [[-101.46680333910093, 20.65233860147537], [-101.46676497519915, 20.65233915014967]], [[-101.46676555811017, 20.652375260543266], [-101.46676497519915, 20.65233915014967]], [[-101.46676497519915, 20.65233915014967], [-101.46672661129612, 20.65233969881545]], [[-101.4667271941981, 20.652375809210092], [-101.46672661129612, 20.65233969881545]], [[-101.46672661129612, 20.65233969881545], [-101.46668824739184, 20.65234024747272]], [[-101.46668883028477, 20.652376357868405], [-101.46668824739184, 20.65234024747272]], [[-101.46668824739184, 20.65234024747272], [-101.46664988348631, 20.65234079612147]], [[-101.4666504663702, 20.652376906518203], [-101.46664988348631, 20.65234079612147]], [[-101.46664988348631, 20.65234079612147], [-101.46661151957954, 20.652341344761712]], [[-101.46661210245438, 20.65237745515949], [-101.46661151957954, 20.652341344761712]], [[-101.46661151957954, 20.652341344761712], [-101.46657315567151, 20.652341893393437]], [[-101.4665737385373, 20.652378003792254], [-101.46657315567151, 20.652341893393437]], [[-101.46657315567151, 20.652341893393437], [-101.46653479176223, 20.652342442016643]], [[-101.46653537461899, 20.652378552416508], [-101.46653479176223, 20.652342442016643]], [[-101.46653479176223, 20.652342442016643], [-101.4664964278517, 20.652342990631347]], [[-101.46649701069941, 20.652379101032253], [-101.4664964278517, 20.652342990631347]], [[-101.4664964278517, 20.652342990631347], [-101.46645806393992, 20.652343539237528]], [[-101.46645864677859, 20.65237964963948], [-101.46645806393992, 20.652343539237528]], [[-101.46645806393992, 20.652343539237528], [-101.46641970002689, 20.652344087835196]], [[-101.46642028285653, 20.65238019823819], [-101.46641970002689, 20.652344087835196]], [[-101.46641970002689, 20.652344087835196], [-101.4663813361126, 20.65234463642435]], [[-101.4663819189332, 20.652380746828392], [-101.4663813361126, 20.65234463642435]], [[-101.4663813361126, 20.65234463642435], [-101.46634297219708, 20.652345185004993]], [[-101.46634355500863, 20.652381295410077], [-101.46634297219708, 20.652345185004993]], [[-101.46634297219708, 20.652345185004993], [-101.46630460828031, 20.65234573357712]], [[-101.46630519108281, 20.652381843983253], [-101.46630460828031, 20.65234573357712]], [[-101.46630460828031, 20.65234573357712], [-101.46626624436227, 20.652346282140734]], [[-101.46626682715574, 20.65238239254791], [-101.46626624436227, 20.652346282140734]], [[-101.46626624436227, 20.652346282140734], [-101.46622788044301, 20.65234683069583]], [[-101.46622846322741, 20.652382941104054], [-101.46622788044301, 20.65234683069583]], [[-101.46622788044301, 20.65234683069583], [-101.46618951652248, 20.652347379242414]], [[-101.46619009929785, 20.652383489651683], [-101.46618951652248, 20.652347379242414]], [[-101.46618951652248, 20.652347379242414], [-101.46615115260069, 20.65234792778049]], [[-101.46615173536702, 20.652384038190803], [-101.46615115260069, 20.65234792778049]], [[-101.46615115260069, 20.65234792778049], [-101.46611278867768, 20.652348476310046]], [[-101.46611337143496, 20.652384586721404], [-101.46611278867768, 20.652348476310046]], [[-101.46611278867768, 20.652348476310046], [-101.46607442475339, 20.65234902483109]], [[-101.46607500750163, 20.652385135243488], [-101.46607442475339, 20.65234902483109]], [[-101.46607442475339, 20.65234902483109], [-101.46603606082786, 20.65234957334362]], [[-101.46603664356707, 20.652385683757064], [-101.46603606082786, 20.65234957334362]], [[-101.46603606082786, 20.65234957334362], [-101.4659976969011, 20.652350121847633]], [[-101.46599827963125, 20.652386232262124], [-101.4659976969011, 20.652350121847633]], [[-101.4659976969011, 20.652350121847633], [-101.46595933297307, 20.652350670343136]], [[-101.46595991569419, 20.65238678075867], [-101.46595933297307, 20.652350670343136]], [[-101.46595933297307, 20.652350670343136], [-101.4659209690438, 20.652351218830127]], [[-101.46592155175586, 20.6523873292467], [-101.4659209690438, 20.652351218830127]], [[-101.4659209690438, 20.652351218830127], [-101.46588260511326, 20.6523517673086]], [[-101.4658831878163, 20.65238787772622], [-101.46588260511326, 20.6523517673086]], [[-101.46588260511326, 20.6523517673086], [-101.46584424118149, 20.652352315778558]], [[-101.46584482387549, 20.65238842619722], [-101.46584424118149, 20.652352315778558]], [[-101.46584424118149, 20.652352315778558], [-101.46580587724847, 20.652352864240004]], [[-101.46580645993342, 20.65238897465971], [-101.46580587724847, 20.652352864240004]], [[-101.46580587724847, 20.652352864240004], [-101.4657675133142, 20.652353412692932]], [[-101.46576809599009, 20.652389523113683], [-101.4657675133142, 20.652353412692932]], [[-101.4657675133142, 20.652353412692932], [-101.46572914937867, 20.65235396113735]], [[-101.46572973204553, 20.652390071559147], [-101.46572914937867, 20.65235396113735]], [[-101.46572914937867, 20.65235396113735], [-101.46569078544191, 20.65235450957325]], [[-101.46569136809971, 20.652390619996094], [-101.46569078544191, 20.65235450957325]], [[-101.46569078544191, 20.65235450957325], [-101.46565242150388, 20.65235505800064]], [[-101.46565300415264, 20.652391168424533], [-101.46565242150388, 20.65235505800064]], [[-101.46565242150388, 20.65235505800064], [-101.46561405756461, 20.652355606419516]], [[-101.46561464020434, 20.65239171684445], [-101.46561405756461, 20.652355606419516]], [[-101.46561405756461, 20.652355606419516], [-101.46557569362409, 20.652356154829878]], [[-101.46557627625478, 20.652392265255852], [-101.46557569362409, 20.652356154829878]], [[-101.46557569362409, 20.652356154829878], [-101.46553732968232, 20.652356703231725]], [[-101.46553791230396, 20.65239281365874], [-101.46553732968232, 20.652356703231725]], [[-101.46553732968232, 20.652356703231725], [-101.4654989657393, 20.65235725162506]], [[-101.4654995483519, 20.65239336205312], [-101.4654989657393, 20.65235725162506]], [[-101.4654989657393, 20.65235725162506], [-101.46546060179504, 20.652357800009874]], [[-101.46546118439859, 20.652393910438988], [-101.46546060179504, 20.652357800009874]], [[-101.46546060179504, 20.652357800009874], [-101.46542223784951, 20.652358348386183]], [[-101.46542282044403, 20.65239445881633], [-101.46542223784951, 20.652358348386183]], [[-101.46542223784951, 20.652358348386183], [-101.46538387390275, 20.652358896753974]], [[-101.46538445648821, 20.652395007185163], [-101.46538387390275, 20.652358896753974]], [[-101.46538387390275, 20.652358896753974], [-101.46534550995473, 20.652359445113248]], [[-101.46534609253116, 20.65239555554549], [-101.46534550995473, 20.652359445113248]], [[-101.46534550995473, 20.652359445113248], [-101.46530714600547, 20.652359993464017]], [[-101.46530772857284, 20.652396103897292], [-101.46530714600547, 20.652359993464017]], [[-101.46530714600547, 20.652359993464017], [-101.46526878205495, 20.652360541806264]], [[-101.46526936461329, 20.652396652240586], [-101.46526878205495, 20.652360541806264]], [[-101.46526878205495, 20.652360541806264], [-101.46523041810319, 20.652361090139998]], [[-101.46523100065248, 20.65239720057537], [-101.46523041810319, 20.652361090139998]], [[-101.46523041810319, 20.652361090139998], [-101.46519205415017, 20.65236163846522]], [[-101.46519263669043, 20.652397748901635], [-101.46519205415017, 20.65236163846522]], [[-101.46519205415017, 20.65236163846522], [-101.46515369019592, 20.65236218678193]], [[-101.46515427272712, 20.65239829721939], [-101.46515369019592, 20.65236218678193]], [[-101.46515369019592, 20.65236218678193], [-101.46511532624041, 20.65236273509012]], [[-101.46511590876256, 20.65239884552862], [-101.46511532624041, 20.65236273509012]], [[-101.46511532624041, 20.65236273509012], [-101.46507696228365, 20.652363283389793]], [[-101.46507754479676, 20.65239939382934], [-101.46507696228365, 20.652363283389793]], [[-101.46507696228365, 20.652363283389793], [-101.46503859832562, 20.652363831680958]], [[-101.4650391808297, 20.652399942121555], [-101.46503859832562, 20.652363831680958]], [[-101.46795425557296, 20.65232213728751], [-101.46795367238286, 20.65228602692614]], [[-101.46795367238286, 20.65228602692614], [-101.46791530852764, 20.65228657585481]], [[-101.4679158917087, 20.652322686217225], [-101.46791530852764, 20.65228657585481]], [[-101.46791530852764, 20.65228657585481], [-101.46787694467115, 20.652287124774965]], [[-101.46787752784317, 20.652323235138425], [-101.46787694467115, 20.652287124774965]], [[-101.46787694467115, 20.652287124774965], [-101.46783858081342, 20.652287673686608]], [[-101.46783916397641, 20.65232378405111], [-101.46783858081342, 20.652287673686608]], [[-101.46783858081342, 20.652287673686608], [-101.46780021695444, 20.652288222589732]], [[-101.46780080010838, 20.652324332955285], [-101.46780021695444, 20.652288222589732]], [[-101.46780021695444, 20.652288222589732], [-101.46776185309422, 20.652288771484347]], [[-101.46776243623911, 20.65232488185094], [-101.46776185309422, 20.652288771484347]], [[-101.46776185309422, 20.652288771484347], [-101.46772348923274, 20.652289320370446]], [[-101.46772407236858, 20.652325430738088], [-101.46772348923274, 20.652289320370446]], [[-101.46772348923274, 20.652289320370446], [-101.46768512537, 20.65228986924804]], [[-101.4676857084968, 20.65232597961672], [-101.46768512537, 20.65228986924804]], [[-101.46768512537, 20.65228986924804], [-101.46764676150603, 20.6522904181171]], [[-101.46764734462378, 20.652326528486835], [-101.46764676150603, 20.6522904181171]], [[-101.46764676150603, 20.6522904181171], [-101.46760839764079, 20.652290966977663]], [[-101.46760898074952, 20.652327077348442], [-101.46760839764079, 20.652290966977663]], [[-101.46760839764079, 20.652290966977663], [-101.46757003377432, 20.65229151582971]], [[-101.46757061687399, 20.65232762620153], [-101.46757003377432, 20.65229151582971]], [[-101.46757003377432, 20.65229151582971], [-101.46753166990658, 20.652292064673237]], [[-101.4675322529972, 20.6523281750461], [-101.46753166990658, 20.652292064673237]], [[-101.46753166990658, 20.652292064673237], [-101.4674933060376, 20.65229261350825]], [[-101.46749388911918, 20.65232872388216], [-101.4674933060376, 20.65229261350825]], [[-101.4674933060376, 20.65229261350825], [-101.46745494216736, 20.652293162334754]], [[-101.46745552523991, 20.65232927270971], [-101.46745494216736, 20.652293162334754]], [[-101.46745494216736, 20.652293162334754], [-101.46741657829588, 20.652293711152744]], [[-101.46741716135939, 20.652329821528742], [-101.46741657829588, 20.652293711152744]], [[-101.46741657829588, 20.652293711152744], [-101.46737821442315, 20.65229425996222]], [[-101.46737879747761, 20.652330370339264], [-101.46737821442315, 20.65229425996222]], [[-101.46737821442315, 20.65229425996222], [-101.46733985054917, 20.652294808763177]], [[-101.46734043359457, 20.65233091914127], [-101.46733985054917, 20.652294808763177]], [[-101.46733985054917, 20.652294808763177], [-101.46730148667393, 20.652295357555627]], [[-101.46730206971031, 20.65233146793476], [-101.46730148667393, 20.652295357555627]], [[-101.46730148667393, 20.652295357555627], [-101.46726312279745, 20.652295906339557]], [[-101.46726370582478, 20.652332016719733], [-101.46726312279745, 20.652295906339557]], [[-101.46726312279745, 20.652295906339557], [-101.46722475891971, 20.65229645511497]], [[-101.467225341938, 20.6523325654962], [-101.46722475891971, 20.65229645511497]], [[-101.46722475891971, 20.65229645511497], [-101.46718639504073, 20.65229700388188]], [[-101.46718697804997, 20.65233311426415], [-101.46718639504073, 20.65229700388188]], [[-101.46718639504073, 20.65229700388188], [-101.46714803116049, 20.65229755264027]], [[-101.46714861416069, 20.652333663023587], [-101.46714803116049, 20.65229755264027]], [[-101.46714803116049, 20.65229755264027], [-101.467109667279, 20.652298101390144]], [[-101.46711025027015, 20.652334211774505], [-101.467109667279, 20.652298101390144]], [[-101.467109667279, 20.652298101390144], [-101.46707130339627, 20.65229865013151]], [[-101.46707188637838, 20.65233476051691], [-101.46707130339627, 20.65229865013151]], [[-101.46707130339627, 20.65229865013151], [-101.46703293951228, 20.65229919886436]], [[-101.46703352248537, 20.65233530925081], [-101.46703293951228, 20.65229919886436]], [[-101.46703293951228, 20.65229919886436], [-101.46699457562706, 20.652299747588696]], [[-101.46699515859108, 20.652335857976183], [-101.46699457562706, 20.652299747588696]], [[-101.46699457562706, 20.652299747588696], [-101.46695621174057, 20.65230029630451]], [[-101.46695679469555, 20.65233640669305], [-101.46695621174057, 20.65230029630451]], [[-101.46695621174057, 20.65230029630451], [-101.46691784785283, 20.65230084501182]], [[-101.46691843079877, 20.652336955401402], [-101.46691784785283, 20.65230084501182]], [[-101.46691784785283, 20.65230084501182], [-101.46687948396385, 20.65230139371061]], [[-101.46688006690074, 20.65233750410124], [-101.46687948396385, 20.65230139371061]], [[-101.46687948396385, 20.65230139371061], [-101.46684112007361, 20.65230194240089]], [[-101.46684170300146, 20.65233805279256], [-101.46684112007361, 20.65230194240089]], [[-101.46684112007361, 20.65230194240089], [-101.46680275618212, 20.652302491082654]], [[-101.46680333910093, 20.65233860147537], [-101.46680275618212, 20.652302491082654]], [[-101.46680275618212, 20.652302491082654], [-101.46676439228939, 20.652303039755903]], [[-101.46676497519915, 20.65233915014967], [-101.46676439228939, 20.652303039755903]], [[-101.46676439228939, 20.652303039755903], [-101.4667260283954, 20.652303588420637]], [[-101.46672661129612, 20.65233969881545], [-101.4667260283954, 20.652303588420637]], [[-101.4667260283954, 20.652303588420637], [-101.46668766450016, 20.652304137076865]], [[-101.46668824739184, 20.65234024747272], [-101.46668766450016, 20.652304137076865]], [[-101.46668766450016, 20.652304137076865], [-101.46664930060368, 20.652304685724573]], [[-101.46664988348631, 20.65234079612147], [-101.46664930060368, 20.652304685724573]], [[-101.46664930060368, 20.652304685724573], [-101.46661093670593, 20.652305234363762]], [[-101.46661151957954, 20.652341344761712], [-101.46661093670593, 20.652305234363762]], [[-101.46661093670593, 20.652305234363762], [-101.46657257280695, 20.652305782994446]], [[-101.46657315567151, 20.652341893393437], [-101.46657257280695, 20.652305782994446]], [[-101.46657257280695, 20.652305782994446], [-101.46653420890671, 20.652306331616614]], [[-101.46653479176223, 20.652342442016643], [-101.46653420890671, 20.652306331616614]], [[-101.46653420890671, 20.652306331616614], [-101.46649584500523, 20.65230688023027]], [[-101.4664964278517, 20.652342990631347], [-101.46649584500523, 20.65230688023027]], [[-101.46649584500523, 20.65230688023027], [-101.46645748110251, 20.652307428835407]], [[-101.46645806393992, 20.652343539237528], [-101.46645748110251, 20.652307428835407]], [[-101.46645748110251, 20.652307428835407], [-101.46641911719851, 20.65230797743203]], [[-101.46641970002689, 20.652344087835196], [-101.46641911719851, 20.65230797743203]], [[-101.46641911719851, 20.65230797743203], [-101.46638075329328, 20.65230852602014]], [[-101.4663813361126, 20.65234463642435], [-101.46638075329328, 20.65230852602014]], [[-101.46638075329328, 20.65230852602014], [-101.4663423893868, 20.65230907459974]], [[-101.46634297219708, 20.652345185004993], [-101.4663423893868, 20.65230907459974]], [[-101.4663423893868, 20.65230907459974], [-101.46630402547906, 20.652309623170826]], [[-101.46630460828031, 20.65234573357712], [-101.46630402547906, 20.652309623170826]], [[-101.46630402547906, 20.652309623170826], [-101.46626566157006, 20.65231017173339]], [[-101.46626624436227, 20.652346282140734], [-101.46626566157006, 20.65231017173339]], [[-101.46626566157006, 20.65231017173339], [-101.46622729765983, 20.65231072028745]], [[-101.46622788044301, 20.65234683069583], [-101.46622729765983, 20.65231072028745]], [[-101.46622729765983, 20.65231072028745], [-101.46618893374836, 20.65231126883299]], [[-101.46618951652248, 20.652347379242414], [-101.46618893374836, 20.65231126883299]], [[-101.46618893374836, 20.65231126883299], [-101.46615056983562, 20.652311817370013]], [[-101.46615115260069, 20.65234792778049], [-101.46615056983562, 20.652311817370013]], [[-101.46615056983562, 20.652311817370013], [-101.46611220592163, 20.652312365898524]], [[-101.46611278867768, 20.652348476310046], [-101.46611220592163, 20.652312365898524]], [[-101.46611220592163, 20.652312365898524], [-101.4660738420064, 20.652312914418527]], [[-101.46607442475339, 20.65234902483109], [-101.4660738420064, 20.652312914418527]], [[-101.4660738420064, 20.652312914418527], [-101.46603547808992, 20.652313462930014]], [[-101.46603606082786, 20.65234957334362], [-101.46603547808992, 20.652313462930014]], [[-101.46603547808992, 20.652313462930014], [-101.4659971141722, 20.652314011432985]], [[-101.4659976969011, 20.652350121847633], [-101.4659971141722, 20.652314011432985]], [[-101.4659971141722, 20.652314011432985], [-101.46595875025321, 20.652314559927436]], [[-101.46595933297307, 20.652350670343136], [-101.46595875025321, 20.652314559927436]], [[-101.46595875025321, 20.652314559927436], [-101.46592038633298, 20.65231510841338]], [[-101.4659209690438, 20.652351218830127], [-101.46592038633298, 20.65231510841338]], [[-101.46592038633298, 20.65231510841338], [-101.4658820224115, 20.65231565689081]], [[-101.46588260511326, 20.6523517673086], [-101.4658820224115, 20.65231565689081]], [[-101.4658820224115, 20.65231565689081], [-101.46584365848875, 20.652316205359725]], [[-101.46584424118149, 20.652352315778558], [-101.46584365848875, 20.652316205359725]], [[-101.46584365848875, 20.652316205359725], [-101.46580529456479, 20.652316753820127]], [[-101.46580587724847, 20.652352864240004], [-101.46580529456479, 20.652316753820127]], [[-101.46580529456479, 20.652316753820127], [-101.46576693063955, 20.652317302272014]], [[-101.4657675133142, 20.652353412692932], [-101.46576693063955, 20.652317302272014]], [[-101.46576693063955, 20.652317302272014], [-101.46572856671308, 20.652317850715384]], [[-101.46572914937867, 20.65235396113735], [-101.46572856671308, 20.652317850715384]], [[-101.46572856671308, 20.652317850715384], [-101.46569020278535, 20.652318399150246]], [[-101.46569078544191, 20.65235450957325], [-101.46569020278535, 20.652318399150246]], [[-101.46569020278535, 20.652318399150246], [-101.46565183885636, 20.65231894757659]], [[-101.46565242150388, 20.65235505800064], [-101.46565183885636, 20.65231894757659]], [[-101.46565183885636, 20.65231894757659], [-101.46561347492614, 20.652319495994423]], [[-101.46561405756461, 20.652355606419516], [-101.46561347492614, 20.652319495994423]], [[-101.46561347492614, 20.652319495994423], [-101.46557511099466, 20.652320044403737]], [[-101.46557569362409, 20.652356154829878], [-101.46557511099466, 20.652320044403737]], [[-101.46557511099466, 20.652320044403737], [-101.46553674706193, 20.652320592804536]], [[-101.46553732968232, 20.652356703231725], [-101.46553674706193, 20.652320592804536]], [[-101.46553674706193, 20.652320592804536], [-101.46549838312797, 20.65232114119683]], [[-101.4654989657393, 20.65235725162506], [-101.46549838312797, 20.65232114119683]], [[-101.46549838312797, 20.65232114119683], [-101.46546001919273, 20.652321689580603]], [[-101.46546060179504, 20.652357800009874], [-101.46546001919273, 20.652321689580603]], [[-101.46546001919273, 20.652321689580603], [-101.46542165525625, 20.65232223795586]], [[-101.46542223784951, 20.652358348386183], [-101.46542165525625, 20.65232223795586]], [[-101.46542165525625, 20.65232223795586], [-101.46538329131855, 20.65232278632261]], [[-101.46538387390275, 20.652358896753974], [-101.46538329131855, 20.65232278632261]], [[-101.46538329131855, 20.65232278632261], [-101.46534492737956, 20.652323334680844]], [[-101.46534550995473, 20.652359445113248], [-101.46534492737956, 20.652323334680844]], [[-101.46534492737956, 20.652323334680844], [-101.46530656343934, 20.652323883030565]], [[-101.46530714600547, 20.652359993464017], [-101.46530656343934, 20.652323883030565]], [[-101.46530656343934, 20.652323883030565], [-101.46526819949787, 20.65232443137177]], [[-101.46526878205495, 20.652360541806264], [-101.46526819949787, 20.65232443137177]], [[-101.46526819949787, 20.65232443137177], [-101.46522983555515, 20.652324979704456]], [[-101.46523041810319, 20.652361090139998], [-101.46522983555515, 20.652324979704456]], [[-101.46522983555515, 20.652324979704456], [-101.46519147161118, 20.652325528028637]], [[-101.46519205415017, 20.65236163846522], [-101.46519147161118, 20.652325528028637]], [[-101.46519147161118, 20.652325528028637], [-101.46515310766596, 20.652326076344302]], [[-101.46515369019592, 20.65236218678193], [-101.46515310766596, 20.652326076344302]], [[-101.46515310766596, 20.652326076344302], [-101.46511474371948, 20.652326624651444]], [[-101.46511532624041, 20.65236273509012], [-101.46511474371948, 20.652326624651444]], [[-101.46511474371948, 20.652326624651444], [-101.46507637977177, 20.65232717295008]], [[-101.46507696228365, 20.652363283389793], [-101.46507637977177, 20.65232717295008]], [[-101.46507637977177, 20.65232717295008], [-101.46503801582281, 20.652327721240198]], [[-101.46503859832562, 20.652363831680958], [-101.46503801582281, 20.652327721240198]], [[-101.46795367238286, 20.65228602692614], [-101.467953089194, 20.652249916564607]], [[-101.467953089194, 20.652249916564607], [-101.46791472534781, 20.652250465492227]], [[-101.46791530852764, 20.65228657585481], [-101.46791472534781, 20.652250465492227]], [[-101.46791472534781, 20.652250465492227], [-101.46787636150037, 20.652251014411338]], [[-101.46787694467115, 20.652287124774965], [-101.46787636150037, 20.652251014411338]], [[-101.46787636150037, 20.652251014411338], [-101.4678379976517, 20.652251563321936]], [[-101.46783858081342, 20.652287673686608], [-101.4678379976517, 20.652251563321936]], [[-101.4678379976517, 20.652251563321936], [-101.46779963380176, 20.65225211222402]], [[-101.46780021695444, 20.652288222589732], [-101.46779963380176, 20.65225211222402]], [[-101.46779963380176, 20.65225211222402], [-101.46776126995057, 20.652252661117586]], [[-101.46776185309422, 20.652288771484347], [-101.46776126995057, 20.652252661117586]], [[-101.46776126995057, 20.652252661117586], [-101.46772290609813, 20.652253210002645]], [[-101.46772348923274, 20.652289320370446], [-101.46772290609813, 20.652253210002645]], [[-101.46772290609813, 20.652253210002645], [-101.46768454224444, 20.652253758879187]], [[-101.46768512537, 20.65228986924804], [-101.46768454224444, 20.652253758879187]], [[-101.46768454224444, 20.652253758879187], [-101.46764617838951, 20.65225430774721]], [[-101.46764676150603, 20.6522904181171], [-101.46764617838951, 20.65225430774721]], [[-101.46764617838951, 20.65225430774721], [-101.46760781453332, 20.65225485660672]], [[-101.46760839764079, 20.652290966977663], [-101.46760781453332, 20.65225485660672]], [[-101.46760781453332, 20.65225485660672], [-101.46756945067588, 20.652255405457723]], [[-101.46757003377432, 20.65229151582971], [-101.46756945067588, 20.652255405457723]], [[-101.46756945067588, 20.652255405457723], [-101.4675310868172, 20.652255954300205]], [[-101.46753166990658, 20.652292064673237], [-101.4675310868172, 20.652255954300205]], [[-101.4675310868172, 20.652255954300205], [-101.46749272295726, 20.65225650313418]], [[-101.4674933060376, 20.65229261350825], [-101.46749272295726, 20.65225650313418]], [[-101.46749272295726, 20.65225650313418], [-101.46745435909607, 20.652257051959634]], [[-101.46745494216736, 20.652293162334754], [-101.46745435909607, 20.652257051959634]], [[-101.46745435909607, 20.652257051959634], [-101.46741599523364, 20.652257600776576]], [[-101.46741657829588, 20.652293711152744], [-101.46741599523364, 20.652257600776576]], [[-101.46741599523364, 20.652257600776576], [-101.46737763136993, 20.65225814958501]], [[-101.46737821442315, 20.65229425996222], [-101.46737763136993, 20.65225814958501]], [[-101.46737763136993, 20.65225814958501], [-101.467339267505, 20.65225869838492]], [[-101.46733985054917, 20.652294808763177], [-101.467339267505, 20.65225869838492]], [[-101.467339267505, 20.65225869838492], [-101.46730090363882, 20.65225924717632]], [[-101.46730148667393, 20.652295357555627], [-101.46730090363882, 20.65225924717632]], [[-101.46730090363882, 20.65225924717632], [-101.46726253977135, 20.652259795959207]], [[-101.46726312279745, 20.652295906339557], [-101.46726253977135, 20.652259795959207]], [[-101.46726253977135, 20.652259795959207], [-101.46722417590267, 20.652260344733584]], [[-101.46722475891971, 20.65229645511497], [-101.46722417590267, 20.652260344733584]], [[-101.46722417590267, 20.652260344733584], [-101.46718581203274, 20.65226089349945]], [[-101.46718639504073, 20.65229700388188], [-101.46718581203274, 20.65226089349945]], [[-101.46718581203274, 20.65226089349945], [-101.46714744816154, 20.652261442256783]], [[-101.46714803116049, 20.65229755264027], [-101.46714744816154, 20.652261442256783]], [[-101.46714744816154, 20.652261442256783], [-101.46710908428909, 20.652261991005616]], [[-101.467109667279, 20.652298101390144], [-101.46710908428909, 20.652261991005616]], [[-101.46710908428909, 20.652261991005616], [-101.4670707204154, 20.652262539745937]], [[-101.46707130339627, 20.65229865013151], [-101.4670707204154, 20.652262539745937]], [[-101.4670707204154, 20.652262539745937], [-101.46703235654047, 20.65226308847774]], [[-101.46703293951228, 20.65229919886436], [-101.46703235654047, 20.65226308847774]], [[-101.46703235654047, 20.65226308847774], [-101.46699399266427, 20.65226363720103]], [[-101.46699457562706, 20.652299747588696], [-101.46699399266427, 20.65226363720103]], [[-101.46699399266427, 20.65226363720103], [-101.46695562878682, 20.652264185915804]], [[-101.46695621174057, 20.65230029630451], [-101.46695562878682, 20.652264185915804]], [[-101.46695562878682, 20.652264185915804], [-101.46691726490815, 20.65226473462207]], [[-101.46691784785283, 20.65230084501182], [-101.46691726490815, 20.65226473462207]], [[-101.46691726490815, 20.65226473462207], [-101.4668789010282, 20.652265283319814]], [[-101.46687948396385, 20.65230139371061], [-101.4668789010282, 20.652265283319814]], [[-101.4668789010282, 20.652265283319814], [-101.46684053714701, 20.65226583200905]], [[-101.46684112007361, 20.65230194240089], [-101.46684053714701, 20.65226583200905]], [[-101.46684053714701, 20.65226583200905], [-101.46680217326455, 20.652266380689767]], [[-101.46680275618212, 20.652302491082654], [-101.46680217326455, 20.652266380689767]], [[-101.46680217326455, 20.652266380689767], [-101.46676380938086, 20.652266929361975]], [[-101.46676439228939, 20.652303039755903], [-101.46676380938086, 20.652266929361975]], [[-101.46676380938086, 20.652266929361975], [-101.46672544549592, 20.652267478025667]], [[-101.4667260283954, 20.652303588420637], [-101.46672544549592, 20.652267478025667]], [[-101.46672544549592, 20.652267478025667], [-101.46668708160973, 20.652268026680844]], [[-101.46668766450016, 20.652304137076865], [-101.46668708160973, 20.652268026680844]], [[-101.46668708160973, 20.652268026680844], [-101.4666487177223, 20.65226857532751]], [[-101.46664930060368, 20.652304685724573], [-101.4666487177223, 20.65226857532751]], [[-101.4666487177223, 20.65226857532751], [-101.4666103538336, 20.652269123965663]], [[-101.46661093670593, 20.652305234363762], [-101.4666103538336, 20.652269123965663]], [[-101.4666103538336, 20.652269123965663], [-101.46657198994365, 20.6522696725953]], [[-101.46657257280695, 20.652305782994446], [-101.46657198994365, 20.6522696725953]], [[-101.46657198994365, 20.6522696725953], [-101.46653362605247, 20.652270221216416]], [[-101.46653420890671, 20.652306331616614], [-101.46653362605247, 20.652270221216416]], [[-101.46653362605247, 20.652270221216416], [-101.46649526216001, 20.652270769829027]], [[-101.46649584500523, 20.65230688023027], [-101.46649526216001, 20.652270769829027]], [[-101.46649526216001, 20.652270769829027], [-101.46645689826633, 20.652271318433122]], [[-101.46645748110251, 20.652307428835407], [-101.46645689826633, 20.652271318433122]], [[-101.46645689826633, 20.652271318433122], [-101.46641853437139, 20.652271867028702]], [[-101.46641911719851, 20.65230797743203], [-101.46641853437139, 20.652271867028702]], [[-101.46641853437139, 20.652271867028702], [-101.46638017047519, 20.65227241561577]], [[-101.46638075329328, 20.65230852602014], [-101.46638017047519, 20.65227241561577]], [[-101.46638017047519, 20.65227241561577], [-101.46634180657774, 20.65227296419432]], [[-101.4663423893868, 20.65230907459974], [-101.46634180657774, 20.65227296419432]], [[-101.46634180657774, 20.65227296419432], [-101.46630344267905, 20.652273512764364]], [[-101.46630402547906, 20.652309623170826], [-101.46630344267905, 20.652273512764364]], [[-101.46630344267905, 20.652273512764364], [-101.4662650787791, 20.652274061325883]], [[-101.46626566157006, 20.65231017173339], [-101.4662650787791, 20.652274061325883]], [[-101.4662650787791, 20.652274061325883], [-101.46622671487792, 20.65227460987889]], [[-101.46622729765983, 20.65231072028745], [-101.46622671487792, 20.65227460987889]], [[-101.46622671487792, 20.65227460987889], [-101.46618835097549, 20.65227515842339]], [[-101.46618893374836, 20.65231126883299], [-101.46618835097549, 20.65227515842339]], [[-101.46618835097549, 20.65227515842339], [-101.46614998707179, 20.652275706959372]], [[-101.46615056983562, 20.652311817370013], [-101.46614998707179, 20.652275706959372]], [[-101.46614998707179, 20.652275706959372], [-101.46611162316685, 20.652276255486836]], [[-101.46611220592163, 20.652312365898524], [-101.46611162316685, 20.652276255486836]], [[-101.46611162316685, 20.652276255486836], [-101.46607325926067, 20.652276804005798]], [[-101.4660738420064, 20.652312914418527], [-101.46607325926067, 20.652276804005798]], [[-101.46607325926067, 20.652276804005798], [-101.46603489535322, 20.652277352516236]], [[-101.46603547808992, 20.652313462930014], [-101.46603489535322, 20.652277352516236]], [[-101.46603489535322, 20.652277352516236], [-101.46599653144453, 20.652277901018163]], [[-101.4659971141722, 20.652314011432985], [-101.46599653144453, 20.652277901018163]], [[-101.46599653144453, 20.652277901018163], [-101.4659581675346, 20.652278449511574]], [[-101.46595875025321, 20.652314559927436], [-101.4659581675346, 20.652278449511574]], [[-101.4659581675346, 20.652278449511574], [-101.46591980362341, 20.652278997996472]], [[-101.46592038633298, 20.65231510841338], [-101.46591980362341, 20.652278997996472]], [[-101.46591980362341, 20.652278997996472], [-101.46588143971097, 20.652279546472855]], [[-101.4658820224115, 20.65231565689081], [-101.46588143971097, 20.652279546472855]], [[-101.46588143971097, 20.652279546472855], [-101.46584307579728, 20.652280094940725]], [[-101.46584365848875, 20.652316205359725], [-101.46584307579728, 20.652280094940725]], [[-101.46584307579728, 20.652280094940725], [-101.46580471188234, 20.652280643400083]], [[-101.46580529456479, 20.652316753820127], [-101.46580471188234, 20.652280643400083]], [[-101.46580471188234, 20.652280643400083], [-101.46576634796615, 20.65228119185093]], [[-101.46576693063955, 20.652317302272014], [-101.46576634796615, 20.65228119185093]], [[-101.46576634796615, 20.65228119185093], [-101.46572798404871, 20.65228174029325]], [[-101.46572856671308, 20.652317850715384], [-101.46572798404871, 20.65228174029325]], [[-101.46572798404871, 20.65228174029325], [-101.46568962013004, 20.65228228872707]], [[-101.46569020278535, 20.652318399150246], [-101.46568962013004, 20.65228228872707]], [[-101.46568962013004, 20.65228228872707], [-101.4656512562101, 20.65228283715237]], [[-101.46565183885636, 20.65231894757659], [-101.4656512562101, 20.65228283715237]], [[-101.4656512562101, 20.65228283715237], [-101.46561289228892, 20.65228338556916]], [[-101.46561347492614, 20.652319495994423], [-101.46561289228892, 20.65228338556916]], [[-101.46561289228892, 20.65228338556916], [-101.46557452836649, 20.65228393397743]], [[-101.46557511099466, 20.652320044403737], [-101.46557452836649, 20.65228393397743]], [[-101.46557452836649, 20.65228393397743], [-101.4655361644428, 20.65228448237719]], [[-101.46553674706193, 20.652320592804536], [-101.4655361644428, 20.65228448237719]], [[-101.4655361644428, 20.65228448237719], [-101.46549780051787, 20.652285030768436]], [[-101.46549838312797, 20.65232114119683], [-101.46549780051787, 20.652285030768436]], [[-101.46549780051787, 20.652285030768436], [-101.46545943659169, 20.652285579151165]], [[-101.46546001919273, 20.652321689580603], [-101.46545943659169, 20.652285579151165]], [[-101.46545943659169, 20.652285579151165], [-101.46542107266424, 20.65228612752538]], [[-101.46542165525625, 20.65232223795586], [-101.46542107266424, 20.65228612752538]], [[-101.46542107266424, 20.65228612752538], [-101.46538270873558, 20.652286675891084]], [[-101.46538329131855, 20.65232278632261], [-101.46538270873558, 20.652286675891084]], [[-101.46538270873558, 20.652286675891084], [-101.46534434480564, 20.65228722424827]], [[-101.46534492737956, 20.652323334680844], [-101.46534434480564, 20.65228722424827]], [[-101.46534434480564, 20.65228722424827], [-101.46530598087446, 20.652287772596946]], [[-101.46530656343934, 20.652323883030565], [-101.46530598087446, 20.652287772596946]], [[-101.46530598087446, 20.652287772596946], [-101.46526761694204, 20.65228832093711]], [[-101.46526819949787, 20.65232443137177], [-101.46526761694204, 20.65228832093711]], [[-101.46526761694204, 20.65228832093711], [-101.46522925300836, 20.652288869268755]], [[-101.46522983555515, 20.652324979704456], [-101.46522925300836, 20.652288869268755]], [[-101.46522925300836, 20.652288869268755], [-101.46519088907343, 20.652289417591884]], [[-101.46519147161118, 20.652325528028637], [-101.46519088907343, 20.652289417591884]], [[-101.46519088907343, 20.652289417591884], [-101.46515252513726, 20.652289965906505]], [[-101.46515310766596, 20.652326076344302], [-101.46515252513726, 20.652289965906505]], [[-101.46515252513726, 20.652289965906505], [-101.46511416119982, 20.65229051421261]], [[-101.46511474371948, 20.652326624651444], [-101.46511416119982, 20.65229051421261]], [[-101.46511416119982, 20.65229051421261], [-101.46507579726116, 20.652291062510198]], [[-101.46507637977177, 20.65232717295008], [-101.46507579726116, 20.652291062510198]], [[-101.46507579726116, 20.652291062510198], [-101.46503743332123, 20.652291610799274]], [[-101.46503801582281, 20.652327721240198], [-101.46503743332123, 20.652291610799274]], [[-101.467953089194, 20.652249916564607], [-101.4679525060064, 20.652213806202894]], [[-101.4679525060064, 20.652213806202894], [-101.46791414216925, 20.652214355129477]], [[-101.46791472534781, 20.652250465492227], [-101.46791414216925, 20.652214355129477]], [[-101.46791414216925, 20.652214355129477], [-101.46787577833085, 20.652214904047543]], [[-101.46787636150037, 20.652251014411338], [-101.46787577833085, 20.652214904047543]], [[-101.46787577833085, 20.652214904047543], [-101.46783741449121, 20.652215452957094]], [[-101.4678379976517, 20.652251563321936], [-101.46783741449121, 20.652215452957094]], [[-101.46783741449121, 20.652215452957094], [-101.46779905065033, 20.652216001858136]], [[-101.46779963380176, 20.65225211222402], [-101.46779905065033, 20.652216001858136]], [[-101.46779905065033, 20.652216001858136], [-101.46776068680819, 20.65221655075066]], [[-101.46776126995057, 20.652252661117586], [-101.46776068680819, 20.65221655075066]], [[-101.46776068680819, 20.65221655075066], [-101.46772232296479, 20.652217099634665]], [[-101.46772290609813, 20.652253210002645], [-101.46772232296479, 20.652217099634665]], [[-101.46772232296479, 20.652217099634665], [-101.46768395912014, 20.65221764851016]], [[-101.46768454224444, 20.652253758879187], [-101.46768395912014, 20.65221764851016]], [[-101.46768395912014, 20.65221764851016], [-101.46764559527425, 20.65221819737714]], [[-101.46764617838951, 20.65225430774721], [-101.46764559527425, 20.65221819737714]], [[-101.46764559527425, 20.65221819737714], [-101.46760723142711, 20.65221874623561]], [[-101.46760781453332, 20.65225485660672], [-101.46760723142711, 20.65221874623561]], [[-101.46760723142711, 20.65221874623561], [-101.46756886757872, 20.652219295085562]], [[-101.46756945067588, 20.652255405457723], [-101.46756886757872, 20.652219295085562]], [[-101.46756886757872, 20.652219295085562], [-101.46753050372907, 20.652219843926996]], [[-101.4675310868172, 20.652255954300205], [-101.46753050372907, 20.652219843926996]], [[-101.46753050372907, 20.652219843926996], [-101.46749213987816, 20.652220392759926]], [[-101.46749272295726, 20.65225650313418], [-101.46749213987816, 20.652220392759926]], [[-101.46749213987816, 20.652220392759926], [-101.46745377602602, 20.65222094158434]], [[-101.46745435909607, 20.652257051959634], [-101.46745377602602, 20.65222094158434]], [[-101.46745377602602, 20.65222094158434], [-101.46741541217263, 20.652221490400237]], [[-101.46741599523364, 20.652257600776576], [-101.46741541217263, 20.652221490400237]], [[-101.46741541217263, 20.652221490400237], [-101.46737704831797, 20.652222039207626]], [[-101.46737763136993, 20.65225814958501], [-101.46737704831797, 20.652222039207626]], [[-101.46737704831797, 20.652222039207626], [-101.46733868446208, 20.652222588006495]], [[-101.467339267505, 20.65225869838492], [-101.46733868446208, 20.652222588006495]], [[-101.46733868446208, 20.652222588006495], [-101.46730032060493, 20.65222313679685]], [[-101.46730090363882, 20.65225924717632], [-101.46730032060493, 20.65222313679685]], [[-101.46730032060493, 20.65222313679685], [-101.46726195674654, 20.65222368557869]], [[-101.46726253977135, 20.652259795959207], [-101.46726195674654, 20.65222368557869]], [[-101.46726195674654, 20.65222368557869], [-101.4672235928869, 20.652224234352026]], [[-101.46722417590267, 20.652260344733584], [-101.4672235928869, 20.652224234352026]], [[-101.4672235928869, 20.652224234352026], [-101.46718522902599, 20.652224783116836]], [[-101.46718581203274, 20.65226089349945], [-101.46718522902599, 20.652224783116836]], [[-101.46718522902599, 20.652224783116836], [-101.46714686516384, 20.652225331873133]], [[-101.46714744816154, 20.652261442256783], [-101.46714686516384, 20.652225331873133]], [[-101.46714686516384, 20.652225331873133], [-101.46710850130044, 20.65222588062092]], [[-101.46710908428909, 20.652261991005616], [-101.46710850130044, 20.65222588062092]], [[-101.46710850130044, 20.65222588062092], [-101.4670701374358, 20.652226429360194]], [[-101.4670707204154, 20.652262539745937], [-101.4670701374358, 20.652226429360194]], [[-101.4670701374358, 20.652226429360194], [-101.4670317735699, 20.652226978090955]], [[-101.46703235654047, 20.65226308847774], [-101.4670317735699, 20.652226978090955]], [[-101.4670317735699, 20.652226978090955], [-101.46699340970275, 20.6522275268132]], [[-101.46699399266427, 20.65226363720103], [-101.46699340970275, 20.6522275268132]], [[-101.46699340970275, 20.6522275268132], [-101.46695504583434, 20.65222807552693]], [[-101.46695562878682, 20.652264185915804], [-101.46695504583434, 20.65222807552693]], [[-101.46695504583434, 20.65222807552693], [-101.46691668196469, 20.652228624232148]], [[-101.46691726490815, 20.65226473462207], [-101.46691668196469, 20.652228624232148]], [[-101.46691668196469, 20.652228624232148], [-101.46687831809379, 20.65222917292885]], [[-101.4668789010282, 20.652265283319814], [-101.46687831809379, 20.65222917292885]], [[-101.46687831809379, 20.65222917292885], [-101.46683995422165, 20.652229721617037]], [[-101.46684053714701, 20.65226583200905], [-101.46683995422165, 20.652229721617037]], [[-101.46683995422165, 20.652229721617037], [-101.46680159034824, 20.65223027029672]], [[-101.46680217326455, 20.652266380689767], [-101.46680159034824, 20.65223027029672]], [[-101.46680159034824, 20.65223027029672], [-101.46676322647359, 20.652230818967876]], [[-101.46676380938086, 20.652266929361975], [-101.46676322647359, 20.652230818967876]], [[-101.46676322647359, 20.652230818967876], [-101.4667248625977, 20.65223136763052]], [[-101.46672544549592, 20.652267478025667], [-101.4667248625977, 20.65223136763052]], [[-101.4667248625977, 20.65223136763052], [-101.46668649872055, 20.65223191628466]], [[-101.46668708160973, 20.652268026680844], [-101.46668649872055, 20.65223191628466]], [[-101.46668649872055, 20.65223191628466], [-101.46664813484215, 20.65223246493028]], [[-101.4666487177223, 20.65226857532751], [-101.46664813484215, 20.65223246493028]], [[-101.46664813484215, 20.65223246493028], [-101.46660977096249, 20.652233013567383]], [[-101.4666103538336, 20.652269123965663], [-101.46660977096249, 20.652233013567383]], [[-101.46660977096249, 20.652233013567383], [-101.4665714070816, 20.65223356219597]], [[-101.46657198994365, 20.6522696725953], [-101.4665714070816, 20.65223356219597]], [[-101.4665714070816, 20.65223356219597], [-101.46653304319945, 20.652234110816046]], [[-101.46653362605247, 20.652270221216416], [-101.46653304319945, 20.652234110816046]], [[-101.46653304319945, 20.652234110816046], [-101.46649467931606, 20.652234659427613]], [[-101.46649526216001, 20.652270769829027], [-101.46649467931606, 20.652234659427613]], [[-101.46649467931606, 20.652234659427613], [-101.4664563154314, 20.652235208030664]], [[-101.46645689826633, 20.652271318433122], [-101.4664563154314, 20.652235208030664]], [[-101.4664563154314, 20.652235208030664], [-101.46641795154551, 20.652235756625196]], [[-101.46641853437139, 20.652271867028702], [-101.46641795154551, 20.652235756625196]], [[-101.46641795154551, 20.652235756625196], [-101.46637958765835, 20.652236305211222]], [[-101.46638017047519, 20.65227241561577], [-101.46637958765835, 20.652236305211222]], [[-101.46637958765835, 20.652236305211222], [-101.46634122376996, 20.652236853788725]], [[-101.46634180657774, 20.65227296419432], [-101.46634122376996, 20.652236853788725]], [[-101.46634122376996, 20.652236853788725], [-101.4663028598803, 20.65223740235772]], [[-101.46630344267905, 20.652273512764364], [-101.4663028598803, 20.65223740235772]], [[-101.4663028598803, 20.65223740235772], [-101.4662644959894, 20.652237950918202]], [[-101.4662650787791, 20.652274061325883], [-101.4662644959894, 20.652237950918202]], [[-101.4662644959894, 20.652237950918202], [-101.46622613209726, 20.65223849947017]], [[-101.46622671487792, 20.65227460987889], [-101.46622613209726, 20.65223849947017]], [[-101.46622613209726, 20.65223849947017], [-101.46618776820387, 20.65223904801362]], [[-101.46618835097549, 20.65227515842339], [-101.46618776820387, 20.65223904801362]], [[-101.46618776820387, 20.65223904801362], [-101.4661494043092, 20.652239596548558]], [[-101.46614998707179, 20.652275706959372], [-101.4661494043092, 20.652239596548558]], [[-101.4661494043092, 20.652239596548558], [-101.46611104041331, 20.652240145074984]], [[-101.46611162316685, 20.652276255486836], [-101.46611104041331, 20.652240145074984]], [[-101.46611104041331, 20.652240145074984], [-101.46607267651616, 20.652240693592894]], [[-101.46607325926067, 20.652276804005798], [-101.46607267651616, 20.652240693592894]], [[-101.46607267651616, 20.652240693592894], [-101.46603431261778, 20.65224124210229]], [[-101.46603489535322, 20.652277352516236], [-101.46603431261778, 20.65224124210229]], [[-101.46603431261778, 20.65224124210229], [-101.46599594871813, 20.65224179060317]], [[-101.46599653144453, 20.652277901018163], [-101.46599594871813, 20.65224179060317]], [[-101.46599594871813, 20.65224179060317], [-101.46595758481723, 20.652242339095537]], [[-101.4659581675346, 20.652278449511574], [-101.46595758481723, 20.652242339095537]], [[-101.46595758481723, 20.652242339095537], [-101.46591922091508, 20.652242887579394]], [[-101.46591980362341, 20.652278997996472], [-101.46591922091508, 20.652242887579394]], [[-101.46591922091508, 20.652242887579394], [-101.4658808570117, 20.652243436054736]], [[-101.46588143971097, 20.652279546472855], [-101.4658808570117, 20.652243436054736]], [[-101.4658808570117, 20.652243436054736], [-101.46584249310705, 20.65224398452156]], [[-101.46584307579728, 20.652280094940725], [-101.46584249310705, 20.65224398452156]], [[-101.46584249310705, 20.65224398452156], [-101.46580412920115, 20.65224453297987]], [[-101.46580471188234, 20.652280643400083], [-101.46580412920115, 20.65224453297987]], [[-101.46580412920115, 20.65224453297987], [-101.46576576529401, 20.652245081429665]], [[-101.46576634796615, 20.65228119185093], [-101.46576576529401, 20.652245081429665]], [[-101.46576576529401, 20.652245081429665], [-101.46572740138562, 20.652245629870954]], [[-101.46572798404871, 20.65228174029325], [-101.46572740138562, 20.652245629870954]], [[-101.46572740138562, 20.652245629870954], [-101.46568903747598, 20.652246178303724]], [[-101.46568962013004, 20.65228228872707], [-101.46568903747598, 20.652246178303724]], [[-101.46568903747598, 20.652246178303724], [-101.46565067356508, 20.652246726727977]], [[-101.4656512562101, 20.65228283715237], [-101.46565067356508, 20.652246726727977]], [[-101.46565067356508, 20.652246726727977], [-101.46561230965294, 20.652247275143722]], [[-101.46561289228892, 20.65228338556916], [-101.46561230965294, 20.652247275143722]], [[-101.46561230965294, 20.652247275143722], [-101.46557394573955, 20.652247823550947]], [[-101.46557452836649, 20.65228393397743], [-101.46557394573955, 20.652247823550947]], [[-101.46557394573955, 20.652247823550947], [-101.46553558182491, 20.652248371949664]], [[-101.4655361644428, 20.65228448237719], [-101.46553558182491, 20.652248371949664]], [[-101.46553558182491, 20.652248371949664], [-101.46549721790902, 20.652248920339865]], [[-101.46549780051787, 20.652285030768436], [-101.46549721790902, 20.652248920339865]], [[-101.46549721790902, 20.652248920339865], [-101.46545885399189, 20.65224946872155]], [[-101.46545943659169, 20.652285579151165], [-101.46545885399189, 20.65224946872155]], [[-101.46545885399189, 20.65224946872155], [-101.4654204900735, 20.652250017094726]], [[-101.46542107266424, 20.65228612752538], [-101.4654204900735, 20.652250017094726]], [[-101.4654204900735, 20.652250017094726], [-101.46538212615386, 20.65225056545938]], [[-101.46538270873558, 20.652286675891084], [-101.46538212615386, 20.65225056545938]], [[-101.46538212615386, 20.65225056545938], [-101.46534376223298, 20.652251113815524]], [[-101.46534434480564, 20.65228722424827], [-101.46534376223298, 20.652251113815524]], [[-101.46534376223298, 20.652251113815524], [-101.46530539831083, 20.65225166216316]], [[-101.46530598087446, 20.652287772596946], [-101.46530539831083, 20.65225166216316]], [[-101.46530539831083, 20.65225166216316], [-101.46526703438745, 20.652252210502276]], [[-101.46526761694204, 20.65228832093711], [-101.46526703438745, 20.652252210502276]], [[-101.46526703438745, 20.652252210502276], [-101.46522867046282, 20.652252758832876]], [[-101.46522925300836, 20.652288869268755], [-101.46522867046282, 20.652252758832876]], [[-101.46522867046282, 20.652252758832876], [-101.46519030653694, 20.652253307154965]], [[-101.46519088907343, 20.652289417591884], [-101.46519030653694, 20.652253307154965]], [[-101.46519030653694, 20.652253307154965], [-101.4651519426098, 20.65225385546854]], [[-101.46515252513726, 20.652289965906505], [-101.4651519426098, 20.65225385546854]], [[-101.4651519426098, 20.65225385546854], [-101.46511357868141, 20.6522544037736]], [[-101.46511416119982, 20.65229051421261], [-101.46511357868141, 20.6522544037736]], [[-101.46511357868141, 20.6522544037736], [-101.46507521475178, 20.652254952070145]], [[-101.46507579726116, 20.652291062510198], [-101.46507521475178, 20.652254952070145]], [[-101.46507521475178, 20.652254952070145], [-101.46503685082091, 20.65225550035818]], [[-101.46503743332123, 20.652291610799274], [-101.46503685082091, 20.65225550035818]], [[-101.4679525060064, 20.652213806202894], [-101.46795192282003, 20.65217769584103]], [[-101.46795192282003, 20.65217769584103], [-101.46791355899194, 20.652178244766564]], [[-101.46791414216925, 20.652214355129477], [-101.46791355899194, 20.652178244766564]], [[-101.46791355899194, 20.652178244766564], [-101.46787519516259, 20.652178793683586]], [[-101.46787577833085, 20.652214904047543], [-101.46787519516259, 20.652178793683586]], [[-101.46787519516259, 20.652178793683586], [-101.467836831332, 20.652179342592085]], [[-101.46783741449121, 20.652215452957094], [-101.467836831332, 20.652179342592085]], [[-101.467836831332, 20.652179342592085], [-101.46779846750015, 20.65217989149208]], [[-101.46779905065033, 20.652216001858136], [-101.46779846750015, 20.65217989149208]], [[-101.46779846750015, 20.65217989149208], [-101.46776010366705, 20.65218044038356]], [[-101.46776068680819, 20.65221655075066], [-101.46776010366705, 20.65218044038356]], [[-101.46776010366705, 20.65218044038356], [-101.4677217398327, 20.652180989266526]], [[-101.46772232296479, 20.652217099634665], [-101.4677217398327, 20.652180989266526]], [[-101.4677217398327, 20.652180989266526], [-101.4676833759971, 20.652181538140976]], [[-101.46768395912014, 20.65221764851016], [-101.4676833759971, 20.652181538140976]], [[-101.4676833759971, 20.652181538140976], [-101.46764501216023, 20.65218208700691]], [[-101.46764559527425, 20.65221819737714], [-101.46764501216023, 20.65218208700691]], [[-101.46764501216023, 20.65218208700691], [-101.46760664832215, 20.65218263586433]], [[-101.46760723142711, 20.65221874623561], [-101.46760664832215, 20.65218263586433]], [[-101.46760664832215, 20.65218263586433], [-101.4675682844828, 20.652183184713245]], [[-101.46756886757872, 20.652219295085562], [-101.4675682844828, 20.652183184713245]], [[-101.4675682844828, 20.652183184713245], [-101.46752992064219, 20.65218373355364]], [[-101.46753050372907, 20.652219843926996], [-101.46752992064219, 20.65218373355364]], [[-101.46752992064219, 20.65218373355364], [-101.46749155680034, 20.652184282385516]], [[-101.46749213987816, 20.652220392759926], [-101.46749155680034, 20.652184282385516]], [[-101.46749155680034, 20.652184282385516], [-101.46745319295724, 20.65218483120889]], [[-101.46745377602602, 20.65222094158434], [-101.46745319295724, 20.65218483120889]], [[-101.46745319295724, 20.65218483120889], [-101.46741482911287, 20.652185380023738]], [[-101.46741541217263, 20.652221490400237], [-101.46741482911287, 20.652185380023738]], [[-101.46741482911287, 20.652185380023738], [-101.46737646526726, 20.652185928830075]], [[-101.46737704831797, 20.652222039207626], [-101.46737646526726, 20.652185928830075]], [[-101.46737646526726, 20.652185928830075], [-101.46733810142041, 20.652186477627904]], [[-101.46733868446208, 20.652222588006495], [-101.46733810142041, 20.652186477627904]], [[-101.46733810142041, 20.652186477627904], [-101.46729973757232, 20.652187026417213]], [[-101.46730032060493, 20.65222313679685], [-101.46729973757232, 20.652187026417213]], [[-101.46729973757232, 20.652187026417213], [-101.46726137372296, 20.652187575198017]], [[-101.46726195674654, 20.65222368557869], [-101.46726137372296, 20.652187575198017]], [[-101.46726137372296, 20.652187575198017], [-101.46722300987236, 20.652188123970298]], [[-101.4672235928869, 20.652224234352026], [-101.46722300987236, 20.652188123970298]], [[-101.46722300987236, 20.652188123970298], [-101.4671846460205, 20.652188672734063]], [[-101.46718522902599, 20.652224783116836], [-101.4671846460205, 20.652188672734063]], [[-101.4671846460205, 20.652188672734063], [-101.46714628216739, 20.65218922148932]], [[-101.46714686516384, 20.652225331873133], [-101.46714628216739, 20.65218922148932]], [[-101.46714628216739, 20.65218922148932], [-101.46710791831303, 20.65218977023606]], [[-101.46710850130044, 20.65222588062092], [-101.46710791831303, 20.65218977023606]], [[-101.46710791831303, 20.65218977023606], [-101.46706955445744, 20.65219031897429]], [[-101.4670701374358, 20.652226429360194], [-101.46706955445744, 20.65219031897429]], [[-101.46706955445744, 20.65219031897429], [-101.46703119060057, 20.652190867704007]], [[-101.4670317735699, 20.652226978090955], [-101.46703119060057, 20.652190867704007]], [[-101.46703119060057, 20.652190867704007], [-101.46699282674247, 20.652191416425204]], [[-101.46699340970275, 20.6522275268132], [-101.46699282674247, 20.652191416425204]], [[-101.46699282674247, 20.652191416425204], [-101.46695446288311, 20.65219196513789]], [[-101.46695504583434, 20.65222807552693], [-101.46695446288311, 20.65219196513789]], [[-101.46695446288311, 20.65219196513789], [-101.4669160990225, 20.652192513842067]], [[-101.46691668196469, 20.652228624232148], [-101.4669160990225, 20.652192513842067]], [[-101.4669160990225, 20.652192513842067], [-101.46687773516065, 20.652193062537723]], [[-101.46687831809379, 20.65222917292885], [-101.46687773516065, 20.652193062537723]], [[-101.46687773516065, 20.652193062537723], [-101.46683937129754, 20.65219361122487]], [[-101.46683995422165, 20.652229721617037], [-101.46683937129754, 20.65219361122487]], [[-101.46683937129754, 20.65219361122487], [-101.46680100743318, 20.65219415990349]], [[-101.46680159034824, 20.65223027029672], [-101.46680100743318, 20.65219415990349]], [[-101.46680100743318, 20.65219415990349], [-101.46676264356758, 20.65219470857361]], [[-101.46676322647359, 20.652230818967876], [-101.46676264356758, 20.65219470857361]], [[-101.46676264356758, 20.65219470857361], [-101.46672427970073, 20.652195257235217]], [[-101.4667248625977, 20.65223136763052], [-101.46672427970073, 20.652195257235217]], [[-101.46672427970073, 20.652195257235217], [-101.46668591583261, 20.652195805888304]], [[-101.46668649872055, 20.65223191628466], [-101.46668591583261, 20.652195805888304]], [[-101.46668591583261, 20.652195805888304], [-101.46664755196325, 20.65219635453288]], [[-101.46664813484215, 20.65223246493028], [-101.46664755196325, 20.65219635453288]], [[-101.46664755196325, 20.65219635453288], [-101.46660918809265, 20.652196903168935]], [[-101.46660977096249, 20.652233013567383], [-101.46660918809265, 20.652196903168935]], [[-101.46660918809265, 20.652196903168935], [-101.4665708242208, 20.65219745179649]], [[-101.4665714070816, 20.65223356219597], [-101.4665708242208, 20.65219745179649]], [[-101.4665708242208, 20.65219745179649], [-101.46653246034768, 20.65219800041552]], [[-101.46653304319945, 20.652234110816046], [-101.46653246034768, 20.65219800041552]], [[-101.46653246034768, 20.65219800041552], [-101.46649409647334, 20.652198549026036]], [[-101.46649467931606, 20.652234659427613], [-101.46649409647334, 20.652198549026036]], [[-101.46649409647334, 20.652198549026036], [-101.46645573259772, 20.652199097628042]], [[-101.4664563154314, 20.652235208030664], [-101.46645573259772, 20.652199097628042]], [[-101.46645573259772, 20.652199097628042], [-101.46641736872087, 20.652199646221533]], [[-101.46641795154551, 20.652235756625196], [-101.46641736872087, 20.652199646221533]], [[-101.46641736872087, 20.652199646221533], [-101.46637900484276, 20.65220019480651]], [[-101.46637958765835, 20.652236305211222], [-101.46637900484276, 20.65220019480651]], [[-101.46637900484276, 20.65220019480651], [-101.46634064096341, 20.65220074338297]], [[-101.46634122376996, 20.652236853788725], [-101.46634064096341, 20.65220074338297]], [[-101.46634064096341, 20.65220074338297], [-101.4663022770828, 20.652201291950927]], [[-101.4663028598803, 20.65223740235772], [-101.4663022770828, 20.652201291950927]], [[-101.4663022770828, 20.652201291950927], [-101.46626391320096, 20.652201840510358]], [[-101.4662644959894, 20.652237950918202], [-101.46626391320096, 20.652201840510358]], [[-101.46626391320096, 20.652201840510358], [-101.46622554931784, 20.652202389061276]], [[-101.46622613209726, 20.65223849947017], [-101.46622554931784, 20.652202389061276]], [[-101.46622554931784, 20.652202389061276], [-101.46618718543348, 20.65220293760369]], [[-101.46618776820387, 20.65223904801362], [-101.46618718543348, 20.65220293760369]], [[-101.46618718543348, 20.65220293760369], [-101.46614882154788, 20.652203486137584]], [[-101.4661494043092, 20.652239596548558], [-101.46614882154788, 20.652203486137584]], [[-101.46614882154788, 20.652203486137584], [-101.46611045766103, 20.65220403466296]], [[-101.46611104041331, 20.652240145074984], [-101.46611045766103, 20.65220403466296]], [[-101.46611045766103, 20.65220403466296], [-101.46607209377294, 20.652204583179827]], [[-101.46607267651616, 20.652240693592894], [-101.46607209377294, 20.652204583179827]], [[-101.46607209377294, 20.652204583179827], [-101.46603372988358, 20.65220513168818]], [[-101.46603431261778, 20.65224124210229], [-101.46603372988358, 20.65220513168818]], [[-101.46603372988358, 20.65220513168818], [-101.46599536599297, 20.652205680188015]], [[-101.46599594871813, 20.65224179060317], [-101.46599536599297, 20.652205680188015]], [[-101.46599536599297, 20.652205680188015], [-101.46595700210112, 20.65220622867934]], [[-101.46595758481723, 20.652242339095537], [-101.46595700210112, 20.65220622867934]], [[-101.46595700210112, 20.65220622867934], [-101.46591863820802, 20.65220677716215]], [[-101.46591922091508, 20.652242887579394], [-101.46591863820802, 20.65220677716215]], [[-101.46591863820802, 20.65220677716215], [-101.46588027431366, 20.652207325636446]], [[-101.4658808570117, 20.652243436054736], [-101.46588027431366, 20.652207325636446]], [[-101.46588027431366, 20.652207325636446], [-101.46584191041806, 20.652207874102228]], [[-101.46584249310705, 20.65224398452156], [-101.46584191041806, 20.652207874102228]], [[-101.46584191041806, 20.652207874102228], [-101.46580354652122, 20.652208422559497]], [[-101.46580412920115, 20.65224453297987], [-101.46580354652122, 20.652208422559497]], [[-101.46580354652122, 20.652208422559497], [-101.4657651826231, 20.65220897100825]], [[-101.46576576529401, 20.652245081429665], [-101.4657651826231, 20.65220897100825]], [[-101.4657651826231, 20.65220897100825], [-101.46572681872377, 20.652209519448487]], [[-101.46572740138562, 20.652245629870954], [-101.46572681872377, 20.652209519448487]], [[-101.46572681872377, 20.652209519448487], [-101.46568845482315, 20.652210067880215]], [[-101.46568903747598, 20.652246178303724], [-101.46568845482315, 20.652210067880215]], [[-101.46568845482315, 20.652210067880215], [-101.46565009092132, 20.652210616303428]], [[-101.46565067356508, 20.652246726727977], [-101.46565009092132, 20.652210616303428]], [[-101.46565009092132, 20.652210616303428], [-101.46561172701823, 20.65221116471813]], [[-101.46561230965294, 20.652247275143722], [-101.46561172701823, 20.65221116471813]], [[-101.46561172701823, 20.65221116471813], [-101.46557336311386, 20.652211713124313]], [[-101.46557394573955, 20.652247823550947], [-101.46557336311386, 20.652211713124313]], [[-101.46557336311386, 20.652211713124313], [-101.46553499920827, 20.65221226152198]], [[-101.46553558182491, 20.652248371949664], [-101.46553499920827, 20.65221226152198]], [[-101.46553499920827, 20.65221226152198], [-101.46549663530142, 20.65221280991114]], [[-101.46549721790902, 20.652248920339865], [-101.46549663530142, 20.65221280991114]], [[-101.46549663530142, 20.65221280991114], [-101.46545827139333, 20.652213358291778]], [[-101.46545885399189, 20.65224946872155], [-101.46545827139333, 20.652213358291778]], [[-101.46545827139333, 20.652213358291778], [-101.46541990748398, 20.65221390666391]], [[-101.4654204900735, 20.652250017094726], [-101.46541990748398, 20.65221390666391]], [[-101.46541990748398, 20.65221390666391], [-101.46538154357339, 20.652214455027522]], [[-101.46538212615386, 20.65225056545938], [-101.46538154357339, 20.652214455027522]], [[-101.46538154357339, 20.652214455027522], [-101.46534317966155, 20.652215003382626]], [[-101.46534376223298, 20.652251113815524], [-101.46534317966155, 20.652215003382626]], [[-101.46534317966155, 20.652215003382626], [-101.46530481574845, 20.652215551729206]], [[-101.46530539831083, 20.65225166216316], [-101.46530481574845, 20.652215551729206]], [[-101.46530481574845, 20.652215551729206], [-101.46526645183411, 20.652216100067278]], [[-101.46526703438745, 20.652252210502276], [-101.46526645183411, 20.652216100067278]], [[-101.46526645183411, 20.652216100067278], [-101.46522808791852, 20.65221664839684]], [[-101.46522867046282, 20.652252758832876], [-101.46522808791852, 20.65221664839684]], [[-101.46522808791852, 20.65221664839684], [-101.46518972400168, 20.652217196717885]], [[-101.46519030653694, 20.652253307154965], [-101.46518972400168, 20.652217196717885]], [[-101.46518972400168, 20.652217196717885], [-101.4651513600836, 20.652217745030413]], [[-101.4651519426098, 20.65225385546854], [-101.4651513600836, 20.652217745030413]], [[-101.4651513600836, 20.652217745030413], [-101.46511299616425, 20.652218293334435]], [[-101.46511357868141, 20.6522544037736], [-101.46511299616425, 20.652218293334435]], [[-101.46511299616425, 20.652218293334435], [-101.46507463224366, 20.652218841629935]], [[-101.46507521475178, 20.652254952070145], [-101.46507463224366, 20.652218841629935]], [[-101.46507463224366, 20.652218841629935], [-101.46503626832182, 20.65221938991692]], [[-101.46503685082091, 20.65225550035818], [-101.46503626832182, 20.65221938991692]], [[-101.46799028664688, 20.65217714690698], [-101.46795192282003, 20.65217769584103]], [[-101.46799028664688, 20.65217714690698], [-101.46798970345274, 20.652141036545988]], [[-101.46798970345274, 20.652141036545988], [-101.46795133963494, 20.65214158547899]], [[-101.46795192282003, 20.65217769584103], [-101.46795133963494, 20.65214158547899]], [[-101.46795133963494, 20.65214158547899], [-101.46791297581588, 20.65214213440348]], [[-101.46791355899194, 20.652178244766564], [-101.46791297581588, 20.65214213440348]], [[-101.46791297581588, 20.65214213440348], [-101.46787461199558, 20.652142683319454]], [[-101.46787519516259, 20.652178793683586], [-101.46787461199558, 20.652142683319454]], [[-101.46787461199558, 20.652142683319454], [-101.46783624817402, 20.652143232226912]], [[-101.467836831332, 20.652179342592085], [-101.46783624817402, 20.652143232226912]], [[-101.46783624817402, 20.652143232226912], [-101.46779788435121, 20.65214378112586]], [[-101.46779846750015, 20.65217989149208], [-101.46779788435121, 20.65214378112586]], [[-101.46779788435121, 20.65214378112586], [-101.46775952052715, 20.65214433001629]], [[-101.46776010366705, 20.65218044038356], [-101.46775952052715, 20.65214433001629]], [[-101.46775952052715, 20.65214433001629], [-101.46772115670186, 20.652144878898213]], [[-101.4677217398327, 20.652180989266526], [-101.46772115670186, 20.652144878898213]], [[-101.46772115670186, 20.652144878898213], [-101.4676827928753, 20.652145427771618]], [[-101.4676833759971, 20.652181538140976], [-101.4676827928753, 20.652145427771618]], [[-101.4676827928753, 20.652145427771618], [-101.46764442904748, 20.652145976636515]], [[-101.46764501216023, 20.65218208700691], [-101.46764442904748, 20.652145976636515]], [[-101.46764442904748, 20.652145976636515], [-101.46760606521842, 20.652146525492885]], [[-101.46760664832215, 20.65218263586433], [-101.46760606521842, 20.652146525492885]], [[-101.46760606521842, 20.652146525492885], [-101.46756770138812, 20.652147074340753]], [[-101.4675682844828, 20.652183184713245], [-101.46756770138812, 20.652147074340753]], [[-101.46756770138812, 20.652147074340753], [-101.46752933755656, 20.652147623180095]], [[-101.46752992064219, 20.65218373355364], [-101.46752933755656, 20.652147623180095]], [[-101.46752933755656, 20.652147623180095], [-101.46749097372374, 20.65214817201094]], [[-101.46749155680034, 20.652184282385516], [-101.46749097372374, 20.65214817201094]], [[-101.46749097372374, 20.65214817201094], [-101.46745260988968, 20.652148720833257]], [[-101.46745319295724, 20.65218483120889], [-101.46745260988968, 20.652148720833257]], [[-101.46745260988968, 20.652148720833257], [-101.46741424605437, 20.652149269647072]], [[-101.46741482911287, 20.652185380023738], [-101.46741424605437, 20.652149269647072]], [[-101.46741424605437, 20.652149269647072], [-101.46737588221782, 20.65214981845236]], [[-101.46737646526726, 20.652185928830075], [-101.46737588221782, 20.65214981845236]], [[-101.46737588221782, 20.65214981845236], [-101.46733751837999, 20.652150367249142]], [[-101.46733810142041, 20.652186477627904], [-101.46733751837999, 20.652150367249142]], [[-101.46733751837999, 20.652150367249142], [-101.46729915454094, 20.652150916037414]], [[-101.46729973757232, 20.652187026417213], [-101.46729915454094, 20.652150916037414]], [[-101.46729915454094, 20.652150916037414], [-101.46726079070064, 20.652151464817162]], [[-101.46726137372296, 20.652187575198017], [-101.46726079070064, 20.652151464817162]], [[-101.46726079070064, 20.652151464817162], [-101.46722242685907, 20.652152013588402]], [[-101.46722300987236, 20.652188123970298], [-101.46722242685907, 20.652152013588402]], [[-101.46722242685907, 20.652152013588402], [-101.46718406301625, 20.652152562351123]], [[-101.4671846460205, 20.652188672734063], [-101.46718406301625, 20.652152562351123]], [[-101.46718406301625, 20.652152562351123], [-101.46714569917219, 20.652153111105335]], [[-101.46714628216739, 20.65218922148932], [-101.46714569917219, 20.652153111105335]], [[-101.46714569917219, 20.652153111105335], [-101.46710733532689, 20.65215365985103]], [[-101.46710791831303, 20.65218977023606], [-101.46710733532689, 20.65215365985103]], [[-101.46710733532689, 20.65215365985103], [-101.46706897148032, 20.652154208588215]], [[-101.46706955445744, 20.65219031897429], [-101.46706897148032, 20.652154208588215]], [[-101.46706897148032, 20.652154208588215], [-101.46703060763251, 20.652154757316882]], [[-101.46703119060057, 20.652190867704007], [-101.46703060763251, 20.652154757316882]], [[-101.46703060763251, 20.652154757316882], [-101.46699224378344, 20.652155306037038]], [[-101.46699282674247, 20.652191416425204], [-101.46699224378344, 20.652155306037038]], [[-101.46699224378344, 20.652155306037038], [-101.46695387993311, 20.652155854748685]], [[-101.46695446288311, 20.65219196513789], [-101.46695387993311, 20.652155854748685]], [[-101.46695387993311, 20.652155854748685], [-101.46691551608156, 20.65215640345181]], [[-101.4669160990225, 20.652192513842067], [-101.46691551608156, 20.65215640345181]], [[-101.46691551608156, 20.65215640345181], [-101.46687715222876, 20.652156952146424]], [[-101.46687773516065, 20.652193062537723], [-101.46687715222876, 20.652156952146424]], [[-101.46687715222876, 20.652156952146424], [-101.46683878837469, 20.65215750083252]], [[-101.46683937129754, 20.65219361122487], [-101.46683878837469, 20.65215750083252]], [[-101.46683878837469, 20.65215750083252], [-101.46680042451938, 20.65215804951011]], [[-101.46680100743318, 20.65219415990349], [-101.46680042451938, 20.65215804951011]], [[-101.46680042451938, 20.65215804951011], [-101.46676206066282, 20.652158598179177]], [[-101.46676264356758, 20.65219470857361], [-101.46676206066282, 20.652158598179177]], [[-101.46676206066282, 20.652158598179177], [-101.46672369680499, 20.652159146839736]], [[-101.46672427970073, 20.652195257235217], [-101.46672369680499, 20.652159146839736]], [[-101.46672369680499, 20.652159146839736], [-101.46668533294593, 20.65215969549178]], [[-101.46668591583261, 20.652195805888304], [-101.46668533294593, 20.65215969549178]], [[-101.46668533294593, 20.65215969549178], [-101.46664696908562, 20.65216024413531]], [[-101.46664755196325, 20.65219635453288], [-101.46664696908562, 20.65216024413531]], [[-101.46664696908562, 20.65216024413531], [-101.46660860522405, 20.652160792770328]], [[-101.46660918809265, 20.652196903168935], [-101.46660860522405, 20.652160792770328]], [[-101.46660860522405, 20.652160792770328], [-101.46657024136124, 20.65216134139683]], [[-101.4665708242208, 20.65219745179649], [-101.46657024136124, 20.65216134139683]], [[-101.46657024136124, 20.65216134139683], [-101.46653187749719, 20.65216189001482]], [[-101.46653246034768, 20.65219800041552], [-101.46653187749719, 20.65216189001482]], [[-101.46653187749719, 20.65216189001482], [-101.46649351363187, 20.65216243862429]], [[-101.46649409647334, 20.652198549026036], [-101.46649351363187, 20.65216243862429]], [[-101.46649351363187, 20.65216243862429], [-101.4664551497653, 20.652162987225253]], [[-101.46645573259772, 20.652199097628042], [-101.4664551497653, 20.652162987225253]], [[-101.4664551497653, 20.652162987225253], [-101.4664167858975, 20.652163535817696]], [[-101.46641736872087, 20.652199646221533], [-101.4664167858975, 20.652163535817696]], [[-101.4664167858975, 20.652163535817696], [-101.46637842202843, 20.652164084401633]], [[-101.46637900484276, 20.65220019480651], [-101.46637842202843, 20.652164084401633]], [[-101.46637842202843, 20.652164084401633], [-101.46634005815811, 20.65216463297705]], [[-101.46634064096341, 20.65220074338297], [-101.46634005815811, 20.65216463297705]], [[-101.46634005815811, 20.65216463297705], [-101.46630169428656, 20.652165181543953]], [[-101.4663022770828, 20.652201291950927], [-101.46630169428656, 20.652165181543953]], [[-101.46630169428656, 20.652165181543953], [-101.46626333041374, 20.652165730102347]], [[-101.46626391320096, 20.652201840510358], [-101.46626333041374, 20.652165730102347]], [[-101.46626333041374, 20.652165730102347], [-101.46622496653968, 20.65216627865222]], [[-101.46622554931784, 20.652202389061276], [-101.46622496653968, 20.65216627865222]], [[-101.46622496653968, 20.65216627865222], [-101.46618660266437, 20.65216682719359]], [[-101.46618718543348, 20.65220293760369], [-101.46618660266437, 20.65216682719359]], [[-101.46618660266437, 20.65216682719359], [-101.46614823878781, 20.65216737572644]], [[-101.46614882154788, 20.652203486137584], [-101.46614823878781, 20.65216737572644]], [[-101.46614823878781, 20.65216737572644], [-101.46610987490999, 20.65216792425077]], [[-101.46611045766103, 20.65220403466296], [-101.46610987490999, 20.65216792425077]], [[-101.46610987490999, 20.65216792425077], [-101.46607151103093, 20.65216847276659]], [[-101.46607209377294, 20.652204583179827], [-101.46607151103093, 20.65216847276659]], [[-101.46607151103093, 20.65216847276659], [-101.46603314715063, 20.6521690212739]], [[-101.46603372988358, 20.65220513168818], [-101.46603314715063, 20.6521690212739]], [[-101.46603314715063, 20.6521690212739], [-101.46599478326907, 20.652169569772692]], [[-101.46599536599297, 20.652205680188015], [-101.46599478326907, 20.652169569772692]], [[-101.46599478326907, 20.652169569772692], [-101.46595641938626, 20.652170118262973]], [[-101.46595700210112, 20.65220622867934], [-101.46595641938626, 20.652170118262973]], [[-101.46595641938626, 20.652170118262973], [-101.4659180555022, 20.652170666744734]], [[-101.46591863820802, 20.65220677716215], [-101.4659180555022, 20.652170666744734]], [[-101.4659180555022, 20.652170666744734], [-101.46587969161688, 20.652171215217987]], [[-101.46588027431366, 20.652207325636446], [-101.46587969161688, 20.652171215217987]], [[-101.46587969161688, 20.652171215217987], [-101.46584132773033, 20.652171763682727]], [[-101.46584191041806, 20.652207874102228], [-101.46584132773033, 20.652171763682727]], [[-101.46584132773033, 20.652171763682727], [-101.46580296384252, 20.65217231213895]], [[-101.46580354652122, 20.652208422559497], [-101.46580296384252, 20.65217231213895]], [[-101.46580296384252, 20.65217231213895], [-101.46576459995347, 20.652172860586663]], [[-101.4657651826231, 20.65220897100825], [-101.46576459995347, 20.652172860586663]], [[-101.46576459995347, 20.652172860586663], [-101.46572623606315, 20.65217340902585]], [[-101.46572681872377, 20.652209519448487], [-101.46572623606315, 20.65217340902585]], [[-101.46572623606315, 20.65217340902585], [-101.46568787217161, 20.652173957456537]], [[-101.46568845482315, 20.652210067880215], [-101.46568787217161, 20.652173957456537]], [[-101.46568787217161, 20.652173957456537], [-101.4656495082788, 20.6521745058787]], [[-101.46565009092132, 20.652210616303428], [-101.4656495082788, 20.6521745058787]], [[-101.4656495082788, 20.6521745058787], [-101.46561114438474, 20.652175054292357]], [[-101.46561172701823, 20.65221116471813], [-101.46561114438474, 20.652175054292357]], [[-101.46561114438474, 20.652175054292357], [-101.46557278048944, 20.652175602697497]], [[-101.46557336311386, 20.652211713124313], [-101.46557278048944, 20.652175602697497]], [[-101.46557278048944, 20.652175602697497], [-101.46553441659287, 20.65217615109412]], [[-101.46553499920827, 20.65221226152198], [-101.46553441659287, 20.65217615109412]], [[-101.46553441659287, 20.65217615109412], [-101.46549605269507, 20.652176699482236]], [[-101.46549663530142, 20.65221280991114], [-101.46549605269507, 20.652176699482236]], [[-101.46549605269507, 20.652176699482236], [-101.46545768879604, 20.652177247861832]], [[-101.46545827139333, 20.652213358291778], [-101.46545768879604, 20.652177247861832]], [[-101.46545768879604, 20.652177247861832], [-101.46541932489572, 20.65217779623292]], [[-101.46541990748398, 20.65221390666391], [-101.46541932489572, 20.65217779623292]], [[-101.46541932489572, 20.65217779623292], [-101.46538096099418, 20.652178344595487]], [[-101.46538154357339, 20.652214455027522], [-101.46538096099418, 20.652178344595487]], [[-101.46538096099418, 20.652178344595487], [-101.46534259709138, 20.652178892949546]], [[-101.46534317966155, 20.652215003382626], [-101.46534259709138, 20.652178892949546]], [[-101.46534259709138, 20.652178892949546], [-101.46530423318733, 20.65217944129509]], [[-101.46530481574845, 20.652215551729206], [-101.46530423318733, 20.65217944129509]], [[-101.46530423318733, 20.65217944129509], [-101.46526586928202, 20.65217998963212]], [[-101.46526645183411, 20.652216100067278], [-101.46526586928202, 20.65217998963212]], [[-101.46526586928202, 20.65217998963212], [-101.46522750537548, 20.65218053796063]], [[-101.46522808791852, 20.65221664839684], [-101.46522750537548, 20.65218053796063]], [[-101.46522750537548, 20.65218053796063], [-101.46518914146769, 20.652181086280628]], [[-101.46518972400168, 20.652217196717885], [-101.46518914146769, 20.652181086280628]], [[-101.46518914146769, 20.652181086280628], [-101.46515077755863, 20.652181634592118]], [[-101.4651513600836, 20.652217745030413], [-101.46515077755863, 20.652181634592118]], [[-101.46515077755863, 20.652181634592118], [-101.46511241364833, 20.65218218289509]], [[-101.46511299616425, 20.652218293334435], [-101.46511241364833, 20.65218218289509]], [[-101.46511241364833, 20.65218218289509], [-101.46507404973678, 20.652182731189548]], [[-101.46507463224366, 20.652218841629935], [-101.46507404973678, 20.652182731189548]], [[-101.46507404973678, 20.652182731189548], [-101.46503568582399, 20.652183279475494]], [[-101.46503626832182, 20.65221938991692], [-101.46503568582399, 20.652183279475494]], [[-101.46798970345274, 20.652141036545988], [-101.46798912025984, 20.652104926184833]], [[-101.46798912025984, 20.652104926184833], [-101.46795075645107, 20.652105475116787]], [[-101.46795133963494, 20.65214158547899], [-101.46795075645107, 20.652105475116787]], [[-101.46795075645107, 20.652105475116787], [-101.46791239264107, 20.65210602404023]], [[-101.46791297581588, 20.65214213440348], [-101.46791239264107, 20.65210602404023]], [[-101.46791239264107, 20.65210602404023], [-101.46787402882981, 20.65210657295516]], [[-101.46787461199558, 20.652142683319454], [-101.46787402882981, 20.65210657295516]], [[-101.46787402882981, 20.65210657295516], [-101.46783566501729, 20.652107121861576]], [[-101.46783624817402, 20.652143232226912], [-101.46783566501729, 20.652107121861576]], [[-101.46783566501729, 20.652107121861576], [-101.46779730120353, 20.652107670759474]], [[-101.46779788435121, 20.65214378112586], [-101.46779730120353, 20.652107670759474]], [[-101.46779730120353, 20.652107670759474], [-101.46775893738852, 20.652108219648863]], [[-101.46775952052715, 20.65214433001629], [-101.46775893738852, 20.652108219648863]], [[-101.46775893738852, 20.652108219648863], [-101.46772057357225, 20.652108768529743]], [[-101.46772115670186, 20.652144878898213], [-101.46772057357225, 20.652108768529743]], [[-101.46772057357225, 20.652108768529743], [-101.46768220975474, 20.6521093174021]], [[-101.4676827928753, 20.652145427771618], [-101.46768220975474, 20.6521093174021]], [[-101.46768220975474, 20.6521093174021], [-101.46764384593598, 20.652109866265945]], [[-101.46764442904748, 20.652145976636515], [-101.46764384593598, 20.652109866265945]], [[-101.46764384593598, 20.652109866265945], [-101.46760548211596, 20.65211041512128]], [[-101.46760606521842, 20.652146525492885], [-101.46760548211596, 20.65211041512128]], [[-101.46760548211596, 20.65211041512128], [-101.46756711829468, 20.6521109639681]], [[-101.46756770138812, 20.652147074340753], [-101.46756711829468, 20.6521109639681]], [[-101.46756711829468, 20.6521109639681], [-101.46752875447217, 20.652111512806403]], [[-101.46752933755656, 20.652147623180095], [-101.46752875447217, 20.652111512806403]], [[-101.46752875447217, 20.652111512806403], [-101.46749039064841, 20.652112061636196]], [[-101.46749097372374, 20.65214817201094], [-101.46749039064841, 20.652112061636196]], [[-101.46749039064841, 20.652112061636196], [-101.46745202682338, 20.65211261045747]], [[-101.46745260988968, 20.652148720833257], [-101.46745202682338, 20.65211261045747]], [[-101.46745202682338, 20.65211261045747], [-101.46741366299712, 20.652113159270233]], [[-101.46741424605437, 20.652149269647072], [-101.46741366299712, 20.652113159270233]], [[-101.46741366299712, 20.652113159270233], [-101.4673752991696, 20.652113708074484]], [[-101.46737588221782, 20.65214981845236], [-101.4673752991696, 20.652113708074484]], [[-101.4673752991696, 20.652113708074484], [-101.46733693534084, 20.65211425687022]], [[-101.46733751837999, 20.652150367249142], [-101.46733693534084, 20.65211425687022]], [[-101.46733693534084, 20.65211425687022], [-101.46729857151082, 20.65211480565744]], [[-101.46729915454094, 20.652150916037414], [-101.46729857151082, 20.65211480565744]], [[-101.46729857151082, 20.65211480565744], [-101.46726020767954, 20.65211535443614]], [[-101.46726079070064, 20.652151464817162], [-101.46726020767954, 20.65211535443614]], [[-101.46726020767954, 20.65211535443614], [-101.46722184384704, 20.652115903206337]], [[-101.46722242685907, 20.652152013588402], [-101.46722184384704, 20.652115903206337]], [[-101.46722184384704, 20.652115903206337], [-101.46718348001326, 20.652116451968023]], [[-101.46718406301625, 20.652152562351123], [-101.46718348001326, 20.652116451968023]], [[-101.46718348001326, 20.652116451968023], [-101.46714511617824, 20.652117000721187]], [[-101.46714569917219, 20.652153111105335], [-101.46714511617824, 20.652117000721187]], [[-101.46714511617824, 20.652117000721187], [-101.46710675234198, 20.652117549465842]], [[-101.46710733532689, 20.65215365985103], [-101.46710675234198, 20.652117549465842]], [[-101.46710675234198, 20.652117549465842], [-101.46706838850446, 20.652118098201974]], [[-101.46706897148032, 20.652154208588215], [-101.46706838850446, 20.652118098201974]], [[-101.46706838850446, 20.652118098201974], [-101.46703002466569, 20.652118646929605]], [[-101.46703060763251, 20.652154757316882], [-101.46703002466569, 20.652118646929605]], [[-101.46703002466569, 20.652118646929605], [-101.46699166082566, 20.652119195648712]], [[-101.46699224378344, 20.652155306037038], [-101.46699166082566, 20.652119195648712]], [[-101.46699166082566, 20.652119195648712], [-101.4669532969844, 20.652119744359307]], [[-101.46695387993311, 20.652155854748685], [-101.4669532969844, 20.652119744359307]], [[-101.4669532969844, 20.652119744359307], [-101.46691493314187, 20.65212029306139]], [[-101.46691551608156, 20.65215640345181], [-101.46691493314187, 20.65212029306139]], [[-101.46691493314187, 20.65212029306139], [-101.46687656929811, 20.65212084175496]], [[-101.46687715222876, 20.652156952146424], [-101.46687656929811, 20.65212084175496]], [[-101.46687656929811, 20.65212084175496], [-101.46683820545309, 20.652121390440012]], [[-101.46683878837469, 20.65215750083252], [-101.46683820545309, 20.652121390440012]], [[-101.46683820545309, 20.652121390440012], [-101.46679984160681, 20.652121939116558]], [[-101.46680042451938, 20.65215804951011], [-101.46679984160681, 20.652121939116558]], [[-101.46679984160681, 20.652121939116558], [-101.46676147775929, 20.652122487784585]], [[-101.46676206066282, 20.652158598179177], [-101.46676147775929, 20.652122487784585]], [[-101.46676147775929, 20.652122487784585], [-101.46672311391052, 20.6521230364441]], [[-101.46672369680499, 20.652159146839736], [-101.46672311391052, 20.6521230364441]], [[-101.46672311391052, 20.6521230364441], [-101.4666847500605, 20.652123585095094]], [[-101.46668533294593, 20.65215969549178], [-101.4666847500605, 20.652123585095094]], [[-101.4666847500605, 20.652123585095094], [-101.46664638620922, 20.65212413373758]], [[-101.46664696908562, 20.65216024413531], [-101.46664638620922, 20.65212413373758]], [[-101.46664638620922, 20.65212413373758], [-101.46660802235671, 20.652124682371554]], [[-101.46660860522405, 20.652160792770328], [-101.46660802235671, 20.652124682371554]], [[-101.46660802235671, 20.652124682371554], [-101.46656965850293, 20.652125230997015]], [[-101.46657024136124, 20.65216134139683], [-101.46656965850293, 20.652125230997015]], [[-101.46656965850293, 20.652125230997015], [-101.46653129464792, 20.65212577961395]], [[-101.46653187749719, 20.65216189001482], [-101.46653129464792, 20.65212577961395]], [[-101.46653129464792, 20.65212577961395], [-101.46649293079165, 20.652126328222383]], [[-101.46649351363187, 20.65216243862429], [-101.46649293079165, 20.652126328222383]], [[-101.46649293079165, 20.652126328222383], [-101.46645456693412, 20.6521268768223]], [[-101.4664551497653, 20.652162987225253], [-101.46645456693412, 20.6521268768223]], [[-101.46645456693412, 20.6521268768223], [-101.46641620307537, 20.652127425413706]], [[-101.4664167858975, 20.652163535817696], [-101.46641620307537, 20.652127425413706]], [[-101.46641620307537, 20.652127425413706], [-101.46637783921534, 20.652127973996592]], [[-101.46637842202843, 20.652164084401633], [-101.46637783921534, 20.652127973996592]], [[-101.46637783921534, 20.652127973996592], [-101.46633947535408, 20.652128522570962]], [[-101.46634005815811, 20.65216463297705], [-101.46633947535408, 20.652128522570962]], [[-101.46633947535408, 20.652128522570962], [-101.46630111149155, 20.652129071136823]], [[-101.46630169428656, 20.652165181543953], [-101.46630111149155, 20.652129071136823]], [[-101.46630111149155, 20.652129071136823], [-101.46626274762778, 20.65212961969417]], [[-101.46626333041374, 20.652165730102347], [-101.46626274762778, 20.65212961969417]], [[-101.46626274762778, 20.65212961969417], [-101.46622438376276, 20.652130168243]], [[-101.46622496653968, 20.65216627865222], [-101.46622438376276, 20.652130168243]], [[-101.46622438376276, 20.652130168243], [-101.46618601989648, 20.652130716783326]], [[-101.46618660266437, 20.65216682719359], [-101.46618601989648, 20.652130716783326]], [[-101.46618601989648, 20.652130716783326], [-101.46614765602898, 20.652131265315127]], [[-101.46614823878781, 20.65216737572644], [-101.46614765602898, 20.652131265315127]], [[-101.46614765602898, 20.652131265315127], [-101.46610929216021, 20.652131813838423]], [[-101.46610987490999, 20.65216792425077], [-101.46610929216021, 20.652131813838423]], [[-101.46610929216021, 20.652131813838423], [-101.4660709282902, 20.652132362353193]], [[-101.46607151103093, 20.65216847276659], [-101.4660709282902, 20.652132362353193]], [[-101.4660709282902, 20.652132362353193], [-101.46603256441892, 20.652132910859457]], [[-101.46603314715063, 20.6521690212739], [-101.46603256441892, 20.652132910859457]], [[-101.46603256441892, 20.652132910859457], [-101.46599420054642, 20.652133459357206]], [[-101.46599478326907, 20.652169569772692], [-101.46599420054642, 20.652133459357206]], [[-101.46599420054642, 20.652133459357206], [-101.46595583667263, 20.65213400784644]], [[-101.46595641938626, 20.652170118262973], [-101.46595583667263, 20.65213400784644]], [[-101.46595583667263, 20.65213400784644], [-101.46591747279763, 20.652134556327162]], [[-101.4659180555022, 20.652170666744734], [-101.46591747279763, 20.652134556327162]], [[-101.46591747279763, 20.652134556327162], [-101.46587910892137, 20.65213510479937]], [[-101.46587969161688, 20.652171215217987], [-101.46587910892137, 20.65213510479937]], [[-101.46587910892137, 20.65213510479937], [-101.46584074504383, 20.65213565326306]], [[-101.46584132773033, 20.652171763682727], [-101.46584074504383, 20.65213565326306]], [[-101.46584074504383, 20.65213565326306], [-101.46580238116508, 20.652136201718243]], [[-101.46580296384252, 20.65217231213895], [-101.46580238116508, 20.652136201718243]], [[-101.46580238116508, 20.652136201718243], [-101.46576401728507, 20.652136750164907]], [[-101.46576459995347, 20.652172860586663], [-101.46576401728507, 20.652136750164907]], [[-101.46576401728507, 20.652136750164907], [-101.46572565340381, 20.65213729860306]], [[-101.46572623606315, 20.65217340902585], [-101.46572565340381, 20.65213729860306]], [[-101.46572565340381, 20.65213729860306], [-101.4656872895213, 20.652137847032698]], [[-101.46568787217161, 20.652173957456537], [-101.4656872895213, 20.652137847032698]], [[-101.4656872895213, 20.652137847032698], [-101.46564892563754, 20.652138395453818]], [[-101.4656495082788, 20.6521745058787], [-101.46564892563754, 20.652138395453818]], [[-101.46564892563754, 20.652138395453818], [-101.46561056175251, 20.652138943866433]], [[-101.46561114438474, 20.652175054292357], [-101.46561056175251, 20.652138943866433]], [[-101.46561056175251, 20.652138943866433], [-101.46557219786627, 20.65213949227053]], [[-101.46557278048944, 20.652175602697497], [-101.46557219786627, 20.65213949227053]], [[-101.46557219786627, 20.65213949227053], [-101.46553383397874, 20.652140040666108]], [[-101.46553441659287, 20.65217615109412], [-101.46553383397874, 20.652140040666108]], [[-101.46553383397874, 20.652140040666108], [-101.46549547008999, 20.652140589053175]], [[-101.46549605269507, 20.652176699482236], [-101.46549547008999, 20.652140589053175]], [[-101.46549547008999, 20.652140589053175], [-101.46545710619998, 20.652141137431727]], [[-101.46545768879604, 20.652177247861832], [-101.46545710619998, 20.652141137431727]], [[-101.46545710619998, 20.652141137431727], [-101.46541874230871, 20.65214168580177]], [[-101.46541932489572, 20.65217779623292], [-101.46541874230871, 20.65214168580177]], [[-101.46541874230871, 20.65214168580177], [-101.46538037841621, 20.652142234163293]], [[-101.46538096099418, 20.652178344595487], [-101.46538037841621, 20.652142234163293]], [[-101.46538037841621, 20.652142234163293], [-101.46534201452245, 20.652142782516304]], [[-101.46534259709138, 20.652178892949546], [-101.46534201452245, 20.652142782516304]], [[-101.46534201452245, 20.652142782516304], [-101.46530365062745, 20.652143330860802]], [[-101.46530423318733, 20.65217944129509], [-101.46530365062745, 20.652143330860802]], [[-101.46530365062745, 20.652143330860802], [-101.4652652867312, 20.65214387919679]], [[-101.46526586928202, 20.65217998963212], [-101.4652652867312, 20.65214387919679]], [[-101.4652652867312, 20.65214387919679], [-101.46522692283368, 20.65214442752426]], [[-101.46522750537548, 20.65218053796063], [-101.46522692283368, 20.65214442752426]], [[-101.46522692283368, 20.65214442752426], [-101.46518855893494, 20.652144975843214]], [[-101.46518914146769, 20.652181086280628], [-101.46518855893494, 20.652144975843214]], [[-101.46518855893494, 20.652144975843214], [-101.46515019503492, 20.65214552415366]], [[-101.46515077755863, 20.652181634592118], [-101.46515019503492, 20.65214552415366]], [[-101.46515019503492, 20.65214552415366], [-101.46511183113367, 20.65214607245559]], [[-101.46511241364833, 20.65218218289509], [-101.46511183113367, 20.65214607245559]], [[-101.46511183113367, 20.65214607245559], [-101.46507346723118, 20.652146620749]], [[-101.46507404973678, 20.652182731189548], [-101.46507346723118, 20.652146620749]], [[-101.46507346723118, 20.652146620749], [-101.46503510332741, 20.6521471690339]], [[-101.46503568582399, 20.652183279475494], [-101.46503510332741, 20.6521471690339]], [[-101.46798912025984, 20.652104926184833], [-101.4679885370682, 20.652068815823505]], [[-101.4679885370682, 20.652068815823505], [-101.46795017326848, 20.652069364754418]], [[-101.46795075645107, 20.652105475116787], [-101.46795017326848, 20.652069364754418]], [[-101.46795017326848, 20.652069364754418], [-101.46791180946751, 20.652069913676815]], [[-101.46791239264107, 20.65210602404023], [-101.46791180946751, 20.652069913676815]], [[-101.46791180946751, 20.652069913676815], [-101.46787344566529, 20.652070462590697]], [[-101.46787402882981, 20.65210657295516], [-101.46787344566529, 20.652070462590697]], [[-101.46787344566529, 20.652070462590697], [-101.46783508186182, 20.65207101149607]], [[-101.46783566501729, 20.652107121861576], [-101.46783508186182, 20.65207101149607]], [[-101.46783508186182, 20.65207101149607], [-101.4677967180571, 20.652071560392926]], [[-101.46779730120353, 20.652107670759474], [-101.4677967180571, 20.652071560392926]], [[-101.4677967180571, 20.652071560392926], [-101.46775835425112, 20.652072109281267]], [[-101.46775893738852, 20.652108219648863], [-101.46775835425112, 20.652072109281267]], [[-101.46775835425112, 20.652072109281267], [-101.46771999044391, 20.652072658161096]], [[-101.46772057357225, 20.652108768529743], [-101.46771999044391, 20.652072658161096]], [[-101.46771999044391, 20.652072658161096], [-101.46768162663543, 20.652073207032412]], [[-101.46768220975474, 20.6521093174021], [-101.46768162663543, 20.652073207032412]], [[-101.46768162663543, 20.652073207032412], [-101.46764326282572, 20.652073755895213]], [[-101.46764384593598, 20.652109866265945], [-101.46764326282572, 20.652073755895213]], [[-101.46764326282572, 20.652073755895213], [-101.46760489901473, 20.6520743047495]], [[-101.46760548211596, 20.65211041512128], [-101.46760489901473, 20.6520743047495]], [[-101.46760489901473, 20.6520743047495], [-101.46756653520251, 20.652074853595277]], [[-101.46756711829468, 20.6521109639681], [-101.46756653520251, 20.652074853595277]], [[-101.46756653520251, 20.652074853595277], [-101.46752817138905, 20.65207540243253]], [[-101.46752875447217, 20.652111512806403], [-101.46752817138905, 20.65207540243253]], [[-101.46752817138905, 20.65207540243253], [-101.46748980757431, 20.652075951261274]], [[-101.46749039064841, 20.652112061636196], [-101.46748980757431, 20.652075951261274]], [[-101.46748980757431, 20.652075951261274], [-101.46745144375835, 20.652076500081513]], [[-101.46745202682338, 20.65211261045747], [-101.46745144375835, 20.652076500081513]], [[-101.46745144375835, 20.652076500081513], [-101.46741307994112, 20.65207704889323]], [[-101.46741366299712, 20.652113159270233], [-101.46741307994112, 20.65207704889323]], [[-101.46741307994112, 20.65207704889323], [-101.46737471612265, 20.65207759769643]], [[-101.4673752991696, 20.652113708074484], [-101.46737471612265, 20.65207759769643]], [[-101.46737471612265, 20.65207759769643], [-101.46733635230292, 20.65207814649112]], [[-101.46733693534084, 20.65211425687022], [-101.46733635230292, 20.65207814649112]], [[-101.46733635230292, 20.65207814649112], [-101.46729798848195, 20.6520786952773]], [[-101.46729857151082, 20.65211480565744], [-101.46729798848195, 20.6520786952773]], [[-101.46729798848195, 20.6520786952773], [-101.46725962465972, 20.652079244054963]], [[-101.46726020767954, 20.65211535443614], [-101.46725962465972, 20.652079244054963]], [[-101.46725962465972, 20.652079244054963], [-101.46722126083625, 20.652079792824118]], [[-101.46722184384704, 20.652115903206337], [-101.46722126083625, 20.652079792824118]], [[-101.46722126083625, 20.652079792824118], [-101.46718289701153, 20.652080341584746]], [[-101.46718348001326, 20.652116451968023], [-101.46718289701153, 20.652080341584746]], [[-101.46718289701153, 20.652080341584746], [-101.46714453318555, 20.65208089033687]], [[-101.46714511617824, 20.652117000721187], [-101.46714453318555, 20.65208089033687]], [[-101.46714453318555, 20.65208089033687], [-101.46710616935832, 20.652081439080476]], [[-101.46710675234198, 20.652117549465842], [-101.46710616935832, 20.652081439080476]], [[-101.46710616935832, 20.652081439080476], [-101.46706780552984, 20.652081987815567]], [[-101.46706838850446, 20.652118098201974], [-101.46706780552984, 20.652081987815567]], [[-101.46706780552984, 20.652081987815567], [-101.4670294417001, 20.65208253654215]], [[-101.46703002466569, 20.652118646929605], [-101.4670294417001, 20.65208253654215]], [[-101.4670294417001, 20.65208253654215], [-101.46699107786914, 20.652083085260216]], [[-101.46699166082566, 20.652119195648712], [-101.46699107786914, 20.652083085260216]], [[-101.46699107786914, 20.652083085260216], [-101.4669527140369, 20.65208363396977]], [[-101.4669532969844, 20.652119744359307], [-101.4669527140369, 20.65208363396977]], [[-101.4669527140369, 20.65208363396977], [-101.46691435020342, 20.65208418267081]], [[-101.46691493314187, 20.65212029306139], [-101.46691435020342, 20.65208418267081]], [[-101.46691435020342, 20.65208418267081], [-101.4668759863687, 20.652084731363328]], [[-101.46687656929811, 20.65212084175496], [-101.4668759863687, 20.652084731363328]], [[-101.4668759863687, 20.652084731363328], [-101.46683762253272, 20.652085280047338]], [[-101.46683820545309, 20.652121390440012], [-101.46683762253272, 20.652085280047338]], [[-101.46683762253272, 20.652085280047338], [-101.4667992586955, 20.652085828722836]], [[-101.46679984160681, 20.652121939116558], [-101.4667992586955, 20.652085828722836]], [[-101.4667992586955, 20.652085828722836], [-101.46676089485702, 20.652086377389814]], [[-101.46676147775929, 20.652122487784585], [-101.46676089485702, 20.652086377389814]], [[-101.46676089485702, 20.652086377389814], [-101.4667225310173, 20.652086926048288]], [[-101.46672311391052, 20.6521230364441], [-101.4667225310173, 20.652086926048288]], [[-101.4667225310173, 20.652086926048288], [-101.46668416717633, 20.65208747469824]], [[-101.4666847500605, 20.652123585095094], [-101.46668416717633, 20.65208747469824]], [[-101.46668416717633, 20.65208747469824], [-101.46664580333409, 20.652088023339683]], [[-101.46664638620922, 20.65212413373758], [-101.46664580333409, 20.652088023339683]], [[-101.46664580333409, 20.652088023339683], [-101.46660743949062, 20.65208857197261]], [[-101.46660802235671, 20.652124682371554], [-101.46660743949062, 20.65208857197261]], [[-101.46660743949062, 20.65208857197261], [-101.46656907564589, 20.65208912059702]], [[-101.46656965850293, 20.652125230997015], [-101.46656907564589, 20.65208912059702]], [[-101.46656907564589, 20.65208912059702], [-101.4665307117999, 20.652089669212923]], [[-101.46653129464792, 20.65212577961395], [-101.4665307117999, 20.652089669212923]], [[-101.4665307117999, 20.652089669212923], [-101.46649234795268, 20.6520902178203]], [[-101.46649293079165, 20.652126328222383], [-101.46649234795268, 20.6520902178203]], [[-101.46649234795268, 20.6520902178203], [-101.4664539841042, 20.652090766419175]], [[-101.46645456693412, 20.6521268768223], [-101.4664539841042, 20.652090766419175]], [[-101.4664539841042, 20.652090766419175], [-101.46641562025448, 20.652091315009535]], [[-101.46641620307537, 20.652127425413706], [-101.46641562025448, 20.652091315009535]], [[-101.46641562025448, 20.652091315009535], [-101.4663772564035, 20.652091863591377]], [[-101.46637783921534, 20.652127973996592], [-101.4663772564035, 20.652091863591377]], [[-101.4663772564035, 20.652091863591377], [-101.46633889255128, 20.652092412164702]], [[-101.46633947535408, 20.652128522570962], [-101.46633889255128, 20.652092412164702]], [[-101.46633889255128, 20.652092412164702], [-101.4663005286978, 20.65209296072952]], [[-101.46630111149155, 20.652129071136823], [-101.4663005286978, 20.65209296072952]], [[-101.4663005286978, 20.65209296072952], [-101.46626216484307, 20.652093509285823]], [[-101.46626274762778, 20.65212961969417], [-101.46626216484307, 20.652093509285823]], [[-101.46626216484307, 20.652093509285823], [-101.4662238009871, 20.65209405783361]], [[-101.46622438376276, 20.652130168243], [-101.4662238009871, 20.65209405783361]], [[-101.4662238009871, 20.65209405783361], [-101.46618543712987, 20.652094606372888]], [[-101.46618601989648, 20.652130716783326], [-101.46618543712987, 20.652094606372888]], [[-101.46618543712987, 20.652094606372888], [-101.4661470732714, 20.652095154903648]], [[-101.46614765602898, 20.652131265315127], [-101.4661470732714, 20.652095154903648]], [[-101.4661470732714, 20.652095154903648], [-101.46610870941167, 20.652095703425893]], [[-101.46610929216021, 20.652131813838423], [-101.46610870941167, 20.652095703425893]], [[-101.46610870941167, 20.652095703425893], [-101.46607034555069, 20.65209625193962]], [[-101.4660709282902, 20.652132362353193], [-101.46607034555069, 20.65209625193962]], [[-101.46607034555069, 20.65209625193962], [-101.46603198168847, 20.652096800444845]], [[-101.46603256441892, 20.652132910859457], [-101.46603198168847, 20.652096800444845]], [[-101.46603198168847, 20.652096800444845], [-101.465993617825, 20.652097348941545]], [[-101.46599420054642, 20.652133459357206], [-101.465993617825, 20.652097348941545]], [[-101.465993617825, 20.652097348941545], [-101.46595525396027, 20.65209789742974]], [[-101.46595583667263, 20.65213400784644], [-101.46595525396027, 20.65209789742974]], [[-101.46595525396027, 20.65209789742974], [-101.4659168900943, 20.652098445909413]], [[-101.46591747279763, 20.652134556327162], [-101.4659168900943, 20.652098445909413]], [[-101.4659168900943, 20.652098445909413], [-101.46587852622709, 20.65209899438058]], [[-101.46587910892137, 20.65213510479937], [-101.46587852622709, 20.65209899438058]], [[-101.46587852622709, 20.65209899438058], [-101.46584016235862, 20.652099542843228]], [[-101.46584074504383, 20.65213565326306], [-101.46584016235862, 20.652099542843228]], [[-101.46584016235862, 20.652099542843228], [-101.46580179848888, 20.65210009129736]], [[-101.46580238116508, 20.652136201718243], [-101.46580179848888, 20.65210009129736]], [[-101.46580179848888, 20.65210009129736], [-101.46576343461791, 20.65210063974298]], [[-101.46576401728507, 20.652136750164907], [-101.46576343461791, 20.65210063974298]], [[-101.46576343461791, 20.65210063974298], [-101.46572507074569, 20.652101188180087]], [[-101.46572565340381, 20.65213729860306], [-101.46572507074569, 20.652101188180087]], [[-101.46572507074569, 20.652101188180087], [-101.46568670687222, 20.65210173660868]], [[-101.4656872895213, 20.652137847032698], [-101.46568670687222, 20.65210173660868]], [[-101.46568670687222, 20.65210173660868], [-101.46564834299751, 20.652102285028764]], [[-101.46564892563754, 20.652138395453818], [-101.46564834299751, 20.652102285028764]], [[-101.46564834299751, 20.652102285028764], [-101.46560997912154, 20.652102833440328]], [[-101.46561056175251, 20.652138943866433], [-101.46560997912154, 20.652102833440328]], [[-101.46560997912154, 20.652102833440328], [-101.46557161524433, 20.65210338184338]], [[-101.46557219786627, 20.65213949227053], [-101.46557161524433, 20.65210338184338]], [[-101.46557161524433, 20.65210338184338], [-101.46553325136585, 20.65210393023792]], [[-101.46553383397874, 20.652140040666108], [-101.46553325136585, 20.65210393023792]], [[-101.46553325136585, 20.65210393023792], [-101.46549488748613, 20.652104478623944]], [[-101.46549547008999, 20.652140589053175], [-101.46549488748613, 20.652104478623944]], [[-101.46549488748613, 20.652104478623944], [-101.46545652360517, 20.652105027001454]], [[-101.46545710619998, 20.652141137431727], [-101.46545652360517, 20.652105027001454]], [[-101.46545652360517, 20.652105027001454], [-101.46541815972294, 20.65210557537045]], [[-101.46541874230871, 20.65214168580177], [-101.46541815972294, 20.65210557537045]], [[-101.46541815972294, 20.65210557537045], [-101.4653797958395, 20.65210612373093]], [[-101.46538037841621, 20.652142234163293], [-101.4653797958395, 20.65210612373093]], [[-101.4653797958395, 20.65210612373093], [-101.46534143195478, 20.652106672082898]], [[-101.46534201452245, 20.652142782516304], [-101.46534143195478, 20.652106672082898]], [[-101.46534143195478, 20.652106672082898], [-101.4653030680688, 20.652107220426352]], [[-101.46530365062745, 20.652143330860802], [-101.4653030680688, 20.652107220426352]], [[-101.4653030680688, 20.652107220426352], [-101.4652647041816, 20.65210776876129]], [[-101.4652652867312, 20.65214387919679], [-101.4652647041816, 20.65210776876129]], [[-101.4652647041816, 20.65210776876129], [-101.46522634029313, 20.652108317087716]], [[-101.46522692283368, 20.65214442752426], [-101.46522634029313, 20.652108317087716]], [[-101.46522634029313, 20.652108317087716], [-101.46518797640343, 20.652108865405626]], [[-101.46518855893494, 20.652144975843214], [-101.46518797640343, 20.652108865405626]], [[-101.46518797640343, 20.652108865405626], [-101.46514961251248, 20.65210941371503]], [[-101.46515019503492, 20.65214552415366], [-101.46514961251248, 20.65210941371503]], [[-101.46514961251248, 20.65210941371503], [-101.46511124862026, 20.652109962015913]], [[-101.46511183113367, 20.65214607245559], [-101.46511124862026, 20.652109962015913]], [[-101.46511124862026, 20.652109962015913], [-101.4650728847268, 20.652110510308287]], [[-101.46507346723118, 20.652146620749], [-101.4650728847268, 20.652110510308287]], [[-101.4650728847268, 20.652110510308287], [-101.46503452083209, 20.65211105859214]], [[-101.46503510332741, 20.6521471690339], [-101.46503452083209, 20.65211105859214]], [[-101.4679885370682, 20.652068815823505], [-101.46798795387781, 20.652032705462013]], [[-101.46798795387781, 20.652032705462013], [-101.46794959008712, 20.652033254391874]], [[-101.46795017326848, 20.652069364754418], [-101.46794959008712, 20.652033254391874]], [[-101.46794959008712, 20.652033254391874], [-101.4679112262952, 20.65203380331323]], [[-101.46791180946751, 20.652069913676815], [-101.4679112262952, 20.65203380331323]], [[-101.4679112262952, 20.65203380331323], [-101.46787286250202, 20.652034352226067]], [[-101.46787344566529, 20.652070462590697], [-101.46787286250202, 20.652034352226067]], [[-101.46787286250202, 20.652034352226067], [-101.4678344987076, 20.652034901130396]], [[-101.46783508186182, 20.65207101149607], [-101.4678344987076, 20.652034901130396]], [[-101.4678344987076, 20.652034901130396], [-101.46779613491192, 20.652035450026204]], [[-101.4677967180571, 20.652071560392926], [-101.46779613491192, 20.652035450026204]], [[-101.46779613491192, 20.652035450026204], [-101.467757771115, 20.652035998913508]], [[-101.46775835425112, 20.652072109281267], [-101.467757771115, 20.652035998913508]], [[-101.467757771115, 20.652035998913508], [-101.4677194073168, 20.65203654779229]], [[-101.46771999044391, 20.652072658161096], [-101.4677194073168, 20.65203654779229]], [[-101.4677194073168, 20.65203654779229], [-101.46768104351739, 20.65203709666256]], [[-101.46768162663543, 20.652073207032412], [-101.46768104351739, 20.65203709666256]], [[-101.46768104351739, 20.65203709666256], [-101.4676426797167, 20.65203764552431]], [[-101.46764326282572, 20.652073755895213], [-101.4676426797167, 20.65203764552431]], [[-101.4676426797167, 20.65203764552431], [-101.46760431591478, 20.65203819437756]], [[-101.46760489901473, 20.6520743047495], [-101.46760431591478, 20.65203819437756]], [[-101.46760431591478, 20.65203819437756], [-101.46756595211158, 20.65203874322229]], [[-101.46756653520251, 20.652074853595277], [-101.46756595211158, 20.65203874322229]], [[-101.46756595211158, 20.65203874322229], [-101.46752758830716, 20.6520392920585]], [[-101.46752817138905, 20.65207540243253], [-101.46752758830716, 20.6520392920585]], [[-101.46752758830716, 20.6520392920585], [-101.46748922450148, 20.652039840886204]], [[-101.46748980757431, 20.652075951261274], [-101.46748922450148, 20.652039840886204]], [[-101.46748922450148, 20.652039840886204], [-101.46745086069456, 20.652040389705387]], [[-101.46745144375835, 20.652076500081513], [-101.46745086069456, 20.652040389705387]], [[-101.46745086069456, 20.652040389705387], [-101.46741249688637, 20.65204093851606]], [[-101.46741307994112, 20.65207704889323], [-101.46741249688637, 20.65204093851606]], [[-101.46741249688637, 20.65204093851606], [-101.46737413307693, 20.652041487318222]], [[-101.46737471612265, 20.65207759769643], [-101.46737413307693, 20.652041487318222]], [[-101.46737413307693, 20.652041487318222], [-101.46733576926626, 20.65204203611187]], [[-101.46733635230292, 20.65207814649112], [-101.46733576926626, 20.65204203611187]], [[-101.46733576926626, 20.65204203611187], [-101.46729740545432, 20.652042584897]], [[-101.46729798848195, 20.6520786952773], [-101.46729740545432, 20.652042584897]], [[-101.46729740545432, 20.652042584897], [-101.46725904164114, 20.65204313367361]], [[-101.46725962465972, 20.652079244054963], [-101.46725904164114, 20.65204313367361]], [[-101.46725904164114, 20.65204313367361], [-101.4672206778267, 20.65204368244172]], [[-101.46722126083625, 20.652079792824118], [-101.4672206778267, 20.65204368244172]], [[-101.4672206778267, 20.65204368244172], [-101.46718231401103, 20.652044231201312]], [[-101.46718289701153, 20.652080341584746], [-101.46718231401103, 20.652044231201312]], [[-101.46718231401103, 20.652044231201312], [-101.4671439501941, 20.652044779952384]], [[-101.46714453318555, 20.65208089033687], [-101.4671439501941, 20.652044779952384]], [[-101.4671439501941, 20.652044779952384], [-101.46710558637591, 20.652045328694953]], [[-101.46710616935832, 20.652081439080476], [-101.46710558637591, 20.652045328694953]], [[-101.46710558637591, 20.652045328694953], [-101.46706722255648, 20.652045877428993]], [[-101.46706780552984, 20.652081987815567], [-101.46706722255648, 20.652045877428993]], [[-101.46706722255648, 20.652045877428993], [-101.4670288587358, 20.65204642615453]], [[-101.4670294417001, 20.65208253654215], [-101.4670288587358, 20.65204642615453]], [[-101.4670288587358, 20.65204642615453], [-101.46699049491386, 20.652046974871556]], [[-101.46699107786914, 20.652083085260216], [-101.46699049491386, 20.652046974871556]], [[-101.46699049491386, 20.652046974871556], [-101.46695213109068, 20.65204752358006]], [[-101.4669527140369, 20.65208363396977], [-101.46695213109068, 20.65204752358006]], [[-101.46695213109068, 20.65204752358006], [-101.46691376726623, 20.652048072280056]], [[-101.46691435020342, 20.65208418267081], [-101.46691376726623, 20.652048072280056]], [[-101.46691376726623, 20.652048072280056], [-101.46687540344055, 20.652048620971534]], [[-101.4668759863687, 20.652084731363328], [-101.46687540344055, 20.652048620971534]], [[-101.46687540344055, 20.652048620971534], [-101.46683703961362, 20.652049169654497]], [[-101.46683762253272, 20.652085280047338], [-101.46683703961362, 20.652049169654497]], [[-101.46683703961362, 20.652049169654497], [-101.46679867578544, 20.652049718328943]], [[-101.4667992586955, 20.652085828722836], [-101.46679867578544, 20.652049718328943]], [[-101.46679867578544, 20.652049718328943], [-101.46676031195601, 20.652050266994888]], [[-101.46676089485702, 20.652086377389814], [-101.46676031195601, 20.652050266994888]], [[-101.46676031195601, 20.652050266994888], [-101.46672194812533, 20.65205081565231]], [[-101.4667225310173, 20.652086926048288], [-101.46672194812533, 20.65205081565231]], [[-101.46672194812533, 20.65205081565231], [-101.46668358429338, 20.65205136430122]], [[-101.46668416717633, 20.65208747469824], [-101.46668358429338, 20.65205136430122]], [[-101.46668358429338, 20.65205136430122], [-101.4666452204602, 20.652051912941612]], [[-101.46664580333409, 20.652088023339683], [-101.4666452204602, 20.652051912941612]], [[-101.4666452204602, 20.652051912941612], [-101.46660685662576, 20.6520524615735]], [[-101.46660743949062, 20.65208857197261], [-101.46660685662576, 20.6520524615735]], [[-101.46660685662576, 20.6520524615735], [-101.46656849279009, 20.652053010196866]], [[-101.46656907564589, 20.65208912059702], [-101.46656849279009, 20.652053010196866]], [[-101.46656849279009, 20.652053010196866], [-101.46653012895315, 20.652053558811723]], [[-101.4665307117999, 20.652089669212923], [-101.46653012895315, 20.652053558811723]], [[-101.46653012895315, 20.652053558811723], [-101.46649176511497, 20.65205410741806]], [[-101.46649234795268, 20.6520902178203], [-101.46649176511497, 20.65205410741806]], [[-101.46649176511497, 20.65205410741806], [-101.46645340127553, 20.652054656015892]], [[-101.4664539841042, 20.652090766419175], [-101.46645340127553, 20.652054656015892]], [[-101.46645340127553, 20.652054656015892], [-101.46641503743484, 20.652055204605205]], [[-101.46641562025448, 20.652091315009535], [-101.46641503743484, 20.652055204605205]], [[-101.46641503743484, 20.652055204605205], [-101.46637667359292, 20.652055753186]], [[-101.4663772564035, 20.652091863591377], [-101.46637667359292, 20.652055753186]], [[-101.46637667359292, 20.652055753186], [-101.46633830974973, 20.652056301758282]], [[-101.46633889255128, 20.652092412164702], [-101.46633830974973, 20.652056301758282]], [[-101.46633830974973, 20.652056301758282], [-101.46629994590529, 20.652056850322055]], [[-101.4663005286978, 20.65209296072952], [-101.46629994590529, 20.652056850322055]], [[-101.46629994590529, 20.652056850322055], [-101.4662615820596, 20.652057398877314]], [[-101.46626216484307, 20.652093509285823], [-101.4662615820596, 20.652057398877314]], [[-101.4662615820596, 20.652057398877314], [-101.46622321821268, 20.65205794742406]], [[-101.4662238009871, 20.65209405783361], [-101.46622321821268, 20.65205794742406]], [[-101.46622321821268, 20.65205794742406], [-101.4661848543645, 20.65205849596229]], [[-101.46618543712987, 20.652094606372888], [-101.4661848543645, 20.65205849596229]], [[-101.4661848543645, 20.65205849596229], [-101.46614649051507, 20.652059044492002]], [[-101.4661470732714, 20.652095154903648], [-101.46614649051507, 20.652059044492002]], [[-101.46614649051507, 20.652059044492002], [-101.46610812666438, 20.652059593013206]], [[-101.46610870941167, 20.652095703425893], [-101.46610812666438, 20.652059593013206]], [[-101.46610812666438, 20.652059593013206], [-101.46606976281245, 20.652060141525897]], [[-101.46607034555069, 20.65209625193962], [-101.46606976281245, 20.652060141525897]], [[-101.46606976281245, 20.652060141525897], [-101.46603139895927, 20.652060690030066]], [[-101.46603198168847, 20.652096800444845], [-101.46603139895927, 20.652060690030066]], [[-101.46603139895927, 20.652060690030066], [-101.46599303510484, 20.65206123852573]], [[-101.465993617825, 20.652097348941545], [-101.46599303510484, 20.65206123852573]], [[-101.46599303510484, 20.65206123852573], [-101.46595467124916, 20.652061787012872]], [[-101.46595525396027, 20.65209789742974], [-101.46595467124916, 20.652061787012872]], [[-101.46595467124916, 20.652061787012872], [-101.46591630739223, 20.652062335491504]], [[-101.4659168900943, 20.652098445909413], [-101.46591630739223, 20.652062335491504]], [[-101.46591630739223, 20.652062335491504], [-101.46587794353405, 20.652062883961626]], [[-101.46587852622709, 20.65209899438058], [-101.46587794353405, 20.652062883961626]], [[-101.46587794353405, 20.652062883961626], [-101.46583957967462, 20.652063432423226]], [[-101.46584016235862, 20.652099542843228], [-101.46583957967462, 20.652063432423226]], [[-101.46583957967462, 20.652063432423226], [-101.46580121581394, 20.652063980876317]], [[-101.46580179848888, 20.65210009129736], [-101.46580121581394, 20.652063980876317]], [[-101.46580121581394, 20.652063980876317], [-101.46576285195202, 20.652064529320892]], [[-101.46576343461791, 20.65210063974298], [-101.46576285195202, 20.652064529320892]], [[-101.46576285195202, 20.652064529320892], [-101.46572448808884, 20.65206507775696]], [[-101.46572507074569, 20.652101188180087], [-101.46572448808884, 20.65206507775696]], [[-101.46572448808884, 20.65206507775696], [-101.46568612422442, 20.65206562618451]], [[-101.46568670687222, 20.65210173660868], [-101.46568612422442, 20.65206562618451]], [[-101.46568612422442, 20.65206562618451], [-101.46564776035873, 20.652066174603544]], [[-101.46564834299751, 20.652102285028764], [-101.46564776035873, 20.652066174603544]], [[-101.46564776035873, 20.652066174603544], [-101.46560939649181, 20.65206672301406]], [[-101.46560997912154, 20.652102833440328], [-101.46560939649181, 20.65206672301406]], [[-101.46560939649181, 20.65206672301406], [-101.46557103262364, 20.65206727141607]], [[-101.46557161524433, 20.65210338184338], [-101.46557103262364, 20.65206727141607]], [[-101.46557103262364, 20.65206727141607], [-101.46553266875422, 20.652067819809563]], [[-101.46553325136585, 20.65210393023792], [-101.46553266875422, 20.652067819809563]], [[-101.46553266875422, 20.652067819809563], [-101.46549430488353, 20.652068368194545]], [[-101.46549488748613, 20.652104478623944], [-101.46549430488353, 20.652068368194545]], [[-101.46549430488353, 20.652068368194545], [-101.46545594101163, 20.652068916571007]], [[-101.46545652360517, 20.652105027001454], [-101.46545594101163, 20.652068916571007]], [[-101.46545594101163, 20.652068916571007], [-101.46541757713845, 20.65206946493896]], [[-101.46541815972294, 20.65210557537045], [-101.46541757713845, 20.65206946493896]], [[-101.46541757713845, 20.65206946493896], [-101.46537921326403, 20.6520700132984]], [[-101.4653797958395, 20.65210612373093], [-101.46537921326403, 20.6520700132984]], [[-101.46537921326403, 20.6520700132984], [-101.46534084938835, 20.65207056164932]], [[-101.46534143195478, 20.652106672082898], [-101.46534084938835, 20.65207056164932]], [[-101.46534084938835, 20.65207056164932], [-101.46530248551143, 20.65207110999173]], [[-101.4653030680688, 20.652107220426352], [-101.46530248551143, 20.65207110999173]], [[-101.46530248551143, 20.65207110999173], [-101.46526412163327, 20.652071658325628]], [[-101.4652647041816, 20.65210776876129], [-101.46526412163327, 20.652071658325628]], [[-101.46526412163327, 20.652071658325628], [-101.46522575775384, 20.65207220665101]], [[-101.46522634029313, 20.652108317087716], [-101.46522575775384, 20.65207220665101]], [[-101.46522575775384, 20.65207220665101], [-101.46518739387318, 20.652072754967882]], [[-101.46518797640343, 20.652108865405626], [-101.46518739387318, 20.652072754967882]], [[-101.46518739387318, 20.652072754967882], [-101.46514902999125, 20.652073303276236]], [[-101.46514961251248, 20.65210941371503], [-101.46514902999125, 20.652073303276236]], [[-101.46514902999125, 20.652073303276236], [-101.46511066610809, 20.652073851576073]], [[-101.46511124862026, 20.652109962015913], [-101.46511066610809, 20.652073851576073]], [[-101.46511066610809, 20.652073851576073], [-101.46507230222367, 20.652074399867402]], [[-101.4650728847268, 20.652110510308287], [-101.46507230222367, 20.652074399867402]], [[-101.46798795387781, 20.652032705462013], [-101.46798737068865, 20.65199659510035]], [[-101.46798737068865, 20.65199659510035], [-101.46794900690702, 20.651997144029174]], [[-101.46794959008712, 20.652033254391874], [-101.46794900690702, 20.651997144029174]], [[-101.46794900690702, 20.651997144029174], [-101.46791064312414, 20.651997692949482]], [[-101.4679112262952, 20.65203380331323], [-101.46791064312414, 20.651997692949482]], [[-101.46791064312414, 20.651997692949482], [-101.46787227934001, 20.651998241861275]], [[-101.46787286250202, 20.652034352226067], [-101.46787227934001, 20.651998241861275]], [[-101.46787227934001, 20.651998241861275], [-101.46783391555464, 20.651998790764555]], [[-101.4678344987076, 20.652034901130396], [-101.46783391555464, 20.651998790764555]], [[-101.46783391555464, 20.651998790764555], [-101.46779555176799, 20.651999339659323]], [[-101.46779613491192, 20.652035450026204], [-101.46779555176799, 20.651999339659323]], [[-101.46779555176799, 20.651999339659323], [-101.4677571879801, 20.65199988854558]], [[-101.467757771115, 20.652035998913508], [-101.4677571879801, 20.65199988854558]], [[-101.4677571879801, 20.65199988854558], [-101.46771882419097, 20.65200043742331]], [[-101.4677194073168, 20.65203654779229], [-101.46771882419097, 20.65200043742331]], [[-101.46771882419097, 20.65200043742331], [-101.46768046040059, 20.65200098629254]], [[-101.46768104351739, 20.65203709666256], [-101.46768046040059, 20.65200098629254]], [[-101.46768046040059, 20.65200098629254], [-101.46764209660894, 20.65200153515325]], [[-101.4676426797167, 20.65203764552431], [-101.46764209660894, 20.65200153515325]], [[-101.46764209660894, 20.65200153515325], [-101.46760373281606, 20.652002084005446]], [[-101.46760431591478, 20.65203819437756], [-101.46760373281606, 20.652002084005446]], [[-101.46760373281606, 20.652002084005446], [-101.46756536902193, 20.65200263284913]], [[-101.46756595211158, 20.65203874322229], [-101.46756536902193, 20.65200263284913]], [[-101.46756536902193, 20.65200263284913], [-101.46752700522653, 20.6520031816843]], [[-101.46752758830716, 20.6520392920585], [-101.46752700522653, 20.6520031816843]], [[-101.46752700522653, 20.6520031816843], [-101.4674886414299, 20.65200373051096]], [[-101.46748922450148, 20.652039840886204], [-101.4674886414299, 20.65200373051096]], [[-101.4674886414299, 20.65200373051096], [-101.46745027763201, 20.652004279329095]], [[-101.46745086069456, 20.652040389705387], [-101.46745027763201, 20.652004279329095]], [[-101.46745027763201, 20.652004279329095], [-101.46741191383286, 20.652004828138725]], [[-101.46741249688637, 20.65204093851606], [-101.46741191383286, 20.652004828138725]], [[-101.46741191383286, 20.652004828138725], [-101.46737355003249, 20.65200537693984]], [[-101.46737413307693, 20.652041487318222], [-101.46737355003249, 20.65200537693984]], [[-101.46737355003249, 20.65200537693984], [-101.46733518623086, 20.652005925732446]], [[-101.46733576926626, 20.65204203611187], [-101.46733518623086, 20.652005925732446]], [[-101.46733518623086, 20.652005925732446], [-101.46729682242795, 20.65200647451653]], [[-101.46729740545432, 20.652042584897], [-101.46729682242795, 20.65200647451653]], [[-101.46729682242795, 20.65200647451653], [-101.46725845862382, 20.6520070232921]], [[-101.46725904164114, 20.65204313367361], [-101.46725845862382, 20.6520070232921]], [[-101.46725845862382, 20.6520070232921], [-101.46722009481843, 20.65200757205916]], [[-101.4672206778267, 20.65204368244172], [-101.46722009481843, 20.65200757205916]], [[-101.46722009481843, 20.65200757205916], [-101.46718173101179, 20.652008120817705]], [[-101.46718231401103, 20.652044231201312], [-101.46718173101179, 20.652008120817705]], [[-101.46718173101179, 20.652008120817705], [-101.46714336720389, 20.65200866956774]], [[-101.4671439501941, 20.652044779952384], [-101.46714336720389, 20.65200866956774]], [[-101.46714336720389, 20.65200866956774], [-101.46710500339475, 20.652009218309253]], [[-101.46710558637591, 20.652045328694953], [-101.46710500339475, 20.652009218309253]], [[-101.46710500339475, 20.652009218309253], [-101.46706663958436, 20.652009767042255]], [[-101.46706722255648, 20.652045877428993], [-101.46706663958436, 20.652009767042255]], [[-101.46706663958436, 20.652009767042255], [-101.46702827577272, 20.65201031576675]], [[-101.4670288587358, 20.65204642615453], [-101.46702827577272, 20.65201031576675]], [[-101.46702827577272, 20.65201031576675], [-101.46698991195983, 20.652010864482722]], [[-101.46699049491386, 20.652046974871556], [-101.46698991195983, 20.652010864482722]], [[-101.46698991195983, 20.652010864482722], [-101.46695154814569, 20.652011413190188]], [[-101.46695213109068, 20.65204752358006], [-101.46695154814569, 20.652011413190188]], [[-101.46695154814569, 20.652011413190188], [-101.4669131843303, 20.652011961889134]], [[-101.46691376726623, 20.652048072280056], [-101.4669131843303, 20.652011961889134]], [[-101.4669131843303, 20.652011961889134], [-101.46687482051367, 20.652012510579567]], [[-101.46687540344055, 20.652048620971534], [-101.46687482051367, 20.652012510579567]], [[-101.46687482051367, 20.652012510579567], [-101.46683645669576, 20.652013059261492]], [[-101.46683703961362, 20.652049169654497], [-101.46683645669576, 20.652013059261492]], [[-101.46683645669576, 20.652013059261492], [-101.46679809287662, 20.652013607934897]], [[-101.46679867578544, 20.652049718328943], [-101.46679809287662, 20.652013607934897]], [[-101.46679809287662, 20.652013607934897], [-101.46675972905624, 20.652014156599787]], [[-101.46676031195601, 20.652050266994888], [-101.46675972905624, 20.652014156599787]], [[-101.46675972905624, 20.652014156599787], [-101.46672136523459, 20.65201470525617]], [[-101.46672194812533, 20.65205081565231], [-101.46672136523459, 20.65201470525617]], [[-101.46672136523459, 20.65201470525617], [-101.4666830014117, 20.652015253904032]], [[-101.46668358429338, 20.65205136430122], [-101.4666830014117, 20.652015253904032]], [[-101.4666830014117, 20.652015253904032], [-101.46664463758756, 20.652015802543385]], [[-101.4666452204602, 20.652051912941612], [-101.46664463758756, 20.652015802543385]], [[-101.46664463758756, 20.652015802543385], [-101.46660627376217, 20.652016351174225]], [[-101.46660685662576, 20.6520524615735], [-101.46660627376217, 20.652016351174225]], [[-101.46660627376217, 20.652016351174225], [-101.46656790993552, 20.652016899796546]], [[-101.46656849279009, 20.652053010196866], [-101.46656790993552, 20.652016899796546]], [[-101.46656790993552, 20.652016899796546], [-101.46652954610764, 20.65201744841036]], [[-101.46653012895315, 20.652053558811723], [-101.46652954610764, 20.65201744841036]], [[-101.46652954610764, 20.65201744841036], [-101.4664911822785, 20.652017997015655]], [[-101.46649176511497, 20.65205410741806], [-101.4664911822785, 20.652017997015655]], [[-101.4664911822785, 20.652017997015655], [-101.4664528184481, 20.65201854561243]], [[-101.46645340127553, 20.652054656015892], [-101.4664528184481, 20.65201854561243]], [[-101.4664528184481, 20.65201854561243], [-101.46641445461647, 20.652019094200703]], [[-101.46641503743484, 20.652055204605205], [-101.46641445461647, 20.652019094200703]], [[-101.46641445461647, 20.652019094200703], [-101.46637609078357, 20.652019642780456]], [[-101.46637667359292, 20.652055753186], [-101.46637609078357, 20.652019642780456]], [[-101.46637609078357, 20.652019642780456], [-101.46633772694943, 20.652020191351696]], [[-101.46633830974973, 20.652056301758282], [-101.46633772694943, 20.652020191351696]], [[-101.46633772694943, 20.652020191351696], [-101.46629936311403, 20.652020739914423]], [[-101.46629994590529, 20.652056850322055], [-101.46629936311403, 20.652020739914423]], [[-101.46629936311403, 20.652020739914423], [-101.4662609992774, 20.652021288468635]], [[-101.4662615820596, 20.652057398877314], [-101.4662609992774, 20.652021288468635]], [[-101.4662609992774, 20.652021288468635], [-101.46622263543952, 20.65202183701434]], [[-101.46622321821268, 20.65205794742406], [-101.46622263543952, 20.65202183701434]], [[-101.46622263543952, 20.65202183701434], [-101.46618427160037, 20.65202238555152]], [[-101.4661848543645, 20.65205849596229], [-101.46618427160037, 20.65202238555152]], [[-101.46618427160037, 20.65202238555152], [-101.46614590775998, 20.652022934080193]], [[-101.46614649051507, 20.652059044492002], [-101.46614590775998, 20.652022934080193]], [[-101.46614590775998, 20.652022934080193], [-101.46610754391834, 20.65202348260035]], [[-101.46610812666438, 20.652059593013206], [-101.46610754391834, 20.65202348260035]], [[-101.46610754391834, 20.65202348260035], [-101.46606918007546, 20.652024031111992]], [[-101.46606976281245, 20.652060141525897], [-101.46606918007546, 20.652024031111992]], [[-101.46606918007546, 20.652024031111992], [-101.46603081623132, 20.652024579615123]], [[-101.46603139895927, 20.652060690030066], [-101.46603081623132, 20.652024579615123]], [[-101.46603081623132, 20.652024579615123], [-101.46599245238593, 20.652025128109738]], [[-101.46599303510484, 20.65206123852573], [-101.46599245238593, 20.652025128109738]], [[-101.46599245238593, 20.652025128109738], [-101.46595408853929, 20.652025676595844]], [[-101.46595467124916, 20.652061787012872], [-101.46595408853929, 20.652025676595844]], [[-101.46595408853929, 20.652025676595844], [-101.46591572469141, 20.652026225073428]], [[-101.46591630739223, 20.652062335491504], [-101.46591572469141, 20.652026225073428]], [[-101.46591572469141, 20.652026225073428], [-101.46587736084228, 20.652026773542502]], [[-101.46587794353405, 20.652062883961626], [-101.46587736084228, 20.652026773542502]], [[-101.46587736084228, 20.652026773542502], [-101.46583899699189, 20.65202732200306]], [[-101.46583957967462, 20.652063432423226], [-101.46583899699189, 20.65202732200306]], [[-101.46583899699189, 20.65202732200306], [-101.46580063314025, 20.65202787045511]], [[-101.46580121581394, 20.652063980876317], [-101.46580063314025, 20.65202787045511]], [[-101.46580063314025, 20.65202787045511], [-101.46576226928737, 20.65202841889864]], [[-101.46576285195202, 20.652064529320892], [-101.46576226928737, 20.65202841889864]], [[-101.46576226928737, 20.65202841889864], [-101.46572390543324, 20.65202896733366]], [[-101.46572448808884, 20.65206507775696], [-101.46572390543324, 20.65202896733366]], [[-101.46572390543324, 20.65202896733366], [-101.46568554157786, 20.652029515760166]], [[-101.46568612422442, 20.65206562618451], [-101.46568554157786, 20.652029515760166]], [[-101.46568554157786, 20.652029515760166], [-101.46564717772121, 20.652030064178152]], [[-101.46564776035873, 20.652066174603544], [-101.46564717772121, 20.652030064178152]], [[-101.46564717772121, 20.652030064178152], [-101.46560881386333, 20.652030612587637]], [[-101.46560939649181, 20.65206672301406], [-101.46560881386333, 20.652030612587637]], [[-101.46560881386333, 20.652030612587637], [-101.46557045000421, 20.6520311609886]], [[-101.46557103262364, 20.65206727141607], [-101.46557045000421, 20.6520311609886]], [[-101.46557045000421, 20.6520311609886], [-101.46553208614382, 20.65203170938105]], [[-101.46553266875422, 20.652067819809563], [-101.46553208614382, 20.65203170938105]], [[-101.46553208614382, 20.65203170938105], [-101.46549372228219, 20.652032257764983]], [[-101.46549430488353, 20.652068368194545], [-101.46549372228219, 20.652032257764983]], [[-101.46549372228219, 20.652032257764983], [-101.4654553584193, 20.652032806140404]], [[-101.46545594101163, 20.652068916571007], [-101.4654553584193, 20.652032806140404]], [[-101.4654553584193, 20.652032806140404], [-101.46541699455517, 20.65203335450731]], [[-101.46541757713845, 20.65206946493896], [-101.46541699455517, 20.65203335450731]], [[-101.46541699455517, 20.65203335450731], [-101.4653786306898, 20.652033902865703]], [[-101.46537921326403, 20.6520700132984], [-101.4653786306898, 20.652033902865703]], [[-101.4653786306898, 20.652033902865703], [-101.46534026682318, 20.65203445121558]], [[-101.46534084938835, 20.65207056164932], [-101.46534026682318, 20.65203445121558]], [[-101.46534026682318, 20.65203445121558], [-101.46530190295529, 20.652034999556953]], [[-101.46530248551143, 20.65207110999173], [-101.46530190295529, 20.652034999556953]], [[-101.46530190295529, 20.652034999556953], [-101.46526353908618, 20.652035547889803]], [[-101.46526412163327, 20.652071658325628], [-101.46526353908618, 20.652035547889803]], [[-101.46526353908618, 20.652035547889803], [-101.4652251752158, 20.65203609621414]], [[-101.46522575775384, 20.65207220665101], [-101.4652251752158, 20.65203609621414]], [[-101.4652251752158, 20.65203609621414], [-101.46518681134417, 20.652036644529964]], [[-101.46518739387318, 20.652072754967882], [-101.46518681134417, 20.652036644529964]], [[-101.46518681134417, 20.652036644529964], [-101.4651484474713, 20.652037192837277]], [[-101.46514902999125, 20.652073303276236], [-101.4651484474713, 20.652037192837277]], [[-101.4651484474713, 20.652037192837277], [-101.46511008359718, 20.652037741136073]], [[-101.46511066610809, 20.652073851576073], [-101.46511008359718, 20.652037741136073]], [[-101.46511008359718, 20.652037741136073], [-101.4650717197218, 20.65203828942635]], [[-101.46507230222367, 20.652074399867402], [-101.4650717197218, 20.65203828942635]], [[-101.46798737068865, 20.65199659510035], [-101.46798678750076, 20.651960484738524]], [[-101.46798678750076, 20.651960484738524], [-101.46794842372816, 20.651961033666304]], [[-101.46794900690702, 20.651997144029174], [-101.46794842372816, 20.651961033666304]], [[-101.46794842372816, 20.651961033666304], [-101.46791005995432, 20.651961582585564]], [[-101.46791064312414, 20.651997692949482], [-101.46791005995432, 20.651961582585564]], [[-101.46791005995432, 20.651961582585564], [-101.46787169617924, 20.65196213149631]], [[-101.46787227934001, 20.651998241861275], [-101.46787169617924, 20.65196213149631]], [[-101.46787169617924, 20.65196213149631], [-101.4678333324029, 20.651962680398547]], [[-101.46783391555464, 20.651998790764555], [-101.4678333324029, 20.651962680398547]], [[-101.4678333324029, 20.651962680398547], [-101.46779496862531, 20.651963229292274]], [[-101.46779555176799, 20.651999339659323], [-101.46779496862531, 20.651963229292274]], [[-101.46779496862531, 20.651963229292274], [-101.46775660484647, 20.65196377817748]], [[-101.4677571879801, 20.65199988854558], [-101.46775660484647, 20.65196377817748]], [[-101.46775660484647, 20.65196377817748], [-101.46771824106638, 20.65196432705417]], [[-101.46771882419097, 20.65200043742331], [-101.46771824106638, 20.65196432705417]], [[-101.46771824106638, 20.65196432705417], [-101.46767987728504, 20.65196487592235]], [[-101.46768046040059, 20.65200098629254], [-101.46767987728504, 20.65196487592235]], [[-101.46767987728504, 20.65196487592235], [-101.46764151350244, 20.651965424782016]], [[-101.46764209660894, 20.65200153515325], [-101.46764151350244, 20.651965424782016]], [[-101.46764151350244, 20.651965424782016], [-101.4676031497186, 20.651965973633168]], [[-101.46760373281606, 20.652002084005446], [-101.4676031497186, 20.651965973633168]], [[-101.4676031497186, 20.651965973633168], [-101.4675647859335, 20.65196652247581]], [[-101.46756536902193, 20.65200263284913], [-101.4675647859335, 20.65196652247581]], [[-101.4675647859335, 20.65196652247581], [-101.46752642214716, 20.651967071309933]], [[-101.46752700522653, 20.6520031816843], [-101.46752642214716, 20.651967071309933]], [[-101.46752642214716, 20.651967071309933], [-101.46748805835956, 20.651967620135547]], [[-101.4674886414299, 20.65200373051096], [-101.46748805835956, 20.651967620135547]], [[-101.46748805835956, 20.651967620135547], [-101.46744969457072, 20.651968168952642]], [[-101.46745027763201, 20.652004279329095], [-101.46744969457072, 20.651968168952642]], [[-101.46744969457072, 20.651968168952642], [-101.46741133078062, 20.65196871776122]], [[-101.46741191383286, 20.652004828138725], [-101.46741133078062, 20.65196871776122]], [[-101.46741133078062, 20.65196871776122], [-101.46737296698927, 20.651969266561288]], [[-101.46737355003249, 20.65200537693984], [-101.46737296698927, 20.651969266561288]], [[-101.46737296698927, 20.651969266561288], [-101.46733460319668, 20.65196981535285]], [[-101.46733518623086, 20.652005925732446], [-101.46733460319668, 20.65196981535285]], [[-101.46733460319668, 20.65196981535285], [-101.46729623940284, 20.651970364135888]], [[-101.46729682242795, 20.65200647451653], [-101.46729623940284, 20.651970364135888]], [[-101.46729623940284, 20.651970364135888], [-101.46725787560774, 20.651970912910418]], [[-101.46725845862382, 20.6520070232921], [-101.46725787560774, 20.651970912910418]], [[-101.46725787560774, 20.651970912910418], [-101.4672195118114, 20.651971461676435]], [[-101.46722009481843, 20.65200757205916], [-101.4672195118114, 20.651971461676435]], [[-101.4672195118114, 20.651971461676435], [-101.4671811480138, 20.651972010433933]], [[-101.46718173101179, 20.652008120817705], [-101.4671811480138, 20.651972010433933]], [[-101.4671811480138, 20.651972010433933], [-101.46714278421494, 20.651972559182916]], [[-101.46714336720389, 20.65200866956774], [-101.46714278421494, 20.651972559182916]], [[-101.46714278421494, 20.651972559182916], [-101.46710442041486, 20.651973107923393]], [[-101.46710500339475, 20.652009218309253], [-101.46710442041486, 20.651973107923393]], [[-101.46710442041486, 20.651973107923393], [-101.4670660566135, 20.65197365665535]], [[-101.46706663958436, 20.652009767042255], [-101.4670660566135, 20.65197365665535]], [[-101.4670660566135, 20.65197365665535], [-101.4670276928109, 20.651974205378796]], [[-101.46702827577272, 20.65201031576675], [-101.4670276928109, 20.651974205378796]], [[-101.4670276928109, 20.651974205378796], [-101.46698932900705, 20.651974754093725]], [[-101.46698991195983, 20.652010864482722], [-101.46698932900705, 20.651974754093725]], [[-101.46698932900705, 20.651974754093725], [-101.46695096520196, 20.651975302800146]], [[-101.46695154814569, 20.652011413190188], [-101.46695096520196, 20.651975302800146]], [[-101.46695096520196, 20.651975302800146], [-101.4669126013956, 20.65197585149805]], [[-101.4669131843303, 20.652011961889134], [-101.4669126013956, 20.65197585149805]], [[-101.4669126013956, 20.65197585149805], [-101.46687423758802, 20.65197640018744]], [[-101.46687482051367, 20.652012510579567], [-101.46687423758802, 20.65197640018744]], [[-101.46687423758802, 20.65197640018744], [-101.46683587377916, 20.651976948868317]], [[-101.46683645669576, 20.652013059261492], [-101.46683587377916, 20.651976948868317]], [[-101.46683587377916, 20.651976948868317], [-101.46679750996906, 20.651977497540674]], [[-101.46679809287662, 20.652013607934897], [-101.46679750996906, 20.651977497540674]], [[-101.46679750996906, 20.651977497540674], [-101.46675914615771, 20.651978046204523]], [[-101.46675972905624, 20.652014156599787], [-101.46675914615771, 20.651978046204523]], [[-101.46675914615771, 20.651978046204523], [-101.4667207823451, 20.65197859485986]], [[-101.46672136523459, 20.65201470525617], [-101.4667207823451, 20.65197859485986]], [[-101.4667207823451, 20.65197859485986], [-101.46668241853128, 20.65197914350668]], [[-101.4666830014117, 20.652015253904032], [-101.46668241853128, 20.65197914350668]], [[-101.46668241853128, 20.65197914350668], [-101.46664405471617, 20.651979692144987]], [[-101.46664463758756, 20.652015802543385], [-101.46664405471617, 20.651979692144987]], [[-101.46664405471617, 20.651979692144987], [-101.46660569089981, 20.65198024077478]], [[-101.46660627376217, 20.652016351174225], [-101.46660569089981, 20.65198024077478]], [[-101.46660569089981, 20.65198024077478], [-101.46656732708223, 20.651980789396056]], [[-101.46656790993552, 20.652016899796546], [-101.46656732708223, 20.651980789396056]], [[-101.46656732708223, 20.651980789396056], [-101.46652896326337, 20.651981338008817]], [[-101.46652954610764, 20.65201744841036], [-101.46652896326337, 20.651981338008817]], [[-101.46652896326337, 20.651981338008817], [-101.46649059944328, 20.651981886613076]], [[-101.4664911822785, 20.652017997015655], [-101.46649059944328, 20.651981886613076]], [[-101.46649059944328, 20.651981886613076], [-101.46645223562193, 20.65198243520881]], [[-101.4664528184481, 20.65201854561243], [-101.46645223562193, 20.65198243520881]], [[-101.46645223562193, 20.65198243520881], [-101.46641387179933, 20.651982983796035]], [[-101.46641445461647, 20.652019094200703], [-101.46641387179933, 20.651982983796035]], [[-101.46641387179933, 20.651982983796035], [-101.46637550797548, 20.651983532374743]], [[-101.46637609078357, 20.652019642780456], [-101.46637550797548, 20.651983532374743]], [[-101.46637550797548, 20.651983532374743], [-101.46633714415039, 20.651984080944942]], [[-101.46633772694943, 20.652020191351696], [-101.46633714415039, 20.651984080944942]], [[-101.46633714415039, 20.651984080944942], [-101.46629878032404, 20.65198462950662]], [[-101.46629936311403, 20.652020739914423], [-101.46629878032404, 20.65198462950662]], [[-101.46629878032404, 20.65198462950662], [-101.46626041649644, 20.65198517805979]], [[-101.4662609992774, 20.652021288468635], [-101.46626041649644, 20.65198517805979]], [[-101.46626041649644, 20.65198517805979], [-101.4662220526676, 20.651985726604444]], [[-101.46622263543952, 20.65202183701434], [-101.4662220526676, 20.651985726604444]], [[-101.4662220526676, 20.651985726604444], [-101.4661836888375, 20.651986275140587]], [[-101.46618427160037, 20.65202238555152], [-101.4661836888375, 20.651986275140587]], [[-101.4661836888375, 20.651986275140587], [-101.46614532500617, 20.65198682366821]], [[-101.46614590775998, 20.652022934080193], [-101.46614532500617, 20.65198682366821]], [[-101.46614532500617, 20.65198682366821], [-101.46610696117355, 20.65198737218733]], [[-101.46610754391834, 20.65202348260035], [-101.46610696117355, 20.65198737218733]], [[-101.46610696117355, 20.65198737218733], [-101.46606859733971, 20.651987920697927]], [[-101.46606918007546, 20.652024031111992], [-101.46606859733971, 20.651987920697927]], [[-101.46606859733971, 20.651987920697927], [-101.46603023350463, 20.651988469200013]], [[-101.46603081623132, 20.652024579615123], [-101.46603023350463, 20.651988469200013]], [[-101.46603023350463, 20.651988469200013], [-101.46599186966827, 20.65198901769358]], [[-101.46599245238593, 20.652025128109738], [-101.46599186966827, 20.65198901769358]], [[-101.46599186966827, 20.65198901769358], [-101.46595350583068, 20.65198956617864]], [[-101.46595408853929, 20.652025676595844], [-101.46595350583068, 20.65198956617864]], [[-101.46595350583068, 20.65198956617864], [-101.46591514199183, 20.651990114655185]], [[-101.46591572469141, 20.652026225073428], [-101.46591514199183, 20.651990114655185]], [[-101.46591514199183, 20.651990114655185], [-101.46587677815175, 20.65199066312321]], [[-101.46587736084228, 20.652026773542502], [-101.46587677815175, 20.65199066312321]], [[-101.46587677815175, 20.65199066312321], [-101.46583841431041, 20.651991211582732]], [[-101.46583899699189, 20.65202732200306], [-101.46583841431041, 20.651991211582732]], [[-101.46583841431041, 20.651991211582732], [-101.46580005046782, 20.651991760033727]], [[-101.46580063314025, 20.65202787045511], [-101.46580005046782, 20.651991760033727]], [[-101.46580005046782, 20.651991760033727], [-101.46576168662396, 20.651992308476217]], [[-101.46576226928737, 20.65202841889864], [-101.46576168662396, 20.651992308476217]], [[-101.46576168662396, 20.651992308476217], [-101.46572332277889, 20.65199285691019]], [[-101.46572390543324, 20.65202896733366], [-101.46572332277889, 20.65199285691019]], [[-101.46572332277889, 20.65199285691019], [-101.46568495893254, 20.651993405335656]], [[-101.46568554157786, 20.652029515760166], [-101.46568495893254, 20.651993405335656]], [[-101.46568495893254, 20.651993405335656], [-101.46564659508495, 20.651993953752605]], [[-101.46564717772121, 20.652030064178152], [-101.46564659508495, 20.651993953752605]], [[-101.46564659508495, 20.651993953752605], [-101.4656082312361, 20.651994502161035]], [[-101.46560881386333, 20.652030612587637], [-101.4656082312361, 20.651994502161035]], [[-101.4656082312361, 20.651994502161035], [-101.46556986738602, 20.651995050560952]], [[-101.46557045000421, 20.6520311609886], [-101.46556986738602, 20.651995050560952]], [[-101.46556986738602, 20.651995050560952], [-101.46553150353468, 20.651995598952357]], [[-101.46553208614382, 20.65203170938105], [-101.46553150353468, 20.651995598952357]], [[-101.46553150353468, 20.651995598952357], [-101.46549313968208, 20.65199614733525]], [[-101.46549372228219, 20.652032257764983], [-101.46549313968208, 20.65199614733525]], [[-101.46549313968208, 20.65199614733525], [-101.46545477582825, 20.65199669570963]], [[-101.4654553584193, 20.652032806140404], [-101.46545477582825, 20.65199669570963]], [[-101.46545477582825, 20.65199669570963], [-101.46541641197317, 20.651997244075492]], [[-101.46541699455517, 20.65203335450731], [-101.46541641197317, 20.651997244075492]], [[-101.46541641197317, 20.651997244075492], [-101.46537804811683, 20.651997792432837]], [[-101.4653786306898, 20.652033902865703], [-101.46537804811683, 20.651997792432837]], [[-101.46537804811683, 20.651997792432837], [-101.46533968425925, 20.651998340781677]], [[-101.46534026682318, 20.65203445121558], [-101.46533968425925, 20.651998340781677]], [[-101.46533968425925, 20.651998340781677], [-101.46530132040041, 20.65199888912199]], [[-101.46530190295529, 20.652034999556953], [-101.46530132040041, 20.65199888912199]], [[-101.46530132040041, 20.65199888912199], [-101.46526295654034, 20.651999437453803]], [[-101.46526353908618, 20.652035547889803], [-101.46526295654034, 20.651999437453803]], [[-101.46526295654034, 20.651999437453803], [-101.465224592679, 20.6519999857771]], [[-101.4652251752158, 20.65203609621414], [-101.465224592679, 20.6519999857771]], [[-101.465224592679, 20.6519999857771], [-101.46518622881642, 20.65200053409188]], [[-101.46518681134417, 20.652036644529964], [-101.46518622881642, 20.65200053409188]], [[-101.46518622881642, 20.65200053409188], [-101.46514786495258, 20.652001082398147]], [[-101.4651484474713, 20.652037192837277], [-101.46514786495258, 20.652001082398147]], [[-101.46514786495258, 20.652001082398147], [-101.46510950108751, 20.652001630695896]], [[-101.46511008359718, 20.652037741136073], [-101.46510950108751, 20.652001630695896]], [[-101.46510950108751, 20.652001630695896], [-101.46507113722117, 20.652002178985136]], [[-101.4650717197218, 20.65203828942635], [-101.46507113722117, 20.652002178985136]], [[-101.46798678750076, 20.651960484738524], [-101.46798620431412, 20.651924374376534]], [[-101.46798620431412, 20.651924374376534], [-101.46794784055056, 20.651924923303266]], [[-101.46794842372816, 20.651961033666304], [-101.46794784055056, 20.651924923303266]], [[-101.46794784055056, 20.651924923303266], [-101.46790947678576, 20.651925472221482]], [[-101.46791005995432, 20.651961582585564], [-101.46790947678576, 20.651925472221482]], [[-101.46790947678576, 20.651925472221482], [-101.46787111301973, 20.651926021131185]], [[-101.46787169617924, 20.65196213149631], [-101.46787111301973, 20.651926021131185]], [[-101.46787111301973, 20.651926021131185], [-101.46783274925242, 20.651926570032373]], [[-101.4678333324029, 20.651962680398547], [-101.46783274925242, 20.651926570032373]], [[-101.46783274925242, 20.651926570032373], [-101.46779438548388, 20.651927118925048]], [[-101.46779496862531, 20.651963229292274], [-101.46779438548388, 20.651927118925048]], [[-101.46779438548388, 20.651927118925048], [-101.46775602171408, 20.65192766780921]], [[-101.46775660484647, 20.65196377817748], [-101.46775602171408, 20.65192766780921]], [[-101.46775602171408, 20.65192766780921], [-101.46771765794303, 20.651928216684862]], [[-101.46771824106638, 20.65196432705417], [-101.46771765794303, 20.651928216684862]], [[-101.46771765794303, 20.651928216684862], [-101.46767929417074, 20.651928765551993]], [[-101.46767987728504, 20.65196487592235], [-101.46767929417074, 20.651928765551993]], [[-101.46767929417074, 20.651928765551993], [-101.46764093039718, 20.651929314410616]], [[-101.46764151350244, 20.651965424782016], [-101.46764093039718, 20.651929314410616]], [[-101.46764093039718, 20.651929314410616], [-101.46760256662238, 20.651929863260722]], [[-101.4676031497186, 20.651965973633168], [-101.46760256662238, 20.651929863260722]], [[-101.46760256662238, 20.651929863260722], [-101.46756420284633, 20.651930412102317]], [[-101.4675647859335, 20.65196652247581], [-101.46756420284633, 20.651930412102317]], [[-101.46756420284633, 20.651930412102317], [-101.46752583906904, 20.651930960935392]], [[-101.46752642214716, 20.651967071309933], [-101.46752583906904, 20.651930960935392]], [[-101.46752583906904, 20.651930960935392], [-101.46748747529047, 20.651931509759965]], [[-101.46748805835956, 20.651967620135547], [-101.46748747529047, 20.651931509759965]], [[-101.46748747529047, 20.651931509759965], [-101.46744911151067, 20.651932058576012]], [[-101.46744969457072, 20.651968168952642], [-101.46744911151067, 20.651932058576012]], [[-101.46744911151067, 20.651932058576012], [-101.46741074772963, 20.651932607383554]], [[-101.46741133078062, 20.65196871776122], [-101.46741074772963, 20.651932607383554]], [[-101.46741074772963, 20.651932607383554], [-101.4673723839473, 20.651933156182572]], [[-101.46737296698927, 20.651969266561288], [-101.4673723839473, 20.651933156182572]], [[-101.4673723839473, 20.651933156182572], [-101.46733402016376, 20.651933704973086]], [[-101.46733460319668, 20.65196981535285], [-101.46733402016376, 20.651933704973086]], [[-101.46733402016376, 20.651933704973086], [-101.46729565637897, 20.651934253755087]], [[-101.46729623940284, 20.651970364135888], [-101.46729565637897, 20.651934253755087]], [[-101.46729565637897, 20.651934253755087], [-101.4672572925929, 20.651934802528565]], [[-101.46725787560774, 20.651970912910418], [-101.4672572925929, 20.651934802528565]], [[-101.4672572925929, 20.651934802528565], [-101.46721892880561, 20.651935351293538]], [[-101.4672195118114, 20.651971461676435], [-101.46721892880561, 20.651935351293538]], [[-101.46721892880561, 20.651935351293538], [-101.46718056501705, 20.651935900049992]], [[-101.4671811480138, 20.651972010433933], [-101.46718056501705, 20.651935900049992]], [[-101.46718056501705, 20.651935900049992], [-101.46714220122723, 20.65193644879793]], [[-101.46714278421494, 20.651972559182916], [-101.46714220122723, 20.65193644879793]], [[-101.46714220122723, 20.65193644879793], [-101.46710383743618, 20.651936997537362]], [[-101.46710442041486, 20.651973107923393], [-101.46710383743618, 20.651936997537362]], [[-101.46710383743618, 20.651936997537362], [-101.46706547364388, 20.651937546268275]], [[-101.4670660566135, 20.65197365665535], [-101.46706547364388, 20.651937546268275]], [[-101.46706547364388, 20.651937546268275], [-101.46702710985032, 20.651938094990676]], [[-101.4670276928109, 20.651974205378796], [-101.46702710985032, 20.651938094990676]], [[-101.46702710985032, 20.651938094990676], [-101.46698874605552, 20.65193864370456]], [[-101.46698932900705, 20.651974754093725], [-101.46698874605552, 20.65193864370456]], [[-101.46698874605552, 20.65193864370456], [-101.46695038225947, 20.651939192409934]], [[-101.46695096520196, 20.651975302800146], [-101.46695038225947, 20.651939192409934]], [[-101.46695038225947, 20.651939192409934], [-101.46691201846217, 20.651939741106794]], [[-101.4669126013956, 20.65197585149805], [-101.46691201846217, 20.651939741106794]], [[-101.46691201846217, 20.651939741106794], [-101.46687365466362, 20.651940289795135]], [[-101.46687423758802, 20.65197640018744], [-101.46687365466362, 20.651940289795135]], [[-101.46687365466362, 20.651940289795135], [-101.4668352908638, 20.651940838474967]], [[-101.46683587377916, 20.651976948868317], [-101.4668352908638, 20.651940838474967]], [[-101.4668352908638, 20.651940838474967], [-101.46679692706275, 20.651941387146287]], [[-101.46679750996906, 20.651977497540674], [-101.46679692706275, 20.651941387146287]], [[-101.46679692706275, 20.651941387146287], [-101.46675856326046, 20.651941935809088]], [[-101.46675914615771, 20.651978046204523], [-101.46675856326046, 20.651941935809088]], [[-101.46675856326046, 20.651941935809088], [-101.46672019945689, 20.65194248446338]], [[-101.4667207823451, 20.65197859485986], [-101.46672019945689, 20.65194248446338]], [[-101.46672019945689, 20.65194248446338], [-101.46668183565208, 20.651943033109152]], [[-101.46668241853128, 20.65197914350668], [-101.46668183565208, 20.651943033109152]], [[-101.46668183565208, 20.651943033109152], [-101.46664347184603, 20.65194358174642]], [[-101.46664405471617, 20.651979692144987], [-101.46664347184603, 20.65194358174642]], [[-101.46664347184603, 20.65194358174642], [-101.46660510803872, 20.651944130375163]], [[-101.46660569089981, 20.65198024077478], [-101.46660510803872, 20.651944130375163]], [[-101.46660510803872, 20.651944130375163], [-101.46656674423018, 20.6519446789954]], [[-101.46656732708223, 20.651980789396056], [-101.46656674423018, 20.6519446789954]], [[-101.46656674423018, 20.6519446789954], [-101.46652838042037, 20.651945227607122]], [[-101.46652896326337, 20.651981338008817], [-101.46652838042037, 20.651945227607122]], [[-101.46652838042037, 20.651945227607122], [-101.46649001660931, 20.651945776210326]], [[-101.46649059944328, 20.651981886613076], [-101.46649001660931, 20.651945776210326]], [[-101.46649001660931, 20.651945776210326], [-101.466451652797, 20.65194632480502]], [[-101.46645223562193, 20.65198243520881], [-101.466451652797, 20.65194632480502]], [[-101.466451652797, 20.65194632480502], [-101.46641328898346, 20.651946873391196]], [[-101.46641387179933, 20.651982983796035], [-101.46641328898346, 20.651946873391196]], [[-101.46641328898346, 20.651946873391196], [-101.46637492516865, 20.65194742196887]], [[-101.46637550797548, 20.651983532374743], [-101.46637492516865, 20.65194742196887]], [[-101.46637492516865, 20.65194742196887], [-101.46633656135259, 20.651947970538014]], [[-101.46633714415039, 20.651984080944942], [-101.46633656135259, 20.651947970538014]], [[-101.46633656135259, 20.651947970538014], [-101.46629819753528, 20.651948519098653]], [[-101.46629878032404, 20.65198462950662], [-101.46629819753528, 20.651948519098653]], [[-101.46629819753528, 20.651948519098653], [-101.46625983371673, 20.65194906765078]], [[-101.46626041649644, 20.65198517805979], [-101.46625983371673, 20.65194906765078]], [[-101.46625983371673, 20.65194906765078], [-101.46622146989694, 20.65194961619439]], [[-101.4662220526676, 20.651985726604444], [-101.46622146989694, 20.65194961619439]], [[-101.46622146989694, 20.65194961619439], [-101.46618310607589, 20.651950164729488]], [[-101.4661836888375, 20.651986275140587], [-101.46618310607589, 20.651950164729488]], [[-101.46618310607589, 20.651950164729488], [-101.46614474225358, 20.651950713256067]], [[-101.46614532500617, 20.65198682366821], [-101.46614474225358, 20.651950713256067]], [[-101.46614474225358, 20.651950713256067], [-101.46610637843003, 20.651951261774137]], [[-101.46610696117355, 20.65198737218733], [-101.46610637843003, 20.651951261774137]], [[-101.46610637843003, 20.651951261774137], [-101.46606801460521, 20.65195181028369]], [[-101.46606859733971, 20.651987920697927], [-101.46606801460521, 20.65195181028369]], [[-101.46606801460521, 20.65195181028369], [-101.46602965077916, 20.651952358784733]], [[-101.46603023350463, 20.651988469200013], [-101.46602965077916, 20.651952358784733]], [[-101.46602965077916, 20.651952358784733], [-101.46599128695186, 20.651952907277256]], [[-101.46599186966827, 20.65198901769358], [-101.46599128695186, 20.651952907277256]], [[-101.46599128695186, 20.651952907277256], [-101.46595292312331, 20.65195345576127]], [[-101.46595350583068, 20.65198956617864], [-101.46595292312331, 20.65195345576127]], [[-101.46595292312331, 20.65195345576127], [-101.46591455929352, 20.65195400423677]], [[-101.46591514199183, 20.651990114655185], [-101.46591455929352, 20.65195400423677]], [[-101.46591455929352, 20.65195400423677], [-101.46587619546247, 20.651954552703756]], [[-101.46587677815175, 20.65199066312321], [-101.46587619546247, 20.651954552703756]], [[-101.46587619546247, 20.651954552703756], [-101.46583783163017, 20.65195510116223]], [[-101.46583841431041, 20.651991211582732], [-101.46583783163017, 20.65195510116223]], [[-101.46583783163017, 20.65195510116223], [-101.46579946779663, 20.651955649612184]], [[-101.46580005046782, 20.651991760033727], [-101.46579946779663, 20.651955649612184]], [[-101.46579946779663, 20.651955649612184], [-101.46576110396181, 20.651956198053625]], [[-101.46576168662396, 20.651992308476217], [-101.46576110396181, 20.651956198053625]], [[-101.46576110396181, 20.651956198053625], [-101.46572274012577, 20.651956746486558]], [[-101.46572332277889, 20.65199285691019], [-101.46572274012577, 20.651956746486558]], [[-101.46572274012577, 20.651956746486558], [-101.46568437628846, 20.65195729491097]], [[-101.46568495893254, 20.651993405335656], [-101.46568437628846, 20.65195729491097]], [[-101.46568437628846, 20.65195729491097], [-101.46564601244992, 20.651957843326876]], [[-101.46564659508495, 20.651993953752605], [-101.46564601244992, 20.651957843326876]], [[-101.46564601244992, 20.651957843326876], [-101.46560764861013, 20.65195839173427]], [[-101.4656082312361, 20.651994502161035], [-101.46560764861013, 20.65195839173427]], [[-101.46560764861013, 20.65195839173427], [-101.46556928476907, 20.65195894013314]], [[-101.46556986738602, 20.651995050560952], [-101.46556928476907, 20.65195894013314]], [[-101.46556928476907, 20.65195894013314], [-101.4655309209268, 20.651959488523502]], [[-101.46553150353468, 20.651995598952357], [-101.4655309209268, 20.651959488523502]], [[-101.4655309209268, 20.651959488523502], [-101.46549255708325, 20.651960036905354]], [[-101.46549313968208, 20.65199614733525], [-101.46549255708325, 20.651960036905354]], [[-101.46549255708325, 20.651960036905354], [-101.46545419323846, 20.65196058527868]], [[-101.46545477582825, 20.65199669570963], [-101.46545419323846, 20.65196058527868]], [[-101.46545419323846, 20.65196058527868], [-101.4654158293924, 20.6519611336435]], [[-101.46541641197317, 20.651997244075492], [-101.4654158293924, 20.6519611336435]], [[-101.4654158293924, 20.6519611336435], [-101.46537746554512, 20.651961681999808]], [[-101.46537804811683, 20.651997792432837], [-101.46537746554512, 20.651961681999808]], [[-101.46537746554512, 20.651961681999808], [-101.46533910169657, 20.6519622303476]], [[-101.46533968425925, 20.651998340781677], [-101.46533910169657, 20.6519622303476]], [[-101.46533910169657, 20.6519622303476], [-101.46530073784677, 20.651962778686872]], [[-101.46530132040041, 20.65199888912199], [-101.46530073784677, 20.651962778686872]], [[-101.46530073784677, 20.651962778686872], [-101.46526237399574, 20.65196332701764]], [[-101.46526295654034, 20.651999437453803], [-101.46526237399574, 20.65196332701764]], [[-101.46526237399574, 20.65196332701764], [-101.46522401014344, 20.651963875339888]], [[-101.465224592679, 20.6519999857771], [-101.46522401014344, 20.651963875339888]], [[-101.46522401014344, 20.651963875339888], [-101.46518564628991, 20.651964423653627]], [[-101.46518622881642, 20.65200053409188], [-101.46518564628991, 20.651964423653627]], [[-101.46518564628991, 20.651964423653627], [-101.46514728243513, 20.65196497195885]], [[-101.46514786495258, 20.652001082398147], [-101.46514728243513, 20.65196497195885]], [[-101.46514728243513, 20.65196497195885], [-101.46510891857908, 20.65196552025556]], [[-101.46510950108751, 20.652001630695896], [-101.46510891857908, 20.65196552025556]], [[-101.46510891857908, 20.65196552025556], [-101.46507055472179, 20.651966068543754]], [[-101.46507113722117, 20.652002178985136], [-101.46507055472179, 20.651966068543754]], [[-101.46798620431412, 20.651924374376534], [-101.46798562112872, 20.651888264014374]], [[-101.46798562112872, 20.651888264014374], [-101.46794725737422, 20.651888812940058]], [[-101.46794784055056, 20.651924923303266], [-101.46794725737422, 20.651888812940058]], [[-101.46794725737422, 20.651888812940058], [-101.46790889361846, 20.651889361857233]], [[-101.46790947678576, 20.651925472221482], [-101.46790889361846, 20.651889361857233]], [[-101.46790889361846, 20.651889361857233], [-101.46787052986147, 20.651889910765888]], [[-101.46787111301973, 20.651926021131185], [-101.46787052986147, 20.651889910765888]], [[-101.46787052986147, 20.651889910765888], [-101.46783216610321, 20.65189045966603]], [[-101.46783274925242, 20.651926570032373], [-101.46783216610321, 20.65189045966603]], [[-101.46783216610321, 20.65189045966603], [-101.46779380234369, 20.651891008557666]], [[-101.46779438548388, 20.651927118925048], [-101.46779380234369, 20.651891008557666]], [[-101.46779380234369, 20.651891008557666], [-101.46775543858294, 20.65189155744078]], [[-101.46775602171408, 20.65192766780921], [-101.46775543858294, 20.65189155744078]], [[-101.46775543858294, 20.65189155744078], [-101.46771707482094, 20.651892106315387]], [[-101.46771765794303, 20.651928216684862], [-101.46771707482094, 20.651892106315387]], [[-101.46771707482094, 20.651892106315387], [-101.46767871105769, 20.651892655181477]], [[-101.46767929417074, 20.651928765551993], [-101.46767871105769, 20.651892655181477]], [[-101.46767871105769, 20.651892655181477], [-101.46764034729318, 20.651893204039055]], [[-101.46764093039718, 20.651929314410616], [-101.46764034729318, 20.651893204039055]], [[-101.46764034729318, 20.651893204039055], [-101.46760198352742, 20.651893752888114]], [[-101.46760256662238, 20.651929863260722], [-101.46760198352742, 20.651893752888114]], [[-101.46760198352742, 20.651893752888114], [-101.46756361976041, 20.651894301728664]], [[-101.46756420284633, 20.651930412102317], [-101.46756361976041, 20.651894301728664]], [[-101.46756361976041, 20.651894301728664], [-101.46752525599216, 20.651894850560698]], [[-101.46752583906904, 20.651930960935392], [-101.46752525599216, 20.651894850560698]], [[-101.46752525599216, 20.651894850560698], [-101.46748689222264, 20.651895399384216]], [[-101.46748747529047, 20.651931509759965], [-101.46748689222264, 20.651895399384216]], [[-101.46748689222264, 20.651895399384216], [-101.46744852845188, 20.651895948199222]], [[-101.46744911151067, 20.651932058576012], [-101.46744852845188, 20.651895948199222]], [[-101.46744852845188, 20.651895948199222], [-101.46741016467988, 20.65189649700572]], [[-101.46741074772963, 20.651932607383554], [-101.46741016467988, 20.65189649700572]], [[-101.46741016467988, 20.65189649700572], [-101.46737180090662, 20.651897045803697]], [[-101.4673723839473, 20.651933156182572], [-101.46737180090662, 20.651897045803697]], [[-101.46737180090662, 20.651897045803697], [-101.4673334371321, 20.65189759459316]], [[-101.46733402016376, 20.651933704973086], [-101.4673334371321, 20.65189759459316]], [[-101.4673334371321, 20.65189759459316], [-101.46729507335634, 20.65189814337412]], [[-101.46729565637897, 20.651934253755087], [-101.46729507335634, 20.65189814337412]], [[-101.46729507335634, 20.65189814337412], [-101.46725670957933, 20.651898692146553]], [[-101.4672572925929, 20.651934802528565], [-101.46725670957933, 20.651898692146553]], [[-101.46725670957933, 20.651898692146553], [-101.46721834580107, 20.65189924091048]], [[-101.46721892880561, 20.651935351293538], [-101.46721834580107, 20.65189924091048]], [[-101.46721834580107, 20.65189924091048], [-101.46717998202156, 20.65189978966589]], [[-101.46718056501705, 20.651935900049992], [-101.46717998202156, 20.65189978966589]], [[-101.46717998202156, 20.65189978966589], [-101.4671416182408, 20.651900338412787]], [[-101.46714220122723, 20.65193644879793], [-101.4671416182408, 20.651900338412787]], [[-101.4671416182408, 20.651900338412787], [-101.46710325445878, 20.65190088715117]], [[-101.46710383743618, 20.651936997537362], [-101.46710325445878, 20.65190088715117]], [[-101.46710325445878, 20.65190088715117], [-101.46706489067553, 20.651901435881037]], [[-101.46706547364388, 20.651937546268275], [-101.46706489067553, 20.651901435881037]], [[-101.46706489067553, 20.651901435881037], [-101.46702652689102, 20.65190198460239]], [[-101.46702710985032, 20.651938094990676], [-101.46702652689102, 20.65190198460239]], [[-101.46702652689102, 20.65190198460239], [-101.46698816310526, 20.651902533315234]], [[-101.46698874605552, 20.65193864370456], [-101.46698816310526, 20.651902533315234]], [[-101.46698816310526, 20.651902533315234], [-101.46694979931823, 20.65190308201956]], [[-101.46695038225947, 20.651939192409934], [-101.46694979931823, 20.65190308201956]], [[-101.46694979931823, 20.65190308201956], [-101.46691143552998, 20.651903630715378]], [[-101.46691201846217, 20.651939741106794], [-101.46691143552998, 20.651903630715378]], [[-101.46691143552998, 20.651903630715378], [-101.46687307174047, 20.651904179402678]], [[-101.46687365466362, 20.651940289795135], [-101.46687307174047, 20.651904179402678]], [[-101.46687307174047, 20.651904179402678], [-101.4668347079497, 20.65190472808146]], [[-101.4668352908638, 20.651940838474967], [-101.4668347079497, 20.65190472808146]], [[-101.4668347079497, 20.65190472808146], [-101.46679634415769, 20.651905276751734]], [[-101.46679692706275, 20.651941387146287], [-101.46679634415769, 20.651905276751734]], [[-101.46679634415769, 20.651905276751734], [-101.46675798036443, 20.65190582541349]], [[-101.46675856326046, 20.651941935809088], [-101.46675798036443, 20.65190582541349]], [[-101.46675798036443, 20.65190582541349], [-101.46671961656992, 20.65190637406674]], [[-101.46672019945689, 20.65194248446338], [-101.46671961656992, 20.65190637406674]], [[-101.46671961656992, 20.65190637406674], [-101.46668125277415, 20.65190692271147]], [[-101.46668183565208, 20.651943033109152], [-101.46668125277415, 20.65190692271147]], [[-101.46668125277415, 20.65190692271147], [-101.46664288897713, 20.651907471347684]], [[-101.46664347184603, 20.65194358174642], [-101.46664288897713, 20.651907471347684]], [[-101.46664288897713, 20.651907471347684], [-101.46660452517888, 20.65190801997539]], [[-101.46660510803872, 20.651944130375163], [-101.46660452517888, 20.65190801997539]], [[-101.46660452517888, 20.65190801997539], [-101.46656616137936, 20.65190856859458]], [[-101.46656674423018, 20.6519446789954], [-101.46656616137936, 20.65190856859458]], [[-101.46656616137936, 20.65190856859458], [-101.4665277975786, 20.651909117205253]], [[-101.46652838042037, 20.651945227607122], [-101.4665277975786, 20.651909117205253]], [[-101.4665277975786, 20.651909117205253], [-101.46648943377659, 20.651909665807416]], [[-101.46649001660931, 20.651945776210326], [-101.46648943377659, 20.651909665807416]], [[-101.46648943377659, 20.651909665807416], [-101.46645106997333, 20.651910214401067]], [[-101.466451652797, 20.65194632480502], [-101.46645106997333, 20.651910214401067]], [[-101.46645106997333, 20.651910214401067], [-101.46641270616882, 20.651910762986205]], [[-101.46641328898346, 20.651946873391196], [-101.46641270616882, 20.651910762986205]], [[-101.46641270616882, 20.651910762986205], [-101.46637434236305, 20.651911311562824]], [[-101.46637492516865, 20.65194742196887], [-101.46637434236305, 20.651911311562824]], [[-101.46637434236305, 20.651911311562824], [-101.46633597855605, 20.651911860130927]], [[-101.46633656135259, 20.651947970538014], [-101.46633597855605, 20.651911860130927]], [[-101.46633597855605, 20.651911860130927], [-101.46629761474779, 20.651912408690524]], [[-101.46629819753528, 20.651948519098653], [-101.46629761474779, 20.651912408690524]], [[-101.46629761474779, 20.651912408690524], [-101.46625925093828, 20.6519129572416]], [[-101.46625983371673, 20.65194906765078], [-101.46625925093828, 20.6519129572416]], [[-101.46625925093828, 20.6519129572416], [-101.46622088712752, 20.651913505784165]], [[-101.46622146989694, 20.65194961619439], [-101.46622088712752, 20.651913505784165]], [[-101.46622088712752, 20.651913505784165], [-101.46618252331551, 20.65191405431822]], [[-101.46618310607589, 20.651950164729488], [-101.46618252331551, 20.65191405431822]], [[-101.46618252331551, 20.65191405431822], [-101.46614415950224, 20.651914602843757]], [[-101.46614474225358, 20.651950713256067], [-101.46614415950224, 20.651914602843757]], [[-101.46614415950224, 20.651914602843757], [-101.46610579568772, 20.651915151360782]], [[-101.46610637843003, 20.651951261774137], [-101.46610579568772, 20.651915151360782]], [[-101.46610579568772, 20.651915151360782], [-101.46606743187198, 20.651915699869292]], [[-101.46606801460521, 20.65195181028369], [-101.46606743187198, 20.651915699869292]], [[-101.46606743187198, 20.651915699869292], [-101.46602906805497, 20.65191624836929]], [[-101.46602965077916, 20.651952358784733], [-101.46602906805497, 20.65191624836929]], [[-101.46602906805497, 20.65191624836929], [-101.4659907042367, 20.651916796860768]], [[-101.46599128695186, 20.651952907277256], [-101.4659907042367, 20.651916796860768]], [[-101.4659907042367, 20.651916796860768], [-101.46595234041719, 20.651917345343737]], [[-101.46595292312331, 20.65195345576127], [-101.46595234041719, 20.651917345343737]], [[-101.46595234041719, 20.651917345343737], [-101.46591397659645, 20.651917893818194]], [[-101.46591455929352, 20.65195400423677], [-101.46591397659645, 20.651917893818194]], [[-101.46591397659645, 20.651917893818194], [-101.46587561277444, 20.651918442284135]], [[-101.46587619546247, 20.651954552703756], [-101.46587561277444, 20.651918442284135]], [[-101.46587561277444, 20.651918442284135], [-101.46583724895117, 20.651918990741564]], [[-101.46583783163017, 20.65195510116223], [-101.46583724895117, 20.651918990741564]], [[-101.46583724895117, 20.651918990741564], [-101.46579888512667, 20.651919539190477]], [[-101.46579946779663, 20.651955649612184], [-101.46579888512667, 20.651919539190477]], [[-101.46579888512667, 20.651919539190477], [-101.46576052130092, 20.651920087630874]], [[-101.46576110396181, 20.651956198053625], [-101.46576052130092, 20.651920087630874]], [[-101.46576052130092, 20.651920087630874], [-101.4657221574739, 20.651920636062762]], [[-101.46572274012577, 20.651956746486558], [-101.4657221574739, 20.651920636062762]], [[-101.4657221574739, 20.651920636062762], [-101.46568379364565, 20.651921184486135]], [[-101.46568437628846, 20.65195729491097], [-101.46568379364565, 20.651921184486135]], [[-101.46568379364565, 20.651921184486135], [-101.46564542981616, 20.65192173290099]], [[-101.46564601244992, 20.651957843326876], [-101.46564542981616, 20.65192173290099]], [[-101.46564542981616, 20.65192173290099], [-101.4656070659854, 20.651922281307336]], [[-101.46560764861013, 20.65195839173427], [-101.4656070659854, 20.651922281307336]], [[-101.4656070659854, 20.651922281307336], [-101.46556870215339, 20.651922829705164]], [[-101.46556928476907, 20.65195894013314], [-101.46556870215339, 20.651922829705164]], [[-101.46556870215339, 20.651922829705164], [-101.46553033832014, 20.651923378094484]], [[-101.4655309209268, 20.651959488523502], [-101.46553033832014, 20.651923378094484]], [[-101.46553033832014, 20.651923378094484], [-101.46549197448564, 20.651923926475288]], [[-101.46549255708325, 20.651960036905354], [-101.46549197448564, 20.651923926475288]], [[-101.46549197448564, 20.651923926475288], [-101.46545361064989, 20.651924474847576]], [[-101.46545419323846, 20.65196058527868], [-101.46545361064989, 20.651924474847576]], [[-101.46545361064989, 20.651924474847576], [-101.46541524681288, 20.651925023211348]], [[-101.4654158293924, 20.6519611336435], [-101.46541524681288, 20.651925023211348]], [[-101.46541524681288, 20.651925023211348], [-101.46537688297465, 20.65192557156661]], [[-101.46537746554512, 20.651961681999808], [-101.46537688297465, 20.65192557156661]], [[-101.46537688297465, 20.65192557156661], [-101.46533851913514, 20.651926119913355]], [[-101.46533910169657, 20.6519622303476], [-101.46533851913514, 20.651926119913355]], [[-101.46533851913514, 20.651926119913355], [-101.46530015529439, 20.651926668251594]], [[-101.46530073784677, 20.651962778686872], [-101.46530015529439, 20.651926668251594]], [[-101.46530015529439, 20.651926668251594], [-101.46526179145239, 20.651927216581313]], [[-101.46526237399574, 20.65196332701764], [-101.46526179145239, 20.651927216581313]], [[-101.46526179145239, 20.651927216581313], [-101.46522342760916, 20.65192776490252]], [[-101.46522401014344, 20.651963875339888], [-101.46522342760916, 20.65192776490252]], [[-101.46522342760916, 20.65192776490252], [-101.46518506376465, 20.65192831321521]], [[-101.46518564628991, 20.651964423653627], [-101.46518506376465, 20.65192831321521]], [[-101.46518506376465, 20.65192831321521], [-101.4651466999189, 20.651928861519387]], [[-101.46514728243513, 20.65196497195885], [-101.4651466999189, 20.651928861519387]], [[-101.4651466999189, 20.651928861519387], [-101.46510833607192, 20.65192940981505]], [[-101.46510891857908, 20.65196552025556], [-101.46510833607192, 20.65192940981505]], [[-101.46510833607192, 20.65192940981505], [-101.46506997222367, 20.651929958102205]], [[-101.46507055472179, 20.651966068543754], [-101.46506997222367, 20.651929958102205]], [[-101.46798562112872, 20.651888264014374], [-101.46798503794459, 20.651852153652044]], [[-101.46798503794459, 20.651852153652044], [-101.46794667419911, 20.65185270257669]], [[-101.46794725737422, 20.651888812940058], [-101.46794667419911, 20.65185270257669]], [[-101.46794667419911, 20.65185270257669], [-101.46790831045242, 20.651853251492817]], [[-101.46790889361846, 20.651889361857233], [-101.46790831045242, 20.651853251492817]], [[-101.46790831045242, 20.651853251492817], [-101.46786994670445, 20.65185380040043]], [[-101.46787052986147, 20.651889910765888], [-101.46786994670445, 20.65185380040043]], [[-101.46786994670445, 20.65185380040043], [-101.46783158295524, 20.651854349299526]], [[-101.46783216610321, 20.65189045966603], [-101.46783158295524, 20.651854349299526]], [[-101.46783158295524, 20.651854349299526], [-101.46779321920476, 20.651854898190116]], [[-101.46779380234369, 20.651891008557666], [-101.46779321920476, 20.651854898190116]], [[-101.46779321920476, 20.651854898190116], [-101.46775485545307, 20.65185544707219]], [[-101.46775543858294, 20.65189155744078], [-101.46775485545307, 20.65185544707219]], [[-101.46775485545307, 20.65185544707219], [-101.46771649170009, 20.651855995945745]], [[-101.46771707482094, 20.651892106315387], [-101.46771649170009, 20.651855995945745]], [[-101.46771649170009, 20.651855995945745], [-101.46767812794587, 20.65185654481079]], [[-101.46767871105769, 20.651892655181477], [-101.46767812794587, 20.65185654481079]], [[-101.46767812794587, 20.65185654481079], [-101.46763976419042, 20.65185709366732]], [[-101.46764034729318, 20.651893204039055], [-101.46763976419042, 20.65185709366732]], [[-101.46763976419042, 20.65185709366732], [-101.46760140043371, 20.651857642515342]], [[-101.46760198352742, 20.651893752888114], [-101.46760140043371, 20.651857642515342]], [[-101.46760140043371, 20.651857642515342], [-101.46756303667573, 20.651858191354844]], [[-101.46756361976041, 20.651894301728664], [-101.46756303667573, 20.651858191354844]], [[-101.46756303667573, 20.651858191354844], [-101.46752467291653, 20.65185874018583]], [[-101.46752525599216, 20.651894850560698], [-101.46752467291653, 20.65185874018583]], [[-101.46752467291653, 20.65185874018583], [-101.46748630915606, 20.65185928900831]], [[-101.46748689222264, 20.651895399384216], [-101.46748630915606, 20.65185928900831]], [[-101.46748630915606, 20.65185928900831], [-101.46744794539434, 20.651859837822272]], [[-101.46744852845188, 20.651895948199222], [-101.46744794539434, 20.651859837822272]], [[-101.46744794539434, 20.651859837822272], [-101.46740958163137, 20.651860386627718]], [[-101.46741016467988, 20.65189649700572], [-101.46740958163137, 20.651860386627718]], [[-101.46740958163137, 20.651860386627718], [-101.46737121786715, 20.651860935424654]], [[-101.46737180090662, 20.651897045803697], [-101.46737121786715, 20.651860935424654]], [[-101.46737121786715, 20.651860935424654], [-101.46733285410168, 20.651861484213068]], [[-101.4673334371321, 20.65189759459316], [-101.46733285410168, 20.651861484213068]], [[-101.46733285410168, 20.651861484213068], [-101.46729449033496, 20.651862032992973]], [[-101.46729507335634, 20.65189814337412], [-101.46729449033496, 20.651862032992973]], [[-101.46729449033496, 20.651862032992973], [-101.46725612656701, 20.651862581764373]], [[-101.46725670957933, 20.651898692146553], [-101.46725612656701, 20.651862581764373]], [[-101.46725612656701, 20.651862581764373], [-101.46721776279779, 20.65186313052725]], [[-101.46721834580107, 20.65189924091048], [-101.46721776279779, 20.65186313052725]], [[-101.46721776279779, 20.65186313052725], [-101.46717939902732, 20.651863679281615]], [[-101.46717998202156, 20.65189978966589], [-101.46717939902732, 20.651863679281615]], [[-101.46717939902732, 20.651863679281615], [-101.4671410352556, 20.651864228027467]], [[-101.4671416182408, 20.651900338412787], [-101.4671410352556, 20.651864228027467]], [[-101.4671410352556, 20.651864228027467], [-101.46710267148262, 20.651864776764807]], [[-101.46710325445878, 20.65190088715117], [-101.46710267148262, 20.651864776764807]], [[-101.46710267148262, 20.651864776764807], [-101.46706430770841, 20.65186532549363]], [[-101.46706489067553, 20.651901435881037], [-101.46706430770841, 20.65186532549363]], [[-101.46706430770841, 20.65186532549363], [-101.46702594393295, 20.65186587421394]], [[-101.46702652689102, 20.65190198460239], [-101.46702594393295, 20.65186587421394]], [[-101.46702594393295, 20.65186587421394], [-101.46698758015621, 20.651866422925742]], [[-101.46698816310526, 20.651902533315234], [-101.46698758015621, 20.651866422925742]], [[-101.46698758015621, 20.651866422925742], [-101.46694921637825, 20.65186697162902]], [[-101.46694979931823, 20.65190308201956], [-101.46694921637825, 20.65186697162902]], [[-101.46694921637825, 20.65186697162902], [-101.46691085259904, 20.651867520323787]], [[-101.46691143552998, 20.651903630715378], [-101.46691085259904, 20.651867520323787]], [[-101.46691085259904, 20.651867520323787], [-101.46687248881857, 20.651868069010046]], [[-101.46687307174047, 20.651904179402678], [-101.46687248881857, 20.651868069010046]], [[-101.46687248881857, 20.651868069010046], [-101.46683412503684, 20.65186861768779]], [[-101.4668347079497, 20.65190472808146], [-101.46683412503684, 20.65186861768779]], [[-101.46683412503684, 20.65186861768779], [-101.46679576125388, 20.651869166357017]], [[-101.46679634415769, 20.651905276751734], [-101.46679576125388, 20.651869166357017]], [[-101.46679576125388, 20.651869166357017], [-101.46675739746965, 20.651869715017728]], [[-101.46675798036443, 20.65190582541349], [-101.46675739746965, 20.651869715017728]], [[-101.46675739746965, 20.651869715017728], [-101.46671903368419, 20.65187026366993]], [[-101.46671961656992, 20.65190637406674], [-101.46671903368419, 20.65187026366993]], [[-101.46671903368419, 20.65187026366993], [-101.46668066989747, 20.65187081231362]], [[-101.46668125277415, 20.65190692271147], [-101.46668066989747, 20.65187081231362]], [[-101.46668066989747, 20.65187081231362], [-101.46664230610949, 20.65187136094879]], [[-101.46664288897713, 20.651907471347684], [-101.46664230610949, 20.65187136094879]], [[-101.46664230610949, 20.65187136094879], [-101.46660394232028, 20.65187190957545]], [[-101.46660452517888, 20.65190801997539], [-101.46660394232028, 20.65187190957545]], [[-101.46660394232028, 20.65187190957545], [-101.46656557852981, 20.651872458193598]], [[-101.46656616137936, 20.65190856859458], [-101.46656557852981, 20.651872458193598]], [[-101.46656557852981, 20.651872458193598], [-101.4665272147381, 20.65187300680323]], [[-101.4665277975786, 20.651909117205253], [-101.4665272147381, 20.65187300680323]], [[-101.4665272147381, 20.65187300680323], [-101.46648885094513, 20.65187355540434]], [[-101.46648943377659, 20.651909665807416], [-101.46648885094513, 20.65187355540434]], [[-101.46648885094513, 20.65187355540434], [-101.4664504871509, 20.651874103996946]], [[-101.46645106997333, 20.651910214401067], [-101.4664504871509, 20.651874103996946]], [[-101.4664504871509, 20.651874103996946], [-101.46641212335543, 20.651874652581036]], [[-101.46641270616882, 20.651910762986205], [-101.46641212335543, 20.651874652581036]], [[-101.46641212335543, 20.651874652581036], [-101.46637375955872, 20.651875201156614]], [[-101.46637434236305, 20.651911311562824], [-101.46637375955872, 20.651875201156614]], [[-101.46637375955872, 20.651875201156614], [-101.46633539576075, 20.651875749723672]], [[-101.46633597855605, 20.651911860130927], [-101.46633539576075, 20.651875749723672]], [[-101.46633539576075, 20.651875749723672], [-101.46629703196153, 20.65187629828222]], [[-101.46629761474779, 20.651912408690524], [-101.46629703196153, 20.65187629828222]], [[-101.46629703196153, 20.65187629828222], [-101.46625866816106, 20.65187684683226]], [[-101.46625925093828, 20.6519129572416], [-101.46625866816106, 20.65187684683226]], [[-101.46625866816106, 20.65187684683226], [-101.46622030435935, 20.651877395373777]], [[-101.46622088712752, 20.651913505784165], [-101.46622030435935, 20.651877395373777]], [[-101.46622030435935, 20.651877395373777], [-101.46618194055638, 20.651877943906786]], [[-101.46618252331551, 20.65191405431822], [-101.46618194055638, 20.651877943906786]], [[-101.46618194055638, 20.651877943906786], [-101.46614357675216, 20.65187849243128]], [[-101.46614415950224, 20.651914602843757], [-101.46614357675216, 20.65187849243128]], [[-101.46614357675216, 20.65187849243128], [-101.46610521294669, 20.65187904094726]], [[-101.46610579568772, 20.651915151360782], [-101.46610521294669, 20.65187904094726]], [[-101.46610521294669, 20.65187904094726], [-101.46606684913998, 20.651879589454726]], [[-101.46606743187198, 20.651915699869292], [-101.46606684913998, 20.651879589454726]], [[-101.46606684913998, 20.651879589454726], [-101.46602848533202, 20.651880137953682]], [[-101.46602906805497, 20.65191624836929], [-101.46602848533202, 20.651880137953682]], [[-101.46602848533202, 20.651880137953682], [-101.4659901215228, 20.651880686444116]], [[-101.4659907042367, 20.651916796860768], [-101.4659901215228, 20.651880686444116]], [[-101.4659901215228, 20.651880686444116], [-101.46595175771233, 20.65188123492604]], [[-101.46595234041719, 20.651917345343737], [-101.46595175771233, 20.65188123492604]], [[-101.46595175771233, 20.65188123492604], [-101.46591339390062, 20.651881783399453]], [[-101.46591397659645, 20.651917893818194], [-101.46591339390062, 20.651881783399453]], [[-101.46591339390062, 20.651881783399453], [-101.46587503008764, 20.65188233186435]], [[-101.46587561277444, 20.651918442284135], [-101.46587503008764, 20.65188233186435]], [[-101.46587503008764, 20.65188233186435], [-101.46583666627345, 20.65188288032073]], [[-101.46583724895117, 20.651918990741564], [-101.46583666627345, 20.65188288032073]], [[-101.46583666627345, 20.65188288032073], [-101.46579830245797, 20.6518834287686]], [[-101.46579888512667, 20.651919539190477], [-101.46579830245797, 20.6518834287686]], [[-101.46579830245797, 20.6518834287686], [-101.46575993864126, 20.651883977207955]], [[-101.46576052130092, 20.651920087630874], [-101.46575993864126, 20.651883977207955]], [[-101.46575993864126, 20.651883977207955], [-101.4657215748233, 20.6518845256388]], [[-101.4657221574739, 20.651920636062762], [-101.4657215748233, 20.6518845256388]], [[-101.4657215748233, 20.6518845256388], [-101.46568321100409, 20.651885074061127]], [[-101.46568379364565, 20.651921184486135], [-101.46568321100409, 20.651885074061127]], [[-101.46568321100409, 20.651885074061127], [-101.46564484718363, 20.65188562247494]], [[-101.46564542981616, 20.65192173290099], [-101.46564484718363, 20.65188562247494]], [[-101.46564484718363, 20.65188562247494], [-101.46560648336192, 20.65188617088024]], [[-101.4656070659854, 20.651922281307336], [-101.46560648336192, 20.65188617088024]], [[-101.46560648336192, 20.65188617088024], [-101.46556811953897, 20.651886719277027]], [[-101.46556870215339, 20.651922829705164], [-101.46556811953897, 20.651886719277027]], [[-101.46556811953897, 20.651886719277027], [-101.46552975571474, 20.651887267665295]], [[-101.46553033832014, 20.651923378094484], [-101.46552975571474, 20.651887267665295]], [[-101.46552975571474, 20.651887267665295], [-101.46549139188929, 20.651887816045058]], [[-101.46549197448564, 20.651923926475288], [-101.46549139188929, 20.651887816045058]], [[-101.46549139188929, 20.651887816045058], [-101.46545302806258, 20.6518883644163]], [[-101.46545361064989, 20.651924474847576], [-101.46545302806258, 20.6518883644163]], [[-101.46545302806258, 20.6518883644163], [-101.46541466423463, 20.651888912779032]], [[-101.46541524681288, 20.651925023211348], [-101.46541466423463, 20.651888912779032]], [[-101.46541466423463, 20.651888912779032], [-101.46537630040542, 20.65188946113325]], [[-101.46537688297465, 20.65192557156661], [-101.46537630040542, 20.65188946113325]], [[-101.46537630040542, 20.65188946113325], [-101.46533793657497, 20.65189000947895]], [[-101.46533851913514, 20.651926119913355], [-101.46533793657497, 20.65189000947895]], [[-101.46533793657497, 20.65189000947895], [-101.46529957274325, 20.65189055781614]], [[-101.46530015529439, 20.651926668251594], [-101.46529957274325, 20.65189055781614]], [[-101.46529957274325, 20.65189055781614], [-101.4652612089103, 20.651891106144816]], [[-101.46526179145239, 20.651927216581313], [-101.4652612089103, 20.651891106144816]], [[-101.4652612089103, 20.651891106144816], [-101.4652228450761, 20.651891654464976]], [[-101.46522342760916, 20.65192776490252], [-101.4652228450761, 20.651891654464976]], [[-101.4652228450761, 20.651891654464976], [-101.46518448124064, 20.651892202776626]], [[-101.46518506376465, 20.65192831321521], [-101.46518448124064, 20.651892202776626]], [[-101.46518448124064, 20.651892202776626], [-101.46514611740395, 20.651892751079764]], [[-101.4651466999189, 20.651928861519387], [-101.46514611740395, 20.651892751079764]], [[-101.46514611740395, 20.651892751079764], [-101.465107753566, 20.651893299374382]], [[-101.46510833607192, 20.65192940981505], [-101.465107753566, 20.651893299374382]], [[-101.465107753566, 20.651893299374382], [-101.46506938972679, 20.65189384766049]], [[-101.46506997222367, 20.651929958102205], [-101.46506938972679, 20.65189384766049]], [[-101.46798503794459, 20.651852153652044], [-101.46798445476169, 20.651816043289557]], [[-101.46798445476169, 20.651816043289557], [-101.46794609102527, 20.651816592213155]], [[-101.46794667419911, 20.65185270257669], [-101.46794609102527, 20.651816592213155]], [[-101.46794609102527, 20.651816592213155], [-101.4679077272876, 20.651817141128234]], [[-101.46790831045242, 20.651853251492817], [-101.4679077272876, 20.651817141128234]], [[-101.4679077272876, 20.651817141128234], [-101.46786936354867, 20.651817690034797]], [[-101.46786994670445, 20.65185380040043], [-101.46786936354867, 20.651817690034797]], [[-101.46786936354867, 20.651817690034797], [-101.46783099980851, 20.651818238932854]], [[-101.46783158295524, 20.651854349299526], [-101.46783099980851, 20.651818238932854]], [[-101.46783099980851, 20.651818238932854], [-101.46779263606709, 20.651818787822396]], [[-101.46779321920476, 20.651854898190116], [-101.46779263606709, 20.651818787822396]], [[-101.46779263606709, 20.651818787822396], [-101.46775427232443, 20.65181933670342]], [[-101.46775485545307, 20.65185544707219], [-101.46775427232443, 20.65181933670342]], [[-101.46775427232443, 20.65181933670342], [-101.4677159085805, 20.651819885575936]], [[-101.46771649170009, 20.651855995945745], [-101.4677159085805, 20.651819885575936]], [[-101.4677159085805, 20.651819885575936], [-101.46767754483534, 20.65182043443993]], [[-101.46767812794587, 20.65185654481079], [-101.46767754483534, 20.65182043443993]], [[-101.46767754483534, 20.65182043443993], [-101.46763918108891, 20.651820983295423]], [[-101.46763976419042, 20.65185709366732], [-101.46763918108891, 20.651820983295423]], [[-101.46763918108891, 20.651820983295423], [-101.46760081734125, 20.651821532142392]], [[-101.46760140043371, 20.651857642515342], [-101.46760081734125, 20.651821532142392]], [[-101.46760081734125, 20.651821532142392], [-101.46756245359231, 20.651822080980846]], [[-101.46756303667573, 20.651858191354844], [-101.46756245359231, 20.651822080980846]], [[-101.46756245359231, 20.651822080980846], [-101.46752408984214, 20.6518226298108]], [[-101.46752467291653, 20.65185874018583], [-101.46752408984214, 20.6518226298108]], [[-101.46752408984214, 20.6518226298108], [-101.46748572609073, 20.651823178632224]], [[-101.46748630915606, 20.65185928900831], [-101.46748572609073, 20.651823178632224]], [[-101.46748572609073, 20.651823178632224], [-101.46744736233805, 20.65182372744514]], [[-101.46744794539434, 20.651859837822272], [-101.46744736233805, 20.65182372744514]], [[-101.46744736233805, 20.65182372744514], [-101.46740899858413, 20.651824276249545]], [[-101.46740958163137, 20.651860386627718], [-101.46740899858413, 20.651824276249545]], [[-101.46740899858413, 20.651824276249545], [-101.46737063482895, 20.651824825045434]], [[-101.46737121786715, 20.651860935424654], [-101.46737063482895, 20.651824825045434]], [[-101.46737063482895, 20.651824825045434], [-101.46733227107252, 20.65182537383281]], [[-101.46733285410168, 20.651861484213068], [-101.46733227107252, 20.65182537383281]], [[-101.46733227107252, 20.65182537383281], [-101.46729390731485, 20.651825922611675]], [[-101.46729449033496, 20.651862032992973], [-101.46729390731485, 20.651825922611675]], [[-101.46729390731485, 20.651825922611675], [-101.46725554355592, 20.65182647138202]], [[-101.46725612656701, 20.651862581764373], [-101.46725554355592, 20.65182647138202]], [[-101.46725554355592, 20.65182647138202], [-101.46721717979575, 20.651827020143855]], [[-101.46721776279779, 20.65186313052725], [-101.46721717979575, 20.651827020143855]], [[-101.46721717979575, 20.651827020143855], [-101.46717881603433, 20.651827568897172]], [[-101.46717939902732, 20.651863679281615], [-101.46717881603433, 20.651827568897172]], [[-101.46717881603433, 20.651827568897172], [-101.46714045227165, 20.651828117641983]], [[-101.4671410352556, 20.651864228027467], [-101.46714045227165, 20.651828117641983]], [[-101.46714045227165, 20.651828117641983], [-101.46710208850773, 20.651828666378275]], [[-101.46710267148262, 20.651864776764807], [-101.46710208850773, 20.651828666378275]], [[-101.46710208850773, 20.651828666378275], [-101.46706372474254, 20.651829215106055]], [[-101.46706430770841, 20.65186532549363], [-101.46706372474254, 20.651829215106055]], [[-101.46706372474254, 20.651829215106055], [-101.46702536097612, 20.65182976382532]], [[-101.46702594393295, 20.65186587421394], [-101.46702536097612, 20.65182976382532]], [[-101.46702536097612, 20.65182976382532], [-101.46698699720845, 20.65183031253607]], [[-101.46698758015621, 20.651866422925742], [-101.46698699720845, 20.65183031253607]], [[-101.46698699720845, 20.65183031253607], [-101.46694863343951, 20.651830861238313]], [[-101.46694921637825, 20.65186697162902], [-101.46694863343951, 20.651830861238313]], [[-101.46694863343951, 20.651830861238313], [-101.46691026966934, 20.651831409932036]], [[-101.46691085259904, 20.651867520323787], [-101.46691026966934, 20.651831409932036]], [[-101.46691026966934, 20.651831409932036], [-101.46687190589792, 20.651831958617244]], [[-101.46687248881857, 20.651868069010046], [-101.46687190589792, 20.651831958617244]], [[-101.46687190589792, 20.651831958617244], [-101.46683354212523, 20.651832507293946]], [[-101.46683412503684, 20.65186861768779], [-101.46683354212523, 20.651832507293946]], [[-101.46683354212523, 20.651832507293946], [-101.46679517835132, 20.651833055962125]], [[-101.46679576125388, 20.651869166357017], [-101.46679517835132, 20.651833055962125]], [[-101.46679517835132, 20.651833055962125], [-101.46675681457614, 20.651833604621796]], [[-101.46675739746965, 20.651869715017728], [-101.46675681457614, 20.651833604621796]], [[-101.46675681457614, 20.651833604621796], [-101.4667184507997, 20.651834153272954]], [[-101.46671903368419, 20.65187026366993], [-101.4667184507997, 20.651834153272954]], [[-101.4667184507997, 20.651834153272954], [-101.46668008702204, 20.651834701915597]], [[-101.46668066989747, 20.65187081231362], [-101.46668008702204, 20.651834701915597]], [[-101.46668008702204, 20.651834701915597], [-101.46664172324311, 20.651835250549723]], [[-101.46664230610949, 20.65187136094879], [-101.46664172324311, 20.651835250549723]], [[-101.46664172324311, 20.651835250549723], [-101.46660335946294, 20.651835799175338]], [[-101.46660394232028, 20.65187190957545], [-101.46660335946294, 20.651835799175338]], [[-101.46660335946294, 20.651835799175338], [-101.46656499568151, 20.651836347792436]], [[-101.46656557852981, 20.651872458193598], [-101.46656499568151, 20.651836347792436]], [[-101.46656499568151, 20.651836347792436], [-101.46652663189883, 20.651836896401022]], [[-101.4665272147381, 20.65187300680323], [-101.46652663189883, 20.651836896401022]], [[-101.46652663189883, 20.651836896401022], [-101.4664882681149, 20.6518374450011]], [[-101.46648885094513, 20.65187355540434], [-101.4664882681149, 20.6518374450011]], [[-101.4664882681149, 20.6518374450011], [-101.46644990432972, 20.651837993592654]], [[-101.4664504871509, 20.651874103996946], [-101.46644990432972, 20.651837993592654]], [[-101.46644990432972, 20.651837993592654], [-101.4664115405433, 20.6518385421757]], [[-101.46641212335543, 20.651874652581036], [-101.4664115405433, 20.6518385421757]], [[-101.4664115405433, 20.6518385421757], [-101.46637317675564, 20.65183909075023]], [[-101.46637375955872, 20.651875201156614], [-101.46637317675564, 20.65183909075023]], [[-101.46637317675564, 20.65183909075023], [-101.4663348129667, 20.651839639316258]], [[-101.46633539576075, 20.651875749723672], [-101.4663348129667, 20.651839639316258]], [[-101.4663348129667, 20.651839639316258], [-101.46629644917653, 20.65184018787376]], [[-101.46629703196153, 20.65187629828222], [-101.46629644917653, 20.65184018787376]], [[-101.46629644917653, 20.65184018787376], [-101.4662580853851, 20.651840736422745]], [[-101.46625866816106, 20.65187684683226], [-101.4662580853851, 20.651840736422745]], [[-101.4662580853851, 20.651840736422745], [-101.46621972159242, 20.65184128496322]], [[-101.46622030435935, 20.651877395373777], [-101.46621972159242, 20.65184128496322]], [[-101.46621972159242, 20.65184128496322], [-101.4661813577985, 20.65184183349518]], [[-101.46618194055638, 20.651877943906786], [-101.4661813577985, 20.65184183349518]], [[-101.4661813577985, 20.65184183349518], [-101.46614299400333, 20.651842382018632]], [[-101.46614357675216, 20.65187849243128], [-101.46614299400333, 20.651842382018632]], [[-101.46614299400333, 20.651842382018632], [-101.46610463020691, 20.65184293053357]], [[-101.46610521294669, 20.65187904094726], [-101.46610463020691, 20.65184293053357]], [[-101.46610463020691, 20.65184293053357], [-101.46606626640923, 20.651843479039993]], [[-101.46606684913998, 20.651879589454726], [-101.46606626640923, 20.651843479039993]], [[-101.46606626640923, 20.651843479039993], [-101.46602790261032, 20.651844027537898]], [[-101.46602848533202, 20.651880137953682], [-101.46602790261032, 20.651844027537898]], [[-101.46602790261032, 20.651844027537898], [-101.46598953881013, 20.651844576027294]], [[-101.4659901215228, 20.651880686444116], [-101.46598953881013, 20.651844576027294]], [[-101.46598953881013, 20.651844576027294], [-101.46595117500871, 20.65184512450817]], [[-101.46595175771233, 20.65188123492604], [-101.46595117500871, 20.65184512450817]], [[-101.46595117500871, 20.65184512450817], [-101.46591281120605, 20.651845672980535]], [[-101.46591339390062, 20.651881783399453], [-101.46591281120605, 20.651845672980535]], [[-101.46591281120605, 20.651845672980535], [-101.46587444740211, 20.65184622144439]], [[-101.46587503008764, 20.65188233186435], [-101.46587444740211, 20.65184622144439]], [[-101.46587444740211, 20.65184622144439], [-101.46583608359695, 20.651846769899727]], [[-101.46583666627345, 20.65188288032073], [-101.46583608359695, 20.651846769899727]], [[-101.46583608359695, 20.651846769899727], [-101.46579771979053, 20.651847318346555]], [[-101.46579830245797, 20.6518834287686], [-101.46579771979053, 20.651847318346555]], [[-101.46579771979053, 20.651847318346555], [-101.46575935598287, 20.651847866784863]], [[-101.46575993864126, 20.651883977207955], [-101.46575935598287, 20.651847866784863]], [[-101.46575935598287, 20.651847866784863], [-101.46572099217394, 20.651848415214662]], [[-101.4657215748233, 20.6518845256388], [-101.46572099217394, 20.651848415214662]], [[-101.46572099217394, 20.651848415214662], [-101.46568262836378, 20.65184896363595]], [[-101.46568321100409, 20.651885074061127], [-101.46568262836378, 20.65184896363595]], [[-101.46568262836378, 20.65184896363595], [-101.46564426455235, 20.651849512048717]], [[-101.46564484718363, 20.65188562247494], [-101.46564426455235, 20.651849512048717]], [[-101.46564426455235, 20.651849512048717], [-101.46560590073969, 20.65185006045297]], [[-101.46560648336192, 20.65188617088024], [-101.46560590073969, 20.65185006045297]], [[-101.46560590073969, 20.65185006045297], [-101.46556753692578, 20.651850608848715]], [[-101.46556811953897, 20.651886719277027], [-101.46556753692578, 20.651850608848715]], [[-101.46556753692578, 20.651850608848715], [-101.46552917311061, 20.651851157235942]], [[-101.46552975571474, 20.651887267665295], [-101.46552917311061, 20.651851157235942]], [[-101.46552917311061, 20.651851157235942], [-101.4654908092942, 20.651851705614657]], [[-101.46549139188929, 20.651887816045058], [-101.4654908092942, 20.651851705614657]], [[-101.4654908092942, 20.651851705614657], [-101.46545244547652, 20.65185225398486]], [[-101.46545302806258, 20.6518883644163], [-101.46545244547652, 20.65185225398486]], [[-101.46545244547652, 20.65185225398486], [-101.46541408165761, 20.651852802346543]], [[-101.46541466423463, 20.651888912779032], [-101.46541408165761, 20.651852802346543]], [[-101.46541408165761, 20.651852802346543], [-101.46537571783745, 20.651853350699717]], [[-101.46537630040542, 20.65188946113325], [-101.46537571783745, 20.651853350699717]], [[-101.46537571783745, 20.651853350699717], [-101.46533735401604, 20.651853899044372]], [[-101.46533793657497, 20.65189000947895], [-101.46533735401604, 20.651853899044372]], [[-101.46533735401604, 20.651853899044372], [-101.46529899019338, 20.651854447380522]], [[-101.46529957274325, 20.65189055781614], [-101.46529899019338, 20.651854447380522]], [[-101.46529899019338, 20.651854447380522], [-101.46526062636947, 20.651854995708153]], [[-101.4652612089103, 20.651891106144816], [-101.46526062636947, 20.651854995708153]], [[-101.46526062636947, 20.651854995708153], [-101.4652222625443, 20.65185554402727]], [[-101.4652228450761, 20.651891654464976], [-101.4652222625443, 20.65185554402727]], [[-101.4652222625443, 20.65185554402727], [-101.46518389871788, 20.651856092337876]], [[-101.46518448124064, 20.651892202776626], [-101.46518389871788, 20.651856092337876]], [[-101.46518389871788, 20.651856092337876], [-101.46514553489023, 20.651856640639966]], [[-101.46514611740395, 20.651892751079764], [-101.46514553489023, 20.651856640639966]], [[-101.46514553489023, 20.651856640639966], [-101.46510717106133, 20.651857188933544]], [[-101.465107753566, 20.651893299374382], [-101.46510717106133, 20.651857188933544]], [[-101.46510717106133, 20.651857188933544], [-101.46506880723116, 20.651857737218602]], [[-101.46506938972679, 20.65189384766049], [-101.46506880723116, 20.651857737218602]], [[-101.46798445476169, 20.651816043289557], [-101.46798387158005, 20.651779932926896]], [[-101.46798387158005, 20.651779932926896], [-101.46794550785266, 20.651780481849443]], [[-101.46794609102527, 20.651816592213155], [-101.46794550785266, 20.651780481849443]], [[-101.46794550785266, 20.651780481849443], [-101.46790714412404, 20.651781030763484]], [[-101.4679077272876, 20.651817141128234], [-101.46790714412404, 20.651781030763484]], [[-101.46790714412404, 20.651781030763484], [-101.46786878039417, 20.65178157966901]], [[-101.46786936354867, 20.651817690034797], [-101.46786878039417, 20.65178157966901]], [[-101.46786878039417, 20.65178157966901], [-101.46783041666305, 20.65178212856602]], [[-101.46783099980851, 20.651818238932854], [-101.46783041666305, 20.65178212856602]], [[-101.46783041666305, 20.65178212856602], [-101.46779205293068, 20.65178267745451]], [[-101.46779263606709, 20.651818787822396], [-101.46779205293068, 20.65178267745451]], [[-101.46779205293068, 20.65178267745451], [-101.46775368919705, 20.65178322633449]], [[-101.46775427232443, 20.65181933670342], [-101.46775368919705, 20.65178322633449]], [[-101.46775368919705, 20.65178322633449], [-101.46771532546217, 20.65178377520596]], [[-101.4677159085805, 20.651819885575936], [-101.46771532546217, 20.65178377520596]], [[-101.46771532546217, 20.65178377520596], [-101.46767696172603, 20.65178432406891]], [[-101.46767754483534, 20.65182043443993], [-101.46767696172603, 20.65178432406891]], [[-101.46767696172603, 20.65178432406891], [-101.46763859798865, 20.651784872923354]], [[-101.46763918108891, 20.651820983295423], [-101.46763859798865, 20.651784872923354]], [[-101.46763859798865, 20.651784872923354], [-101.46760023425003, 20.651785421769283]], [[-101.46760081734125, 20.651821532142392], [-101.46760023425003, 20.651785421769283]], [[-101.46760023425003, 20.651785421769283], [-101.46756187051014, 20.651785970606696]], [[-101.46756245359231, 20.651822080980846], [-101.46756187051014, 20.651785970606696]], [[-101.46756187051014, 20.651785970606696], [-101.46752350676903, 20.651786519435593]], [[-101.46752408984214, 20.6518226298108], [-101.46752350676903, 20.651786519435593]], [[-101.46752350676903, 20.651786519435593], [-101.46748514302664, 20.651787068255985]], [[-101.46748572609073, 20.651823178632224], [-101.46748514302664, 20.651787068255985]], [[-101.46748514302664, 20.651787068255985], [-101.46744677928301, 20.65178761706785]], [[-101.46744736233805, 20.65182372744514], [-101.46744677928301, 20.65178761706785]], [[-101.46744677928301, 20.65178761706785], [-101.46740841553813, 20.65178816587121]], [[-101.46740899858413, 20.651824276249545], [-101.46740841553813, 20.65178816587121]], [[-101.46740841553813, 20.65178816587121], [-101.46737005179199, 20.651788714666058]], [[-101.46737063482895, 20.651824825045434], [-101.46737005179199, 20.651788714666058]], [[-101.46737005179199, 20.651788714666058], [-101.46733168804461, 20.651789263452386]], [[-101.46733227107252, 20.65182537383281], [-101.46733168804461, 20.651789263452386]], [[-101.46733168804461, 20.651789263452386], [-101.46729332429598, 20.651789812230202]], [[-101.46729390731485, 20.651825922611675], [-101.46729332429598, 20.651789812230202]], [[-101.46729332429598, 20.651789812230202], [-101.4672549605461, 20.651790360999506]], [[-101.46725554355592, 20.65182647138202], [-101.4672549605461, 20.651790360999506]], [[-101.4672549605461, 20.651790360999506], [-101.46721659679497, 20.651790909760294]], [[-101.46721717979575, 20.651827020143855], [-101.46721659679497, 20.651790909760294]], [[-101.46721659679497, 20.651790909760294], [-101.46717823304259, 20.651791458512573]], [[-101.46717881603433, 20.651827568897172], [-101.46717823304259, 20.651791458512573]], [[-101.46717823304259, 20.651791458512573], [-101.46713986928894, 20.65179200725633]], [[-101.46714045227165, 20.651828117641983], [-101.46713986928894, 20.65179200725633]], [[-101.46713986928894, 20.65179200725633], [-101.46710150553406, 20.651792555991584]], [[-101.46710208850773, 20.651828666378275], [-101.46710150553406, 20.651792555991584]], [[-101.46710150553406, 20.651792555991584], [-101.46706314177793, 20.651793104718315]], [[-101.46706372474254, 20.651829215106055], [-101.46706314177793, 20.651793104718315]], [[-101.46706314177793, 20.651793104718315], [-101.46702477802056, 20.65179365343654]], [[-101.46702536097612, 20.65182976382532], [-101.46702477802056, 20.65179365343654]], [[-101.46702477802056, 20.65179365343654], [-101.46698641426192, 20.65179420214625]], [[-101.46698699720845, 20.65183031253607], [-101.46698641426192, 20.65179420214625]], [[-101.46698641426192, 20.65179420214625], [-101.46694805050204, 20.65179475084744]], [[-101.46694863343951, 20.651830861238313], [-101.46694805050204, 20.65179475084744]], [[-101.46694805050204, 20.65179475084744], [-101.4669096867409, 20.651795299540115]], [[-101.46691026966934, 20.651831409932036], [-101.4669096867409, 20.651795299540115]], [[-101.4669096867409, 20.651795299540115], [-101.46687132297852, 20.651795848224282]], [[-101.46687190589792, 20.651831958617244], [-101.46687132297852, 20.651795848224282]], [[-101.46687132297852, 20.651795848224282], [-101.46683295921488, 20.651796396899936]], [[-101.46683354212523, 20.651832507293946], [-101.46683295921488, 20.651796396899936]], [[-101.46683295921488, 20.651796396899936], [-101.46679459545001, 20.651796945567078]], [[-101.46679517835132, 20.651833055962125], [-101.46679459545001, 20.651796945567078]], [[-101.46679459545001, 20.651796945567078], [-101.46675623168386, 20.6517974942257]], [[-101.46675681457614, 20.651833604621796], [-101.46675623168386, 20.6517974942257]], [[-101.46675623168386, 20.6517974942257], [-101.46671786791649, 20.65179804287581]], [[-101.4667184507997, 20.651834153272954], [-101.46671786791649, 20.65179804287581]], [[-101.46671786791649, 20.65179804287581], [-101.46667950414785, 20.651798591517412]], [[-101.46668008702204, 20.651834701915597], [-101.46667950414785, 20.651798591517412]], [[-101.46667950414785, 20.651798591517412], [-101.46664114037796, 20.651799140150487]], [[-101.46664172324311, 20.651835250549723], [-101.46664114037796, 20.651799140150487]], [[-101.46664114037796, 20.651799140150487], [-101.46660277660683, 20.65179968877506]], [[-101.46660335946294, 20.651835799175338], [-101.46660277660683, 20.65179968877506]], [[-101.46660277660683, 20.65179968877506], [-101.46656441283444, 20.651800237391118]], [[-101.46656499568151, 20.651836347792436], [-101.46656441283444, 20.651800237391118]], [[-101.46656441283444, 20.651800237391118], [-101.46652604906082, 20.65180078599866]], [[-101.46652663189883, 20.651836896401022], [-101.46652604906082, 20.65180078599866]], [[-101.46652604906082, 20.65180078599866], [-101.46648768528594, 20.651801334597685]], [[-101.4664882681149, 20.6518374450011], [-101.46648768528594, 20.651801334597685]], [[-101.46648768528594, 20.651801334597685], [-101.46644932150981, 20.6518018831882]], [[-101.46644990432972, 20.651837993592654], [-101.46644932150981, 20.6518018831882]], [[-101.46644932150981, 20.6518018831882], [-101.46641095773242, 20.651802431770204]], [[-101.4664115405433, 20.6518385421757], [-101.46641095773242, 20.651802431770204]], [[-101.46641095773242, 20.651802431770204], [-101.46637259395378, 20.65180298034369]], [[-101.46637317675564, 20.65183909075023], [-101.46637259395378, 20.65180298034369]], [[-101.46637259395378, 20.65180298034369], [-101.4663342301739, 20.651803528908662]], [[-101.4663348129667, 20.651839639316258], [-101.4663342301739, 20.651803528908662]], [[-101.4663342301739, 20.651803528908662], [-101.46629586639277, 20.65180407746513]], [[-101.46629644917653, 20.65184018787376], [-101.46629586639277, 20.65180407746513]], [[-101.46629586639277, 20.65180407746513], [-101.46625750261039, 20.65180462601307]], [[-101.4662580853851, 20.651840736422745], [-101.46625750261039, 20.65180462601307]], [[-101.46625750261039, 20.65180462601307], [-101.46621913882676, 20.6518051745525]], [[-101.46621972159242, 20.65184128496322], [-101.46621913882676, 20.6518051745525]], [[-101.46621913882676, 20.6518051745525], [-101.46618077504188, 20.65180572308342]], [[-101.4661813577985, 20.65184183349518], [-101.46618077504188, 20.65180572308342]], [[-101.46618077504188, 20.65180572308342], [-101.46614241125575, 20.651806271605825]], [[-101.46614299400333, 20.651842382018632], [-101.46614241125575, 20.651806271605825]], [[-101.46614241125575, 20.651806271605825], [-101.46610404746836, 20.651806820119713]], [[-101.46610463020691, 20.65184293053357], [-101.46610404746836, 20.651806820119713]], [[-101.46610404746836, 20.651806820119713], [-101.46606568367973, 20.65180736862509]], [[-101.46606626640923, 20.651843479039993], [-101.46606568367973, 20.65180736862509]], [[-101.46606568367973, 20.65180736862509], [-101.46602731988986, 20.651807917121957]], [[-101.46602790261032, 20.651844027537898], [-101.46602731988986, 20.651807917121957]], [[-101.46602731988986, 20.651807917121957], [-101.46598895609873, 20.651808465610305]], [[-101.46598953881013, 20.651844576027294], [-101.46598895609873, 20.651808465610305]], [[-101.46598895609873, 20.651808465610305], [-101.46595059230634, 20.651809014090137]], [[-101.46595117500871, 20.65184512450817], [-101.46595059230634, 20.651809014090137]], [[-101.46595059230634, 20.651809014090137], [-101.46591222851272, 20.65180956256146]], [[-101.46591281120605, 20.651845672980535], [-101.46591222851272, 20.65180956256146]], [[-101.46591222851272, 20.65180956256146], [-101.46587386471784, 20.65181011102427]], [[-101.46587444740211, 20.65184622144439], [-101.46587386471784, 20.65181011102427]], [[-101.46587386471784, 20.65181011102427], [-101.46583550092171, 20.651810659478564]], [[-101.46583608359695, 20.651846769899727], [-101.46583550092171, 20.651810659478564]], [[-101.46583550092171, 20.651810659478564], [-101.46579713712433, 20.65181120792434]], [[-101.46579771979053, 20.651847318346555], [-101.46579713712433, 20.65181120792434]], [[-101.46579713712433, 20.65181120792434], [-101.4657587733257, 20.651811756361607]], [[-101.46575935598287, 20.651847866784863], [-101.4657587733257, 20.651811756361607]], [[-101.4657587733257, 20.651811756361607], [-101.46572040952584, 20.65181230479036]], [[-101.46572099217394, 20.651848415214662], [-101.46572040952584, 20.65181230479036]], [[-101.46572040952584, 20.65181230479036], [-101.4656820457247, 20.651812853210604]], [[-101.46568262836378, 20.65184896363595], [-101.4656820457247, 20.651812853210604]], [[-101.4656820457247, 20.651812853210604], [-101.46564368192233, 20.651813401622327]], [[-101.46564426455235, 20.651849512048717], [-101.46564368192233, 20.651813401622327]], [[-101.46564368192233, 20.651813401622327], [-101.4656053181187, 20.651813950025538]], [[-101.46560590073969, 20.65185006045297], [-101.4656053181187, 20.651813950025538]], [[-101.4656053181187, 20.651813950025538], [-101.46556695431383, 20.651814498420237]], [[-101.46556753692578, 20.651850608848715], [-101.46556695431383, 20.651814498420237]], [[-101.46556695431383, 20.651814498420237], [-101.46552859050772, 20.651815046806426]], [[-101.46552917311061, 20.651851157235942], [-101.46552859050772, 20.651815046806426]], [[-101.46552859050772, 20.651815046806426], [-101.46549022670034, 20.65181559518409]], [[-101.4654908092942, 20.651851705614657], [-101.46549022670034, 20.65181559518409]], [[-101.46549022670034, 20.65181559518409], [-101.46545186289171, 20.651816143553248]], [[-101.46545244547652, 20.65185225398486], [-101.46545186289171, 20.651816143553248]], [[-101.46545186289171, 20.651816143553248], [-101.46541349908185, 20.651816691913893]], [[-101.46541408165761, 20.651852802346543], [-101.46541349908185, 20.651816691913893]], [[-101.46541349908185, 20.651816691913893], [-101.46537513527073, 20.65181724026602]], [[-101.46537571783745, 20.651853350699717], [-101.46537513527073, 20.65181724026602]], [[-101.46537513527073, 20.65181724026602], [-101.46533677145835, 20.651817788609637]], [[-101.46533735401604, 20.651853899044372], [-101.46533677145835, 20.651817788609637]], [[-101.46533677145835, 20.651817788609637], [-101.46529840764472, 20.651818336944736]], [[-101.46529899019338, 20.651854447380522], [-101.46529840764472, 20.651818336944736]], [[-101.46529840764472, 20.651818336944736], [-101.46526004382986, 20.65181888527132]], [[-101.46526062636947, 20.651854995708153], [-101.46526004382986, 20.65181888527132]], [[-101.46526004382986, 20.65181888527132], [-101.46522168001374, 20.651819433589406]], [[-101.4652222625443, 20.65185554402727], [-101.46522168001374, 20.651819433589406]], [[-101.46522168001374, 20.651819433589406], [-101.46518331619637, 20.651819981898957]], [[-101.46518389871788, 20.651856092337876], [-101.46518331619637, 20.651819981898957]], [[-101.46518331619637, 20.651819981898957], [-101.46514495237777, 20.651820530200002]], [[-101.46514553489023, 20.651856640639966], [-101.46514495237777, 20.651820530200002]], [[-101.46514495237777, 20.651820530200002], [-101.4651065885579, 20.65182107849254]], [[-101.46510717106133, 20.651857188933544], [-101.4651065885579, 20.65182107849254]], [[-101.4651065885579, 20.65182107849254], [-101.46506822473678, 20.651821626776556]], [[-101.46506880723116, 20.651857737218602], [-101.46506822473678, 20.651821626776556]], [[-101.46798387158005, 20.651779932926896], [-101.46798328839967, 20.65174382256407]], [[-101.46798328839967, 20.65174382256407], [-101.46794492468132, 20.651744371485574]], [[-101.46794550785266, 20.651780481849443], [-101.46794492468132, 20.651744371485574]], [[-101.46794492468132, 20.651744371485574], [-101.46790656096175, 20.651744920398567]], [[-101.46790714412404, 20.651781030763484], [-101.46790656096175, 20.651744920398567]], [[-101.46790656096175, 20.651744920398567], [-101.4678681972409, 20.651745469303048]], [[-101.46786878039417, 20.65178157966901], [-101.4678681972409, 20.651745469303048]], [[-101.4678681972409, 20.651745469303048], [-101.46782983351882, 20.651746018199013]], [[-101.46783041666305, 20.65178212856602], [-101.46782983351882, 20.651746018199013]], [[-101.46782983351882, 20.651746018199013], [-101.46779146979549, 20.651746567086466]], [[-101.46779205293068, 20.65178267745451], [-101.46779146979549, 20.651746567086466]], [[-101.46779146979549, 20.651746567086466], [-101.4677531060709, 20.6517471159654]], [[-101.46775368919705, 20.65178322633449], [-101.4677531060709, 20.6517471159654]], [[-101.4677531060709, 20.6517471159654], [-101.46771474234507, 20.65174766483582]], [[-101.46771532546217, 20.65178377520596], [-101.46771474234507, 20.65174766483582]], [[-101.46771474234507, 20.65174766483582], [-101.46767637861798, 20.651748213697726]], [[-101.46767696172603, 20.65178432406891], [-101.46767637861798, 20.651748213697726]], [[-101.46767637861798, 20.651748213697726], [-101.46763801488964, 20.651748762551126]], [[-101.46763859798865, 20.651784872923354], [-101.46763801488964, 20.651748762551126]], [[-101.46763801488964, 20.651748762551126], [-101.46759965116007, 20.65174931139601]], [[-101.46760023425003, 20.651785421769283], [-101.46759965116007, 20.65174931139601]], [[-101.46759965116007, 20.65174931139601], [-101.46756128742923, 20.651749860232375]], [[-101.46756187051014, 20.651785970606696], [-101.46756128742923, 20.651749860232375]], [[-101.46756128742923, 20.651749860232375], [-101.46752292369715, 20.65175040906023]], [[-101.46752350676903, 20.651786519435593], [-101.46752292369715, 20.65175040906023]], [[-101.46752292369715, 20.65175040906023], [-101.4674845599638, 20.65175095787957]], [[-101.46748514302664, 20.651787068255985], [-101.4674845599638, 20.65175095787957]], [[-101.4674845599638, 20.65175095787957], [-101.46744619622922, 20.6517515066904]], [[-101.46744677928301, 20.65178761706785], [-101.46744619622922, 20.6517515066904]], [[-101.46744619622922, 20.6517515066904], [-101.46740783249338, 20.65175205549271]], [[-101.46740841553813, 20.65178816587121], [-101.46740783249338, 20.65175205549271]], [[-101.46740783249338, 20.65175205549271], [-101.4673694687563, 20.65175260428651]], [[-101.46737005179199, 20.651788714666058], [-101.4673694687563, 20.65175260428651]], [[-101.4673694687563, 20.65175260428651], [-101.46733110501795, 20.651753153071795]], [[-101.46733168804461, 20.651789263452386], [-101.46733110501795, 20.651753153071795]], [[-101.46733110501795, 20.651753153071795], [-101.46729274127836, 20.651753701848573]], [[-101.46729332429598, 20.651789812230202], [-101.46729274127836, 20.651753701848573]], [[-101.46729274127836, 20.651753701848573], [-101.46725437753751, 20.651754250616825]], [[-101.4672549605461, 20.651790360999506], [-101.46725437753751, 20.651754250616825]], [[-101.46725437753751, 20.651754250616825], [-101.46721601379544, 20.651754799376572]], [[-101.46721659679497, 20.651790909760294], [-101.46721601379544, 20.651754799376572]], [[-101.46721601379544, 20.651754799376572], [-101.4671776500521, 20.6517553481278]], [[-101.46717823304259, 20.651791458512573], [-101.4671776500521, 20.6517553481278]], [[-101.4671776500521, 20.6517553481278], [-101.46713928630751, 20.65175589687052]], [[-101.46713986928894, 20.65179200725633], [-101.46713928630751, 20.65175589687052]], [[-101.46713928630751, 20.65175589687052], [-101.46710092256166, 20.651756445604722]], [[-101.46710150553406, 20.651792555991584], [-101.46710092256166, 20.651756445604722]], [[-101.46710092256166, 20.651756445604722], [-101.46706255881458, 20.651756994330412]], [[-101.46706314177793, 20.651793104718315], [-101.46706255881458, 20.651756994330412]], [[-101.46706255881458, 20.651756994330412], [-101.46702419506623, 20.65175754304759]], [[-101.46702477802056, 20.65179365343654], [-101.46702419506623, 20.65175754304759]], [[-101.46702419506623, 20.65175754304759], [-101.46698583131663, 20.65175809175625]], [[-101.46698641426192, 20.65179420214625], [-101.46698583131663, 20.65175809175625]], [[-101.46698583131663, 20.65175809175625], [-101.4669474675658, 20.6517586404564]], [[-101.46694805050204, 20.65179475084744], [-101.4669474675658, 20.6517586404564]], [[-101.4669474675658, 20.6517586404564], [-101.46690910381372, 20.65175918914803]], [[-101.4669096867409, 20.651795299540115], [-101.46690910381372, 20.65175918914803]], [[-101.46690910381372, 20.65175918914803], [-101.46687074006037, 20.651759737831156]], [[-101.46687132297852, 20.651795848224282], [-101.46687074006037, 20.651759737831156]], [[-101.46687074006037, 20.651759737831156], [-101.46683237630577, 20.651760286505763]], [[-101.46683295921488, 20.651796396899936], [-101.46683237630577, 20.651760286505763]], [[-101.46683237630577, 20.651760286505763], [-101.46679401254994, 20.651760835171856]], [[-101.46679459545001, 20.651796945567078], [-101.46679401254994, 20.651760835171856]], [[-101.46679401254994, 20.651760835171856], [-101.46675564879286, 20.651761383829434]], [[-101.46675623168386, 20.6517974942257], [-101.46675564879286, 20.651761383829434]], [[-101.46675564879286, 20.651761383829434], [-101.4667172850345, 20.651761932478504]], [[-101.46671786791649, 20.65179804287581], [-101.4667172850345, 20.651761932478504]], [[-101.4667172850345, 20.651761932478504], [-101.46667892127492, 20.651762481119054]], [[-101.46667950414785, 20.651798591517412], [-101.46667892127492, 20.651762481119054]], [[-101.46667892127492, 20.651762481119054], [-101.46664055751408, 20.651763029751095]], [[-101.46664114037796, 20.651799140150487], [-101.46664055751408, 20.651763029751095]], [[-101.46664055751408, 20.651763029751095], [-101.46660219375198, 20.65176357837462]], [[-101.46660277660683, 20.65179968877506], [-101.46660219375198, 20.65176357837462]], [[-101.46660219375198, 20.65176357837462], [-101.46656382998866, 20.65176412698963]], [[-101.46656441283444, 20.651800237391118], [-101.46656382998866, 20.65176412698963]], [[-101.46656382998866, 20.65176412698963], [-101.46652546622406, 20.651764675596127]], [[-101.46652604906082, 20.65180078599866], [-101.46652546622406, 20.651764675596127]], [[-101.46652546622406, 20.651764675596127], [-101.46648710245822, 20.65176522419411]], [[-101.46648768528594, 20.651801334597685], [-101.46648710245822, 20.65176522419411]], [[-101.46648710245822, 20.65176522419411], [-101.46644873869113, 20.65176577278358]], [[-101.46644932150981, 20.6518018831882], [-101.46644873869113, 20.65176577278358]], [[-101.46644873869113, 20.65176577278358], [-101.46641037492279, 20.651766321364537]], [[-101.46641095773242, 20.651802431770204], [-101.46641037492279, 20.651766321364537]], [[-101.46641037492279, 20.651766321364537], [-101.4663720111532, 20.65176686993698]], [[-101.46637259395378, 20.65180298034369], [-101.4663720111532, 20.65176686993698]], [[-101.4663720111532, 20.65176686993698], [-101.46633364738236, 20.65176741850091]], [[-101.4663342301739, 20.651803528908662], [-101.46633364738236, 20.65176741850091]], [[-101.46633364738236, 20.65176741850091], [-101.46629528361026, 20.651767967056323]], [[-101.46629586639277, 20.65180407746513], [-101.46629528361026, 20.651767967056323]], [[-101.46629528361026, 20.651767967056323], [-101.46625691983692, 20.651768515603226]], [[-101.46625750261039, 20.65180462601307], [-101.46625691983692, 20.651768515603226]], [[-101.46625691983692, 20.651768515603226], [-101.46621855606233, 20.65176906414161]], [[-101.46621913882676, 20.6518051745525], [-101.46621855606233, 20.65176906414161]], [[-101.46621855606233, 20.65176906414161], [-101.4661801922865, 20.651769612671483]], [[-101.46618077504188, 20.65180572308342], [-101.4661801922865, 20.651769612671483]], [[-101.4661801922865, 20.651769612671483], [-101.46614182850941, 20.651770161192843]], [[-101.46614241125575, 20.651806271605825], [-101.46614182850941, 20.651770161192843]], [[-101.46614182850941, 20.651770161192843], [-101.46610346473108, 20.65177070970569]], [[-101.46610404746836, 20.651806820119713], [-101.46610346473108, 20.65177070970569]], [[-101.46610346473108, 20.65177070970569], [-101.4660651009515, 20.651771258210022]], [[-101.46606568367973, 20.65180736862509], [-101.4660651009515, 20.651771258210022]], [[-101.4660651009515, 20.651771258210022], [-101.46602673717065, 20.651771806705845]], [[-101.46602731988986, 20.651807917121957], [-101.46602673717065, 20.651771806705845]], [[-101.46602673717065, 20.651771806705845], [-101.46598837338857, 20.651772355193152]], [[-101.46598895609873, 20.651808465610305], [-101.46598837338857, 20.651772355193152]], [[-101.46598837338857, 20.651772355193152], [-101.46595000960522, 20.65177290367194]], [[-101.46595059230634, 20.651809014090137], [-101.46595000960522, 20.65177290367194]], [[-101.46595000960522, 20.65177290367194], [-101.46591164582065, 20.651773452142216]], [[-101.46591222851272, 20.65180956256146], [-101.46591164582065, 20.651773452142216]], [[-101.46591164582065, 20.651773452142216], [-101.4658732820348, 20.651774000603982]], [[-101.46587386471784, 20.65181011102427], [-101.4658732820348, 20.651774000603982]], [[-101.4658732820348, 20.651774000603982], [-101.46583491824772, 20.651774549057237]], [[-101.46583550092171, 20.651810659478564], [-101.46583491824772, 20.651774549057237]], [[-101.46583491824772, 20.651774549057237], [-101.46579655445939, 20.65177509750197]], [[-101.46579713712433, 20.65181120792434], [-101.46579655445939, 20.65177509750197]], [[-101.46579655445939, 20.65177509750197], [-101.4657581906698, 20.65177564593819]], [[-101.4657587733257, 20.651811756361607], [-101.4657581906698, 20.65177564593819]], [[-101.4657581906698, 20.65177564593819], [-101.46571982687897, 20.651776194365898]], [[-101.46572040952584, 20.65181230479036], [-101.46571982687897, 20.651776194365898]], [[-101.46571982687897, 20.651776194365898], [-101.46568146308688, 20.651776742785092]], [[-101.4656820457247, 20.651812853210604], [-101.46568146308688, 20.651776742785092]], [[-101.46568146308688, 20.651776742785092], [-101.46564309929356, 20.651777291195774]], [[-101.46564368192233, 20.651813401622327], [-101.46564309929356, 20.651777291195774]], [[-101.46564309929356, 20.651777291195774], [-101.46560473549897, 20.65177783959794]], [[-101.4656053181187, 20.651813950025538], [-101.46560473549897, 20.65177783959794]], [[-101.46560473549897, 20.65177783959794], [-101.46556637170315, 20.651778387991595]], [[-101.46556695431383, 20.651814498420237], [-101.46556637170315, 20.651778387991595]], [[-101.46556637170315, 20.651778387991595], [-101.46552800790607, 20.651778936376736]], [[-101.46552859050772, 20.651815046806426], [-101.46552800790607, 20.651778936376736]], [[-101.46552800790607, 20.651778936376736], [-101.46548964410773, 20.651779484753362]], [[-101.46549022670034, 20.65181559518409], [-101.46548964410773, 20.651779484753362]], [[-101.46548964410773, 20.651779484753362], [-101.46545128030814, 20.65178003312147]], [[-101.46545186289171, 20.651816143553248], [-101.46545128030814, 20.65178003312147]], [[-101.46545128030814, 20.65178003312147], [-101.46541291650733, 20.651780581481074]], [[-101.46541349908185, 20.651816691913893], [-101.46541291650733, 20.651780581481074]], [[-101.46541291650733, 20.651780581481074], [-101.46537455270524, 20.65178112983216]], [[-101.46537513527073, 20.65181724026602], [-101.46537455270524, 20.65178112983216]], [[-101.46537455270524, 20.65178112983216], [-101.46533618890193, 20.65178167817473]], [[-101.46533677145835, 20.651817788609637], [-101.46533618890193, 20.65178167817473]], [[-101.46533618890193, 20.65178167817473], [-101.46529782509735, 20.651782226508786]], [[-101.46529840764472, 20.651818336944736], [-101.46529782509735, 20.651782226508786]], [[-101.46529782509735, 20.651782226508786], [-101.46525946129152, 20.651782774834327]], [[-101.46526004382986, 20.65181888527132], [-101.46525946129152, 20.651782774834327]], [[-101.46525946129152, 20.651782774834327], [-101.46522109748445, 20.65178332315136]], [[-101.46522168001374, 20.651819433589406], [-101.46522109748445, 20.65178332315136]], [[-101.46522109748445, 20.65178332315136], [-101.46518273367613, 20.651783871459877]], [[-101.46518331619637, 20.651819981898957], [-101.46518273367613, 20.651783871459877]], [[-101.46518273367613, 20.651783871459877], [-101.46514436986655, 20.65178441975988]], [[-101.46514495237777, 20.651820530200002], [-101.46514436986655, 20.65178441975988]], [[-101.46514436986655, 20.65178441975988], [-101.46510600605572, 20.651784968051366]], [[-101.4651065885579, 20.65182107849254], [-101.46510600605572, 20.651784968051366]], [[-101.46510600605572, 20.651784968051366], [-101.46506764224365, 20.65178551633434]], [[-101.46506822473678, 20.651821626776556], [-101.46506764224365, 20.65178551633434]], [[-101.46798328839967, 20.65174382256407], [-101.46798270522052, 20.65170771220108]], [[-101.46798270522052, 20.65170771220108], [-101.46794434151123, 20.65170826112154]], [[-101.46794492468132, 20.651744371485574], [-101.46794434151123, 20.65170826112154]], [[-101.46794434151123, 20.65170826112154], [-101.46790597780068, 20.651708810033483]], [[-101.46790656096175, 20.651744920398567], [-101.46790597780068, 20.651708810033483]], [[-101.46790597780068, 20.651708810033483], [-101.4678676140889, 20.651709358936916]], [[-101.4678681972409, 20.651745469303048], [-101.4678676140889, 20.651709358936916]], [[-101.4678676140889, 20.651709358936916], [-101.46782925037586, 20.651709907831837]], [[-101.46782983351882, 20.651746018199013], [-101.46782925037586, 20.651709907831837]], [[-101.46782925037586, 20.651709907831837], [-101.46779088666156, 20.65171045671824]], [[-101.46779146979549, 20.651746567086466], [-101.46779088666156, 20.65171045671824]], [[-101.46779088666156, 20.65171045671824], [-101.46775252294603, 20.651711005596137]], [[-101.4677531060709, 20.6517471159654], [-101.46775252294603, 20.651711005596137]], [[-101.46775252294603, 20.651711005596137], [-101.46771415922923, 20.65171155446551]], [[-101.46771474234507, 20.65174766483582], [-101.46771415922923, 20.65171155446551]], [[-101.46771415922923, 20.65171155446551], [-101.4676757955112, 20.65171210332637]], [[-101.46767637861798, 20.651748213697726], [-101.4676757955112, 20.65171210332637]], [[-101.4676757955112, 20.65171210332637], [-101.4676374317919, 20.651712652178727]], [[-101.46763801488964, 20.651748762551126], [-101.4676374317919, 20.651712652178727]], [[-101.4676374317919, 20.651712652178727], [-101.46759906807137, 20.651713201022563]], [[-101.46759965116007, 20.65174931139601], [-101.46759906807137, 20.651713201022563]], [[-101.46759906807137, 20.651713201022563], [-101.46756070434957, 20.651713749857887]], [[-101.46756128742923, 20.651749860232375], [-101.46756070434957, 20.651713749857887]], [[-101.46756070434957, 20.651713749857887], [-101.46752234062652, 20.6517142986847]], [[-101.46752292369715, 20.65175040906023], [-101.46752234062652, 20.6517142986847]], [[-101.46752234062652, 20.6517142986847], [-101.46748397690223, 20.65171484750299]], [[-101.4674845599638, 20.65175095787957], [-101.46748397690223, 20.65171484750299]], [[-101.46748397690223, 20.65171484750299], [-101.46744561317668, 20.651715396312774]], [[-101.46744619622922, 20.6517515066904], [-101.46744561317668, 20.651715396312774]], [[-101.46744561317668, 20.651715396312774], [-101.46740724944989, 20.65171594511404]], [[-101.46740783249338, 20.65175205549271], [-101.46740724944989, 20.65171594511404]], [[-101.46740724944989, 20.65171594511404], [-101.46736888572184, 20.651716493906797]], [[-101.4673694687563, 20.65175260428651], [-101.46736888572184, 20.651716493906797]], [[-101.46736888572184, 20.651716493906797], [-101.46733052199254, 20.65171704269104]], [[-101.46733110501795, 20.651753153071795], [-101.46733052199254, 20.65171704269104]], [[-101.46733052199254, 20.65171704269104], [-101.46729215826198, 20.651717591466763]], [[-101.46729274127836, 20.651753701848573], [-101.46729215826198, 20.651717591466763]], [[-101.46729215826198, 20.651717591466763], [-101.4672537945302, 20.651718140233978]], [[-101.46725437753751, 20.651754250616825], [-101.4672537945302, 20.651718140233978]], [[-101.4672537945302, 20.651718140233978], [-101.46721543079715, 20.65171868899268]], [[-101.46721601379544, 20.651754799376572], [-101.46721543079715, 20.65171868899268]], [[-101.46721543079715, 20.65171868899268], [-101.46717706706285, 20.651719237742867]], [[-101.4671776500521, 20.6517553481278], [-101.46717706706285, 20.651719237742867]], [[-101.46717706706285, 20.651719237742867], [-101.46713870332731, 20.651719786484538]], [[-101.46713928630751, 20.65175589687052], [-101.46713870332731, 20.651719786484538]], [[-101.46713870332731, 20.651719786484538], [-101.46710033959052, 20.651720335217693]], [[-101.46710092256166, 20.651756445604722], [-101.46710033959052, 20.651720335217693]], [[-101.46710033959052, 20.651720335217693], [-101.46706197585246, 20.65172088394234]], [[-101.46706255881458, 20.651756994330412], [-101.46706197585246, 20.65172088394234]], [[-101.46706197585246, 20.65172088394234], [-101.46702361211317, 20.65172143265847]], [[-101.46702419506623, 20.65175754304759], [-101.46702361211317, 20.65172143265847]], [[-101.46702361211317, 20.65172143265847], [-101.46698524837262, 20.651721981366087]], [[-101.46698583131663, 20.65175809175625], [-101.46698524837262, 20.651721981366087]], [[-101.46698524837262, 20.651721981366087], [-101.46694688463083, 20.65172253006519]], [[-101.4669474675658, 20.6517586404564], [-101.46694688463083, 20.65172253006519]], [[-101.46694688463083, 20.65172253006519], [-101.46690852088777, 20.651723078755783]], [[-101.46690910381372, 20.65175918914803], [-101.46690852088777, 20.651723078755783]], [[-101.46690852088777, 20.651723078755783], [-101.46687015714348, 20.651723627437857]], [[-101.46687074006037, 20.651759737831156], [-101.46687015714348, 20.651723627437857]], [[-101.46687015714348, 20.651723627437857], [-101.46683179339793, 20.65172417611142]], [[-101.46683237630577, 20.651760286505763], [-101.46683179339793, 20.65172417611142]], [[-101.46683179339793, 20.65172417611142], [-101.46679342965113, 20.651724724776468]], [[-101.46679401254994, 20.651760835171856], [-101.46679342965113, 20.651724724776468]], [[-101.46679342965113, 20.651724724776468], [-101.46675506590309, 20.65172527343301]], [[-101.46675564879286, 20.651761383829434], [-101.46675506590309, 20.65172527343301]], [[-101.46675506590309, 20.65172527343301], [-101.46671670215379, 20.651725822081026]], [[-101.4667172850345, 20.651761932478504], [-101.46671670215379, 20.651725822081026]], [[-101.46671670215379, 20.651725822081026], [-101.46667833840324, 20.651726370720535]], [[-101.46667892127492, 20.651762481119054], [-101.46667833840324, 20.651726370720535]], [[-101.46667833840324, 20.651726370720535], [-101.46663997465143, 20.65172691935153]], [[-101.46664055751408, 20.651763029751095], [-101.46663997465143, 20.65172691935153]], [[-101.46663997465143, 20.65172691935153], [-101.4666016108984, 20.65172746797401]], [[-101.46660219375198, 20.65176357837462], [-101.4666016108984, 20.65172746797401]], [[-101.4666016108984, 20.65172746797401], [-101.4665632471441, 20.651728016587978]], [[-101.46656382998866, 20.65176412698963], [-101.4665632471441, 20.651728016587978]], [[-101.4665632471441, 20.651728016587978], [-101.46652488338854, 20.65172856519343]], [[-101.46652546622406, 20.651764675596127], [-101.46652488338854, 20.65172856519343]], [[-101.46652488338854, 20.65172856519343], [-101.46648651963174, 20.65172911379037]], [[-101.46648710245822, 20.65176522419411], [-101.46648651963174, 20.65172911379037]], [[-101.46648651963174, 20.65172911379037], [-101.4664481558737, 20.65172966237879]], [[-101.46644873869113, 20.65176577278358], [-101.4664481558737, 20.65172966237879]], [[-101.4664481558737, 20.65172966237879], [-101.4664097921144, 20.651730210958707]], [[-101.46641037492279, 20.651766321364537], [-101.4664097921144, 20.651730210958707]], [[-101.4664097921144, 20.651730210958707], [-101.46637142835387, 20.651730759530107]], [[-101.4663720111532, 20.65176686993698], [-101.46637142835387, 20.651730759530107]], [[-101.46637142835387, 20.651730759530107], [-101.46633306459205, 20.651731308092987]], [[-101.46633364738236, 20.65176741850091], [-101.46633306459205, 20.651731308092987]], [[-101.46633306459205, 20.651731308092987], [-101.46629470082901, 20.651731856647356]], [[-101.46629528361026, 20.651767967056323], [-101.46629470082901, 20.651731856647356]], [[-101.46629470082901, 20.651731856647356], [-101.46625633706472, 20.651732405193215]], [[-101.46625691983692, 20.651768515603226], [-101.46625633706472, 20.651732405193215]], [[-101.46625633706472, 20.651732405193215], [-101.46621797329917, 20.65173295373056]], [[-101.46621855606233, 20.65176906414161], [-101.46621797329917, 20.65173295373056]], [[-101.46621797329917, 20.65173295373056], [-101.46617960953238, 20.651733502259386]], [[-101.4661801922865, 20.651769612671483], [-101.46617960953238, 20.651733502259386]], [[-101.46617960953238, 20.651733502259386], [-101.46614124576433, 20.6517340507797]], [[-101.46614182850941, 20.651770161192843], [-101.46614124576433, 20.6517340507797]], [[-101.46614124576433, 20.6517340507797], [-101.46610288199503, 20.651734599291505]], [[-101.46610346473108, 20.65177070970569], [-101.46610288199503, 20.651734599291505]], [[-101.46610288199503, 20.651734599291505], [-101.4660645182245, 20.651735147794792]], [[-101.4660651009515, 20.651771258210022], [-101.4660645182245, 20.651735147794792]], [[-101.4660645182245, 20.651735147794792], [-101.46602615445269, 20.651735696289567]], [[-101.46602673717065, 20.651771806705845], [-101.46602615445269, 20.651735696289567]], [[-101.46602615445269, 20.651735696289567], [-101.46598779067966, 20.651736244775826]], [[-101.46598837338857, 20.651772355193152], [-101.46598779067966, 20.651736244775826]], [[-101.46598779067966, 20.651736244775826], [-101.46594942690535, 20.65173679325358]], [[-101.46595000960522, 20.65177290367194], [-101.46594942690535, 20.65173679325358]], [[-101.46594942690535, 20.65173679325358], [-101.46591106312981, 20.651737341722814]], [[-101.46591164582065, 20.651773452142216], [-101.46591106312981, 20.651737341722814]], [[-101.46591106312981, 20.651737341722814], [-101.46587269935303, 20.65173789018353]], [[-101.4658732820348, 20.651774000603982], [-101.46587269935303, 20.65173789018353]], [[-101.46587269935303, 20.65173789018353], [-101.46583433557498, 20.651738438635736]], [[-101.46583491824772, 20.651774549057237], [-101.46583433557498, 20.651738438635736]], [[-101.46583433557498, 20.651738438635736], [-101.4657959717957, 20.651738987079423]], [[-101.46579655445939, 20.65177509750197], [-101.4657959717957, 20.651738987079423]], [[-101.4657959717957, 20.651738987079423], [-101.46575760801515, 20.651739535514604]], [[-101.4657581906698, 20.65177564593819], [-101.46575760801515, 20.651739535514604]], [[-101.46575760801515, 20.651739535514604], [-101.46571924423336, 20.651740083941267]], [[-101.46571982687897, 20.651776194365898], [-101.46571924423336, 20.651740083941267]], [[-101.46571924423336, 20.651740083941267], [-101.46568088045032, 20.651740632359417]], [[-101.46568146308688, 20.651776742785092], [-101.46568088045032, 20.651740632359417]], [[-101.46568088045032, 20.651740632359417], [-101.46564251666604, 20.651741180769058]], [[-101.46564309929356, 20.651777291195774], [-101.46564251666604, 20.651741180769058]], [[-101.46564251666604, 20.651741180769058], [-101.46560415288049, 20.65174172917018]], [[-101.46560473549897, 20.65177783959794], [-101.46560415288049, 20.65174172917018]], [[-101.46560415288049, 20.65174172917018], [-101.4655657890937, 20.65174227756279]], [[-101.46556637170315, 20.651778387991595], [-101.4655657890937, 20.65174227756279]], [[-101.4655657890937, 20.65174227756279], [-101.46552742530567, 20.651742825946883]], [[-101.46552800790607, 20.651778936376736], [-101.46552742530567, 20.651742825946883]], [[-101.46552742530567, 20.651742825946883], [-101.46548906151638, 20.651743374322468]], [[-101.46548964410773, 20.651779484753362], [-101.46548906151638, 20.651743374322468]], [[-101.46548906151638, 20.651743374322468], [-101.46545069772584, 20.651743922689533]], [[-101.46545128030814, 20.65178003312147], [-101.46545069772584, 20.651743922689533]], [[-101.46545069772584, 20.651743922689533], [-101.46541233393405, 20.65174447104809]], [[-101.46541291650733, 20.651780581481074], [-101.46541233393405, 20.65174447104809]], [[-101.46541233393405, 20.65174447104809], [-101.46537397014102, 20.651745019398128]], [[-101.46537455270524, 20.65178112983216], [-101.46537397014102, 20.651745019398128]], [[-101.46537397014102, 20.651745019398128], [-101.46533560634674, 20.651745567739656]], [[-101.46533618890193, 20.65178167817473], [-101.46533560634674, 20.651745567739656]], [[-101.46533560634674, 20.651745567739656], [-101.4652972425512, 20.65174611607267]], [[-101.46529782509735, 20.651782226508786], [-101.4652972425512, 20.65174611607267]], [[-101.4652972425512, 20.65174611607267], [-101.46525887875443, 20.651746664397166]], [[-101.46525946129152, 20.651782774834327], [-101.46525887875443, 20.651746664397166]], [[-101.46525887875443, 20.651746664397166], [-101.46522051495639, 20.651747212713158]], [[-101.46522109748445, 20.65178332315136], [-101.46522051495639, 20.651747212713158]], [[-101.46522051495639, 20.651747212713158], [-101.46518215115711, 20.651747761020626]], [[-101.46518273367613, 20.651783871459877], [-101.46518215115711, 20.651747761020626]], [[-101.46518215115711, 20.651747761020626], [-101.46514378735658, 20.651748309319586]], [[-101.46514436986655, 20.65178441975988], [-101.46514378735658, 20.651748309319586]], [[-101.46514378735658, 20.651748309319586], [-101.4651054235548, 20.65174885761003]], [[-101.46510600605572, 20.651784968051366], [-101.4651054235548, 20.65174885761003]], [[-101.46798270522052, 20.65170771220108], [-101.46798212204263, 20.651671601837915]], [[-101.46798212204263, 20.651671601837915], [-101.46794375834239, 20.65167215075733]], [[-101.46794434151123, 20.65170826112154], [-101.46794375834239, 20.65167215075733]], [[-101.46794375834239, 20.65167215075733], [-101.46790539464088, 20.65167269966823]], [[-101.46790597780068, 20.651708810033483], [-101.46790539464088, 20.65167269966823]], [[-101.46790539464088, 20.65167269966823], [-101.46786703093814, 20.651673248570617]], [[-101.4678676140889, 20.651709358936916], [-101.46786703093814, 20.651673248570617]], [[-101.46786703093814, 20.651673248570617], [-101.46782866723414, 20.651673797464493]], [[-101.46782925037586, 20.651709907831837], [-101.46782866723414, 20.651673797464493]], [[-101.46782866723414, 20.651673797464493], [-101.4677903035289, 20.651674346349854]], [[-101.46779088666156, 20.65171045671824], [-101.4677903035289, 20.651674346349854]], [[-101.4677903035289, 20.651674346349854], [-101.46775193982239, 20.651674895226698]], [[-101.46775252294603, 20.651711005596137], [-101.46775193982239, 20.651674895226698]], [[-101.46775193982239, 20.651674895226698], [-101.46771357611465, 20.65167544409503]], [[-101.46771415922923, 20.65171155446551], [-101.46771357611465, 20.65167544409503]], [[-101.46771357611465, 20.65167544409503], [-101.46767521240564, 20.651675992954846]], [[-101.4676757955112, 20.65171210332637], [-101.46767521240564, 20.651675992954846]], [[-101.46767521240564, 20.651675992954846], [-101.46763684869539, 20.651676541806157]], [[-101.4676374317919, 20.651712652178727], [-101.46763684869539, 20.651676541806157]], [[-101.46763684869539, 20.651676541806157], [-101.4675984849839, 20.651677090648946]], [[-101.46759906807137, 20.651713201022563], [-101.4675984849839, 20.651677090648946]], [[-101.4675984849839, 20.651677090648946], [-101.46756012127115, 20.651677639483225]], [[-101.46756070434957, 20.651713749857887], [-101.46756012127115, 20.651677639483225]], [[-101.46756012127115, 20.651677639483225], [-101.46752175755714, 20.65167818830899]], [[-101.46752234062652, 20.6517142986847], [-101.46752175755714, 20.65167818830899]], [[-101.46752175755714, 20.65167818830899], [-101.46748339384189, 20.65167873712624]], [[-101.46748397690223, 20.65171484750299], [-101.46748339384189, 20.65167873712624]], [[-101.46748339384189, 20.65167873712624], [-101.46744503012539, 20.651679285934975]], [[-101.46744561317668, 20.651715396312774], [-101.46744503012539, 20.651679285934975]], [[-101.46744503012539, 20.651679285934975], [-101.46740666640764, 20.6516798347352]], [[-101.46740724944989, 20.65171594511404], [-101.46740666640764, 20.6516798347352]], [[-101.46740666640764, 20.6516798347352], [-101.46736830268863, 20.65168038352691]], [[-101.46736888572184, 20.651716493906797], [-101.46736830268863, 20.65168038352691]], [[-101.46736830268863, 20.65168038352691], [-101.46732993896838, 20.651680932310107]], [[-101.46733052199254, 20.65171704269104], [-101.46732993896838, 20.651680932310107]], [[-101.46732993896838, 20.651680932310107], [-101.46729157524688, 20.65168148108479]], [[-101.46729215826198, 20.651717591466763], [-101.46729157524688, 20.65168148108479]], [[-101.46729157524688, 20.65168148108479], [-101.46725321152412, 20.651682029850956]], [[-101.4672537945302, 20.651718140233978], [-101.46725321152412, 20.651682029850956]], [[-101.46725321152412, 20.651682029850956], [-101.46721484780012, 20.651682578608614]], [[-101.46721543079715, 20.65171868899268], [-101.46721484780012, 20.651682578608614]], [[-101.46721484780012, 20.651682578608614], [-101.46717648407487, 20.65168312735775]], [[-101.46717706706285, 20.651719237742867], [-101.46717648407487, 20.65168312735775]], [[-101.46717648407487, 20.65168312735775], [-101.46713812034837, 20.651683676098383]], [[-101.46713870332731, 20.651719786484538], [-101.46713812034837, 20.651683676098383]], [[-101.46713812034837, 20.651683676098383], [-101.4670997566206, 20.651684224830493]], [[-101.46710033959052, 20.651720335217693], [-101.4670997566206, 20.651684224830493]], [[-101.4670997566206, 20.651684224830493], [-101.4670613928916, 20.651684773554095]], [[-101.46706197585246, 20.65172088394234], [-101.4670613928916, 20.651684773554095]], [[-101.4670613928916, 20.651684773554095], [-101.46702302916134, 20.651685322269184]], [[-101.46702361211317, 20.65172143265847], [-101.46702302916134, 20.651685322269184]], [[-101.46702302916134, 20.651685322269184], [-101.46698466542985, 20.65168587097575]], [[-101.46698524837262, 20.651721981366087], [-101.46698466542985, 20.65168587097575]], [[-101.46698466542985, 20.65168587097575], [-101.46694630169708, 20.65168641967381]], [[-101.46694688463083, 20.65172253006519], [-101.46694630169708, 20.65168641967381]], [[-101.46694630169708, 20.65168641967381], [-101.46690793796307, 20.651686968363357]], [[-101.46690852088777, 20.651723078755783], [-101.46690793796307, 20.651686968363357]], [[-101.46690793796307, 20.651686968363357], [-101.46686957422783, 20.651687517044387]], [[-101.46687015714348, 20.651723627437857], [-101.46686957422783, 20.651687517044387]], [[-101.46686957422783, 20.651687517044387], [-101.46683121049132, 20.651688065716908]], [[-101.46683179339793, 20.65172417611142], [-101.46683121049132, 20.651688065716908]], [[-101.46683121049132, 20.651688065716908], [-101.46679284675356, 20.651688614380912]], [[-101.46679342965113, 20.651724724776468], [-101.46679284675356, 20.651688614380912]], [[-101.46679284675356, 20.651688614380912], [-101.46675448301457, 20.6516891630364]], [[-101.46675506590309, 20.65172527343301], [-101.46675448301457, 20.6516891630364]], [[-101.46675448301457, 20.6516891630364], [-101.4667161192743, 20.65168971168338]], [[-101.46671670215379, 20.651725822081026], [-101.4667161192743, 20.65168971168338]], [[-101.4667161192743, 20.65168971168338], [-101.4666777555328, 20.651690260321846]], [[-101.46667833840324, 20.651726370720535], [-101.4666777555328, 20.651690260321846]], [[-101.4666777555328, 20.651690260321846], [-101.46663939179004, 20.651690808951788]], [[-101.46663997465143, 20.65172691935153], [-101.46663939179004, 20.651690808951788]], [[-101.46663939179004, 20.651690808951788], [-101.46660102804604, 20.651691357573224]], [[-101.4666016108984, 20.65172746797401], [-101.46660102804604, 20.651691357573224]], [[-101.46660102804604, 20.651691357573224], [-101.46656266430078, 20.651691906186148]], [[-101.4665632471441, 20.651728016587978], [-101.46656266430078, 20.651691906186148]], [[-101.46656266430078, 20.651691906186148], [-101.46652430055428, 20.651692454790552]], [[-101.46652488338854, 20.65172856519343], [-101.46652430055428, 20.651692454790552]], [[-101.46652430055428, 20.651692454790552], [-101.46648593680652, 20.651693003386455]], [[-101.46648651963174, 20.65172911379037], [-101.46648593680652, 20.651693003386455]], [[-101.46648593680652, 20.651693003386455], [-101.46644757305754, 20.651693551973832]], [[-101.4664481558737, 20.65172966237879], [-101.46644757305754, 20.651693551973832]], [[-101.46644757305754, 20.651693551973832], [-101.46640920930727, 20.651694100552703]], [[-101.4664097921144, 20.651730210958707], [-101.46640920930727, 20.651694100552703]], [[-101.46640920930727, 20.651694100552703], [-101.46637084555576, 20.651694649123055]], [[-101.46637142835387, 20.651730759530107], [-101.46637084555576, 20.651694649123055]], [[-101.46637084555576, 20.651694649123055], [-101.46633248180302, 20.651695197684894]], [[-101.46633306459205, 20.651731308092987], [-101.46633248180302, 20.651695197684894]], [[-101.46633248180302, 20.651695197684894], [-101.466294118049, 20.651695746238218]], [[-101.46629470082901, 20.651731856647356], [-101.466294118049, 20.651695746238218]], [[-101.466294118049, 20.651695746238218], [-101.46625575429375, 20.65169629478303]], [[-101.46625633706472, 20.651732405193215], [-101.46625575429375, 20.65169629478303]], [[-101.46625575429375, 20.65169629478303], [-101.46621739053725, 20.65169684331933]], [[-101.46621797329917, 20.65173295373056], [-101.46621739053725, 20.65169684331933]], [[-101.46621739053725, 20.65169684331933], [-101.4661790267795, 20.651697391847115]], [[-101.46617960953238, 20.651733502259386], [-101.4661790267795, 20.651697391847115]], [[-101.4661790267795, 20.651697391847115], [-101.4661406630205, 20.651697940366383]], [[-101.46614124576433, 20.6517340507797], [-101.4661406630205, 20.651697940366383]], [[-101.4661406630205, 20.651697940366383], [-101.46610229926026, 20.651698488877145]], [[-101.46610288199503, 20.651734599291505], [-101.46610229926026, 20.651698488877145]], [[-101.46610229926026, 20.651698488877145], [-101.46606393549874, 20.651699037379384]], [[-101.4660645182245, 20.651735147794792], [-101.46606393549874, 20.651699037379384]], [[-101.46606393549874, 20.651699037379384], [-101.466025571736, 20.651699585873118]], [[-101.46602615445269, 20.651735696289567], [-101.466025571736, 20.651699585873118]], [[-101.466025571736, 20.651699585873118], [-101.46598720797199, 20.651700134358336]], [[-101.46598779067966, 20.651736244775826], [-101.46598720797199, 20.651700134358336]], [[-101.46598720797199, 20.651700134358336], [-101.46594884420675, 20.65170068283504]], [[-101.46594942690535, 20.65173679325358], [-101.46594884420675, 20.65170068283504]], [[-101.46594884420675, 20.65170068283504], [-101.46591048044024, 20.651701231303225]], [[-101.46591106312981, 20.651737341722814], [-101.46591048044024, 20.651701231303225]], [[-101.46591048044024, 20.651701231303225], [-101.46587211667249, 20.651701779762906]], [[-101.46587269935303, 20.65173789018353], [-101.46587211667249, 20.651701779762906]], [[-101.46587211667249, 20.651701779762906], [-101.46583375290349, 20.651702328214057]], [[-101.46583433557498, 20.651738438635736], [-101.46583375290349, 20.651702328214057]], [[-101.46583375290349, 20.651702328214057], [-101.46579538913325, 20.65170287665671]], [[-101.4657959717957, 20.651738987079423], [-101.46579538913325, 20.65170287665671]], [[-101.46579538913325, 20.65170287665671], [-101.46575702536174, 20.651703425090847]], [[-101.46575760801515, 20.651739535514604], [-101.46575702536174, 20.651703425090847]], [[-101.46575702536174, 20.651703425090847], [-101.465718661589, 20.651703973516458]], [[-101.46571924423336, 20.651740083941267], [-101.465718661589, 20.651703973516458]], [[-101.465718661589, 20.651703973516458], [-101.46568029781501, 20.651704521933567]], [[-101.46568088045032, 20.651740632359417], [-101.46568029781501, 20.651704521933567]], [[-101.46568029781501, 20.651704521933567], [-101.46564193403975, 20.651705070342164]], [[-101.46564251666604, 20.651741180769058], [-101.46564193403975, 20.651705070342164]], [[-101.46564193403975, 20.651705070342164], [-101.46560357026326, 20.651705618742245]], [[-101.46560415288049, 20.65174172917018], [-101.46560357026326, 20.651705618742245]], [[-101.46560357026326, 20.651705618742245], [-101.46556520648551, 20.651706167133806]], [[-101.4655657890937, 20.65174227756279], [-101.46556520648551, 20.651706167133806]], [[-101.46556520648551, 20.651706167133806], [-101.46552684270652, 20.65170671551686]], [[-101.46552742530567, 20.651742825946883], [-101.46552684270652, 20.65170671551686]], [[-101.46552684270652, 20.65170671551686], [-101.46548847892628, 20.651707263891396]], [[-101.46548906151638, 20.651743374322468], [-101.46548847892628, 20.651707263891396]], [[-101.46548847892628, 20.651707263891396], [-101.46545011514478, 20.65170781225742]], [[-101.46545069772584, 20.651743922689533], [-101.46545011514478, 20.65170781225742]], [[-101.46545011514478, 20.65170781225742], [-101.46541175136204, 20.651708360614926]], [[-101.46541233393405, 20.65174447104809], [-101.46541175136204, 20.651708360614926]], [[-101.46541175136204, 20.651708360614926], [-101.46537338757805, 20.651708908963926]], [[-101.46537397014102, 20.651745019398128], [-101.46537338757805, 20.651708908963926]], [[-101.46537338757805, 20.651708908963926], [-101.46533502379282, 20.65170945730441]], [[-101.46533560634674, 20.651745567739656], [-101.46533502379282, 20.65170945730441]], [[-101.46533502379282, 20.65170945730441], [-101.46529666000632, 20.651710005636378]], [[-101.4652972425512, 20.65174611607267], [-101.46529666000632, 20.651710005636378]], [[-101.46529666000632, 20.651710005636378], [-101.46525829621858, 20.651710553959834]], [[-101.46525887875443, 20.651746664397166], [-101.46525829621858, 20.651710553959834]], [[-101.46525829621858, 20.651710553959834], [-101.46521993242959, 20.651711102274774]], [[-101.46522051495639, 20.651747212713158], [-101.46521993242959, 20.651711102274774]], [[-101.46521993242959, 20.651711102274774], [-101.46518156863935, 20.651711650581202]], [[-101.46518215115711, 20.651747761020626], [-101.46518156863935, 20.651711650581202]], [[-101.46518156863935, 20.651711650581202], [-101.46514320484786, 20.651712198879117]], [[-101.46514378735658, 20.651748309319586], [-101.46514320484786, 20.651712198879117]], [[-101.46514320484786, 20.651712198879117], [-101.46510484105512, 20.65171274716852]], [[-101.4651054235548, 20.65174885761003], [-101.46510484105512, 20.65171274716852]], [[-101.46798212204263, 20.651671601837915], [-101.46798153886598, 20.65163549147459]], [[-101.46798153886598, 20.65163549147459], [-101.46794317517478, 20.65163604039296]], [[-101.46794375834239, 20.65167215075733], [-101.46794317517478, 20.65163604039296]], [[-101.46794317517478, 20.65163604039296], [-101.46790481148233, 20.651636589302818]], [[-101.46790539464088, 20.65167269966823], [-101.46790481148233, 20.651636589302818]], [[-101.46790481148233, 20.651636589302818], [-101.46786644778862, 20.65163713820416]], [[-101.46786703093814, 20.651673248570617], [-101.46786644778862, 20.65163713820416]], [[-101.46786644778862, 20.65163713820416], [-101.46782808409367, 20.651637687096986]], [[-101.46782866723414, 20.651673797464493], [-101.46782808409367, 20.651637687096986]], [[-101.46782808409367, 20.651637687096986], [-101.46778972039746, 20.651638235981302]], [[-101.4677903035289, 20.651674346349854], [-101.46778972039746, 20.651638235981302]], [[-101.46778972039746, 20.651638235981302], [-101.4677513567, 20.651638784857102]], [[-101.46775193982239, 20.651674895226698], [-101.4677513567, 20.651638784857102]], [[-101.4677513567, 20.651638784857102], [-101.4677129930013, 20.65163933372439]], [[-101.46771357611465, 20.65167544409503], [-101.4677129930013, 20.65163933372439]], [[-101.4677129930013, 20.65163933372439], [-101.46767462930134, 20.65163988258316]], [[-101.46767521240564, 20.651675992954846], [-101.46767462930134, 20.65163988258316]], [[-101.46767462930134, 20.65163988258316], [-101.46763626560013, 20.65164043143342]], [[-101.46763684869539, 20.651676541806157], [-101.46763626560013, 20.65164043143342]], [[-101.46763626560013, 20.65164043143342], [-101.46759790189768, 20.65164098027517]], [[-101.4675984849839, 20.651677090648946], [-101.46759790189768, 20.65164098027517]], [[-101.46759790189768, 20.65164098027517], [-101.46755953819398, 20.651641529108403]], [[-101.46756012127115, 20.651677639483225], [-101.46755953819398, 20.651641529108403]], [[-101.46755953819398, 20.651641529108403], [-101.46752117448901, 20.65164207793312]], [[-101.46752175755714, 20.65167818830899], [-101.46752117448901, 20.65164207793312]], [[-101.46752117448901, 20.65164207793312], [-101.46748281078281, 20.65164262674933]], [[-101.46748339384189, 20.65167873712624], [-101.46748281078281, 20.65164262674933]], [[-101.46748281078281, 20.65164262674933], [-101.46744444707535, 20.65164317555702]], [[-101.46744503012539, 20.651679285934975], [-101.46744444707535, 20.65164317555702]], [[-101.46744444707535, 20.65164317555702], [-101.46740608336664, 20.651643724356198]], [[-101.46740666640764, 20.6516798347352], [-101.46740608336664, 20.651643724356198]], [[-101.46740608336664, 20.651643724356198], [-101.46736771965668, 20.651644273146864]], [[-101.46736830268863, 20.65168038352691], [-101.46736771965668, 20.651644273146864]], [[-101.46736771965668, 20.651644273146864], [-101.46732935594547, 20.65164482192902]], [[-101.46732993896838, 20.651680932310107], [-101.46732935594547, 20.65164482192902]], [[-101.46732935594547, 20.65164482192902], [-101.467290992233, 20.65164537070265]], [[-101.46729157524688, 20.65168148108479], [-101.467290992233, 20.65164537070265]], [[-101.467290992233, 20.65164537070265], [-101.46725262851929, 20.65164591946778]], [[-101.46725321152412, 20.651682029850956], [-101.46725262851929, 20.65164591946778]], [[-101.46725262851929, 20.65164591946778], [-101.46721426480433, 20.651646468224385]], [[-101.46721484780012, 20.651682578608614], [-101.46721426480433, 20.651646468224385]], [[-101.46721426480433, 20.651646468224385], [-101.46717590108813, 20.651647016972483]], [[-101.46717648407487, 20.65168312735775], [-101.46717590108813, 20.651647016972483]], [[-101.46717590108813, 20.651647016972483], [-101.46713753737068, 20.651647565712064]], [[-101.46713812034837, 20.651683676098383], [-101.46713753737068, 20.651647565712064]], [[-101.46713753737068, 20.651647565712064], [-101.46709917365196, 20.65164811444313]], [[-101.4670997566206, 20.651684224830493], [-101.46709917365196, 20.65164811444313]], [[-101.46709917365196, 20.65164811444313], [-101.467060809932, 20.651648663165687]], [[-101.4670613928916, 20.651684773554095], [-101.467060809932, 20.651648663165687]], [[-101.467060809932, 20.651648663165687], [-101.46702244621078, 20.65164921187973]], [[-101.46702302916134, 20.651685322269184], [-101.46702244621078, 20.65164921187973]], [[-101.46702244621078, 20.65164921187973], [-101.46698408248831, 20.651649760585258]], [[-101.46698466542985, 20.65168587097575], [-101.46698408248831, 20.651649760585258]], [[-101.46698408248831, 20.651649760585258], [-101.4669457187646, 20.65165030928227]], [[-101.46694630169708, 20.65168641967381], [-101.4669457187646, 20.65165030928227]], [[-101.4669457187646, 20.65165030928227], [-101.46690735503964, 20.651650857970775]], [[-101.46690793796307, 20.651686968363357], [-101.46690735503964, 20.651650857970775]], [[-101.46690735503964, 20.651650857970775], [-101.46686899131343, 20.65165140665076]], [[-101.46686957422783, 20.651687517044387], [-101.46686899131343, 20.65165140665076]], [[-101.46686899131343, 20.65165140665076], [-101.46683062758596, 20.651651955322233]], [[-101.46683121049132, 20.651688065716908], [-101.46683062758596, 20.651651955322233]], [[-101.46683062758596, 20.651651955322233], [-101.46679226385724, 20.651652503985193]], [[-101.46679284675356, 20.651688614380912], [-101.46679226385724, 20.651652503985193]], [[-101.46679226385724, 20.651652503985193], [-101.46675390012729, 20.651653052639634]], [[-101.46675448301457, 20.6516891630364], [-101.46675390012729, 20.651653052639634]], [[-101.46675390012729, 20.651653052639634], [-101.46671553639608, 20.65165360128557]], [[-101.4667161192743, 20.65168971168338], [-101.46671553639608, 20.65165360128557]], [[-101.46671553639608, 20.65165360128557], [-101.46667717266361, 20.651654149922987]], [[-101.4666777555328, 20.651690260321846], [-101.46667717266361, 20.651654149922987]], [[-101.46667717266361, 20.651654149922987], [-101.46663880892991, 20.65165469855189]], [[-101.46663939179004, 20.651690808951788], [-101.46663880892991, 20.65165469855189]], [[-101.46663880892991, 20.65165469855189], [-101.46660044519496, 20.651655247172283]], [[-101.46660102804604, 20.651691357573224], [-101.46660044519496, 20.651655247172283]], [[-101.46660044519496, 20.651655247172283], [-101.46656208145873, 20.651655795784166]], [[-101.46656266430078, 20.651691906186148], [-101.46656208145873, 20.651655795784166]], [[-101.46656208145873, 20.651655795784166], [-101.46652371772127, 20.651656344387526]], [[-101.46652430055428, 20.651692454790552], [-101.46652371772127, 20.651656344387526]], [[-101.46652371772127, 20.651656344387526], [-101.46648535398256, 20.651656892982373]], [[-101.46648593680652, 20.651693003386455], [-101.46648535398256, 20.651656892982373]], [[-101.46648535398256, 20.651656892982373], [-101.4664469902426, 20.651657441568712]], [[-101.46644757305754, 20.651693551973832], [-101.4664469902426, 20.651657441568712]], [[-101.4664469902426, 20.651657441568712], [-101.46640862650139, 20.651657990146532]], [[-101.46640920930727, 20.651694100552703], [-101.46640862650139, 20.651657990146532]], [[-101.46640862650139, 20.651657990146532], [-101.46637026275893, 20.651658538715843]], [[-101.46637084555576, 20.651694649123055], [-101.46637026275893, 20.651658538715843]], [[-101.46637026275893, 20.651658538715843], [-101.46633189901522, 20.651659087276638]], [[-101.46633248180302, 20.651695197684894], [-101.46633189901522, 20.651659087276638]], [[-101.46633189901522, 20.651659087276638], [-101.46629353527025, 20.651659635828924]], [[-101.466294118049, 20.651695746238218], [-101.46629353527025, 20.651659635828924]], [[-101.46629353527025, 20.651659635828924], [-101.46625517152404, 20.651660184372687]], [[-101.46625575429375, 20.65169629478303], [-101.46625517152404, 20.651660184372687]], [[-101.46625517152404, 20.651660184372687], [-101.46621680777659, 20.65166073290794]], [[-101.46621739053725, 20.65169684331933], [-101.46621680777659, 20.65166073290794]], [[-101.46621680777659, 20.65166073290794], [-101.46617844402788, 20.651661281434684]], [[-101.4661790267795, 20.651697391847115], [-101.46617844402788, 20.651661281434684]], [[-101.46617844402788, 20.651661281434684], [-101.46614008027791, 20.651661829952907]], [[-101.4661406630205, 20.651697940366383], [-101.46614008027791, 20.651661829952907]], [[-101.46614008027791, 20.651661829952907], [-101.46610171652671, 20.651662378462625]], [[-101.46610229926026, 20.651698488877145], [-101.46610171652671, 20.651662378462625]], [[-101.46610171652671, 20.651662378462625], [-101.46606335277424, 20.65166292696382]], [[-101.46606393549874, 20.651699037379384], [-101.46606335277424, 20.65166292696382]], [[-101.46606335277424, 20.65166292696382], [-101.46602498902054, 20.651663475456505]], [[-101.466025571736, 20.651699585873118], [-101.46602498902054, 20.651663475456505]], [[-101.46602498902054, 20.651663475456505], [-101.46598662526559, 20.651664023940675]], [[-101.46598720797199, 20.651700134358336], [-101.46598662526559, 20.651664023940675]], [[-101.46598662526559, 20.651664023940675], [-101.46594826150937, 20.65166457241634]], [[-101.46594884420675, 20.65170068283504], [-101.46594826150937, 20.65166457241634]], [[-101.46594826150937, 20.65166457241634], [-101.46590989775191, 20.651665120883482]], [[-101.46591048044024, 20.651701231303225], [-101.46590989775191, 20.651665120883482]], [[-101.46590989775191, 20.651665120883482], [-101.46587153399321, 20.651665669342112]], [[-101.46587211667249, 20.651701779762906], [-101.46587153399321, 20.651665669342112]], [[-101.46587153399321, 20.651665669342112], [-101.46583317023325, 20.651666217792233]], [[-101.46583375290349, 20.651702328214057], [-101.46583317023325, 20.651666217792233]], [[-101.46583317023325, 20.651666217792233], [-101.46579480647205, 20.651666766233834]], [[-101.46579538913325, 20.65170287665671], [-101.46579480647205, 20.651666766233834]], [[-101.46579480647205, 20.651666766233834], [-101.46575644270959, 20.651667314666923]], [[-101.46575702536174, 20.651703425090847], [-101.46575644270959, 20.651667314666923]], [[-101.46575644270959, 20.651667314666923], [-101.46571807894588, 20.6516678630915]], [[-101.465718661589, 20.651703973516458], [-101.46571807894588, 20.6516678630915]], [[-101.46571807894588, 20.6516678630915], [-101.46567971518094, 20.651668411507558]], [[-101.46568029781501, 20.651704521933567], [-101.46567971518094, 20.651668411507558]], [[-101.46567971518094, 20.651668411507558], [-101.46564135141473, 20.65166895991511]], [[-101.46564193403975, 20.651705070342164], [-101.46564135141473, 20.65166895991511]], [[-101.46564135141473, 20.65166895991511], [-101.46560298764727, 20.651669508314146]], [[-101.46560357026326, 20.651705618742245], [-101.46560298764727, 20.651669508314146]], [[-101.46560298764727, 20.651669508314146], [-101.46556462387858, 20.65167005670467]], [[-101.46556520648551, 20.651706167133806], [-101.46556462387858, 20.65167005670467]], [[-101.46556462387858, 20.65167005670467], [-101.46552626010862, 20.651670605086675]], [[-101.46552684270652, 20.65170671551686], [-101.46552626010862, 20.651670605086675]], [[-101.46552626010862, 20.651670605086675], [-101.46548789633742, 20.651671153460164]], [[-101.46548847892628, 20.651707263891396], [-101.46548789633742, 20.651671153460164]], [[-101.46548789633742, 20.651671153460164], [-101.46544953256497, 20.651671701825144]], [[-101.46545011514478, 20.65170781225742], [-101.46544953256497, 20.651671701825144]], [[-101.46544953256497, 20.651671701825144], [-101.46541116879126, 20.65167225018161]], [[-101.46541175136204, 20.651708360614926], [-101.46541116879126, 20.65167225018161]], [[-101.46541116879126, 20.65167225018161], [-101.46537280501632, 20.651672798529567]], [[-101.46537338757805, 20.651708908963926], [-101.46537280501632, 20.651672798529567]], [[-101.46537280501632, 20.651672798529567], [-101.46533444124013, 20.651673346869007]], [[-101.46533502379282, 20.65170945730441], [-101.46533444124013, 20.651673346869007]], [[-101.46533444124013, 20.651673346869007], [-101.46529607746268, 20.651673895199927]], [[-101.46529666000632, 20.651710005636378], [-101.46529607746268, 20.651673895199927]], [[-101.46529607746268, 20.651673895199927], [-101.46525771368398, 20.65167444352234]], [[-101.46525829621858, 20.651710553959834], [-101.46525771368398, 20.65167444352234]], [[-101.46525771368398, 20.65167444352234], [-101.46521934990403, 20.651674991836238]], [[-101.46521993242959, 20.651711102274774], [-101.46521934990403, 20.651674991836238]], [[-101.46521934990403, 20.651674991836238], [-101.46518098612283, 20.651675540141618]], [[-101.46518156863935, 20.651711650581202], [-101.46518098612283, 20.651675540141618]], [[-101.46518098612283, 20.651675540141618], [-101.4651426223404, 20.65167608843849]], [[-101.46514320484786, 20.651712198879117], [-101.4651426223404, 20.65167608843849]], [[-101.4651426223404, 20.65167608843849], [-101.46510425855669, 20.651676636726847]], [[-101.46510484105512, 20.65171274716852], [-101.46510425855669, 20.651676636726847]], [[-101.46798153886598, 20.65163549147459], [-101.4679809556906, 20.651599381111097]], [[-101.4679809556906, 20.651599381111097], [-101.46794259200844, 20.651599930028425]], [[-101.46794317517478, 20.65163604039296], [-101.46794259200844, 20.651599930028425]], [[-101.46794259200844, 20.651599930028425], [-101.46790422832503, 20.65160047893723]], [[-101.46790481148233, 20.651636589302818], [-101.46790422832503, 20.65160047893723]], [[-101.46790422832503, 20.65160047893723], [-101.46786586464036, 20.65160102783753]], [[-101.46786644778862, 20.65163713820416], [-101.46786586464036, 20.65160102783753]], [[-101.46786586464036, 20.65160102783753], [-101.46782750095446, 20.65160157672931]], [[-101.46782808409367, 20.651637687096986], [-101.46782750095446, 20.65160157672931]], [[-101.46782750095446, 20.65160157672931], [-101.46778913726729, 20.651602125612587]], [[-101.46778972039746, 20.651638235981302], [-101.46778913726729, 20.651602125612587]], [[-101.46778913726729, 20.651602125612587], [-101.46775077357889, 20.65160267448734]], [[-101.4677513567, 20.651638784857102], [-101.46775077357889, 20.65160267448734]], [[-101.46775077357889, 20.65160267448734], [-101.46771240988922, 20.651603223353582]], [[-101.4677129930013, 20.65163933372439], [-101.46771240988922, 20.651603223353582]], [[-101.46771240988922, 20.651603223353582], [-101.4676740461983, 20.651603772211306]], [[-101.46767462930134, 20.65163988258316], [-101.4676740461983, 20.651603772211306]], [[-101.4676740461983, 20.651603772211306], [-101.46763568250613, 20.65160432106053]], [[-101.46763626560013, 20.65164043143342], [-101.46763568250613, 20.65160432106053]], [[-101.46763568250613, 20.65160432106053], [-101.46759731881272, 20.651604869901227]], [[-101.46759790189768, 20.65164098027517], [-101.46759731881272, 20.651604869901227]], [[-101.46759731881272, 20.651604869901227], [-101.46755895511805, 20.651605418733414]], [[-101.46755953819398, 20.651641529108403], [-101.46755895511805, 20.651605418733414]], [[-101.46755895511805, 20.651605418733414], [-101.46752059142213, 20.651605967557092]], [[-101.46752117448901, 20.65164207793312], [-101.46752059142213, 20.651605967557092]], [[-101.46752059142213, 20.651605967557092], [-101.46748222772497, 20.65160651637225]], [[-101.46748281078281, 20.65164262674933], [-101.46748222772497, 20.65160651637225]], [[-101.46748222772497, 20.65160651637225], [-101.46744386402656, 20.651607065178897]], [[-101.46744444707535, 20.65164317555702], [-101.46744386402656, 20.651607065178897]], [[-101.46744386402656, 20.651607065178897], [-101.46740550032689, 20.651607613977035]], [[-101.46740608336664, 20.651643724356198], [-101.46740550032689, 20.651607613977035]], [[-101.46740550032689, 20.651607613977035], [-101.46736713662598, 20.65160816276665]], [[-101.46736771965668, 20.651644273146864], [-101.46736713662598, 20.65160816276665]], [[-101.46736713662598, 20.65160816276665], [-101.4673287729238, 20.651608711547755]], [[-101.46732935594547, 20.65164482192902], [-101.4673287729238, 20.651608711547755]], [[-101.4673287729238, 20.651608711547755], [-101.4672904092204, 20.651609260320352]], [[-101.467290992233, 20.65164537070265], [-101.4672904092204, 20.651609260320352]], [[-101.4672904092204, 20.651609260320352], [-101.46725204551572, 20.651609809084427]], [[-101.46725262851929, 20.65164591946778], [-101.46725204551572, 20.651609809084427]], [[-101.46725204551572, 20.651609809084427], [-101.46721368180981, 20.651610357839996]], [[-101.46721426480433, 20.651646468224385], [-101.46721368180981, 20.651610357839996]], [[-101.46721368180981, 20.651610357839996], [-101.46717531810263, 20.651610906587045]], [[-101.46717590108813, 20.651647016972483], [-101.46717531810263, 20.651610906587045]], [[-101.46717531810263, 20.651610906587045], [-101.46713695439422, 20.651611455325583]], [[-101.46713753737068, 20.651647565712064], [-101.46713695439422, 20.651611455325583]], [[-101.46713695439422, 20.651611455325583], [-101.46709859068454, 20.651612004055604]], [[-101.46709917365196, 20.65164811444313], [-101.46709859068454, 20.651612004055604]], [[-101.46709859068454, 20.651612004055604], [-101.46706022697363, 20.651612552777113]], [[-101.467060809932, 20.651648663165687], [-101.46706022697363, 20.651612552777113]], [[-101.46706022697363, 20.651612552777113], [-101.46702186326145, 20.65161310149011]], [[-101.46702244621078, 20.65164921187973], [-101.46702186326145, 20.65161310149011]], [[-101.46702186326145, 20.65161310149011], [-101.46698349954804, 20.651613650194594]], [[-101.46698408248831, 20.651649760585258], [-101.46698349954804, 20.651613650194594]], [[-101.46698349954804, 20.651613650194594], [-101.46694513583337, 20.651614198890563]], [[-101.4669457187646, 20.65165030928227], [-101.46694513583337, 20.651614198890563]], [[-101.46694513583337, 20.651614198890563], [-101.46690677211745, 20.65161474757802]], [[-101.46690735503964, 20.651650857970775], [-101.46690677211745, 20.65161474757802]], [[-101.46690677211745, 20.65161474757802], [-101.46686840840029, 20.651615296256963]], [[-101.46686899131343, 20.65165140665076], [-101.46686840840029, 20.651615296256963]], [[-101.46686840840029, 20.651615296256963], [-101.46683004468187, 20.651615844927395]], [[-101.46683062758596, 20.651651955322233], [-101.46683004468187, 20.651615844927395]], [[-101.46683004468187, 20.651615844927395], [-101.4667916809622, 20.651616393589308]], [[-101.46679226385724, 20.651652503985193], [-101.4667916809622, 20.651616393589308]], [[-101.4667916809622, 20.651616393589308], [-101.46675331724127, 20.651616942242708]], [[-101.46675390012729, 20.651653052639634], [-101.46675331724127, 20.651616942242708]], [[-101.46675331724127, 20.651616942242708], [-101.4667149535191, 20.651617490887592]], [[-101.46671553639608, 20.65165360128557], [-101.4667149535191, 20.651617490887592]], [[-101.4667149535191, 20.651617490887592], [-101.46667658979568, 20.651618039523967]], [[-101.46667717266361, 20.651654149922987], [-101.46667658979568, 20.651618039523967]], [[-101.46667658979568, 20.651618039523967], [-101.46663822607101, 20.65161858815183]], [[-101.46663880892991, 20.65165469855189], [-101.46663822607101, 20.65161858815183]], [[-101.46663822607101, 20.65161858815183], [-101.4665998623451, 20.651619136771174]], [[-101.46660044519496, 20.651655247172283], [-101.4665998623451, 20.651619136771174]], [[-101.4665998623451, 20.651619136771174], [-101.46656149861792, 20.65161968538201]], [[-101.46656208145873, 20.651655795784166], [-101.46656149861792, 20.65161968538201]], [[-101.46656149861792, 20.65161968538201], [-101.46652313488951, 20.651620233984328]], [[-101.46652371772127, 20.651656344387526], [-101.46652313488951, 20.651620233984328]], [[-101.46652313488951, 20.651620233984328], [-101.46648477115984, 20.65162078257813]], [[-101.46648535398256, 20.651656892982373], [-101.46648477115984, 20.65162078257813]], [[-101.46648477115984, 20.65162078257813], [-101.46644640742892, 20.651621331163426]], [[-101.4664469902426, 20.651657441568712], [-101.46644640742892, 20.651621331163426]], [[-101.46644640742892, 20.651621331163426], [-101.46640804369676, 20.651621879740205]], [[-101.46640862650139, 20.651657990146532], [-101.46640804369676, 20.651621879740205]], [[-101.46640804369676, 20.651621879740205], [-101.46636967996334, 20.651622428308468]], [[-101.46637026275893, 20.651658538715843], [-101.46636967996334, 20.651622428308468]], [[-101.46636967996334, 20.651622428308468], [-101.46633131622866, 20.651622976868218]], [[-101.46633189901522, 20.651659087276638], [-101.46633131622866, 20.651622976868218]], [[-101.46633131622866, 20.651622976868218], [-101.46629295249275, 20.651623525419456]], [[-101.46629353527025, 20.651659635828924], [-101.46629295249275, 20.651623525419456]], [[-101.46629295249275, 20.651623525419456], [-101.46625458875558, 20.651624073962182]], [[-101.46625517152404, 20.651660184372687], [-101.46625458875558, 20.651624073962182]], [[-101.46625458875558, 20.651624073962182], [-101.46621622501716, 20.651624622496385]], [[-101.46621680777659, 20.65166073290794], [-101.46621622501716, 20.651624622496385]], [[-101.46621622501716, 20.651624622496385], [-101.4661778612775, 20.651625171022083]], [[-101.46617844402788, 20.651661281434684], [-101.4661778612775, 20.651625171022083]], [[-101.4661778612775, 20.651625171022083], [-101.46613949753659, 20.65162571953927]], [[-101.46614008027791, 20.651661829952907], [-101.46613949753659, 20.65162571953927]], [[-101.46613949753659, 20.65162571953927], [-101.46610113379441, 20.651626268047938]], [[-101.46610171652671, 20.651662378462625], [-101.46610113379441, 20.651626268047938]], [[-101.46610113379441, 20.651626268047938], [-101.466062770051, 20.651626816548085]], [[-101.46606335277424, 20.65166292696382], [-101.466062770051, 20.651626816548085]], [[-101.466062770051, 20.651626816548085], [-101.46602440630633, 20.65162736503973]], [[-101.46602498902054, 20.651663475456505], [-101.46602440630633, 20.65162736503973]], [[-101.46602440630633, 20.65162736503973], [-101.46598604256042, 20.65162791352286]], [[-101.46598662526559, 20.651664023940675], [-101.46598604256042, 20.65162791352286]], [[-101.46598604256042, 20.65162791352286], [-101.46594767881325, 20.651628461997472]], [[-101.46594826150937, 20.65166457241634], [-101.46594767881325, 20.651628461997472]], [[-101.46594767881325, 20.651628461997472], [-101.46590931506483, 20.65162901046357]], [[-101.46590989775191, 20.651665120883482], [-101.46590931506483, 20.65162901046357]], [[-101.46590931506483, 20.65162901046357], [-101.46587095131518, 20.65162955892116]], [[-101.46587153399321, 20.651665669342112], [-101.46587095131518, 20.65162955892116]], [[-101.46587095131518, 20.65162955892116], [-101.46583258756426, 20.651630107370227]], [[-101.46583317023325, 20.651666217792233], [-101.46583258756426, 20.651630107370227]], [[-101.46583258756426, 20.651630107370227], [-101.46579422381211, 20.651630655810788]], [[-101.46579480647205, 20.651666766233834], [-101.46579422381211, 20.651630655810788]], [[-101.46579422381211, 20.651630655810788], [-101.46575586005868, 20.651631204242836]], [[-101.46575644270959, 20.651667314666923], [-101.46575586005868, 20.651631204242836]], [[-101.46575586005868, 20.651631204242836], [-101.46571749630402, 20.65163175266637]], [[-101.46571807894588, 20.6516678630915], [-101.46571749630402, 20.65163175266637]], [[-101.46571749630402, 20.65163175266637], [-101.46567913254812, 20.65163230108138]], [[-101.46567971518094, 20.651668411507558], [-101.46567913254812, 20.65163230108138]], [[-101.46567913254812, 20.65163230108138], [-101.46564076879095, 20.651632849487893]], [[-101.46564135141473, 20.65166895991511], [-101.46564076879095, 20.651632849487893]], [[-101.46564076879095, 20.651632849487893], [-101.46560240503254, 20.651633397885877]], [[-101.46560298764727, 20.651669508314146], [-101.46560240503254, 20.651633397885877]], [[-101.46560240503254, 20.651633397885877], [-101.46556404127288, 20.651633946275357]], [[-101.46556462387858, 20.65167005670467], [-101.46556404127288, 20.651633946275357]], [[-101.46556404127288, 20.651633946275357], [-101.46552567751198, 20.651634494656314]], [[-101.46552626010862, 20.651670605086675], [-101.46552567751198, 20.651634494656314]], [[-101.46552567751198, 20.651634494656314], [-101.46548731374982, 20.651635043028765]], [[-101.46548789633742, 20.651671153460164], [-101.46548731374982, 20.651635043028765]], [[-101.46548731374982, 20.651635043028765], [-101.46544894998641, 20.6516355913927]], [[-101.46544953256497, 20.651671701825144], [-101.46544894998641, 20.6516355913927]], [[-101.46544894998641, 20.6516355913927], [-101.46541058622175, 20.651636139748128]], [[-101.46541116879126, 20.65167225018161], [-101.46541058622175, 20.651636139748128]], [[-101.46541058622175, 20.651636139748128], [-101.46537222245585, 20.651636688095035]], [[-101.46537280501632, 20.651672798529567], [-101.46537222245585, 20.651636688095035]], [[-101.46537222245585, 20.651636688095035], [-101.4653338586887, 20.65163723643343]], [[-101.46533444124013, 20.651673346869007], [-101.4653338586887, 20.65163723643343]], [[-101.4653338586887, 20.65163723643343], [-101.46529549492028, 20.65163778476331]], [[-101.46529607746268, 20.651673895199927], [-101.46529549492028, 20.65163778476331]], [[-101.46529549492028, 20.65163778476331], [-101.46525713115062, 20.65163833308468]], [[-101.46525771368398, 20.65167444352234], [-101.46525713115062, 20.65163833308468]], [[-101.46525713115062, 20.65163833308468], [-101.46521876737972, 20.65163888139753]], [[-101.46521934990403, 20.651674991836238], [-101.46521876737972, 20.65163888139753]], [[-101.46521876737972, 20.65163888139753], [-101.46518040360758, 20.65163942970187]], [[-101.46518098612283, 20.651675540141618], [-101.46518040360758, 20.65163942970187]], [[-101.46518040360758, 20.65163942970187], [-101.46514203983418, 20.651639977997693]], [[-101.4651426223404, 20.65167608843849], [-101.46514203983418, 20.651639977997693]], [[-101.46514203983418, 20.651639977997693], [-101.46510367605951, 20.65164052628501]], [[-101.46510425855669, 20.651676636726847], [-101.46510367605951, 20.65164052628501]], [[-101.4679809556906, 20.651599381111097], [-101.46798037251646, 20.651563270747445]], [[-101.46798037251646, 20.651563270747445], [-101.46794200884335, 20.651563819663718]], [[-101.46794259200844, 20.651599930028425], [-101.46794200884335, 20.651563819663718]], [[-101.46794200884335, 20.651563819663718], [-101.46790364516897, 20.651564368571485]], [[-101.46790422832503, 20.65160047893723], [-101.46790364516897, 20.651564368571485]], [[-101.46790364516897, 20.651564368571485], [-101.46786528149336, 20.651564917470736]], [[-101.46786586464036, 20.65160102783753], [-101.46786528149336, 20.651564917470736]], [[-101.46786528149336, 20.651564917470736], [-101.46782691781648, 20.651565466361472]], [[-101.46782750095446, 20.65160157672931], [-101.46782691781648, 20.651565466361472]], [[-101.46782691781648, 20.651565466361472], [-101.46778855413837, 20.6515660152437]], [[-101.46778913726729, 20.651602125612587], [-101.46778855413837, 20.6515660152437]], [[-101.46778855413837, 20.6515660152437], [-101.467750190459, 20.65156656411741]], [[-101.46775077357889, 20.65160267448734], [-101.467750190459, 20.65156656411741]], [[-101.467750190459, 20.65156656411741], [-101.46771182677837, 20.651567112982605]], [[-101.46771240988922, 20.651603223353582], [-101.46771182677837, 20.651567112982605]], [[-101.46771182677837, 20.651567112982605], [-101.4676734630965, 20.651567661839294]], [[-101.4676740461983, 20.651603772211306], [-101.4676734630965, 20.651567661839294]], [[-101.4676734630965, 20.651567661839294], [-101.46763509941339, 20.65156821068746]], [[-101.46763568250613, 20.65160432106053], [-101.46763509941339, 20.65156821068746]], [[-101.46763509941339, 20.65156821068746], [-101.467596735729, 20.651568759527116]], [[-101.46759731881272, 20.651604869901227], [-101.467596735729, 20.651568759527116]], [[-101.467596735729, 20.651568759527116], [-101.46755837204338, 20.651569308358262]], [[-101.46755895511805, 20.651605418733414], [-101.46755837204338, 20.651569308358262]], [[-101.46755837204338, 20.651569308358262], [-101.46752000835652, 20.65156985718089]], [[-101.46752059142213, 20.651605967557092], [-101.46752000835652, 20.65156985718089]], [[-101.46752000835652, 20.65156985718089], [-101.4674816446684, 20.651570405995002]], [[-101.46748222772497, 20.65160651637225], [-101.4674816446684, 20.651570405995002]], [[-101.4674816446684, 20.651570405995002], [-101.46744328097903, 20.651570954800608]], [[-101.46744386402656, 20.651607065178897], [-101.46744328097903, 20.651570954800608]], [[-101.46744328097903, 20.651570954800608], [-101.46740491728839, 20.651571503597694]], [[-101.46740550032689, 20.651607613977035], [-101.46740491728839, 20.651571503597694]], [[-101.46740491728839, 20.651571503597694], [-101.46736655359652, 20.651572052386275]], [[-101.46736713662598, 20.65160816276665], [-101.46736655359652, 20.651572052386275]], [[-101.46736655359652, 20.651572052386275], [-101.4673281899034, 20.65157260116633]], [[-101.4673287729238, 20.651608711547755], [-101.4673281899034, 20.65157260116633]], [[-101.4673281899034, 20.65157260116633], [-101.46728982620901, 20.651573149937878]], [[-101.4672904092204, 20.651609260320352], [-101.46728982620901, 20.651573149937878]], [[-101.46728982620901, 20.651573149937878], [-101.46725146251339, 20.651573698700915]], [[-101.46725204551572, 20.651609809084427], [-101.46725146251339, 20.651573698700915]], [[-101.46725146251339, 20.651573698700915], [-101.46721309881653, 20.651574247455436]], [[-101.46721368180981, 20.651610357839996], [-101.46721309881653, 20.651574247455436]], [[-101.46721309881653, 20.651574247455436], [-101.46717473511839, 20.65157479620144]], [[-101.46717531810263, 20.651610906587045], [-101.46717473511839, 20.65157479620144]], [[-101.46717473511839, 20.65157479620144], [-101.46713637141902, 20.65157534493893]], [[-101.46713695439422, 20.651611455325583], [-101.46713637141902, 20.65157534493893]], [[-101.46713637141902, 20.65157534493893], [-101.46709800771839, 20.651575893667914]], [[-101.46709859068454, 20.651612004055604], [-101.46709800771839, 20.651575893667914]], [[-101.46709800771839, 20.651575893667914], [-101.46705964401652, 20.65157644238838]], [[-101.46706022697363, 20.651612552777113], [-101.46705964401652, 20.65157644238838]], [[-101.46705964401652, 20.65157644238838], [-101.46702128031339, 20.65157699110033]], [[-101.46702186326145, 20.65161310149011], [-101.46702128031339, 20.65157699110033]], [[-101.46702128031339, 20.65157699110033], [-101.46698291660901, 20.651577539803768]], [[-101.46698349954804, 20.651613650194594], [-101.46698291660901, 20.651577539803768]], [[-101.46698291660901, 20.651577539803768], [-101.46694455290339, 20.65157808849869]], [[-101.46694513583337, 20.651614198890563], [-101.46694455290339, 20.65157808849869]], [[-101.46694455290339, 20.65157808849869], [-101.46690618919651, 20.6515786371851]], [[-101.46690677211745, 20.65161474757802], [-101.46690618919651, 20.6515786371851]], [[-101.46690618919651, 20.6515786371851], [-101.4668678254884, 20.651579185863]], [[-101.46686840840029, 20.651615296256963], [-101.4668678254884, 20.651579185863]], [[-101.4668678254884, 20.651579185863], [-101.46682946177901, 20.651579734532383]], [[-101.46683004468187, 20.651615844927395], [-101.46682946177901, 20.651579734532383]], [[-101.46682946177901, 20.651579734532383], [-101.46679109806838, 20.651580283193255]], [[-101.4667916809622, 20.651616393589308], [-101.46679109806838, 20.651580283193255]], [[-101.46679109806838, 20.651580283193255], [-101.4667527343565, 20.65158083184561]], [[-101.46675331724127, 20.651616942242708], [-101.4667527343565, 20.65158083184561]], [[-101.4667527343565, 20.65158083184561], [-101.46671437064337, 20.651581380489453]], [[-101.4667149535191, 20.651617490887592], [-101.46671437064337, 20.651581380489453]], [[-101.46671437064337, 20.651581380489453], [-101.466676006929, 20.65158192912478]], [[-101.46667658979568, 20.651618039523967], [-101.466676006929, 20.65158192912478]], [[-101.466676006929, 20.65158192912478], [-101.46663764321337, 20.651582477751596]], [[-101.46663822607101, 20.65161858815183], [-101.46663764321337, 20.651582477751596]], [[-101.46663764321337, 20.651582477751596], [-101.46659927949649, 20.6515830263699]], [[-101.4665998623451, 20.651619136771174], [-101.46659927949649, 20.6515830263699]], [[-101.46659927949649, 20.6515830263699], [-101.46656091577837, 20.651583574979686]], [[-101.46656149861792, 20.65161968538201], [-101.46656091577837, 20.651583574979686]], [[-101.46656091577837, 20.651583574979686], [-101.466522552059, 20.651584123580964]], [[-101.46652313488951, 20.651620233984328], [-101.466522552059, 20.651584123580964]], [[-101.466522552059, 20.651584123580964], [-101.46648418833837, 20.65158467217372]], [[-101.46648477115984, 20.65162078257813], [-101.46648418833837, 20.65158467217372]], [[-101.46648418833837, 20.65158467217372], [-101.4664458246165, 20.651585220757966]], [[-101.46644640742892, 20.651621331163426], [-101.4664458246165, 20.651585220757966]], [[-101.4664458246165, 20.651585220757966], [-101.46640746089336, 20.651585769333707]], [[-101.46640804369676, 20.651621879740205], [-101.46640746089336, 20.651585769333707]], [[-101.46640746089336, 20.651585769333707], [-101.466369097169, 20.651586317900925]], [[-101.46636967996334, 20.651622428308468], [-101.466369097169, 20.651586317900925]], [[-101.466369097169, 20.651586317900925], [-101.46633073344337, 20.65158686645963]], [[-101.46633131622866, 20.651622976868218], [-101.46633073344337, 20.65158686645963]], [[-101.46633073344337, 20.65158686645963], [-101.4662923697165, 20.651587415009825]], [[-101.46629295249275, 20.651623525419456], [-101.4662923697165, 20.651587415009825]], [[-101.4662923697165, 20.651587415009825], [-101.46625400598838, 20.651587963551503]], [[-101.46625458875558, 20.651624073962182], [-101.46625400598838, 20.651587963551503]], [[-101.46625400598838, 20.651587963551503], [-101.46621564225899, 20.651588512084665]], [[-101.46621622501716, 20.651624622496385], [-101.46621564225899, 20.651588512084665]], [[-101.46621564225899, 20.651588512084665], [-101.46617727852838, 20.651589060609318]], [[-101.4661778612775, 20.651625171022083], [-101.46617727852838, 20.651589060609318]], [[-101.46617727852838, 20.651589060609318], [-101.4661389147965, 20.651589609125455]], [[-101.46613949753659, 20.65162571953927], [-101.4661389147965, 20.651589609125455]], [[-101.4661389147965, 20.651589609125455], [-101.46610055106338, 20.65159015763308]], [[-101.46610113379441, 20.651626268047938], [-101.46610055106338, 20.65159015763308]], [[-101.46610055106338, 20.65159015763308], [-101.466062187329, 20.65159070613219]], [[-101.466062770051, 20.651626816548085], [-101.466062187329, 20.65159070613219]], [[-101.466062187329, 20.65159070613219], [-101.46602382359337, 20.65159125462279]], [[-101.46602440630633, 20.65162736503973], [-101.46602382359337, 20.65159125462279]], [[-101.46602382359337, 20.65159125462279], [-101.4659854598565, 20.651591803104868]], [[-101.46598604256042, 20.65162791352286], [-101.4659854598565, 20.651591803104868]], [[-101.4659854598565, 20.651591803104868], [-101.46594709611838, 20.65159235157844]], [[-101.46594767881325, 20.651628461997472], [-101.46594709611838, 20.65159235157844]], [[-101.46594709611838, 20.65159235157844], [-101.465908732379, 20.651592900043497]], [[-101.46590931506483, 20.65162901046357], [-101.465908732379, 20.651592900043497]], [[-101.465908732379, 20.651592900043497], [-101.46587036863839, 20.651593448500037]], [[-101.46587095131518, 20.65162955892116], [-101.46587036863839, 20.651593448500037]], [[-101.46587036863839, 20.651593448500037], [-101.46583200489653, 20.65159399694807]], [[-101.46583258756426, 20.651630107370227], [-101.46583200489653, 20.65159399694807]], [[-101.46583200489653, 20.65159399694807], [-101.46579364115341, 20.65159454538758]], [[-101.46579422381211, 20.651630655810788], [-101.46579364115341, 20.65159454538758]], [[-101.46579364115341, 20.65159454538758], [-101.46575527740903, 20.65159509381858]], [[-101.46575586005868, 20.651631204242836], [-101.46575527740903, 20.65159509381858]], [[-101.46575527740903, 20.65159509381858], [-101.46571691366341, 20.65159564224107]], [[-101.46571749630402, 20.65163175266637], [-101.46571691366341, 20.65159564224107]], [[-101.46571691366341, 20.65159564224107], [-101.46567854991653, 20.65159619065504]], [[-101.46567913254812, 20.65163230108138], [-101.46567854991653, 20.65159619065504]], [[-101.46567854991653, 20.65159619065504], [-101.46564018616843, 20.651596739060505]], [[-101.46564076879095, 20.651632849487893], [-101.46564018616843, 20.651596739060505]], [[-101.46564018616843, 20.651596739060505], [-101.46560182241906, 20.651597287457452]], [[-101.46560240503254, 20.651633397885877], [-101.46560182241906, 20.651597287457452]], [[-101.46560182241906, 20.651597287457452], [-101.46556345866844, 20.65159783584588]], [[-101.46556404127288, 20.651633946275357], [-101.46556345866844, 20.65159783584588]], [[-101.46556345866844, 20.65159783584588], [-101.46552509491657, 20.651598384225803]], [[-101.46552567751198, 20.651634494656314], [-101.46552509491657, 20.651598384225803]], [[-101.46552509491657, 20.651598384225803], [-101.46548673116345, 20.651598932597206]], [[-101.46548731374982, 20.651635043028765], [-101.46548673116345, 20.651598932597206]], [[-101.46548673116345, 20.651598932597206], [-101.4654483674091, 20.651599480960098]], [[-101.46544894998641, 20.6516355913927], [-101.4654483674091, 20.651599480960098]], [[-101.4654483674091, 20.651599480960098], [-101.46541000365349, 20.651600029314473]], [[-101.46541058622175, 20.651636139748128], [-101.46541000365349, 20.651600029314473]], [[-101.46541000365349, 20.651600029314473], [-101.46537163989662, 20.651600577660343]], [[-101.46537222245585, 20.651636688095035], [-101.46537163989662, 20.651600577660343]], [[-101.46537163989662, 20.651600577660343], [-101.46533327613851, 20.651601125997686]], [[-101.4653338586887, 20.65163723643343], [-101.46533327613851, 20.651601125997686]], [[-101.46533327613851, 20.651601125997686], [-101.46529491237915, 20.65160167432653]], [[-101.46529549492028, 20.65163778476331], [-101.46529491237915, 20.65160167432653]], [[-101.46529491237915, 20.65160167432653], [-101.46525654861853, 20.651602222646844]], [[-101.46525713115062, 20.65163833308468], [-101.46525654861853, 20.651602222646844]], [[-101.46525654861853, 20.651602222646844], [-101.46521818485667, 20.651602770958657]], [[-101.46521876737972, 20.65163888139753], [-101.46521818485667, 20.651602770958657]], [[-101.46521818485667, 20.651602770958657], [-101.46517982109356, 20.651603319261955]], [[-101.46518040360758, 20.65163942970187], [-101.46517982109356, 20.651603319261955]], [[-101.46517982109356, 20.651603319261955], [-101.46514145732921, 20.651603867556734]], [[-101.46514203983418, 20.651639977997693], [-101.46514145732921, 20.651603867556734]], [[-101.46798037251646, 20.651563270747445], [-101.46797978934357, 20.651527160383612]], [[-101.46797978934357, 20.651527160383612], [-101.4679414256795, 20.651527709298847]], [[-101.46794200884335, 20.651563819663718], [-101.4679414256795, 20.651527709298847]], [[-101.4679414256795, 20.651527709298847], [-101.46790306201417, 20.651528258205563]], [[-101.46790364516897, 20.651564368571485], [-101.46790306201417, 20.651528258205563]], [[-101.46790306201417, 20.651528258205563], [-101.4678646983476, 20.65152880710377]], [[-101.46786528149336, 20.651564917470736], [-101.4678646983476, 20.65152880710377]], [[-101.4678646983476, 20.65152880710377], [-101.46782633467977, 20.651529355993464]], [[-101.46782691781648, 20.651565466361472], [-101.46782633467977, 20.651529355993464]], [[-101.46782633467977, 20.651529355993464], [-101.4677879710107, 20.651529904874646]], [[-101.46778855413837, 20.6515660152437], [-101.4677879710107, 20.651529904874646]], [[-101.4677879710107, 20.651529904874646], [-101.46774960734037, 20.651530453747313]], [[-101.467750190459, 20.65156656411741], [-101.46774960734037, 20.651530453747313]], [[-101.46774960734037, 20.651530453747313], [-101.46771124366879, 20.651531002611467]], [[-101.46771182677837, 20.651567112982605], [-101.46771124366879, 20.651531002611467]], [[-101.46771124366879, 20.651531002611467], [-101.46767287999596, 20.6515315514671]], [[-101.4676734630965, 20.651567661839294], [-101.46767287999596, 20.6515315514671]], [[-101.46767287999596, 20.6515315514671], [-101.46763451632188, 20.651532100314228]], [[-101.46763509941339, 20.65156821068746], [-101.46763451632188, 20.651532100314228]], [[-101.46763451632188, 20.651532100314228], [-101.46759615264655, 20.65153264915284]], [[-101.467596735729, 20.651568759527116], [-101.46759615264655, 20.65153264915284]], [[-101.46759615264655, 20.65153264915284], [-101.46755778896997, 20.65153319798294]], [[-101.46755837204338, 20.651569308358262], [-101.46755778896997, 20.65153319798294]], [[-101.46755778896997, 20.65153319798294], [-101.46751942529214, 20.651533746804514]], [[-101.46752000835652, 20.65156985718089], [-101.46751942529214, 20.651533746804514]], [[-101.46751942529214, 20.651533746804514], [-101.46748106161306, 20.65153429561759]], [[-101.4674816446684, 20.651570405995002], [-101.46748106161306, 20.65153429561759]], [[-101.46748106161306, 20.65153429561759], [-101.46744269793273, 20.651534844422144]], [[-101.46744328097903, 20.651570954800608], [-101.46744269793273, 20.651534844422144]], [[-101.46744269793273, 20.651534844422144], [-101.46740433425114, 20.651535393218186]], [[-101.46740491728839, 20.651571503597694], [-101.46740433425114, 20.651535393218186]], [[-101.46740433425114, 20.651535393218186], [-101.46736597056832, 20.65153594200572]], [[-101.46736655359652, 20.651572052386275], [-101.46736597056832, 20.65153594200572]], [[-101.46736597056832, 20.65153594200572], [-101.46732760688424, 20.65153649078474]], [[-101.4673281899034, 20.65157260116633], [-101.46732760688424, 20.65153649078474]], [[-101.46732760688424, 20.65153649078474], [-101.4672892431989, 20.65153703955524]], [[-101.46728982620901, 20.651573149937878], [-101.4672892431989, 20.65153703955524]], [[-101.4672892431989, 20.65153703955524], [-101.4672508795123, 20.65153758831723]], [[-101.46725146251339, 20.651573698700915], [-101.4672508795123, 20.65153758831723]], [[-101.4672508795123, 20.65153758831723], [-101.46721251582449, 20.651538137070705]], [[-101.46721309881653, 20.651574247455436], [-101.46721251582449, 20.651538137070705]], [[-101.46721251582449, 20.651538137070705], [-101.4671741521354, 20.651538685815666]], [[-101.46717473511839, 20.65157479620144], [-101.4671741521354, 20.651538685815666]], [[-101.4671741521354, 20.651538685815666], [-101.46713578844508, 20.651539234552107]], [[-101.46713637141902, 20.65157534493893], [-101.46713578844508, 20.651539234552107]], [[-101.46713578844508, 20.651539234552107], [-101.46709742475349, 20.651539783280043]], [[-101.46709800771839, 20.651575893667914], [-101.46709742475349, 20.651539783280043]], [[-101.46709742475349, 20.651539783280043], [-101.46705906106065, 20.651540331999463]], [[-101.46705964401652, 20.65157644238838], [-101.46705906106065, 20.651540331999463]], [[-101.46705906106065, 20.651540331999463], [-101.46702069736656, 20.651540880710375]], [[-101.46702128031339, 20.65157699110033], [-101.46702069736656, 20.651540880710375]], [[-101.46702069736656, 20.651540880710375], [-101.46698233367124, 20.65154142941277]], [[-101.46698291660901, 20.651577539803768], [-101.46698233367124, 20.65154142941277]], [[-101.46698233367124, 20.65154142941277], [-101.46694396997465, 20.65154197810665]], [[-101.46694455290339, 20.65157808849869], [-101.46694396997465, 20.65154197810665]], [[-101.46694396997465, 20.65154197810665], [-101.46690560627682, 20.651542526792014]], [[-101.46690618919651, 20.6515786371851], [-101.46690560627682, 20.651542526792014]], [[-101.46690560627682, 20.651542526792014], [-101.46686724257773, 20.65154307546887]], [[-101.4668678254884, 20.651579185863], [-101.46686724257773, 20.65154307546887]], [[-101.46686724257773, 20.65154307546887], [-101.46682887887741, 20.651543624137208]], [[-101.46682946177901, 20.651579734532383], [-101.46682887887741, 20.651543624137208]], [[-101.46682887887741, 20.651543624137208], [-101.46679051517582, 20.651544172797035]], [[-101.46679109806838, 20.651580283193255], [-101.46679051517582, 20.651544172797035]], [[-101.46679051517582, 20.651544172797035], [-101.46675215147297, 20.651544721448342]], [[-101.4667527343565, 20.65158083184561], [-101.46675215147297, 20.651544721448342]], [[-101.46675215147297, 20.651544721448342], [-101.4667137877689, 20.65154527009114]], [[-101.46671437064337, 20.651581380489453], [-101.4667137877689, 20.65154527009114]], [[-101.4667137877689, 20.65154527009114], [-101.46667542406357, 20.651545818725424]], [[-101.466676006929, 20.65158192912478], [-101.46667542406357, 20.651545818725424]], [[-101.46667542406357, 20.651545818725424], [-101.46663706035699, 20.651546367351198]], [[-101.46663764321337, 20.651582477751596], [-101.46663706035699, 20.651546367351198]], [[-101.46663706035699, 20.651546367351198], [-101.46659869664916, 20.651546915968453]], [[-101.46659927949649, 20.6515830263699], [-101.46659869664916, 20.651546915968453]], [[-101.46659869664916, 20.651546915968453], [-101.46656033294006, 20.6515474645772]], [[-101.46656091577837, 20.651583574979686], [-101.46656033294006, 20.6515474645772]], [[-101.46656033294006, 20.6515474645772], [-101.46652196922973, 20.65154801317743]], [[-101.466522552059, 20.651584123580964], [-101.46652196922973, 20.65154801317743]], [[-101.46652196922973, 20.65154801317743], [-101.46648360551815, 20.651548561769143]], [[-101.46648418833837, 20.65158467217372], [-101.46648360551815, 20.651548561769143]], [[-101.46648360551815, 20.651548561769143], [-101.46644524180532, 20.65154911035235]], [[-101.4664458246165, 20.651585220757966], [-101.46644524180532, 20.65154911035235]], [[-101.46644524180532, 20.65154911035235], [-101.46640687809123, 20.651549658927035]], [[-101.46640746089336, 20.651585769333707], [-101.46640687809123, 20.651549658927035]], [[-101.46640687809123, 20.651549658927035], [-101.4663685143759, 20.65155020749321]], [[-101.466369097169, 20.651586317900925], [-101.4663685143759, 20.65155020749321]], [[-101.4663685143759, 20.65155020749321], [-101.46633015065932, 20.651550756050874]], [[-101.46633073344337, 20.65158686645963], [-101.46633015065932, 20.651550756050874]], [[-101.46633015065932, 20.651550756050874], [-101.4662917869415, 20.651551304600016]], [[-101.4662923697165, 20.651587415009825], [-101.4662917869415, 20.651551304600016]], [[-101.4662917869415, 20.651551304600016], [-101.46625342322241, 20.65155185314065]], [[-101.46625400598838, 20.651587963551503], [-101.46625342322241, 20.65155185314065]], [[-101.46625342322241, 20.65155185314065], [-101.46621505950208, 20.651552401672774]], [[-101.46621564225899, 20.651588512084665], [-101.46621505950208, 20.651552401672774]], [[-101.46621505950208, 20.651552401672774], [-101.46617669578049, 20.651552950196383]], [[-101.46617727852838, 20.651589060609318], [-101.46617669578049, 20.651552950196383]], [[-101.46617669578049, 20.651552950196383], [-101.46613833205767, 20.651553498711475]], [[-101.4661389147965, 20.651589609125455], [-101.46613833205767, 20.651553498711475]], [[-101.46613833205767, 20.651553498711475], [-101.46609996833358, 20.651554047218056]], [[-101.46610055106338, 20.65159015763308], [-101.46609996833358, 20.651554047218056]], [[-101.46609996833358, 20.651554047218056], [-101.46606160460826, 20.65155459571612]], [[-101.466062187329, 20.65159070613219], [-101.46606160460826, 20.65155459571612]], [[-101.46606160460826, 20.65155459571612], [-101.46602324088167, 20.651555144205673]], [[-101.46602382359337, 20.65159125462279], [-101.46602324088167, 20.651555144205673]], [[-101.46602324088167, 20.651555144205673], [-101.46598487715384, 20.651555692686713]], [[-101.4659854598565, 20.651591803104868], [-101.46598487715384, 20.651555692686713]], [[-101.46598487715384, 20.651555692686713], [-101.46594651342477, 20.651556241159238]], [[-101.46594709611838, 20.65159235157844], [-101.46594651342477, 20.651556241159238]], [[-101.46594651342477, 20.651556241159238], [-101.46590814969444, 20.651556789623246]], [[-101.465908732379, 20.651592900043497], [-101.46590814969444, 20.651556789623246]], [[-101.46590814969444, 20.651556789623246], [-101.46586978596287, 20.65155733807875]], [[-101.46587036863839, 20.651593448500037], [-101.46586978596287, 20.65155733807875]], [[-101.46586978596287, 20.65155733807875], [-101.46583142223002, 20.65155788652573]], [[-101.46583200489653, 20.65159399694807], [-101.46583142223002, 20.65155788652573]], [[-101.46583142223002, 20.65155788652573], [-101.46579305849595, 20.6515584349642]], [[-101.46579364115341, 20.65159454538758], [-101.46579305849595, 20.6515584349642]], [[-101.46579305849595, 20.6515584349642], [-101.46575469476062, 20.65155898339416]], [[-101.46575527740903, 20.65159509381858], [-101.46575469476062, 20.65155898339416]], [[-101.46575469476062, 20.65155898339416], [-101.46571633102404, 20.6515595318156]], [[-101.46571691366341, 20.65159564224107], [-101.46571633102404, 20.6515595318156]], [[-101.46571633102404, 20.6515595318156], [-101.46567796728623, 20.65156008022853]], [[-101.46567854991653, 20.65159619065504], [-101.46567796728623, 20.65156008022853]], [[-101.46567796728623, 20.65156008022853], [-101.46563960354715, 20.651560628632947]], [[-101.46564018616843, 20.651596739060505], [-101.46563960354715, 20.651560628632947]], [[-101.46563960354715, 20.651560628632947], [-101.46560123980682, 20.651561177028846]], [[-101.46560182241906, 20.651597287457452], [-101.46560123980682, 20.651561177028846]], [[-101.46560123980682, 20.651561177028846], [-101.46556287606525, 20.651561725416236]], [[-101.46556345866844, 20.65159783584588], [-101.46556287606525, 20.651561725416236]], [[-101.46556287606525, 20.651561725416236], [-101.46552451232242, 20.651562273795108]], [[-101.46552509491657, 20.651598384225803], [-101.46552451232242, 20.651562273795108]], [[-101.46552451232242, 20.651562273795108], [-101.46548614857835, 20.651562822165474]], [[-101.46548673116345, 20.651598932597206], [-101.46548614857835, 20.651562822165474]], [[-101.46548614857835, 20.651562822165474], [-101.46544778483303, 20.65156337052732]], [[-101.4654483674091, 20.651599480960098], [-101.46544778483303, 20.65156337052732]], [[-101.46544778483303, 20.65156337052732], [-101.46540942108646, 20.651563918880655]], [[-101.46541000365349, 20.651600029314473], [-101.46540942108646, 20.651563918880655]], [[-101.46540942108646, 20.651563918880655], [-101.46537105733863, 20.651564467225473]], [[-101.46537163989662, 20.651600577660343], [-101.46537105733863, 20.651564467225473]], [[-101.46537105733863, 20.651564467225473], [-101.46533269358956, 20.65156501556178]], [[-101.46533327613851, 20.651601125997686], [-101.46533269358956, 20.65156501556178]], [[-101.46533269358956, 20.65156501556178], [-101.46529432983925, 20.651565563889573]], [[-101.46529491237915, 20.65160167432653], [-101.46529432983925, 20.651565563889573]], [[-101.46529432983925, 20.651565563889573], [-101.46525596608768, 20.65156611220885]], [[-101.46525654861853, 20.651602222646844], [-101.46525596608768, 20.65156611220885]], [[-101.46525596608768, 20.65156611220885], [-101.46521760233486, 20.651566660519617]], [[-101.46521818485667, 20.651602770958657], [-101.46521760233486, 20.651566660519617]], [[-101.46797978934357, 20.651527160383612], [-101.46797920617193, 20.65149105001962]], [[-101.46797920617193, 20.65149105001962], [-101.46794084251691, 20.651491598933806]], [[-101.4679414256795, 20.651527709298847], [-101.46794084251691, 20.651491598933806]], [[-101.46794084251691, 20.651491598933806], [-101.46790247886062, 20.651492147839484]], [[-101.46790306201417, 20.651528258205563], [-101.46790247886062, 20.651492147839484]], [[-101.46790247886062, 20.651492147839484], [-101.46786411520308, 20.651492696736643]], [[-101.4678646983476, 20.65152880710377], [-101.46786411520308, 20.651492696736643]], [[-101.46786411520308, 20.651492696736643], [-101.46782575154431, 20.65149324562529]], [[-101.46782633467977, 20.651529355993464], [-101.46782575154431, 20.65149324562529]], [[-101.46782575154431, 20.65149324562529], [-101.46778738788427, 20.65149379450543]], [[-101.4677879710107, 20.651529904874646], [-101.46778738788427, 20.65149379450543]], [[-101.46778738788427, 20.65149379450543], [-101.46774902422298, 20.651494343377053]], [[-101.46774960734037, 20.651530453747313], [-101.46774902422298, 20.651494343377053]], [[-101.46774902422298, 20.651494343377053], [-101.46771066056044, 20.65149489224016]], [[-101.46771124366879, 20.651531002611467], [-101.46771066056044, 20.65149489224016]], [[-101.46771066056044, 20.65149489224016], [-101.46767229689667, 20.65149544109475]], [[-101.46767287999596, 20.6515315514671], [-101.46767229689667, 20.65149544109475]], [[-101.46767229689667, 20.65149544109475], [-101.46763393323162, 20.651495989940827]], [[-101.46763451632188, 20.651532100314228], [-101.46763393323162, 20.651495989940827]], [[-101.46763393323162, 20.651495989940827], [-101.46759556956535, 20.651496538778392]], [[-101.46759615264655, 20.65153264915284], [-101.46759556956535, 20.651496538778392]], [[-101.46759556956535, 20.651496538778392], [-101.4675572058978, 20.65149708760745]], [[-101.46755778896997, 20.65153319798294], [-101.4675572058978, 20.65149708760745]], [[-101.4675572058978, 20.65149708760745], [-101.46751884222901, 20.651497636427987]], [[-101.46751942529214, 20.651533746804514], [-101.46751884222901, 20.651497636427987]], [[-101.46751884222901, 20.651497636427987], [-101.46748047855897, 20.651498185240012]], [[-101.46748106161306, 20.65153429561759], [-101.46748047855897, 20.651498185240012]], [[-101.46748047855897, 20.651498185240012], [-101.46744211488769, 20.651498734043525]], [[-101.46744269793273, 20.651534844422144], [-101.46744211488769, 20.651498734043525]], [[-101.46744211488769, 20.651498734043525], [-101.46740375121516, 20.65149928283852]], [[-101.46740433425114, 20.651535393218186], [-101.46740375121516, 20.65149928283852]], [[-101.46740375121516, 20.65149928283852], [-101.46736538754136, 20.651499831625006]], [[-101.46736597056832, 20.65153594200572], [-101.46736538754136, 20.651499831625006]], [[-101.46736538754136, 20.651499831625006], [-101.46732702386632, 20.651500380402982]], [[-101.46732760688424, 20.65153649078474], [-101.46732702386632, 20.651500380402982]], [[-101.46732702386632, 20.651500380402982], [-101.46728866019004, 20.65150092917244]], [[-101.4672892431989, 20.65153703955524], [-101.46728866019004, 20.65150092917244]], [[-101.46728866019004, 20.65150092917244], [-101.46725029651249, 20.65150147793338]], [[-101.4672508795123, 20.65153758831723], [-101.46725029651249, 20.65150147793338]], [[-101.46725029651249, 20.65150147793338], [-101.4672119328337, 20.65150202668581]], [[-101.46721251582449, 20.651538137070705], [-101.4672119328337, 20.65150202668581]], [[-101.4672119328337, 20.65150202668581], [-101.46717356915366, 20.65150257542973]], [[-101.4671741521354, 20.651538685815666], [-101.46717356915366, 20.65150257542973]], [[-101.46717356915366, 20.65150257542973], [-101.46713520547237, 20.651503124165128]], [[-101.46713578844508, 20.651539234552107], [-101.46713520547237, 20.651503124165128]], [[-101.46713520547237, 20.651503124165128], [-101.46709684178983, 20.65150367289202]], [[-101.46709742475349, 20.651539783280043], [-101.46709684178983, 20.65150367289202]], [[-101.46709684178983, 20.65150367289202], [-101.46705847810604, 20.651504221610395]], [[-101.46705906106065, 20.651540331999463], [-101.46705847810604, 20.651504221610395]], [[-101.46705847810604, 20.651504221610395], [-101.467020114421, 20.65150477032026]], [[-101.46702069736656, 20.651540880710375], [-101.467020114421, 20.65150477032026]], [[-101.467020114421, 20.65150477032026], [-101.46698175073472, 20.651505319021606]], [[-101.46698233367124, 20.65154142941277], [-101.46698175073472, 20.651505319021606]], [[-101.46698175073472, 20.651505319021606], [-101.46694338704717, 20.651505867714437]], [[-101.46694396997465, 20.65154197810665], [-101.46694338704717, 20.651505867714437]], [[-101.46694338704717, 20.651505867714437], [-101.46690502335838, 20.65150641639876]], [[-101.46690560627682, 20.651542526792014], [-101.46690502335838, 20.65150641639876]], [[-101.46690502335838, 20.65150641639876], [-101.46686665966834, 20.65150696507457]], [[-101.46686724257773, 20.65154307546887], [-101.46686665966834, 20.65150696507457]], [[-101.46686665966834, 20.65150696507457], [-101.46682829597705, 20.651507513741866]], [[-101.46682887887741, 20.651543624137208], [-101.46682829597705, 20.651507513741866]], [[-101.46682829597705, 20.651507513741866], [-101.4667899322845, 20.651508062400648]], [[-101.46679051517582, 20.651544172797035], [-101.4667899322845, 20.651508062400648]], [[-101.4667899322845, 20.651508062400648], [-101.46675156859071, 20.651508611050915]], [[-101.46675215147297, 20.651544721448342], [-101.46675156859071, 20.651508611050915]], [[-101.46675156859071, 20.651508611050915], [-101.46671320489567, 20.651509159692672]], [[-101.4667137877689, 20.65154527009114], [-101.46671320489567, 20.651509159692672]], [[-101.46671320489567, 20.651509159692672], [-101.46667484119939, 20.651509708325904]], [[-101.46667542406357, 20.651545818725424], [-101.46667484119939, 20.651509708325904]], [[-101.46667484119939, 20.651509708325904], [-101.46663647750185, 20.65151025695063]], [[-101.46663706035699, 20.651546367351198], [-101.46663647750185, 20.65151025695063]], [[-101.46663647750185, 20.65151025695063], [-101.46659811380306, 20.651510805566843]], [[-101.46659869664916, 20.651546915968453], [-101.46659811380306, 20.651510805566843]], [[-101.46659811380306, 20.651510805566843], [-101.46655975010302, 20.651511354174545]], [[-101.46656033294006, 20.6515474645772], [-101.46655975010302, 20.651511354174545]], [[-101.46655975010302, 20.651511354174545], [-101.46652138640171, 20.651511902773727]], [[-101.46652196922973, 20.65154801317743], [-101.46652138640171, 20.651511902773727]], [[-101.46652138640171, 20.651511902773727], [-101.46648302269918, 20.651512451364397]], [[-101.46648360551815, 20.651548561769143], [-101.46648302269918, 20.651512451364397]], [[-101.46648302269918, 20.651512451364397], [-101.46644465899539, 20.651512999946558]], [[-101.46644524180532, 20.65154911035235], [-101.46644465899539, 20.651512999946558]], [[-101.46644465899539, 20.651512999946558], [-101.46640629529035, 20.6515135485202]], [[-101.46640687809123, 20.651549658927035], [-101.46640629529035, 20.6515135485202]], [[-101.46640629529035, 20.6515135485202], [-101.46636793158406, 20.651514097085336]], [[-101.4663685143759, 20.65155020749321], [-101.46636793158406, 20.651514097085336]], [[-101.46636793158406, 20.651514097085336], [-101.46632956787653, 20.65151464564195]], [[-101.46633015065932, 20.651550756050874], [-101.46632956787653, 20.65151464564195]], [[-101.46632956787653, 20.65151464564195], [-101.46629120416773, 20.651515194190054]], [[-101.4662917869415, 20.651551304600016], [-101.46629120416773, 20.651515194190054]], [[-101.46629120416773, 20.651515194190054], [-101.4662528404577, 20.65151574272964]], [[-101.46625342322241, 20.65155185314065], [-101.4662528404577, 20.65151574272964]], [[-101.4662528404577, 20.65151574272964], [-101.46621447674642, 20.65151629126072]], [[-101.46621505950208, 20.651552401672774], [-101.46621447674642, 20.65151629126072]], [[-101.46621447674642, 20.65151629126072], [-101.46617611303387, 20.651516839783284]], [[-101.46617669578049, 20.651552950196383], [-101.46617611303387, 20.651516839783284]], [[-101.46617611303387, 20.651516839783284], [-101.46613774932007, 20.651517388297332]], [[-101.46613833205767, 20.651553498711475], [-101.46613774932007, 20.651517388297332]], [[-101.46613774932007, 20.651517388297332], [-101.46609938560503, 20.65151793680286]], [[-101.46609996833358, 20.651554047218056], [-101.46609938560503, 20.65151793680286]], [[-101.46609938560503, 20.65151793680286], [-101.46606102188875, 20.65151848529989]], [[-101.46606160460826, 20.65155459571612], [-101.46606102188875, 20.65151848529989]], [[-101.46606102188875, 20.65151848529989], [-101.46602265817123, 20.651519033788396]], [[-101.46602324088167, 20.651555144205673], [-101.46602265817123, 20.651519033788396]], [[-101.46602265817123, 20.651519033788396], [-101.46598429445243, 20.65151958226839]], [[-101.46598487715384, 20.651555692686713], [-101.46598429445243, 20.65151958226839]], [[-101.46598429445243, 20.65151958226839], [-101.46594593073239, 20.651520130739872]], [[-101.46594651342477, 20.651556241159238], [-101.46594593073239, 20.651520130739872]], [[-101.46594593073239, 20.651520130739872], [-101.4659075670111, 20.65152067920284]], [[-101.46590814969444, 20.651556789623246], [-101.4659075670111, 20.65152067920284]], [[-101.4659075670111, 20.65152067920284], [-101.46586920328858, 20.65152122765729]], [[-101.46586978596287, 20.65155733807875], [-101.46586920328858, 20.65152122765729]], [[-101.46586920328858, 20.65152122765729], [-101.46583083956479, 20.65152177610323]], [[-101.46583142223002, 20.65155788652573], [-101.46583083956479, 20.65152177610323]], [[-101.46583083956479, 20.65152177610323], [-101.46579247583975, 20.65152232454066]], [[-101.46579305849595, 20.6515584349642], [-101.46579247583975, 20.65152232454066]], [[-101.46579247583975, 20.65152232454066], [-101.46575411211346, 20.65152287296957]], [[-101.46575469476062, 20.65155898339416], [-101.46575411211346, 20.65152287296957]], [[-101.46575411211346, 20.65152287296957], [-101.46571574838593, 20.65152342138997]], [[-101.46571633102404, 20.6515595318156], [-101.46571574838593, 20.65152342138997]], [[-101.46571574838593, 20.65152342138997], [-101.46567738465716, 20.651523969801854]], [[-101.46567796728623, 20.65156008022853], [-101.46567738465716, 20.651523969801854]], [[-101.46567738465716, 20.651523969801854], [-101.46563902092711, 20.65152451820522]], [[-101.46563960354715, 20.651560628632947], [-101.46563902092711, 20.65152451820522]], [[-101.46563902092711, 20.65152451820522], [-101.46560065719584, 20.651525066600083]], [[-101.46560123980682, 20.651561177028846], [-101.46560065719584, 20.651525066600083]], [[-101.46560065719584, 20.651525066600083], [-101.4655622934633, 20.65152561498643]], [[-101.46556287606525, 20.651561725416236], [-101.4655622934633, 20.65152561498643]], [[-101.4655622934633, 20.65152561498643], [-101.46552392972953, 20.65152616336426]], [[-101.46552451232242, 20.651562273795108], [-101.46552392972953, 20.65152616336426]], [[-101.46552392972953, 20.65152616336426], [-101.4654855659945, 20.651526711733577]], [[-101.46548614857835, 20.651562822165474], [-101.4654855659945, 20.651526711733577]], [[-101.4654855659945, 20.651526711733577], [-101.46544720225822, 20.651527260094376]], [[-101.46544778483303, 20.65156337052732], [-101.46544720225822, 20.651527260094376]], [[-101.46544720225822, 20.651527260094376], [-101.46540883852069, 20.651527808446666]], [[-101.46540942108646, 20.651563918880655], [-101.46540883852069, 20.651527808446666]], [[-101.46540883852069, 20.651527808446666], [-101.4653704747819, 20.651528356790447]], [[-101.46537105733863, 20.651564467225473], [-101.4653704747819, 20.651528356790447]], [[-101.4653704747819, 20.651528356790447], [-101.46533211104187, 20.65152890512571]], [[-101.46533269358956, 20.65156501556178], [-101.46533211104187, 20.65152890512571]], [[-101.46533211104187, 20.65152890512571], [-101.4652937473006, 20.651529453452458]], [[-101.46529432983925, 20.651565563889573], [-101.4652937473006, 20.651529453452458]], [[-101.4652937473006, 20.651529453452458], [-101.46525538355807, 20.65153000177069]], [[-101.46525596608768, 20.65156611220885], [-101.46525538355807, 20.65153000177069]], [[-101.46797920617193, 20.65149105001962], [-101.46797862300154, 20.65145493965546]], [[-101.46797862300154, 20.65145493965546], [-101.46794025935557, 20.651455488568597]], [[-101.46794084251691, 20.651491598933806], [-101.46794025935557, 20.651455488568597]], [[-101.46794025935557, 20.651455488568597], [-101.46790189570832, 20.65145603747323]], [[-101.46790247886062, 20.651492147839484], [-101.46790189570832, 20.65145603747323]], [[-101.46790189570832, 20.65145603747323], [-101.46786353205982, 20.651456586369346]], [[-101.46786411520308, 20.651492696736643], [-101.46786353205982, 20.651456586369346]], [[-101.46786353205982, 20.651456586369346], [-101.46782516841009, 20.65145713525695]], [[-101.46782575154431, 20.65149324562529], [-101.46782516841009, 20.65145713525695]], [[-101.46782516841009, 20.65145713525695], [-101.4677868047591, 20.65145768413604]], [[-101.46778738788427, 20.65149379450543], [-101.4677868047591, 20.65145768413604]], [[-101.4677868047591, 20.65145768413604], [-101.46774844110685, 20.651458233006615]], [[-101.46774902422298, 20.651494343377053], [-101.46774844110685, 20.651458233006615]], [[-101.46774844110685, 20.651458233006615], [-101.46771007745336, 20.651458781868676]], [[-101.46771066056044, 20.65149489224016], [-101.46771007745336, 20.651458781868676]], [[-101.46771007745336, 20.651458781868676], [-101.46767171379862, 20.651459330722226]], [[-101.46767229689667, 20.65149544109475], [-101.46767171379862, 20.651459330722226]], [[-101.46767171379862, 20.651459330722226], [-101.46763335014262, 20.65145987956726]], [[-101.46763393323162, 20.651495989940827], [-101.46763335014262, 20.65145987956726]], [[-101.46763335014262, 20.65145987956726], [-101.46759498648538, 20.65146042840378]], [[-101.46759556956535, 20.651496538778392], [-101.46759498648538, 20.65146042840378]], [[-101.46759498648538, 20.65146042840378], [-101.46755662282688, 20.651460977231793]], [[-101.4675572058978, 20.65149708760745], [-101.46755662282688, 20.651460977231793]], [[-101.46755662282688, 20.651460977231793], [-101.46751825916715, 20.651461526051282]], [[-101.46751884222901, 20.651497636427987], [-101.46751825916715, 20.651461526051282]], [[-101.46751825916715, 20.651461526051282], [-101.46747989550614, 20.651462074862263]], [[-101.46748047855897, 20.651498185240012], [-101.46747989550614, 20.651462074862263]], [[-101.46747989550614, 20.651462074862263], [-101.4674415318439, 20.651462623664735]], [[-101.46744211488769, 20.651498734043525], [-101.4674415318439, 20.651462623664735]], [[-101.4674415318439, 20.651462623664735], [-101.4674031681804, 20.651463172458683]], [[-101.46740375121516, 20.65149928283852], [-101.4674031681804, 20.651463172458683]], [[-101.4674031681804, 20.651463172458683], [-101.46736480451567, 20.651463721244127]], [[-101.46736538754136, 20.651499831625006], [-101.46736480451567, 20.651463721244127]], [[-101.46736480451567, 20.651463721244127], [-101.46732644084966, 20.651464270021044]], [[-101.46732702386632, 20.651500380402982], [-101.46732644084966, 20.651464270021044]], [[-101.46732644084966, 20.651464270021044], [-101.46728807718242, 20.651464818789467]], [[-101.46728866019004, 20.65150092917244], [-101.46728807718242, 20.651464818789467]], [[-101.46728807718242, 20.651464818789467], [-101.46724971351392, 20.651465367549363]], [[-101.46725029651249, 20.65150147793338], [-101.46724971351392, 20.651465367549363]], [[-101.46724971351392, 20.651465367549363], [-101.46721134984418, 20.651465916300744]], [[-101.4672119328337, 20.65150202668581], [-101.46721134984418, 20.651465916300744]], [[-101.46721134984418, 20.651465916300744], [-101.46717298617318, 20.651466465043615]], [[-101.46717356915366, 20.65150257542973], [-101.46717298617318, 20.651466465043615]], [[-101.46717298617318, 20.651466465043615], [-101.46713462250092, 20.651467013777978]], [[-101.46713520547237, 20.651503124165128], [-101.46713462250092, 20.651467013777978]], [[-101.46713462250092, 20.651467013777978], [-101.46709625882743, 20.651467562503825]], [[-101.46709684178983, 20.65150367289202], [-101.46709625882743, 20.651467562503825]], [[-101.46709625882743, 20.651467562503825], [-101.46705789515268, 20.651468111221153]], [[-101.46705847810604, 20.651504221610395], [-101.46705789515268, 20.651468111221153]], [[-101.46705789515268, 20.651468111221153], [-101.46701953147668, 20.651468659929968]], [[-101.467020114421, 20.65150477032026], [-101.46701953147668, 20.651468659929968]], [[-101.46701953147668, 20.651468659929968], [-101.46698116779943, 20.651469208630274]], [[-101.46698175073472, 20.651505319021606], [-101.46698116779943, 20.651469208630274]], [[-101.46698116779943, 20.651469208630274], [-101.46694280412093, 20.651469757322065]], [[-101.46694338704717, 20.651505867714437], [-101.46694280412093, 20.651469757322065]], [[-101.46694280412093, 20.651469757322065], [-101.46690444044118, 20.65147030600534]], [[-101.46690502335838, 20.65150641639876], [-101.46690444044118, 20.65147030600534]], [[-101.46690444044118, 20.65147030600534], [-101.4668660767602, 20.651470854680106]], [[-101.46686665966834, 20.65150696507457], [-101.4668660767602, 20.651470854680106]], [[-101.4668660767602, 20.651470854680106], [-101.46682771307793, 20.651471403346353]], [[-101.46682829597705, 20.651507513741866], [-101.46682771307793, 20.651471403346353]], [[-101.46682771307793, 20.651471403346353], [-101.46678934939445, 20.65147195200409]], [[-101.4667899322845, 20.651508062400648], [-101.46678934939445, 20.65147195200409]], [[-101.46678934939445, 20.65147195200409], [-101.4667509857097, 20.651472500653316]], [[-101.46675156859071, 20.651508611050915], [-101.4667509857097, 20.651472500653316]], [[-101.4667509857097, 20.651472500653316], [-101.4667126220237, 20.651473049294022]], [[-101.46671320489567, 20.651509159692672], [-101.4667126220237, 20.651473049294022]], [[-101.4667126220237, 20.651473049294022], [-101.46667425833645, 20.651473597926213]], [[-101.46667484119939, 20.651509708325904], [-101.46667425833645, 20.651473597926213]], [[-101.46667425833645, 20.651473597926213], [-101.46663589464795, 20.651474146549898]], [[-101.46663647750185, 20.65151025695063], [-101.46663589464795, 20.651474146549898]], [[-101.46663589464795, 20.651474146549898], [-101.4665975309582, 20.651474695165064]], [[-101.46659811380306, 20.651510805566843], [-101.4665975309582, 20.651474695165064]], [[-101.4665975309582, 20.651474695165064], [-101.4665591672672, 20.65147524377172]], [[-101.46655975010302, 20.651511354174545], [-101.4665591672672, 20.65147524377172]], [[-101.4665591672672, 20.65147524377172], [-101.46652080357495, 20.651475792369858]], [[-101.46652138640171, 20.651511902773727], [-101.46652080357495, 20.651475792369858]], [[-101.46652080357495, 20.651475792369858], [-101.46648243988146, 20.651476340959487]], [[-101.46648302269918, 20.651512451364397], [-101.46648243988146, 20.651476340959487]], [[-101.46648243988146, 20.651476340959487], [-101.4664440761867, 20.651476889540596]], [[-101.46644465899539, 20.651512999946558], [-101.4664440761867, 20.651476889540596]], [[-101.4664440761867, 20.651476889540596], [-101.46640571249071, 20.6514774381132]], [[-101.46640629529035, 20.6515135485202], [-101.46640571249071, 20.6514774381132]], [[-101.46640571249071, 20.6514774381132], [-101.46636734879347, 20.65147798667729]], [[-101.46636793158406, 20.651514097085336], [-101.46636734879347, 20.65147798667729]], [[-101.46636734879347, 20.65147798667729], [-101.46632898509496, 20.65147853523286]], [[-101.46632956787653, 20.65151464564195], [-101.46632898509496, 20.65147853523286]], [[-101.46632898509496, 20.65147853523286], [-101.46629062139522, 20.651479083779922]], [[-101.46629120416773, 20.651515194190054], [-101.46629062139522, 20.651479083779922]], [[-101.46629062139522, 20.651479083779922], [-101.46625225769422, 20.651479632318463]], [[-101.4662528404577, 20.65151574272964], [-101.46625225769422, 20.651479632318463]], [[-101.46625225769422, 20.651479632318463], [-101.46621389399199, 20.651480180848495]], [[-101.46621447674642, 20.65151629126072], [-101.46621389399199, 20.651480180848495]], [[-101.46621389399199, 20.651480180848495], [-101.4661755302885, 20.65148072937001]], [[-101.46617611303387, 20.651516839783284], [-101.4661755302885, 20.65148072937001]], [[-101.4661755302885, 20.65148072937001], [-101.46613716658375, 20.651481277883015]], [[-101.46613774932007, 20.651517388297332], [-101.46613716658375, 20.651481277883015]], [[-101.46613716658375, 20.651481277883015], [-101.46609880287775, 20.65148182638751]], [[-101.46609938560503, 20.65151793680286], [-101.46609880287775, 20.65148182638751]], [[-101.46609880287775, 20.65148182638751], [-101.4660604391705, 20.651482374883482]], [[-101.46606102188875, 20.65151848529989], [-101.4660604391705, 20.651482374883482]], [[-101.4660604391705, 20.651482374883482], [-101.466022075462, 20.65148292337095]], [[-101.46602265817123, 20.651519033788396], [-101.466022075462, 20.65148292337095]], [[-101.466022075462, 20.65148292337095], [-101.46598371175227, 20.651483471849897]], [[-101.46598429445243, 20.65151958226839], [-101.46598371175227, 20.651483471849897]], [[-101.46598371175227, 20.651483471849897], [-101.46594534804127, 20.651484020320336]], [[-101.46594593073239, 20.651520130739872], [-101.46594534804127, 20.651484020320336]], [[-101.46594534804127, 20.651484020320336], [-101.46590698432902, 20.651484568782255]], [[-101.4659075670111, 20.65152067920284], [-101.46590698432902, 20.651484568782255]], [[-101.46590698432902, 20.651484568782255], [-101.46586862061554, 20.65148511723567]], [[-101.46586920328858, 20.65152122765729], [-101.46586862061554, 20.65148511723567]], [[-101.46586862061554, 20.65148511723567], [-101.46583025690079, 20.651485665680564]], [[-101.46583083956479, 20.65152177610323], [-101.46583025690079, 20.651485665680564]], [[-101.46583025690079, 20.651485665680564], [-101.4657918931848, 20.651486214116943]], [[-101.46579247583975, 20.65152232454066], [-101.4657918931848, 20.651486214116943]], [[-101.4657918931848, 20.651486214116943], [-101.46575352946756, 20.651486762544813]], [[-101.46575411211346, 20.65152287296957], [-101.46575352946756, 20.651486762544813]], [[-101.46575352946756, 20.651486762544813], [-101.46571516574906, 20.651487310964168]], [[-101.46571574838593, 20.65152342138997], [-101.46571516574906, 20.651487310964168]], [[-101.46571516574906, 20.651487310964168], [-101.46567680202934, 20.65148785937501]], [[-101.46567738465716, 20.651523969801854], [-101.46567680202934, 20.65148785937501]], [[-101.46567680202934, 20.65148785937501], [-101.46563843830833, 20.65148840777734]], [[-101.46563902092711, 20.65152451820522], [-101.46563843830833, 20.65148840777734]], [[-101.46563843830833, 20.65148840777734], [-101.46560007458609, 20.65148895617115]], [[-101.46560065719584, 20.651525066600083], [-101.46560007458609, 20.65148895617115]], [[-101.46560007458609, 20.65148895617115], [-101.46556171086262, 20.651489504556448]], [[-101.4655622934633, 20.65152561498643], [-101.46556171086262, 20.651489504556448]], [[-101.46556171086262, 20.651489504556448], [-101.46552334713788, 20.651490052933234]], [[-101.46552392972953, 20.65152616336426], [-101.46552334713788, 20.651490052933234]], [[-101.46552334713788, 20.651490052933234], [-101.46548498341188, 20.65149060130151]], [[-101.4654855659945, 20.651526711733577], [-101.46548498341188, 20.65149060130151]], [[-101.46548498341188, 20.65149060130151], [-101.46544661968466, 20.65149114966127]], [[-101.46544720225822, 20.651527260094376], [-101.46544661968466, 20.65149114966127]], [[-101.46544661968466, 20.65149114966127], [-101.46540825595616, 20.651491698012514]], [[-101.46540883852069, 20.651527808446666], [-101.46540825595616, 20.651491698012514]], [[-101.46540825595616, 20.651491698012514], [-101.46536989222643, 20.651492246355243]], [[-101.4653704747819, 20.651528356790447], [-101.46536989222643, 20.651492246355243]], [[-101.46536989222643, 20.651492246355243], [-101.46533152849544, 20.65149279468946]], [[-101.46533211104187, 20.65152890512571], [-101.46533152849544, 20.65149279468946]], [[-101.46533152849544, 20.65149279468946], [-101.46529316476321, 20.651493343015172]], [[-101.4652937473006, 20.651529453452458], [-101.46529316476321, 20.651493343015172]], [[-101.46797862300154, 20.65145493965546], [-101.46797803983242, 20.65141882929113]], [[-101.46797803983242, 20.65141882929113], [-101.46793967619547, 20.651419378203233]], [[-101.46794025935557, 20.651455488568597], [-101.46793967619547, 20.651419378203233]], [[-101.46793967619547, 20.651419378203233], [-101.46790131255727, 20.651419927106815]], [[-101.46790189570832, 20.65145603747323], [-101.46790131255727, 20.651419927106815]], [[-101.46790131255727, 20.651419927106815], [-101.46786294891783, 20.651420476001885]], [[-101.46786353205982, 20.651456586369346], [-101.46786294891783, 20.651420476001885]], [[-101.46786294891783, 20.651420476001885], [-101.46782458527711, 20.65142102488844]], [[-101.46782516841009, 20.65145713525695], [-101.46782458527711, 20.65142102488844]], [[-101.46782458527711, 20.65142102488844], [-101.46778622163517, 20.651421573766488]], [[-101.4677868047591, 20.65145768413604], [-101.46778622163517, 20.651421573766488]], [[-101.46778622163517, 20.651421573766488], [-101.46774785799197, 20.651422122636017]], [[-101.46774844110685, 20.651458233006615], [-101.46774785799197, 20.651422122636017]], [[-101.46774785799197, 20.651422122636017], [-101.46770949434753, 20.651422671497034]], [[-101.46771007745336, 20.651458781868676], [-101.46770949434753, 20.651422671497034]], [[-101.46770949434753, 20.651422671497034], [-101.46767113070183, 20.651423220349535]], [[-101.46767171379862, 20.651459330722226], [-101.46767113070183, 20.651423220349535]], [[-101.46767113070183, 20.651423220349535], [-101.46763276705488, 20.651423769193528]], [[-101.46763335014262, 20.65145987956726], [-101.46763276705488, 20.651423769193528]], [[-101.46763276705488, 20.651423769193528], [-101.46759440340668, 20.651424318029008]], [[-101.46759498648538, 20.65146042840378], [-101.46759440340668, 20.651424318029008]], [[-101.46759440340668, 20.651424318029008], [-101.46755603975721, 20.651424866855965]], [[-101.46755662282688, 20.651460977231793], [-101.46755603975721, 20.651424866855965]], [[-101.46755603975721, 20.651424866855965], [-101.46751767610651, 20.651425415674417]], [[-101.46751825916715, 20.651461526051282], [-101.46751767610651, 20.651425415674417]], [[-101.46751767610651, 20.651425415674417], [-101.46747931245457, 20.651425964484353]], [[-101.46747989550614, 20.651462074862263], [-101.46747931245457, 20.651425964484353]], [[-101.46747931245457, 20.651425964484353], [-101.46744094880135, 20.651426513285774]], [[-101.4674415318439, 20.651462623664735], [-101.46744094880135, 20.651426513285774]], [[-101.46744094880135, 20.651426513285774], [-101.4674025851469, 20.65142706207868]], [[-101.4674031681804, 20.651463172458683], [-101.4674025851469, 20.65142706207868]], [[-101.4674025851469, 20.65142706207868], [-101.46736422149121, 20.651427610863077]], [[-101.46736480451567, 20.651463721244127], [-101.46736422149121, 20.651427610863077]], [[-101.46736422149121, 20.651427610863077], [-101.46732585783425, 20.65142815963896]], [[-101.46732644084966, 20.651464270021044], [-101.46732585783425, 20.65142815963896]], [[-101.46732585783425, 20.65142815963896], [-101.46728749417605, 20.651428708406325]], [[-101.46728807718242, 20.651464818789467], [-101.46728749417605, 20.651428708406325]], [[-101.46728749417605, 20.651428708406325], [-101.46724913051659, 20.65142925716518]], [[-101.46724971351392, 20.651465367549363], [-101.46724913051659, 20.65142925716518]], [[-101.46724913051659, 20.65142925716518], [-101.46721076685589, 20.65142980591552]], [[-101.46721134984418, 20.651465916300744], [-101.46721076685589, 20.65142980591552]], [[-101.46721076685589, 20.65142980591552], [-101.46717240319394, 20.65143035465735]], [[-101.46717298617318, 20.651466465043615], [-101.46717240319394, 20.65143035465735]], [[-101.46717240319394, 20.65143035465735], [-101.46713403953073, 20.65143090339066]], [[-101.46713462250092, 20.651467013777978], [-101.46713403953073, 20.65143090339066]], [[-101.46713403953073, 20.65143090339066], [-101.46709567586628, 20.65143145211546]], [[-101.46709625882743, 20.651467562503825], [-101.46709567586628, 20.65143145211546]], [[-101.46709567586628, 20.65143145211546], [-101.46705731220057, 20.651432000831743]], [[-101.46705789515268, 20.651468111221153], [-101.46705731220057, 20.651432000831743]], [[-101.46705731220057, 20.651432000831743], [-101.46701894853362, 20.65143254953952]], [[-101.46701953147668, 20.651468659929968], [-101.46701894853362, 20.65143254953952]], [[-101.46701894853362, 20.65143254953952], [-101.46698058486541, 20.65143309823878]], [[-101.46698116779943, 20.651469208630274], [-101.46698058486541, 20.65143309823878]], [[-101.46698058486541, 20.65143309823878], [-101.46694222119595, 20.651433646929526]], [[-101.46694280412093, 20.651469757322065], [-101.46694222119595, 20.651433646929526]], [[-101.46694222119595, 20.651433646929526], [-101.46690385752525, 20.65143419561176]], [[-101.46690444044118, 20.65147030600534], [-101.46690385752525, 20.65143419561176]], [[-101.46690385752525, 20.65143419561176], [-101.46686549385329, 20.651434744285478]], [[-101.4668660767602, 20.651470854680106], [-101.46686549385329, 20.651434744285478]], [[-101.46686549385329, 20.651434744285478], [-101.46682713018009, 20.65143529295068]], [[-101.46682771307793, 20.651471403346353], [-101.46682713018009, 20.65143529295068]], [[-101.46682713018009, 20.65143529295068], [-101.46678876650563, 20.65143584160737]], [[-101.46678934939445, 20.65147195200409], [-101.46678876650563, 20.65143584160737]], [[-101.46678876650563, 20.65143584160737], [-101.46675040282993, 20.651436390255547]], [[-101.4667509857097, 20.651472500653316], [-101.46675040282993, 20.651436390255547]], [[-101.46675040282993, 20.651436390255547], [-101.46671203915297, 20.65143693889521]], [[-101.4667126220237, 20.651473049294022], [-101.46671203915297, 20.65143693889521]], [[-101.46671203915297, 20.65143693889521], [-101.46667367547477, 20.651437487526362]], [[-101.46667425833645, 20.651473597926213], [-101.46667367547477, 20.651437487526362]], [[-101.46667367547477, 20.651437487526362], [-101.46663531179532, 20.651438036149]], [[-101.46663589464795, 20.651474146549898], [-101.46663531179532, 20.651438036149]], [[-101.46663531179532, 20.651438036149], [-101.46659694811461, 20.651438584763124]], [[-101.4665975309582, 20.651474695165064], [-101.46659694811461, 20.651438584763124]], [[-101.46659694811461, 20.651438584763124], [-101.46655858443265, 20.65143913336873]], [[-101.4665591672672, 20.65147524377172], [-101.46655858443265, 20.65143913336873]], [[-101.46655858443265, 20.65143913336873], [-101.46652022074944, 20.65143968196583]], [[-101.46652080357495, 20.651475792369858], [-101.46652022074944, 20.65143968196583]], [[-101.46652022074944, 20.65143968196583], [-101.46648185706499, 20.65144023055441]], [[-101.46648243988146, 20.651476340959487], [-101.46648185706499, 20.65144023055441]], [[-101.46648185706499, 20.65144023055441], [-101.46644349337929, 20.65144077913448]], [[-101.4664440761867, 20.651476889540596], [-101.46644349337929, 20.65144077913448]], [[-101.46644349337929, 20.65144077913448], [-101.46640512969233, 20.65144132770603]], [[-101.46640571249071, 20.6514774381132], [-101.46640512969233, 20.65144132770603]], [[-101.46640512969233, 20.65144132770603], [-101.46636676600411, 20.651441876269075]], [[-101.46636734879347, 20.65147798667729], [-101.46636676600411, 20.651441876269075]], [[-101.46636676600411, 20.651441876269075], [-101.46632840231467, 20.651442424823607]], [[-101.46632898509496, 20.65147853523286], [-101.46632840231467, 20.651442424823607]], [[-101.46632840231467, 20.651442424823607], [-101.46629003862397, 20.651442973369615]], [[-101.46629062139522, 20.651479083779922], [-101.46629003862397, 20.651442973369615]], [[-101.46629003862397, 20.651442973369615], [-101.46625167493202, 20.65144352190712]], [[-101.46625225769422, 20.651479632318463], [-101.46625167493202, 20.65144352190712]], [[-101.46625167493202, 20.65144352190712], [-101.46621331123882, 20.651444070436106]], [[-101.46621389399199, 20.651480180848495], [-101.46621331123882, 20.651444070436106]], [[-101.46621331123882, 20.651444070436106], [-101.46617494754436, 20.65144461895658]], [[-101.4661755302885, 20.65148072937001], [-101.46617494754436, 20.65144461895658]], [[-101.46617494754436, 20.65144461895658], [-101.46613658384867, 20.65144516746854]], [[-101.46613716658375, 20.651481277883015], [-101.46613658384867, 20.65144516746854]], [[-101.46613658384867, 20.65144516746854], [-101.4660982201517, 20.651445715971985]], [[-101.46609880287775, 20.65148182638751], [-101.4660982201517, 20.651445715971985]], [[-101.4660982201517, 20.651445715971985], [-101.46605985645351, 20.651446264466923]], [[-101.4660604391705, 20.651482374883482], [-101.46605985645351, 20.651446264466923]], [[-101.46605985645351, 20.651446264466923], [-101.46602149275405, 20.65144681295334]], [[-101.466022075462, 20.65148292337095], [-101.46602149275405, 20.65144681295334]], [[-101.46602149275405, 20.65144681295334], [-101.46598312905336, 20.65144736143125]], [[-101.46598371175227, 20.651483471849897], [-101.46598312905336, 20.65144736143125]], [[-101.46598312905336, 20.65144736143125], [-101.4659447653514, 20.651447909900636]], [[-101.46594534804127, 20.651484020320336], [-101.4659447653514, 20.651447909900636]], [[-101.4659447653514, 20.651447909900636], [-101.4659064016482, 20.651448458361518]], [[-101.46590698432902, 20.651484568782255], [-101.4659064016482, 20.651448458361518]], [[-101.4659064016482, 20.651448458361518], [-101.46586803794375, 20.65144900681388]], [[-101.46586862061554, 20.65148511723567], [-101.46586803794375, 20.65144900681388]], [[-101.46586803794375, 20.65144900681388], [-101.46582967423805, 20.651449555257734]], [[-101.46583025690079, 20.651485665680564], [-101.46582967423805, 20.651449555257734]], [[-101.46582967423805, 20.651449555257734], [-101.4657913105311, 20.65145010369307]], [[-101.4657918931848, 20.651486214116943], [-101.4657913105311, 20.65145010369307]], [[-101.4657913105311, 20.65145010369307], [-101.4657529468229, 20.65145065211989]], [[-101.46575352946756, 20.651486762544813], [-101.4657529468229, 20.65145065211989]], [[-101.4657529468229, 20.65145065211989], [-101.46571458311345, 20.651451200538204]], [[-101.46571516574906, 20.651487310964168], [-101.46571458311345, 20.651451200538204]], [[-101.46571458311345, 20.651451200538204], [-101.46567621940275, 20.651451748948]], [[-101.46567680202934, 20.65148785937501], [-101.46567621940275, 20.651451748948]], [[-101.46567621940275, 20.651451748948], [-101.4656378556908, 20.65145229734928]], [[-101.46563843830833, 20.65148840777734], [-101.4656378556908, 20.65145229734928]], [[-101.4656378556908, 20.65145229734928], [-101.46559949197761, 20.651452845742053]], [[-101.46560007458609, 20.65148895617115], [-101.46559949197761, 20.651452845742053]], [[-101.46559949197761, 20.651452845742053], [-101.46556112826318, 20.651453394126307]], [[-101.46556171086262, 20.651489504556448], [-101.46556112826318, 20.651453394126307]], [[-101.46556112826318, 20.651453394126307], [-101.46552276454747, 20.65145394250205]], [[-101.46552334713788, 20.651490052933234], [-101.46552276454747, 20.65145394250205]], [[-101.46552276454747, 20.65145394250205], [-101.46548440083053, 20.651454490869277]], [[-101.46548498341188, 20.65149060130151], [-101.46548440083053, 20.651454490869277]], [[-101.46548440083053, 20.651454490869277], [-101.46544603711233, 20.651455039227994]], [[-101.46544661968466, 20.65149114966127], [-101.46544603711233, 20.651455039227994]], [[-101.46544603711233, 20.651455039227994], [-101.46540767339289, 20.65145558757819]], [[-101.46540825595616, 20.651491698012514], [-101.46540767339289, 20.65145558757819]], [[-101.46540767339289, 20.65145558757819], [-101.4653693096722, 20.651456135919883]], [[-101.46536989222643, 20.651492246355243], [-101.4653693096722, 20.651456135919883]], [[-101.4653693096722, 20.651456135919883], [-101.46533094595026, 20.651456684253056]], [[-101.46533152849544, 20.65149279468946], [-101.46533094595026, 20.651456684253056]], [[-101.46797803983242, 20.65141882929113], [-101.46797745666453, 20.651382718926637]], [[-101.46797745666453, 20.651382718926637], [-101.46793909303662, 20.651383267837687]], [[-101.46793967619547, 20.651419378203233], [-101.46793909303662, 20.651383267837687]], [[-101.46793909303662, 20.651383267837687], [-101.46790072940748, 20.65138381674023]], [[-101.46790131255727, 20.651419927106815], [-101.46790072940748, 20.65138381674023]], [[-101.46790072940748, 20.65138381674023], [-101.46786236577707, 20.651384365634257]], [[-101.46786294891783, 20.651420476001885], [-101.46786236577707, 20.651384365634257]], [[-101.46786236577707, 20.651384365634257], [-101.4678240021454, 20.65138491451977]], [[-101.46782458527711, 20.65142102488844], [-101.4678240021454, 20.65138491451977]], [[-101.4678240021454, 20.65138491451977], [-101.46778563851251, 20.651385463396768]], [[-101.46778622163517, 20.651421573766488], [-101.46778563851251, 20.651385463396768]], [[-101.46778563851251, 20.651385463396768], [-101.46774727487835, 20.651386012265252]], [[-101.46774785799197, 20.651422122636017], [-101.46774727487835, 20.651386012265252]], [[-101.46774727487835, 20.651386012265252], [-101.46770891124294, 20.65138656112522]], [[-101.46770949434753, 20.651422671497034], [-101.46770891124294, 20.65138656112522]], [[-101.46770891124294, 20.65138656112522], [-101.46767054760629, 20.65138710997668]], [[-101.46767113070183, 20.651423220349535], [-101.46767054760629, 20.65138710997668]], [[-101.46767054760629, 20.65138710997668], [-101.46763218396838, 20.651387658819626]], [[-101.46763276705488, 20.651423769193528], [-101.46763218396838, 20.651387658819626]], [[-101.46763218396838, 20.651387658819626], [-101.46759382032921, 20.65138820765406]], [[-101.46759440340668, 20.651424318029008], [-101.46759382032921, 20.65138820765406]], [[-101.46759382032921, 20.65138820765406], [-101.46755545668881, 20.651388756479978]], [[-101.46755603975721, 20.651424866855965], [-101.46755545668881, 20.651388756479978]], [[-101.46755545668881, 20.651388756479978], [-101.46751709304714, 20.651389305297382]], [[-101.46751767610651, 20.651425415674417], [-101.46751709304714, 20.651389305297382]], [[-101.46751709304714, 20.651389305297382], [-101.46747872940423, 20.65138985410627]], [[-101.46747931245457, 20.651425964484353], [-101.46747872940423, 20.65138985410627]], [[-101.46747872940423, 20.65138985410627], [-101.46744036576008, 20.651390402906646]], [[-101.46744094880135, 20.651426513285774], [-101.46744036576008, 20.651390402906646]], [[-101.46744036576008, 20.651390402906646], [-101.46740200211467, 20.651390951698513]], [[-101.4674025851469, 20.65142706207868], [-101.46740200211467, 20.651390951698513]], [[-101.46740200211467, 20.651390951698513], [-101.46736363846802, 20.65139150048186]], [[-101.46736422149121, 20.651427610863077], [-101.46736363846802, 20.65139150048186]], [[-101.46736363846802, 20.65139150048186], [-101.4673252748201, 20.651392049256696]], [[-101.46732585783425, 20.65142815963896], [-101.4673252748201, 20.651392049256696]], [[-101.4673252748201, 20.651392049256696], [-101.46728691117093, 20.65139259802302]], [[-101.46728749417605, 20.651428708406325], [-101.46728691117093, 20.65139259802302]], [[-101.46728691117093, 20.65139259802302], [-101.46724854752053, 20.65139314678083]], [[-101.46724913051659, 20.65142925716518], [-101.46724854752053, 20.65139314678083]], [[-101.46724854752053, 20.65139314678083], [-101.46721018386886, 20.651393695530125]], [[-101.46721076685589, 20.65142980591552], [-101.46721018386886, 20.651393695530125]], [[-101.46721018386886, 20.651393695530125], [-101.46717182021595, 20.65139424427091]], [[-101.46717240319394, 20.65143035465735], [-101.46717182021595, 20.65139424427091]], [[-101.46717182021595, 20.65139424427091], [-101.4671334565618, 20.651394793003174]], [[-101.46713403953073, 20.65143090339066], [-101.4671334565618, 20.651394793003174]], [[-101.4671334565618, 20.651394793003174], [-101.46709509290636, 20.65139534172693]], [[-101.46709567586628, 20.65143145211546], [-101.46709509290636, 20.65139534172693]], [[-101.46709509290636, 20.65139534172693], [-101.46705672924972, 20.651395890442174]], [[-101.46705731220057, 20.651432000831743], [-101.46705672924972, 20.651395890442174]], [[-101.46705672924972, 20.651395890442174], [-101.4670183655918, 20.651396439148897]], [[-101.46701894853362, 20.65143254953952], [-101.4670183655918, 20.651396439148897]], [[-101.4670183655918, 20.651396439148897], [-101.46698000193264, 20.651396987847114]], [[-101.46698058486541, 20.65143309823878], [-101.46698000193264, 20.651396987847114]], [[-101.46698000193264, 20.651396987847114], [-101.46694163827223, 20.651397536536813]], [[-101.46694222119595, 20.651433646929526], [-101.46694163827223, 20.651397536536813]], [[-101.46694163827223, 20.651397536536813], [-101.46690327461056, 20.651398085218002]], [[-101.46690385752525, 20.65143419561176], [-101.46690327461056, 20.651398085218002]], [[-101.46690327461056, 20.651398085218002], [-101.46686491094765, 20.651398633890675]], [[-101.46686549385329, 20.651434744285478], [-101.46686491094765, 20.651398633890675]], [[-101.46686491094765, 20.651398633890675], [-101.46682654728349, 20.65139918255484]], [[-101.46682713018009, 20.65143529295068], [-101.46682654728349, 20.65139918255484]], [[-101.46682654728349, 20.65139918255484], [-101.46678818361808, 20.651399731210482]], [[-101.46678876650563, 20.65143584160737], [-101.46678818361808, 20.651399731210482]], [[-101.46678818361808, 20.651399731210482], [-101.4667498199514, 20.651400279857615]], [[-101.46675040282993, 20.651436390255547], [-101.4667498199514, 20.651400279857615]], [[-101.4667498199514, 20.651400279857615], [-101.46671145628349, 20.651400828496232]], [[-101.46671203915297, 20.65143693889521], [-101.46671145628349, 20.651400828496232]], [[-101.46671145628349, 20.651400828496232], [-101.46667309261433, 20.651401377126337]], [[-101.46667367547477, 20.651437487526362], [-101.46667309261433, 20.651401377126337]], [[-101.46667309261433, 20.651401377126337], [-101.46663472894392, 20.651401925747933]], [[-101.46663531179532, 20.651438036149], [-101.46663472894392, 20.651401925747933]], [[-101.46663472894392, 20.651401925747933], [-101.46659636527225, 20.651402474361014]], [[-101.46659694811461, 20.651438584763124], [-101.46659636527225, 20.651402474361014]], [[-101.46659636527225, 20.651402474361014], [-101.46655800159935, 20.651403022965575]], [[-101.46655858443265, 20.65143913336873], [-101.46655800159935, 20.651403022965575]], [[-101.46655800159935, 20.651403022965575], [-101.46651963792519, 20.651403571561627]], [[-101.46652022074944, 20.65143968196583], [-101.46651963792519, 20.651403571561627]], [[-101.46651963792519, 20.651403571561627], [-101.46648127424977, 20.651404120149163]], [[-101.46648185706499, 20.65144023055441], [-101.46648127424977, 20.651404120149163]], [[-101.46648127424977, 20.651404120149163], [-101.46644291057311, 20.651404668728187]], [[-101.46644349337929, 20.65144077913448], [-101.46644291057311, 20.651404668728187]], [[-101.46644291057311, 20.651404668728187], [-101.46640454689519, 20.651405217298702]], [[-101.46640512969233, 20.65144132770603], [-101.46640454689519, 20.651405217298702]], [[-101.46640454689519, 20.651405217298702], [-101.46636618321604, 20.6514057658607]], [[-101.46636676600411, 20.651441876269075], [-101.46636618321604, 20.6514057658607]], [[-101.46636618321604, 20.6514057658607], [-101.46632781953562, 20.65140631441418]], [[-101.46632840231467, 20.651442424823607], [-101.46632781953562, 20.65140631441418]], [[-101.46632781953562, 20.65140631441418], [-101.46628945585397, 20.65140686295915]], [[-101.46629003862397, 20.651442973369615], [-101.46628945585397, 20.65140686295915]], [[-101.46628945585397, 20.65140686295915], [-101.46625109217105, 20.6514074114956]], [[-101.46625167493202, 20.65144352190712], [-101.46625109217105, 20.6514074114956]], [[-101.46625109217105, 20.6514074114956], [-101.46621272848688, 20.651407960023548]], [[-101.46621331123882, 20.651444070436106], [-101.46621272848688, 20.651407960023548]], [[-101.46621272848688, 20.651407960023548], [-101.46617436480147, 20.65140850854298]], [[-101.46617494754436, 20.65144461895658], [-101.46617436480147, 20.65140850854298]], [[-101.46617436480147, 20.65140850854298], [-101.46613600111482, 20.651409057053893]], [[-101.46613658384867, 20.65144516746854], [-101.46613600111482, 20.651409057053893]], [[-101.46613600111482, 20.651409057053893], [-101.46609763742691, 20.6514096055563]], [[-101.4660982201517, 20.651445715971985], [-101.46609763742691, 20.6514096055563]], [[-101.46609763742691, 20.6514096055563], [-101.46605927373774, 20.651410154050186]], [[-101.46605985645351, 20.651446264466923], [-101.46605927373774, 20.651410154050186]], [[-101.46605927373774, 20.651410154050186], [-101.46602091004733, 20.651410702535557]], [[-101.46602149275405, 20.65144681295334], [-101.46602091004733, 20.651410702535557]], [[-101.46602091004733, 20.651410702535557], [-101.46598254635569, 20.651411251012423]], [[-101.46598312905336, 20.65144736143125], [-101.46598254635569, 20.651411251012423]], [[-101.46598254635569, 20.651411251012423], [-101.46594418266277, 20.65141179948077]], [[-101.4659447653514, 20.651447909900636], [-101.46594418266277, 20.65141179948077]], [[-101.46594418266277, 20.65141179948077], [-101.46590581896862, 20.651412347940603]], [[-101.4659064016482, 20.651448458361518], [-101.46590581896862, 20.651412347940603]], [[-101.46590581896862, 20.651412347940603], [-101.46586745527321, 20.65141289639192]], [[-101.46586803794375, 20.65144900681388], [-101.46586745527321, 20.65141289639192]], [[-101.46586745527321, 20.65141289639192], [-101.46582909157657, 20.651413444834727]], [[-101.46582967423805, 20.651449555257734], [-101.46582909157657, 20.651413444834727]], [[-101.46582909157657, 20.651413444834727], [-101.46579072787864, 20.65141399326902]], [[-101.4657913105311, 20.65145010369307], [-101.46579072787864, 20.65141399326902]], [[-101.46579072787864, 20.65141399326902], [-101.46575236417948, 20.651414541694802]], [[-101.4657529468229, 20.65145065211989], [-101.46575236417948, 20.651414541694802]], [[-101.46575236417948, 20.651414541694802], [-101.4657140004791, 20.651415090112064]], [[-101.46571458311345, 20.651451200538204], [-101.4657140004791, 20.651415090112064]], [[-101.4657140004791, 20.651415090112064], [-101.46567563677743, 20.651415638520817]], [[-101.46567621940275, 20.651451748948], [-101.46567563677743, 20.651415638520817]], [[-101.46567563677743, 20.651415638520817], [-101.46563727307452, 20.65141618692106]], [[-101.4656378556908, 20.65145229734928], [-101.46563727307452, 20.65141618692106]], [[-101.46563727307452, 20.65141618692106], [-101.46559890937037, 20.651416735312786]], [[-101.46559949197761, 20.651452845742053], [-101.46559890937037, 20.651416735312786]], [[-101.46559890937037, 20.651416735312786], [-101.46556054566497, 20.651417283695995]], [[-101.46556112826318, 20.651453394126307], [-101.46556054566497, 20.651417283695995]], [[-101.46556054566497, 20.651417283695995], [-101.46552218195832, 20.651417832070695]], [[-101.46552276454747, 20.65145394250205], [-101.46552218195832, 20.651417832070695]], [[-101.46552218195832, 20.651417832070695], [-101.46548381825042, 20.651418380436876]], [[-101.46548440083053, 20.651454490869277], [-101.46548381825042, 20.651418380436876]], [[-101.46548381825042, 20.651418380436876], [-101.46544545454127, 20.65141892879455]], [[-101.46544603711233, 20.651455039227994], [-101.46544545454127, 20.65141892879455]], [[-101.46544545454127, 20.65141892879455], [-101.46540709083087, 20.65141947714371]], [[-101.46540767339289, 20.65145558757819], [-101.46540709083087, 20.65141947714371]], [[-101.46540709083087, 20.65141947714371], [-101.46536872711921, 20.651420025484352]], [[-101.4653693096722, 20.651456135919883], [-101.46536872711921, 20.651420025484352]], [[-101.46797745666453, 20.651382718926637], [-101.46797687349789, 20.65134660856198]], [[-101.46797687349789, 20.65134660856198], [-101.46793850987903, 20.65134715747199]], [[-101.46793909303662, 20.651383267837687], [-101.46793850987903, 20.65134715747199]], [[-101.46793850987903, 20.65134715747199], [-101.46790014625891, 20.651347706373482]], [[-101.46790072940748, 20.65138381674023], [-101.46790014625891, 20.651347706373482]], [[-101.46790014625891, 20.651347706373482], [-101.46786178263757, 20.651348255266463]], [[-101.46786236577707, 20.651384365634257], [-101.46786178263757, 20.651348255266463]], [[-101.46786178263757, 20.651348255266463], [-101.46782341901495, 20.651348804150928]], [[-101.4678240021454, 20.65138491451977], [-101.46782341901495, 20.651348804150928]], [[-101.46782341901495, 20.651348804150928], [-101.46778505539109, 20.651349353026884]], [[-101.46778563851251, 20.651385463396768], [-101.46778505539109, 20.651349353026884]], [[-101.46778505539109, 20.651349353026884], [-101.46774669176597, 20.651349901894324]], [[-101.46774727487835, 20.651386012265252], [-101.46774669176597, 20.651349901894324]], [[-101.46774669176597, 20.651349901894324], [-101.46770832813961, 20.651350450753245]], [[-101.46770891124294, 20.65138656112522], [-101.46770832813961, 20.651350450753245]], [[-101.46770832813961, 20.651350450753245], [-101.46766996451198, 20.651350999603665]], [[-101.46767054760629, 20.65138710997668], [-101.46766996451198, 20.651350999603665]], [[-101.46766996451198, 20.651350999603665], [-101.46763160088312, 20.651351548445557]], [[-101.46763218396838, 20.651387658819626], [-101.46763160088312, 20.651351548445557]], [[-101.46763160088312, 20.651351548445557], [-101.467593237253, 20.651352097278952]], [[-101.46759382032921, 20.65138820765406], [-101.467593237253, 20.651352097278952]], [[-101.467593237253, 20.651352097278952], [-101.46755487362164, 20.65135264610382]], [[-101.46755545668881, 20.651388756479978], [-101.46755487362164, 20.65135264610382]], [[-101.46755487362164, 20.65135264610382], [-101.46751650998903, 20.65135319492018]], [[-101.46751709304714, 20.651389305297382], [-101.46751650998903, 20.65135319492018]], [[-101.46751650998903, 20.65135319492018], [-101.46747814635516, 20.651353743728027]], [[-101.46747872940423, 20.65138985410627], [-101.46747814635516, 20.651353743728027]], [[-101.46747814635516, 20.651353743728027], [-101.46743978272004, 20.65135429252736]], [[-101.46744036576008, 20.651390402906646], [-101.46743978272004, 20.65135429252736]], [[-101.46743978272004, 20.65135429252736], [-101.46740141908367, 20.651354841318177]], [[-101.46740200211467, 20.651390951698513], [-101.46740141908367, 20.651354841318177]], [[-101.46740141908367, 20.651354841318177], [-101.46736305544606, 20.65135539010048]], [[-101.46736363846802, 20.65139150048186], [-101.46736305544606, 20.65135539010048]], [[-101.46736305544606, 20.65135539010048], [-101.46732469180718, 20.65135593887427]], [[-101.4673252748201, 20.651392049256696], [-101.46732469180718, 20.65135593887427]], [[-101.46732469180718, 20.65135593887427], [-101.46728632816706, 20.651356487639546]], [[-101.46728691117093, 20.65139259802302], [-101.46728632816706, 20.651356487639546]], [[-101.46728632816706, 20.651356487639546], [-101.4672479645257, 20.651357036396316]], [[-101.46724854752053, 20.65139314678083], [-101.4672479645257, 20.651357036396316]], [[-101.4672479645257, 20.651357036396316], [-101.46720960088308, 20.651357585144563]], [[-101.46721018386886, 20.651393695530125], [-101.46720960088308, 20.651357585144563]], [[-101.46720960088308, 20.651357585144563], [-101.46717123723921, 20.6513581338843]], [[-101.46717182021595, 20.65139424427091], [-101.46717123723921, 20.6513581338843]], [[-101.46717123723921, 20.6513581338843], [-101.4671328735941, 20.651358682615523]], [[-101.4671334565618, 20.651394793003174], [-101.4671328735941, 20.651358682615523]], [[-101.4671328735941, 20.651358682615523], [-101.46709450994771, 20.651359231338237]], [[-101.46709509290636, 20.65139534172693], [-101.46709450994771, 20.651359231338237]], [[-101.46709450994771, 20.651359231338237], [-101.4670561463001, 20.65135978005243]], [[-101.46705672924972, 20.651395890442174], [-101.4670561463001, 20.65135978005243]], [[-101.4670561463001, 20.65135978005243], [-101.46701778265123, 20.651360328758113]], [[-101.4670183655918, 20.651396439148897], [-101.46701778265123, 20.651360328758113]], [[-101.46701778265123, 20.651360328758113], [-101.4669794190011, 20.651360877455282]], [[-101.46698000193264, 20.651396987847114], [-101.4669794190011, 20.651360877455282]], [[-101.4669794190011, 20.651360877455282], [-101.46694105534975, 20.651361426143943]], [[-101.46694163827223, 20.651397536536813], [-101.46694105534975, 20.651361426143943]], [[-101.46694105534975, 20.651361426143943], [-101.46690269169713, 20.651361974824077]], [[-101.46690327461056, 20.651398085218002], [-101.46690269169713, 20.651361974824077]], [[-101.46690269169713, 20.651361974824077], [-101.46686432804326, 20.651362523495713]], [[-101.46686491094765, 20.651398633890675], [-101.46686432804326, 20.651362523495713]], [[-101.46686432804326, 20.651362523495713], [-101.46682596438814, 20.651363072158826]], [[-101.46682654728349, 20.65139918255484], [-101.46682596438814, 20.651363072158826]], [[-101.46682596438814, 20.651363072158826], [-101.46678760073176, 20.65136362081343]], [[-101.46678818361808, 20.651399731210482], [-101.46678760073176, 20.65136362081343]], [[-101.46678760073176, 20.65136362081343], [-101.46674923707414, 20.65136416945952]], [[-101.4667498199514, 20.651400279857615], [-101.46674923707414, 20.65136416945952]], [[-101.46674923707414, 20.65136416945952], [-101.46671087341527, 20.65136471809709]], [[-101.46671145628349, 20.651400828496232], [-101.46671087341527, 20.65136471809709]], [[-101.46671087341527, 20.65136471809709], [-101.46667250975516, 20.651365266726152]], [[-101.46667309261433, 20.651401377126337], [-101.46667250975516, 20.651365266726152]], [[-101.46667250975516, 20.651365266726152], [-101.46663414609378, 20.6513658153467]], [[-101.46663472894392, 20.651401925747933], [-101.46663414609378, 20.6513658153467]], [[-101.46663414609378, 20.6513658153467], [-101.46659578243116, 20.651366363958736]], [[-101.46659636527225, 20.651402474361014], [-101.46659578243116, 20.651366363958736]], [[-101.46659578243116, 20.651366363958736], [-101.46655741876728, 20.651366912562253]], [[-101.46655800159935, 20.651403022965575], [-101.46655741876728, 20.651366912562253]], [[-101.46655741876728, 20.651366912562253], [-101.46651905510217, 20.651367461157264]], [[-101.46651963792519, 20.651403571561627], [-101.46651905510217, 20.651367461157264]], [[-101.46651905510217, 20.651367461157264], [-101.46648069143579, 20.651368009743752]], [[-101.46648127424977, 20.651404120149163], [-101.46648069143579, 20.651368009743752]], [[-101.46648069143579, 20.651368009743752], [-101.46644232776818, 20.651368558321735]], [[-101.46644291057311, 20.651404668728187], [-101.46644232776818, 20.651368558321735]], [[-101.46644232776818, 20.651368558321735], [-101.46640396409931, 20.651369106891202]], [[-101.46640454689519, 20.651405217298702], [-101.46640396409931, 20.651369106891202]], [[-101.46640396409931, 20.651369106891202], [-101.4663656004292, 20.651369655452154]], [[-101.46636618321604, 20.6514057658607], [-101.4663656004292, 20.651369655452154]], [[-101.4663656004292, 20.651369655452154], [-101.46632723675782, 20.65137020400459]], [[-101.46632781953562, 20.65140631441418], [-101.46632723675782, 20.65137020400459]], [[-101.46632723675782, 20.65137020400459], [-101.4662888730852, 20.651370752548516]], [[-101.46628945585397, 20.65140686295915], [-101.4662888730852, 20.651370752548516]], [[-101.4662888730852, 20.651370752548516], [-101.46625050941134, 20.651371301083927]], [[-101.46625109217105, 20.6514074114956], [-101.46625050941134, 20.651371301083927]], [[-101.46625050941134, 20.651371301083927], [-101.46621214573622, 20.65137184961083]], [[-101.46621272848688, 20.651407960023548], [-101.46621214573622, 20.65137184961083]], [[-101.46621214573622, 20.65137184961083], [-101.46617378205985, 20.65137239812921]], [[-101.46617436480147, 20.65140850854298], [-101.46617378205985, 20.65137239812921]], [[-101.46617378205985, 20.65137239812921], [-101.46613541838224, 20.651372946639082]], [[-101.46613600111482, 20.651409057053893], [-101.46613541838224, 20.651372946639082]], [[-101.46613541838224, 20.651372946639082], [-101.46609705470337, 20.65137349514044]], [[-101.46609763742691, 20.6514096055563], [-101.46609705470337, 20.65137349514044]], [[-101.46609705470337, 20.65137349514044], [-101.46605869102325, 20.651374043633282]], [[-101.46605927373774, 20.651410154050186], [-101.46605869102325, 20.651374043633282]], [[-101.46605869102325, 20.651374043633282], [-101.46602032734188, 20.651374592117616]], [[-101.46602091004733, 20.651410702535557], [-101.46602032734188, 20.651374592117616]], [[-101.46602032734188, 20.651374592117616], [-101.46598196365926, 20.65137514059343]], [[-101.46598254635569, 20.651411251012423], [-101.46598196365926, 20.65137514059343]], [[-101.46598196365926, 20.65137514059343], [-101.4659435999754, 20.651375689060735]], [[-101.46594418266277, 20.65141179948077], [-101.4659435999754, 20.651375689060735]], [[-101.4659435999754, 20.651375689060735], [-101.4659052362903, 20.651376237519525]], [[-101.46590581896862, 20.651412347940603], [-101.4659052362903, 20.651376237519525]], [[-101.4659052362903, 20.651376237519525], [-101.46586687260391, 20.651376785969802]], [[-101.46586745527321, 20.65141289639192], [-101.46586687260391, 20.651376785969802]], [[-101.46586687260391, 20.651376785969802], [-101.4658285089163, 20.651377334411563]], [[-101.46582909157657, 20.651413444834727], [-101.4658285089163, 20.651377334411563]], [[-101.4658285089163, 20.651377334411563], [-101.46579014522744, 20.651377882844816]], [[-101.46579072787864, 20.65141399326902], [-101.46579014522744, 20.651377882844816]], [[-101.46579014522744, 20.651377882844816], [-101.46575178153734, 20.65137843126955]], [[-101.46575236417948, 20.651414541694802], [-101.46575178153734, 20.65137843126955]], [[-101.46575178153734, 20.65137843126955], [-101.46571341784598, 20.65137897968577]], [[-101.4657140004791, 20.651415090112064], [-101.46571341784598, 20.65137897968577]], [[-101.46571341784598, 20.65137897968577], [-101.46567505415335, 20.651379528093482]], [[-101.46567563677743, 20.651415638520817], [-101.46567505415335, 20.651379528093482]], [[-101.46567505415335, 20.651379528093482], [-101.4656366904595, 20.651380076492675]], [[-101.46563727307452, 20.65141618692106], [-101.4656366904595, 20.651380076492675]], [[-101.4656366904595, 20.651380076492675], [-101.46559832676438, 20.651380624883352]], [[-101.46559890937037, 20.651416735312786], [-101.46559832676438, 20.651380624883352]], [[-101.46559832676438, 20.651380624883352], [-101.46555996306802, 20.651381173265523]], [[-101.46556054566497, 20.651417283695995], [-101.46555996306802, 20.651381173265523]], [[-101.46555996306802, 20.651381173265523], [-101.46552159937042, 20.651381721639172]], [[-101.46552218195832, 20.651417832070695], [-101.46552159937042, 20.651381721639172]], [[-101.46552159937042, 20.651381721639172], [-101.46548323567156, 20.651382270004312]], [[-101.46548381825042, 20.651418380436876], [-101.46548323567156, 20.651382270004312]], [[-101.46548323567156, 20.651382270004312], [-101.46544487197146, 20.65138281836094]], [[-101.46544545454127, 20.65141892879455], [-101.46544487197146, 20.65138281836094]], [[-101.46544487197146, 20.65138281836094], [-101.46540650827009, 20.651383366709055]], [[-101.46540709083087, 20.65141947714371], [-101.46540650827009, 20.651383366709055]], [[-101.46797687349789, 20.65134660856198], [-101.46797629033252, 20.65131049819716]], [[-101.46797629033252, 20.65131049819716], [-101.4679379267227, 20.651311047106116]], [[-101.46793850987903, 20.65134715747199], [-101.4679379267227, 20.651311047106116]], [[-101.4679379267227, 20.651311047106116], [-101.46789956311162, 20.65131159600656]], [[-101.46790014625891, 20.651347706373482], [-101.46789956311162, 20.65131159600656]], [[-101.46789956311162, 20.65131159600656], [-101.4678611994993, 20.651312144898498]], [[-101.46786178263757, 20.651348255266463], [-101.4678611994993, 20.651312144898498]], [[-101.4678611994993, 20.651312144898498], [-101.46782283588574, 20.65131269378192]], [[-101.46782341901495, 20.651348804150928], [-101.46782283588574, 20.65131269378192]], [[-101.46782283588574, 20.65131269378192], [-101.4677844722709, 20.651313242656833]], [[-101.46778505539109, 20.651349353026884], [-101.4677844722709, 20.651313242656833]], [[-101.4677844722709, 20.651313242656833], [-101.46774610865484, 20.651313791523222]], [[-101.46774669176597, 20.651349901894324], [-101.46774610865484, 20.651313791523222]], [[-101.46774610865484, 20.651313791523222], [-101.46770774503752, 20.651314340381102]], [[-101.46770832813961, 20.651350450753245], [-101.46770774503752, 20.651314340381102]], [[-101.46770774503752, 20.651314340381102], [-101.46766938141894, 20.651314889230477]], [[-101.46766996451198, 20.651350999603665], [-101.46766938141894, 20.651314889230477]], [[-101.46766938141894, 20.651314889230477], [-101.46763101779912, 20.651315438071332]], [[-101.46763160088312, 20.651351548445557], [-101.46763101779912, 20.651315438071332]], [[-101.46763101779912, 20.651315438071332], [-101.46759265417805, 20.651315986903672]], [[-101.467593237253, 20.651352097278952], [-101.46759265417805, 20.651315986903672]], [[-101.46759265417805, 20.651315986903672], [-101.46755429055573, 20.6513165357275]], [[-101.46755487362164, 20.65135264610382], [-101.46755429055573, 20.6513165357275]], [[-101.46755429055573, 20.6513165357275], [-101.46751592693215, 20.65131708454281]], [[-101.46751650998903, 20.65135319492018], [-101.46751592693215, 20.65131708454281]], [[-101.46751592693215, 20.65131708454281], [-101.46747756330733, 20.651317633349613]], [[-101.46747814635516, 20.651353743728027], [-101.46747756330733, 20.651317633349613]], [[-101.46747756330733, 20.651317633349613], [-101.46743919968125, 20.651318182147897]], [[-101.46743978272004, 20.65135429252736], [-101.46743919968125, 20.651318182147897]], [[-101.46743919968125, 20.651318182147897], [-101.46740083605393, 20.65131873093767]], [[-101.46740141908367, 20.651354841318177], [-101.46740083605393, 20.65131873093767]], [[-101.46740083605393, 20.65131873093767], [-101.46736247242535, 20.651319279718933]], [[-101.46736305544606, 20.65135539010048], [-101.46736247242535, 20.651319279718933]], [[-101.46736247242535, 20.651319279718933], [-101.46732410879554, 20.65131982849168]], [[-101.46732469180718, 20.65135593887427], [-101.46732410879554, 20.65131982849168]], [[-101.46732410879554, 20.65131982849168], [-101.46728574516445, 20.651320377255914]], [[-101.46728632816706, 20.651356487639546], [-101.46728574516445, 20.651320377255914]], [[-101.46728574516445, 20.651320377255914], [-101.46724738153213, 20.651320926011635]], [[-101.4672479645257, 20.651357036396316], [-101.46724738153213, 20.651320926011635]], [[-101.46724738153213, 20.651320926011635], [-101.46720901789855, 20.651321474758834]], [[-101.46720960088308, 20.651357585144563], [-101.46720901789855, 20.651321474758834]], [[-101.46720901789855, 20.651321474758834], [-101.46717065426371, 20.65132202349753]], [[-101.46717123723921, 20.6513581338843], [-101.46717065426371, 20.65132202349753]], [[-101.46717065426371, 20.65132202349753], [-101.46713229062765, 20.651322572227706]], [[-101.4671328735941, 20.651358682615523], [-101.46713229062765, 20.651322572227706]], [[-101.46713229062765, 20.651322572227706], [-101.46709392699032, 20.651323120949375]], [[-101.46709450994771, 20.651359231338237], [-101.46709392699032, 20.651323120949375]], [[-101.46709392699032, 20.651323120949375], [-101.46705556335174, 20.651323669662528]], [[-101.4670561463001, 20.65135978005243], [-101.46705556335174, 20.651323669662528]], [[-101.46705556335174, 20.651323669662528], [-101.4670171997119, 20.651324218367165]], [[-101.46701778265123, 20.651360328758113], [-101.4670171997119, 20.651324218367165]], [[-101.4670171997119, 20.651324218367165], [-101.46697883607084, 20.651324767063286]], [[-101.4669794190011, 20.651360877455282], [-101.46697883607084, 20.651324767063286]], [[-101.46697883607084, 20.651324767063286], [-101.4669404724285, 20.651325315750903]], [[-101.46694105534975, 20.651361426143943], [-101.4669404724285, 20.651325315750903]], [[-101.4669404724285, 20.651325315750903], [-101.46690210878494, 20.65132586443]], [[-101.46690269169713, 20.651361974824077], [-101.46690210878494, 20.65132586443]], [[-101.46690210878494, 20.65132586443], [-101.4668637451401, 20.651326413100577]], [[-101.46686432804326, 20.651362523495713], [-101.4668637451401, 20.651326413100577]], [[-101.4668637451401, 20.651326413100577], [-101.46682538149402, 20.651326961762653]], [[-101.46682596438814, 20.651363072158826], [-101.46682538149402, 20.651326961762653]], [[-101.46682538149402, 20.651326961762653], [-101.4667870178467, 20.65132751041621]], [[-101.46678760073176, 20.65136362081343], [-101.4667870178467, 20.65132751041621]], [[-101.4667870178467, 20.65132751041621], [-101.46674865419811, 20.651328059061253]], [[-101.46674923707414, 20.65136416945952], [-101.46674865419811, 20.651328059061253]], [[-101.46674865419811, 20.651328059061253], [-101.46671029054829, 20.651328607697785]], [[-101.46671087341527, 20.65136471809709], [-101.46671029054829, 20.651328607697785]], [[-101.46671029054829, 20.651328607697785], [-101.4666719268972, 20.651329156325797]], [[-101.46667250975516, 20.651365266726152], [-101.4666719268972, 20.651329156325797]], [[-101.4666719268972, 20.651329156325797], [-101.4666335632449, 20.6513297049453]], [[-101.46663414609378, 20.6513658153467], [-101.4666335632449, 20.6513297049453]], [[-101.4666335632449, 20.6513297049453], [-101.46659519959131, 20.65133025355629]], [[-101.46659578243116, 20.651366363958736], [-101.46659519959131, 20.65133025355629]], [[-101.46659519959131, 20.65133025355629], [-101.46655683593647, 20.651330802158768]], [[-101.46655741876728, 20.651366912562253], [-101.46655683593647, 20.651330802158768]], [[-101.46655683593647, 20.651330802158768], [-101.46651847228041, 20.65133135075273]], [[-101.46651905510217, 20.651367461157264], [-101.46651847228041, 20.65133135075273]], [[-101.46651847228041, 20.65133135075273], [-101.46648010862307, 20.651331899338178]], [[-101.46648069143579, 20.651368009743752], [-101.46648010862307, 20.651331899338178]], [[-101.46648010862307, 20.651331899338178], [-101.4664417449645, 20.651332447915113]], [[-101.46644232776818, 20.651368558321735], [-101.4664417449645, 20.651332447915113]], [[-101.4664417449645, 20.651332447915113], [-101.46640338130467, 20.65133299648353]], [[-101.46640396409931, 20.651369106891202], [-101.46640338130467, 20.65133299648353]], [[-101.46640338130467, 20.65133299648353], [-101.4663650176436, 20.65133354504344]], [[-101.4663656004292, 20.651369655452154], [-101.4663650176436, 20.65133354504344]], [[-101.4663650176436, 20.65133354504344], [-101.46632665398128, 20.651334093594837]], [[-101.46632723675782, 20.65137020400459], [-101.46632665398128, 20.651334093594837]], [[-101.46632665398128, 20.651334093594837], [-101.4662882903177, 20.651334642137716]], [[-101.4662888730852, 20.651370752548516], [-101.4662882903177, 20.651334642137716]], [[-101.4662882903177, 20.651334642137716], [-101.46624992665288, 20.651335190672086]], [[-101.46625050941134, 20.651371301083927], [-101.46624992665288, 20.651335190672086]], [[-101.46624992665288, 20.651335190672086], [-101.4662115629868, 20.65133573919794]], [[-101.46621214573622, 20.65137184961083], [-101.4662115629868, 20.65133573919794]], [[-101.4662115629868, 20.65133573919794], [-101.46617319931947, 20.651336287715278]], [[-101.46617378205985, 20.65137239812921], [-101.46617319931947, 20.651336287715278]], [[-101.46617319931947, 20.651336287715278], [-101.4661348356509, 20.651336836224107]], [[-101.46613541838224, 20.651372946639082], [-101.4661348356509, 20.651336836224107]], [[-101.4661348356509, 20.651336836224107], [-101.46609647198107, 20.65133738472442]], [[-101.46609705470337, 20.65137349514044], [-101.46609647198107, 20.65133738472442]], [[-101.46609647198107, 20.65133738472442], [-101.46605810831, 20.65133793321622]], [[-101.46605869102325, 20.651374043633282], [-101.46605810831, 20.65133793321622]], [[-101.46605810831, 20.65133793321622], [-101.46601974463768, 20.651338481699504]], [[-101.46602032734188, 20.651374592117616], [-101.46601974463768, 20.651338481699504]], [[-101.46601974463768, 20.651338481699504], [-101.4659813809641, 20.651339030174277]], [[-101.46598196365926, 20.65137514059343], [-101.4659813809641, 20.651339030174277]], [[-101.4659813809641, 20.651339030174277], [-101.46594301728928, 20.65133957864053]], [[-101.4659435999754, 20.651375689060735], [-101.46594301728928, 20.65133957864053]], [[-101.46594301728928, 20.65133957864053], [-101.46590465361321, 20.651340127098283]], [[-101.4659052362903, 20.651376237519525], [-101.46590465361321, 20.651340127098283]], [[-101.46590465361321, 20.651340127098283], [-101.46586628993587, 20.651340675547516]], [[-101.46586687260391, 20.651376785969802], [-101.46586628993587, 20.651340675547516]], [[-101.46586628993587, 20.651340675547516], [-101.46582792625732, 20.651341223988233]], [[-101.4658285089163, 20.651377334411563], [-101.46582792625732, 20.651341223988233]], [[-101.46582792625732, 20.651341223988233], [-101.4657895625775, 20.651341772420437]], [[-101.46579014522744, 20.651377882844816], [-101.4657895625775, 20.651341772420437]], [[-101.4657895625775, 20.651341772420437], [-101.46575119889643, 20.651342320844126]], [[-101.46575178153734, 20.65137843126955], [-101.46575119889643, 20.651342320844126]], [[-101.46575119889643, 20.651342320844126], [-101.4657128352141, 20.651342869259306]], [[-101.46571341784598, 20.65137897968577], [-101.4657128352141, 20.651342869259306]], [[-101.4657128352141, 20.651342869259306], [-101.46567447153053, 20.651343417665966]], [[-101.46567505415335, 20.651379528093482], [-101.46567447153053, 20.651343417665966]], [[-101.46567447153053, 20.651343417665966], [-101.46563610784573, 20.651343966064122]], [[-101.4656366904595, 20.651380076492675], [-101.46563610784573, 20.651343966064122]], [[-101.46563610784573, 20.651343966064122], [-101.46559774415965, 20.651344514453758]], [[-101.46559832676438, 20.651380624883352], [-101.46559774415965, 20.651344514453758]], [[-101.46559774415965, 20.651344514453758], [-101.46555938047234, 20.651345062834878]], [[-101.46555996306802, 20.651381173265523], [-101.46555938047234, 20.651345062834878]], [[-101.46555938047234, 20.651345062834878], [-101.46552101678375, 20.651345611207486]], [[-101.46552159937042, 20.651381721639172], [-101.46552101678375, 20.651345611207486]], [[-101.46552101678375, 20.651345611207486], [-101.46548265309394, 20.651346159571585]], [[-101.46548323567156, 20.651382270004312], [-101.46548265309394, 20.651346159571585]], [[-101.46548265309394, 20.651346159571585], [-101.46544428940288, 20.651346707927168]], [[-101.46544487197146, 20.65138281836094], [-101.46544428940288, 20.651346707927168]], [[-101.46797629033252, 20.65131049819716], [-101.46797570716838, 20.651274387832157]], [[-101.46797570716838, 20.651274387832157], [-101.4679373435676, 20.65127493674008]], [[-101.4679379267227, 20.651311047106116], [-101.4679373435676, 20.65127493674008]], [[-101.4679373435676, 20.65127493674008], [-101.46789897996557, 20.65127548563948]], [[-101.46789956311162, 20.65131159600656], [-101.46789897996557, 20.65127548563948]], [[-101.46789897996557, 20.65127548563948], [-101.4678606163623, 20.651276034530373]], [[-101.4678611994993, 20.651312144898498], [-101.4678606163623, 20.651276034530373]], [[-101.4678606163623, 20.651276034530373], [-101.46782225275777, 20.65127658341275]], [[-101.46782283588574, 20.65131269378192], [-101.46782225275777, 20.65127658341275]], [[-101.46782225275777, 20.65127658341275], [-101.467783889152, 20.651277132286612]], [[-101.4677844722709, 20.651313242656833], [-101.467783889152, 20.651277132286612]], [[-101.467783889152, 20.651277132286612], [-101.46774552554496, 20.651277681151964]], [[-101.46774610865484, 20.651313791523222], [-101.46774552554496, 20.651277681151964]], [[-101.46774552554496, 20.651277681151964], [-101.46770716193669, 20.6512782300088]], [[-101.46770774503752, 20.651314340381102], [-101.46770716193669, 20.6512782300088]], [[-101.46770716193669, 20.6512782300088], [-101.46766879832715, 20.651278778857122]], [[-101.46766938141894, 20.651314889230477], [-101.46766879832715, 20.651278778857122]], [[-101.46766879832715, 20.651278778857122], [-101.46763043471637, 20.65127932769693]], [[-101.46763101779912, 20.651315438071332], [-101.46763043471637, 20.65127932769693]], [[-101.46763043471637, 20.65127932769693], [-101.46759207110435, 20.65127987652822]], [[-101.46759265417805, 20.651315986903672], [-101.46759207110435, 20.65127987652822]], [[-101.46759207110435, 20.65127987652822], [-101.46755370749106, 20.651280425351008]], [[-101.46755429055573, 20.6513165357275], [-101.46755370749106, 20.651280425351008]], [[-101.46755370749106, 20.651280425351008], [-101.46751534387653, 20.65128097416528]], [[-101.46751592693215, 20.65131708454281], [-101.46751534387653, 20.65128097416528]], [[-101.46751534387653, 20.65128097416528], [-101.46747698026076, 20.651281522971033]], [[-101.46747756330733, 20.651317633349613], [-101.46747698026076, 20.651281522971033]], [[-101.46747698026076, 20.651281522971033], [-101.4674386166437, 20.65128207176828]], [[-101.46743919968125, 20.651318182147897], [-101.4674386166437, 20.65128207176828]], [[-101.4674386166437, 20.65128207176828], [-101.46740025302543, 20.651282620557]], [[-101.46740083605393, 20.65131873093767], [-101.46740025302543, 20.651282620557]], [[-101.46740025302543, 20.651282620557], [-101.46736188940591, 20.651283169337223]], [[-101.46736247242535, 20.651319279718933], [-101.46736188940591, 20.651283169337223]], [[-101.46736188940591, 20.651283169337223], [-101.46732352578512, 20.65128371810892]], [[-101.46732410879554, 20.65131982849168], [-101.46732352578512, 20.65128371810892]], [[-101.46732352578512, 20.65128371810892], [-101.4672851621631, 20.65128426687211]], [[-101.46728574516445, 20.651320377255914], [-101.4672851621631, 20.65128426687211]], [[-101.4672851621631, 20.65128426687211], [-101.4672467985398, 20.65128481562678]], [[-101.46724738153213, 20.651320926011635], [-101.4672467985398, 20.65128481562678]], [[-101.4672467985398, 20.65128481562678], [-101.46720843491526, 20.651285364372942]], [[-101.46720901789855, 20.651321474758834], [-101.46720843491526, 20.651285364372942]], [[-101.46720843491526, 20.651285364372942], [-101.46717007128947, 20.651285913110588]], [[-101.46717065426371, 20.65132202349753], [-101.46717007128947, 20.651285913110588]], [[-101.46717007128947, 20.651285913110588], [-101.46713170766245, 20.65128646183972]], [[-101.46713229062765, 20.651322572227706], [-101.46713170766245, 20.65128646183972]], [[-101.46713170766245, 20.65128646183972], [-101.46709334403417, 20.65128701056035]], [[-101.46709392699032, 20.651323120949375], [-101.46709334403417, 20.65128701056035]], [[-101.46709334403417, 20.65128701056035], [-101.46705498040463, 20.65128755927245]], [[-101.46705556335174, 20.651323669662528], [-101.46705498040463, 20.65128755927245]], [[-101.46705498040463, 20.65128755927245], [-101.46701661677385, 20.651288107976043]], [[-101.4670171997119, 20.651324218367165], [-101.46701661677385, 20.651288107976043]], [[-101.46701661677385, 20.651288107976043], [-101.4669782531418, 20.651288656671127]], [[-101.46697883607084, 20.651324767063286], [-101.4669782531418, 20.651288656671127]], [[-101.4669782531418, 20.651288656671127], [-101.46693988950852, 20.651289205357692]], [[-101.4669404724285, 20.651325315750903], [-101.46693988950852, 20.651289205357692]], [[-101.46693988950852, 20.651289205357692], [-101.466901525874, 20.65128975403575]], [[-101.46690210878494, 20.65132586443], [-101.466901525874, 20.65128975403575]], [[-101.466901525874, 20.65128975403575], [-101.46686316223821, 20.651290302705288]], [[-101.4668637451401, 20.651326413100577], [-101.46686316223821, 20.651290302705288]], [[-101.46686316223821, 20.651290302705288], [-101.46682479860117, 20.65129085136631]], [[-101.46682538149402, 20.651326961762653], [-101.46682479860117, 20.65129085136631]], [[-101.46682479860117, 20.65129085136631], [-101.46678643496288, 20.651291400018824]], [[-101.4667870178467, 20.65132751041621], [-101.46678643496288, 20.651291400018824]], [[-101.46678643496288, 20.651291400018824], [-101.46674807132335, 20.65129194866282]], [[-101.46674865419811, 20.651328059061253], [-101.46674807132335, 20.65129194866282]], [[-101.46674807132335, 20.65129194866282], [-101.46670970768257, 20.651292497298307]], [[-101.46671029054829, 20.651328607697785], [-101.46670970768257, 20.651292497298307]], [[-101.46670970768257, 20.651292497298307], [-101.46667134404052, 20.651293045925282]], [[-101.4666719268972, 20.651329156325797], [-101.46667134404052, 20.651293045925282]], [[-101.46667134404052, 20.651293045925282], [-101.46663298039724, 20.651293594543738]], [[-101.4666335632449, 20.6513297049453], [-101.46663298039724, 20.651293594543738]], [[-101.46663298039724, 20.651293594543738], [-101.46659461675272, 20.651294143153685]], [[-101.46659519959131, 20.65133025355629], [-101.46659461675272, 20.651294143153685]], [[-101.46659461675272, 20.651294143153685], [-101.46655625310693, 20.651294691755115]], [[-101.46655683593647, 20.651330802158768], [-101.46655625310693, 20.651294691755115]], [[-101.46655625310693, 20.651294691755115], [-101.4665178894599, 20.65129524034803]], [[-101.46651847228041, 20.65133135075273], [-101.4665178894599, 20.65129524034803]], [[-101.4665178894599, 20.65129524034803], [-101.46647952581161, 20.651295788932433]], [[-101.46648010862307, 20.651331899338178], [-101.46647952581161, 20.651295788932433]], [[-101.46647952581161, 20.651295788932433], [-101.46644116216208, 20.651296337508327]], [[-101.4664417449645, 20.651332447915113], [-101.46644116216208, 20.651296337508327]], [[-101.46644116216208, 20.651296337508327], [-101.46640279851128, 20.651296886075706]], [[-101.46640338130467, 20.65133299648353], [-101.46640279851128, 20.651296886075706]], [[-101.46640279851128, 20.651296886075706], [-101.46636443485924, 20.651297434634568]], [[-101.4663650176436, 20.65133354504344], [-101.46636443485924, 20.651297434634568]], [[-101.46636443485924, 20.651297434634568], [-101.46632607120598, 20.651297983184914]], [[-101.46632665398128, 20.651334093594837], [-101.46632607120598, 20.651297983184914]], [[-101.46632607120598, 20.651297983184914], [-101.46628770755143, 20.65129853172675]], [[-101.4662882903177, 20.651334642137716], [-101.46628770755143, 20.65129853172675]], [[-101.46628770755143, 20.65129853172675], [-101.46624934389565, 20.651299080260074]], [[-101.46624992665288, 20.651335190672086], [-101.46624934389565, 20.651299080260074]], [[-101.46624934389565, 20.651299080260074], [-101.46621098023861, 20.651299628784884]], [[-101.4662115629868, 20.65133573919794], [-101.46621098023861, 20.651299628784884]], [[-101.46621098023861, 20.651299628784884], [-101.46617261658035, 20.65130017730118]], [[-101.46617319931947, 20.651336287715278], [-101.46617261658035, 20.65130017730118]], [[-101.46617261658035, 20.65130017730118], [-101.46613425292081, 20.65130072580896]], [[-101.4661348356509, 20.651336836224107], [-101.46613425292081, 20.65130072580896]], [[-101.46613425292081, 20.65130072580896], [-101.46609588926003, 20.651301274308228]], [[-101.46609647198107, 20.65133738472442], [-101.46609588926003, 20.651301274308228]], [[-101.46609588926003, 20.651301274308228], [-101.466057525598, 20.651301822798988]], [[-101.46605810831, 20.65133793321622], [-101.466057525598, 20.651301822798988]], [[-101.466057525598, 20.651301822798988], [-101.46601916193472, 20.651302371281226]], [[-101.46601974463768, 20.651338481699504], [-101.46601916193472, 20.651302371281226]], [[-101.46601916193472, 20.651302371281226], [-101.46598079827018, 20.651302919754954]], [[-101.4659813809641, 20.651339030174277], [-101.46598079827018, 20.651302919754954]], [[-101.46598079827018, 20.651302919754954], [-101.46594243460441, 20.651303468220167]], [[-101.46594301728928, 20.65133957864053], [-101.46594243460441, 20.651303468220167]], [[-101.46594243460441, 20.651303468220167], [-101.46590407093737, 20.651304016676875]], [[-101.46590465361321, 20.651340127098283], [-101.46590407093737, 20.651304016676875]], [[-101.46590407093737, 20.651304016676875], [-101.4658657072691, 20.651304565125056]], [[-101.46586628993587, 20.651340675547516], [-101.4658657072691, 20.651304565125056]], [[-101.4658657072691, 20.651304565125056], [-101.46582734359957, 20.65130511356473]], [[-101.46582792625732, 20.651341223988233], [-101.46582734359957, 20.65130511356473]], [[-101.46582734359957, 20.65130511356473], [-101.46578897992879, 20.65130566199589]], [[-101.4657895625775, 20.651341772420437], [-101.46578897992879, 20.65130566199589]], [[-101.46578897992879, 20.65130566199589], [-101.46575061625676, 20.651306210418543]], [[-101.46575119889643, 20.651342320844126], [-101.46575061625676, 20.651306210418543]], [[-101.46575061625676, 20.651306210418543], [-101.46571225258349, 20.65130675883267]], [[-101.4657128352141, 20.651342869259306], [-101.46571225258349, 20.65130675883267]], [[-101.46571225258349, 20.65130675883267], [-101.46567388890895, 20.65130730723829]], [[-101.46567447153053, 20.651343417665966], [-101.46567388890895, 20.65130730723829]], [[-101.46567388890895, 20.65130730723829], [-101.46563552523318, 20.651307855635398]], [[-101.46563610784573, 20.651343966064122], [-101.46563552523318, 20.651307855635398]], [[-101.46563552523318, 20.651307855635398], [-101.46559716155615, 20.65130840402399]], [[-101.46559774415965, 20.651344514453758], [-101.46559716155615, 20.65130840402399]], [[-101.46559716155615, 20.65130840402399], [-101.46555879787789, 20.651308952404072]], [[-101.46555938047234, 20.651345062834878], [-101.46555879787789, 20.651308952404072]], [[-101.46555879787789, 20.651308952404072], [-101.46552043419835, 20.651309500775636]], [[-101.46552101678375, 20.651345611207486], [-101.46552043419835, 20.651309500775636]], [[-101.46552043419835, 20.651309500775636], [-101.4654820705176, 20.651310049138687]], [[-101.46548265309394, 20.651346159571585], [-101.4654820705176, 20.651310049138687]], [[-101.46797570716838, 20.651274387832157], [-101.46797512400549, 20.651238277466998]], [[-101.46797512400549, 20.651238277466998], [-101.46793676041376, 20.651238826373866]], [[-101.4679373435676, 20.65127493674008], [-101.46793676041376, 20.651238826373866]], [[-101.46793676041376, 20.651238826373866], [-101.46789839682079, 20.65123937527223]], [[-101.46789897996557, 20.65127548563948], [-101.46789839682079, 20.65123937527223]], [[-101.46789839682079, 20.65123937527223], [-101.46786003322654, 20.65123992416207]], [[-101.4678606163623, 20.651276034530373], [-101.46786003322654, 20.65123992416207]], [[-101.46786003322654, 20.65123992416207], [-101.46782166963106, 20.6512404730434]], [[-101.46782225275777, 20.65127658341275], [-101.46782166963106, 20.6512404730434]], [[-101.46782166963106, 20.6512404730434], [-101.46778330603432, 20.65124102191622]], [[-101.467783889152, 20.651277132286612], [-101.46778330603432, 20.65124102191622]], [[-101.46778330603432, 20.65124102191622], [-101.46774494243634, 20.651241570780527]], [[-101.46774552554496, 20.651277681151964], [-101.46774494243634, 20.651241570780527]], [[-101.46774494243634, 20.651241570780527], [-101.4677065788371, 20.65124211963632]], [[-101.46770716193669, 20.6512782300088], [-101.4677065788371, 20.65124211963632]], [[-101.4677065788371, 20.65124211963632], [-101.46766821523661, 20.651242668483594]], [[-101.46766879832715, 20.651278778857122], [-101.46766821523661, 20.651242668483594]], [[-101.46766821523661, 20.651242668483594], [-101.46762985163488, 20.65124321732236]], [[-101.46763043471637, 20.65127932769693], [-101.46762985163488, 20.65124321732236]], [[-101.46762985163488, 20.65124321732236], [-101.46759148803189, 20.651243766152607]], [[-101.46759207110435, 20.65127987652822], [-101.46759148803189, 20.651243766152607]], [[-101.46759148803189, 20.651243766152607], [-101.46755312442764, 20.651244314974345]], [[-101.46755370749106, 20.651280425351008], [-101.46755312442764, 20.651244314974345]], [[-101.46755312442764, 20.651244314974345], [-101.46751476082216, 20.651244863787575]], [[-101.46751534387653, 20.65128097416528], [-101.46751476082216, 20.651244863787575]], [[-101.46751476082216, 20.651244863787575], [-101.46747639721542, 20.65124541259228]], [[-101.46747698026076, 20.651281522971033], [-101.46747639721542, 20.65124541259228]], [[-101.46747639721542, 20.65124541259228], [-101.46743803360742, 20.651245961388483]], [[-101.4674386166437, 20.65128207176828], [-101.46743803360742, 20.651245961388483]], [[-101.46743803360742, 20.651245961388483], [-101.46739966999819, 20.651246510176165]], [[-101.46740025302543, 20.651282620557], [-101.46739966999819, 20.651246510176165]], [[-101.46739966999819, 20.651246510176165], [-101.4673613063877, 20.651247058955327]], [[-101.46736188940591, 20.651283169337223], [-101.4673613063877, 20.651247058955327]], [[-101.4673613063877, 20.651247058955327], [-101.46732294277595, 20.65124760772599]], [[-101.46732352578512, 20.65128371810892], [-101.46732294277595, 20.65124760772599]], [[-101.46732294277595, 20.65124760772599], [-101.46728457916296, 20.65124815648813]], [[-101.4672851621631, 20.65128426687211], [-101.46728457916296, 20.65124815648813]], [[-101.46728457916296, 20.65124815648813], [-101.46724621554873, 20.65124870524176]], [[-101.4672467985398, 20.65128481562678], [-101.46724621554873, 20.65124870524176]], [[-101.46724621554873, 20.65124870524176], [-101.46720785193324, 20.651249253986872]], [[-101.46720843491526, 20.651285364372942], [-101.46720785193324, 20.651249253986872]], [[-101.46720785193324, 20.651249253986872], [-101.46716948831649, 20.651249802723477]], [[-101.46717007128947, 20.651285913110588], [-101.46716948831649, 20.651249802723477]], [[-101.46716948831649, 20.651249802723477], [-101.4671311246985, 20.65125035145157]], [[-101.46713170766245, 20.65128646183972], [-101.4671311246985, 20.65125035145157]], [[-101.4671311246985, 20.65125035145157], [-101.46709276107926, 20.651250900171146]], [[-101.46709334403417, 20.65128701056035], [-101.46709276107926, 20.651250900171146]], [[-101.46709276107926, 20.651250900171146], [-101.46705439745877, 20.65125144888221]], [[-101.46705498040463, 20.65128755927245], [-101.46705439745877, 20.65125144888221]], [[-101.46705439745877, 20.65125144888221], [-101.46701603383703, 20.651251997584758]], [[-101.46701661677385, 20.651288107976043], [-101.46701603383703, 20.651251997584758]], [[-101.46701603383703, 20.651251997584758], [-101.46697767021404, 20.65125254627879]], [[-101.4669782531418, 20.651288656671127], [-101.46697767021404, 20.65125254627879]], [[-101.46697767021404, 20.65125254627879], [-101.4669393065898, 20.651253094964307]], [[-101.46693988950852, 20.651289205357692], [-101.4669393065898, 20.651253094964307]], [[-101.4669393065898, 20.651253094964307], [-101.4669009429643, 20.65125364364132]], [[-101.466901525874, 20.65128975403575], [-101.4669009429643, 20.65125364364132]], [[-101.4669009429643, 20.65125364364132], [-101.46686257933756, 20.651254192309814]], [[-101.46686316223821, 20.651290302705288], [-101.46686257933756, 20.651254192309814]], [[-101.46686257933756, 20.651254192309814], [-101.46682421570956, 20.651254740969797]], [[-101.46682479860117, 20.65129085136631], [-101.46682421570956, 20.651254740969797]], [[-101.46682421570956, 20.651254740969797], [-101.46678585208032, 20.651255289621265]], [[-101.46678643496288, 20.651291400018824], [-101.46678585208032, 20.651255289621265]], [[-101.46678585208032, 20.651255289621265], [-101.46674748844983, 20.651255838264216]], [[-101.46674807132335, 20.65129194866282], [-101.46674748844983, 20.651255838264216]], [[-101.46674748844983, 20.651255838264216], [-101.46670912481808, 20.651256386898662]], [[-101.46670970768257, 20.651292497298307], [-101.46670912481808, 20.651256386898662]], [[-101.46670912481808, 20.651256386898662], [-101.46667076118509, 20.651256935524586]], [[-101.46667134404052, 20.651293045925282], [-101.46667076118509, 20.651256935524586]], [[-101.46667076118509, 20.651256935524586], [-101.46663239755085, 20.651257484142]], [[-101.46663298039724, 20.651293594543738], [-101.46663239755085, 20.651257484142]], [[-101.46663239755085, 20.651257484142], [-101.46659403391537, 20.6512580327509]], [[-101.46659461675272, 20.651294143153685], [-101.46659403391537, 20.6512580327509]], [[-101.46659403391537, 20.6512580327509], [-101.46655567027862, 20.651258581351286]], [[-101.46655625310693, 20.651294691755115], [-101.46655567027862, 20.651258581351286]], [[-101.46655567027862, 20.651258581351286], [-101.46651730664063, 20.65125912994316]], [[-101.4665178894599, 20.65129524034803], [-101.46651730664063, 20.65125912994316]], [[-101.46651730664063, 20.65125912994316], [-101.46647894300139, 20.651259678526518]], [[-101.46647952581161, 20.651295788932433], [-101.46647894300139, 20.651259678526518]], [[-101.46647894300139, 20.651259678526518], [-101.46644057936089, 20.651260227101364]], [[-101.46644116216208, 20.651296337508327], [-101.46644057936089, 20.651260227101364]], [[-101.46644057936089, 20.651260227101364], [-101.46640221571916, 20.651260775667698]], [[-101.46640279851128, 20.651296886075706], [-101.46640221571916, 20.651260775667698]], [[-101.46640221571916, 20.651260775667698], [-101.46636385207617, 20.65126132422552]], [[-101.46636443485924, 20.651297434634568], [-101.46636385207617, 20.65126132422552]], [[-101.46636385207617, 20.65126132422552], [-101.46632548843192, 20.65126187277482]], [[-101.46632607120598, 20.651297983184914], [-101.46632548843192, 20.65126187277482]], [[-101.46632548843192, 20.65126187277482], [-101.46628712478643, 20.651262421315614]], [[-101.46628770755143, 20.65129853172675], [-101.46628712478643, 20.651262421315614]], [[-101.46628712478643, 20.651262421315614], [-101.4662487611397, 20.651262969847892]], [[-101.46624934389565, 20.651299080260074], [-101.4662487611397, 20.651262969847892]], [[-101.4662487611397, 20.651262969847892], [-101.46621039749171, 20.651263518371653]], [[-101.46621098023861, 20.651299628784884], [-101.46621039749171, 20.651263518371653]], [[-101.46621039749171, 20.651263518371653], [-101.46617203384247, 20.651264066886906]], [[-101.46617261658035, 20.65130017730118], [-101.46617203384247, 20.651264066886906]], [[-101.46617203384247, 20.651264066886906], [-101.46613367019197, 20.651264615393643]], [[-101.46613425292081, 20.65130072580896], [-101.46613367019197, 20.651264615393643]], [[-101.46613367019197, 20.651264615393643], [-101.46609530654024, 20.651265163891875]], [[-101.46609588926003, 20.651301274308228], [-101.46609530654024, 20.651265163891875]], [[-101.46609530654024, 20.651265163891875], [-101.46605694288725, 20.651265712381576]], [[-101.466057525598, 20.651301822798988], [-101.46605694288725, 20.651265712381576]], [[-101.46605694288725, 20.651265712381576], [-101.46601857923301, 20.65126626086278]], [[-101.46601916193472, 20.651302371281226], [-101.46601857923301, 20.65126626086278]], [[-101.46601857923301, 20.65126626086278], [-101.46598021557752, 20.65126680933546]], [[-101.46598079827018, 20.651302919754954], [-101.46598021557752, 20.65126680933546]], [[-101.46598021557752, 20.65126680933546], [-101.46594185192079, 20.65126735779963]], [[-101.46594243460441, 20.651303468220167], [-101.46594185192079, 20.65126735779963]], [[-101.46594185192079, 20.65126735779963], [-101.4659034882628, 20.65126790625529]], [[-101.46590407093737, 20.651304016676875], [-101.4659034882628, 20.65126790625529]], [[-101.4659034882628, 20.65126790625529], [-101.46586512460355, 20.651268454702432]], [[-101.4658657072691, 20.651304565125056], [-101.46586512460355, 20.651268454702432]], [[-101.46586512460355, 20.651268454702432], [-101.46582676094307, 20.65126900314106]], [[-101.46582734359957, 20.65130511356473], [-101.46582676094307, 20.65126900314106]], [[-101.46582676094307, 20.65126900314106], [-101.46578839728134, 20.651269551571175]], [[-101.46578897992879, 20.65130566199589], [-101.46578839728134, 20.651269551571175]], [[-101.46578839728134, 20.651269551571175], [-101.46575003361835, 20.651270099992782]], [[-101.46575061625676, 20.651306210418543], [-101.46575003361835, 20.651270099992782]], [[-101.46575003361835, 20.651270099992782], [-101.4657116699541, 20.651270648405866]], [[-101.46571225258349, 20.65130675883267], [-101.4657116699541, 20.651270648405866]], [[-101.4657116699541, 20.651270648405866], [-101.46567330628864, 20.651271196810445]], [[-101.46567388890895, 20.65130730723829], [-101.46567330628864, 20.651271196810445]], [[-101.46567330628864, 20.651271196810445], [-101.46563494262189, 20.651271745206508]], [[-101.46563552523318, 20.651307855635398], [-101.46563494262189, 20.651271745206508]], [[-101.46563494262189, 20.651271745206508], [-101.46559657895392, 20.65127229359405]], [[-101.46559716155615, 20.65130840402399], [-101.46559657895392, 20.65127229359405]], [[-101.46559657895392, 20.65127229359405], [-101.46555821528469, 20.651272841973086]], [[-101.46555879787789, 20.651308952404072], [-101.46555821528469, 20.651272841973086]], [[-101.46555821528469, 20.651272841973086], [-101.4655198516142, 20.651273390343608]], [[-101.46552043419835, 20.651309500775636], [-101.4655198516142, 20.651273390343608]], [[-101.46797512400549, 20.651238277466998], [-101.46797454084385, 20.65120216710167]], [[-101.46797454084385, 20.65120216710167], [-101.46793617726117, 20.651202716007496]], [[-101.46793676041376, 20.651238826373866], [-101.46793617726117, 20.651202716007496]], [[-101.46793617726117, 20.651202716007496], [-101.46789781367724, 20.651203264904808]], [[-101.46789839682079, 20.65123937527223], [-101.46789781367724, 20.651203264904808]], [[-101.46789781367724, 20.651203264904808], [-101.46785945009204, 20.651203813793607]], [[-101.46786003322654, 20.65123992416207], [-101.46785945009204, 20.651203813793607]], [[-101.46785945009204, 20.651203813793607], [-101.4678210865056, 20.651204362673894]], [[-101.46782166963106, 20.6512404730434], [-101.4678210865056, 20.651204362673894]], [[-101.4678210865056, 20.651204362673894], [-101.4677827229179, 20.65120491154567]], [[-101.46778330603432, 20.65124102191622], [-101.4677827229179, 20.65120491154567]], [[-101.4677827229179, 20.65120491154567], [-101.46774435932896, 20.651205460408928]], [[-101.46774494243634, 20.651241570780527], [-101.46774435932896, 20.651205460408928]], [[-101.46774435932896, 20.651205460408928], [-101.46770599573877, 20.65120600926367]], [[-101.4677065788371, 20.65124211963632], [-101.46770599573877, 20.65120600926367]], [[-101.46770599573877, 20.65120600926367], [-101.46766763214731, 20.651206558109912]], [[-101.46766821523661, 20.651242668483594], [-101.46766763214731, 20.651206558109912]], [[-101.46766763214731, 20.651206558109912], [-101.46762926855463, 20.65120710694763]], [[-101.46762985163488, 20.65124321732236], [-101.46762926855463, 20.65120710694763]], [[-101.46762926855463, 20.65120710694763], [-101.46759090496067, 20.651207655776833]], [[-101.46759148803189, 20.651243766152607], [-101.46759090496067, 20.651207655776833]], [[-101.46759090496067, 20.651207655776833], [-101.46755254136548, 20.651208204597527]], [[-101.46755312442764, 20.651244314974345], [-101.46755254136548, 20.651208204597527]], [[-101.46755254136548, 20.651208204597527], [-101.46751417776905, 20.651208753409705]], [[-101.46751476082216, 20.651244863787575], [-101.46751417776905, 20.651208753409705]], [[-101.46751417776905, 20.651208753409705], [-101.46747581417134, 20.651209302213367]], [[-101.46747639721542, 20.65124541259228], [-101.46747581417134, 20.651209302213367]], [[-101.46747581417134, 20.651209302213367], [-101.46743745057239, 20.651209851008524]], [[-101.46743803360742, 20.651245961388483], [-101.46743745057239, 20.651209851008524]], [[-101.46743745057239, 20.651209851008524], [-101.4673990869722, 20.651210399795158]], [[-101.46739966999819, 20.651246510176165], [-101.4673990869722, 20.651210399795158]], [[-101.4673990869722, 20.651210399795158], [-101.46736072337075, 20.65121094857329]], [[-101.4673613063877, 20.651247058955327], [-101.46736072337075, 20.65121094857329]], [[-101.46736072337075, 20.65121094857329], [-101.46732235976806, 20.651211497342896]], [[-101.46732294277595, 20.65124760772599], [-101.46732235976806, 20.651211497342896]], [[-101.46732235976806, 20.651211497342896], [-101.4672839961641, 20.651212046103996]], [[-101.46728457916296, 20.65124815648813], [-101.4672839961641, 20.651212046103996]], [[-101.4672839961641, 20.651212046103996], [-101.4672456325589, 20.651212594856585]], [[-101.46724621554873, 20.65124870524176], [-101.4672456325589, 20.651212594856585]], [[-101.4672456325589, 20.651212594856585], [-101.46720726895246, 20.651213143600653]], [[-101.46720785193324, 20.651249253986872], [-101.46720726895246, 20.651213143600653]], [[-101.46720726895246, 20.651213143600653], [-101.46716890534476, 20.65121369233621]], [[-101.46716948831649, 20.651249802723477], [-101.46716890534476, 20.65121369233621]], [[-101.46716890534476, 20.65121369233621], [-101.46713054173581, 20.651214241063254]], [[-101.4671311246985, 20.65125035145157], [-101.46713054173581, 20.651214241063254]], [[-101.46713054173581, 20.651214241063254], [-101.46709217812561, 20.651214789781786]], [[-101.46709276107926, 20.651250900171146], [-101.46709217812561, 20.651214789781786]], [[-101.46709217812561, 20.651214789781786], [-101.46705381451416, 20.6512153384918]], [[-101.46705439745877, 20.65125144888221], [-101.46705381451416, 20.6512153384918]], [[-101.46705381451416, 20.6512153384918], [-101.46701545090146, 20.651215887193306]], [[-101.46701603383703, 20.651251997584758], [-101.46701545090146, 20.651215887193306]], [[-101.46701545090146, 20.651215887193306], [-101.4669770872875, 20.651216435886294]], [[-101.46697767021404, 20.65125254627879], [-101.4669770872875, 20.651216435886294]], [[-101.4669770872875, 20.651216435886294], [-101.46693872367231, 20.65121698457077]], [[-101.4669393065898, 20.651253094964307], [-101.46693872367231, 20.65121698457077]], [[-101.46693872367231, 20.65121698457077], [-101.46690036005586, 20.651217533246733]], [[-101.4669009429643, 20.65125364364132], [-101.46690036005586, 20.651217533246733]], [[-101.46690036005586, 20.651217533246733], [-101.46686199643815, 20.651218081914184]], [[-101.46686257933756, 20.651254192309814], [-101.46686199643815, 20.651218081914184]], [[-101.46686199643815, 20.651218081914184], [-101.46682363281921, 20.651218630573123]], [[-101.46682421570956, 20.651254740969797], [-101.46682363281921, 20.651218630573123]], [[-101.46682363281921, 20.651218630573123], [-101.46678526919901, 20.651219179223546]], [[-101.46678585208032, 20.651255289621265], [-101.46678526919901, 20.651219179223546]], [[-101.46678526919901, 20.651219179223546], [-101.46674690557757, 20.65121972786545]], [[-101.46674748844983, 20.651255838264216], [-101.46674690557757, 20.65121972786545]], [[-101.46674690557757, 20.65121972786545], [-101.46670854195486, 20.651220276498847]], [[-101.46670912481808, 20.651256386898662], [-101.46670854195486, 20.651220276498847]], [[-101.46670854195486, 20.651220276498847], [-101.46667017833092, 20.651220825123733]], [[-101.46667076118509, 20.651256935524586], [-101.46667017833092, 20.651220825123733]], [[-101.46667017833092, 20.651220825123733], [-101.4666318147057, 20.6512213737401]], [[-101.46663239755085, 20.651257484142], [-101.4666318147057, 20.6512213737401]], [[-101.4666318147057, 20.6512213737401], [-101.46659345107926, 20.651221922347954]], [[-101.46659403391537, 20.6512580327509], [-101.46659345107926, 20.651221922347954]], [[-101.46659345107926, 20.651221922347954], [-101.46655508745157, 20.651222470947296]], [[-101.46655567027862, 20.651258581351286], [-101.46655508745157, 20.651222470947296]], [[-101.46655508745157, 20.651222470947296], [-101.46651672382262, 20.651223019538126]], [[-101.46651730664063, 20.65125912994316], [-101.46651672382262, 20.651223019538126]], [[-101.46651672382262, 20.651223019538126], [-101.46647836019241, 20.651223568120443]], [[-101.46647894300139, 20.651259678526518], [-101.46647836019241, 20.651223568120443]], [[-101.46647836019241, 20.651223568120443], [-101.46643999656096, 20.65122411669424]], [[-101.46644057936089, 20.651260227101364], [-101.46643999656096, 20.65122411669424]], [[-101.46643999656096, 20.65122411669424], [-101.46640163292827, 20.65122466525953]], [[-101.46640221571916, 20.651260775667698], [-101.46640163292827, 20.65122466525953]], [[-101.46640163292827, 20.65122466525953], [-101.46636326929432, 20.651225213816307]], [[-101.46636385207617, 20.65126132422552], [-101.46636326929432, 20.651225213816307]], [[-101.46636326929432, 20.651225213816307], [-101.46632490565912, 20.651225762364565]], [[-101.46632548843192, 20.65126187277482], [-101.46632490565912, 20.651225762364565]], [[-101.46632490565912, 20.651225762364565], [-101.46628654202267, 20.65122631090431]], [[-101.46628712478643, 20.651262421315614], [-101.46628654202267, 20.65122631090431]], [[-101.46628654202267, 20.65122631090431], [-101.46624817838499, 20.651226859435543]], [[-101.4662487611397, 20.651262969847892], [-101.46624817838499, 20.651226859435543]], [[-101.46624817838499, 20.651226859435543], [-101.46620981474602, 20.651227407958267]], [[-101.46621039749171, 20.651263518371653], [-101.46620981474602, 20.651227407958267]], [[-101.46620981474602, 20.651227407958267], [-101.46617145110582, 20.651227956472475]], [[-101.46617203384247, 20.651264066886906], [-101.46617145110582, 20.651227956472475]], [[-101.46617145110582, 20.651227956472475], [-101.46613308746439, 20.651228504978164]], [[-101.46613367019197, 20.651264615393643], [-101.46613308746439, 20.651228504978164]], [[-101.46613308746439, 20.651228504978164], [-101.46609472382168, 20.65122905347535]], [[-101.46609530654024, 20.651265163891875], [-101.46609472382168, 20.65122905347535]], [[-101.46609472382168, 20.65122905347535], [-101.46605636017775, 20.651229601964015]], [[-101.46605694288725, 20.651265712381576], [-101.46605636017775, 20.651229601964015]], [[-101.46605636017775, 20.651229601964015], [-101.46601799653256, 20.651230150444164]], [[-101.46601857923301, 20.65126626086278], [-101.46601799653256, 20.651230150444164]], [[-101.46601799653256, 20.651230150444164], [-101.4659796328861, 20.651230698915803]], [[-101.46598021557752, 20.65126680933546], [-101.4659796328861, 20.651230698915803]], [[-101.4659796328861, 20.651230698915803], [-101.46594126923841, 20.65123124737893]], [[-101.46594185192079, 20.65126735779963], [-101.46594126923841, 20.65123124737893]], [[-101.46594126923841, 20.65123124737893], [-101.46590290558946, 20.651231795833542]], [[-101.4659034882628, 20.65126790625529], [-101.46590290558946, 20.651231795833542]], [[-101.46590290558946, 20.651231795833542], [-101.46586454193927, 20.65123234427964]], [[-101.46586512460355, 20.651268454702432], [-101.46586454193927, 20.65123234427964]], [[-101.46586454193927, 20.65123234427964], [-101.46582617828783, 20.65123289271723]], [[-101.46582676094307, 20.65126900314106], [-101.46582617828783, 20.65123289271723]], [[-101.46582617828783, 20.65123289271723], [-101.46578781463514, 20.651233441146296]], [[-101.46578839728134, 20.651269551571175], [-101.46578781463514, 20.651233441146296]], [[-101.46578781463514, 20.651233441146296], [-101.46574945098119, 20.651233989566855]], [[-101.46575003361835, 20.651270099992782], [-101.46574945098119, 20.651233989566855]], [[-101.46574945098119, 20.651233989566855], [-101.465711087326, 20.651234537978905]], [[-101.4657116699541, 20.651270648405866], [-101.465711087326, 20.651234537978905]], [[-101.465711087326, 20.651234537978905], [-101.46567272366956, 20.651235086382435]], [[-101.46567330628864, 20.651271196810445], [-101.46567272366956, 20.651235086382435]], [[-101.46567272366956, 20.651235086382435], [-101.46563436001188, 20.65123563477745]], [[-101.46563494262189, 20.651271745206508], [-101.46563436001188, 20.65123563477745]], [[-101.46563436001188, 20.65123563477745], [-101.46559599635292, 20.651236183163952]], [[-101.46559657895392, 20.65127229359405], [-101.46559599635292, 20.651236183163952]], [[-101.46559599635292, 20.651236183163952], [-101.46555763269274, 20.651236731541946]], [[-101.46555821528469, 20.651272841973086], [-101.46555763269274, 20.651236731541946]], [[-101.46797454084385, 20.65120216710167], [-101.46797395768348, 20.651166056736173]], [[-101.46797395768348, 20.651166056736173], [-101.46793559410983, 20.65116660564096]], [[-101.46793617726117, 20.651202716007496], [-101.46793559410983, 20.65116660564096]], [[-101.46793559410983, 20.65116660564096], [-101.46789723053494, 20.651167154537223]], [[-101.46789781367724, 20.651203264904808], [-101.46789723053494, 20.651167154537223]], [[-101.46789723053494, 20.651167154537223], [-101.46785886695879, 20.65116770342498]], [[-101.46785945009204, 20.651203813793607], [-101.46785886695879, 20.65116770342498]], [[-101.46785886695879, 20.65116770342498], [-101.46782050338138, 20.65116825230422]], [[-101.4678210865056, 20.651204362673894], [-101.46782050338138, 20.65116825230422]], [[-101.46782050338138, 20.65116825230422], [-101.46778213980274, 20.65116880117495]], [[-101.4677827229179, 20.65120491154567], [-101.46778213980274, 20.65116880117495]], [[-101.46778213980274, 20.65116880117495], [-101.46774377622283, 20.651169350037165]], [[-101.46774435932896, 20.651205460408928], [-101.46774377622283, 20.651169350037165]], [[-101.46774377622283, 20.651169350037165], [-101.46770541264169, 20.651169898890867]], [[-101.46770599573877, 20.65120600926367], [-101.46770541264169, 20.651169898890867]], [[-101.46770541264169, 20.651169898890867], [-101.46766704905927, 20.651170447736053]], [[-101.46766763214731, 20.651206558109912], [-101.46766704905927, 20.651170447736053]], [[-101.46766704905927, 20.651170447736053], [-101.46762868547562, 20.65117099657273]], [[-101.46762926855463, 20.65120710694763], [-101.46762868547562, 20.65117099657273]], [[-101.46762868547562, 20.65117099657273], [-101.46759032189073, 20.651171545400885]], [[-101.46759090496067, 20.651207655776833], [-101.46759032189073, 20.651171545400885]], [[-101.46759032189073, 20.651171545400885], [-101.46755195830457, 20.651172094220534]], [[-101.46755254136548, 20.651208204597527], [-101.46755195830457, 20.651172094220534]], [[-101.46755195830457, 20.651172094220534], [-101.46751359471716, 20.65117264303167]], [[-101.46751417776905, 20.651208753409705], [-101.46751359471716, 20.65117264303167]], [[-101.46751359471716, 20.65117264303167], [-101.4674752311285, 20.651173191834292]], [[-101.46747581417134, 20.651209302213367], [-101.4674752311285, 20.651173191834292]], [[-101.4674752311285, 20.651173191834292], [-101.46743686753861, 20.6511737406284]], [[-101.46743745057239, 20.651209851008524], [-101.46743686753861, 20.6511737406284]], [[-101.46743686753861, 20.6511737406284], [-101.46739850394745, 20.651174289413994]], [[-101.4673990869722, 20.651210399795158], [-101.46739850394745, 20.651174289413994]], [[-101.46739850394745, 20.651174289413994], [-101.46736014035504, 20.651174838191075]], [[-101.46736072337075, 20.65121094857329], [-101.46736014035504, 20.651174838191075]], [[-101.46736014035504, 20.651174838191075], [-101.4673217767614, 20.65117538695964]], [[-101.46732235976806, 20.651211497342896], [-101.4673217767614, 20.65117538695964]], [[-101.4673217767614, 20.65117538695964], [-101.46728341316648, 20.651175935719692]], [[-101.4672839961641, 20.651212046103996], [-101.46728341316648, 20.651175935719692]], [[-101.46728341316648, 20.651175935719692], [-101.46724504957032, 20.65117648447123]], [[-101.4672456325589, 20.651212594856585], [-101.46724504957032, 20.65117648447123]], [[-101.46724504957032, 20.65117648447123], [-101.46720668597293, 20.651177033214257]], [[-101.46720726895246, 20.651213143600653], [-101.46720668597293, 20.651177033214257]], [[-101.46720668597293, 20.651177033214257], [-101.46716832237426, 20.65117758194877]], [[-101.46716890534476, 20.65121369233621], [-101.46716832237426, 20.65117758194877]], [[-101.46716832237426, 20.65117758194877], [-101.46712995877436, 20.651178130674772]], [[-101.46713054173581, 20.651214241063254], [-101.46712995877436, 20.651178130674772]], [[-101.46712995877436, 20.651178130674772], [-101.4670915951732, 20.651178679392256]], [[-101.46709217812561, 20.651214789781786], [-101.4670915951732, 20.651178679392256]], [[-101.4670915951732, 20.651178679392256], [-101.46705323157079, 20.651179228101228]], [[-101.46705381451416, 20.6512153384918], [-101.46705323157079, 20.651179228101228]], [[-101.46705323157079, 20.651179228101228], [-101.46701486796714, 20.651179776801687]], [[-101.46701545090146, 20.651215887193306], [-101.46701486796714, 20.651179776801687]], [[-101.46701486796714, 20.651179776801687], [-101.46697650436224, 20.65118032549363]], [[-101.4669770872875, 20.651216435886294], [-101.46697650436224, 20.65118032549363]], [[-101.46697650436224, 20.65118032549363], [-101.46693814075607, 20.651180874177065]], [[-101.46693872367231, 20.65121698457077], [-101.46693814075607, 20.651180874177065]], [[-101.46693814075607, 20.651180874177065], [-101.46689977714867, 20.65118142285198]], [[-101.46690036005586, 20.651217533246733], [-101.46689977714867, 20.65118142285198]], [[-101.46689977714867, 20.65118142285198], [-101.46686141354002, 20.65118197151839]], [[-101.46686199643815, 20.651218081914184], [-101.46686141354002, 20.65118197151839]], [[-101.46686141354002, 20.65118197151839], [-101.46682304993011, 20.651182520176274]], [[-101.46682363281921, 20.651218630573123], [-101.46682304993011, 20.651182520176274]], [[-101.46682304993011, 20.651182520176274], [-101.46678468631895, 20.651183068825652]], [[-101.46678526919901, 20.651219179223546], [-101.46678468631895, 20.651183068825652]], [[-101.46678468631895, 20.651183068825652], [-101.46674632270654, 20.651183617466522]], [[-101.46674690557757, 20.65121972786545], [-101.46674632270654, 20.651183617466522]], [[-101.46674632270654, 20.651183617466522], [-101.46670795909289, 20.651184166098872]], [[-101.46670854195486, 20.651220276498847], [-101.46670795909289, 20.651184166098872]], [[-101.46670795909289, 20.651184166098872], [-101.46666959547797, 20.65118471472271]], [[-101.46667017833092, 20.651220825123733], [-101.46666959547797, 20.65118471472271]], [[-101.46666959547797, 20.65118471472271], [-101.46663123186183, 20.651185263338032]], [[-101.4666318147057, 20.6512213737401], [-101.46663123186183, 20.651185263338032]], [[-101.46663123186183, 20.651185263338032], [-101.46659286824442, 20.651185811944845]], [[-101.46659345107926, 20.651221922347954], [-101.46659286824442, 20.651185811944845]], [[-101.46659286824442, 20.651185811944845], [-101.46655450462576, 20.651186360543146]], [[-101.46655508745157, 20.651222470947296], [-101.46655450462576, 20.651186360543146]], [[-101.46655450462576, 20.651186360543146], [-101.46651614100584, 20.651186909132925]], [[-101.46651672382262, 20.651223019538126], [-101.46651614100584, 20.651186909132925]], [[-101.46651614100584, 20.651186909132925], [-101.4664777773847, 20.6511874577142]], [[-101.46647836019241, 20.651223568120443], [-101.4664777773847, 20.6511874577142]], [[-101.4664777773847, 20.6511874577142], [-101.46643941376229, 20.651188006286954]], [[-101.46643999656096, 20.65122411669424], [-101.46643941376229, 20.651188006286954]], [[-101.46643941376229, 20.651188006286954], [-101.46640105013864, 20.6511885548512]], [[-101.46640163292827, 20.65122466525953], [-101.46640105013864, 20.6511885548512]], [[-101.46640105013864, 20.6511885548512], [-101.46636268651372, 20.651189103406928]], [[-101.46636326929432, 20.651225213816307], [-101.46636268651372, 20.651189103406928]], [[-101.46636268651372, 20.651189103406928], [-101.46632432288757, 20.65118965195414]], [[-101.46632490565912, 20.651225762364565], [-101.46632432288757, 20.65118965195414]], [[-101.46632432288757, 20.65118965195414], [-101.46628595926016, 20.651190200492845]], [[-101.46628654202267, 20.65122631090431], [-101.46628595926016, 20.651190200492845]], [[-101.46628595926016, 20.651190200492845], [-101.46624759563151, 20.65119074902304]], [[-101.46624817838499, 20.651226859435543], [-101.46624759563151, 20.65119074902304]], [[-101.46624759563151, 20.65119074902304], [-101.4662092320016, 20.65119129754471]], [[-101.46620981474602, 20.651227407958267], [-101.4662092320016, 20.65119129754471]], [[-101.4662092320016, 20.65119129754471], [-101.46617086837045, 20.651191846057873]], [[-101.46617145110582, 20.651227956472475], [-101.46617086837045, 20.651191846057873]], [[-101.46617086837045, 20.651191846057873], [-101.46613250473804, 20.65119239456253]], [[-101.46613308746439, 20.651228504978164], [-101.46613250473804, 20.65119239456253]], [[-101.46613250473804, 20.65119239456253], [-101.46609414110439, 20.651192943058657]], [[-101.46609472382168, 20.65122905347535], [-101.46609414110439, 20.651192943058657]], [[-101.46609414110439, 20.651192943058657], [-101.46605577746949, 20.651193491546284]], [[-101.46605636017775, 20.651229601964015], [-101.46605577746949, 20.651193491546284]], [[-101.46605577746949, 20.651193491546284], [-101.46601741383333, 20.65119404002539]], [[-101.46601799653256, 20.651230150444164], [-101.46601741383333, 20.65119404002539]], [[-101.46601741383333, 20.65119404002539], [-101.46597905019594, 20.651194588495983]], [[-101.4659796328861, 20.651230698915803], [-101.46597905019594, 20.651194588495983]], [[-101.46597905019594, 20.651194588495983], [-101.46594068655729, 20.65119513695807]], [[-101.46594126923841, 20.65123124737893], [-101.46594068655729, 20.65119513695807]], [[-101.46594068655729, 20.65119513695807], [-101.46590232291739, 20.651195685411633]], [[-101.46590290558946, 20.651231795833542], [-101.46590232291739, 20.651195685411633]], [[-101.46590232291739, 20.651195685411633], [-101.46586395927623, 20.651196233856684]], [[-101.46586454193927, 20.65123234427964], [-101.46586395927623, 20.651196233856684]], [[-101.46586395927623, 20.651196233856684], [-101.46582559563383, 20.65119678229323]], [[-101.46582617828783, 20.65123289271723], [-101.46582559563383, 20.65119678229323]], [[-101.46582559563383, 20.65119678229323], [-101.46578723199018, 20.651197330721253]], [[-101.46578781463514, 20.651233441146296], [-101.46578723199018, 20.651197330721253]], [[-101.46578723199018, 20.651197330721253], [-101.46574886834527, 20.65119787914077]], [[-101.46574945098119, 20.651233989566855], [-101.46574886834527, 20.65119787914077]], [[-101.46574886834527, 20.65119787914077], [-101.46571050469913, 20.65119842755177]], [[-101.465711087326, 20.651234537978905], [-101.46571050469913, 20.65119842755177]], [[-101.46571050469913, 20.65119842755177], [-101.46567214105173, 20.651198975954255]], [[-101.46567272366956, 20.651235086382435], [-101.46567214105173, 20.651198975954255]], [[-101.46567214105173, 20.651198975954255], [-101.46563377740308, 20.651199524348236]], [[-101.46563436001188, 20.65123563477745], [-101.46563377740308, 20.651199524348236]], [[-101.46797395768348, 20.651166056736173], [-101.46797337452436, 20.651129946370517]], [[-101.46797337452436, 20.651129946370517], [-101.46793501095975, 20.651130495274256]], [[-101.46793559410983, 20.65116660564096], [-101.46793501095975, 20.651130495274256]], [[-101.46793501095975, 20.651130495274256], [-101.46789664739389, 20.651131044169478]], [[-101.46789723053494, 20.651167154537223], [-101.46789664739389, 20.651131044169478]], [[-101.46789664739389, 20.651131044169478], [-101.46785828382679, 20.65113159305619]], [[-101.46785886695879, 20.65116770342498], [-101.46785828382679, 20.65113159305619]], [[-101.46785828382679, 20.65113159305619], [-101.46781992025842, 20.651132141934387]], [[-101.46782050338138, 20.65116825230422], [-101.46781992025842, 20.651132141934387]], [[-101.46781992025842, 20.651132141934387], [-101.4677815566888, 20.651132690804065]], [[-101.46778213980274, 20.65116880117495], [-101.4677815566888, 20.651132690804065]], [[-101.4677815566888, 20.651132690804065], [-101.46774319311795, 20.651133239665235]], [[-101.46774377622283, 20.651169350037165], [-101.46774319311795, 20.651133239665235]], [[-101.46774319311795, 20.651133239665235], [-101.46770482954585, 20.65113378851789]], [[-101.46770541264169, 20.651169898890867], [-101.46770482954585, 20.65113378851789]], [[-101.46770482954585, 20.65113378851789], [-101.46766646597248, 20.651134337362034]], [[-101.46766704905927, 20.651170447736053], [-101.46766646597248, 20.651134337362034]], [[-101.46766646597248, 20.651134337362034], [-101.46762810239788, 20.65113488619766]], [[-101.46762868547562, 20.65117099657273], [-101.46762810239788, 20.65113488619766]], [[-101.46762810239788, 20.65113488619766], [-101.46758973882201, 20.65113543502478]], [[-101.46759032189073, 20.651171545400885], [-101.46758973882201, 20.65113543502478]], [[-101.46758973882201, 20.65113543502478], [-101.46755137524491, 20.651135983843385]], [[-101.46755195830457, 20.651172094220534], [-101.46755137524491, 20.651135983843385]], [[-101.46755137524491, 20.651135983843385], [-101.46751301166654, 20.651136532653474]], [[-101.46751359471716, 20.65117264303167], [-101.46751301166654, 20.651136532653474]], [[-101.46751301166654, 20.651136532653474], [-101.46747464808693, 20.651137081455044]], [[-101.4674752311285, 20.651173191834292], [-101.46747464808693, 20.651137081455044]], [[-101.46747464808693, 20.651137081455044], [-101.46743628450608, 20.651137630248108]], [[-101.46743686753861, 20.6511737406284], [-101.46743628450608, 20.651137630248108]], [[-101.46743628450608, 20.651137630248108], [-101.46739792092396, 20.651138179032653]], [[-101.46739850394745, 20.651174289413994], [-101.46739792092396, 20.651138179032653]], [[-101.46739792092396, 20.651138179032653], [-101.4673595573406, 20.65113872780869]], [[-101.46736014035504, 20.651174838191075], [-101.4673595573406, 20.65113872780869]], [[-101.4673595573406, 20.65113872780869], [-101.46732119375598, 20.651139276576213]], [[-101.4673217767614, 20.65117538695964], [-101.46732119375598, 20.651139276576213]], [[-101.46732119375598, 20.651139276576213], [-101.46728283017012, 20.65113982533522]], [[-101.46728341316648, 20.651175935719692], [-101.46728283017012, 20.65113982533522]], [[-101.46728283017012, 20.65113982533522], [-101.46724446658301, 20.651140374085713]], [[-101.46724504957032, 20.65117648447123], [-101.46724446658301, 20.651140374085713]], [[-101.46724446658301, 20.651140374085713], [-101.46720610299465, 20.651140922827697]], [[-101.46720668597293, 20.651177033214257], [-101.46720610299465, 20.651140922827697]], [[-101.46720610299465, 20.651140922827697], [-101.46716773940503, 20.651141471561164]], [[-101.46716832237426, 20.65117758194877], [-101.46716773940503, 20.651141471561164]], [[-101.46716773940503, 20.651141471561164], [-101.46712937581417, 20.65114202028612]], [[-101.46712995877436, 20.651178130674772], [-101.46712937581417, 20.65114202028612]], [[-101.46712937581417, 20.65114202028612], [-101.46709101222206, 20.65114256900256]], [[-101.4670915951732, 20.651178679392256], [-101.46709101222206, 20.65114256900256]], [[-101.46709101222206, 20.65114256900256], [-101.4670526486287, 20.651143117710486]], [[-101.46705323157079, 20.651179228101228], [-101.4670526486287, 20.651143117710486]], [[-101.4670526486287, 20.651143117710486], [-101.46701428503407, 20.6511436664099]], [[-101.46701486796714, 20.651179776801687], [-101.46701428503407, 20.6511436664099]], [[-101.46701428503407, 20.6511436664099], [-101.46697592143822, 20.651144215100803]], [[-101.46697650436224, 20.65118032549363], [-101.46697592143822, 20.651144215100803]], [[-101.46697592143822, 20.651144215100803], [-101.46693755784109, 20.65114476378319]], [[-101.46693814075607, 20.651180874177065], [-101.46693755784109, 20.65114476378319]], [[-101.46693755784109, 20.65114476378319], [-101.46689919424273, 20.65114531245706]], [[-101.46689977714867, 20.65118142285198], [-101.46689919424273, 20.65114531245706]], [[-101.46689919424273, 20.65114531245706], [-101.46686083064311, 20.651145861122426]], [[-101.46686141354002, 20.65118197151839], [-101.46686083064311, 20.651145861122426]], [[-101.46686083064311, 20.651145861122426], [-101.46682246704226, 20.651146409779273]], [[-101.46682304993011, 20.651182520176274], [-101.46682246704226, 20.651146409779273]], [[-101.46682246704226, 20.651146409779273], [-101.46678410344015, 20.651146958427606]], [[-101.46678468631895, 20.651183068825652], [-101.46678410344015, 20.651146958427606]], [[-101.46678410344015, 20.651146958427606], [-101.46674573983677, 20.651147507067428]], [[-101.46674632270654, 20.651183617466522], [-101.46674573983677, 20.651147507067428]], [[-101.46674573983677, 20.651147507067428], [-101.46670737623215, 20.651148055698734]], [[-101.46670795909289, 20.651184166098872], [-101.46670737623215, 20.651148055698734]], [[-101.46670737623215, 20.651148055698734], [-101.46666901262628, 20.651148604321524]], [[-101.46666959547797, 20.65118471472271], [-101.46666901262628, 20.651148604321524]], [[-101.46666901262628, 20.651148604321524], [-101.46663064901918, 20.651149152935805]], [[-101.46663123186183, 20.651185263338032], [-101.46663064901918, 20.651149152935805]], [[-101.46663064901918, 20.651149152935805], [-101.46659228541081, 20.65114970154157]], [[-101.46659286824442, 20.651185811944845], [-101.46659228541081, 20.65114970154157]], [[-101.46659228541081, 20.65114970154157], [-101.46655392180121, 20.65115025013882]], [[-101.46655450462576, 20.651186360543146], [-101.46655392180121, 20.65115025013882]], [[-101.46655392180121, 20.65115025013882], [-101.46651555819034, 20.651150798727564]], [[-101.46651614100584, 20.651186909132925], [-101.46651555819034, 20.651150798727564]], [[-101.46651555819034, 20.651150798727564], [-101.46647719457822, 20.65115134730779]], [[-101.4664777773847, 20.6511874577142], [-101.46647719457822, 20.65115134730779]], [[-101.46647719457822, 20.65115134730779], [-101.46643883096486, 20.6511518958795]], [[-101.46643941376229, 20.651188006286954], [-101.46643883096486, 20.6511518958795]], [[-101.46643883096486, 20.6511518958795], [-101.46640046735024, 20.6511524444427]], [[-101.46640105013864, 20.6511885548512], [-101.46640046735024, 20.6511524444427]], [[-101.46640046735024, 20.6511524444427], [-101.46636210373438, 20.651152992997382]], [[-101.46636268651372, 20.651189103406928], [-101.46636210373438, 20.651152992997382]], [[-101.46636210373438, 20.651152992997382], [-101.46632374011726, 20.651153541543554]], [[-101.46632432288757, 20.65118965195414], [-101.46632374011726, 20.651153541543554]], [[-101.46632374011726, 20.651153541543554], [-101.4662853764989, 20.651154090081214]], [[-101.46628595926016, 20.651190200492845], [-101.4662853764989, 20.651154090081214]], [[-101.4662853764989, 20.651154090081214], [-101.4662470128793, 20.651154638610354]], [[-101.46624759563151, 20.65119074902304], [-101.4662470128793, 20.651154638610354]], [[-101.4662470128793, 20.651154638610354], [-101.46620864925843, 20.651155187130993]], [[-101.4662092320016, 20.65119129754471], [-101.46620864925843, 20.651155187130993]], [[-101.46620864925843, 20.651155187130993], [-101.46617028563632, 20.651155735643105]], [[-101.46617086837045, 20.651191846057873], [-101.46617028563632, 20.651155735643105]], [[-101.46617028563632, 20.651155735643105], [-101.46613192201296, 20.651156284146715]], [[-101.46613250473804, 20.65119239456253], [-101.46613192201296, 20.651156284146715]], [[-101.46613192201296, 20.651156284146715], [-101.46609355838835, 20.651156832641806]], [[-101.46609414110439, 20.651192943058657], [-101.46609355838835, 20.651156832641806]], [[-101.46609355838835, 20.651156832641806], [-101.46605519476249, 20.65115738112838]], [[-101.46605577746949, 20.651193491546284], [-101.46605519476249, 20.65115738112838]], [[-101.46605519476249, 20.65115738112838], [-101.46601683113536, 20.651157929606445]], [[-101.46601741383333, 20.65119404002539], [-101.46601683113536, 20.651157929606445]], [[-101.46601683113536, 20.651157929606445], [-101.46597846750701, 20.651158478075995]], [[-101.46597905019594, 20.651194588495983], [-101.46597846750701, 20.651158478075995]], [[-101.46597846750701, 20.651158478075995], [-101.4659401038774, 20.65115902653703]], [[-101.46594068655729, 20.65119513695807], [-101.4659401038774, 20.65115902653703]], [[-101.4659401038774, 20.65115902653703], [-101.46590174024655, 20.651159574989556]], [[-101.46590232291739, 20.651195685411633], [-101.46590174024655, 20.651159574989556]], [[-101.46590174024655, 20.651159574989556], [-101.46586337661444, 20.65116012343357]], [[-101.46586395927623, 20.651196233856684], [-101.46586337661444, 20.65116012343357]], [[-101.46586337661444, 20.65116012343357], [-101.46582501298109, 20.65116067186906]], [[-101.46582559563383, 20.65119678229323], [-101.46582501298109, 20.65116067186906]], [[-101.46582501298109, 20.65116067186906], [-101.46578664934647, 20.65116122029605]], [[-101.46578723199018, 20.651197330721253], [-101.46578664934647, 20.65116122029605]], [[-101.46578664934647, 20.65116122029605], [-101.46574828571062, 20.651161768714516]], [[-101.46574886834527, 20.65119787914077], [-101.46574828571062, 20.651161768714516]], [[-101.46574828571062, 20.651161768714516], [-101.4657099220735, 20.651162317124474]], [[-101.46571050469913, 20.65119842755177], [-101.4657099220735, 20.651162317124474]], [[-101.4657099220735, 20.651162317124474], [-101.46567155843516, 20.65116286552591]], [[-101.46567214105173, 20.651198975954255], [-101.46567155843516, 20.65116286552591]], [[-101.46801173808771, 20.65112939745827], [-101.46797337452436, 20.651129946370517]], [[-101.46801173808771, 20.65112939745827], [-101.46801115492079, 20.651093287093484]], [[-101.46801115492079, 20.651093287093484], [-101.46797279136648, 20.651093836004687]], [[-101.46797337452436, 20.651129946370517], [-101.46797279136648, 20.651093836004687]], [[-101.46797279136648, 20.651093836004687], [-101.46793442781092, 20.651094384907378]], [[-101.46793501095975, 20.651130495274256], [-101.46793442781092, 20.651094384907378]], [[-101.46793442781092, 20.651094384907378], [-101.4678960642541, 20.65109493380156]], [[-101.46789664739389, 20.651131044169478], [-101.4678960642541, 20.65109493380156]], [[-101.4678960642541, 20.65109493380156], [-101.46785770069603, 20.65109548268722]], [[-101.46785828382679, 20.65113159305619], [-101.46785770069603, 20.65109548268722]], [[-101.46785770069603, 20.65109548268722], [-101.46781933713672, 20.651096031564375]], [[-101.46781992025842, 20.651132141934387], [-101.46781933713672, 20.651096031564375]], [[-101.46781933713672, 20.651096031564375], [-101.46778097357614, 20.65109658043301]], [[-101.4677815566888, 20.651132690804065], [-101.46778097357614, 20.65109658043301]], [[-101.46778097357614, 20.65109658043301], [-101.46774261001434, 20.65109712929314]], [[-101.46774319311795, 20.651133239665235], [-101.46774261001434, 20.65109712929314]], [[-101.46774261001434, 20.65109712929314], [-101.46770424645126, 20.651097678144748]], [[-101.46770482954585, 20.65113378851789], [-101.46770424645126, 20.651097678144748]], [[-101.46770424645126, 20.651097678144748], [-101.46766588288695, 20.651098226987845]], [[-101.46766646597248, 20.651134337362034], [-101.46766588288695, 20.651098226987845]], [[-101.46766588288695, 20.651098226987845], [-101.46762751932138, 20.65109877582243]], [[-101.46762810239788, 20.65113488619766], [-101.46762751932138, 20.65109877582243]], [[-101.46762751932138, 20.65109877582243], [-101.46758915575457, 20.651099324648502]], [[-101.46758973882201, 20.65113543502478], [-101.46758915575457, 20.651099324648502]], [[-101.46758915575457, 20.651099324648502], [-101.4675507921865, 20.65109987346606]], [[-101.46755137524491, 20.651135983843385], [-101.4675507921865, 20.65109987346606]], [[-101.4675507921865, 20.65109987346606], [-101.46751242861718, 20.6511004222751]], [[-101.46751301166654, 20.651136532653474], [-101.46751242861718, 20.6511004222751]], [[-101.46751242861718, 20.6511004222751], [-101.4674740650466, 20.65110097107563]], [[-101.46747464808693, 20.651137081455044], [-101.4674740650466, 20.65110097107563]], [[-101.4674740650466, 20.65110097107563], [-101.4674357014748, 20.651101519867648]], [[-101.46743628450608, 20.651137630248108], [-101.4674357014748, 20.651101519867648]], [[-101.4674357014748, 20.651101519867648], [-101.46739733790172, 20.651102068651152]], [[-101.46739792092396, 20.651138179032653], [-101.46739733790172, 20.651102068651152]], [[-101.46739733790172, 20.651102068651152], [-101.4673589743274, 20.651102617426137]], [[-101.4673595573406, 20.65113872780869], [-101.4673589743274, 20.651102617426137]], [[-101.4673589743274, 20.651102617426137], [-101.46732061075183, 20.65110316619262]], [[-101.46732119375598, 20.651139276576213], [-101.46732061075183, 20.65110316619262]], [[-101.46732061075183, 20.65110316619262], [-101.467282247175, 20.65110371495058]], [[-101.46728283017012, 20.65113982533522], [-101.467282247175, 20.65110371495058]], [[-101.467282247175, 20.65110371495058], [-101.46724388359694, 20.65110426370003]], [[-101.46724446658301, 20.651140374085713], [-101.46724388359694, 20.65110426370003]], [[-101.46724388359694, 20.65110426370003], [-101.46720552001761, 20.651104812440973]], [[-101.46720610299465, 20.651140922827697], [-101.46720552001761, 20.651104812440973]], [[-101.46720552001761, 20.651104812440973], [-101.46716715643704, 20.651105361173393]], [[-101.46716773940503, 20.651141471561164], [-101.46716715643704, 20.651105361173393]], [[-101.46716715643704, 20.651105361173393], [-101.46712879285522, 20.651105909897296]], [[-101.46712937581417, 20.65114202028612], [-101.46712879285522, 20.651105909897296]], [[-101.46712879285522, 20.651105909897296], [-101.46709042927216, 20.6511064586127]], [[-101.46709101222206, 20.65114256900256], [-101.46709042927216, 20.6511064586127]], [[-101.46709042927216, 20.6511064586127], [-101.46705206568782, 20.65110700731958]], [[-101.4670526486287, 20.651143117710486], [-101.46705206568782, 20.65110700731958]], [[-101.46705206568782, 20.65110700731958], [-101.46701370210226, 20.651107556017944]], [[-101.46701428503407, 20.6511436664099], [-101.46701370210226, 20.651107556017944]], [[-101.46701370210226, 20.651107556017944], [-101.46697533851544, 20.651108104707806]], [[-101.46697592143822, 20.651144215100803], [-101.46697533851544, 20.651108104707806]], [[-101.46697533851544, 20.651108104707806], [-101.46693697492736, 20.651108653389148]], [[-101.46693755784109, 20.65114476378319], [-101.46693697492736, 20.651108653389148]], [[-101.46693697492736, 20.651108653389148], [-101.46689861133804, 20.65110920206197]], [[-101.46689919424273, 20.65114531245706], [-101.46689861133804, 20.65110920206197]], [[-101.46689861133804, 20.65110920206197], [-101.46686024774748, 20.651109750726288]], [[-101.46686083064311, 20.651145861122426], [-101.46686024774748, 20.651109750726288]], [[-101.46686024774748, 20.651109750726288], [-101.46682188415565, 20.651110299382093]], [[-101.46682246704226, 20.651146409779273], [-101.46682188415565, 20.651110299382093]], [[-101.46682188415565, 20.651110299382093], [-101.46678352056257, 20.651110848029376]], [[-101.46678410344015, 20.651146958427606], [-101.46678352056257, 20.651110848029376]], [[-101.46678352056257, 20.651110848029376], [-101.46674515696826, 20.651111396668156]], [[-101.46674573983677, 20.651147507067428], [-101.46674515696826, 20.651111396668156]], [[-101.46674515696826, 20.651111396668156], [-101.46670679337268, 20.651111945298418]], [[-101.46670737623215, 20.651148055698734], [-101.46670679337268, 20.651111945298418]], [[-101.46670679337268, 20.651111945298418], [-101.46666842977586, 20.65111249392017]], [[-101.46666901262628, 20.651148604321524], [-101.46666842977586, 20.65111249392017]], [[-101.46666842977586, 20.65111249392017], [-101.46663006617779, 20.651113042533403]], [[-101.46663064901918, 20.651149152935805], [-101.46663006617779, 20.651113042533403]], [[-101.46663006617779, 20.651113042533403], [-101.46659170257847, 20.651113591138124]], [[-101.46659228541081, 20.65114970154157], [-101.46659170257847, 20.651113591138124]], [[-101.46659170257847, 20.651113591138124], [-101.46655333897789, 20.65111413973433]], [[-101.46655392180121, 20.65115025013882], [-101.46655333897789, 20.65111413973433]], [[-101.46655333897789, 20.65111413973433], [-101.46651497537607, 20.65111468832202]], [[-101.46651555819034, 20.651150798727564], [-101.46651497537607, 20.65111468832202]], [[-101.46651497537607, 20.65111468832202], [-101.46647661177299, 20.65111523690121]], [[-101.46647719457822, 20.65115134730779], [-101.46647661177299, 20.65111523690121]], [[-101.46647661177299, 20.65111523690121], [-101.46643824816869, 20.651115785471877]], [[-101.46643883096486, 20.6511518958795], [-101.46643824816869, 20.651115785471877]], [[-101.46643824816869, 20.651115785471877], [-101.4663998845631, 20.651116334034025]], [[-101.46640046735024, 20.6511524444427], [-101.4663998845631, 20.651116334034025]], [[-101.4663998845631, 20.651116334034025], [-101.4663615209563, 20.651116882587672]], [[-101.46636210373438, 20.651152992997382], [-101.4663615209563, 20.651116882587672]], [[-101.4663615209563, 20.651116882587672], [-101.46632315734821, 20.651117431132796]], [[-101.46632374011726, 20.651153541543554], [-101.46632315734821, 20.651117431132796]], [[-101.46632315734821, 20.651117431132796], [-101.4662847937389, 20.65111797966941]], [[-101.4662853764989, 20.651154090081214], [-101.4662847937389, 20.65111797966941]], [[-101.4662847937389, 20.65111797966941], [-101.46624643012834, 20.65111852819751]], [[-101.4662470128793, 20.651154638610354], [-101.46624643012834, 20.65111852819751]], [[-101.46624643012834, 20.65111852819751], [-101.46620806651651, 20.6511190767171]], [[-101.46620864925843, 20.651155187130993], [-101.46620806651651, 20.6511190767171]], [[-101.46620806651651, 20.6511190767171], [-101.46616970290344, 20.651119625228173]], [[-101.46617028563632, 20.651155735643105], [-101.46616970290344, 20.651119625228173]], [[-101.46616970290344, 20.651119625228173], [-101.46613133928912, 20.65112017373073]], [[-101.46613192201296, 20.651156284146715], [-101.46613133928912, 20.65112017373073]], [[-101.46613133928912, 20.65112017373073], [-101.46609297567355, 20.651120722224782]], [[-101.46609355838835, 20.651156832641806], [-101.46609297567355, 20.651120722224782]], [[-101.46609297567355, 20.651120722224782], [-101.46605461205674, 20.651121270710313]], [[-101.46605519476249, 20.65115738112838], [-101.46605461205674, 20.651121270710313]], [[-101.46605461205674, 20.651121270710313], [-101.46601624843866, 20.65112181918733]], [[-101.46601683113536, 20.651157929606445], [-101.46601624843866, 20.65112181918733]], [[-101.46601624843866, 20.65112181918733], [-101.46597788481935, 20.651122367655834]], [[-101.46597846750701, 20.651158478075995], [-101.46597788481935, 20.651122367655834]], [[-101.46597788481935, 20.651122367655834], [-101.46593952119878, 20.651122916115828]], [[-101.4659401038774, 20.65115902653703], [-101.46593952119878, 20.651122916115828]], [[-101.46593952119878, 20.651122916115828], [-101.46590115757697, 20.651123464567313]], [[-101.46590174024655, 20.651159574989556], [-101.46590115757697, 20.651123464567313]], [[-101.46590115757697, 20.651123464567313], [-101.4658627939539, 20.65112401301028]], [[-101.46586337661444, 20.65116012343357], [-101.4658627939539, 20.65112401301028]], [[-101.4658627939539, 20.65112401301028], [-101.46582443032958, 20.651124561444725]], [[-101.46582501298109, 20.65116067186906], [-101.46582443032958, 20.651124561444725]], [[-101.46582443032958, 20.651124561444725], [-101.46578606670403, 20.65112510987067]], [[-101.46578664934647, 20.65116122029605], [-101.46578606670403, 20.65112510987067]], [[-101.46578606670403, 20.65112510987067], [-101.4657477030772, 20.65112565828809]], [[-101.46574828571062, 20.651161768714516], [-101.4657477030772, 20.65112565828809]], [[-101.4657477030772, 20.65112565828809], [-101.46570933944915, 20.651126206697008]], [[-101.4657099220735, 20.651162317124474], [-101.46570933944915, 20.651126206697008]], [[-101.46801115492079, 20.651093287093484], [-101.46801057175512, 20.651057176728532]], [[-101.46801057175512, 20.651057176728532], [-101.46797220820984, 20.651057725638694]], [[-101.46797279136648, 20.651093836004687], [-101.46797220820984, 20.651057725638694]], [[-101.46797220820984, 20.651057725638694], [-101.46793384466332, 20.65105827454034]], [[-101.46793442781092, 20.651094384907378], [-101.46793384466332, 20.65105827454034]], [[-101.46793384466332, 20.65105827454034], [-101.46789548111556, 20.651058823433477]], [[-101.4678960642541, 20.65109493380156], [-101.46789548111556, 20.651058823433477]], [[-101.46789548111556, 20.651058823433477], [-101.46785711756652, 20.651059372318095]], [[-101.46785770069603, 20.65109548268722], [-101.46785711756652, 20.651059372318095]], [[-101.46785711756652, 20.651059372318095], [-101.46781875401626, 20.6510599211942]], [[-101.46781933713672, 20.651096031564375], [-101.46781875401626, 20.6510599211942]], [[-101.46781875401626, 20.6510599211942], [-101.46778039046472, 20.651060470061793]], [[-101.46778097357614, 20.65109658043301], [-101.46778039046472, 20.651060470061793]], [[-101.46778039046472, 20.651060470061793], [-101.46774202691196, 20.65106101892087]], [[-101.46774261001434, 20.65109712929314], [-101.46774202691196, 20.65106101892087]], [[-101.46774202691196, 20.65106101892087], [-101.46770366335794, 20.651061567771436]], [[-101.46770424645126, 20.651097678144748], [-101.46770366335794, 20.651061567771436]], [[-101.46770366335794, 20.651061567771436], [-101.46766529980266, 20.65106211661349]], [[-101.46766588288695, 20.651098226987845], [-101.46766529980266, 20.65106211661349]], [[-101.46766529980266, 20.65106211661349], [-101.46762693624613, 20.65106266544703]], [[-101.46762751932138, 20.65109877582243], [-101.46762693624613, 20.65106266544703]], [[-101.46762693624613, 20.65106266544703], [-101.46758857268837, 20.651063214272053]], [[-101.46758915575457, 20.651099324648502], [-101.46758857268837, 20.651063214272053]], [[-101.46758857268837, 20.651063214272053], [-101.46755020912934, 20.65106376308857]], [[-101.4675507921865, 20.65109987346606], [-101.46755020912934, 20.65106376308857]], [[-101.46755020912934, 20.65106376308857], [-101.46751184556905, 20.651064311896565]], [[-101.46751242861718, 20.6511004222751], [-101.46751184556905, 20.651064311896565]], [[-101.46751184556905, 20.651064311896565], [-101.46747348200753, 20.65106486069605]], [[-101.4674740650466, 20.65110097107563], [-101.46747348200753, 20.65106486069605]], [[-101.46747348200753, 20.65106486069605], [-101.46743511844475, 20.65106540948703]], [[-101.4674357014748, 20.651101519867648], [-101.46743511844475, 20.65106540948703]], [[-101.46743511844475, 20.65106540948703], [-101.46739675488072, 20.651065958269484]], [[-101.46739733790172, 20.651102068651152], [-101.46739675488072, 20.651065958269484]], [[-101.46739675488072, 20.651065958269484], [-101.46735839131544, 20.65106650704343]], [[-101.4673589743274, 20.651102617426137], [-101.46735839131544, 20.65106650704343]], [[-101.46735839131544, 20.65106650704343], [-101.46732002774891, 20.651067055808863]], [[-101.46732061075183, 20.65110316619262], [-101.46732002774891, 20.651067055808863]], [[-101.46732002774891, 20.651067055808863], [-101.46728166418113, 20.651067604565778]], [[-101.467282247175, 20.65110371495058], [-101.46728166418113, 20.651067604565778]], [[-101.46728166418113, 20.651067604565778], [-101.46724330061211, 20.65106815331418]], [[-101.46724388359694, 20.65110426370003], [-101.46724330061211, 20.65106815331418]], [[-101.46724330061211, 20.65106815331418], [-101.46720493704184, 20.651068702054076]], [[-101.46720552001761, 20.651104812440973], [-101.46720493704184, 20.651068702054076]], [[-101.46720493704184, 20.651068702054076], [-101.46716657347031, 20.651069250785454]], [[-101.46716715643704, 20.651105361173393], [-101.46716657347031, 20.651069250785454]], [[-101.46716657347031, 20.651069250785454], [-101.46712820989752, 20.651069799508313]], [[-101.46712879285522, 20.651105909897296], [-101.46712820989752, 20.651069799508313]], [[-101.46712820989752, 20.651069799508313], [-101.46708984632349, 20.651070348222664]], [[-101.46709042927216, 20.6511064586127], [-101.46708984632349, 20.651070348222664]], [[-101.46708984632349, 20.651070348222664], [-101.46705148274822, 20.65107089692851]], [[-101.46705206568782, 20.65110700731958], [-101.46705148274822, 20.65107089692851]], [[-101.46705148274822, 20.65107089692851], [-101.46701311917168, 20.65107144562583]], [[-101.46701370210226, 20.651107556017944], [-101.46701311917168, 20.65107144562583]], [[-101.46701311917168, 20.65107144562583], [-101.46697475559391, 20.65107199431464]], [[-101.46697533851544, 20.651108104707806], [-101.46697475559391, 20.65107199431464]], [[-101.46697475559391, 20.65107199431464], [-101.46693639201489, 20.65107254299494]], [[-101.46693697492736, 20.651108653389148], [-101.46693639201489, 20.65107254299494]], [[-101.46693639201489, 20.65107254299494], [-101.4668980284346, 20.651073091666724]], [[-101.46689861133804, 20.65110920206197], [-101.4668980284346, 20.651073091666724]], [[-101.4668980284346, 20.651073091666724], [-101.46685966485308, 20.651073640329997]], [[-101.46686024774748, 20.651109750726288], [-101.46685966485308, 20.651073640329997]], [[-101.46685966485308, 20.651073640329997], [-101.46682130127029, 20.651074188984754]], [[-101.46682188415565, 20.651110299382093], [-101.46682130127029, 20.651074188984754]], [[-101.46682130127029, 20.651074188984754], [-101.46678293768626, 20.651074737630992]], [[-101.46678352056257, 20.651110848029376], [-101.46678293768626, 20.651074737630992]], [[-101.46678293768626, 20.651074737630992], [-101.46674457410099, 20.651075286268725]], [[-101.46674515696826, 20.651111396668156], [-101.46674457410099, 20.651075286268725]], [[-101.46674457410099, 20.651075286268725], [-101.46670621051446, 20.651075834897945]], [[-101.46670679337268, 20.651111945298418], [-101.46670621051446, 20.651075834897945]], [[-101.46670621051446, 20.651075834897945], [-101.46666784692667, 20.65107638351865]], [[-101.46666842977586, 20.65111249392017], [-101.46666784692667, 20.65107638351865]], [[-101.46666784692667, 20.65107638351865], [-101.46662948333764, 20.651076932130838]], [[-101.46663006617779, 20.651113042533403], [-101.46662948333764, 20.651076932130838]], [[-101.46662948333764, 20.651076932130838], [-101.46659111974736, 20.651077480734514]], [[-101.46659170257847, 20.651113591138124], [-101.46659111974736, 20.651077480734514]], [[-101.46659111974736, 20.651077480734514], [-101.46655275615583, 20.65107802932968]], [[-101.46655333897789, 20.65111413973433], [-101.46655275615583, 20.65107802932968]], [[-101.46655275615583, 20.65107802932968], [-101.46651439256306, 20.651078577916326]], [[-101.46651497537607, 20.65111468832202], [-101.46651439256306, 20.651078577916326]], [[-101.46651439256306, 20.651078577916326], [-101.46647602896904, 20.651079126494462]], [[-101.46647661177299, 20.65111523690121], [-101.46647602896904, 20.651079126494462]], [[-101.46647602896904, 20.651079126494462], [-101.46643766537375, 20.651079675064093]], [[-101.46643824816869, 20.651115785471877], [-101.46643766537375, 20.651079675064093]], [[-101.46643766537375, 20.651079675064093], [-101.46639930177722, 20.6510802236252]], [[-101.4663998845631, 20.651116334034025], [-101.46639930177722, 20.6510802236252]], [[-101.46639930177722, 20.6510802236252], [-101.46636093817945, 20.651080772177792]], [[-101.4663615209563, 20.651116882587672], [-101.46636093817945, 20.651080772177792]], [[-101.46636093817945, 20.651080772177792], [-101.46632257458042, 20.651081320721875]], [[-101.46632315734821, 20.651117431132796], [-101.46632257458042, 20.651081320721875]], [[-101.46632257458042, 20.651081320721875], [-101.46628421098013, 20.651081869257446]], [[-101.4662847937389, 20.65111797966941], [-101.46628421098013, 20.651081869257446]], [[-101.46628421098013, 20.651081869257446], [-101.4662458473786, 20.6510824177845]], [[-101.46624643012834, 20.65111852819751], [-101.4662458473786, 20.6510824177845]], [[-101.4662458473786, 20.6510824177845], [-101.46620748377583, 20.651082966303044]], [[-101.46620806651651, 20.6511190767171], [-101.46620748377583, 20.651082966303044]], [[-101.46620748377583, 20.651082966303044], [-101.4661691201718, 20.651083514813074]], [[-101.46616970290344, 20.651119625228173], [-101.4661691201718, 20.651083514813074]], [[-101.4661691201718, 20.651083514813074], [-101.46613075656653, 20.651084063314585]], [[-101.46613133928912, 20.65112017373073], [-101.46613075656653, 20.651084063314585]], [[-101.46613075656653, 20.651084063314585], [-101.46609239296001, 20.65108461180759]], [[-101.46609297567355, 20.651120722224782], [-101.46609239296001, 20.65108461180759]], [[-101.46609239296001, 20.65108461180759], [-101.46605402935222, 20.65108516029208]], [[-101.46605461205674, 20.651121270710313], [-101.46605402935222, 20.65108516029208]], [[-101.46605402935222, 20.65108516029208], [-101.4660156657432, 20.65108570876805]], [[-101.46601624843866, 20.65112181918733], [-101.4660156657432, 20.65108570876805]], [[-101.4660156657432, 20.65108570876805], [-101.46597730213293, 20.651086257235516]], [[-101.46597788481935, 20.651122367655834], [-101.46597730213293, 20.651086257235516]], [[-101.46597730213293, 20.651086257235516], [-101.4659389385214, 20.65108680569446]], [[-101.46593952119878, 20.651122916115828], [-101.4659389385214, 20.65108680569446]], [[-101.4659389385214, 20.65108680569446], [-101.46590057490863, 20.6510873541449]], [[-101.46590115757697, 20.651123464567313], [-101.46590057490863, 20.6510873541449]], [[-101.46590057490863, 20.6510873541449], [-101.4658622112946, 20.65108790258682]], [[-101.4658627939539, 20.65112401301028], [-101.4658622112946, 20.65108790258682]], [[-101.4658622112946, 20.65108790258682], [-101.46582384767933, 20.651088451020225]], [[-101.46582443032958, 20.651124561444725], [-101.46582384767933, 20.651088451020225]], [[-101.46582384767933, 20.651088451020225], [-101.46578548406282, 20.651088999445122]], [[-101.46578606670403, 20.65112510987067], [-101.46578548406282, 20.651088999445122]], [[-101.46578548406282, 20.651088999445122], [-101.46574712044503, 20.651089547861503]], [[-101.4657477030772, 20.65112565828809], [-101.46574712044503, 20.651089547861503]], [[-101.46801057175512, 20.651057176728532], [-101.4680099885907, 20.651021066363423]], [[-101.4680099885907, 20.651021066363423], [-101.46797162505446, 20.651021615272537]], [[-101.46797220820984, 20.651057725638694], [-101.46797162505446, 20.651021615272537]], [[-101.46797162505446, 20.651021615272537], [-101.46793326151698, 20.651022164173135]], [[-101.46793384466332, 20.65105827454034], [-101.46793326151698, 20.651022164173135]], [[-101.46793326151698, 20.651022164173135], [-101.46789489797825, 20.651022713065224]], [[-101.46789548111556, 20.651058823433477], [-101.46789489797825, 20.651022713065224]], [[-101.46789489797825, 20.651022713065224], [-101.46785653443828, 20.651023261948797]], [[-101.46785711756652, 20.651059372318095], [-101.46785653443828, 20.651023261948797]], [[-101.46785653443828, 20.651023261948797], [-101.46781817089705, 20.65102381082386]], [[-101.46781875401626, 20.6510599211942], [-101.46781817089705, 20.65102381082386]], [[-101.46781817089705, 20.65102381082386], [-101.46777980735456, 20.651024359690407]], [[-101.46778039046472, 20.651060470061793], [-101.46777980735456, 20.651024359690407]], [[-101.46777980735456, 20.651024359690407], [-101.46774144381084, 20.65102490854844]], [[-101.46774202691196, 20.65106101892087], [-101.46774144381084, 20.65102490854844]], [[-101.46774144381084, 20.65102490854844], [-101.46770308026585, 20.65102545739796]], [[-101.46770366335794, 20.651061567771436], [-101.46770308026585, 20.65102545739796]], [[-101.46770308026585, 20.65102545739796], [-101.46766471671963, 20.65102600623897]], [[-101.46766529980266, 20.65106211661349], [-101.46766471671963, 20.65102600623897]], [[-101.46766471671963, 20.65102600623897], [-101.46762635317214, 20.651026555071468]], [[-101.46762693624613, 20.65106266544703], [-101.46762635317214, 20.651026555071468]], [[-101.46762635317214, 20.651026555071468], [-101.46758798962341, 20.651027103895444]], [[-101.46758857268837, 20.651063214272053], [-101.46758798962341, 20.651027103895444]], [[-101.46758798962341, 20.651027103895444], [-101.46754962607342, 20.651027652710912]], [[-101.46755020912934, 20.65106376308857], [-101.46754962607342, 20.651027652710912]], [[-101.46754962607342, 20.651027652710912], [-101.46751126252218, 20.651028201517864]], [[-101.46751184556905, 20.651064311896565], [-101.46751126252218, 20.651028201517864]], [[-101.46751126252218, 20.651028201517864], [-101.4674728989697, 20.651028750316303]], [[-101.46747348200753, 20.65106486069605], [-101.4674728989697, 20.651028750316303]], [[-101.4674728989697, 20.651028750316303], [-101.46743453541596, 20.651029299106234]], [[-101.46743511844475, 20.65106540948703], [-101.46743453541596, 20.651029299106234]], [[-101.46743453541596, 20.651029299106234], [-101.46739617186098, 20.651029847887646]], [[-101.46739675488072, 20.651065958269484], [-101.46739617186098, 20.651029847887646]], [[-101.46739617186098, 20.651029847887646], [-101.46735780830475, 20.651030396660545]], [[-101.46735839131544, 20.65106650704343], [-101.46735780830475, 20.651030396660545]], [[-101.46735780830475, 20.651030396660545], [-101.46731944474726, 20.65103094542493]], [[-101.46732002774891, 20.651067055808863], [-101.46731944474726, 20.65103094542493]], [[-101.46731944474726, 20.65103094542493], [-101.46728108118853, 20.651031494180806]], [[-101.46728166418113, 20.651067604565778], [-101.46728108118853, 20.651031494180806]], [[-101.46728108118853, 20.651031494180806], [-101.46724271762854, 20.65103204292817]], [[-101.46724330061211, 20.65106815331418], [-101.46724271762854, 20.65103204292817]], [[-101.46724271762854, 20.65103204292817], [-101.4672043540673, 20.651032591667015]], [[-101.46720493704184, 20.651068702054076], [-101.4672043540673, 20.651032591667015]], [[-101.4672043540673, 20.651032591667015], [-101.46716599050482, 20.651033140397345]], [[-101.46716657347031, 20.651069250785454], [-101.46716599050482, 20.651033140397345]], [[-101.46716599050482, 20.651033140397345], [-101.46712762694108, 20.651033689119167]], [[-101.46712820989752, 20.651069799508313], [-101.46712762694108, 20.651033689119167]], [[-101.46712762694108, 20.651033689119167], [-101.4670892633761, 20.651034237832476]], [[-101.46708984632349, 20.651070348222664], [-101.4670892633761, 20.651034237832476]], [[-101.4670892633761, 20.651034237832476], [-101.46705089980986, 20.651034786537267]], [[-101.46705148274822, 20.65107089692851], [-101.46705089980986, 20.651034786537267]], [[-101.46705089980986, 20.651034786537267], [-101.46701253624238, 20.651035335233548]], [[-101.46701311917168, 20.65107144562583], [-101.46701253624238, 20.651035335233548]], [[-101.46701253624238, 20.651035335233548], [-101.46697417267363, 20.651035883921313]], [[-101.46697475559391, 20.65107199431464], [-101.46697417267363, 20.651035883921313]], [[-101.46697417267363, 20.651035883921313], [-101.46693580910365, 20.651036432600563]], [[-101.46693639201489, 20.65107254299494], [-101.46693580910365, 20.651036432600563]], [[-101.46693580910365, 20.651036432600563], [-101.46689744553241, 20.651036981271307]], [[-101.4668980284346, 20.651073091666724], [-101.46689744553241, 20.651036981271307]], [[-101.46689744553241, 20.651036981271307], [-101.46685908195992, 20.65103752993353]], [[-101.46685966485308, 20.651073640329997], [-101.46685908195992, 20.65103752993353]], [[-101.46685908195992, 20.65103752993353], [-101.46682071838619, 20.651038078587245]], [[-101.46682130127029, 20.651074188984754], [-101.46682071838619, 20.651038078587245]], [[-101.46682071838619, 20.651038078587245], [-101.4667823548112, 20.65103862723244]], [[-101.46678293768626, 20.651074737630992], [-101.4667823548112, 20.65103862723244]], [[-101.4667823548112, 20.65103862723244], [-101.46674399123496, 20.65103917586913]], [[-101.46674457410099, 20.651075286268725], [-101.46674399123496, 20.65103917586913]], [[-101.46674399123496, 20.65103917586913], [-101.46670562765748, 20.651039724497302]], [[-101.46670621051446, 20.651075834897945], [-101.46670562765748, 20.651039724497302]], [[-101.46670562765748, 20.651039724497302], [-101.46666726407875, 20.651040273116962]], [[-101.46666784692667, 20.65107638351865], [-101.46666726407875, 20.651040273116962]], [[-101.46666726407875, 20.651040273116962], [-101.46662890049875, 20.651040821728106]], [[-101.46662948333764, 20.651076932130838], [-101.46662890049875, 20.651040821728106]], [[-101.46662890049875, 20.651040821728106], [-101.46659053691752, 20.651041370330738]], [[-101.46659111974736, 20.651077480734514], [-101.46659053691752, 20.651041370330738]], [[-101.46659053691752, 20.651041370330738], [-101.46655217333503, 20.651041918924857]], [[-101.46655275615583, 20.65107802932968], [-101.46655217333503, 20.651041918924857]], [[-101.46655217333503, 20.651041918924857], [-101.4665138097513, 20.651042467510464]], [[-101.46651439256306, 20.651078577916326], [-101.4665138097513, 20.651042467510464]], [[-101.4665138097513, 20.651042467510464], [-101.46647544616631, 20.651043016087552]], [[-101.46647602896904, 20.651079126494462], [-101.46647544616631, 20.651043016087552]], [[-101.46647544616631, 20.651043016087552], [-101.46643708258007, 20.65104356465613]], [[-101.46643766537375, 20.651079675064093], [-101.46643708258007, 20.65104356465613]], [[-101.46643708258007, 20.65104356465613], [-101.46639871899258, 20.651044113216198]], [[-101.46639930177722, 20.6510802236252], [-101.46639871899258, 20.651044113216198]], [[-101.46639871899258, 20.651044113216198], [-101.46636035540385, 20.65104466176775]], [[-101.46636093817945, 20.651080772177792], [-101.46636035540385, 20.65104466176775]], [[-101.46636035540385, 20.65104466176775], [-101.46632199181386, 20.651045210310787]], [[-101.46632257458042, 20.651081320721875], [-101.46632199181386, 20.651045210310787]], [[-101.46632199181386, 20.651045210310787], [-101.46628362822264, 20.651045758845314]], [[-101.46628421098013, 20.651081869257446], [-101.46628362822264, 20.651045758845314]], [[-101.46628362822264, 20.651045758845314], [-101.46624526463015, 20.65104630737132]], [[-101.4662458473786, 20.6510824177845], [-101.46624526463015, 20.65104630737132]], [[-101.46624526463015, 20.65104630737132], [-101.4662069010364, 20.651046855888822]], [[-101.46620748377583, 20.651082966303044], [-101.4662069010364, 20.651046855888822]], [[-101.4662069010364, 20.651046855888822], [-101.46616853744143, 20.651047404397808]], [[-101.4661691201718, 20.651083514813074], [-101.46616853744143, 20.651047404397808]], [[-101.46616853744143, 20.651047404397808], [-101.46613017384519, 20.651047952898274]], [[-101.46613075656653, 20.651084063314585], [-101.46613017384519, 20.651047952898274]], [[-101.46613017384519, 20.651047952898274], [-101.4660918102477, 20.65104850139024]], [[-101.46609239296001, 20.65108461180759], [-101.4660918102477, 20.65104850139024]], [[-101.4660918102477, 20.65104850139024], [-101.46605344664897, 20.651049049873677]], [[-101.46605402935222, 20.65108516029208], [-101.46605344664897, 20.651049049873677]], [[-101.46605344664897, 20.651049049873677], [-101.466015083049, 20.65104959834861]], [[-101.4660156657432, 20.65108570876805], [-101.466015083049, 20.65104959834861]], [[-101.466015083049, 20.65104959834861], [-101.46597671944775, 20.651050146815027]], [[-101.46597730213293, 20.651086257235516], [-101.46597671944775, 20.651050146815027]], [[-101.46597671944775, 20.651050146815027], [-101.46593835584527, 20.65105069527293]], [[-101.4659389385214, 20.65108680569446], [-101.46593835584527, 20.65105069527293]], [[-101.46593835584527, 20.65105069527293], [-101.46589999224155, 20.651051243722325]], [[-101.46590057490863, 20.6510873541449], [-101.46589999224155, 20.651051243722325]], [[-101.46589999224155, 20.651051243722325], [-101.46586162863656, 20.6510517921632]], [[-101.4658622112946, 20.65108790258682], [-101.46586162863656, 20.6510517921632]], [[-101.46586162863656, 20.6510517921632], [-101.46582326503034, 20.651052340595566]], [[-101.46582384767933, 20.651088451020225], [-101.46582326503034, 20.651052340595566]], [[-101.46582326503034, 20.651052340595566], [-101.46578490142285, 20.65105288901941]], [[-101.46578548406282, 20.651088999445122], [-101.46578490142285, 20.65105288901941]], [[-101.4680099885907, 20.651021066363423], [-101.46800940542752, 20.650984955998137]], [[-101.46800940542752, 20.650984955998137], [-101.46797104190034, 20.650985504906206]], [[-101.46797162505446, 20.651021615272537], [-101.46797104190034, 20.650985504906206]], [[-101.46797104190034, 20.650985504906206], [-101.4679326783719, 20.650986053805763]], [[-101.46793326151698, 20.651022164173135], [-101.4679326783719, 20.650986053805763]], [[-101.4679326783719, 20.650986053805763], [-101.46789431484221, 20.650986602696808]], [[-101.46789489797825, 20.651022713065224], [-101.46789431484221, 20.650986602696808]], [[-101.46789431484221, 20.650986602696808], [-101.46785595131128, 20.650987151579333]], [[-101.46785653443828, 20.651023261948797], [-101.46785595131128, 20.650987151579333]], [[-101.46785595131128, 20.650987151579333], [-101.4678175877791, 20.65098770045335]], [[-101.46781817089705, 20.65102381082386], [-101.4678175877791, 20.65098770045335]], [[-101.4678175877791, 20.65098770045335], [-101.46777922424565, 20.650988249318853]], [[-101.46777980735456, 20.651024359690407], [-101.46777922424565, 20.650988249318853]], [[-101.46777922424565, 20.650988249318853], [-101.46774086071096, 20.65098879817584]], [[-101.46774144381084, 20.65102490854844], [-101.46774086071096, 20.65098879817584]], [[-101.46774086071096, 20.65098879817584], [-101.46770249717501, 20.65098934702432]], [[-101.46770308026585, 20.65102545739796], [-101.46770249717501, 20.65098934702432]], [[-101.46770249717501, 20.65098934702432], [-101.46766413363784, 20.650989895864278]], [[-101.46766471671963, 20.65102600623897], [-101.46766413363784, 20.650989895864278]], [[-101.46766413363784, 20.650989895864278], [-101.46762577009939, 20.65099044469573]], [[-101.46762635317214, 20.651026555071468], [-101.46762577009939, 20.65099044469573]], [[-101.46762577009939, 20.65099044469573], [-101.46758740655969, 20.650990993518665]], [[-101.46758798962341, 20.651027103895444], [-101.46758740655969, 20.650990993518665]], [[-101.46758740655969, 20.650990993518665], [-101.46754904301876, 20.650991542333088]], [[-101.46754962607342, 20.651027652710912], [-101.46754904301876, 20.650991542333088]], [[-101.46754904301876, 20.650991542333088], [-101.46751067947656, 20.650992091138995]], [[-101.46751126252218, 20.651028201517864], [-101.46751067947656, 20.650992091138995]], [[-101.46751067947656, 20.650992091138995], [-101.46747231593312, 20.650992639936387]], [[-101.4674728989697, 20.651028750316303], [-101.46747231593312, 20.650992639936387]], [[-101.46747231593312, 20.650992639936387], [-101.46743395238843, 20.650993188725273]], [[-101.46743453541596, 20.651029299106234], [-101.46743395238843, 20.650993188725273]], [[-101.46743395238843, 20.650993188725273], [-101.46739558884249, 20.65099373750564]], [[-101.46739617186098, 20.651029847887646], [-101.46739558884249, 20.65099373750564]], [[-101.46739558884249, 20.65099373750564], [-101.4673572252953, 20.65099428627749]], [[-101.46735780830475, 20.651030396660545], [-101.4673572252953, 20.65099428627749]], [[-101.4673572252953, 20.65099428627749], [-101.46731886174686, 20.650994835040837]], [[-101.46731944474726, 20.65103094542493], [-101.46731886174686, 20.650994835040837]], [[-101.46731886174686, 20.650994835040837], [-101.46728049819716, 20.650995383795667]], [[-101.46728108118853, 20.651031494180806], [-101.46728049819716, 20.650995383795667]], [[-101.46728049819716, 20.650995383795667], [-101.46724213464623, 20.65099593254198]], [[-101.46724271762854, 20.65103204292817], [-101.46724213464623, 20.65099593254198]], [[-101.46724213464623, 20.65099593254198], [-101.46720377109403, 20.650996481279783]], [[-101.4672043540673, 20.651032591667015], [-101.46720377109403, 20.650996481279783]], [[-101.46720377109403, 20.650996481279783], [-101.46716540754059, 20.650997030009073]], [[-101.46716599050482, 20.651033140397345], [-101.46716540754059, 20.650997030009073]], [[-101.46716540754059, 20.650997030009073], [-101.46712704398588, 20.650997578729847]], [[-101.46712762694108, 20.651033689119167], [-101.46712704398588, 20.650997578729847]], [[-101.46712704398588, 20.650997578729847], [-101.46708868042994, 20.650998127442108]], [[-101.4670892633761, 20.651034237832476], [-101.46708868042994, 20.650998127442108]], [[-101.46708868042994, 20.650998127442108], [-101.46705031687274, 20.650998676145857]], [[-101.46705089980986, 20.651034786537267], [-101.46705031687274, 20.650998676145857]], [[-101.46705031687274, 20.650998676145857], [-101.46701195331431, 20.65099922484109]], [[-101.46701253624238, 20.651035335233548], [-101.46701195331431, 20.65099922484109]], [[-101.46701195331431, 20.65099922484109], [-101.4669735897546, 20.650999773527815]], [[-101.46697417267363, 20.651035883921313], [-101.4669735897546, 20.650999773527815]], [[-101.4669735897546, 20.650999773527815], [-101.46693522619366, 20.65100032220602]], [[-101.46693580910365, 20.651036432600563], [-101.46693522619366, 20.65100032220602]], [[-101.46693522619366, 20.65100032220602], [-101.46689686263147, 20.651000870875716]], [[-101.46689744553241, 20.651036981271307], [-101.46689686263147, 20.651000870875716]], [[-101.46689686263147, 20.651000870875716], [-101.46685849906802, 20.6510014195369]], [[-101.46685908195992, 20.65103752993353], [-101.46685849906802, 20.6510014195369]], [[-101.46685849906802, 20.6510014195369], [-101.46682013550333, 20.651001968189565]], [[-101.46682071838619, 20.651038078587245], [-101.46682013550333, 20.651001968189565]], [[-101.46682013550333, 20.651001968189565], [-101.46678177193738, 20.651002516833724]], [[-101.4667823548112, 20.65103862723244], [-101.46678177193738, 20.651002516833724]], [[-101.46678177193738, 20.651002516833724], [-101.46674340837019, 20.651003065469357]], [[-101.46674399123496, 20.65103917586913], [-101.46674340837019, 20.651003065469357]], [[-101.46674340837019, 20.651003065469357], [-101.46670504480174, 20.65100361409649]], [[-101.46670562765748, 20.651039724497302], [-101.46670504480174, 20.65100361409649]], [[-101.46670504480174, 20.65100361409649], [-101.46666668123206, 20.651004162715104]], [[-101.46666726407875, 20.651040273116962], [-101.46666668123206, 20.651004162715104]], [[-101.46666668123206, 20.651004162715104], [-101.46662831766112, 20.651004711325204]], [[-101.46662890049875, 20.651040821728106], [-101.46662831766112, 20.651004711325204]], [[-101.46662831766112, 20.651004711325204], [-101.46658995408892, 20.65100525992679]], [[-101.46659053691752, 20.651041370330738], [-101.46658995408892, 20.65100525992679]], [[-101.46658995408892, 20.65100525992679], [-101.46655159051546, 20.651005808519866]], [[-101.46655217333503, 20.651041918924857], [-101.46655159051546, 20.651005808519866]], [[-101.46655159051546, 20.651005808519866], [-101.46651322694079, 20.65100635710442]], [[-101.4665138097513, 20.651042467510464], [-101.46651322694079, 20.65100635710442]], [[-101.46651322694079, 20.65100635710442], [-101.46647486336484, 20.65100690568047]], [[-101.46647544616631, 20.651043016087552], [-101.46647486336484, 20.65100690568047]], [[-101.46647486336484, 20.65100690568047], [-101.46643649978765, 20.651007454248006]], [[-101.46643708258007, 20.65104356465613], [-101.46643649978765, 20.651007454248006]], [[-101.46643649978765, 20.651007454248006], [-101.4663981362092, 20.65100800280703]], [[-101.46639871899258, 20.651044113216198], [-101.4663981362092, 20.65100800280703]], [[-101.4663981362092, 20.65100800280703], [-101.4663597726295, 20.651008551357535]], [[-101.46636035540385, 20.65104466176775], [-101.4663597726295, 20.651008551357535]], [[-101.4663597726295, 20.651008551357535], [-101.46632140904856, 20.651009099899532]], [[-101.46632199181386, 20.651045210310787], [-101.46632140904856, 20.651009099899532]], [[-101.46632140904856, 20.651009099899532], [-101.46628304546637, 20.65100964843301]], [[-101.46628362822264, 20.651045758845314], [-101.46628304546637, 20.65100964843301]], [[-101.46628304546637, 20.65100964843301], [-101.46624468188293, 20.651010196957976]], [[-101.46624526463015, 20.65104630737132], [-101.46624468188293, 20.651010196957976]], [[-101.46624468188293, 20.651010196957976], [-101.46620631829823, 20.65101074547443]], [[-101.4662069010364, 20.651046855888822], [-101.46620631829823, 20.65101074547443]], [[-101.46620631829823, 20.65101074547443], [-101.46616795471229, 20.65101129398237]], [[-101.46616853744143, 20.651047404397808], [-101.46616795471229, 20.65101129398237]], [[-101.46616795471229, 20.65101129398237], [-101.46612959112511, 20.651011842481797]], [[-101.46613017384519, 20.651047952898274], [-101.46612959112511, 20.651011842481797]], [[-101.46612959112511, 20.651011842481797], [-101.46609122753667, 20.65101239097271]], [[-101.4660918102477, 20.65104850139024], [-101.46609122753667, 20.65101239097271]], [[-101.46609122753667, 20.65101239097271], [-101.46605286394697, 20.651012939455107]], [[-101.46605344664897, 20.651049049873677], [-101.46605286394697, 20.651012939455107]], [[-101.46605286394697, 20.651012939455107], [-101.46601450035604, 20.651013487928996]], [[-101.466015083049, 20.65104959834861], [-101.46601450035604, 20.651013487928996]], [[-101.46601450035604, 20.651013487928996], [-101.46597613676384, 20.651014036394372]], [[-101.46597671944775, 20.651050146815027], [-101.46597613676384, 20.651014036394372]], [[-101.46597613676384, 20.651014036394372], [-101.46593777317041, 20.651014584851225]], [[-101.46593835584527, 20.65105069527293], [-101.46593777317041, 20.651014584851225]], [[-101.46593777317041, 20.651014584851225], [-101.46589940957571, 20.651015133299577]], [[-101.46589999224155, 20.651051243722325], [-101.46589940957571, 20.651015133299577]], [[-101.46589940957571, 20.651015133299577], [-101.46586104597978, 20.651015681739413]], [[-101.46586162863656, 20.6510517921632], [-101.46586104597978, 20.651015681739413]], [[-101.46586104597978, 20.651015681739413], [-101.46582268238258, 20.651016230170725]], [[-101.46582326503034, 20.651052340595566], [-101.46582268238258, 20.651016230170725]], [[-101.46800940542752, 20.650984955998137], [-101.4680088222656, 20.650948845632687]], [[-101.4680088222656, 20.650948845632687], [-101.46797045874746, 20.650949394539712]], [[-101.46797104190034, 20.650985504906206], [-101.46797045874746, 20.650949394539712]], [[-101.46797045874746, 20.650949394539712], [-101.46793209522806, 20.650949943438224]], [[-101.4679326783719, 20.650986053805763], [-101.46793209522806, 20.650949943438224]], [[-101.46793209522806, 20.650949943438224], [-101.46789373170742, 20.650950492328217]], [[-101.46789431484221, 20.650986602696808], [-101.46789373170742, 20.650950492328217]], [[-101.46789373170742, 20.650950492328217], [-101.46785536818552, 20.6509510412097]], [[-101.46785595131128, 20.650987151579333], [-101.46785536818552, 20.6509510412097]], [[-101.46785536818552, 20.6509510412097], [-101.46781700466238, 20.650951590082673]], [[-101.4678175877791, 20.65098770045335], [-101.46781700466238, 20.650951590082673]], [[-101.46781700466238, 20.650951590082673], [-101.46777864113798, 20.650952138947133]], [[-101.46777922424565, 20.650988249318853], [-101.46777864113798, 20.650952138947133]], [[-101.46777864113798, 20.650952138947133], [-101.46774027761234, 20.650952687803073]], [[-101.46774086071096, 20.65098879817584], [-101.46774027761234, 20.650952687803073]], [[-101.46774027761234, 20.650952687803073], [-101.46770191408544, 20.650953236650505]], [[-101.46770249717501, 20.65098934702432], [-101.46770191408544, 20.650953236650505]], [[-101.46770191408544, 20.650953236650505], [-101.46766355055729, 20.650953785489424]], [[-101.46766413363784, 20.650989895864278], [-101.46766355055729, 20.650953785489424]], [[-101.46766355055729, 20.650953785489424], [-101.46762518702789, 20.650954334319827]], [[-101.46762577009939, 20.65099044469573], [-101.46762518702789, 20.650954334319827]], [[-101.46762518702789, 20.650954334319827], [-101.46758682349724, 20.65095488314172]], [[-101.46758740655969, 20.650990993518665], [-101.46758682349724, 20.65095488314172]], [[-101.46758682349724, 20.65095488314172], [-101.46754845996536, 20.650955431955094]], [[-101.46754904301876, 20.650991542333088], [-101.46754845996536, 20.650955431955094]], [[-101.46754845996536, 20.650955431955094], [-101.4675100964322, 20.65095598075996]], [[-101.46751067947656, 20.650992091138995], [-101.4675100964322, 20.65095598075996]], [[-101.4675100964322, 20.65095598075996], [-101.46747173289779, 20.650956529556307]], [[-101.46747231593312, 20.650992639936387], [-101.46747173289779, 20.650956529556307]], [[-101.46747173289779, 20.650956529556307], [-101.46743336936215, 20.650957078344145]], [[-101.46743395238843, 20.650993188725273], [-101.46743336936215, 20.650957078344145]], [[-101.46743336936215, 20.650957078344145], [-101.46739500582525, 20.65095762712347]], [[-101.46739558884249, 20.65099373750564], [-101.46739500582525, 20.65095762712347]], [[-101.46739500582525, 20.65095762712347], [-101.4673566422871, 20.650958175894278]], [[-101.4673572252953, 20.65099428627749], [-101.4673566422871, 20.650958175894278]], [[-101.4673566422871, 20.650958175894278], [-101.4673182787477, 20.650958724656572]], [[-101.46731886174686, 20.650994835040837], [-101.4673182787477, 20.650958724656572]], [[-101.4673182787477, 20.650958724656572], [-101.46727991520704, 20.65095927341036]], [[-101.46728049819716, 20.650995383795667], [-101.46727991520704, 20.65095927341036]], [[-101.46727991520704, 20.65095927341036], [-101.46724155166515, 20.65095982215563]], [[-101.46724213464623, 20.65099593254198], [-101.46724155166515, 20.65095982215563]], [[-101.46724155166515, 20.65095982215563], [-101.467203188122, 20.65096037089239]], [[-101.46720377109403, 20.650996481279783], [-101.467203188122, 20.65096037089239]], [[-101.467203188122, 20.65096037089239], [-101.4671648245776, 20.650960919620626]], [[-101.46716540754059, 20.650997030009073], [-101.4671648245776, 20.650960919620626]], [[-101.4671648245776, 20.650960919620626], [-101.46712646103194, 20.650961468340363]], [[-101.46712704398588, 20.650997578729847], [-101.46712646103194, 20.650961468340363]], [[-101.46712646103194, 20.650961468340363], [-101.46708809748505, 20.650962017051576]], [[-101.46708868042994, 20.650998127442108], [-101.46708809748505, 20.650962017051576]], [[-101.46708809748505, 20.650962017051576], [-101.46704973393689, 20.65096256575428]], [[-101.46705031687274, 20.650998676145857], [-101.46704973393689, 20.65096256575428]], [[-101.46704973393689, 20.65096256575428], [-101.46701137038748, 20.650963114448473]], [[-101.46701195331431, 20.65099922484109], [-101.46701137038748, 20.650963114448473]], [[-101.46701137038748, 20.650963114448473], [-101.46697300683684, 20.650963663134153]], [[-101.4669735897546, 20.650999773527815], [-101.46697300683684, 20.650963663134153]], [[-101.46697300683684, 20.650963663134153], [-101.46693464328493, 20.650964211811313]], [[-101.46693522619366, 20.65100032220602], [-101.46693464328493, 20.650964211811313]], [[-101.46693464328493, 20.650964211811313], [-101.46689627973178, 20.65096476047996]], [[-101.46689686263147, 20.651000870875716], [-101.46689627973178, 20.65096476047996]], [[-101.46689627973178, 20.65096476047996], [-101.46685791617737, 20.650965309140098]], [[-101.46685849906802, 20.6510014195369], [-101.46685791617737, 20.650965309140098]], [[-101.46685791617737, 20.650965309140098], [-101.46681955262173, 20.65096585779172]], [[-101.46682013550333, 20.651001968189565], [-101.46681955262173, 20.65096585779172]], [[-101.46681955262173, 20.65096585779172], [-101.46678118906482, 20.65096640643483]], [[-101.46678177193738, 20.651002516833724], [-101.46678118906482, 20.65096640643483]], [[-101.46678118906482, 20.65096640643483], [-101.46674282550667, 20.65096695506943]], [[-101.46674340837019, 20.651003065469357], [-101.46674282550667, 20.65096695506943]], [[-101.46674282550667, 20.65096695506943], [-101.46670446194727, 20.650967503695508]], [[-101.46670504480174, 20.65100361409649], [-101.46670446194727, 20.650967503695508]], [[-101.46670446194727, 20.650967503695508], [-101.46666609838663, 20.65096805231308]], [[-101.46666668123206, 20.651004162715104], [-101.46666609838663, 20.65096805231308]], [[-101.46666609838663, 20.65096805231308], [-101.46662773482471, 20.650968600922138]], [[-101.46662831766112, 20.651004711325204], [-101.46662773482471, 20.650968600922138]], [[-101.46662773482471, 20.650968600922138], [-101.46658937126156, 20.650969149522677]], [[-101.46658995408892, 20.65100525992679], [-101.46658937126156, 20.650969149522677]], [[-101.46658937126156, 20.650969149522677], [-101.46655100769718, 20.650969698114707]], [[-101.46655159051546, 20.651005808519866], [-101.46655100769718, 20.650969698114707]], [[-101.46655100769718, 20.650969698114707], [-101.46651264413151, 20.650970246698225]], [[-101.46651322694079, 20.65100635710442], [-101.46651264413151, 20.650970246698225]], [[-101.46651264413151, 20.650970246698225], [-101.46647428056461, 20.650970795273228]], [[-101.46647486336484, 20.65100690568047], [-101.46647428056461, 20.650970795273228]], [[-101.46647428056461, 20.650970795273228], [-101.46643591699646, 20.650971343839714]], [[-101.46643649978765, 20.651007454248006], [-101.46643591699646, 20.650971343839714]], [[-101.46643591699646, 20.650971343839714], [-101.46639755342706, 20.650971892397692]], [[-101.4663981362092, 20.65100800280703], [-101.46639755342706, 20.650971892397692]], [[-101.46639755342706, 20.650971892397692], [-101.4663591898564, 20.650972440947157]], [[-101.4663597726295, 20.651008551357535], [-101.4663591898564, 20.650972440947157]], [[-101.4663591898564, 20.650972440947157], [-101.4663208262845, 20.650972989488107]], [[-101.46632140904856, 20.651009099899532], [-101.4663208262845, 20.650972989488107]], [[-101.4663208262845, 20.650972989488107], [-101.46628246271136, 20.65097353802054]], [[-101.46628304546637, 20.65100964843301], [-101.46628246271136, 20.65097353802054]], [[-101.46628246271136, 20.65097353802054], [-101.46624409913696, 20.650974086544462]], [[-101.46624468188293, 20.651010196957976], [-101.46624409913696, 20.650974086544462]], [[-101.46624409913696, 20.650974086544462], [-101.46620573556132, 20.650974635059875]], [[-101.46620631829823, 20.65101074547443], [-101.46620573556132, 20.650974635059875]], [[-101.46620573556132, 20.650974635059875], [-101.46616737198441, 20.650975183566768]], [[-101.46616795471229, 20.65101129398237], [-101.46616737198441, 20.650975183566768]], [[-101.46616737198441, 20.650975183566768], [-101.46612900840627, 20.65097573206515]], [[-101.46612959112511, 20.651011842481797], [-101.46612900840627, 20.65097573206515]], [[-101.46612900840627, 20.65097573206515], [-101.46609064482686, 20.650976280555017]], [[-101.46609122753667, 20.65101239097271], [-101.46609064482686, 20.650976280555017]], [[-101.46609064482686, 20.650976280555017], [-101.46605228124622, 20.650976829036374]], [[-101.46605286394697, 20.651012939455107], [-101.46605228124622, 20.650976829036374]], [[-101.46605228124622, 20.650976829036374], [-101.46601391766433, 20.65097737750922]], [[-101.46601450035604, 20.651013487928996], [-101.46601391766433, 20.65097737750922]], [[-101.46601391766433, 20.65097737750922], [-101.46597555408117, 20.650977925973546]], [[-101.46597613676384, 20.651014036394372], [-101.46597555408117, 20.650977925973546]], [[-101.46597555408117, 20.650977925973546], [-101.46593719049677, 20.650978474429362]], [[-101.46593777317041, 20.651014584851225], [-101.46593719049677, 20.650978474429362]], [[-101.46593719049677, 20.650978474429362], [-101.46589882691113, 20.650979022876665]], [[-101.46589940957571, 20.651015133299577], [-101.46589882691113, 20.650979022876665]], [[-101.46589882691113, 20.650979022876665], [-101.46586046332423, 20.65097957131545]], [[-101.46586104597978, 20.651015681739413], [-101.46586046332423, 20.65097957131545]], [[-101.4680088222656, 20.650948845632687], [-101.46800823910493, 20.65091273526707]], [[-101.46800823910493, 20.65091273526707], [-101.46796987559584, 20.65091328417305]], [[-101.46797045874746, 20.650949394539712], [-101.46796987559584, 20.65091328417305]], [[-101.46796987559584, 20.65091328417305], [-101.46793151208549, 20.650913833070515]], [[-101.46793209522806, 20.650949943438224], [-101.46793151208549, 20.650913833070515]], [[-101.46793151208549, 20.650913833070515], [-101.46789314857388, 20.65091438195947]], [[-101.46789373170742, 20.650950492328217], [-101.46789314857388, 20.65091438195947]], [[-101.46789314857388, 20.65091438195947], [-101.46785478506102, 20.650914930839907]], [[-101.46785536818552, 20.6509510412097], [-101.46785478506102, 20.650914930839907]], [[-101.46785478506102, 20.650914930839907], [-101.46781642154691, 20.65091547971183]], [[-101.46781700466238, 20.650951590082673], [-101.46781642154691, 20.65091547971183]], [[-101.46781642154691, 20.65091547971183], [-101.46777805803157, 20.650916028575246]], [[-101.46777864113798, 20.650952138947133], [-101.46777805803157, 20.650916028575246]], [[-101.46777805803157, 20.650916028575246], [-101.46773969451496, 20.65091657743014]], [[-101.46774027761234, 20.650952687803073], [-101.46773969451496, 20.65091657743014]], [[-101.46773969451496, 20.65091657743014], [-101.46770133099712, 20.650917126276532]], [[-101.46770191408544, 20.650953236650505], [-101.46770133099712, 20.650917126276532]], [[-101.46770133099712, 20.650917126276532], [-101.467662967478, 20.6509176751144]], [[-101.46766355055729, 20.650953785489424], [-101.467662967478, 20.6509176751144]], [[-101.467662967478, 20.6509176751144], [-101.46762460395765, 20.650918223943762]], [[-101.46762518702789, 20.650954334319827], [-101.46762460395765, 20.650918223943762]], [[-101.46762460395765, 20.650918223943762], [-101.46758624043603, 20.650918772764605]], [[-101.46758682349724, 20.65095488314172], [-101.46758624043603, 20.650918772764605]], [[-101.46758624043603, 20.650918772764605], [-101.46754787691319, 20.65091932157694]], [[-101.46754845996536, 20.650955431955094], [-101.46754787691319, 20.65091932157694]], [[-101.46754787691319, 20.65091932157694], [-101.46750951338907, 20.65091987038075]], [[-101.4675100964322, 20.65095598075996], [-101.46750951338907, 20.65091987038075]], [[-101.46750951338907, 20.65091987038075], [-101.46747114986373, 20.650920419176064]], [[-101.46747173289779, 20.650956529556307], [-101.46747114986373, 20.650920419176064]], [[-101.46747114986373, 20.650920419176064], [-101.46743278633711, 20.65092096796285]], [[-101.46743336936215, 20.650957078344145], [-101.46743278633711, 20.65092096796285]], [[-101.46743278633711, 20.65092096796285], [-101.46739442280926, 20.650921516741136]], [[-101.46739500582525, 20.65095762712347], [-101.46739442280926, 20.650921516741136]], [[-101.46739442280926, 20.650921516741136], [-101.46735605928015, 20.650922065510894]], [[-101.4673566422871, 20.650958175894278], [-101.46735605928015, 20.650922065510894]], [[-101.46735605928015, 20.650922065510894], [-101.4673176957498, 20.65092261427215]], [[-101.4673182787477, 20.650958724656572], [-101.4673176957498, 20.65092261427215]], [[-101.4673176957498, 20.65092261427215], [-101.46727933221818, 20.650923163024892]], [[-101.46727991520704, 20.65095927341036], [-101.46727933221818, 20.650923163024892]], [[-101.46727933221818, 20.650923163024892], [-101.46724096868532, 20.650923711769117]], [[-101.46724155166515, 20.65095982215563], [-101.46724096868532, 20.650923711769117]], [[-101.46724096868532, 20.650923711769117], [-101.46720260515121, 20.650924260504826]], [[-101.467203188122, 20.65096037089239], [-101.46720260515121, 20.650924260504826]], [[-101.46720260515121, 20.650924260504826], [-101.46716424161586, 20.650924809232027]], [[-101.4671648245776, 20.650960919620626], [-101.46716424161586, 20.650924809232027]], [[-101.46716424161586, 20.650924809232027], [-101.46712587807924, 20.65092535795071]], [[-101.46712646103194, 20.650961468340363], [-101.46712587807924, 20.65092535795071]], [[-101.46712587807924, 20.65092535795071], [-101.46708751454139, 20.650925906660884]], [[-101.46708809748505, 20.650962017051576], [-101.46708751454139, 20.650925906660884]], [[-101.46708751454139, 20.650925906660884], [-101.46704915100227, 20.65092645536254]], [[-101.46704973393689, 20.65096256575428], [-101.46704915100227, 20.65092645536254]], [[-101.46704915100227, 20.65092645536254], [-101.46701078746193, 20.65092700405568]], [[-101.46701137038748, 20.650963114448473], [-101.46701078746193, 20.65092700405568]], [[-101.46701078746193, 20.65092700405568], [-101.46697242392031, 20.650927552740317]], [[-101.46697300683684, 20.650963663134153], [-101.46697242392031, 20.650927552740317]], [[-101.46697242392031, 20.650927552740317], [-101.46693406037745, 20.650928101416437]], [[-101.46693464328493, 20.650964211811313], [-101.46693406037745, 20.650928101416437]], [[-101.46693406037745, 20.650928101416437], [-101.46689569683335, 20.65092865008404]], [[-101.46689627973178, 20.65096476047996], [-101.46689569683335, 20.65092865008404]], [[-101.46689569683335, 20.65092865008404], [-101.46685733328799, 20.650929198743135]], [[-101.46685791617737, 20.650965309140098], [-101.46685733328799, 20.650929198743135]], [[-101.46685733328799, 20.650929198743135], [-101.46681896974138, 20.650929747393718]], [[-101.46681955262173, 20.65096585779172], [-101.46681896974138, 20.650929747393718]], [[-101.46681896974138, 20.650929747393718], [-101.46678060619351, 20.650930296035778]], [[-101.46678118906482, 20.65096640643483], [-101.46678060619351, 20.650930296035778]], [[-101.46678060619351, 20.650930296035778], [-101.4667422426444, 20.65093084466933]], [[-101.46674282550667, 20.65096695506943], [-101.4667422426444, 20.65093084466933]], [[-101.4667422426444, 20.65093084466933], [-101.46670387909404, 20.650931393294368]], [[-101.46670446194727, 20.650967503695508], [-101.46670387909404, 20.650931393294368]], [[-101.46670387909404, 20.650931393294368], [-101.46666551554243, 20.650931941910894]], [[-101.46666609838663, 20.65096805231308], [-101.46666551554243, 20.650931941910894]], [[-101.46666551554243, 20.650931941910894], [-101.46662715198958, 20.6509324905189]], [[-101.46662773482471, 20.650968600922138], [-101.46662715198958, 20.6509324905189]], [[-101.46662715198958, 20.6509324905189], [-101.46658878843547, 20.6509330391184]], [[-101.46658937126156, 20.650969149522677], [-101.46658878843547, 20.6509330391184]], [[-101.46658878843547, 20.6509330391184], [-101.46655042488011, 20.65093358770939]], [[-101.46655100769718, 20.650969698114707], [-101.46655042488011, 20.65093358770939]], [[-101.46655042488011, 20.65093358770939], [-101.4665120613235, 20.650934136291863]], [[-101.46651264413151, 20.650970246698225], [-101.4665120613235, 20.650934136291863]], [[-101.4665120613235, 20.650934136291863], [-101.46647369776564, 20.65093468486582]], [[-101.46647428056461, 20.650970795273228], [-101.46647369776564, 20.65093468486582]], [[-101.46647369776564, 20.65093468486582], [-101.46643533420652, 20.650935233431262]], [[-101.46643591699646, 20.650971343839714], [-101.46643533420652, 20.650935233431262]], [[-101.46643533420652, 20.650935233431262], [-101.46639697064617, 20.650935781988192]], [[-101.46639755342706, 20.650971892397692], [-101.46639697064617, 20.650935781988192]], [[-101.46639697064617, 20.650935781988192], [-101.46635860708456, 20.65093633053661]], [[-101.4663591898564, 20.650972440947157], [-101.46635860708456, 20.65093633053661]], [[-101.46635860708456, 20.65093633053661], [-101.46632024352171, 20.650936879076514]], [[-101.4663208262845, 20.650972989488107], [-101.46632024352171, 20.650936879076514]], [[-101.46632024352171, 20.650936879076514], [-101.4662818799576, 20.65093742760791]], [[-101.46628246271136, 20.65097353802054], [-101.4662818799576, 20.65093742760791]], [[-101.4662818799576, 20.65093742760791], [-101.46624351639224, 20.650937976130784]], [[-101.46624409913696, 20.650974086544462], [-101.46624351639224, 20.650937976130784]], [[-101.46624351639224, 20.650937976130784], [-101.46620515282564, 20.650938524645152]], [[-101.46620573556132, 20.650974635059875], [-101.46620515282564, 20.650938524645152]], [[-101.46620515282564, 20.650938524645152], [-101.46616678925778, 20.650939073151]], [[-101.46616737198441, 20.650975183566768], [-101.46616678925778, 20.650939073151]], [[-101.46616678925778, 20.650939073151], [-101.46612842568868, 20.650939621648337]], [[-101.46612900840627, 20.65097573206515], [-101.46612842568868, 20.650939621648337]], [[-101.46612842568868, 20.650939621648337], [-101.46609006211831, 20.65094017013716]], [[-101.46609064482686, 20.650976280555017], [-101.46609006211831, 20.65094017013716]], [[-101.46609006211831, 20.65094017013716], [-101.4660516985467, 20.650940718617477]], [[-101.46605228124622, 20.650976829036374], [-101.4660516985467, 20.650940718617477]], [[-101.4660516985467, 20.650940718617477], [-101.46601333497385, 20.65094126708927]], [[-101.46601391766433, 20.65097737750922], [-101.46601333497385, 20.65094126708927]], [[-101.46601333497385, 20.65094126708927], [-101.46597497139975, 20.650941815552557]], [[-101.46597555408117, 20.650977925973546], [-101.46597497139975, 20.650941815552557]], [[-101.46597497139975, 20.650941815552557], [-101.46593660782439, 20.650942364007328]], [[-101.46593719049677, 20.650978474429362], [-101.46593660782439, 20.650942364007328]], [[-101.46593660782439, 20.650942364007328], [-101.4658982442478, 20.650942912453583]], [[-101.46589882691113, 20.650979022876665], [-101.4658982442478, 20.650942912453583]], [[-101.46800823910493, 20.65091273526707], [-101.46800765594551, 20.650876624901294]], [[-101.46800765594551, 20.650876624901294], [-101.46796929244545, 20.650877173806226]], [[-101.46796987559584, 20.65091328417305], [-101.46796929244545, 20.650877173806226]], [[-101.46796929244545, 20.650877173806226], [-101.46793092894414, 20.650877722702646]], [[-101.46793151208549, 20.650913833070515], [-101.46793092894414, 20.650877722702646]], [[-101.46793092894414, 20.650877722702646], [-101.46789256544157, 20.650878271590553]], [[-101.46789314857388, 20.65091438195947], [-101.46789256544157, 20.650878271590553]], [[-101.46789256544157, 20.650878271590553], [-101.46785420193778, 20.65087882046995]], [[-101.46785478506102, 20.650914930839907], [-101.46785420193778, 20.65087882046995]], [[-101.46785420193778, 20.65087882046995], [-101.46781583843271, 20.65087936934082]], [[-101.46781642154691, 20.65091547971183], [-101.46781583843271, 20.65087936934082]], [[-101.46781583843271, 20.65087936934082], [-101.46777747492641, 20.650879918203195]], [[-101.46777805803157, 20.650916028575246], [-101.46777747492641, 20.650879918203195]], [[-101.46777747492641, 20.650879918203195], [-101.46773911141884, 20.650880467057046]], [[-101.46773969451496, 20.65091657743014], [-101.46773911141884, 20.650880467057046]], [[-101.46773911141884, 20.650880467057046], [-101.46770074791003, 20.65088101590239]], [[-101.46770133099712, 20.650917126276532], [-101.46770074791003, 20.65088101590239]], [[-101.46770074791003, 20.65088101590239], [-101.46766238439997, 20.65088156473922]], [[-101.467662967478, 20.6509176751144], [-101.46766238439997, 20.65088156473922]], [[-101.46766238439997, 20.65088156473922], [-101.46762402088865, 20.650882113567526]], [[-101.46762460395765, 20.650918223943762], [-101.46762402088865, 20.650882113567526]], [[-101.46762402088865, 20.650882113567526], [-101.46758565737609, 20.650882662387325]], [[-101.46758624043603, 20.650918772764605], [-101.46758565737609, 20.650882662387325]], [[-101.46758565737609, 20.650882662387325], [-101.46754729386228, 20.650883211198614]], [[-101.46754787691319, 20.65091932157694], [-101.46754729386228, 20.650883211198614]], [[-101.46754729386228, 20.650883211198614], [-101.46750893034721, 20.650883760001392]], [[-101.46750951338907, 20.65091987038075], [-101.46750893034721, 20.650883760001392]], [[-101.46750893034721, 20.650883760001392], [-101.4674705668309, 20.650884308795646]], [[-101.46747114986373, 20.650920419176064], [-101.4674705668309, 20.650884308795646]], [[-101.4674705668309, 20.650884308795646], [-101.46743220331332, 20.650884857581396]], [[-101.46743278633711, 20.65092096796285], [-101.46743220331332, 20.650884857581396]], [[-101.46743220331332, 20.650884857581396], [-101.46739383979452, 20.65088540635863]], [[-101.46739442280926, 20.650921516741136], [-101.46739383979452, 20.65088540635863]], [[-101.46739383979452, 20.65088540635863], [-101.46735547627445, 20.650885955127347]], [[-101.46735605928015, 20.650922065510894], [-101.46735547627445, 20.650885955127347]], [[-101.46735547627445, 20.650885955127347], [-101.46731711275314, 20.65088650388756]], [[-101.4673176957498, 20.65092261427215], [-101.46731711275314, 20.65088650388756]], [[-101.46731711275314, 20.65088650388756], [-101.46727874923057, 20.650887052639252]], [[-101.46727933221818, 20.650923163024892], [-101.46727874923057, 20.650887052639252]], [[-101.46727874923057, 20.650887052639252], [-101.46724038570676, 20.650887601382433]], [[-101.46724096868532, 20.650923711769117], [-101.46724038570676, 20.650887601382433]], [[-101.46724038570676, 20.650887601382433], [-101.4672020221817, 20.650888150117098]], [[-101.46720260515121, 20.650924260504826], [-101.4672020221817, 20.650888150117098]], [[-101.4672020221817, 20.650888150117098], [-101.46716365865537, 20.650888698843257]], [[-101.46716424161586, 20.650924809232027], [-101.46716365865537, 20.650888698843257]], [[-101.46716365865537, 20.650888698843257], [-101.46712529512781, 20.65088924756089]], [[-101.46712587807924, 20.65092535795071], [-101.46712529512781, 20.65088924756089]], [[-101.46712529512781, 20.65088924756089], [-101.46708693159898, 20.650889796270018]], [[-101.46708751454139, 20.650925906660884], [-101.46708693159898, 20.650889796270018]], [[-101.46708693159898, 20.650889796270018], [-101.46704856806892, 20.650890344970634]], [[-101.46704915100227, 20.65092645536254], [-101.46704856806892, 20.650890344970634]], [[-101.46704856806892, 20.650890344970634], [-101.4670102045376, 20.650890893662734]], [[-101.46701078746193, 20.65092700405568], [-101.4670102045376, 20.650890893662734]], [[-101.4670102045376, 20.650890893662734], [-101.46697184100503, 20.65089144234632]], [[-101.46697242392031, 20.650927552740317], [-101.46697184100503, 20.65089144234632]], [[-101.46697184100503, 20.65089144234632], [-101.46693347747123, 20.650891991021393]], [[-101.46693406037745, 20.650928101416437], [-101.46693347747123, 20.650891991021393]], [[-101.46693347747123, 20.650891991021393], [-101.46689511393616, 20.65089253968796]], [[-101.46689569683335, 20.65092865008404], [-101.46689511393616, 20.65089253968796]], [[-101.46689511393616, 20.65089253968796], [-101.46685675039984, 20.650893088346006]], [[-101.46685733328799, 20.650929198743135], [-101.46685675039984, 20.650893088346006]], [[-101.46685675039984, 20.650893088346006], [-101.46681838686226, 20.650893636995537]], [[-101.46681896974138, 20.650929747393718], [-101.46681838686226, 20.650893636995537]], [[-101.46681838686226, 20.650893636995537], [-101.46678002332345, 20.650894185636556]], [[-101.46678060619351, 20.650930296035778], [-101.46678002332345, 20.650894185636556]], [[-101.46678002332345, 20.650894185636556], [-101.46674165978338, 20.650894734269063]], [[-101.4667422426444, 20.65093084466933], [-101.46674165978338, 20.650894734269063]], [[-101.46674165978338, 20.650894734269063], [-101.46670329624207, 20.650895282893057]], [[-101.46670387909404, 20.650931393294368], [-101.46670329624207, 20.650895282893057]], [[-101.46670329624207, 20.650895282893057], [-101.4666649326995, 20.65089583150854]], [[-101.46666551554243, 20.650931941910894], [-101.4666649326995, 20.65089583150854]], [[-101.4666649326995, 20.65089583150854], [-101.46662656915568, 20.650896380115505]], [[-101.46662715198958, 20.6509324905189], [-101.46662656915568, 20.650896380115505]], [[-101.46662656915568, 20.650896380115505], [-101.46658820561062, 20.65089692871396]], [[-101.46658878843547, 20.6509330391184], [-101.46658820561062, 20.65089692871396]], [[-101.46658820561062, 20.65089692871396], [-101.4665498420643, 20.650897477303896]], [[-101.46655042488011, 20.65093358770939], [-101.4665498420643, 20.650897477303896]], [[-101.4665498420643, 20.650897477303896], [-101.46651147851674, 20.650898025885326]], [[-101.4665120613235, 20.650934136291863], [-101.46651147851674, 20.650898025885326]], [[-101.46651147851674, 20.650898025885326], [-101.46647311496791, 20.65089857445824]], [[-101.46647369776564, 20.65093468486582], [-101.46647311496791, 20.65089857445824]], [[-101.46647311496791, 20.65089857445824], [-101.46643475141785, 20.65089912302264]], [[-101.46643533420652, 20.650935233431262], [-101.46643475141785, 20.65089912302264]], [[-101.46643475141785, 20.65089912302264], [-101.46639638786652, 20.650899671578525]], [[-101.46639697064617, 20.650935781988192], [-101.46639638786652, 20.650899671578525]], [[-101.46639638786652, 20.650899671578525], [-101.46635802431396, 20.6509002201259]], [[-101.46635860708456, 20.65093633053661], [-101.46635802431396, 20.6509002201259]], [[-101.46635802431396, 20.6509002201259], [-101.46631966076016, 20.65090076866476]], [[-101.46632024352171, 20.650936879076514], [-101.46631966076016, 20.65090076866476]], [[-101.46631966076016, 20.65090076866476], [-101.46628129720509, 20.65090131719511]], [[-101.4662818799576, 20.65093742760791], [-101.46628129720509, 20.65090131719511]], [[-101.46628129720509, 20.65090131719511], [-101.46624293364877, 20.650901865716943]], [[-101.46624351639224, 20.650937976130784], [-101.46624293364877, 20.650901865716943]], [[-101.46624293364877, 20.650901865716943], [-101.46620457009121, 20.65090241423026]], [[-101.46620515282564, 20.650938524645152], [-101.46620457009121, 20.65090241423026]], [[-101.46620457009121, 20.65090241423026], [-101.46616620653239, 20.650902962735067]], [[-101.46616678925778, 20.650939073151], [-101.46616620653239, 20.650902962735067]], [[-101.46616620653239, 20.650902962735067], [-101.46612784297233, 20.65090351123136]], [[-101.46612842568868, 20.650939621648337], [-101.46612784297233, 20.65090351123136]], [[-101.46612784297233, 20.65090351123136], [-101.46608947941101, 20.650904059719142]], [[-101.46609006211831, 20.65094017013716], [-101.46608947941101, 20.650904059719142]], [[-101.46608947941101, 20.650904059719142], [-101.46605111584846, 20.650904608198406]], [[-101.4660516985467, 20.650940718617477], [-101.46605111584846, 20.650904608198406]], [[-101.46605111584846, 20.650904608198406], [-101.46601275228464, 20.65090515666916]], [[-101.46601333497385, 20.65094126708927], [-101.46601275228464, 20.65090515666916]], [[-101.46601275228464, 20.65090515666916], [-101.46597438871957, 20.650905705131404]], [[-101.46597497139975, 20.650941815552557], [-101.46597438871957, 20.650905705131404]], [[-101.46597438871957, 20.650905705131404], [-101.46593602515325, 20.65090625358513]], [[-101.46593660782439, 20.650942364007328], [-101.46593602515325, 20.65090625358513]], [[-101.46800765594551, 20.650876624901294], [-101.46800707278734, 20.650840514535346]], [[-101.46800707278734, 20.650840514535346], [-101.46796870929633, 20.650841063439238]], [[-101.46796929244545, 20.650877173806226], [-101.46796870929633, 20.650841063439238]], [[-101.46796870929633, 20.650841063439238], [-101.46793034580406, 20.65084161233461]], [[-101.46793092894414, 20.650877722702646], [-101.46793034580406, 20.65084161233461]], [[-101.46793034580406, 20.65084161233461], [-101.46789198231053, 20.65084216122147]], [[-101.46789256544157, 20.650878271590553], [-101.46789198231053, 20.65084216122147]], [[-101.46789198231053, 20.65084216122147], [-101.46785361881578, 20.650842710099816]], [[-101.46785420193778, 20.65087882046995], [-101.46785361881578, 20.650842710099816]], [[-101.46785361881578, 20.650842710099816], [-101.46781525531976, 20.65084325896965]], [[-101.46781583843271, 20.65087936934082], [-101.46781525531976, 20.65084325896965]], [[-101.46781525531976, 20.65084325896965], [-101.4677768918225, 20.650843807830977]], [[-101.46777747492641, 20.650879918203195], [-101.4677768918225, 20.650843807830977]], [[-101.4677768918225, 20.650843807830977], [-101.46773852832398, 20.65084435668378]], [[-101.46773911141884, 20.650880467057046], [-101.46773852832398, 20.65084435668378]], [[-101.46773852832398, 20.65084435668378], [-101.4677001648242, 20.650844905528075]], [[-101.46770074791003, 20.65088101590239], [-101.4677001648242, 20.650844905528075]], [[-101.4677001648242, 20.650844905528075], [-101.46766180132319, 20.65084545436386]], [[-101.46766238439997, 20.65088156473922], [-101.46766180132319, 20.65084545436386]], [[-101.46766180132319, 20.65084545436386], [-101.4676234378209, 20.650846003191127]], [[-101.46762402088865, 20.650882113567526], [-101.4676234378209, 20.650846003191127]], [[-101.4676234378209, 20.650846003191127], [-101.4675850743174, 20.65084655200988]], [[-101.46758565737609, 20.650882662387325], [-101.4675850743174, 20.65084655200988]], [[-101.4675850743174, 20.65084655200988], [-101.46754671081261, 20.650847100820126]], [[-101.46754729386228, 20.650883211198614], [-101.46754671081261, 20.650847100820126]], [[-101.46754671081261, 20.650847100820126], [-101.46750834730659, 20.650847649621856]], [[-101.46750893034721, 20.650883760001392], [-101.46750834730659, 20.650847649621856]], [[-101.46750834730659, 20.650847649621856], [-101.46746998379932, 20.650848198415073]], [[-101.4674705668309, 20.650884308795646], [-101.46746998379932, 20.650848198415073]], [[-101.46746998379932, 20.650848198415073], [-101.4674316202908, 20.650848747199774]], [[-101.46743220331332, 20.650884857581396], [-101.4674316202908, 20.650848747199774]], [[-101.4674316202908, 20.650848747199774], [-101.46739325678102, 20.65084929597596]], [[-101.46739383979452, 20.65088540635863], [-101.46739325678102, 20.65084929597596]], [[-101.46739325678102, 20.65084929597596], [-101.46735489327, 20.65084984474364]], [[-101.46735547627445, 20.650885955127347], [-101.46735489327, 20.65084984474364]], [[-101.46735489327, 20.65084984474364], [-101.46731652975772, 20.650850393502797]], [[-101.46731711275314, 20.65088650388756], [-101.46731652975772, 20.650850393502797]], [[-101.46731652975772, 20.650850393502797], [-101.46727816624421, 20.650850942253445]], [[-101.46727874923057, 20.650887052639252], [-101.46727816624421, 20.650850942253445]], [[-101.46727816624421, 20.650850942253445], [-101.46723980272942, 20.65085149099558]], [[-101.46724038570676, 20.650887601382433], [-101.46723980272942, 20.65085149099558]], [[-101.46723980272942, 20.65085149099558], [-101.46720143921341, 20.6508520397292]], [[-101.4672020221817, 20.650888150117098], [-101.46720143921341, 20.6508520397292]], [[-101.46720143921341, 20.6508520397292], [-101.46716307569613, 20.650852588454317]], [[-101.46716365865537, 20.650888698843257], [-101.46716307569613, 20.650852588454317]], [[-101.46716307569613, 20.650852588454317], [-101.46712471217762, 20.650853137170905]], [[-101.46712529512781, 20.65088924756089], [-101.46712471217762, 20.650853137170905]], [[-101.46712471217762, 20.650853137170905], [-101.46708634865784, 20.650853685878996]], [[-101.46708693159898, 20.650889796270018], [-101.46708634865784, 20.650853685878996]], [[-101.46708634865784, 20.650853685878996], [-101.46704798513682, 20.650854234578564]], [[-101.46704856806892, 20.650890344970634], [-101.46704798513682, 20.650854234578564]], [[-101.46704798513682, 20.650854234578564], [-101.46700962161454, 20.65085478326961]], [[-101.4670102045376, 20.650890893662734], [-101.46700962161454, 20.65085478326961]], [[-101.46700962161454, 20.65085478326961], [-101.46697125809101, 20.650855331952158]], [[-101.46697184100503, 20.65089144234632], [-101.46697125809101, 20.650855331952158]], [[-101.46697125809101, 20.650855331952158], [-101.46693289456624, 20.650855880626185]], [[-101.46693347747123, 20.650891991021393], [-101.46693289456624, 20.650855880626185]], [[-101.46693289456624, 20.650855880626185], [-101.46689453104021, 20.650856429291707]], [[-101.46689511393616, 20.65089253968796], [-101.46689453104021, 20.650856429291707]], [[-101.46689453104021, 20.650856429291707], [-101.46685616751294, 20.650856977948703]], [[-101.46685675039984, 20.650893088346006], [-101.46685616751294, 20.650856977948703]], [[-101.46685616751294, 20.650856977948703], [-101.46681780398441, 20.650857526597196]], [[-101.46681838686226, 20.650893636995537], [-101.46681780398441, 20.650857526597196]], [[-101.46681780398441, 20.650857526597196], [-101.46677944045463, 20.650858075237167]], [[-101.46678002332345, 20.650894185636556], [-101.46677944045463, 20.650858075237167]], [[-101.46677944045463, 20.650858075237167], [-101.46674107692361, 20.65085862386863]], [[-101.46674165978338, 20.650894734269063], [-101.46674107692361, 20.65085862386863]], [[-101.46674107692361, 20.65085862386863], [-101.46670271339134, 20.650859172491582]], [[-101.46670329624207, 20.650895282893057], [-101.46670271339134, 20.650859172491582]], [[-101.46670271339134, 20.650859172491582], [-101.46666434985781, 20.65085972110602]], [[-101.4666649326995, 20.65089583150854], [-101.46666434985781, 20.65085972110602]], [[-101.46666434985781, 20.65085972110602], [-101.46662598632305, 20.650860269711938]], [[-101.46662656915568, 20.650896380115505], [-101.46662598632305, 20.650860269711938]], [[-101.46662598632305, 20.650860269711938], [-101.46658762278702, 20.650860818309344]], [[-101.46658820561062, 20.65089692871396], [-101.46658762278702, 20.650860818309344]], [[-101.46658762278702, 20.650860818309344], [-101.46654925924975, 20.650861366898244]], [[-101.4665498420643, 20.650897477303896], [-101.46654925924975, 20.650861366898244]], [[-101.46654925924975, 20.650861366898244], [-101.46651089571122, 20.650861915478625]], [[-101.46651147851674, 20.650898025885326], [-101.46651089571122, 20.650861915478625]], [[-101.46651089571122, 20.650861915478625], [-101.46647253217145, 20.650862464050498]], [[-101.46647311496791, 20.65089857445824], [-101.46647253217145, 20.650862464050498]], [[-101.46647253217145, 20.650862464050498], [-101.46643416863043, 20.65086301261385]], [[-101.46643475141785, 20.65089912302264], [-101.46643416863043, 20.65086301261385]], [[-101.46643416863043, 20.65086301261385], [-101.46639580508815, 20.6508635611687]], [[-101.46639638786652, 20.650899671578525], [-101.46639580508815, 20.6508635611687]], [[-101.46639580508815, 20.6508635611687], [-101.46635744154462, 20.650864109715027]], [[-101.46635802431396, 20.6509002201259], [-101.46635744154462, 20.650864109715027]], [[-101.46635744154462, 20.650864109715027], [-101.46631907799984, 20.65086465825284]], [[-101.46631966076016, 20.65090076866476], [-101.46631907799984, 20.65086465825284]], [[-101.46631907799984, 20.65086465825284], [-101.46628071445382, 20.65086520678214]], [[-101.46628129720509, 20.65090131719511], [-101.46628071445382, 20.65086520678214]], [[-101.46628071445382, 20.65086520678214], [-101.46624235090655, 20.650865755302927]], [[-101.46624293364877, 20.650901865716943], [-101.46624235090655, 20.650865755302927]], [[-101.46624235090655, 20.650865755302927], [-101.46620398735803, 20.650866303815206]], [[-101.46620457009121, 20.65090241423026], [-101.46620398735803, 20.650866303815206]], [[-101.46620398735803, 20.650866303815206], [-101.46616562380825, 20.650866852318966]], [[-101.46616620653239, 20.650902962735067], [-101.46616562380825, 20.650866852318966]], [[-101.46616562380825, 20.650866852318966], [-101.46612726025724, 20.650867400814217]], [[-101.46612784297233, 20.65090351123136], [-101.46612726025724, 20.650867400814217]], [[-101.46612726025724, 20.650867400814217], [-101.46608889670496, 20.650867949300952]], [[-101.46608947941101, 20.650904059719142], [-101.46608889670496, 20.650867949300952]], [[-101.46608889670496, 20.650867949300952], [-101.46605053315145, 20.650868497779175]], [[-101.46605111584846, 20.650904608198406], [-101.46605053315145, 20.650868497779175]], [[-101.46605053315145, 20.650868497779175], [-101.46601216959667, 20.650869046248882]], [[-101.46601275228464, 20.65090515666916], [-101.46601216959667, 20.650869046248882]], [[-101.46800707278734, 20.650840514535346], [-101.46800648963043, 20.65080440416923]], [[-101.46800648963043, 20.65080440416923], [-101.46796812614845, 20.65080495307207]], [[-101.46796870929633, 20.650841063439238], [-101.46796812614845, 20.65080495307207]], [[-101.46796812614845, 20.65080495307207], [-101.46792976266522, 20.6508055019664]], [[-101.46793034580406, 20.65084161233461], [-101.46792976266522, 20.6508055019664]], [[-101.46792976266522, 20.6508055019664], [-101.46789139918074, 20.650806050852218]], [[-101.46789198231053, 20.65084216122147], [-101.46789139918074, 20.650806050852218]], [[-101.46789139918074, 20.650806050852218], [-101.46785303569503, 20.65080659972952]], [[-101.46785361881578, 20.650842710099816], [-101.46785303569503, 20.65080659972952]], [[-101.46785303569503, 20.65080659972952], [-101.46781467220805, 20.65080714859831]], [[-101.46781525531976, 20.65084325896965], [-101.46781467220805, 20.65080714859831]], [[-101.46781467220805, 20.65080714859831], [-101.46777630871982, 20.650807697458585]], [[-101.4677768918225, 20.650843807830977], [-101.46777630871982, 20.650807697458585]], [[-101.46777630871982, 20.650807697458585], [-101.46773794523035, 20.65080824631035]], [[-101.46773852832398, 20.65084435668378], [-101.46773794523035, 20.65080824631035]], [[-101.46773794523035, 20.65080824631035], [-101.46769958173962, 20.650808795153598]], [[-101.4677001648242, 20.650844905528075], [-101.46769958173962, 20.650808795153598]], [[-101.46769958173962, 20.650808795153598], [-101.46766121824764, 20.650809343988335]], [[-101.46766180132319, 20.65084545436386], [-101.46766121824764, 20.650809343988335]], [[-101.46766121824764, 20.650809343988335], [-101.46762285475441, 20.650809892814557]], [[-101.4676234378209, 20.650846003191127], [-101.46762285475441, 20.650809892814557]], [[-101.46762285475441, 20.650809892814557], [-101.46758449125994, 20.650810441632274]], [[-101.4675850743174, 20.65084655200988], [-101.46758449125994, 20.650810441632274]], [[-101.46758449125994, 20.650810441632274], [-101.46754612776421, 20.650810990441467]], [[-101.46754671081261, 20.650847100820126], [-101.46754612776421, 20.650810990441467]], [[-101.46754612776421, 20.650810990441467], [-101.46750776426722, 20.650811539242152]], [[-101.46750834730659, 20.650847649621856], [-101.46750776426722, 20.650811539242152]], [[-101.46750776426722, 20.650811539242152], [-101.467469400769, 20.65081208803432]], [[-101.46746998379932, 20.650848198415073], [-101.467469400769, 20.65081208803432]], [[-101.467469400769, 20.65081208803432], [-101.46743103726952, 20.65081263681798]], [[-101.4674316202908, 20.650848747199774], [-101.46743103726952, 20.65081263681798]], [[-101.46743103726952, 20.65081263681798], [-101.46739267376879, 20.650813185593123]], [[-101.46739325678102, 20.65084929597596], [-101.46739267376879, 20.650813185593123]], [[-101.46739267376879, 20.650813185593123], [-101.4673543102668, 20.650813734359755]], [[-101.46735489327, 20.65084984474364], [-101.4673543102668, 20.650813734359755]], [[-101.4673543102668, 20.650813734359755], [-101.46731594676358, 20.65081428311787]], [[-101.46731652975772, 20.650850393502797], [-101.46731594676358, 20.65081428311787]], [[-101.46731594676358, 20.65081428311787], [-101.46727758325909, 20.65081483186747]], [[-101.46727816624421, 20.650850942253445], [-101.46727758325909, 20.65081483186747]], [[-101.46727758325909, 20.65081483186747], [-101.46723921975337, 20.650815380608567]], [[-101.46723980272942, 20.65085149099558], [-101.46723921975337, 20.650815380608567]], [[-101.46723921975337, 20.650815380608567], [-101.46720085624638, 20.650815929341142]], [[-101.46720143921341, 20.6508520397292], [-101.46720085624638, 20.650815929341142]], [[-101.46720085624638, 20.650815929341142], [-101.46716249273814, 20.650816478065206]], [[-101.46716307569613, 20.650852588454317], [-101.46716249273814, 20.650816478065206]], [[-101.46716249273814, 20.650816478065206], [-101.46712412922868, 20.650817026780757]], [[-101.46712471217762, 20.650853137170905], [-101.46712412922868, 20.650817026780757]], [[-101.46712412922868, 20.650817026780757], [-101.46708576571794, 20.650817575487796]], [[-101.46708634865784, 20.650853685878996], [-101.46708576571794, 20.650817575487796]], [[-101.46708576571794, 20.650817575487796], [-101.46704740220595, 20.65081812418632]], [[-101.46704798513682, 20.650854234578564], [-101.46704740220595, 20.65081812418632]], [[-101.46704740220595, 20.65081812418632], [-101.46700903869272, 20.65081867287633]], [[-101.46700962161454, 20.65085478326961], [-101.46700903869272, 20.65081867287633]], [[-101.46700903869272, 20.65081867287633], [-101.46697067517825, 20.650819221557825]], [[-101.46697125809101, 20.650855331952158], [-101.46697067517825, 20.650819221557825]], [[-101.46697067517825, 20.650819221557825], [-101.4669323116625, 20.650819770230807]], [[-101.46693289456624, 20.650855880626185], [-101.4669323116625, 20.650819770230807]], [[-101.4669323116625, 20.650819770230807], [-101.46689394814553, 20.65082031889528]], [[-101.46689453104021, 20.650856429291707], [-101.46689394814553, 20.65082031889528]], [[-101.46689394814553, 20.65082031889528], [-101.4668555846273, 20.65082086755124]], [[-101.46685616751294, 20.650856977948703], [-101.4668555846273, 20.65082086755124]], [[-101.4668555846273, 20.65082086755124], [-101.4668172211078, 20.65082141619868]], [[-101.46681780398441, 20.650857526597196], [-101.4668172211078, 20.65082141619868]], [[-101.4668172211078, 20.65082141619868], [-101.46677885758707, 20.65082196483761]], [[-101.46677944045463, 20.650858075237167], [-101.46677885758707, 20.65082196483761]], [[-101.46677885758707, 20.65082196483761], [-101.46674049406509, 20.65082251346803]], [[-101.46674107692361, 20.65085862386863], [-101.46674049406509, 20.65082251346803]], [[-101.46674049406509, 20.65082251346803], [-101.46670213054186, 20.650823062089934]], [[-101.46670271339134, 20.650859172491582], [-101.46670213054186, 20.650823062089934]], [[-101.46670213054186, 20.650823062089934], [-101.46666376701738, 20.65082361070333]], [[-101.46666434985781, 20.65085972110602], [-101.46666376701738, 20.65082361070333]], [[-101.46666376701738, 20.65082361070333], [-101.46662540349165, 20.650824159308208]], [[-101.46662598632305, 20.650860269711938], [-101.46662540349165, 20.650824159308208]], [[-101.46662540349165, 20.650824159308208], [-101.46658703996466, 20.65082470790457]], [[-101.46658762278702, 20.650860818309344], [-101.46658703996466, 20.65082470790457]], [[-101.46658703996466, 20.65082470790457], [-101.46654867643643, 20.65082525649242]], [[-101.46654925924975, 20.650861366898244], [-101.46654867643643, 20.65082525649242]], [[-101.46654867643643, 20.65082525649242], [-101.46651031290695, 20.650825805071758]], [[-101.46651089571122, 20.650861915478625], [-101.46651031290695, 20.650825805071758]], [[-101.46651031290695, 20.650825805071758], [-101.46647194937623, 20.650826353642582]], [[-101.46647253217145, 20.650862464050498], [-101.46647194937623, 20.650826353642582]], [[-101.46647194937623, 20.650826353642582], [-101.46643358584424, 20.650826902204894]], [[-101.46643416863043, 20.65086301261385], [-101.46643358584424, 20.650826902204894]], [[-101.46643358584424, 20.650826902204894], [-101.46639522231101, 20.65082745075869]], [[-101.46639580508815, 20.6508635611687], [-101.46639522231101, 20.65082745075869]], [[-101.46639522231101, 20.65082745075869], [-101.46635685877652, 20.65082799930397]], [[-101.46635744154462, 20.650864109715027], [-101.46635685877652, 20.65082799930397]], [[-101.46635685877652, 20.65082799930397], [-101.4663184952408, 20.650828547840746]], [[-101.46631907799984, 20.65086465825284], [-101.4663184952408, 20.650828547840746]], [[-101.4663184952408, 20.650828547840746], [-101.46628013170381, 20.650829096369005]], [[-101.46628071445382, 20.65086520678214], [-101.46628013170381, 20.650829096369005]], [[-101.46628013170381, 20.650829096369005], [-101.46624176816559, 20.65082964488875]], [[-101.46624235090655, 20.650865755302927], [-101.46624176816559, 20.65082964488875]], [[-101.46624176816559, 20.65082964488875], [-101.4662034046261, 20.650830193399983]], [[-101.46620398735803, 20.650866303815206], [-101.4662034046261, 20.650830193399983]], [[-101.4662034046261, 20.650830193399983], [-101.46616504108538, 20.650830741902695]], [[-101.46616562380825, 20.650866852318966], [-101.46616504108538, 20.650830741902695]], [[-101.46616504108538, 20.650830741902695], [-101.4661266775434, 20.650831290396905]], [[-101.46612726025724, 20.650867400814217], [-101.4661266775434, 20.650831290396905]], [[-101.4661266775434, 20.650831290396905], [-101.46608831400017, 20.65083183888259]], [[-101.46608889670496, 20.650867949300952], [-101.46608831400017, 20.65083183888259]], [[-101.46608831400017, 20.65083183888259], [-101.46604995045568, 20.65083238735977]], [[-101.46605053315145, 20.650868497779175], [-101.46604995045568, 20.65083238735977]], [[-101.46800648963043, 20.65080440416923], [-101.46800590647476, 20.650768293802944]], [[-101.46800590647476, 20.650768293802944], [-101.46796754300183, 20.65076884270474]], [[-101.46796812614845, 20.65080495307207], [-101.46796754300183, 20.65076884270474]], [[-101.46796754300183, 20.65076884270474], [-101.46792917952764, 20.650769391598025]], [[-101.46792976266522, 20.6508055019664], [-101.46792917952764, 20.650769391598025]], [[-101.46792917952764, 20.650769391598025], [-101.4678908160522, 20.650769940482792]], [[-101.46789139918074, 20.650806050852218], [-101.4678908160522, 20.650769940482792]], [[-101.4678908160522, 20.650769940482792], [-101.46785245257553, 20.650770489359054]], [[-101.46785303569503, 20.65080659972952], [-101.46785245257553, 20.650770489359054]], [[-101.46785245257553, 20.650770489359054], [-101.4678140890976, 20.650771038226797]], [[-101.46781467220805, 20.65080714859831], [-101.4678140890976, 20.650771038226797]], [[-101.4678140890976, 20.650771038226797], [-101.46777572561841, 20.65077158708603]], [[-101.46777630871982, 20.650807697458585], [-101.46777572561841, 20.65077158708603]], [[-101.46777572561841, 20.65077158708603], [-101.46773736213798, 20.650772135936748]], [[-101.46773794523035, 20.65080824631035], [-101.46773736213798, 20.650772135936748]], [[-101.46773736213798, 20.650772135936748], [-101.46769899865629, 20.650772684778957]], [[-101.46769958173962, 20.650808795153598], [-101.46769899865629, 20.650772684778957]], [[-101.46769899865629, 20.650772684778957], [-101.46766063517336, 20.650773233612643]], [[-101.46766121824764, 20.650809343988335], [-101.46766063517336, 20.650773233612643]], [[-101.46766063517336, 20.650773233612643], [-101.46762227168918, 20.650773782437824]], [[-101.46762285475441, 20.650809892814557], [-101.46762227168918, 20.650773782437824]], [[-101.46762227168918, 20.650773782437824], [-101.46758390820374, 20.65077433125449]], [[-101.46758449125994, 20.650810441632274], [-101.46758390820374, 20.65077433125449]], [[-101.46758390820374, 20.65077433125449], [-101.46754554471704, 20.650774880062638]], [[-101.46754612776421, 20.650810990441467], [-101.46754554471704, 20.650774880062638]], [[-101.46754554471704, 20.650774880062638], [-101.46750718122911, 20.65077542886228]], [[-101.46750776426722, 20.650811539242152], [-101.46750718122911, 20.65077542886228]], [[-101.46750718122911, 20.65077542886228], [-101.46746881773991, 20.650775977653407]], [[-101.467469400769, 20.65081208803432], [-101.46746881773991, 20.650775977653407]], [[-101.46746881773991, 20.650775977653407], [-101.46743045424948, 20.650776526436015]], [[-101.46743103726952, 20.65081263681798], [-101.46743045424948, 20.650776526436015]], [[-101.46743045424948, 20.650776526436015], [-101.4673920907578, 20.650777075210115]], [[-101.46739267376879, 20.650813185593123], [-101.4673920907578, 20.650777075210115]], [[-101.4673920907578, 20.650777075210115], [-101.46735372726486, 20.6507776239757]], [[-101.4673543102668, 20.650813734359755], [-101.46735372726486, 20.6507776239757]], [[-101.46735372726486, 20.6507776239757], [-101.46731536377067, 20.650778172732775]], [[-101.46731594676358, 20.65081428311787], [-101.46731536377067, 20.650778172732775]], [[-101.46731536377067, 20.650778172732775], [-101.46727700027523, 20.650778721481327]], [[-101.46727758325909, 20.65081483186747], [-101.46727700027523, 20.650778721481327]], [[-101.46727700027523, 20.650778721481327], [-101.46723863677855, 20.65077927022138]], [[-101.46723921975337, 20.650815380608567], [-101.46723863677855, 20.65077927022138]], [[-101.46723863677855, 20.65077927022138], [-101.46720027328061, 20.650779818952913]], [[-101.46720085624638, 20.650815929341142], [-101.46720027328061, 20.650779818952913]], [[-101.46720027328061, 20.650779818952913], [-101.46716190978141, 20.650780367675928]], [[-101.46716249273814, 20.650816478065206], [-101.46716190978141, 20.650780367675928]], [[-101.46716190978141, 20.650780367675928], [-101.46712354628097, 20.650780916390435]], [[-101.46712412922868, 20.650817026780757], [-101.46712354628097, 20.650780916390435]], [[-101.46712354628097, 20.650780916390435], [-101.46708518277929, 20.650781465096426]], [[-101.46708576571794, 20.650817575487796], [-101.46708518277929, 20.650781465096426]], [[-101.46708518277929, 20.650781465096426], [-101.46704681927635, 20.650782013793908]], [[-101.46704740220595, 20.65081812418632], [-101.46704681927635, 20.650782013793908]], [[-101.46704681927635, 20.650782013793908], [-101.46700845577215, 20.650782562482874]], [[-101.46700903869272, 20.65081867287633], [-101.46700845577215, 20.650782562482874]], [[-101.46700845577215, 20.650782562482874], [-101.4669700922667, 20.650783111163324]], [[-101.46697067517825, 20.650819221557825], [-101.4669700922667, 20.650783111163324]], [[-101.4669700922667, 20.650783111163324], [-101.46693172876003, 20.650783659835266]], [[-101.4669323116625, 20.650819770230807], [-101.46693172876003, 20.650783659835266]], [[-101.46693172876003, 20.650783659835266], [-101.46689336525208, 20.650784208498692]], [[-101.46689394814553, 20.65082031889528], [-101.46689336525208, 20.650784208498692]], [[-101.46689336525208, 20.650784208498692], [-101.4668550017429, 20.650784757153605]], [[-101.4668555846273, 20.65082086755124], [-101.4668550017429, 20.650784757153605]], [[-101.4668550017429, 20.650784757153605], [-101.46681663823246, 20.650785305800007]], [[-101.4668172211078, 20.65082141619868], [-101.46681663823246, 20.650785305800007]], [[-101.46681663823246, 20.650785305800007], [-101.46677827472077, 20.650785854437892]], [[-101.46677885758707, 20.65082196483761], [-101.46677827472077, 20.650785854437892]], [[-101.46677827472077, 20.650785854437892], [-101.46673991120782, 20.65078640306726]], [[-101.46674049406509, 20.65082251346803], [-101.46673991120782, 20.65078640306726]], [[-101.46673991120782, 20.65078640306726], [-101.46670154769363, 20.650786951688126]], [[-101.46670213054186, 20.650823062089934], [-101.46670154769363, 20.650786951688126]], [[-101.46670154769363, 20.650786951688126], [-101.4666631841782, 20.65078750030047]], [[-101.46666376701738, 20.65082361070333], [-101.4666631841782, 20.65078750030047]], [[-101.4666631841782, 20.65078750030047], [-101.46662482066151, 20.650788048904303]], [[-101.46662540349165, 20.650824159308208], [-101.46662482066151, 20.650788048904303]], [[-101.46662482066151, 20.650788048904303], [-101.46658645714356, 20.65078859749962]], [[-101.46658703996466, 20.65082470790457], [-101.46658645714356, 20.65078859749962]], [[-101.46658645714356, 20.65078859749962], [-101.46654809362437, 20.650789146086428]], [[-101.46654867643643, 20.65082525649242], [-101.46654809362437, 20.650789146086428]], [[-101.46654809362437, 20.650789146086428], [-101.46650973010394, 20.650789694664727]], [[-101.46651031290695, 20.650825805071758], [-101.46650973010394, 20.650789694664727]], [[-101.46650973010394, 20.650789694664727], [-101.46647136658225, 20.6507902432345]], [[-101.46647194937623, 20.650826353642582], [-101.46647136658225, 20.6507902432345]], [[-101.46647136658225, 20.6507902432345], [-101.46643300305931, 20.65079079179577]], [[-101.46643358584424, 20.650826902204894], [-101.46643300305931, 20.65079079179577]], [[-101.46643300305931, 20.65079079179577], [-101.46639463953512, 20.65079134034852]], [[-101.46639522231101, 20.65082745075869], [-101.46639463953512, 20.65079134034852]], [[-101.46639463953512, 20.65079134034852], [-101.46635627600969, 20.65079188889276]], [[-101.46635685877652, 20.65082799930397], [-101.46635627600969, 20.65079188889276]], [[-101.46635627600969, 20.65079188889276], [-101.46631791248299, 20.650792437428493]], [[-101.4663184952408, 20.650828547840746], [-101.46631791248299, 20.650792437428493]], [[-101.46631791248299, 20.650792437428493], [-101.46627954895506, 20.650792985955704]], [[-101.46628013170381, 20.650829096369005], [-101.46627954895506, 20.650792985955704]], [[-101.46627954895506, 20.650792985955704], [-101.46624118542586, 20.6507935344744]], [[-101.46624176816559, 20.65082964488875], [-101.46624118542586, 20.6507935344744]], [[-101.46624118542586, 20.6507935344744], [-101.46620282189542, 20.65079408298459]], [[-101.4662034046261, 20.650830193399983], [-101.46620282189542, 20.65079408298459]], [[-101.46620282189542, 20.65079408298459], [-101.46616445836374, 20.65079463148626]], [[-101.46616504108538, 20.650830741902695], [-101.46616445836374, 20.65079463148626]], [[-101.46616445836374, 20.65079463148626], [-101.46612609483081, 20.650795179979422]], [[-101.4661266775434, 20.650831290396905], [-101.46612609483081, 20.650795179979422]], [[-101.46612609483081, 20.650795179979422], [-101.46608773129661, 20.650795728464068]], [[-101.46608831400017, 20.65083183888259], [-101.46608773129661, 20.650795728464068]], [[-101.46800590647476, 20.650768293802944], [-101.46800532332034, 20.650732183436496]], [[-101.46800532332034, 20.650732183436496], [-101.46796695985645, 20.650732732337246]], [[-101.46796754300183, 20.65076884270474], [-101.46796695985645, 20.650732732337246]], [[-101.46796695985645, 20.650732732337246], [-101.46792859639132, 20.650733281229492]], [[-101.46792917952764, 20.650769391598025], [-101.46792859639132, 20.650733281229492]], [[-101.46792859639132, 20.650733281229492], [-101.46789023292492, 20.650733830113214]], [[-101.4678908160522, 20.650769940482792], [-101.46789023292492, 20.650733830113214]], [[-101.46789023292492, 20.650733830113214], [-101.46785186945728, 20.650734378988425]], [[-101.46785245257553, 20.650770489359054], [-101.46785186945728, 20.650734378988425]], [[-101.46785186945728, 20.650734378988425], [-101.46781350598839, 20.65073492785513]], [[-101.4678140890976, 20.650771038226797], [-101.46781350598839, 20.65073492785513]], [[-101.46781350598839, 20.65073492785513], [-101.46777514251825, 20.65073547671331]], [[-101.46777572561841, 20.65077158708603], [-101.46777514251825, 20.65073547671331]], [[-101.46777514251825, 20.65073547671331], [-101.46773677904686, 20.650736025562985]], [[-101.46773736213798, 20.650772135936748], [-101.46773677904686, 20.650736025562985]], [[-101.46773677904686, 20.650736025562985], [-101.4676984155742, 20.650736574404142]], [[-101.46769899865629, 20.650772684778957], [-101.4676984155742, 20.650736574404142]], [[-101.4676984155742, 20.650736574404142], [-101.46766005210031, 20.65073712323679]], [[-101.46766063517336, 20.650773233612643], [-101.46766005210031, 20.65073712323679]], [[-101.46766005210031, 20.65073712323679], [-101.46762168862517, 20.650737672060924]], [[-101.46762227168918, 20.650773782437824], [-101.46762168862517, 20.650737672060924]], [[-101.46762168862517, 20.650737672060924], [-101.46758332514878, 20.650738220876548]], [[-101.46758390820374, 20.65077433125449], [-101.46758332514878, 20.650738220876548]], [[-101.46758332514878, 20.650738220876548], [-101.46754496167114, 20.65073876968365]], [[-101.46754554471704, 20.650774880062638], [-101.46754496167114, 20.65073876968365]], [[-101.46754496167114, 20.65073876968365], [-101.46750659819224, 20.650739318482245]], [[-101.46750718122911, 20.65077542886228], [-101.46750659819224, 20.650739318482245]], [[-101.46750659819224, 20.650739318482245], [-101.4674682347121, 20.650739867272325]], [[-101.46746881773991, 20.650775977653407], [-101.4674682347121, 20.650739867272325]], [[-101.4674682347121, 20.650739867272325], [-101.4674298712307, 20.650740416053893]], [[-101.46743045424948, 20.650776526436015], [-101.4674298712307, 20.650740416053893]], [[-101.4674298712307, 20.650740416053893], [-101.46739150774806, 20.650740964826944]], [[-101.4673920907578, 20.650777075210115], [-101.46739150774806, 20.650740964826944]], [[-101.46739150774806, 20.650740964826944], [-101.46735314426417, 20.650741513591484]], [[-101.46735372726486, 20.6507776239757], [-101.46735314426417, 20.650741513591484]], [[-101.46735314426417, 20.650741513591484], [-101.46731478077902, 20.65074206234751]], [[-101.46731536377067, 20.650778172732775], [-101.46731478077902, 20.65074206234751]], [[-101.46731478077902, 20.65074206234751], [-101.46727641729262, 20.650742611095026]], [[-101.46727700027523, 20.650778721481327], [-101.46727641729262, 20.650742611095026]], [[-101.46727641729262, 20.650742611095026], [-101.46723805380496, 20.65074315983403]], [[-101.46723863677855, 20.65077927022138], [-101.46723805380496, 20.65074315983403]], [[-101.46723805380496, 20.65074315983403], [-101.46719969031608, 20.650743708564516]], [[-101.46720027328061, 20.650779818952913], [-101.46719969031608, 20.650743708564516]], [[-101.46719969031608, 20.650743708564516], [-101.46716132682593, 20.650744257286494]], [[-101.46716190978141, 20.650780367675928], [-101.46716132682593, 20.650744257286494]], [[-101.46716132682593, 20.650744257286494], [-101.46712296333452, 20.65074480599995]], [[-101.46712354628097, 20.650780916390435], [-101.46712296333452, 20.65074480599995]], [[-101.46712296333452, 20.65074480599995], [-101.46708459984188, 20.6507453547049]], [[-101.46708518277929, 20.650781465096426], [-101.46708459984188, 20.6507453547049]], [[-101.46708459984188, 20.6507453547049], [-101.46704623634798, 20.650745903401333]], [[-101.46704681927635, 20.650782013793908], [-101.46704623634798, 20.650745903401333]], [[-101.46704623634798, 20.650745903401333], [-101.46700787285283, 20.65074645208926]], [[-101.46700845577215, 20.650782562482874], [-101.46700787285283, 20.65074645208926]], [[-101.46700787285283, 20.65074645208926], [-101.46696950935645, 20.650747000768664]], [[-101.4669700922667, 20.650783111163324], [-101.46696950935645, 20.650747000768664]], [[-101.46696950935645, 20.650747000768664], [-101.4669311458588, 20.65074754943956]], [[-101.46693172876003, 20.650783659835266], [-101.4669311458588, 20.65074754943956]], [[-101.4669311458588, 20.65074754943956], [-101.4668927823599, 20.65074809810194]], [[-101.46689336525208, 20.650784208498692], [-101.4668927823599, 20.65074809810194]], [[-101.4668927823599, 20.65074809810194], [-101.46685441885974, 20.650748646755805]], [[-101.4668550017429, 20.650784757153605], [-101.46685441885974, 20.650748646755805]], [[-101.46685441885974, 20.650748646755805], [-101.46681605535835, 20.650749195401165]], [[-101.46681663823246, 20.650785305800007], [-101.46681605535835, 20.650749195401165]], [[-101.46681605535835, 20.650749195401165], [-101.46677769185571, 20.650749744038002]], [[-101.46677827472077, 20.650785854437892], [-101.46677769185571, 20.650749744038002]], [[-101.46677769185571, 20.650749744038002], [-101.4667393283518, 20.65075029266633]], [[-101.46673991120782, 20.65078640306726], [-101.4667393283518, 20.65075029266633]], [[-101.4667393283518, 20.65075029266633], [-101.46670096484667, 20.650750841286147]], [[-101.46670154769363, 20.650786951688126], [-101.46670096484667, 20.650750841286147]], [[-101.46670096484667, 20.650750841286147], [-101.46666260134025, 20.650751389897447]], [[-101.4666631841782, 20.65078750030047], [-101.46666260134025, 20.650751389897447]], [[-101.46666260134025, 20.650751389897447], [-101.46662423783262, 20.65075193850024]], [[-101.46662482066151, 20.650788048904303], [-101.46662423783262, 20.65075193850024]], [[-101.46662423783262, 20.65075193850024], [-101.46658587432371, 20.650752487094515]], [[-101.46658645714356, 20.65078859749962], [-101.46658587432371, 20.650752487094515]], [[-101.46658587432371, 20.650752487094515], [-101.46654751081357, 20.65075303568027]], [[-101.46654809362437, 20.650789146086428], [-101.46654751081357, 20.65075303568027]], [[-101.46654751081357, 20.65075303568027], [-101.46650914730218, 20.650753584257522]], [[-101.46650973010394, 20.650789694664727], [-101.46650914730218, 20.650753584257522]], [[-101.46650914730218, 20.650753584257522], [-101.46647078378952, 20.65075413282626]], [[-101.46647136658225, 20.6507902432345], [-101.46647078378952, 20.65075413282626]], [[-101.46647078378952, 20.65075413282626], [-101.46643242027564, 20.650754681386477]], [[-101.46643300305931, 20.65079079179577], [-101.46643242027564, 20.650754681386477]], [[-101.46643242027564, 20.650754681386477], [-101.46639405676048, 20.65075522993819]], [[-101.46639463953512, 20.65079134034852], [-101.46639405676048, 20.65075522993819]], [[-101.46639405676048, 20.65075522993819], [-101.46635569324408, 20.650755778481383]], [[-101.46635627600969, 20.65079188889276], [-101.46635569324408, 20.650755778481383]], [[-101.46635569324408, 20.650755778481383], [-101.46631732972644, 20.65075632701607]], [[-101.46631791248299, 20.650792437428493], [-101.46631732972644, 20.65075632701607]], [[-101.46631732972644, 20.65075632701607], [-101.46627896620754, 20.650756875542235]], [[-101.46627954895506, 20.650792985955704], [-101.46627896620754, 20.650756875542235]], [[-101.46627896620754, 20.650756875542235], [-101.46624060268739, 20.65075742405989]], [[-101.46624118542586, 20.6507935344744], [-101.46624060268739, 20.65075742405989]], [[-101.46624060268739, 20.65075742405989], [-101.466202239166, 20.650757972569032]], [[-101.46620282189542, 20.65079408298459], [-101.466202239166, 20.650757972569032]], [[-101.466202239166, 20.650757972569032], [-101.46616387564336, 20.650758521069662]], [[-101.46616445836374, 20.65079463148626], [-101.46616387564336, 20.650758521069662]], [[-101.46616387564336, 20.650758521069662], [-101.46612551211946, 20.650759069561776]], [[-101.46612609483081, 20.650795179979422], [-101.46612551211946, 20.650759069561776]], [[-101.46800532332034, 20.650732183436496], [-101.46800474016717, 20.65069607306988]], [[-101.46800474016717, 20.65069607306988], [-101.46796637671233, 20.650696621969587]], [[-101.46796695985645, 20.650732732337246], [-101.46796637671233, 20.650696621969587]], [[-101.46796637671233, 20.650696621969587], [-101.46792801325623, 20.650697170860788]], [[-101.46792859639132, 20.650733281229492], [-101.46792801325623, 20.650697170860788]], [[-101.46792801325623, 20.650697170860788], [-101.46788964979888, 20.65069771974347]], [[-101.46789023292492, 20.650733830113214], [-101.46788964979888, 20.65069771974347]], [[-101.46788964979888, 20.65069771974347], [-101.46785128634029, 20.65069826861763]], [[-101.46785186945728, 20.650734378988425], [-101.46785128634029, 20.65069826861763]], [[-101.46785128634029, 20.65069826861763], [-101.46781292288043, 20.65069881748329]], [[-101.46781350598839, 20.65073492785513], [-101.46781292288043, 20.65069881748329]], [[-101.46781292288043, 20.65069881748329], [-101.46777455941934, 20.650699366340426]], [[-101.46777514251825, 20.65073547671331], [-101.46777455941934, 20.650699366340426]], [[-101.46777455941934, 20.650699366340426], [-101.46773619595697, 20.650699915189055]], [[-101.46773677904686, 20.650736025562985], [-101.46773619595697, 20.650699915189055]], [[-101.46773619595697, 20.650699915189055], [-101.46769783249339, 20.650700464029168]], [[-101.4676984155742, 20.650736574404142], [-101.46769783249339, 20.650700464029168]], [[-101.46769783249339, 20.650700464029168], [-101.46765946902853, 20.650701012860768]], [[-101.46766005210031, 20.65073712323679], [-101.46765946902853, 20.650701012860768]], [[-101.46765946902853, 20.650701012860768], [-101.46762110556244, 20.65070156168386]], [[-101.46762168862517, 20.650737672060924], [-101.46762110556244, 20.65070156168386]], [[-101.46762110556244, 20.65070156168386], [-101.46758274209508, 20.650702110498436]], [[-101.46758332514878, 20.650738220876548], [-101.46758274209508, 20.650702110498436]], [[-101.46758274209508, 20.650702110498436], [-101.46754437862649, 20.650702659304496]], [[-101.46754496167114, 20.65073876968365], [-101.46754437862649, 20.650702659304496]], [[-101.46754437862649, 20.650702659304496], [-101.46750601515663, 20.65070320810204]], [[-101.46750659819224, 20.650739318482245], [-101.46750601515663, 20.65070320810204]], [[-101.46750601515663, 20.65070320810204], [-101.46746765168552, 20.650703756891076]], [[-101.4674682347121, 20.650739867272325], [-101.46746765168552, 20.650703756891076]], [[-101.46746765168552, 20.650703756891076], [-101.46742928821317, 20.6507043056716]], [[-101.4674298712307, 20.650740416053893], [-101.46742928821317, 20.6507043056716]], [[-101.46742928821317, 20.6507043056716], [-101.46739092473956, 20.65070485444361]], [[-101.46739150774806, 20.650740964826944], [-101.46739092473956, 20.65070485444361]], [[-101.46739092473956, 20.65070485444361], [-101.4673525612647, 20.650705403207105]], [[-101.46735314426417, 20.650741513591484], [-101.4673525612647, 20.650705403207105]], [[-101.4673525612647, 20.650705403207105], [-101.46731419778861, 20.650705951962088]], [[-101.46731478077902, 20.65074206234751], [-101.46731419778861, 20.650705951962088]], [[-101.46731419778861, 20.650705951962088], [-101.46727583431127, 20.650706500708555]], [[-101.46727641729262, 20.650742611095026], [-101.46727583431127, 20.650706500708555]], [[-101.46727583431127, 20.650706500708555], [-101.46723747083266, 20.650707049446517]], [[-101.46723805380496, 20.65074315983403], [-101.46723747083266, 20.650707049446517]], [[-101.46723747083266, 20.650707049446517], [-101.4671991073528, 20.65070759817596]], [[-101.46719969031608, 20.650743708564516], [-101.4671991073528, 20.65070759817596]], [[-101.4671991073528, 20.65070759817596], [-101.46716074387169, 20.650708146896886]], [[-101.46716132682593, 20.650744257286494], [-101.46716074387169, 20.650708146896886]], [[-101.46716074387169, 20.650708146896886], [-101.46712238038933, 20.6507086956093]], [[-101.46712296333452, 20.65074480599995], [-101.46712238038933, 20.6507086956093]], [[-101.46712238038933, 20.6507086956093], [-101.46708401690574, 20.6507092443132]], [[-101.46708459984188, 20.6507453547049], [-101.46708401690574, 20.6507092443132]], [[-101.46708401690574, 20.6507092443132], [-101.46704565342088, 20.650709793008595]], [[-101.46704623634798, 20.650745903401333], [-101.46704565342088, 20.650709793008595]], [[-101.46704565342088, 20.650709793008595], [-101.46700728993477, 20.650710341695472]], [[-101.46700787285283, 20.65074645208926], [-101.46700728993477, 20.650710341695472]], [[-101.46700728993477, 20.650710341695472], [-101.46696892644742, 20.650710890373833]], [[-101.46696950935645, 20.650747000768664], [-101.46696892644742, 20.650710890373833]], [[-101.46696892644742, 20.650710890373833], [-101.46693056295881, 20.650711439043686]], [[-101.4669311458588, 20.65074754943956], [-101.46693056295881, 20.650711439043686]], [[-101.46693056295881, 20.650711439043686], [-101.46689219946896, 20.65071198770502]], [[-101.4668927823599, 20.65074809810194], [-101.46689219946896, 20.65071198770502]], [[-101.46689219946896, 20.65071198770502], [-101.46685383597786, 20.650712536357844]], [[-101.46685441885974, 20.650748646755805], [-101.46685383597786, 20.650712536357844]], [[-101.46685383597786, 20.650712536357844], [-101.4668154724855, 20.650713085002156]], [[-101.46681605535835, 20.650749195401165], [-101.4668154724855, 20.650713085002156]], [[-101.4668154724855, 20.650713085002156], [-101.46677710899189, 20.650713633637952]], [[-101.46677769185571, 20.650749744038002], [-101.46677710899189, 20.650713633637952]], [[-101.46677710899189, 20.650713633637952], [-101.46673874549703, 20.650714182265236]], [[-101.4667393283518, 20.65075029266633], [-101.46673874549703, 20.650714182265236]], [[-101.46673874549703, 20.650714182265236], [-101.46670038200094, 20.650714730884]], [[-101.46670096484667, 20.650750841286147], [-101.46670038200094, 20.650714730884]], [[-101.46670038200094, 20.650714730884], [-101.46666201850357, 20.65071527949426]], [[-101.46666260134025, 20.650751389897447], [-101.46666201850357, 20.65071527949426]], [[-101.46666201850357, 20.65071527949426], [-101.46662365500497, 20.650715828096004]], [[-101.46662423783262, 20.65075193850024], [-101.46662365500497, 20.650715828096004]], [[-101.46662365500497, 20.650715828096004], [-101.46658529150511, 20.650716376689232]], [[-101.46658587432371, 20.650752487094515], [-101.46658529150511, 20.650716376689232]], [[-101.46658529150511, 20.650716376689232], [-101.466546928004, 20.65071692527395]], [[-101.46654751081357, 20.65075303568027], [-101.466546928004, 20.65071692527395]], [[-101.466546928004, 20.65071692527395], [-101.46650856450165, 20.650717473850158]], [[-101.46650914730218, 20.650753584257522], [-101.46650856450165, 20.650717473850158]], [[-101.46650856450165, 20.650717473850158], [-101.46647020099805, 20.65071802241785]], [[-101.46647078378952, 20.65075413282626], [-101.46647020099805, 20.65071802241785]], [[-101.46647020099805, 20.65071802241785], [-101.4664318374932, 20.650718570977023]], [[-101.46643242027564, 20.650754681386477], [-101.4664318374932, 20.650718570977023]], [[-101.4664318374932, 20.650718570977023], [-101.4663934739871, 20.650719119527686]], [[-101.46639405676048, 20.65075522993819], [-101.4663934739871, 20.650719119527686]], [[-101.4663934739871, 20.650719119527686], [-101.46635511047974, 20.65071966806984]], [[-101.46635569324408, 20.650755778481383], [-101.46635511047974, 20.65071966806984]], [[-101.46635511047974, 20.65071966806984], [-101.46631674697113, 20.65072021660347]], [[-101.46631732972644, 20.65075632701607], [-101.46631674697113, 20.65072021660347]], [[-101.46631674697113, 20.65072021660347], [-101.46627838346127, 20.650720765128604]], [[-101.46627896620754, 20.650756875542235], [-101.46627838346127, 20.650720765128604]], [[-101.46627838346127, 20.650720765128604], [-101.46624001995018, 20.650721313645217]], [[-101.46624060268739, 20.65075742405989], [-101.46624001995018, 20.650721313645217]], [[-101.46624001995018, 20.650721313645217], [-101.46620165643783, 20.650721862153308]], [[-101.466202239166, 20.650757972569032], [-101.46620165643783, 20.650721862153308]], [[-101.46620165643783, 20.650721862153308], [-101.46616329292422, 20.650722410652897]], [[-101.46616387564336, 20.650758521069662], [-101.46616329292422, 20.650722410652897]], [[-101.46800474016717, 20.65069607306988], [-101.46800415701526, 20.6506599627031]], [[-101.46800415701526, 20.6506599627031], [-101.46796579356945, 20.650660511601753]], [[-101.46796637671233, 20.650696621969587], [-101.46796579356945, 20.650660511601753]], [[-101.46796579356945, 20.650660511601753], [-101.4679274301224, 20.65066106049191]], [[-101.46792801325623, 20.650697170860788], [-101.4679274301224, 20.65066106049191]], [[-101.4679274301224, 20.65066106049191], [-101.46788906667409, 20.650661609373547]], [[-101.46788964979888, 20.65069771974347], [-101.46788906667409, 20.650661609373547]], [[-101.46788906667409, 20.650661609373547], [-101.46785070322454, 20.650662158246668]], [[-101.46785128634029, 20.65069826861763], [-101.46785070322454, 20.650662158246668]], [[-101.46785070322454, 20.650662158246668], [-101.46781233977373, 20.650662707111273]], [[-101.46781292288043, 20.65069881748329], [-101.46781233977373, 20.650662707111273]], [[-101.46781233977373, 20.650662707111273], [-101.46777397632168, 20.650663255967373]], [[-101.46777455941934, 20.650699366340426], [-101.46777397632168, 20.650663255967373]], [[-101.46777397632168, 20.650663255967373], [-101.46773561286837, 20.650663804814954]], [[-101.46773619595697, 20.650699915189055], [-101.46773561286837, 20.650663804814954]], [[-101.46773561286837, 20.650663804814954], [-101.4676972494138, 20.650664353654022]], [[-101.46769783249339, 20.650700464029168], [-101.4676972494138, 20.650664353654022]], [[-101.4676972494138, 20.650664353654022], [-101.467658885958, 20.650664902484582]], [[-101.46765946902853, 20.650701012860768], [-101.467658885958, 20.650664902484582]], [[-101.467658885958, 20.650664902484582], [-101.46762052250094, 20.650665451306622]], [[-101.46762110556244, 20.65070156168386], [-101.46762052250094, 20.650665451306622]], [[-101.46762052250094, 20.650665451306622], [-101.46758215904262, 20.650666000120154]], [[-101.46758274209508, 20.650702110498436], [-101.46758215904262, 20.650666000120154]], [[-101.46758215904262, 20.650666000120154], [-101.46754379558307, 20.65066654892517]], [[-101.46754437862649, 20.650702659304496], [-101.46754379558307, 20.65066654892517]], [[-101.46754379558307, 20.65066654892517], [-101.46750543212227, 20.650667097721673]], [[-101.46750601515663, 20.65070320810204], [-101.46750543212227, 20.650667097721673]], [[-101.46750543212227, 20.650667097721673], [-101.4674670686602, 20.650667646509664]], [[-101.46746765168552, 20.650703756891076], [-101.4674670686602, 20.650667646509664]], [[-101.4674670686602, 20.650667646509664], [-101.4674287051969, 20.65066819528914]], [[-101.46742928821317, 20.6507043056716], [-101.4674287051969, 20.65066819528914]], [[-101.4674287051969, 20.65066819528914], [-101.46739034173233, 20.650668744060106]], [[-101.46739092473956, 20.65070485444361], [-101.46739034173233, 20.650668744060106]], [[-101.46739034173233, 20.650668744060106], [-101.46735197826652, 20.650669292822556]], [[-101.4673525612647, 20.650705403207105], [-101.46735197826652, 20.650669292822556]], [[-101.46735197826652, 20.650669292822556], [-101.46731361479945, 20.65066984157649]], [[-101.46731419778861, 20.650705951962088], [-101.46731361479945, 20.65066984157649]], [[-101.46731361479945, 20.65066984157649], [-101.46727525133115, 20.65067039032192]], [[-101.46727583431127, 20.650706500708555], [-101.46727525133115, 20.65067039032192]], [[-101.46727525133115, 20.65067039032192], [-101.46723688786159, 20.650670939058827]], [[-101.46723747083266, 20.650707049446517], [-101.46723688786159, 20.650670939058827]], [[-101.46723688786159, 20.650670939058827], [-101.46719852439077, 20.650671487787225]], [[-101.4671991073528, 20.65070759817596], [-101.46719852439077, 20.650671487787225]], [[-101.46719852439077, 20.650671487787225], [-101.46716016091871, 20.65067203650711]], [[-101.46716074387169, 20.650708146896886], [-101.46716016091871, 20.65067203650711]], [[-101.46716016091871, 20.65067203650711], [-101.46712179744539, 20.650672585218484]], [[-101.46712238038933, 20.6507086956093], [-101.46712179744539, 20.650672585218484]], [[-101.46712179744539, 20.650672585218484], [-101.46708343397083, 20.65067313392134]], [[-101.46708401690574, 20.6507092443132], [-101.46708343397083, 20.65067313392134]], [[-101.46708343397083, 20.65067313392134], [-101.46704507049502, 20.650673682615682]], [[-101.46704565342088, 20.650709793008595], [-101.46704507049502, 20.650673682615682]], [[-101.46704507049502, 20.650673682615682], [-101.46700670701796, 20.65067423130151]], [[-101.46700728993477, 20.650710341695472], [-101.46700670701796, 20.65067423130151]], [[-101.46700670701796, 20.65067423130151], [-101.46696834353965, 20.650674779978832]], [[-101.46696892644742, 20.650710890373833], [-101.46696834353965, 20.650674779978832]], [[-101.46696834353965, 20.650674779978832], [-101.46692998006009, 20.650675328647637]], [[-101.46693056295881, 20.650711439043686], [-101.46692998006009, 20.650675328647637]], [[-101.46692998006009, 20.650675328647637], [-101.46689161657928, 20.650675877307936]], [[-101.46689219946896, 20.65071198770502], [-101.46689161657928, 20.650675877307936]], [[-101.46689161657928, 20.650675877307936], [-101.4668532530972, 20.650676425959706]], [[-101.46685383597786, 20.650712536357844], [-101.4668532530972, 20.650676425959706]], [[-101.4668532530972, 20.650676425959706], [-101.46681488961389, 20.650676974602977]], [[-101.4668154724855, 20.650713085002156], [-101.46681488961389, 20.650676974602977]], [[-101.46681488961389, 20.650676974602977], [-101.46677652612932, 20.650677523237725]], [[-101.46677710899189, 20.650713633637952], [-101.46677652612932, 20.650677523237725]], [[-101.46677652612932, 20.650677523237725], [-101.46673816264352, 20.650678071863968]], [[-101.46673874549703, 20.650714182265236], [-101.46673816264352, 20.650678071863968]], [[-101.46673816264352, 20.650678071863968], [-101.46669979915644, 20.650678620481692]], [[-101.46670038200094, 20.650714730884], [-101.46669979915644, 20.650678620481692]], [[-101.46669979915644, 20.650678620481692], [-101.46666143566813, 20.650679169090903]], [[-101.46666201850357, 20.65071527949426], [-101.46666143566813, 20.650679169090903]], [[-101.46666143566813, 20.650679169090903], [-101.46662307217856, 20.650679717691602]], [[-101.46662365500497, 20.650715828096004], [-101.46662307217856, 20.650679717691602]], [[-101.46662307217856, 20.650679717691602], [-101.46658470868776, 20.65068026628379]], [[-101.46658529150511, 20.650716376689232], [-101.46658470868776, 20.65068026628379]], [[-101.46658470868776, 20.65068026628379], [-101.4665463451957, 20.65068081486746]], [[-101.466546928004, 20.65071692527395], [-101.4665463451957, 20.65068081486746]], [[-101.4665463451957, 20.65068081486746], [-101.46650798170239, 20.65068136344262]], [[-101.46650856450165, 20.650717473850158], [-101.46650798170239, 20.65068136344262]], [[-101.46650798170239, 20.65068136344262], [-101.46646961820782, 20.65068191200927]], [[-101.46647020099805, 20.65071802241785], [-101.46646961820782, 20.65068191200927]], [[-101.46646961820782, 20.65068191200927], [-101.466431254712, 20.6506824605674]], [[-101.4664318374932, 20.650718570977023], [-101.466431254712, 20.6506824605674]], [[-101.466431254712, 20.6506824605674], [-101.46639289121495, 20.65068300911702]], [[-101.4663934739871, 20.650719119527686], [-101.46639289121495, 20.65068300911702]], [[-101.46639289121495, 20.65068300911702], [-101.46635452771663, 20.650683557658123]], [[-101.46635511047974, 20.65071966806984], [-101.46635452771663, 20.650683557658123]], [[-101.46635452771663, 20.650683557658123], [-101.46631616421708, 20.65068410619072]], [[-101.46631674697113, 20.65072021660347], [-101.46631616421708, 20.65068410619072]], [[-101.46631616421708, 20.65068410619072], [-101.46627780071627, 20.650684654714794]], [[-101.46627838346127, 20.650720765128604], [-101.46627780071627, 20.650684654714794]], [[-101.46627780071627, 20.650684654714794], [-101.46623943721421, 20.650685203230363]], [[-101.46624001995018, 20.650721313645217], [-101.46623943721421, 20.650685203230363]], [[-101.46623943721421, 20.650685203230363], [-101.46620107371089, 20.650685751737416]], [[-101.46620165643783, 20.650721862153308], [-101.46620107371089, 20.650685751737416]], [[-101.46800415701526, 20.6506599627031], [-101.46800357386459, 20.650623852336143]], [[-101.46800357386459, 20.650623852336143], [-101.46796521042783, 20.650624401233767]], [[-101.46796579356945, 20.650660511601753], [-101.46796521042783, 20.650624401233767]], [[-101.46796521042783, 20.650624401233767], [-101.46792684698983, 20.650624950122868]], [[-101.4679274301224, 20.65066106049191], [-101.46792684698983, 20.650624950122868]], [[-101.46792684698983, 20.650624950122868], [-101.46788848355057, 20.650625499003457]], [[-101.46788906667409, 20.650661609373547], [-101.46788848355057, 20.650625499003457]], [[-101.46788848355057, 20.650625499003457], [-101.46785012011004, 20.650626047875534]], [[-101.46785070322454, 20.650662158246668], [-101.46785012011004, 20.650626047875534]], [[-101.46785012011004, 20.650626047875534], [-101.46781175666828, 20.650626596739098]], [[-101.46781233977373, 20.650662707111273], [-101.46781175666828, 20.650626596739098]], [[-101.46781175666828, 20.650626596739098], [-101.46777339322527, 20.650627145594154]], [[-101.46777397632168, 20.650663255967373], [-101.46777339322527, 20.650627145594154]], [[-101.46777339322527, 20.650627145594154], [-101.467735029781, 20.650627694440693]], [[-101.46773561286837, 20.650663804814954], [-101.467735029781, 20.650627694440693]], [[-101.467735029781, 20.650627694440693], [-101.46769666633548, 20.650628243278717]], [[-101.4676972494138, 20.650664353654022], [-101.46769666633548, 20.650628243278717]], [[-101.46769666633548, 20.650628243278717], [-101.46765830288871, 20.650628792108225]], [[-101.467658885958, 20.650664902484582], [-101.46765830288871, 20.650628792108225]], [[-101.46765830288871, 20.650628792108225], [-101.4676199394407, 20.65062934092922]], [[-101.46762052250094, 20.650665451306622], [-101.4676199394407, 20.65062934092922]], [[-101.4676199394407, 20.65062934092922], [-101.46758157599143, 20.650629889741708]], [[-101.46758215904262, 20.650666000120154], [-101.46758157599143, 20.650629889741708]], [[-101.46758157599143, 20.650629889741708], [-101.46754321254092, 20.650630438545683]], [[-101.46754379558307, 20.65066654892517], [-101.46754321254092, 20.650630438545683]], [[-101.46754321254092, 20.650630438545683], [-101.46750484908915, 20.650630987341138]], [[-101.46750543212227, 20.650667097721673], [-101.46750484908915, 20.650630987341138]], [[-101.46750484908915, 20.650630987341138], [-101.46746648563612, 20.650631536128085]], [[-101.4674670686602, 20.650667646509664], [-101.46746648563612, 20.650631536128085]], [[-101.46746648563612, 20.650631536128085], [-101.46742812218186, 20.65063208490652]], [[-101.4674287051969, 20.65066819528914], [-101.46742812218186, 20.65063208490652]], [[-101.46742812218186, 20.65063208490652], [-101.46738975872634, 20.65063263367643]], [[-101.46739034173233, 20.650668744060106], [-101.46738975872634, 20.65063263367643]], [[-101.46738975872634, 20.65063263367643], [-101.46735139526957, 20.650633182437836]], [[-101.46735197826652, 20.650669292822556], [-101.46735139526957, 20.650633182437836]], [[-101.46735139526957, 20.650633182437836], [-101.46731303181154, 20.650633731190734]], [[-101.46731361479945, 20.65066984157649], [-101.46731303181154, 20.650633731190734]], [[-101.46731303181154, 20.650633731190734], [-101.46727466835227, 20.650634279935115]], [[-101.46727525133115, 20.65067039032192], [-101.46727466835227, 20.650634279935115]], [[-101.46727466835227, 20.650634279935115], [-101.46723630489176, 20.65063482867098]], [[-101.46723688786159, 20.650670939058827], [-101.46723630489176, 20.65063482867098]], [[-101.46723630489176, 20.65063482867098], [-101.46719794143, 20.65063537739833]], [[-101.46719852439077, 20.650671487787225], [-101.46719794143, 20.65063537739833]], [[-101.46719794143, 20.65063537739833], [-101.46715957796697, 20.65063592611717]], [[-101.46716016091871, 20.65067203650711], [-101.46715957796697, 20.65063592611717]], [[-101.46715957796697, 20.65063592611717], [-101.4671212145027, 20.650636474827497]], [[-101.46712179744539, 20.650672585218484], [-101.4671212145027, 20.650636474827497]], [[-101.4671212145027, 20.650636474827497], [-101.46708285103719, 20.65063702352931]], [[-101.46708343397083, 20.65067313392134], [-101.46708285103719, 20.65063702352931]], [[-101.46708285103719, 20.65063702352931], [-101.4670444875704, 20.65063757222261]], [[-101.46704507049502, 20.650673682615682], [-101.4670444875704, 20.65063757222261]], [[-101.4670444875704, 20.65063757222261], [-101.46700612410238, 20.6506381209074]], [[-101.46700670701796, 20.65067423130151], [-101.46700612410238, 20.6506381209074]], [[-101.46700612410238, 20.6506381209074], [-101.46696776063311, 20.650638669583675]], [[-101.46696834353965, 20.650674779978832], [-101.46696776063311, 20.650638669583675]], [[-101.46696776063311, 20.650638669583675], [-101.4669293971626, 20.65063921825143]], [[-101.46692998006009, 20.650675328647637], [-101.4669293971626, 20.65063921825143]], [[-101.4669293971626, 20.65063921825143], [-101.46689103369083, 20.650639766910675]], [[-101.46689161657928, 20.650675877307936], [-101.46689103369083, 20.650639766910675]], [[-101.46689103369083, 20.650639766910675], [-101.46685267021782, 20.65064031556141]], [[-101.4668532530972, 20.650676425959706], [-101.46685267021782, 20.65064031556141]], [[-101.46685267021782, 20.65064031556141], [-101.46681430674353, 20.65064086420363]], [[-101.46681488961389, 20.650676974602977], [-101.46681430674353, 20.65064086420363]], [[-101.46681430674353, 20.65064086420363], [-101.46677594326802, 20.650641412837345]], [[-101.46677652612932, 20.650677523237725], [-101.46677594326802, 20.650641412837345]], [[-101.46677594326802, 20.650641412837345], [-101.46673757979124, 20.650641961462533]], [[-101.46673816264352, 20.650678071863968], [-101.46673757979124, 20.650641961462533]], [[-101.46673757979124, 20.650641961462533], [-101.46669921631323, 20.650642510079212]], [[-101.46669979915644, 20.650678620481692], [-101.46669921631323, 20.650642510079212]], [[-101.46669921631323, 20.650642510079212], [-101.46666085283395, 20.65064305868738]], [[-101.46666143566813, 20.650679169090903], [-101.46666085283395, 20.65064305868738]], [[-101.46666085283395, 20.65064305868738], [-101.46662248935343, 20.65064360728704]], [[-101.46662307217856, 20.650679717691602], [-101.46662248935343, 20.65064360728704]], [[-101.46662248935343, 20.65064360728704], [-101.46658412587166, 20.65064415587818]], [[-101.46658470868776, 20.65068026628379], [-101.46658412587166, 20.65064415587818]], [[-101.46658412587166, 20.65064415587818], [-101.46654576238863, 20.650644704460806]], [[-101.4665463451957, 20.65068081486746], [-101.46654576238863, 20.650644704460806]], [[-101.46654576238863, 20.650644704460806], [-101.46650739890437, 20.65064525303492]], [[-101.46650798170239, 20.65068136344262], [-101.46650739890437, 20.65064525303492]], [[-101.46650739890437, 20.65064525303492], [-101.46646903541885, 20.650645801600525]], [[-101.46646961820782, 20.65068191200927], [-101.46646903541885, 20.650645801600525]], [[-101.46646903541885, 20.650645801600525], [-101.46643067193207, 20.65064635015761]], [[-101.466431254712, 20.6506824605674], [-101.46643067193207, 20.65064635015761]], [[-101.46643067193207, 20.65064635015761], [-101.46639230844407, 20.650646898706185]], [[-101.46639289121495, 20.65068300911702], [-101.46639230844407, 20.650646898706185]], [[-101.46639230844407, 20.650646898706185], [-101.4663539449548, 20.65064744724625]], [[-101.46635452771663, 20.650683557658123], [-101.4663539449548, 20.65064744724625]], [[-101.4663539449548, 20.65064744724625], [-101.46631558146427, 20.650647995777796]], [[-101.46631616421708, 20.65068410619072], [-101.46631558146427, 20.650647995777796]], [[-101.46631558146427, 20.650647995777796], [-101.4662772179725, 20.650648544300832]], [[-101.46627780071627, 20.650684654714794], [-101.4662772179725, 20.650648544300832]], [[-101.4662772179725, 20.650648544300832], [-101.46623885447949, 20.650649092815353]], [[-101.46623943721421, 20.650685203230363], [-101.46623885447949, 20.650649092815353]], [[-101.46800357386459, 20.650623852336143], [-101.46800299071518, 20.650587741969034]], [[-101.46800299071518, 20.650587741969034], [-101.46796462728746, 20.650588290865603]], [[-101.46796521042783, 20.650624401233767], [-101.46796462728746, 20.650588290865603]], [[-101.46796462728746, 20.650588290865603], [-101.46792626385849, 20.650588839753663]], [[-101.46792684698983, 20.650624950122868], [-101.46792626385849, 20.650588839753663]], [[-101.46792626385849, 20.650588839753663], [-101.46788790042827, 20.65058938863321]], [[-101.46788848355057, 20.650625499003457], [-101.46788790042827, 20.65058938863321]], [[-101.46788790042827, 20.65058938863321], [-101.4678495369968, 20.65058993750424]], [[-101.46785012011004, 20.650626047875534], [-101.4678495369968, 20.65058993750424]], [[-101.4678495369968, 20.65058993750424], [-101.46781117356407, 20.650590486366756]], [[-101.46781175666828, 20.650626596739098], [-101.46781117356407, 20.650590486366756]], [[-101.46781117356407, 20.650590486366756], [-101.4677728101301, 20.650591035220767]], [[-101.46777339322527, 20.650627145594154], [-101.4677728101301, 20.650591035220767]], [[-101.4677728101301, 20.650591035220767], [-101.46773444669488, 20.650591584066255]], [[-101.467735029781, 20.650627694440693], [-101.46773444669488, 20.650591584066255]], [[-101.46773444669488, 20.650591584066255], [-101.4676960832584, 20.65059213290324]], [[-101.46769666633548, 20.650628243278717], [-101.4676960832584, 20.65059213290324]], [[-101.4676960832584, 20.65059213290324], [-101.46765771982068, 20.650592681731702]], [[-101.46765830288871, 20.650628792108225], [-101.46765771982068, 20.650592681731702]], [[-101.46765771982068, 20.650592681731702], [-101.4676193563817, 20.650593230551653]], [[-101.4676199394407, 20.65062934092922], [-101.4676193563817, 20.650593230551653]], [[-101.4676193563817, 20.650593230551653], [-101.46758099294148, 20.6505937793631]], [[-101.46758157599143, 20.650629889741708], [-101.46758099294148, 20.6505937793631]], [[-101.46758099294148, 20.6505937793631], [-101.4675426295, 20.650594328166022]], [[-101.46754321254092, 20.650630438545683], [-101.4675426295, 20.650594328166022]], [[-101.4675426295, 20.650594328166022], [-101.46750426605728, 20.650594876960437]], [[-101.46750484908915, 20.650630987341138], [-101.46750426605728, 20.650594876960437]], [[-101.46750426605728, 20.650594876960437], [-101.4674659026133, 20.650595425746335]], [[-101.46746648563612, 20.650631536128085], [-101.4674659026133, 20.650595425746335]], [[-101.4674659026133, 20.650595425746335], [-101.46742753916807, 20.650595974523725]], [[-101.46742812218186, 20.65063208490652], [-101.46742753916807, 20.650595974523725]], [[-101.46742753916807, 20.650595974523725], [-101.4673891757216, 20.6505965232926]], [[-101.46738975872634, 20.65063263367643], [-101.4673891757216, 20.6505965232926]], [[-101.4673891757216, 20.6505965232926], [-101.46735081227388, 20.65059707205296]], [[-101.46735139526957, 20.650633182437836], [-101.46735081227388, 20.65059707205296]], [[-101.46735081227388, 20.65059707205296], [-101.4673124488249, 20.65059762080481]], [[-101.46731303181154, 20.650633731190734], [-101.4673124488249, 20.65059762080481]], [[-101.4673124488249, 20.65059762080481], [-101.46727408537467, 20.65059816954814]], [[-101.46727466835227, 20.650634279935115], [-101.46727408537467, 20.65059816954814]], [[-101.46727408537467, 20.65059816954814], [-101.46723572192319, 20.650598718282964]], [[-101.46723630489176, 20.65063482867098], [-101.46723572192319, 20.650598718282964]], [[-101.46723572192319, 20.650598718282964], [-101.46719735847047, 20.65059926700927]], [[-101.46719794143, 20.65063537739833], [-101.46719735847047, 20.65059926700927]], [[-101.46719735847047, 20.65059926700927], [-101.46715899501649, 20.65059981572707]], [[-101.46715957796697, 20.65063592611717], [-101.46715899501649, 20.65059981572707]], [[-101.46715899501649, 20.65059981572707], [-101.46712063156126, 20.650600364436347]], [[-101.4671212145027, 20.650636474827497], [-101.46712063156126, 20.650600364436347]], [[-101.46712063156126, 20.650600364436347], [-101.46708226810478, 20.65060091313711]], [[-101.46708285103719, 20.65063702352931], [-101.46708226810478, 20.65060091313711]], [[-101.46708226810478, 20.65060091313711], [-101.46704390464706, 20.650601461829368]], [[-101.4670444875704, 20.65063757222261], [-101.46704390464706, 20.650601461829368]], [[-101.46704390464706, 20.650601461829368], [-101.46700554118807, 20.65060201051311]], [[-101.46700612410238, 20.6506381209074], [-101.46700554118807, 20.65060201051311]], [[-101.46700554118807, 20.65060201051311], [-101.46696717772785, 20.650602559188346]], [[-101.46696776063311, 20.650638669583675], [-101.46696717772785, 20.650602559188346]], [[-101.46696717772785, 20.650602559188346], [-101.46692881426637, 20.650603107855055]], [[-101.4669293971626, 20.65063921825143], [-101.46692881426637, 20.650603107855055]], [[-101.46692881426637, 20.650603107855055], [-101.46689045080363, 20.65060365651326]], [[-101.46689103369083, 20.650639766910675], [-101.46689045080363, 20.65060365651326]], [[-101.46689045080363, 20.65060365651326], [-101.46685208733966, 20.650604205162953]], [[-101.46685267021782, 20.65064031556141], [-101.46685208733966, 20.650604205162953]], [[-101.46685208733966, 20.650604205162953], [-101.46681372387442, 20.650604753804128]], [[-101.46681430674353, 20.65064086420363], [-101.46681372387442, 20.650604753804128]], [[-101.46681372387442, 20.650604753804128], [-101.46677536040796, 20.650605302436787]], [[-101.46677594326802, 20.650641412837345], [-101.46677536040796, 20.650605302436787]], [[-101.46677536040796, 20.650605302436787], [-101.46673699694023, 20.650605851060938]], [[-101.46673757979124, 20.650641961462533], [-101.46673699694023, 20.650605851060938]], [[-101.46673699694023, 20.650605851060938], [-101.46669863347125, 20.650606399676573]], [[-101.46669921631323, 20.650642510079212], [-101.46669863347125, 20.650606399676573]], [[-101.46669863347125, 20.650606399676573], [-101.46666027000101, 20.650606948283695]], [[-101.46666085283395, 20.65064305868738], [-101.46666027000101, 20.650606948283695]], [[-101.46666027000101, 20.650606948283695], [-101.46662190652954, 20.650607496882305]], [[-101.46662248935343, 20.65064360728704], [-101.46662190652954, 20.650607496882305]], [[-101.46662190652954, 20.650607496882305], [-101.46658354305681, 20.6506080454724]], [[-101.46658412587166, 20.65064415587818], [-101.46658354305681, 20.6506080454724]], [[-101.46658354305681, 20.6506080454724], [-101.46654517958284, 20.65060859405399]], [[-101.46654576238863, 20.650644704460806], [-101.46654517958284, 20.65060859405399]], [[-101.46654517958284, 20.65060859405399], [-101.46650681610761, 20.650609142627058]], [[-101.46650739890437, 20.65064525303492], [-101.46650681610761, 20.650609142627058]], [[-101.46650681610761, 20.650609142627058], [-101.46646845263112, 20.65060969119161]], [[-101.46646903541885, 20.650645801600525], [-101.46646845263112, 20.65060969119161]], [[-101.46646845263112, 20.65060969119161], [-101.46643008915339, 20.650610239747657]], [[-101.46643067193207, 20.65064635015761], [-101.46643008915339, 20.650610239747657]], [[-101.46643008915339, 20.650610239747657], [-101.46639172567441, 20.650610788295186]], [[-101.46639230844407, 20.650646898706185], [-101.46639172567441, 20.650610788295186]], [[-101.46639172567441, 20.650610788295186], [-101.4663533621942, 20.650611336834203]], [[-101.4663539449548, 20.65064744724625], [-101.4663533621942, 20.650611336834203]], [[-101.4663533621942, 20.650611336834203], [-101.46631499871272, 20.650611885364704]], [[-101.46631558146427, 20.650647995777796], [-101.46631499871272, 20.650611885364704]], [[-101.46631499871272, 20.650611885364704], [-101.46627663522999, 20.6506124338867]], [[-101.4662772179725, 20.650648544300832], [-101.46627663522999, 20.6506124338867]], [[-101.46800299071518, 20.650587741969034], [-101.46800240756701, 20.65055163160175]], [[-101.46800240756701, 20.65055163160175], [-101.46796404414835, 20.65055218049728]], [[-101.46796462728746, 20.650588290865603], [-101.46796404414835, 20.65055218049728]], [[-101.46796404414835, 20.65055218049728], [-101.4679256807284, 20.65055272938429]], [[-101.46792626385849, 20.650588839753663], [-101.4679256807284, 20.65055272938429]], [[-101.4679256807284, 20.65055272938429], [-101.46788731730723, 20.650553278262795]], [[-101.46788790042827, 20.65058938863321], [-101.46788731730723, 20.650553278262795]], [[-101.46788731730723, 20.650553278262795], [-101.4678489538848, 20.65055382713278]], [[-101.4678495369968, 20.65058993750424], [-101.4678489538848, 20.65055382713278]], [[-101.4678489538848, 20.65055382713278], [-101.46781059046113, 20.650554375994254]], [[-101.46781117356407, 20.650590486366756], [-101.46781059046113, 20.650554375994254]], [[-101.46781059046113, 20.650554375994254], [-101.46777222703619, 20.650554924847214]], [[-101.4677728101301, 20.650591035220767], [-101.46777222703619, 20.650554924847214]], [[-101.46777222703619, 20.650554924847214], [-101.46773386361001, 20.65055547369166]], [[-101.46773444669488, 20.650591584066255], [-101.46773386361001, 20.65055547369166]], [[-101.46773386361001, 20.65055547369166], [-101.46769550018257, 20.650556022527596]], [[-101.4676960832584, 20.65059213290324], [-101.46769550018257, 20.650556022527596]], [[-101.46769550018257, 20.650556022527596], [-101.4676571367539, 20.65055657135502]], [[-101.46765771982068, 20.650592681731702], [-101.4676571367539, 20.65055657135502]], [[-101.4676571367539, 20.65055657135502], [-101.46761877332396, 20.650557120173932]], [[-101.4676193563817, 20.650593230551653], [-101.46761877332396, 20.650557120173932]], [[-101.46761877332396, 20.650557120173932], [-101.46758040989279, 20.65055766898432]], [[-101.46758099294148, 20.6505937793631], [-101.46758040989279, 20.65055766898432]], [[-101.46758040989279, 20.65055766898432], [-101.46754204646035, 20.650558217786198]], [[-101.4675426295, 20.650594328166022], [-101.46754204646035, 20.650558217786198]], [[-101.46754204646035, 20.650558217786198], [-101.46750368302666, 20.65055876657957]], [[-101.46750426605728, 20.650594876960437], [-101.46750368302666, 20.65055876657957]], [[-101.46750368302666, 20.65055876657957], [-101.46746531959172, 20.650559315364426]], [[-101.4674659026133, 20.650595425746335], [-101.46746531959172, 20.650559315364426]], [[-101.46746531959172, 20.650559315364426], [-101.46742695615555, 20.65055986414077]], [[-101.46742753916807, 20.650595974523725], [-101.46742695615555, 20.65055986414077]], [[-101.46742695615555, 20.65055986414077], [-101.46738859271811, 20.650560412908597]], [[-101.4673891757216, 20.6505965232926], [-101.46738859271811, 20.650560412908597]], [[-101.46738859271811, 20.650560412908597], [-101.46735022927942, 20.650560961667914]], [[-101.46735081227388, 20.65059707205296], [-101.46735022927942, 20.650560961667914]], [[-101.46735022927942, 20.650560961667914], [-101.46731186583949, 20.650561510418715]], [[-101.4673124488249, 20.65059762080481], [-101.46731186583949, 20.650561510418715]], [[-101.46731186583949, 20.650561510418715], [-101.46727350239831, 20.650562059161004]], [[-101.46727408537467, 20.65059816954814], [-101.46727350239831, 20.650562059161004]], [[-101.46727350239831, 20.650562059161004], [-101.46723513895587, 20.650562607894777]], [[-101.46723572192319, 20.650598718282964], [-101.46723513895587, 20.650562607894777]], [[-101.46723513895587, 20.650562607894777], [-101.46719677551218, 20.650563156620045]], [[-101.46719735847047, 20.65059926700927], [-101.46719677551218, 20.650563156620045]], [[-101.46719677551218, 20.650563156620045], [-101.46715841206725, 20.650563705336793]], [[-101.46715899501649, 20.65059981572707], [-101.46715841206725, 20.650563705336793]], [[-101.46715841206725, 20.650563705336793], [-101.46712004862106, 20.650564254045033]], [[-101.46712063156126, 20.650600364436347], [-101.46712004862106, 20.650564254045033]], [[-101.46712004862106, 20.650564254045033], [-101.46708168517364, 20.650564802744753]], [[-101.46708226810478, 20.65060091313711], [-101.46708168517364, 20.650564802744753]], [[-101.46708168517364, 20.650564802744753], [-101.46704332172494, 20.65056535143596]], [[-101.46704390464706, 20.650601461829368], [-101.46704332172494, 20.65056535143596]], [[-101.46704332172494, 20.65056535143596], [-101.467004958275, 20.650565900118664]], [[-101.46700554118807, 20.65060201051311], [-101.467004958275, 20.650565900118664]], [[-101.467004958275, 20.650565900118664], [-101.46696659482383, 20.65056644879284]], [[-101.46696717772785, 20.650602559188346], [-101.46696659482383, 20.65056644879284]], [[-101.46696659482383, 20.65056644879284], [-101.46692823137138, 20.650566997458515]], [[-101.46692881426637, 20.650603107855055], [-101.46692823137138, 20.650566997458515]], [[-101.46692823137138, 20.650566997458515], [-101.4668898679177, 20.65056754611567]], [[-101.46689045080363, 20.65060365651326], [-101.4668898679177, 20.65056754611567]], [[-101.4668898679177, 20.65056754611567], [-101.46685150446275, 20.650568094764314]], [[-101.46685208733966, 20.650604205162953], [-101.46685150446275, 20.650568094764314]], [[-101.46685150446275, 20.650568094764314], [-101.46681314100658, 20.65056864340445]], [[-101.46681372387442, 20.650604753804128], [-101.46681314100658, 20.65056864340445]], [[-101.46681314100658, 20.65056864340445], [-101.46677477754913, 20.650569192036063]], [[-101.46677536040796, 20.650605302436787], [-101.46677477754913, 20.650569192036063]], [[-101.46677477754913, 20.650569192036063], [-101.46673641409045, 20.650569740659172]], [[-101.46673699694023, 20.650605851060938], [-101.46673641409045, 20.650569740659172]], [[-101.46673641409045, 20.650569740659172], [-101.46669805063053, 20.650570289273766]], [[-101.46669863347125, 20.650606399676573], [-101.46669805063053, 20.650570289273766]], [[-101.46669805063053, 20.650570289273766], [-101.46665968716933, 20.650570837879837]], [[-101.46666027000101, 20.650606948283695], [-101.46665968716933, 20.650570837879837]], [[-101.46665968716933, 20.650570837879837], [-101.46662132370689, 20.650571386477406]], [[-101.46662190652954, 20.650607496882305], [-101.46662132370689, 20.650571386477406]], [[-101.46662132370689, 20.650571386477406], [-101.4665829602432, 20.65057193506646]], [[-101.46658354305681, 20.6506080454724], [-101.4665829602432, 20.65057193506646]], [[-101.4665829602432, 20.65057193506646], [-101.46654459677828, 20.650572483646997]], [[-101.46654517958284, 20.65060859405399], [-101.46654459677828, 20.650572483646997]], [[-101.46654459677828, 20.650572483646997], [-101.46650623331209, 20.65057303221902]], [[-101.46650681610761, 20.650609142627058], [-101.46650623331209, 20.65057303221902]], [[-101.46650623331209, 20.65057303221902], [-101.46646786984465, 20.650573580782538]], [[-101.46646845263112, 20.65060969119161], [-101.46646786984465, 20.650573580782538]], [[-101.46646786984465, 20.650573580782538], [-101.46642950637597, 20.650574129337535]], [[-101.46643008915339, 20.650610239747657], [-101.46642950637597, 20.650574129337535]], [[-101.46642950637597, 20.650574129337535], [-101.46639114290603, 20.650574677884016]], [[-101.46639172567441, 20.650610788295186], [-101.46639114290603, 20.650574677884016]], [[-101.46639114290603, 20.650574677884016], [-101.46635277943484, 20.650575226421992]], [[-101.4663533621942, 20.650611336834203], [-101.46635277943484, 20.650575226421992]], [[-101.46635277943484, 20.650575226421992], [-101.46631441596242, 20.650575774951452]], [[-101.46631499871272, 20.650611885364704], [-101.46631441596242, 20.650575774951452]], [[-101.46800240756701, 20.65055163160175], [-101.4680018244201, 20.650515521234297]], [[-101.4680018244201, 20.650515521234297], [-101.46796346101047, 20.65051607012878]], [[-101.46796404414835, 20.65055218049728], [-101.46796346101047, 20.65051607012878]], [[-101.46796346101047, 20.65051607012878], [-101.46792509759958, 20.65051661901475]], [[-101.4679256807284, 20.65055272938429], [-101.46792509759958, 20.65051661901475]], [[-101.46792509759958, 20.65051661901475], [-101.46788673418745, 20.6505171678922]], [[-101.46788731730723, 20.650553278262795], [-101.46788673418745, 20.6505171678922]], [[-101.46788673418745, 20.6505171678922], [-101.46784837077405, 20.650517716761144]], [[-101.4678489538848, 20.65055382713278], [-101.46784837077405, 20.650517716761144]], [[-101.46784837077405, 20.650517716761144], [-101.46781000735942, 20.65051826562157]], [[-101.46781059046113, 20.650554375994254], [-101.46781000735942, 20.65051826562157]], [[-101.46781000735942, 20.65051826562157], [-101.46777164394352, 20.650518814473493]], [[-101.46777222703619, 20.650554924847214], [-101.46777164394352, 20.650518814473493]], [[-101.46777164394352, 20.650518814473493], [-101.46773328052639, 20.65051936331689]], [[-101.46773386361001, 20.65055547369166], [-101.46773328052639, 20.65051936331689]], [[-101.46773328052639, 20.65051936331689], [-101.46769491710799, 20.65051991215178]], [[-101.46769550018257, 20.650556022527596], [-101.46769491710799, 20.65051991215178]], [[-101.46769491710799, 20.65051991215178], [-101.46765655368836, 20.650520460978157]], [[-101.4676571367539, 20.65055657135502], [-101.46765655368836, 20.650520460978157]], [[-101.46765655368836, 20.650520460978157], [-101.46761819026747, 20.65052100979602]], [[-101.46761877332396, 20.650557120173932], [-101.46761819026747, 20.65052100979602]], [[-101.46761819026747, 20.65052100979602], [-101.46757982684534, 20.650521558605366]], [[-101.46758040989279, 20.65055766898432], [-101.46757982684534, 20.650521558605366]], [[-101.46757982684534, 20.650521558605366], [-101.46754146342194, 20.650522107406204]], [[-101.46754204646035, 20.650558217786198], [-101.46754146342194, 20.650522107406204]], [[-101.46754146342194, 20.650522107406204], [-101.4675030999973, 20.650522656198532]], [[-101.46750368302666, 20.65055876657957], [-101.4675030999973, 20.650522656198532]], [[-101.4675030999973, 20.650522656198532], [-101.46746473657142, 20.65052320498234]], [[-101.46746531959172, 20.650559315364426], [-101.46746473657142, 20.65052320498234]], [[-101.46746473657142, 20.65052320498234], [-101.46742637314426, 20.650523753757636]], [[-101.46742695615555, 20.65055986414077], [-101.46742637314426, 20.650523753757636]], [[-101.46742637314426, 20.650523753757636], [-101.46738800971588, 20.65052430252442]], [[-101.46738859271811, 20.650560412908597], [-101.46738800971588, 20.65052430252442]], [[-101.46738800971588, 20.65052430252442], [-101.46734964628622, 20.650524851282693]], [[-101.46735022927942, 20.650560961667914], [-101.46734964628622, 20.650524851282693]], [[-101.46734964628622, 20.650524851282693], [-101.46731128285535, 20.65052540003245]], [[-101.46731186583949, 20.650561510418715], [-101.46731128285535, 20.65052540003245]], [[-101.46731128285535, 20.65052540003245], [-101.4672729194232, 20.650525948773694]], [[-101.46727350239831, 20.650562059161004], [-101.4672729194232, 20.650525948773694]], [[-101.4672729194232, 20.650525948773694], [-101.4672345559898, 20.650526497506426]], [[-101.46723513895587, 20.650562607894777], [-101.4672345559898, 20.650526497506426]], [[-101.4672345559898, 20.650526497506426], [-101.46719619255516, 20.650527046230643]], [[-101.46719677551218, 20.650563156620045], [-101.46719619255516, 20.650527046230643]], [[-101.46719619255516, 20.650527046230643], [-101.46715782911926, 20.65052759494635]], [[-101.46715841206725, 20.650563705336793], [-101.46715782911926, 20.65052759494635]], [[-101.46715782911926, 20.65052759494635], [-101.46711946568212, 20.650528143653542]], [[-101.46712004862106, 20.650564254045033], [-101.46711946568212, 20.650528143653542]], [[-101.46711946568212, 20.650528143653542], [-101.46708110224372, 20.650528692352218]], [[-101.46708168517364, 20.650564802744753], [-101.46708110224372, 20.650528692352218]], [[-101.46708110224372, 20.650528692352218], [-101.46704273880408, 20.65052924104238]], [[-101.46704332172494, 20.65056535143596], [-101.46704273880408, 20.65052924104238]], [[-101.46704273880408, 20.65052924104238], [-101.46700437536319, 20.650529789724036]], [[-101.467004958275, 20.650565900118664], [-101.46700437536319, 20.650529789724036]], [[-101.46700437536319, 20.650529789724036], [-101.46696601192104, 20.650530338397175]], [[-101.46696659482383, 20.65056644879284], [-101.46696601192104, 20.650530338397175]], [[-101.46696601192104, 20.650530338397175], [-101.46692764847765, 20.6505308870618]], [[-101.46692823137138, 20.650566997458515], [-101.46692764847765, 20.6505308870618]], [[-101.46692764847765, 20.6505308870618], [-101.466889285033, 20.650531435717912]], [[-101.4668898679177, 20.65056754611567], [-101.466889285033, 20.650531435717912]], [[-101.466889285033, 20.650531435717912], [-101.46685092158711, 20.650531984365514]], [[-101.46685150446275, 20.650568094764314], [-101.46685092158711, 20.650531984365514]], [[-101.46685092158711, 20.650531984365514], [-101.46681255813996, 20.650532533004597]], [[-101.46681314100658, 20.65056864340445], [-101.46681255813996, 20.650532533004597]], [[-101.46681255813996, 20.650532533004597], [-101.46677419469158, 20.65053308163517]], [[-101.46677477754913, 20.650569192036063], [-101.46677419469158, 20.65053308163517]], [[-101.46677419469158, 20.65053308163517], [-101.46673583124193, 20.650533630257232]], [[-101.46673641409045, 20.650569740659172], [-101.46673583124193, 20.650533630257232]], [[-101.46673583124193, 20.650533630257232], [-101.46669746779104, 20.650534178870778]], [[-101.46669805063053, 20.650570289273766], [-101.46669746779104, 20.650534178870778]], [[-101.46669746779104, 20.650534178870778], [-101.46665910433889, 20.65053472747582]], [[-101.46665968716933, 20.650570837879837], [-101.46665910433889, 20.65053472747582]], [[-101.46665910433889, 20.65053472747582], [-101.4666207408855, 20.650535276072336]], [[-101.46662132370689, 20.650571386477406], [-101.4666207408855, 20.650535276072336]], [[-101.4666207408855, 20.650535276072336], [-101.46658237743085, 20.650535824660338]], [[-101.4665829602432, 20.65057193506646], [-101.46658237743085, 20.650535824660338]], [[-101.46658237743085, 20.650535824660338], [-101.46654401397495, 20.650536373239838]], [[-101.46654459677828, 20.650572483646997], [-101.46654401397495, 20.650536373239838]], [[-101.46654401397495, 20.650536373239838], [-101.46650565051783, 20.650536921810822]], [[-101.46650623331209, 20.65057303221902], [-101.46650565051783, 20.650536921810822]], [[-101.46650565051783, 20.650536921810822], [-101.46646728705942, 20.650537470373283]], [[-101.46646786984465, 20.650573580782538], [-101.46646728705942, 20.650537470373283]], [[-101.46646728705942, 20.650537470373283], [-101.46642892359978, 20.65053801892724]], [[-101.46642950637597, 20.650574129337535], [-101.46642892359978, 20.65053801892724]], [[-101.46642892359978, 20.65053801892724], [-101.46639056013889, 20.65053856747268]], [[-101.46639114290603, 20.650574677884016], [-101.46639056013889, 20.65053856747268]], [[-101.4680018244201, 20.650515521234297], [-101.46800124127445, 20.650479410866684]], [[-101.46800124127445, 20.650479410866684], [-101.46796287787384, 20.65047995976012]], [[-101.46796346101047, 20.65051607012878], [-101.46796287787384, 20.65047995976012]], [[-101.46796287787384, 20.65047995976012], [-101.467924514472, 20.65048050864504]], [[-101.46792509759958, 20.65051661901475], [-101.467924514472, 20.65048050864504]], [[-101.467924514472, 20.65048050864504], [-101.46788615106891, 20.650481057521453]], [[-101.46788673418745, 20.6505171678922], [-101.46788615106891, 20.650481057521453]], [[-101.46788615106891, 20.650481057521453], [-101.46784778766457, 20.650481606389345]], [[-101.46784837077405, 20.650517716761144], [-101.46784778766457, 20.650481606389345]], [[-101.46784778766457, 20.650481606389345], [-101.46780942425897, 20.650482155248735]], [[-101.46781000735942, 20.65051826562157], [-101.46780942425897, 20.650482155248735]], [[-101.46780942425897, 20.650482155248735], [-101.46777106085212, 20.650482704099602]], [[-101.46777164394352, 20.650518814473493], [-101.46777106085212, 20.650482704099602]], [[-101.46777106085212, 20.650482704099602], [-101.46773269744403, 20.65048325294196]], [[-101.46773328052639, 20.65051936331689], [-101.46773269744403, 20.65048325294196]], [[-101.46773269744403, 20.65048325294196], [-101.46769433403468, 20.650483801775803]], [[-101.46769491710799, 20.65051991215178], [-101.46769433403468, 20.650483801775803]], [[-101.46769433403468, 20.650483801775803], [-101.46765597062408, 20.650484350601136]], [[-101.46765655368836, 20.650520460978157], [-101.46765597062408, 20.650484350601136]], [[-101.46765597062408, 20.650484350601136], [-101.46761760721223, 20.65048489941795]], [[-101.46761819026747, 20.65052100979602], [-101.46761760721223, 20.65048489941795]], [[-101.46761760721223, 20.65048489941795], [-101.46757924379912, 20.65048544822626]], [[-101.46757982684534, 20.650521558605366], [-101.46757924379912, 20.65048544822626]], [[-101.46757924379912, 20.65048544822626], [-101.46754088038477, 20.650485997026053]], [[-101.46754146342194, 20.650522107406204], [-101.46754088038477, 20.650485997026053]], [[-101.46754088038477, 20.650485997026053], [-101.46750251696919, 20.650486545817323]], [[-101.4675030999973, 20.650522656198532], [-101.46750251696919, 20.650486545817323]], [[-101.46750251696919, 20.650486545817323], [-101.46746415355233, 20.65048709460009]], [[-101.46746473657142, 20.65052320498234], [-101.46746415355233, 20.65048709460009]], [[-101.46746415355233, 20.65048709460009], [-101.46742579013424, 20.65048764337434]], [[-101.46742637314426, 20.650523753757636], [-101.46742579013424, 20.65048764337434]], [[-101.46742579013424, 20.65048764337434], [-101.46738742671488, 20.65048819214008]], [[-101.46738800971588, 20.65052430252442], [-101.46738742671488, 20.65048819214008]], [[-101.46738742671488, 20.65048819214008], [-101.46734906329428, 20.65048874089731]], [[-101.46734964628622, 20.650524851282693], [-101.46734906329428, 20.65048874089731]], [[-101.46734906329428, 20.65048874089731], [-101.46731069987243, 20.65048928964602]], [[-101.46731128285535, 20.65052540003245], [-101.46731069987243, 20.65048928964602]], [[-101.46731069987243, 20.65048928964602], [-101.46727233644933, 20.650489838386225]], [[-101.4672729194232, 20.650525948773694], [-101.46727233644933, 20.650489838386225]], [[-101.46727233644933, 20.650489838386225], [-101.46723397302497, 20.650490387117905]], [[-101.4672345559898, 20.650526497506426], [-101.46723397302497, 20.650490387117905]], [[-101.46723397302497, 20.650490387117905], [-101.46719560959939, 20.650490935841084]], [[-101.46719619255516, 20.650527046230643], [-101.46719560959939, 20.650490935841084]], [[-101.46719560959939, 20.650490935841084], [-101.46715724617253, 20.65049148455574]], [[-101.46715782911926, 20.65052759494635], [-101.46715724617253, 20.65049148455574]], [[-101.46715724617253, 20.65049148455574], [-101.46711888274443, 20.65049203326189]], [[-101.46711946568212, 20.650528143653542], [-101.46711888274443, 20.65049203326189]], [[-101.46711888274443, 20.65049203326189], [-101.46708051931509, 20.650492581959526]], [[-101.46708110224372, 20.650528692352218], [-101.46708051931509, 20.650492581959526]], [[-101.46708051931509, 20.650492581959526], [-101.46704215588447, 20.650493130648645]], [[-101.46704273880408, 20.65052924104238], [-101.46704215588447, 20.650493130648645]], [[-101.46704215588447, 20.650493130648645], [-101.46700379245262, 20.65049367932925]], [[-101.46700437536319, 20.650529789724036], [-101.46700379245262, 20.65049367932925]], [[-101.46700379245262, 20.65049367932925], [-101.46696542901952, 20.650494228001346]], [[-101.46696601192104, 20.650530338397175], [-101.46696542901952, 20.650494228001346]], [[-101.46696542901952, 20.650494228001346], [-101.46692706558517, 20.650494776664925]], [[-101.46692764847765, 20.6505308870618], [-101.46692706558517, 20.650494776664925]], [[-101.46692706558517, 20.650494776664925], [-101.46688870214956, 20.650495325319994]], [[-101.466889285033, 20.650531435717912], [-101.46688870214956, 20.650495325319994]], [[-101.46688870214956, 20.650495325319994], [-101.46685033871272, 20.650495873966552]], [[-101.46685092158711, 20.650531984365514], [-101.46685033871272, 20.650495873966552]], [[-101.46685033871272, 20.650495873966552], [-101.46681197527461, 20.65049642260459]], [[-101.46681255813996, 20.650532533004597], [-101.46681197527461, 20.65049642260459]], [[-101.46681197527461, 20.65049642260459], [-101.46677361183527, 20.650496971234116]], [[-101.46677419469158, 20.65053308163517], [-101.46677361183527, 20.650496971234116]], [[-101.46677361183527, 20.650496971234116], [-101.46673524839466, 20.650497519855136]], [[-101.46673583124193, 20.650533630257232], [-101.46673524839466, 20.650497519855136]], [[-101.46673524839466, 20.650497519855136], [-101.46669688495281, 20.650498068467638]], [[-101.46669746779104, 20.650534178870778], [-101.46669688495281, 20.650498068467638]], [[-101.46669688495281, 20.650498068467638], [-101.46665852150971, 20.65049861707163]], [[-101.46665910433889, 20.65053472747582], [-101.46665852150971, 20.65049861707163]], [[-101.46665852150971, 20.65049861707163], [-101.46662015806535, 20.650499165667103]], [[-101.4666207408855, 20.650535276072336], [-101.46662015806535, 20.650499165667103]], [[-101.46662015806535, 20.650499165667103], [-101.46658179461976, 20.650499714254064]], [[-101.46658237743085, 20.650535824660338], [-101.46658179461976, 20.650499714254064]], [[-101.46658179461976, 20.650499714254064], [-101.46654343117291, 20.650500262832512]], [[-101.46654401397495, 20.650536373239838], [-101.46654343117291, 20.650500262832512]], [[-101.46654343117291, 20.650500262832512], [-101.46650506772481, 20.650500811402456]], [[-101.46650565051783, 20.650536921810822], [-101.46650506772481, 20.650500811402456]], [[-101.46650506772481, 20.650500811402456], [-101.46646670427545, 20.650501359963876]], [[-101.46646728705942, 20.650537470373283], [-101.46646670427545, 20.650501359963876]], [[-101.46646670427545, 20.650501359963876], [-101.46642834082485, 20.650501908516784]], [[-101.46642892359978, 20.65053801892724], [-101.46642834082485, 20.650501908516784]], [[-101.46800124127445, 20.650479410866684], [-101.46800065813002, 20.6504433004989]], [[-101.46800065813002, 20.6504433004989], [-101.46796229473847, 20.650443849391294]], [[-101.46796287787384, 20.65047995976012], [-101.46796229473847, 20.650443849391294]], [[-101.46796229473847, 20.650443849391294], [-101.46792393134568, 20.650444398275166]], [[-101.467924514472, 20.65048050864504], [-101.46792393134568, 20.650444398275166]], [[-101.46792393134568, 20.650444398275166], [-101.46788556795161, 20.650444947150536]], [[-101.46788615106891, 20.650481057521453], [-101.46788556795161, 20.650444947150536]], [[-101.46788556795161, 20.650444947150536], [-101.46784720455632, 20.650445496017387]], [[-101.46784778766457, 20.650481606389345], [-101.46784720455632, 20.650445496017387]], [[-101.46784720455632, 20.650445496017387], [-101.46780884115977, 20.650446044875725]], [[-101.46780942425897, 20.650482155248735], [-101.46780884115977, 20.650446044875725]], [[-101.46780884115977, 20.650446044875725], [-101.46777047776196, 20.65044659372555]], [[-101.46777106085212, 20.650482704099602], [-101.46777047776196, 20.65044659372555]], [[-101.46777047776196, 20.65044659372555], [-101.4677321143629, 20.65044714256686]], [[-101.46773269744403, 20.65048325294196], [-101.4677321143629, 20.65044714256686]], [[-101.4677321143629, 20.65044714256686], [-101.4676937509626, 20.650447691399663]], [[-101.46769433403468, 20.650483801775803], [-101.4676937509626, 20.650447691399663]], [[-101.4676937509626, 20.650447691399663], [-101.46765538756105, 20.650448240223945]], [[-101.46765597062408, 20.650484350601136], [-101.46765538756105, 20.650448240223945]], [[-101.46765538756105, 20.650448240223945], [-101.46761702415824, 20.650448789039718]], [[-101.46761760721223, 20.65048489941795], [-101.46761702415824, 20.650448789039718]], [[-101.46761702415824, 20.650448789039718], [-101.46757866075419, 20.650449337846975]], [[-101.46757924379912, 20.65048544822626], [-101.46757866075419, 20.650449337846975]], [[-101.46757866075419, 20.650449337846975], [-101.46754029734888, 20.650449886645724]], [[-101.46754088038477, 20.650485997026053], [-101.46754029734888, 20.650449886645724]], [[-101.46754029734888, 20.650449886645724], [-101.46750193394232, 20.65045043543596]], [[-101.46750251696919, 20.650486545817323], [-101.46750193394232, 20.65045043543596]], [[-101.46750193394232, 20.65045043543596], [-101.4674635705345, 20.65045098421768]], [[-101.46746415355233, 20.65048709460009], [-101.4674635705345, 20.65045098421768]], [[-101.4674635705345, 20.65045098421768], [-101.46742520712544, 20.650451532990886]], [[-101.46742579013424, 20.65048764337434], [-101.46742520712544, 20.650451532990886]], [[-101.46742520712544, 20.650451532990886], [-101.46738684371515, 20.65045208175558]], [[-101.46738742671488, 20.65048819214008], [-101.46738684371515, 20.65045208175558]], [[-101.46738684371515, 20.65045208175558], [-101.46734848030358, 20.65045263051176]], [[-101.46734906329428, 20.65048874089731], [-101.46734848030358, 20.65045263051176]], [[-101.46734848030358, 20.65045263051176], [-101.46731011689077, 20.650453179259433]], [[-101.46731069987243, 20.65048928964602], [-101.46731011689077, 20.650453179259433]], [[-101.46731011689077, 20.650453179259433], [-101.46727175347672, 20.650453727998585]], [[-101.46727233644933, 20.650489838386225], [-101.46727175347672, 20.650453727998585]], [[-101.46727175347672, 20.650453727998585], [-101.46723339006142, 20.650454276729224]], [[-101.46723397302497, 20.650490387117905], [-101.46723339006142, 20.650454276729224]], [[-101.46723339006142, 20.650454276729224], [-101.46719502664486, 20.650454825451355]], [[-101.46719560959939, 20.650490935841084], [-101.46719502664486, 20.650454825451355]], [[-101.46719502664486, 20.650454825451355], [-101.46715666322704, 20.65045537416497]], [[-101.46715724617253, 20.65049148455574], [-101.46715666322704, 20.65045537416497]], [[-101.46715666322704, 20.65045537416497], [-101.46711829980799, 20.650455922870073]], [[-101.46711888274443, 20.65049203326189], [-101.46711829980799, 20.650455922870073]], [[-101.46711829980799, 20.650455922870073], [-101.46707993638768, 20.650456471566663]], [[-101.46708051931509, 20.650492581959526], [-101.46707993638768, 20.650456471566663]], [[-101.46707993638768, 20.650456471566663], [-101.46704157296611, 20.650457020254738]], [[-101.46704215588447, 20.650493130648645], [-101.46704157296611, 20.650457020254738]], [[-101.46704157296611, 20.650457020254738], [-101.46700320954331, 20.650457568934296]], [[-101.46700379245262, 20.65049367932925], [-101.46700320954331, 20.650457568934296]], [[-101.46700320954331, 20.650457568934296], [-101.46696484611925, 20.65045811760535]], [[-101.46696542901952, 20.650494228001346], [-101.46696484611925, 20.65045811760535]], [[-101.46696484611925, 20.65045811760535], [-101.46692648269394, 20.650458666267884]], [[-101.46692706558517, 20.650494776664925], [-101.46692648269394, 20.650458666267884]], [[-101.46692648269394, 20.650458666267884], [-101.46688811926738, 20.65045921492191]], [[-101.46688870214956, 20.650495325319994], [-101.46688811926738, 20.65045921492191]], [[-101.46688811926738, 20.65045921492191], [-101.46684975583956, 20.65045976356742]], [[-101.46685033871272, 20.650495873966552], [-101.46684975583956, 20.65045976356742]], [[-101.46684975583956, 20.65045976356742], [-101.4668113924105, 20.650460312204416]], [[-101.46681197527461, 20.65049642260459], [-101.4668113924105, 20.650460312204416]], [[-101.4668113924105, 20.650460312204416], [-101.4667730289802, 20.650460860832897]], [[-101.46677361183527, 20.650496971234116], [-101.4667730289802, 20.650460860832897]], [[-101.4667730289802, 20.650460860832897], [-101.46673466554864, 20.65046140945287]], [[-101.46673524839466, 20.650497519855136], [-101.46673466554864, 20.65046140945287]], [[-101.46673466554864, 20.65046140945287], [-101.46669630211582, 20.650461958064326]], [[-101.46669688495281, 20.650498068467638], [-101.46669630211582, 20.650461958064326]], [[-101.46669630211582, 20.650461958064326], [-101.46665793868178, 20.650462506667267]], [[-101.46665852150971, 20.65049861707163], [-101.46665793868178, 20.650462506667267]], [[-101.46665793868178, 20.650462506667267], [-101.46661957524645, 20.6504630552617]], [[-101.46662015806535, 20.650499165667103], [-101.46661957524645, 20.6504630552617]], [[-101.46661957524645, 20.6504630552617], [-101.46658121180991, 20.650463603847623]], [[-101.46658179461976, 20.650499714254064], [-101.46658121180991, 20.650463603847623]], [[-101.46658121180991, 20.650463603847623], [-101.4665428483721, 20.650464152425023]], [[-101.46654343117291, 20.650500262832512], [-101.4665428483721, 20.650464152425023]], [[-101.4665428483721, 20.650464152425023], [-101.46650448493303, 20.65046470099392]], [[-101.46650506772481, 20.650500811402456], [-101.46650448493303, 20.65046470099392]], [[-101.46650448493303, 20.65046470099392], [-101.46646612149273, 20.650465249554294]], [[-101.46646670427545, 20.650501359963876], [-101.46646612149273, 20.650465249554294]], [[-101.46800065813002, 20.6504433004989], [-101.46800007498686, 20.650407190130952]], [[-101.46800007498686, 20.650407190130952], [-101.46796171160436, 20.6504077390223]], [[-101.46796229473847, 20.650443849391294], [-101.46796171160436, 20.6504077390223]], [[-101.46796171160436, 20.6504077390223], [-101.4679233482206, 20.65040828790513]], [[-101.46792393134568, 20.650444398275166], [-101.4679233482206, 20.65040828790513]], [[-101.4679233482206, 20.65040828790513], [-101.46788498483558, 20.650408836779448]], [[-101.46788556795161, 20.650444947150536], [-101.46788498483558, 20.650408836779448]], [[-101.46788498483558, 20.650408836779448], [-101.46784662144933, 20.650409385645258]], [[-101.46784720455632, 20.650445496017387], [-101.46784662144933, 20.650409385645258]], [[-101.46784662144933, 20.650409385645258], [-101.46780825806182, 20.65040993450255]], [[-101.46780884115977, 20.650446044875725], [-101.46780825806182, 20.65040993450255]], [[-101.46780825806182, 20.65040993450255], [-101.46776989467305, 20.650410483351326]], [[-101.46777047776196, 20.65044659372555], [-101.46776989467305, 20.650410483351326]], [[-101.46776989467305, 20.650410483351326], [-101.46773153128305, 20.650411032191595]], [[-101.4677321143629, 20.65044714256686], [-101.46773153128305, 20.650411032191595]], [[-101.46773153128305, 20.650411032191595], [-101.46769316789177, 20.65041158102335]], [[-101.4676937509626, 20.650447691399663], [-101.46769316789177, 20.65041158102335]], [[-101.46769316789177, 20.65041158102335], [-101.46765480449928, 20.65041212984659]], [[-101.46765538756105, 20.650448240223945], [-101.46765480449928, 20.65041212984659]], [[-101.46765480449928, 20.65041212984659], [-101.4676164411055, 20.65041267866132]], [[-101.46761702415824, 20.650448789039718], [-101.4676164411055, 20.65041267866132]], [[-101.4676164411055, 20.65041267866132], [-101.46757807771048, 20.65041322746753]], [[-101.46757866075419, 20.650449337846975], [-101.46757807771048, 20.65041322746753]], [[-101.46757807771048, 20.65041322746753], [-101.46753971431423, 20.650413776265236]], [[-101.46754029734888, 20.650449886645724], [-101.46753971431423, 20.650413776265236]], [[-101.46753971431423, 20.650413776265236], [-101.4675013509167, 20.650414325054427]], [[-101.46750193394232, 20.65045043543596], [-101.4675013509167, 20.650414325054427]], [[-101.4675013509167, 20.650414325054427], [-101.46746298751795, 20.6504148738351]], [[-101.4674635705345, 20.65045098421768], [-101.46746298751795, 20.6504148738351]], [[-101.46746298751795, 20.6504148738351], [-101.46742462411792, 20.65041542260726]], [[-101.46742520712544, 20.650451532990886], [-101.46742462411792, 20.65041542260726]], [[-101.46742462411792, 20.65041542260726], [-101.46738626071667, 20.650415971370915]], [[-101.46738684371515, 20.65045208175558], [-101.46738626071667, 20.650415971370915]], [[-101.46738626071667, 20.650415971370915], [-101.46734789731414, 20.65041652012605]], [[-101.46734848030358, 20.65045263051176], [-101.46734789731414, 20.65041652012605]], [[-101.46734789731414, 20.65041652012605], [-101.46730953391038, 20.65041706887267]], [[-101.46731011689077, 20.650453179259433], [-101.46730953391038, 20.65041706887267]], [[-101.46730953391038, 20.65041706887267], [-101.46727117050536, 20.65041761761078]], [[-101.46727175347672, 20.650453727998585], [-101.46727117050536, 20.65041761761078]], [[-101.46727117050536, 20.65041761761078], [-101.4672328070991, 20.650418166340376]], [[-101.46723339006142, 20.650454276729224], [-101.4672328070991, 20.650418166340376]], [[-101.4672328070991, 20.650418166340376], [-101.46719444369157, 20.65041871506146]], [[-101.46719502664486, 20.650454825451355], [-101.46719444369157, 20.65041871506146]], [[-101.46719444369157, 20.65041871506146], [-101.4671560802828, 20.650419263774033]], [[-101.46715666322704, 20.65045537416497], [-101.4671560802828, 20.650419263774033]], [[-101.4671560802828, 20.650419263774033], [-101.4671177168728, 20.650419812478088]], [[-101.46711829980799, 20.650455922870073], [-101.4671177168728, 20.650419812478088]], [[-101.4671177168728, 20.650419812478088], [-101.46707935346153, 20.65042036117363]], [[-101.46707993638768, 20.650456471566663], [-101.46707935346153, 20.65042036117363]], [[-101.46707935346153, 20.65042036117363], [-101.46704099004901, 20.650420909860664]], [[-101.46704157296611, 20.650457020254738], [-101.46704099004901, 20.650420909860664]], [[-101.46704099004901, 20.650420909860664], [-101.46700262663524, 20.65042145853918]], [[-101.46700320954331, 20.650457568934296], [-101.46700262663524, 20.65042145853918]], [[-101.46700262663524, 20.65042145853918], [-101.46696426322023, 20.650422007209183]], [[-101.46696484611925, 20.65045811760535], [-101.46696426322023, 20.650422007209183]], [[-101.46696426322023, 20.650422007209183], [-101.46692589980395, 20.650422555870673]], [[-101.46692648269394, 20.650458666267884], [-101.46692589980395, 20.650422555870673]], [[-101.46692589980395, 20.650422555870673], [-101.46688753638644, 20.650423104523657]], [[-101.46688811926738, 20.65045921492191], [-101.46688753638644, 20.650423104523657]], [[-101.46688753638644, 20.650423104523657], [-101.46684917296767, 20.650423653168122]], [[-101.46684975583956, 20.65045976356742], [-101.46684917296767, 20.650423653168122]], [[-101.46684917296767, 20.650423653168122], [-101.46681080954765, 20.65042420180407]], [[-101.4668113924105, 20.650460312204416], [-101.46681080954765, 20.65042420180407]], [[-101.46681080954765, 20.65042420180407], [-101.46677244612638, 20.650424750431508]], [[-101.4667730289802, 20.650460860832897], [-101.46677244612638, 20.650424750431508]], [[-101.46677244612638, 20.650424750431508], [-101.46673408270387, 20.65042529905044]], [[-101.46673466554864, 20.65046140945287], [-101.46673408270387, 20.65042529905044]], [[-101.46673408270387, 20.65042529905044], [-101.46669571928011, 20.650425847660852]], [[-101.46669630211582, 20.650461958064326], [-101.46669571928011, 20.650425847660852]], [[-101.46669571928011, 20.650425847660852], [-101.46665735585509, 20.65042639626275]], [[-101.46665793868178, 20.650462506667267], [-101.46665735585509, 20.65042639626275]], [[-101.46665735585509, 20.65042639626275], [-101.46661899242882, 20.650426944856136]], [[-101.46661957524645, 20.6504630552617], [-101.46661899242882, 20.650426944856136]], [[-101.46661899242882, 20.650426944856136], [-101.4665806290013, 20.65042749344101]], [[-101.46658121180991, 20.650463603847623], [-101.4665806290013, 20.65042749344101]], [[-101.4665806290013, 20.65042749344101], [-101.46654226557254, 20.65042804201737]], [[-101.4665428483721, 20.650464152425023], [-101.46654226557254, 20.65042804201737]], [[-101.46654226557254, 20.65042804201737], [-101.46650390214252, 20.65042859058522]], [[-101.46650448493303, 20.65046470099392], [-101.46650390214252, 20.65042859058522]], [[-101.46800007498686, 20.650407190130952], [-101.46799949184496, 20.650371079762834]], [[-101.46799949184496, 20.650371079762834], [-101.46796112847149, 20.650371628653133]], [[-101.46796171160436, 20.6504077390223], [-101.46796112847149, 20.650371628653133]], [[-101.46796112847149, 20.650371628653133], [-101.46792276509677, 20.650372177534923]], [[-101.4679233482206, 20.65040828790513], [-101.46792276509677, 20.650372177534923]], [[-101.46792276509677, 20.650372177534923], [-101.4678844017208, 20.650372726408197]], [[-101.46788498483558, 20.650408836779448], [-101.4678844017208, 20.650372726408197]], [[-101.4678844017208, 20.650372726408197], [-101.46784603834358, 20.65037327527296]], [[-101.46784662144933, 20.650409385645258], [-101.46784603834358, 20.65037327527296]], [[-101.46784603834358, 20.65037327527296], [-101.46780767496512, 20.650373824129208]], [[-101.46780825806182, 20.65040993450255], [-101.46780767496512, 20.650373824129208]], [[-101.46780767496512, 20.650373824129208], [-101.4677693115854, 20.650374372976945]], [[-101.46776989467305, 20.650410483351326], [-101.4677693115854, 20.650374372976945]], [[-101.4677693115854, 20.650374372976945], [-101.46773094820442, 20.650374921816162]], [[-101.46773153128305, 20.650411032191595], [-101.46773094820442, 20.650374921816162]], [[-101.46773094820442, 20.650374921816162], [-101.4676925848222, 20.650375470646875]], [[-101.46769316789177, 20.65041158102335], [-101.4676925848222, 20.650375470646875]], [[-101.4676925848222, 20.650375470646875], [-101.46765422143872, 20.650376019469068]], [[-101.46765480449928, 20.65041212984659], [-101.46765422143872, 20.650376019469068]], [[-101.46765422143872, 20.650376019469068], [-101.467615858054, 20.65037656828275]], [[-101.4676164411055, 20.65041267866132], [-101.467615858054, 20.65037656828275]], [[-101.467615858054, 20.65037656828275], [-101.46757749466803, 20.650377117087917]], [[-101.46757807771048, 20.65041322746753], [-101.46757749466803, 20.650377117087917]], [[-101.46757749466803, 20.650377117087917], [-101.46753913128082, 20.650377665884573]], [[-101.46753971431423, 20.650413776265236], [-101.46753913128082, 20.650377665884573]], [[-101.46753913128082, 20.650377665884573], [-101.46750076789235, 20.650378214672717]], [[-101.4675013509167, 20.650414325054427], [-101.46750076789235, 20.650378214672717]], [[-101.46750076789235, 20.650378214672717], [-101.46746240450261, 20.650378763452345]], [[-101.46746298751795, 20.6504148738351], [-101.46746240450261, 20.650378763452345]], [[-101.46746240450261, 20.650378763452345], [-101.46742404111166, 20.650379312223464]], [[-101.46742462411792, 20.65041542260726], [-101.46742404111166, 20.650379312223464]], [[-101.46742404111166, 20.650379312223464], [-101.46738567771942, 20.65037986098607]], [[-101.46738626071667, 20.650415971370915], [-101.46738567771942, 20.65037986098607]], [[-101.46738567771942, 20.65037986098607], [-101.46734731432595, 20.650380409740162]], [[-101.46734789731414, 20.65041652012605], [-101.46734731432595, 20.650380409740162]], [[-101.46734731432595, 20.650380409740162], [-101.46730895093123, 20.650380958485737]], [[-101.46730953391038, 20.65041706887267], [-101.46730895093123, 20.650380958485737]], [[-101.46730895093123, 20.650380958485737], [-101.46727058753524, 20.650381507222804]], [[-101.46727117050536, 20.65041761761078], [-101.46727058753524, 20.650381507222804]], [[-101.46727058753524, 20.650381507222804], [-101.46723222413802, 20.650382055951354]], [[-101.4672328070991, 20.650418166340376], [-101.46723222413802, 20.650382055951354]], [[-101.46723222413802, 20.650382055951354], [-101.46719386073956, 20.650382604671396]], [[-101.46719444369157, 20.65041871506146], [-101.46719386073956, 20.650382604671396]], [[-101.46719386073956, 20.650382604671396], [-101.46715549733983, 20.650383153382926]], [[-101.4671560802828, 20.650419263774033], [-101.46715549733983, 20.650383153382926]], [[-101.46715549733983, 20.650383153382926], [-101.46711713393886, 20.65038370208593]], [[-101.4671177168728, 20.650419812478088], [-101.46711713393886, 20.65038370208593]], [[-101.46711713393886, 20.65038370208593], [-101.46707877053663, 20.650384250780434]], [[-101.46707935346153, 20.65042036117363], [-101.46707877053663, 20.650384250780434]], [[-101.46707877053663, 20.650384250780434], [-101.46704040713315, 20.65038479946642]], [[-101.46704099004901, 20.650420909860664], [-101.46704040713315, 20.65038479946642]], [[-101.46704040713315, 20.65038479946642], [-101.46700204372843, 20.65038534814389]], [[-101.46700262663524, 20.65042145853918], [-101.46700204372843, 20.65038534814389]], [[-101.46700204372843, 20.65038534814389], [-101.46696368032245, 20.65038589681285]], [[-101.46696426322023, 20.650422007209183], [-101.46696368032245, 20.65038589681285]], [[-101.46696368032245, 20.65038589681285], [-101.46692531691522, 20.650386445473302]], [[-101.46692589980395, 20.650422555870673], [-101.46692531691522, 20.650386445473302]], [[-101.46692531691522, 20.650386445473302], [-101.46688695350674, 20.650386994125235]], [[-101.46688753638644, 20.650423104523657], [-101.46688695350674, 20.650386994125235]], [[-101.46688695350674, 20.650386994125235], [-101.46684859009703, 20.65038754276865]], [[-101.46684917296767, 20.650423653168122], [-101.46684859009703, 20.65038754276865]], [[-101.46684859009703, 20.65038754276865], [-101.46681022668605, 20.650388091403563]], [[-101.46681080954765, 20.65042420180407], [-101.46681022668605, 20.650388091403563]], [[-101.46681022668605, 20.650388091403563], [-101.46677186327383, 20.650388640029952]], [[-101.46677244612638, 20.650424750431508], [-101.46677186327383, 20.650388640029952]], [[-101.46677186327383, 20.650388640029952], [-101.46673349986034, 20.650389188647836]], [[-101.46673408270387, 20.65042529905044], [-101.46673349986034, 20.650389188647836]], [[-101.46673349986034, 20.650389188647836], [-101.46669513644562, 20.650389737257203]], [[-101.46669571928011, 20.650425847660852], [-101.46669513644562, 20.650389737257203]], [[-101.46669513644562, 20.650389737257203], [-101.46665677302965, 20.650390285858062]], [[-101.46665735585509, 20.65042639626275], [-101.46665677302965, 20.650390285858062]], [[-101.46665677302965, 20.650390285858062], [-101.46661840961242, 20.650390834450405]], [[-101.46661899242882, 20.650426944856136], [-101.46661840961242, 20.650390834450405]], [[-101.46661840961242, 20.650390834450405], [-101.46658004619394, 20.65039138303423]], [[-101.4665806290013, 20.65042749344101], [-101.46658004619394, 20.65039138303423]], [[-101.46658004619394, 20.65039138303423], [-101.46654168277422, 20.650391931609544]], [[-101.46654226557254, 20.65042804201737], [-101.46654168277422, 20.650391931609544]], [[-101.46799949184496, 20.650371079762834], [-101.46799890870429, 20.650334969394553]], [[-101.46799890870429, 20.650334969394553], [-101.46796054533986, 20.650335518283807]], [[-101.46796112847149, 20.650371628653133], [-101.46796054533986, 20.650335518283807]], [[-101.46796054533986, 20.650335518283807], [-101.46792218197419, 20.650336067164545]], [[-101.46792276509677, 20.650372177534923], [-101.46792218197419, 20.650336067164545]], [[-101.46792218197419, 20.650336067164545], [-101.46788381860728, 20.650336616036782]], [[-101.4678844017208, 20.650372726408197], [-101.46788381860728, 20.650336616036782]], [[-101.46788381860728, 20.650336616036782], [-101.46784545523909, 20.650337164900495]], [[-101.46784603834358, 20.65037327527296], [-101.46784545523909, 20.650337164900495]], [[-101.46784545523909, 20.650337164900495], [-101.46780709186966, 20.650337713755697]], [[-101.46780767496512, 20.650373824129208], [-101.46780709186966, 20.650337713755697]], [[-101.46780709186966, 20.650337713755697], [-101.467768728499, 20.650338262602382]], [[-101.4677693115854, 20.650374372976945], [-101.467768728499, 20.650338262602382]], [[-101.467768728499, 20.650338262602382], [-101.46773036512705, 20.650338811440562]], [[-101.46773094820442, 20.650374921816162], [-101.46773036512705, 20.650338811440562]], [[-101.46773036512705, 20.650338811440562], [-101.46769200175387, 20.650339360270227]], [[-101.4676925848222, 20.650375470646875], [-101.46769200175387, 20.650339360270227]], [[-101.46769200175387, 20.650339360270227], [-101.46765363837946, 20.650339909091382]], [[-101.46765422143872, 20.650376019469068], [-101.46765363837946, 20.650339909091382]], [[-101.46765363837946, 20.650339909091382], [-101.46761527500377, 20.650340457904015]], [[-101.467615858054, 20.65037656828275], [-101.46761527500377, 20.650340457904015]], [[-101.46761527500377, 20.650340457904015], [-101.46757691162684, 20.650341006708143]], [[-101.46757749466803, 20.650377117087917], [-101.46757691162684, 20.650341006708143]], [[-101.46757691162684, 20.650341006708143], [-101.46753854824865, 20.650341555503754]], [[-101.46753913128082, 20.650377665884573], [-101.46753854824865, 20.650341555503754]], [[-101.46753854824865, 20.650341555503754], [-101.46750018486924, 20.650342104290846]], [[-101.46750076789235, 20.650378214672717], [-101.46750018486924, 20.650342104290846]], [[-101.46750018486924, 20.650342104290846], [-101.46746182148854, 20.650342653069437]], [[-101.46746240450261, 20.650378763452345], [-101.46746182148854, 20.650342653069437]], [[-101.46746182148854, 20.650342653069437], [-101.46742345810661, 20.65034320183951]], [[-101.46742404111166, 20.650379312223464], [-101.46742345810661, 20.65034320183951]], [[-101.46742345810661, 20.65034320183951], [-101.46738509472344, 20.65034375060107]], [[-101.46738567771942, 20.65037986098607], [-101.46738509472344, 20.65034375060107]], [[-101.46738509472344, 20.65034375060107], [-101.467346731339, 20.65034429935411]], [[-101.46734731432595, 20.650380409740162], [-101.467346731339, 20.65034429935411]], [[-101.467346731339, 20.65034429935411], [-101.46730836795332, 20.650344848098644]], [[-101.46730895093123, 20.650380958485737], [-101.46730836795332, 20.650344848098644]], [[-101.46730836795332, 20.650344848098644], [-101.46727000456639, 20.65034539683467]], [[-101.46727058753524, 20.650381507222804], [-101.46727000456639, 20.65034539683467]], [[-101.46727000456639, 20.65034539683467], [-101.46723164117822, 20.650345945562172]], [[-101.46723222413802, 20.650382055951354], [-101.46723164117822, 20.650345945562172]], [[-101.46723164117822, 20.650345945562172], [-101.46719327778878, 20.650346494281166]], [[-101.46719386073956, 20.650382604671396], [-101.46719327778878, 20.650346494281166]], [[-101.46719327778878, 20.650346494281166], [-101.4671549143981, 20.650347042991648]], [[-101.46715549733983, 20.650383153382926], [-101.4671549143981, 20.650347042991648]], [[-101.4671549143981, 20.650347042991648], [-101.46711655100616, 20.65034759169362]], [[-101.46711713393886, 20.65038370208593], [-101.46711655100616, 20.65034759169362]], [[-101.46711655100616, 20.65034759169362], [-101.46707818761298, 20.65034814038707]], [[-101.46707877053663, 20.650384250780434], [-101.46707818761298, 20.65034814038707]], [[-101.46707818761298, 20.65034814038707], [-101.46703982421855, 20.650348689072008]], [[-101.46704040713315, 20.65038479946642], [-101.46703982421855, 20.650348689072008]], [[-101.46703982421855, 20.650348689072008], [-101.46700146082286, 20.65034923774844]], [[-101.46700204372843, 20.65038534814389], [-101.46700146082286, 20.65034923774844]], [[-101.46700146082286, 20.65034923774844], [-101.46696309742592, 20.650349786416356]], [[-101.46696368032245, 20.65038589681285], [-101.46696309742592, 20.650349786416356]], [[-101.46696309742592, 20.650349786416356], [-101.46692473402774, 20.65035033507576]], [[-101.46692531691522, 20.650386445473302], [-101.46692473402774, 20.65035033507576]], [[-101.46692473402774, 20.65035033507576], [-101.4668863706283, 20.65035088372665]], [[-101.46688695350674, 20.650386994125235], [-101.4668863706283, 20.65035088372665]], [[-101.4668863706283, 20.65035088372665], [-101.46684800722763, 20.65035143236902]], [[-101.46684859009703, 20.65038754276865], [-101.46684800722763, 20.65035143236902]], [[-101.46684800722763, 20.65035143236902], [-101.4668096438257, 20.650351981002885]], [[-101.46681022668605, 20.650388091403563], [-101.4668096438257, 20.650351981002885]], [[-101.4668096438257, 20.650351981002885], [-101.46677128042252, 20.65035252962823]], [[-101.46677186327383, 20.650388640029952], [-101.46677128042252, 20.65035252962823]], [[-101.46677128042252, 20.65035252962823], [-101.46673291701808, 20.650353078245075]], [[-101.46673349986034, 20.650389188647836], [-101.46673291701808, 20.650353078245075]], [[-101.46673291701808, 20.650353078245075], [-101.46669455361238, 20.6503536268534]], [[-101.46669513644562, 20.650389737257203], [-101.46669455361238, 20.6503536268534]], [[-101.46669455361238, 20.6503536268534], [-101.46665619020546, 20.650354175453202]], [[-101.46665677302965, 20.650390285858062], [-101.46665619020546, 20.650354175453202]], [[-101.46665619020546, 20.650354175453202], [-101.46661782679728, 20.6503547240445]], [[-101.46661840961242, 20.650390834450405], [-101.46661782679728, 20.6503547240445]], [[-101.46661782679728, 20.6503547240445], [-101.46657946338784, 20.650355272627284]], [[-101.46658004619394, 20.65039138303423], [-101.46657946338784, 20.650355272627284]], [[-101.46799890870429, 20.650334969394553], [-101.46799832556488, 20.6502988590261]], [[-101.46799832556488, 20.6502988590261], [-101.4679599622095, 20.65029940791431]], [[-101.46796054533986, 20.650335518283807], [-101.4679599622095, 20.65029940791431]], [[-101.4679599622095, 20.65029940791431], [-101.46792159885287, 20.650299956794008]], [[-101.46792218197419, 20.650336067164545], [-101.46792159885287, 20.650299956794008]], [[-101.46792159885287, 20.650299956794008], [-101.46788323549498, 20.650300505665193]], [[-101.46788381860728, 20.650336616036782], [-101.46788323549498, 20.650300505665193]], [[-101.46788323549498, 20.650300505665193], [-101.46784487213586, 20.65030105452786]], [[-101.46784545523909, 20.650337164900495], [-101.46784487213586, 20.65030105452786]], [[-101.46784487213586, 20.65030105452786], [-101.46780650877545, 20.65030160338202]], [[-101.46780709186966, 20.650337713755697], [-101.46780650877545, 20.65030160338202]], [[-101.46780650877545, 20.65030160338202], [-101.46776814541383, 20.650302152227667]], [[-101.467768728499, 20.650338262602382], [-101.46776814541383, 20.650302152227667]], [[-101.46776814541383, 20.650302152227667], [-101.46772978205094, 20.6503027010648]], [[-101.46773036512705, 20.650338811440562], [-101.46772978205094, 20.6503027010648]], [[-101.46772978205094, 20.6503027010648], [-101.46769141868681, 20.650303249893415]], [[-101.46769200175387, 20.650339360270227], [-101.46769141868681, 20.650303249893415]], [[-101.46769141868681, 20.650303249893415], [-101.46765305532142, 20.650303798713523]], [[-101.46765363837946, 20.650339909091382], [-101.46765305532142, 20.650303798713523]], [[-101.46765305532142, 20.650303798713523], [-101.46761469195478, 20.650304347525115]], [[-101.46761527500377, 20.650340457904015], [-101.46761469195478, 20.650304347525115]], [[-101.46761469195478, 20.650304347525115], [-101.46757632858689, 20.650304896328194]], [[-101.46757691162684, 20.650341006708143], [-101.46757632858689, 20.650304896328194]], [[-101.46757632858689, 20.650304896328194], [-101.46753796521776, 20.650305445122758]], [[-101.46753854824865, 20.650341555503754], [-101.46753796521776, 20.650305445122758]], [[-101.46753796521776, 20.650305445122758], [-101.46749960184736, 20.650305993908812]], [[-101.46750018486924, 20.650342104290846], [-101.46749960184736, 20.650305993908812]], [[-101.46749960184736, 20.650305993908812], [-101.46746123847572, 20.65030654268635]], [[-101.46746182148854, 20.650342653069437], [-101.46746123847572, 20.65030654268635]], [[-101.46746123847572, 20.65030654268635], [-101.46742287510284, 20.650307091455385]], [[-101.46742345810661, 20.65034320183951], [-101.46742287510284, 20.650307091455385]], [[-101.46742287510284, 20.650307091455385], [-101.4673845117287, 20.650307640215892]], [[-101.46738509472344, 20.65034375060107], [-101.4673845117287, 20.650307640215892]], [[-101.4673845117287, 20.650307640215892], [-101.46734614835331, 20.650308188967895]], [[-101.467346731339, 20.65034429935411], [-101.46734614835331, 20.650308188967895]], [[-101.46734614835331, 20.650308188967895], [-101.46730778497667, 20.650308737711388]], [[-101.46730836795332, 20.650344848098644], [-101.46730778497667, 20.650308737711388]], [[-101.46730778497667, 20.650308737711388], [-101.46726942159879, 20.650309286446358]], [[-101.46727000456639, 20.65034539683467], [-101.46726942159879, 20.650309286446358]], [[-101.46726942159879, 20.650309286446358], [-101.46723105821964, 20.650309835172823]], [[-101.46723164117822, 20.650345945562172], [-101.46723105821964, 20.650309835172823]], [[-101.46723105821964, 20.650309835172823], [-101.46719269483924, 20.65031038389077]], [[-101.46719327778878, 20.650346494281166], [-101.46719269483924, 20.65031038389077]], [[-101.46719269483924, 20.65031038389077], [-101.4671543314576, 20.6503109326002]], [[-101.4671549143981, 20.650347042991648], [-101.4671543314576, 20.6503109326002]], [[-101.4671543314576, 20.6503109326002], [-101.46711596807472, 20.650311481301127]], [[-101.46711655100616, 20.65034759169362], [-101.46711596807472, 20.650311481301127]], [[-101.46711596807472, 20.650311481301127], [-101.46707760469057, 20.650312029993536]], [[-101.46707818761298, 20.65034814038707], [-101.46707760469057, 20.650312029993536]], [[-101.46707760469057, 20.650312029993536], [-101.46703924130519, 20.650312578677433]], [[-101.46703982421855, 20.650348689072008], [-101.46703924130519, 20.650312578677433]], [[-101.46703924130519, 20.650312578677433], [-101.46700087791854, 20.650313127352813]], [[-101.46700146082286, 20.65034923774844], [-101.46700087791854, 20.650313127352813]], [[-101.46700087791854, 20.650313127352813], [-101.46696251453065, 20.65031367601969]], [[-101.46696309742592, 20.650349786416356], [-101.46696251453065, 20.65031367601969]], [[-101.46696251453065, 20.65031367601969], [-101.46692415114151, 20.650314224678045]], [[-101.46692473402774, 20.65035033507576], [-101.46692415114151, 20.650314224678045]], [[-101.46692415114151, 20.650314224678045], [-101.46688578775111, 20.650314773327892]], [[-101.4668863706283, 20.65035088372665], [-101.46688578775111, 20.650314773327892]], [[-101.46688578775111, 20.650314773327892], [-101.46684742435947, 20.65031532196922]], [[-101.46684800722763, 20.65035143236902], [-101.46684742435947, 20.65031532196922]], [[-101.46684742435947, 20.65031532196922], [-101.4668090609666, 20.65031587060204]], [[-101.4668096438257, 20.650351981002885], [-101.4668090609666, 20.65031587060204]], [[-101.4668090609666, 20.65031587060204], [-101.46677069757244, 20.650316419226343]], [[-101.46677128042252, 20.65035252962823], [-101.46677069757244, 20.650316419226343]], [[-101.46677069757244, 20.650316419226343], [-101.46673233417705, 20.650316967842137]], [[-101.46673291701808, 20.650353078245075], [-101.46673233417705, 20.650316967842137]], [[-101.46673233417705, 20.650316967842137], [-101.46669397078041, 20.650317516449412]], [[-101.46669455361238, 20.6503536268534], [-101.46669397078041, 20.650317516449412]], [[-101.46669397078041, 20.650317516449412], [-101.46665560738253, 20.650318065048186]], [[-101.46665619020546, 20.650354175453202], [-101.46665560738253, 20.650318065048186]], [[-101.46665560738253, 20.650318065048186], [-101.46661724398338, 20.650318613638433]], [[-101.46661782679728, 20.6503547240445], [-101.46661724398338, 20.650318613638433]], [[-101.46799832556488, 20.6502988590261], [-101.46799774242672, 20.650262748657482]], [[-101.46799774242672, 20.650262748657482], [-101.46795937908038, 20.650263297544647]], [[-101.4679599622095, 20.65029940791431], [-101.46795937908038, 20.650263297544647]], [[-101.46795937908038, 20.650263297544647], [-101.46792101573278, 20.6502638464233]], [[-101.46792159885287, 20.650299956794008], [-101.46792101573278, 20.6502638464233]], [[-101.46792101573278, 20.6502638464233], [-101.46788265238395, 20.65026439529344]], [[-101.46788323549498, 20.650300505665193], [-101.46788265238395, 20.65026439529344]], [[-101.46788265238395, 20.65026439529344], [-101.46784428903386, 20.65026494415507]], [[-101.46784487213586, 20.65030105452786], [-101.46784428903386, 20.65026494415507]], [[-101.46784428903386, 20.65026494415507], [-101.46780592568251, 20.650265493008177]], [[-101.46780650877545, 20.65030160338202], [-101.46780592568251, 20.650265493008177]], [[-101.46780592568251, 20.650265493008177], [-101.46776756232991, 20.65026604185278]], [[-101.46776814541383, 20.650302152227667], [-101.46776756232991, 20.65026604185278]], [[-101.46776756232991, 20.65026604185278], [-101.46772919897607, 20.65026659068887]], [[-101.46772978205094, 20.6503027010648], [-101.46772919897607, 20.65026659068887]], [[-101.46772919897607, 20.65026659068887], [-101.46769083562099, 20.65026713951644]], [[-101.46769141868681, 20.650303249893415], [-101.46769083562099, 20.65026713951644]], [[-101.46769083562099, 20.65026713951644], [-101.46765247226463, 20.650267688335497]], [[-101.46765305532142, 20.650303798713523], [-101.46765247226463, 20.650267688335497]], [[-101.46765247226463, 20.650267688335497], [-101.46761410890704, 20.650268237146047]], [[-101.46761469195478, 20.650304347525115], [-101.46761410890704, 20.650268237146047]], [[-101.46761410890704, 20.650268237146047], [-101.4675757455482, 20.65026878594808]], [[-101.46757632858689, 20.650304896328194], [-101.4675757455482, 20.65026878594808]], [[-101.4675757455482, 20.65026878594808], [-101.4675373821881, 20.6502693347416]], [[-101.46753796521776, 20.650305445122758], [-101.4675373821881, 20.6502693347416]], [[-101.4675373821881, 20.6502693347416], [-101.46749901882676, 20.650269883526615]], [[-101.46749960184736, 20.650305993908812], [-101.46749901882676, 20.650269883526615]], [[-101.46749901882676, 20.650269883526615], [-101.46746065546417, 20.650270432303106]], [[-101.46746123847572, 20.65030654268635], [-101.46746065546417, 20.650270432303106]], [[-101.46746065546417, 20.650270432303106], [-101.46742229210031, 20.65027098107109]], [[-101.46742287510284, 20.650307091455385], [-101.46742229210031, 20.65027098107109]], [[-101.46742229210031, 20.65027098107109], [-101.46738392873522, 20.650271529830558]], [[-101.4673845117287, 20.650307640215892], [-101.46738392873522, 20.650271529830558]], [[-101.46738392873522, 20.650271529830558], [-101.46734556536887, 20.650272078581516]], [[-101.46734614835331, 20.650308188967895], [-101.46734556536887, 20.650272078581516]], [[-101.46734556536887, 20.650272078581516], [-101.46730720200127, 20.650272627323957]], [[-101.46730778497667, 20.650308737711388], [-101.46730720200127, 20.650272627323957]], [[-101.46730720200127, 20.650272627323957], [-101.46726883863242, 20.65027317605789]], [[-101.46726942159879, 20.650309286446358], [-101.46726883863242, 20.65027317605789]], [[-101.46726883863242, 20.65027317605789], [-101.46723047526233, 20.6502737247833]], [[-101.46723105821964, 20.650309835172823], [-101.46723047526233, 20.6502737247833]], [[-101.46723047526233, 20.6502737247833], [-101.46719211189098, 20.650274273500205]], [[-101.46719269483924, 20.65031038389077], [-101.46719211189098, 20.650274273500205]], [[-101.46719211189098, 20.650274273500205], [-101.46715374851838, 20.6502748222086]], [[-101.4671543314576, 20.6503109326002], [-101.46715374851838, 20.6502748222086]], [[-101.46715374851838, 20.6502748222086], [-101.46711538514452, 20.650275370908474]], [[-101.46711596807472, 20.650311481301127], [-101.46711538514452, 20.650275370908474]], [[-101.46711538514452, 20.650275370908474], [-101.46707702176943, 20.650275919599842]], [[-101.46707760469057, 20.650312029993536], [-101.46707702176943, 20.650275919599842]], [[-101.46707702176943, 20.650275919599842], [-101.46703865839308, 20.650276468282694]], [[-101.46703924130519, 20.650312578677433], [-101.46703865839308, 20.650276468282694]], [[-101.46703865839308, 20.650276468282694], [-101.46700029501548, 20.650277016957034]], [[-101.46700087791854, 20.650313127352813], [-101.46700029501548, 20.650277016957034]], [[-101.46700029501548, 20.650277016957034], [-101.46696193163663, 20.650277565622858]], [[-101.46696251453065, 20.65031367601969], [-101.46696193163663, 20.650277565622858]], [[-101.46696193163663, 20.650277565622858], [-101.46692356825653, 20.650278114280173]], [[-101.46692415114151, 20.650314224678045], [-101.46692356825653, 20.650278114280173]], [[-101.46692356825653, 20.650278114280173], [-101.46688520487518, 20.650278662928972]], [[-101.46688578775111, 20.650314773327892], [-101.46688520487518, 20.650278662928972]], [[-101.46688520487518, 20.650278662928972], [-101.46684684149258, 20.650279211569256]], [[-101.46684742435947, 20.65031532196922], [-101.46684684149258, 20.650279211569256]], [[-101.46684684149258, 20.650279211569256], [-101.46680847810873, 20.65027976020103]], [[-101.4668090609666, 20.65031587060204], [-101.46680847810873, 20.65027976020103]], [[-101.46680847810873, 20.65027976020103], [-101.46677011472364, 20.65028030882429]], [[-101.46677069757244, 20.650316419226343], [-101.46677011472364, 20.65028030882429]], [[-101.46677011472364, 20.65028030882429], [-101.46673175133729, 20.650280857439036]], [[-101.46673233417705, 20.650316967842137], [-101.46673175133729, 20.650280857439036]], [[-101.46673175133729, 20.650280857439036], [-101.46669338794969, 20.65028140604527]], [[-101.46669397078041, 20.650317516449412], [-101.46669338794969, 20.65028140604527]], [[-101.46669338794969, 20.65028140604527], [-101.46665502456085, 20.650281954642992]], [[-101.46665560738253, 20.650318065048186], [-101.46665502456085, 20.650281954642992]], [[-101.46799774242672, 20.650262748657482], [-101.46799715928982, 20.650226638288704]], [[-101.46799715928982, 20.650226638288704], [-101.46795879595251, 20.650227187174824]], [[-101.46795937908038, 20.650263297544647], [-101.46795879595251, 20.650227187174824]], [[-101.46795879595251, 20.650227187174824], [-101.46792043261397, 20.650227736052425]], [[-101.46792101573278, 20.6502638464233], [-101.46792043261397, 20.650227736052425]], [[-101.46792043261397, 20.650227736052425], [-101.46788206927417, 20.650228284921518]], [[-101.46788265238395, 20.65026439529344], [-101.46788206927417, 20.650228284921518]], [[-101.46788206927417, 20.650228284921518], [-101.4678437059331, 20.6502288337821]], [[-101.46784428903386, 20.65026494415507], [-101.4678437059331, 20.6502288337821]], [[-101.4678437059331, 20.6502288337821], [-101.46780534259081, 20.65022938263417]], [[-101.46780592568251, 20.650265493008177], [-101.46780534259081, 20.65022938263417]], [[-101.46780534259081, 20.65022938263417], [-101.46776697924726, 20.650229931477725]], [[-101.46776756232991, 20.65026604185278], [-101.46776697924726, 20.650229931477725]], [[-101.46776697924726, 20.650229931477725], [-101.46772861590246, 20.65023048031276]], [[-101.46772919897607, 20.65026659068887], [-101.46772861590246, 20.65023048031276]], [[-101.46772861590246, 20.65023048031276], [-101.46769025255641, 20.65023102913929]], [[-101.46769083562099, 20.65026713951644], [-101.46769025255641, 20.65023102913929]], [[-101.46769025255641, 20.65023102913929], [-101.46765188920911, 20.65023157795731]], [[-101.46765247226463, 20.650267688335497], [-101.46765188920911, 20.65023157795731]], [[-101.46765188920911, 20.65023157795731], [-101.46761352586056, 20.65023212676681]], [[-101.46761410890704, 20.650268237146047], [-101.46761352586056, 20.65023212676681]], [[-101.46761352586056, 20.65023212676681], [-101.46757516251076, 20.6502326755678]], [[-101.4675757455482, 20.65026878594808], [-101.46757516251076, 20.6502326755678]], [[-101.46757516251076, 20.6502326755678], [-101.46753679915969, 20.650233224360274]], [[-101.4675373821881, 20.6502693347416], [-101.46753679915969, 20.650233224360274]], [[-101.46753679915969, 20.650233224360274], [-101.46749843580739, 20.650233773144244]], [[-101.46749901882676, 20.650269883526615], [-101.46749843580739, 20.650233773144244]], [[-101.46749843580739, 20.650233773144244], [-101.46746007245385, 20.650234321919694]], [[-101.46746065546417, 20.650270432303106], [-101.46746007245385, 20.650234321919694]], [[-101.46746007245385, 20.650234321919694], [-101.46742170909903, 20.650234870686628]], [[-101.46742229210031, 20.65027098107109], [-101.46742170909903, 20.650234870686628]], [[-101.46742170909903, 20.650234870686628], [-101.46738334574297, 20.65023541944505]], [[-101.46738392873522, 20.650271529830558], [-101.46738334574297, 20.65023541944505]], [[-101.46738334574297, 20.65023541944505], [-101.46734498238568, 20.650235968194963]], [[-101.46734556536887, 20.650272078581516], [-101.46734498238568, 20.650235968194963]], [[-101.46734498238568, 20.650235968194963], [-101.46730661902711, 20.65023651693636]], [[-101.46730720200127, 20.650272627323957], [-101.46730661902711, 20.65023651693636]], [[-101.46730661902711, 20.65023651693636], [-101.4672682556673, 20.65023706566925]], [[-101.46726883863242, 20.65027317605789], [-101.4672682556673, 20.65023706566925]], [[-101.4672682556673, 20.65023706566925], [-101.46722989230625, 20.650237614393617]], [[-101.46723047526233, 20.6502737247833], [-101.46722989230625, 20.650237614393617]], [[-101.46722989230625, 20.650237614393617], [-101.46719152894396, 20.65023816310948]], [[-101.46719211189098, 20.650274273500205], [-101.46719152894396, 20.65023816310948]], [[-101.46719152894396, 20.65023816310948], [-101.46715316558038, 20.650238711816826]], [[-101.46715374851838, 20.6502748222086], [-101.46715316558038, 20.650238711816826]], [[-101.46715316558038, 20.650238711816826], [-101.46711480221558, 20.650239260515654]], [[-101.46711538514452, 20.650275370908474], [-101.46711480221558, 20.650239260515654]], [[-101.46711480221558, 20.650239260515654], [-101.46707643884953, 20.650239809205974]], [[-101.46707702176943, 20.650275919599842], [-101.46707643884953, 20.650239809205974]], [[-101.46707643884953, 20.650239809205974], [-101.46703807548222, 20.650240357887782]], [[-101.46703865839308, 20.650276468282694], [-101.46703807548222, 20.650240357887782]], [[-101.46703807548222, 20.650240357887782], [-101.46699971211366, 20.650240906561077]], [[-101.46700029501548, 20.650277016957034], [-101.46699971211366, 20.650240906561077]], [[-101.46699971211366, 20.650240906561077], [-101.46696134874385, 20.650241455225856]], [[-101.46696193163663, 20.650277565622858], [-101.46696134874385, 20.650241455225856]], [[-101.46696134874385, 20.650241455225856], [-101.4669229853728, 20.650242003882127]], [[-101.46692356825653, 20.650278114280173], [-101.4669229853728, 20.650242003882127]], [[-101.4669229853728, 20.650242003882127], [-101.46688462200049, 20.65024255252988]], [[-101.46688520487518, 20.650278662928972], [-101.46688462200049, 20.65024255252988]], [[-101.46688462200049, 20.65024255252988], [-101.46684625862694, 20.65024310116912]], [[-101.46684684149258, 20.650279211569256], [-101.46684625862694, 20.65024310116912]], [[-101.46684625862694, 20.65024310116912], [-101.46680789525213, 20.650243649799854]], [[-101.46680847810873, 20.65027976020103], [-101.46680789525213, 20.650243649799854]], [[-101.46680789525213, 20.650243649799854], [-101.46676953187608, 20.650244198422065]], [[-101.46677011472364, 20.65028030882429], [-101.46676953187608, 20.650244198422065]], [[-101.46676953187608, 20.650244198422065], [-101.46673116849877, 20.65024474703577]], [[-101.46673175133729, 20.650280857439036], [-101.46673116849877, 20.65024474703577]], [[-101.46673116849877, 20.65024474703577], [-101.46669280512022, 20.65024529564096]], [[-101.46669338794969, 20.65028140604527], [-101.46669280512022, 20.65024529564096]], [[-101.46799715928982, 20.650226638288704], [-101.46799657615416, 20.65019052791975]], [[-101.46799657615416, 20.65019052791975], [-101.4679582128259, 20.650191076804823]], [[-101.46795879595251, 20.650227187174824], [-101.4679582128259, 20.650191076804823]], [[-101.4679582128259, 20.650191076804823], [-101.46791984949638, 20.650191625681387]], [[-101.46792043261397, 20.650227736052425], [-101.46791984949638, 20.650191625681387]], [[-101.46791984949638, 20.650191625681387], [-101.46788148616564, 20.65019217454944]], [[-101.46788206927417, 20.650228284921518], [-101.46788148616564, 20.65019217454944]], [[-101.46788148616564, 20.65019217454944], [-101.46784312283363, 20.65019272340897]], [[-101.4678437059331, 20.6502288337821], [-101.46784312283363, 20.65019272340897]], [[-101.46784312283363, 20.65019272340897], [-101.46780475950037, 20.65019327225999]], [[-101.46780534259081, 20.65022938263417], [-101.46780475950037, 20.65019327225999]], [[-101.46780475950037, 20.65019327225999], [-101.46776639616586, 20.6501938211025]], [[-101.46776697924726, 20.650229931477725], [-101.46776639616586, 20.6501938211025]], [[-101.46776639616586, 20.6501938211025], [-101.4677280328301, 20.650194369936504]], [[-101.46772861590246, 20.65023048031276], [-101.4677280328301, 20.650194369936504]], [[-101.4677280328301, 20.650194369936504], [-101.4676896694931, 20.650194918761986]], [[-101.46769025255641, 20.65023102913929], [-101.4676896694931, 20.650194918761986]], [[-101.4676896694931, 20.650194918761986], [-101.46765130615482, 20.650195467578957]], [[-101.46765188920911, 20.65023157795731], [-101.46765130615482, 20.650195467578957]], [[-101.46765130615482, 20.650195467578957], [-101.46761294281532, 20.650196016387408]], [[-101.46761352586056, 20.65023212676681], [-101.46761294281532, 20.650196016387408]], [[-101.46761294281532, 20.650196016387408], [-101.46757457947456, 20.650196565187354]], [[-101.46757516251076, 20.6502326755678], [-101.46757457947456, 20.650196565187354]], [[-101.46757457947456, 20.650196565187354], [-101.46753621613254, 20.650197113978784]], [[-101.46753679915969, 20.650233224360274], [-101.46753621613254, 20.650197113978784]], [[-101.46753621613254, 20.650197113978784], [-101.46749785278928, 20.650197662761705]], [[-101.46749843580739, 20.650233773144244], [-101.46749785278928, 20.650197662761705]], [[-101.46749785278928, 20.650197662761705], [-101.46745948944478, 20.650198211536107]], [[-101.46746007245385, 20.650234321919694], [-101.46745948944478, 20.650198211536107]], [[-101.46745948944478, 20.650198211536107], [-101.46742112609901, 20.650198760302]], [[-101.46742170909903, 20.650234870686628], [-101.46742112609901, 20.650198760302]], [[-101.46742112609901, 20.650198760302], [-101.46738276275198, 20.65019930905938]], [[-101.46738334574297, 20.65023541944505], [-101.46738276275198, 20.65019930905938]], [[-101.46738276275198, 20.65019930905938], [-101.46734439940373, 20.65019985780825]], [[-101.46734498238568, 20.650235968194963], [-101.46734439940373, 20.65019985780825]], [[-101.46734439940373, 20.65019985780825], [-101.46730603605421, 20.650200406548603]], [[-101.46730661902711, 20.65023651693636], [-101.46730603605421, 20.650200406548603]], [[-101.46730603605421, 20.650200406548603], [-101.46726767270346, 20.65020095528044]], [[-101.4672682556673, 20.65023706566925], [-101.46726767270346, 20.65020095528044]], [[-101.46726767270346, 20.65020095528044], [-101.46722930935142, 20.650201504003768]], [[-101.46722989230625, 20.650237614393617], [-101.46722930935142, 20.650201504003768]], [[-101.46722930935142, 20.650201504003768], [-101.46719094599817, 20.650202052718587]], [[-101.46719152894396, 20.65023816310948], [-101.46719094599817, 20.650202052718587]], [[-101.46719094599817, 20.650202052718587], [-101.46715258264366, 20.650202601424887]], [[-101.46715316558038, 20.650238711816826], [-101.46715258264366, 20.650202601424887]], [[-101.46715258264366, 20.650202601424887], [-101.4671142192879, 20.65020315012267]], [[-101.46711480221558, 20.650239260515654], [-101.4671142192879, 20.65020315012267]], [[-101.4671142192879, 20.65020315012267], [-101.46707585593087, 20.650203698811946]], [[-101.46707643884953, 20.650239809205974], [-101.46707585593087, 20.650203698811946]], [[-101.46707585593087, 20.650203698811946], [-101.46703749257262, 20.65020424749271]], [[-101.46703807548222, 20.650240357887782], [-101.46703749257262, 20.65020424749271]], [[-101.46703749257262, 20.65020424749271], [-101.46699912921311, 20.650204796164957]], [[-101.46699971211366, 20.650240906561077], [-101.46699912921311, 20.650204796164957]], [[-101.46699912921311, 20.650204796164957], [-101.46696076585233, 20.650205344828695]], [[-101.46696134874385, 20.650241455225856], [-101.46696076585233, 20.650205344828695]], [[-101.46696076585233, 20.650205344828695], [-101.46692240249031, 20.650205893483918]], [[-101.4669229853728, 20.650242003882127], [-101.46692240249031, 20.650205893483918]], [[-101.46692240249031, 20.650205893483918], [-101.46688403912705, 20.65020644213063]], [[-101.46688462200049, 20.65024255252988], [-101.46688403912705, 20.65020644213063]], [[-101.46688403912705, 20.65020644213063], [-101.46684567576253, 20.650206990768822]], [[-101.46684625862694, 20.65024310116912], [-101.46684567576253, 20.650206990768822]], [[-101.46684567576253, 20.650206990768822], [-101.46680731239677, 20.65020753939851]], [[-101.46680789525213, 20.650243649799854], [-101.46680731239677, 20.65020753939851]], [[-101.46680731239677, 20.65020753939851], [-101.46676894902976, 20.650208088019678]], [[-101.46676953187608, 20.650244198422065], [-101.46676894902976, 20.650208088019678]], [[-101.46799657615416, 20.65019052791975], [-101.46799599301976, 20.650154417550635]], [[-101.46799599301976, 20.650154417550635], [-101.46795762970054, 20.650154966434666]], [[-101.4679582128259, 20.650191076804823], [-101.46795762970054, 20.650154966434666]], [[-101.46795762970054, 20.650154966434666], [-101.46791926638006, 20.650155515310182]], [[-101.46791984949638, 20.650191625681387], [-101.46791926638006, 20.650155515310182]], [[-101.46791926638006, 20.650155515310182], [-101.46788090305836, 20.65015606417719]], [[-101.46788148616564, 20.65019217454944], [-101.46788090305836, 20.65015606417719]], [[-101.46788090305836, 20.65015606417719], [-101.46784253973539, 20.65015661303568]], [[-101.46784312283363, 20.65019272340897], [-101.46784253973539, 20.65015661303568]], [[-101.46784253973539, 20.65015661303568], [-101.46780417641118, 20.650157161885655]], [[-101.46780475950037, 20.65019327225999], [-101.46780417641118, 20.650157161885655]], [[-101.46780417641118, 20.650157161885655], [-101.4677658130857, 20.650157710727115]], [[-101.46776639616586, 20.6501938211025], [-101.4677658130857, 20.650157710727115]], [[-101.4677658130857, 20.650157710727115], [-101.46772744975898, 20.65015825956007]], [[-101.4677280328301, 20.650194369936504], [-101.46772744975898, 20.65015825956007]], [[-101.46772744975898, 20.65015825956007], [-101.46768908643102, 20.650158808384507]], [[-101.4676896694931, 20.650194918761986], [-101.46768908643102, 20.650158808384507]], [[-101.46768908643102, 20.650158808384507], [-101.4676507231018, 20.650159357200433]], [[-101.46765130615482, 20.650195467578957], [-101.4676507231018, 20.650159357200433]], [[-101.4676507231018, 20.650159357200433], [-101.46761235977132, 20.650159906007847]], [[-101.46761294281532, 20.650196016387408], [-101.46761235977132, 20.650159906007847]], [[-101.46761235977132, 20.650159906007847], [-101.46757399643961, 20.650160454806745]], [[-101.46757457947456, 20.650196565187354], [-101.46757399643961, 20.650160454806745]], [[-101.46757399643961, 20.650160454806745], [-101.46753563310664, 20.65016100359713]], [[-101.46753621613254, 20.650197113978784], [-101.46753563310664, 20.65016100359713]], [[-101.46753563310664, 20.65016100359713], [-101.46749726977242, 20.650161552379007]], [[-101.46749785278928, 20.650197662761705], [-101.46749726977242, 20.650161552379007]], [[-101.46749726977242, 20.650161552379007], [-101.46745890643695, 20.650162101152365]], [[-101.46745948944478, 20.650198211536107], [-101.46745890643695, 20.650162101152365]], [[-101.46745890643695, 20.650162101152365], [-101.46742054310022, 20.65016264991721]], [[-101.46742112609901, 20.650198760302], [-101.46742054310022, 20.65016264991721]], [[-101.46742054310022, 20.65016264991721], [-101.46738217976225, 20.650163198673546]], [[-101.46738276275198, 20.65019930905938], [-101.46738217976225, 20.650163198673546]], [[-101.46738217976225, 20.650163198673546], [-101.46734381642304, 20.65016374742137]], [[-101.46734439940373, 20.65019985780825], [-101.46734381642304, 20.65016374742137]], [[-101.46734381642304, 20.65016374742137], [-101.46730545308256, 20.65016429616067]], [[-101.46730603605421, 20.650200406548603], [-101.46730545308256, 20.65016429616067]], [[-101.46730545308256, 20.65016429616067], [-101.46726708974084, 20.65016484489147]], [[-101.46726767270346, 20.65020095528044], [-101.46726708974084, 20.65016484489147]], [[-101.46726708974084, 20.65016484489147], [-101.46722872639786, 20.650165393613754]], [[-101.46722930935142, 20.650201504003768], [-101.46722872639786, 20.650165393613754]], [[-101.46722872639786, 20.650165393613754], [-101.46719036305365, 20.650165942327522]], [[-101.46719094599817, 20.650202052718587], [-101.46719036305365, 20.650165942327522]], [[-101.46719036305365, 20.650165942327522], [-101.46715199970818, 20.650166491032778]], [[-101.46715258264366, 20.650202601424887], [-101.46715199970818, 20.650166491032778]], [[-101.46715199970818, 20.650166491032778], [-101.46711363636146, 20.65016703972952]], [[-101.4671142192879, 20.65020315012267], [-101.46711363636146, 20.65016703972952]], [[-101.46711363636146, 20.65016703972952], [-101.46707527301348, 20.650167588417755]], [[-101.46707585593087, 20.650203698811946], [-101.46707527301348, 20.650167588417755]], [[-101.46707527301348, 20.650167588417755], [-101.46703690966426, 20.650168137097474]], [[-101.46703749257262, 20.65020424749271], [-101.46703690966426, 20.650168137097474]], [[-101.46703690966426, 20.650168137097474], [-101.46699854631379, 20.650168685768673]], [[-101.46699912921311, 20.650204796164957], [-101.46699854631379, 20.650168685768673]], [[-101.46699854631379, 20.650168685768673], [-101.46696018296205, 20.650169234431363]], [[-101.46696076585233, 20.650205344828695], [-101.46696018296205, 20.650169234431363]], [[-101.46696018296205, 20.650169234431363], [-101.46692181960908, 20.65016978308554]], [[-101.46692240249031, 20.650205893483918], [-101.46692181960908, 20.65016978308554]], [[-101.46692181960908, 20.65016978308554], [-101.46688345625488, 20.65017033173121]], [[-101.46688403912705, 20.65020644213063], [-101.46688345625488, 20.65017033173121]], [[-101.46688345625488, 20.65017033173121], [-101.46684509289939, 20.65017088036836]], [[-101.46684567576253, 20.650206990768822], [-101.46684509289939, 20.65017088036836]], [[-101.46684509289939, 20.65017088036836], [-101.46680672954267, 20.650171428996998]], [[-101.46680731239677, 20.65020753939851], [-101.46680672954267, 20.650171428996998]], [[-101.46799599301976, 20.650154417550635], [-101.46799540988658, 20.65011830718135]], [[-101.46799540988658, 20.65011830718135], [-101.46795704657643, 20.650118856064335]], [[-101.46795762970054, 20.650154966434666], [-101.46795704657643, 20.650118856064335]], [[-101.46795704657643, 20.650118856064335], [-101.467918683265, 20.65011940493881]], [[-101.46791926638006, 20.650155515310182], [-101.467918683265, 20.65011940493881]], [[-101.467918683265, 20.65011940493881], [-101.46788031995233, 20.650119953804765]], [[-101.46788090305836, 20.65015606417719], [-101.46788031995233, 20.650119953804765]], [[-101.46788031995233, 20.650119953804765], [-101.4678419566384, 20.65012050266221]], [[-101.46784253973539, 20.65015661303568], [-101.4678419566384, 20.65012050266221]], [[-101.4678419566384, 20.65012050266221], [-101.46780359332323, 20.650121051511146]], [[-101.46780417641118, 20.650157161885655], [-101.46780359332323, 20.650121051511146]], [[-101.46780359332323, 20.650121051511146], [-101.4677652300068, 20.650121600351564]], [[-101.4677658130857, 20.650157710727115], [-101.4677652300068, 20.650121600351564]], [[-101.4677652300068, 20.650121600351564], [-101.46772686668912, 20.65012214918347]], [[-101.46772744975898, 20.65015825956007], [-101.46772686668912, 20.65012214918347]], [[-101.46772686668912, 20.65012214918347], [-101.4676885033702, 20.65012269800686]], [[-101.46768908643102, 20.650158808384507], [-101.4676885033702, 20.65012269800686]], [[-101.4676885033702, 20.65012269800686], [-101.46765014005003, 20.650123246821746]], [[-101.4676507231018, 20.650159357200433], [-101.46765014005003, 20.650123246821746]], [[-101.46765014005003, 20.650123246821746], [-101.46761177672859, 20.65012379562811]], [[-101.46761235977132, 20.650159906007847], [-101.46761177672859, 20.65012379562811]], [[-101.46761177672859, 20.65012379562811], [-101.46757341340592, 20.650124344425965]], [[-101.46757399643961, 20.650160454806745], [-101.46757341340592, 20.650124344425965]], [[-101.46757341340592, 20.650124344425965], [-101.46753505008199, 20.65012489321531]], [[-101.46753563310664, 20.65016100359713], [-101.46753505008199, 20.65012489321531]], [[-101.46753505008199, 20.65012489321531], [-101.46749668675682, 20.65012544199613]], [[-101.46749726977242, 20.650161552379007], [-101.46749668675682, 20.65012544199613]], [[-101.46749668675682, 20.65012544199613], [-101.46745832343038, 20.650125990768448]], [[-101.46745890643695, 20.650162101152365], [-101.46745832343038, 20.650125990768448]], [[-101.46745832343038, 20.650125990768448], [-101.4674199601027, 20.650126539532256]], [[-101.46742054310022, 20.65016264991721], [-101.4674199601027, 20.650126539532256]], [[-101.4674199601027, 20.650126539532256], [-101.46738159677378, 20.65012708828754]], [[-101.46738217976225, 20.650163198673546], [-101.46738159677378, 20.65012708828754]], [[-101.46738159677378, 20.65012708828754], [-101.4673432334436, 20.65012763703432]], [[-101.46734381642304, 20.65016374742137], [-101.4673432334436, 20.65012763703432]], [[-101.4673432334436, 20.65012763703432], [-101.46730487011216, 20.65012818577258]], [[-101.46730545308256, 20.65016429616067], [-101.46730487011216, 20.65012818577258]], [[-101.46730487011216, 20.65012818577258], [-101.46726650677948, 20.650128734502335]], [[-101.46726708974084, 20.65016484489147], [-101.46726650677948, 20.650128734502335]], [[-101.46726650677948, 20.650128734502335], [-101.46722814344555, 20.65012928322357]], [[-101.46722872639786, 20.650165393613754], [-101.46722814344555, 20.65012928322357]], [[-101.46722814344555, 20.65012928322357], [-101.46718978011037, 20.650129831936297]], [[-101.46719036305365, 20.650165942327522], [-101.46718978011037, 20.650129831936297]], [[-101.46718978011037, 20.650129831936297], [-101.46715141677393, 20.650130380640505]], [[-101.46715199970818, 20.650166491032778], [-101.46715141677393, 20.650130380640505]], [[-101.46715141677393, 20.650130380640505], [-101.46711305343626, 20.650130929336203]], [[-101.46711363636146, 20.65016703972952], [-101.46711305343626, 20.650130929336203]], [[-101.46711305343626, 20.650130929336203], [-101.46707469009733, 20.65013147802339]], [[-101.46707527301348, 20.650167588417755], [-101.46707469009733, 20.65013147802339]], [[-101.46707469009733, 20.65013147802339], [-101.46703632675714, 20.65013202670206]], [[-101.46703690966426, 20.650168137097474], [-101.46703632675714, 20.65013202670206]], [[-101.46703632675714, 20.65013202670206], [-101.46699796341572, 20.650132575372226]], [[-101.46699854631379, 20.650168685768673], [-101.46699796341572, 20.650132575372226]], [[-101.46699796341572, 20.650132575372226], [-101.46695960007304, 20.650133124033868]], [[-101.46696018296205, 20.650169234431363], [-101.46695960007304, 20.650133124033868]], [[-101.46695960007304, 20.650133124033868], [-101.4669212367291, 20.650133672687]], [[-101.46692181960908, 20.65016978308554], [-101.4669212367291, 20.650133672687]], [[-101.4669212367291, 20.650133672687], [-101.46688287338392, 20.650134221331623]], [[-101.46688345625488, 20.65017033173121], [-101.46688287338392, 20.650134221331623]], [[-101.46688287338392, 20.650134221331623], [-101.46684451003749, 20.650134769967725]], [[-101.46684509289939, 20.65017088036836], [-101.46684451003749, 20.650134769967725]], [[-101.46799540988658, 20.65011830718135], [-101.46799482675469, 20.650082196811905]], [[-101.46799482675469, 20.650082196811905], [-101.46795646345355, 20.65008274569384]], [[-101.46795704657643, 20.650118856064335], [-101.46795646345355, 20.65008274569384]], [[-101.46795646345355, 20.65008274569384], [-101.46791810015117, 20.65008329456727]], [[-101.467918683265, 20.65011940493881], [-101.46791810015117, 20.65008329456727]], [[-101.46791810015117, 20.65008329456727], [-101.46787973684755, 20.65008384343218]], [[-101.46788031995233, 20.650119953804765], [-101.46787973684755, 20.65008384343218]], [[-101.46787973684755, 20.65008384343218], [-101.46784137354265, 20.65008439228858]], [[-101.4678419566384, 20.65012050266221], [-101.46784137354265, 20.65008439228858]], [[-101.46784137354265, 20.65008439228858], [-101.46780301023652, 20.650084941136466]], [[-101.46780359332323, 20.650121051511146], [-101.46780301023652, 20.650084941136466]], [[-101.46780301023652, 20.650084941136466], [-101.46776464692914, 20.650085489975844]], [[-101.4677652300068, 20.650121600351564], [-101.46776464692914, 20.650085489975844]], [[-101.46776464692914, 20.650085489975844], [-101.46772628362051, 20.650086038806702]], [[-101.46772686668912, 20.65012214918347], [-101.46772628362051, 20.650086038806702]], [[-101.46772628362051, 20.650086038806702], [-101.46768792031062, 20.65008658762905]], [[-101.4676885033702, 20.65012269800686], [-101.46768792031062, 20.65008658762905]], [[-101.46768792031062, 20.65008658762905], [-101.46764955699949, 20.650087136442885]], [[-101.46765014005003, 20.650123246821746], [-101.46764955699949, 20.650087136442885]], [[-101.46764955699949, 20.650087136442885], [-101.4676111936871, 20.650087685248206]], [[-101.46761177672859, 20.65012379562811], [-101.4676111936871, 20.650087685248206]], [[-101.4676111936871, 20.650087685248206], [-101.46757283037347, 20.65008823404502]], [[-101.46757341340592, 20.650124344425965], [-101.46757283037347, 20.65008823404502]], [[-101.46757283037347, 20.65008823404502], [-101.46753446705858, 20.65008878283331]], [[-101.46753505008199, 20.65012489321531], [-101.46753446705858, 20.65008878283331]], [[-101.46753446705858, 20.65008878283331], [-101.46749610374245, 20.650089331613096]], [[-101.46749668675682, 20.65012544199613], [-101.46749610374245, 20.650089331613096]], [[-101.46749610374245, 20.650089331613096], [-101.46745774042506, 20.650089880384368]], [[-101.46745832343038, 20.650125990768448], [-101.46745774042506, 20.650089880384368]], [[-101.46745774042506, 20.650089880384368], [-101.46741937710642, 20.650090429147127]], [[-101.4674199601027, 20.650126539532256], [-101.46741937710642, 20.650090429147127]], [[-101.46741937710642, 20.650090429147127], [-101.46738101378654, 20.65009097790137]], [[-101.46738159677378, 20.65012708828754], [-101.46738101378654, 20.65009097790137]], [[-101.46738101378654, 20.65009097790137], [-101.4673426504654, 20.650091526647095]], [[-101.4673432334436, 20.65012763703432], [-101.4673426504654, 20.650091526647095]], [[-101.4673426504654, 20.650091526647095], [-101.46730428714301, 20.650092075384315]], [[-101.46730487011216, 20.65012818577258], [-101.46730428714301, 20.650092075384315]], [[-101.46730428714301, 20.650092075384315], [-101.46726592381937, 20.650092624113025]], [[-101.46726650677948, 20.650128734502335], [-101.46726592381937, 20.650092624113025]], [[-101.46726592381937, 20.650092624113025], [-101.46722756049448, 20.650093172833216]], [[-101.46722814344555, 20.65012928322357], [-101.46722756049448, 20.650093172833216]], [[-101.46722756049448, 20.650093172833216], [-101.46718919716835, 20.650093721544895]], [[-101.46718978011037, 20.650129831936297], [-101.46718919716835, 20.650093721544895]], [[-101.46718919716835, 20.650093721544895], [-101.46715083384096, 20.650094270248065]], [[-101.46715141677393, 20.650130380640505], [-101.46715083384096, 20.650094270248065]], [[-101.46715083384096, 20.650094270248065], [-101.46711247051232, 20.650094818942716]], [[-101.46711305343626, 20.650130929336203], [-101.46711247051232, 20.650094818942716]], [[-101.46711247051232, 20.650094818942716], [-101.46707410718244, 20.65009536762886]], [[-101.46707469009733, 20.65013147802339], [-101.46707410718244, 20.65009536762886]], [[-101.46707410718244, 20.65009536762886], [-101.46703574385128, 20.650095916306483]], [[-101.46703632675714, 20.65013202670206], [-101.46703574385128, 20.650095916306483]], [[-101.46703574385128, 20.650095916306483], [-101.4669973805189, 20.650096464975597]], [[-101.46699796341572, 20.650132575372226], [-101.4669973805189, 20.650096464975597]], [[-101.4669973805189, 20.650096464975597], [-101.46695901718526, 20.6500970136362]], [[-101.46695960007304, 20.650133124033868], [-101.46695901718526, 20.6500970136362]], [[-101.46799482675469, 20.650082196811905], [-101.46799424362403, 20.650046086442284]], [[-101.46799424362403, 20.650046086442284], [-101.46795588033194, 20.65004663532318]], [[-101.46795646345355, 20.65008274569384], [-101.46795588033194, 20.65004663532318]], [[-101.46795588033194, 20.65004663532318], [-101.4679175170386, 20.650047184195557]], [[-101.46791810015117, 20.65008329456727], [-101.4679175170386, 20.650047184195557]], [[-101.4679175170386, 20.650047184195557], [-101.46787915374401, 20.650047733059427]], [[-101.46787973684755, 20.65008384343218], [-101.46787915374401, 20.650047733059427]], [[-101.46787915374401, 20.650047733059427], [-101.46784079044818, 20.650048281914778]], [[-101.46784137354265, 20.65008439228858], [-101.46784079044818, 20.650048281914778]], [[-101.46784079044818, 20.650048281914778], [-101.46780242715108, 20.65004883076162]], [[-101.46780301023652, 20.650084941136466], [-101.46780242715108, 20.65004883076162]], [[-101.46780242715108, 20.65004883076162], [-101.46776406385274, 20.650049379599952]], [[-101.46776464692914, 20.650085489975844], [-101.46776406385274, 20.650049379599952]], [[-101.46776406385274, 20.650049379599952], [-101.46772570055315, 20.65004992842977]], [[-101.46772628362051, 20.650086038806702], [-101.46772570055315, 20.65004992842977]], [[-101.46772570055315, 20.65004992842977], [-101.4676873372523, 20.650050477251074]], [[-101.46768792031062, 20.65008658762905], [-101.4676873372523, 20.650050477251074]], [[-101.4676873372523, 20.650050477251074], [-101.46764897395022, 20.650051026063863]], [[-101.46764955699949, 20.650087136442885], [-101.46764897395022, 20.650051026063863]], [[-101.46764897395022, 20.650051026063863], [-101.46761061064687, 20.650051574868137]], [[-101.4676111936871, 20.650087685248206], [-101.46761061064687, 20.650051574868137]], [[-101.46761061064687, 20.650051574868137], [-101.46757224734228, 20.650052123663905]], [[-101.46757283037347, 20.65008823404502], [-101.46757224734228, 20.650052123663905]], [[-101.46757224734228, 20.650052123663905], [-101.46753388403644, 20.650052672451153]], [[-101.46753446705858, 20.65008878283331], [-101.46753388403644, 20.650052672451153]], [[-101.46753388403644, 20.650052672451153], [-101.46749552072933, 20.65005322122989]], [[-101.46749610374245, 20.650089331613096], [-101.46749552072933, 20.65005322122989]], [[-101.46749552072933, 20.65005322122989], [-101.467457157421, 20.650053770000117]], [[-101.46745774042506, 20.650089880384368], [-101.467457157421, 20.650053770000117]], [[-101.467457157421, 20.650053770000117], [-101.4674187941114, 20.650054318761832]], [[-101.46741937710642, 20.650090429147127], [-101.4674187941114, 20.650054318761832]], [[-101.4674187941114, 20.650054318761832], [-101.46738043080056, 20.650054867515028]], [[-101.46738101378654, 20.65009097790137], [-101.46738043080056, 20.650054867515028]], [[-101.46738043080056, 20.650054867515028], [-101.46734206748846, 20.650055416259715]], [[-101.4673426504654, 20.650091526647095], [-101.46734206748846, 20.650055416259715]], [[-101.46734206748846, 20.650055416259715], [-101.46730370417511, 20.650055964995886]], [[-101.46730428714301, 20.650092075384315], [-101.46730370417511, 20.650055964995886]], [[-101.46730370417511, 20.650055964995886], [-101.46726534086051, 20.65005651372355]], [[-101.46726592381937, 20.650092624113025], [-101.46726534086051, 20.65005651372355]], [[-101.46726534086051, 20.65005651372355], [-101.46722697754466, 20.6500570624427]], [[-101.46722756049448, 20.650093172833216], [-101.46722697754466, 20.6500570624427]], [[-101.46799424362403, 20.650046086442284], [-101.46799366049463, 20.6500099760725]], [[-101.46799366049463, 20.6500099760725], [-101.46795529721157, 20.65001052495235]], [[-101.46795588033194, 20.65004663532318], [-101.46795529721157, 20.65001052495235]], [[-101.46795529721157, 20.65001052495235], [-101.46791693392728, 20.650011073823684]], [[-101.4679175170386, 20.650047184195557], [-101.46791693392728, 20.650011073823684]], [[-101.46791693392728, 20.650011073823684], [-101.46787857064173, 20.650011622686506]], [[-101.46787915374401, 20.650047733059427], [-101.46787857064173, 20.650011622686506]], [[-101.46787857064173, 20.650011622686506], [-101.46784020735494, 20.65001217154082]], [[-101.46784079044818, 20.650048281914778], [-101.46784020735494, 20.65001217154082]], [[-101.46784020735494, 20.65001217154082], [-101.46780184406688, 20.650012720386613]], [[-101.46780242715108, 20.65004883076162], [-101.46780184406688, 20.650012720386613]], [[-101.46780184406688, 20.650012720386613], [-101.46776348077759, 20.650013269223898]], [[-101.46776406385274, 20.650049379599952], [-101.46776348077759, 20.650013269223898]], [[-101.46776348077759, 20.650013269223898], [-101.46772511748703, 20.65001381805267]], [[-101.46772570055315, 20.65004992842977], [-101.46772511748703, 20.65001381805267]], [[-101.46772511748703, 20.65001381805267], [-101.46768675419523, 20.650014366872927]], [[-101.4676873372523, 20.650050477251074], [-101.46768675419523, 20.650014366872927]], [[-101.46768675419523, 20.650014366872927], [-101.46764839090218, 20.65001491568467]], [[-101.46764897395022, 20.650051026063863], [-101.46764839090218, 20.65001491568467]], [[-101.46764839090218, 20.65001491568467], [-101.46761002760788, 20.650015464487904]], [[-101.46761061064687, 20.650051574868137], [-101.46761002760788, 20.650015464487904]], [[-101.46761002760788, 20.650015464487904], [-101.46757166431233, 20.65001601328262]], [[-101.46757224734228, 20.650052123663905], [-101.46757166431233, 20.65001601328262]], [[-101.46757166431233, 20.65001601328262], [-101.46753330101552, 20.650016562068824]], [[-101.46753388403644, 20.650052672451153], [-101.46753330101552, 20.650016562068824]], [[-101.46753330101552, 20.650016562068824], [-101.46749493771748, 20.650017110846527]], [[-101.46749552072933, 20.65005322122989], [-101.46749493771748, 20.650017110846527]], [[-101.46749493771748, 20.650017110846527], [-101.46745657441818, 20.650017659615703]], [[-101.467457157421, 20.650053770000117], [-101.46745657441818, 20.650017659615703]], [[-101.46795529721157, 20.65001052495235], [-101.46795471409246, 20.64997441458135]], [[-101.46795471409246, 20.64997441458135], [-101.4679163508172, 20.649974963451648]], [[-101.46791693392728, 20.650011073823684], [-101.4679163508172, 20.649974963451648]], [[-101.4679163508172, 20.649974963451648], [-101.4678779875407, 20.649975512313425]], [[-101.46787857064173, 20.650011622686506], [-101.4678779875407, 20.649975512313425]], [[-101.4678779875407, 20.649975512313425], [-101.46783962426294, 20.64997606116669]], [[-101.46784020735494, 20.65001217154082], [-101.46783962426294, 20.64997606116669]], [[-101.46783962426294, 20.64997606116669], [-101.46780126098395, 20.64997661001144]], [[-101.46780184406688, 20.650012720386613], [-101.46780126098395, 20.64997661001144]], [[-101.46780126098395, 20.64997661001144], [-101.46776289770368, 20.64997715884768]], [[-101.46776348077759, 20.650013269223898], [-101.46776289770368, 20.64997715884768]], [[-101.46776289770368, 20.64997715884768], [-101.46772453442217, 20.649977707675404]], [[-101.46772511748703, 20.65001381805267], [-101.46772453442217, 20.649977707675404]]]}}]}